time_s,north_m,east_m,body_yaw_rad,course_angle_rad,vx_mps,vy_mps,speed_mps,reference_north_m,reference_east_m,position_error_m,target_north_m,target_east_m,desired_heading_rad,heading_error_rad,speed_error_mps,left_thrust,right_thrust,controller_state
0.0,161.88570009337232,-531.8965275091105,0.5708019367777963,-2.605982925758027,-0.007838687635065414,-0.0028347405741426853,0.008335513059363425,163.0,-531.0,1.4301838540908829,166.5,-531.0,0.19190236524823354,-0.3788995715295628,0.9916644869406366,0.0,0.0,TRACK
0.052,161.88934147553283,-531.8941469268917,0.5708002937932077,-2.605982925758027,0.01941415604063655,0.014180568175979484,0.02404158831200191,163.0,-531.0,1.4258545104047256,166.5,-531.0,0.19155266806964882,-0.3792476257235589,0.9759584116879981,0.0,0.0,TRACK
0.1,161.89286646370894,-531.8918556777866,0.5707981776156505,-2.605982925758027,0.038322240210551736,0.02592439403947998,0.046267356754729934,163.0,-531.0,1.4216719794595658,166.5,-531.0,0.19121634676131227,-0.3795818308543383,0.9537326432452701,208.89361390893558,328.7732932178244,TRACK
0.152,161.8980356837115,-531.8887147194094,0.5706410177007528,0.5667239738641251,0.05970228307714652,0.037991922125484495,0.0707654488533254,163.0,-531.0,1.4156762365979736,166.5,-531.0,0.1907680242478174,-0.3798729934529354,0.9292345511466746,208.89361390893558,328.7732932178244,TRACK
0.2,161.90475084691786,-531.8842148151203,0.5700338425897181,0.5800129157007612,0.08777121571322741,0.0575065514896219,0.10493231042918302,163.0,-531.0,1.407624433791003,166.5,-531.0,0.190095952900351,-0.37993788968936715,0.895067689570817,182.56692147106656,306.1895132353009,TRACK
0.252,161.91383526558724,-531.8777208651107,0.568792023049701,0.6013014098352263,0.11819641587284835,0.08108853737901567,0.1433378652675396,163.0,-531.0,1.3964769054061372,166.5,-531.0,0.18909787183240165,-0.3796941512172993,0.8566621347324603,182.56692147106656,306.1895132353009,TRACK
0.296,161.9239839061909,-531.8701775746878,0.5676553582058239,0.6201454228215952,0.15082817471903842,0.10771070863053722,0.18533951290205028,163.0,-531.0,1.3838423485446933,166.5,-531.0,0.18791686375953365,-0.37973849444629026,0.8146604870979497,156.07581901931192,280.08503753284674,TRACK
0.352,161.93728105892743,-531.8601591717811,0.5659843056796181,0.6324553287573599,0.18753838006323037,0.13744351863549092,0.2325109993347523,163.0,-531.0,1.3672034773630344,166.5,-531.0,0.18633215194824024,-0.37965215373137784,0.7674890006652477,156.07581901931192,280.08503753284674,TRACK
0.4,161.9522025307563,-531.8490005533066,0.5638164917856388,0.6370240509961549,0.23070234579328003,0.17070321348960643,0.28698982464575346,163.0,-531.0,1.348584990302221,166.5,-531.0,0.18455944708993943,-0.3792570446956993,0.7130101753542466,126.29308328342032,252.77554528265418,TRACK
0.452,161.9716396925875,-531.8347289621291,0.5615015730784323,0.6353099306107406,0.28078357555259625,0.20701587553971573,0.3488480887515017,163.0,-531.0,1.3244989098065385,166.5,-531.0,0.1822873432647933,-0.379214229813639,0.6511519112484982,126.29308328342032,252.77554528265418,TRACK
0.5,161.99269696158223,-531.8195692948601,0.5582036178017571,0.6301537847050207,0.33605191052905103,0.24509955960406787,0.4159383135614383,163.0,-531.0,1.298596642642814,166.5,-531.0,0.17986631067474465,-0.3783373071270124,0.5840616864385617,86.96927414518308,214.6421685205308,TRACK
0.552,162.0184757719778,-531.8012752426238,0.5550028616803091,0.6244386069776394,0.3919449656601841,0.2824477576411024,0.4831124008994696,163.0,-531.0,1.2670563620598658,166.5,-531.0,0.1769257520308686,-0.3780771096494405,0.5168875991005304,86.96927414518308,214.6421685205308,TRACK
0.6,162.044405180384,-531.7830013158633,0.5523365449393711,0.6199733888928392,0.44383283064098844,0.31683842509505217,0.5453202446008265,163.0,-531.0,1.2354159299283138,166.5,-531.0,0.17395816211742152,-0.3783783828219496,0.4546797553991735,45.45868995688208,173.4396391304756,TRACK
0.652,162.07390807307561,-531.7621483099059,0.5489164548329433,0.6180650298714654,0.48706850226411513,0.3463017471789389,0.5976291709722628,163.0,-531.0,1.1993816337625642,166.5,-531.0,0.1705221585943045,-0.37839429623863874,0.40237082902773724,45.45868995688208,173.4396391304756,TRACK
0.7,162.1017634371672,-531.7423326632829,0.5449553930203102,0.618164824594733,0.5197065563061037,0.36958522562559415,0.6377210547475054,163.0,-531.0,1.1652839592933615,166.5,-531.0,0.1672038096552831,-0.37775158336502707,0.3622789452524946,16.333611065432237,149.75413416887375,TRACK
0.752,162.13199578373266,-531.7205328363173,0.5410709571082435,0.6206406477283888,0.5412962096357818,0.38696000123320684,0.6653868266808922,163.0,-531.0,1.1280952476051265,166.5,-531.0,0.16348475033806145,-0.37758620677018206,0.3346131733191078,16.333611065432237,149.75413416887375,TRACK
0.8,162.15965176816317,-531.7003615571691,0.5366189888941177,0.6241250166891834,0.5535007560690584,0.398606244590135,0.682092387580502,163.0,-531.0,1.0939339383672275,166.5,-531.0,0.15998169928673686,-0.37663728960738085,0.31790761241949805,9.882343470021794,142.78456420255316,TRACK
0.852,162.18924391419796,-531.6785479018333,0.5322994825326923,0.6280999078958424,0.5589533974482618,0.4059167391283336,0.6907946870261338,163.0,-531.0,1.0572382350953144,166.5,-531.0,0.15612703643943393,-0.3761724460932584,0.3092053129738662,9.882343470021794,142.78456420255316,TRACK
0.896,162.21629062275176,-531.6584914626288,0.5266377973050456,0.6316243729435682,0.560535291546143,0.4100907496328622,0.6945316666669435,163.0,-531.0,1.0236265893097376,166.5,-531.0,0.1525260108787844,-0.3741117864262612,0.30546833333305645,13.495206987459383,146.8118281839553,TRACK
0.952,162.24550977381347,-531.6368007074267,0.5215108294933894,0.6340727022865739,0.5610153024203495,0.41255445496809817,0.6963758668017013,163.0,-531.0,0.9873047363353095,166.5,-531.0,0.14857435607043304,-0.37293647342295644,0.30362413319829873,13.495206987459383,146.8118281839553,TRACK
1.0,162.2725584961834,-531.6167361343512,0.5174366879500423,0.6355343034690244,0.5618902138539394,0.41446457440479445,0.6982130733962042,163.0,-531.0,0.9536952348048144,166.5,-531.0,0.1448667552788275,-0.37256993267121474,0.3017869266037958,13.495206987459383,146.8118281839553,TRACK
1.052,162.30203308866797,-531.5949067165153,0.5124113934469234,0.6362161492834544,0.5636153191897041,0.4163307472584265,0.7007092971682849,163.0,-531.0,0.9170996732468092,166.5,-531.0,0.14077566952777756,-0.3716357239191459,0.2992907028317151,18.468978419805964,148.97297949382715,TRACK
1.1,162.32935911889703,-531.574637730919,0.506815422515001,0.6369149396513709,0.565602261226887,0.4184096723577899,0.703542871350084,163.0,-531.0,0.8831578076438528,166.5,-531.0,0.13691956378317424,-0.36989585873182673,0.296457128649916,14.699158052942849,151.1464312201815,TRACK
1.152,162.35894688610776,-531.5525584629851,0.5001634409547013,0.6383826225913284,0.5667899029466077,0.4205767442800907,0.705787214329833,163.0,-531.0,0.8463273302023085,166.5,-531.0,0.13265071967962383,-0.3675127212750775,0.29421278567016695,14.699158052942849,151.1464312201815,TRACK
1.2,162.3861262375952,-531.5321060797801,0.4946896839982071,0.6407389462312609,0.5665962081778287,0.4225068446518301,0.7067837695498809,163.0,-531.0,0.8123902241582903,166.5,-531.0,0.1286301371360197,-0.36605954686218745,0.29321623045011913,15.83578899518264,146.99135895727446,TRACK
1.252,162.41535304843515,-531.5099206425932,0.49003848360935676,0.6437272383988496,0.5650064544306939,0.42395450701219206,0.7063778858120451,163.0,-531.0,0.7757777514963605,166.5,-531.0,0.12419584200343765,-0.3658426416059191,0.2936221141879549,15.83578899518264,146.99135895727446,TRACK
1.3,162.44214724849232,-531.4894317977522,0.4829300950486273,0.6469013478362713,0.5626285707968003,0.4249682565235311,0.7050878865286936,163.0,-531.0,0.7421207294070546,166.5,-531.0,0.12003366696976524,-0.362896428078862,0.2949121134713064,13.4270320368108,151.50253255167723,TRACK
1.352,162.47110232150186,-531.4671875919655,0.4781000227104226,0.64975186528503,0.5605984855052177,0.42594998261235206,0.704062532477199,163.0,-531.0,0.70568902528469,166.5,-531.0,0.11544356447115048,-0.3626564582392722,0.29593746752280103,13.4270320368108,151.50253255167723,TRACK
1.4,162.4979606061555,-531.4465596818762,0.4717060077146813,0.6515699770503242,0.5602306745110927,0.4272793330989874,0.7045750755999458,163.0,-531.0,0.6719070638482469,166.5,-531.0,0.11112336080896879,-0.3605826469057125,0.2954249244000542,15.973605918491756,151.857669357563,TRACK
1.452,162.52746610589264,-531.4240335404885,0.46569844362500773,0.6517419867986515,0.5627446482015233,0.4293498258549219,0.7078296490265916,163.0,-531.0,0.6348958375509095,166.5,-531.0,0.10633868299921666,-0.35935976062579106,0.2921703509734084,15.973605918491756,151.857669357563,TRACK
1.5,162.555284672359,-531.4029896477614,0.4580630872538949,0.6502776052933623,0.568627735148133,0.43252243794085465,0.7144320545034327,163.0,-531.0,0.6001436318429904,166.5,-531.0,0.10180618611061741,-0.35625690114327746,0.2855679454965673,13.067522414879377,149.76041308238263,TRACK
1.552,162.5861496189999,-531.3798617472793,0.4513390586405101,0.6476929868224229,0.5773528610063104,0.4368081455988275,0.723973536929119,163.0,-531.0,0.5617535802288979,166.5,-531.0,0.09675272770560077,-0.3545863309349093,0.27602646307088097,13.067522414879377,149.76041308238263,TRACK
1.6,162.61527542264454,-531.3582151612861,0.44504924928466383,0.6446150902947453,0.587655011229545,0.4417649841726462,0.7351834556518904,163.0,-531.0,0.5256720481408339,166.5,-531.0,0.09195118277545124,-0.3530980665092126,0.26481654434810964,6.883147857266195,140.93102888449755,TRACK
1.652,162.6472768995578,-531.3345117848231,0.4397541887059695,0.6420655062082861,0.5973703134460877,0.4466891966747477,0.7459105374055313,163.0,-531.0,0.48611903868405715,166.5,-531.0,0.0866075710518658,-0.3531466176541037,0.25408946259446874,6.883147857266195,140.93102888449755,TRACK
1.7,162.6769550860052,-531.3125393492722,0.43280677524950195,0.6403641540552427,0.6046941465855709,0.4505636537304104,0.7540972198448612,163.0,-531.0,0.44948733163619703,166.5,-531.0,0.08157002359306238,-0.3512367516564396,0.24590278015513878,-4.971248320238573,137.9083281419743,TRACK
1.752,162.70886436557547,-531.288706612419,0.4246883627416378,0.6407685666109904,0.6078251923882197,0.4532790268216492,0.7582304007741695,163.0,-531.0,0.41001398230575764,166.5,-531.0,0.07600636757995574,-0.3486819951616821,0.24176959922583052,-4.971248320238573,137.9083281419743,TRACK
1.8,162.7378809477748,-531.2669113300005,0.418101700401088,0.6419761157743786,0.6066656202559136,0.4535553017352857,0.7574665580292496,163.0,-531.0,0.3740963186427896,166.5,-531.0,0.07082839282396738,-0.3472733075771206,0.24253344197075044,-2.888207615906566,134.04481646866137,TRACK
1.852,162.7686990300828,-531.2436495219496,0.41256193489686743,0.6435641399213663,0.6017620533161654,0.4513808080094025,0.7522381289528659,163.0,-531.0,0.33595420555620675,166.5,-531.0,0.06520623913406372,-0.34735569576280373,0.2477618710471341,-2.888207615906566,134.04481646866137,TRACK
1.9,162.7965394028715,-531.2225307744519,0.40418397015920043,0.6454128769949142,0.5941480529065681,0.44738839237660033,0.7437528369061761,163.0,-531.0,0.30152306737968193,166.5,-531.0,0.06001509483858431,-0.34416887532061613,0.2562471630938239,-0.7386803606677148,144.60336445350765,TRACK
1.952,162.82616215558932,-531.1999883074297,0.39854732974284945,0.6471474884361142,0.585580146913012,0.4425305984631934,0.7339873561818737,163.0,-531.0,0.2649809790493818,166.5,-531.0,0.054382127758987785,-0.3441652019838617,0.2660126438181263,-0.7386803606677148,144.60336445350765,TRACK
2.0,162.85318769534462,-531.1793586868855,0.3911434271861369,0.648800937912211,0.577688322875854,0.43806920546950195,0.7250023635601457,163.0,-531.0,0.23178306961363415,166.5,-531.0,0.049142720957323874,-0.34200070622881307,0.2749976364398543,8.987411507487863,151.27385662325008,TRACK
2.052,162.882428471596,-531.1571132100993,0.38424100870823263,0.6493367225431859,0.5723103269459324,0.43447415423168767,0.7185449888659028,163.0,-531.0,0.19623359824187553,166.5,-531.0,0.04340329898769292,-0.3408377097205397,0.2814550111340972,8.987411507487863,151.27385662325008,TRACK
2.1,162.90959242601167,-531.1364521619194,0.3755369510245963,0.6496555852416621,0.5700722134624487,0.4330616765625984,0.7159083351024657,163.0,-531.0,0.16368482497446152,166.5,-531.0,0.03798636253788235,-0.33755058848671393,0.28409166489753435,12.281465090516065,155.20285126996868,TRACK
2.152,162.93940599611258,-531.1138233853418,0.3696898491604672,0.6495103789783445,0.5712151990451984,0.4337991628838969,0.7172646076163351,163.0,-531.0,0.12894726192429828,166.5,-531.0,0.03195664433242078,-0.3377332048280464,0.28273539238366485,12.281465090516065,155.20285126996868,TRACK
2.2,162.96738421722534,-531.0926614738562,0.36203805967413283,0.6488215380737896,0.5752977416599281,0.4362750604569752,0.7220134485837163,163.0,-531.0,0.09823409806786099,166.5,-531.0,0.02622425905249677,-0.33581380062163607,0.2779865514162837,8.384885799649837,152.77456366593424,TRACK
2.252,162.99817923714653,-531.0694790493341,0.35492555084192645,0.647564040514469,0.5812177046253987,0.4396143389652397,0.7287487819501738,163.0,-531.0,0.06950290262811895,166.5,-531.0,0.019838232502328728,-0.3350873183395977,0.2712512180498262,8.384885799649837,152.77456366593424,TRACK
2.3,163.0269990720415,-531.0479481506177,0.34716685583986506,0.6454504139464688,0.5879361374489304,0.4427454568009955,0.735997582357639,163.0269990720415,-531.0,0.047948150617685315,166.5,-531.0,0.013805094089344574,-0.3333617617505205,0.264002417642361,1.0071949515852339,147.50412922975534,TRACK
2.352,163.05850214844696,-531.0245764076814,0.33995608478182926,0.6429036375264775,0.5941984266863217,0.44509435514587503,0.7424154869473174,163.05850214844696,-531.0,0.02457640768136571,166.5,-531.0,0.007141073736665262,-0.332815011045164,0.2575845130526826,1.0071949515852339,147.50412922975534,TRACK
2.4,163.08773686031176,-531.0030991751461,0.3320896128142454,0.639610817239113,0.5993987513602932,0.4459161514146391,0.7470743451790605,163.08773686031176,-531.0,0.0030991751460760497,166.5,-531.0,0.0009082459842701869,-0.33118136682997523,0.25292565482093954,-4.2522534361750814,144.27002639107315,TRACK
2.452,163.11944217020724,-530.9799510334035,0.32477840786186984,0.6364513992370255,0.6030103126806339,0.44565029860996547,0.7498170615892568,163.11944217020724,-531.0,0.020048966596505124,166.5,-531.0,-0.005930598602745999,-0.3307090064646158,0.25018293841074324,-4.2522534361750814,144.27002639107315,TRACK
2.5,163.1486875617835,-530.9587732541593,0.3155706309208097,0.6330469181428021,0.605204350152698,0.44409400108562724,0.7506609003031866,163.1486875617835,-531.0,0.04122674584073138,166.5,-531.0,-0.012301051352128218,-0.32787168227293795,0.24933909969681345,-5.443458146988419,144.69333652945045,TRACK
2.552,163.18031191089213,-530.9359973021454,0.3075295878944069,0.6299385836827867,0.606239023522694,0.4419607777218254,0.7502366844444693,163.18031191089213,-531.0,0.06400269785456203,166.5,-531.0,-0.01927734407519735,-0.3268069319696042,0.24976331555553066,-5.443458146988419,144.69333652945045,TRACK
2.596,163.20943871116216,-530.9150707703094,0.30130621350233167,0.6275200543002831,0.606438283925422,0.4398638001569739,0.7491645713052273,163.20943871116216,-531.0,0.08492922969060146,166.5,-531.0,-0.025804223393242152,-0.32711043689557384,0.2508354286947727,-2.1102203519270404,144.7980606214378,TRACK
2.652,163.24093894560326,-530.8924467066929,0.29380143604344044,0.6258899479846703,0.6062056932896773,0.4381888213668713,0.7479938407150865,163.24093894560326,-531.0,0.10755329330709174,166.5,-531.0,-0.03298934019795704,-0.32679077624139746,0.25200615928491354,-2.1102203519270404,144.7980606214378,TRACK
2.7,163.26996854088304,-530.8715388819709,0.2843766702698156,0.6252896728182765,0.60570783288669,0.43727562248660495,0.7470555192496325,163.26996854088304,-531.0,0.1284611180291222,167.0,-531.0,-0.03442608102513625,-0.31880275129495184,0.25294448075036746,-5.913081806244207,151.31633986492736,TRACK
2.752,163.30136104881697,-530.848817682935,0.2761503661014393,0.625714917749461,0.6050058178547244,0.4371603019734061,0.7464188966388402,163.30136104881697,-531.0,0.15118231706503593,167.0,-531.0,-0.04085238005733877,-0.31700274615877805,0.2535811033611598,-5.913081806244207,151.31633986492736,TRACK
2.8,163.3302920738879,-530.8278229934173,0.2697746172607911,0.626427635917297,0.6042091727477834,0.4372404740158896,0.7458203245756987,163.3302920738879,-531.0,0.1721770065827286,167.0,-531.0,-0.04688406722250099,-0.3166586844832921,0.2541796754243013,5.636653796502884,140.4274151516207,TRACK
2.852,163.36161502606822,-530.8052400280856,0.2621008795426176,0.6258116735450877,0.6035635250381975,0.43620703630451385,0.7446915517703302,163.36161502606822,-531.0,0.1947599719144364,167.0,-531.0,-0.05347819762735315,-0.3155790771699708,0.2553084482296698,5.636653796502884,140.4274151516207,TRACK
2.9,163.39049487046898,-530.7845155141334,0.2538093799407375,0.6246387761514589,0.6028984900303902,0.43465082116556386,0.7432414988554013,163.39049487046898,-531.0,0.21548448586656832,167.0,-531.0,-0.0596284058881736,-0.3134377858289111,0.25675850114459875,-3.5571247992561297,150.7825138411631,TRACK
2.952,163.42174639149977,-530.7621227119173,0.24614956758558915,0.6236266762619319,0.6022307946884798,0.4332438179046567,0.7418774398940308,163.42174639149977,-531.0,0.23787728808270003,167.0,-531.0,-0.06638092630007233,-0.31253049388566145,0.25812256010596923,-3.5571247992561297,150.7825138411631,TRACK
3.0,163.45063079427538,-530.7415990974749,0.23779938590808467,0.6215823865872993,0.6020654534530523,0.4312598369469597,0.7405861578541336,163.45063079427538,-531.0,0.258400902525068,167.0,-531.0,-0.07267371052997983,-0.3104730964380645,0.2594138421458664,-1.1028217682042936,150.56268136910774,TRACK
3.048,163.4820485745734,-530.719540539203,0.23004933211362633,0.6182832843751688,0.6028083736735217,0.4287899593075971,0.7397558817433809,163.4820485745734,-531.0,0.280459460797033,167.0,-531.0,-0.07955412522405544,-0.3096034573376818,0.2602441182566191,-1.1028217682042936,150.56268136910774,TRACK
3.1,163.51124045527436,-530.6992914659334,0.22161724951600115,0.6141417471217648,0.6046829063322121,0.42636296614084834,0.7398829610869498,163.51124045527436,-531.0,0.30070853406664355,167.0,-531.0,-0.08598103278561291,-0.30759828230161407,0.26011703891305016,-1.1968989076990795,151.60940600566158,TRACK
3.152,163.54314503963153,-530.6774084661234,0.21380127319039266,0.6095931690040405,0.6077862838276191,0.42442534978907603,0.7413103562965829,163.54314503963153,-531.0,0.3225915338765617,167.0,-531.0,-0.09304988790720149,-0.30685116109759414,0.25868964370341707,-1.1968989076990795,151.60940600566158,TRACK
3.2,163.57289971707988,-530.657203204183,0.20529812048586238,0.6049908408490172,0.6120222742155199,0.4232065123451175,0.7440934190189127,163.57289971707988,-531.0,0.3427967958169802,167.0,-531.0,-0.09969371981283424,-0.30499184029869664,0.2559065809810873,-3.135977421702705,150.96504803082766,TRACK
3.252,163.60546424701568,-530.6352621699533,0.19741878391345713,0.6007202070791728,0.6169988143464176,0.4227642711089301,0.7479419535172165,163.60546424701568,-531.0,0.3647378300466926,167.0,-531.0,-0.10703785295337834,-0.30445663686683544,0.2520580464827835,-3.135977421702705,150.96504803082766,TRACK
3.3,163.6358004269214,-530.6149741325205,0.18752137449799444,0.5967369721742866,0.6222505411377957,0.4227303825016819,0.7522610665429241,163.6358004269214,-531.0,0.38502586747949863,167.0,-531.0,-0.11395218432248326,-0.3014735588204777,0.24773893345707587,-7.076444690030527,148.8141501103213,TRACK
3.348,163.66887686796724,-530.5929834161537,0.18089704035257514,0.5932034426617775,0.6270927433942287,0.42278918571004354,0.7563041745032627,163.66887686796724,-531.0,0.40701658384625716,167.0,-531.0,-0.12158332598202438,-0.3024803663345995,0.2436958254967373,-7.076444690030527,148.8141501103213,TRACK
3.4,163.69952054478165,-530.572765407377,0.17091806187481584,0.5896830075800753,0.6310537599779642,0.42223595137523845,0.7592839038304966,163.69952054478165,-531.0,0.42723459262299457,167.0,-531.0,-0.12873038977269588,-0.29964845164751175,0.2407160961695034,-10.772252348639796,147.15770822243607,TRACK
3.448,163.7327285190266,-530.5510051392866,0.16423184782793276,0.5863072757327413,0.6337001552498279,0.4209167113097976,0.7607540763108085,163.7327285190266,-531.0,0.4489948607133556,167.0,-531.0,-0.13656657273853107,-0.30079842056646383,0.2392459236891915,-10.772252348639796,147.15770822243607,TRACK
3.5,163.76331815026825,-530.5311265637113,0.15551089138221807,0.5827955690608627,0.6349544953826751,0.41854380925515233,0.7604907175452446,163.76331815026825,-531.0,0.4688734362887317,167.5,-531.0,-0.12482615866201587,-0.2803370500442339,0.23950928245475545,-11.86886126234937,147.91287698595892,TRACK
3.552,163.79634182948976,-530.5098346418627,0.147420341043617,0.5792676648231571,0.6349951859897043,0.4153644884584507,0.758779641597249,163.79634182948976,-531.0,0.49016535813734663,167.5,-531.0,-0.13158158881741921,-0.2790019298610362,0.24122035840275102,-11.86886126234937,147.91287698595892,TRACK
3.596,163.8267083977701,-530.4903841115794,0.1386155161386784,0.575935406056205,0.634169764604036,0.4118137008135724,0.7561493334756759,163.8267083977701,-531.0,0.5096158884206261,167.5,-531.0,-0.13785551884994193,-0.27647103498862036,0.24385066652432408,14.792065005561149,125.72051489081355,TRACK
3.652,163.85954878096652,-530.469691322619,0.13051113903683098,0.5711889827946212,0.6332513877378195,0.40695729276182535,0.7527426905682368,163.85954878096652,-531.0,0.5303086773809582,167.5,-531.0,-0.14465367833343998,-0.275164817370271,0.24725730943176316,14.792065005561149,125.72051489081355,TRACK
3.7,163.88984973570047,-530.4507471106768,0.12187452117776454,0.5668645657595778,0.6325578636312696,0.40265711904038237,0.7498414541459125,163.88984973570047,-531.0,0.5492528893231565,167.5,-531.0,-0.1509834502277335,-0.27285797140549806,0.2501585458540875,-2.158353136297549,148.18164932508301,TRACK
3.752,163.92272995385673,-530.4301614804018,0.1119918602745902,0.5642520052943782,0.6324717720274957,0.40028425422745506,0.7484971787482104,163.92272995385673,-531.0,0.5698385195981928,167.5,-531.0,-0.15796704471815046,-0.26995890499274067,0.2515028212517896,-2.158353136297549,148.18164932508301,TRACK
3.8,163.95322227490877,-530.4111793805673,0.10538811073243126,0.5616493246992448,0.6334464928223095,0.39859590987432436,0.7484204424235249,163.95322227490877,-531.0,0.5888206194326813,167.5,-531.0,-0.16451519174297216,-0.2699033024754034,0.2515795575764751,0.13807579451676588,147.44538930096965,TRACK
3.852,163.98647964538978,-530.3907213844387,0.09745036150425945,0.5580820450074309,0.6355879062643753,0.39678539228378185,0.7492734041185013,163.98647964538978,-531.0,0.6092786155612657,167.5,-531.0,-0.1717022356149789,-0.26915259711923833,0.2507265958814987,0.13807579451676588,147.44538930096965,TRACK
3.9,164.0174210941053,-530.3719731169499,0.0875195070489192,0.5534036726936086,0.6387468692891007,0.39461662209052123,0.7508127872224611,164.0174210941053,-531.0,0.6280268830500972,167.5,-531.0,-0.1784162979682091,-0.2659358050171283,0.24918721277753886,-6.712331279285536,151.45453897405966,TRACK
3.952,164.05119812801834,-530.351807061268,0.08087304877237789,0.5480689242857358,0.6425308856065519,0.39223387144853716,0.7527903751177,164.05119812801834,-531.0,0.6481929387319951,167.5,-531.0,-0.1857800064616965,-0.2666530552340744,0.24720962488230003,-6.712331279285536,151.45453897405966,TRACK
4.0,164.08260151657072,-530.3334195655634,0.07085739955860348,0.5416133433179151,0.6466281171720075,0.38902750595416485,0.7546325743740018,164.08260151657072,-531.0,0.6665804344365824,167.5,-531.0,-0.19263619822944927,-0.26349359778805276,0.24536742562599823,-6.851770618466674,148.39840982416797,TRACK
4.052,164.1168296112842,-530.3137859060815,0.0641483820898161,0.534299242586062,0.6506896828871789,0.3850175099982676,0.756065834713541,164.1168296112842,-531.0,0.6862140939184656,167.5,-531.0,-0.2001168291904324,-0.2642652112802485,0.24393416528645895,-6.851770618466674,148.39840982416797,TRACK
4.096,164.14857982627362,-530.2959021551413,0.05540100998997399,0.5268140432775305,0.6544602781744862,0.38066373210449966,0.7571150062229332,164.14857982627362,-531.0,0.7040978448586657,167.5,-531.0,-0.20707781420840404,-0.26247882419837804,0.24288499377706685,-8.14090840872683,148.13459691006747,TRACK
4.152,164.1831100511469,-530.2767314473895,0.047296743260190954,0.5198004939425979,0.65781415592212,0.37646503573626977,0.7579217551063184,164.1831100511469,-531.0,0.7232685526105342,167.5,-531.0,-0.21469552592130683,-0.26199226918149776,0.24207824489368157,-8.14090840872683,148.13459691006747,TRACK
4.2,164.2150858222431,-530.2591831482376,0.03848486562321951,0.5135323213850514,0.6607358655924985,0.37265862121064375,0.7585817899494335,164.2150858222431,-531.0,0.7408168517623608,167.5,-531.0,-0.22181020159960482,-0.26029506722282436,0.24141821005056652,-8.756126420013231,148.57421668577416,TRACK
4.252,164.249823337294,-530.2402781504483,0.028283773571404103,0.5082264330697448,0.6632885100930555,0.369473281215421,0.7592510475156126,164.249823337294,-531.0,0.7597218495517382,167.5,-531.0,-0.2296250234108672,-0.2579087969822713,0.24074895248438744,-8.756126420013231,148.57421668577416,TRACK
4.3,164.2819721652756,-530.2229127041909,0.02145482547605826,0.5036789684574596,0.6655560689262221,0.36678067841669615,0.7599295670944367,164.2819721652756,-531.0,0.7770872958091104,168.0,-531.0,-0.2060392587984247,-0.22749408427448295,0.2400704329055633,-7.068874358072989,146.54799626473124,TRACK
4.352,164.31688425667014,-530.2042253999471,0.013247293487931966,0.49939720661113257,0.6675966753422525,0.3641873733812218,0.760472066455003,164.31688425667014,-531.0,0.7957746000529369,168.0,-531.0,-0.21278926430191325,-0.22603655778984522,0.23952793354499702,-7.068874358072989,146.54799626473124,TRACK
4.4,164.3491815051149,-530.1871324028446,0.00297442008238491,0.49497293109226026,0.6694386088821959,0.36135822990358807,0.7607416259027661,164.3491815051149,-531.0,0.8128675971554458,168.0,-531.0,-0.21907991191683276,-0.22205433199921767,0.23925837409723394,27.163783871663185,111.82330291856402,TRACK
4.452,164.38423419425408,-530.1690666437115,-0.0037962519228544873,0.48830506309018024,0.6710666572871274,0.356479305140469,0.7598736431249281,164.38423419425408,-531.0,0.8309333562884831,168.0,-531.0,-0.22588640722787584,-0.22209015530502135,0.2401263568750719,27.163783871663185,111.82330291856402,TRACK
4.5,164.41663587322338,-530.1527416856054,-0.012376954810074281,0.4807719227818167,0.6724555697211669,0.3507477011983634,0.7584328863814883,164.41663587322338,-531.0,0.847258314394594,168.0,-531.0,-0.23217819506363838,-0.2198012402535641,0.2415671136185117,-2.5093787579819065,142.873362495709,TRACK
4.552,164.45178951814464,-530.1352244325262,-0.022125914431767812,0.4743210019308866,0.6737071919041084,0.3458905938118589,0.7573121439082036,164.45178951814464,-531.0,0.8647755674737709,168.0,-531.0,-0.23906091605922822,-0.2169350016274604,0.24268785609179644,-2.5093787579819065,142.873362495709,TRACK
4.6,164.48429266861015,-530.1193019470954,-0.02863499315869289,0.4677575102282544,0.6749118135487228,0.34093034224390145,0.7561345477692245,164.48429266861015,-531.0,0.8806980529045632,168.0,-531.0,-0.24545277338999838,-0.2168177802313055,0.2438654522307755,0.24384513026772936,142.65162295047918,TRACK
4.652,164.5195823655568,-530.1024076180169,-0.03645454270466342,0.46033767512082324,0.6762194851783403,0.33531655279514383,0.7547913504494326,164.5195823655568,-531.0,0.8975923819831451,168.0,-531.0,-0.2523980521044299,-0.21594350939976648,0.24520864955056743,0.24384513026772936,142.65162295047918,TRACK
4.7,164.55225737142035,-530.0870866680057,-0.04493290924667637,0.45269673849867037,0.6777979164543249,0.3296710198150823,0.7537194417392591,164.55225737142035,-531.0,0.9129133319943321,168.0,-531.0,-0.25884558640094996,-0.2139126771542736,0.2462805582607409,-3.4783411084424927,147.86869271216528,TRACK
4.752,164.5878015598318,-530.0707028334095,-0.054730000275901254,0.4454304001127737,0.6798083753877635,0.3245619726614263,0.753312618602149,164.5878015598318,-531.0,0.9292971665904588,168.0,-531.0,-0.26589674780195927,-0.21116674752605802,0.24668738139785096,-3.4783411084424927,147.86869271216528,TRACK
4.8,164.62077588632073,-530.0558086971631,-0.06260568793930821,0.43801692358291977,0.6823132413171311,0.31956835902678077,0.7534422973046835,164.62077588632073,-531.0,0.9441913028368845,168.0,-531.0,-0.2724621419757582,-0.20985645403644998,0.24655770269531652,1.5818162532701479,143.22316608141153,TRACK
4.852,164.65669751418,-530.0399735107202,-0.0691785970366785,0.43002033191356104,0.6852837943704293,0.314302419040959,0.7539229996768446,164.65669751418,-531.0,0.9600264892798123,168.0,-531.0,-0.2796257344187433,-0.21044713738206478,0.24607700032315538,1.5818162532701479,143.22316608141153,TRACK
4.896,164.69005726498472,-530.0255595333804,-0.07771516428989078,0.42223948684915374,0.6886826492918661,0.3093984904794319,0.7549908723598018,164.69005726498472,-531.0,0.974440466619626,168.0,-531.0,-0.2863094387744516,-0.2085942744845608,0.24500912764019822,-3.346576675745638,146.88540137465426,TRACK
4.952,164.7264149275387,-530.0100898448404,-0.08560619906605416,0.4152255110772469,0.6923587584608438,0.3052319224459217,0.7566552563073056,164.7264149275387,-531.0,0.9899101551595777,168.0,-531.0,-0.29365102310723246,-0.2080448240411783,0.24334474369269443,-3.346576675745638,146.88540137465426,TRACK
5.0,164.7601543783908,-529.9960280291178,-0.09418529165126355,0.40807674505898955,0.6960500221294138,0.3009348225670274,0.7583187988832967,164.7601543783908,-531.0,1.0039719708821622,168.5,-531.0,-0.2622691864548687,-0.16808389480360514,0.24168120111670333,-2.3720498066340525,143.45882788675806,TRACK
5.048,164.79685685910255,-529.9810869553568,-0.10211918361969863,0.4005360087267413,0.699468442251594,0.29617255421419925,0.7595882329101961,164.79685685910255,-531.0,1.0189130446432273,168.5,-531.0,-0.2685039546863908,-0.1663847710666922,0.24041176708980394,-2.3720498066340525,143.45882788675806,TRACK
5.1,164.83083562502904,-529.967597047343,-0.11204516910223905,0.39260879830479595,0.7024163223442024,0.2908760728395112,0.7602615205612415,164.83083562502904,-531.0,1.0324029526569802,168.5,-531.0,-0.27428122029314855,-0.1622360511909095,0.23973847943875848,45.939664668133084,93.5566993824313,TRACK
5.152,164.867679579092,-529.9535959711907,-0.11854863874296372,0.38232076353246075,0.7045587618705719,0.2833074599095078,0.7593853868550346,164.867679579092,-531.0,1.0464040288093202,168.5,-531.0,-0.28048677163019925,-0.16193813288723552,0.24061461314496535,45.939664668133084,93.5566993824313,TRACK
5.2,164.90170019142155,-529.9411237917517,-0.12789293750335173,0.3715377002946354,0.7060301601188832,0.27509282401712715,0.7577299313233007,164.90170019142155,-531.0,1.0588762082483072,168.5,-531.0,-0.28619281581977324,-0.1582998783164215,0.2422700686766993,7.120833957765036,134.20210028569105,TRACK
5.252,164.93858844785734,-529.9278568981141,-0.1358025885491794,0.3623664703469741,0.7072059454719997,0.26810673509492666,0.7563210103614775,164.93858844785734,-531.0,1.0721431018858993,168.5,-531.0,-0.2924147092127625,-0.15661212066358313,0.24367898963852253,7.120833957765036,134.20210028569105,TRACK
5.3,164.97267191007515,-529.9158365919203,-0.14187960746614414,0.35423096360618167,0.7082091098949821,0.2619174438080878,0.7550899884842903,164.97267191007515,-531.0,1.0841634080796894,168.5,-531.0,-0.29819633199320533,-0.1563167245270612,0.24491001151570968,10.5345070805771,134.05254301597162,TRACK
5.352,165.0096470698746,-529.9030931343303,-0.15097502533281992,0.3464353472846725,0.709207189312674,0.25601961071548585,0.7540032350352961,165.0096470698746,-531.0,1.0969068656696663,168.5,-531.0,-0.30449492581836535,-0.15351990048554542,0.2459967649647039,10.5345070805771,134.05254301597162,TRACK
5.4,165.04384546673248,-529.8916039454426,-0.1582296390721254,0.33863779627993756,0.7103479834752395,0.25018808260460484,0.7531190704694097,165.04384546673248,-531.0,1.1083960545573746,168.5,-531.0,-0.310339707769106,-0.15211006869698063,0.24688092953059027,9.100823291543747,136.51203624816438,TRACK
5.452,165.080985449393,-529.8794767621307,-0.16426623234208648,0.33059121615377873,0.7117068417817332,0.24424752598475014,0.7524516480070996,165.080985449393,-531.0,1.1205232378692926,168.5,-531.0,-0.316701641088869,-0.15243540874678252,0.24754835199290037,9.100823291543747,136.51203624816438,TRACK
5.5,165.1153670331218,-529.8686036238462,-0.17210679082176128,0.3220971023103991,0.713308495180537,0.23804419188140485,0.7519800839019563,165.1153670331218,-531.0,1.1313963761538162,168.5,-531.0,-0.32259733412768443,-0.15049054330592315,0.24801991609804375,7.385753967140403,138.82209697936975,TRACK
5.552,165.15273500333876,-529.8571757455572,-0.18116233316988906,0.3132429473422076,0.715165706019983,0.2316471362830964,0.7517462223484865,165.15273500333876,-531.0,1.1428242544427576,168.5,-531.0,-0.32901109120356076,-0.1478487580336717,0.24825377765151346,7.385753967140403,138.82209697936975,TRACK
5.6,165.187347801792,-529.8469531485416,-0.18841505627356514,0.30411909602539244,0.7172426976344175,0.22511040848962532,0.751739172399751,165.187347801792,-531.0,1.1530468514583845,168.5,-531.0,-0.3349576406264113,-0.14654258435284617,0.24826082760024903,11.946131383681553,134.35083107284498,TRACK
5.652,165.2249731473597,-529.8362409509082,-0.19445424675602463,0.2947517798538487,0.7194552717065337,0.2184230957433215,0.7518806665558161,165.2249731473597,-531.0,1.1637590490918228,168.5,-531.0,-0.3414270983599725,-0.14697285160394785,0.2481193334441839,11.946131383681553,134.35083107284498,TRACK
5.7,165.25982469455096,-529.8266551615242,-0.20348067193080221,0.2855228933609667,0.7217717915455633,0.2118713931581938,0.7522260340547154,165.25982469455096,-531.0,1.1733448384758276,169.0,-531.0,-0.3039903527665685,-0.10050968083576628,0.24777396594528456,7.866332320451605,138.06060454566364,TRACK
5.752,165.29771138536069,-529.8165511253495,-0.20950575563444152,0.2767950528339451,0.7241582372624024,0.20572434134375828,0.7528131622230798,165.29771138536069,-531.0,1.1834488746504803,169.0,-531.0,-0.3093884421097796,-0.0998826864753381,0.2471868377769202,7.866332320451605,138.06060454566364,TRACK
5.8,165.3327959926154,-529.8074799118566,-0.2173261811111722,0.2684555979557594,0.7265281154527696,0.1998650869259574,0.7535178534814377,165.3327959926154,-531.0,1.1925200881433966,169.0,-531.0,-0.31439930321054343,-0.09707312209937125,0.24648214651856226,64.97788033499299,80.16049832988995,TRACK
5.852,165.370858433572,-529.7981645532906,-0.226132771102902,0.25850324768412375,0.7284327814831022,0.1926118353116722,0.7534677406772898,165.370858433572,-531.0,1.201835446709424,169.0,-531.0,-0.31979549710603516,-0.09366272600313316,0.24653225932271017,64.97788033499299,80.16049832988995,TRACK
5.9,165.4060314778862,-529.7900189722166,-0.23276716850876356,0.24769054985736425,0.7299514227548942,0.1845925549506354,0.7529299375938625,165.4060314778862,-531.0,1.2099810277834422,169.0,-531.0,-0.32475045379008954,-0.09198328528132599,0.2470700624061375,21.503514606378232,123.5442259459016,TRACK
5.952,165.44420666486184,-529.7815046749528,-0.2381306601091333,0.2378098006094869,0.73141679866525,0.1772929307626325,0.7525977123723713,165.44420666486184,-531.0,1.218495325047229,169.0,-531.0,-0.3301378459960788,-0.09200718588694551,0.24740228762762873,21.503514606378232,123.5442259459016,TRACK
6.0,165.47949578598045,-529.7739510928542,-0.245105312254269,0.22838600880399362,0.7327374272889366,0.17031860779786123,0.7522716035530063,165.47949578598045,-531.0,1.2260489071458096,169.0,-531.0,-0.3351233889253032,-0.0900180766710342,0.24772839644699374,17.492800396921965,128.93570426259657,TRACK
6.052,165.51776949333367,-529.7661183487229,-0.25310379036757125,0.21911121527930857,0.7338908195383764,0.16342748826000003,0.751867195003002,165.51776949333367,-531.0,1.2338816512771018,169.0,-531.0,-0.3405329071032226,-0.08742911673565135,0.24813280499699797,17.492800396921965,128.93570426259657,TRACK
6.1,165.5531270486068,-529.7592346386652,-0.2584695362385563,0.20973316970149192,0.7348445398997989,0.15642158653936605,0.7513083325479889,165.5531270486068,-531.0,1.240765361334752,169.0,-531.0,-0.3455276109372372,-0.08705807469868093,0.2486916674520111,21.60817681150717,125.28131579437269,TRACK
6.152,165.59144762108394,-529.7521711545322,-0.26487126953410556,0.20014115514678932,0.7355758810695112,0.14921671291519556,0.7505581284780037,165.59144762108394,-531.0,1.2478288454677795,169.0,-531.0,-0.35093427989511455,-0.086063010361009,0.24944187152199626,21.60817681150717,125.28131579437269,TRACK
6.2,165.6268370565059,-529.7459873942075,-0.2717657314623503,0.19065520506970474,0.7361722893136544,0.14208078242906472,0.7497576863820484,165.6268370565059,-531.0,1.254012605792468,169.0,-531.0,-0.3559285465302763,-0.084162815067926,0.2502423136179516,18.903246758704732,129.13025672970554,TRACK
6.248,165.66520948593475,-529.7395983213996,-0.2781273850596262,0.18168491391019317,0.7367879553634245,0.13535588324748982,0.7491179521933269,165.66520948593475,-531.0,1.260401678600374,169.0,-531.0,-0.36135907897993624,-0.08323169392031005,0.2508820478066731,18.903246758704732,129.13025672970554,TRACK
6.3,165.70067532297776,-529.7339521649525,-0.28609515906885186,0.17335841086815584,0.7375172327581435,0.1291512148712784,0.7487400783435842,165.70067532297776,-531.0,1.266047835047516,169.0,-531.0,-0.366401781913193,-0.08030662284434115,0.25125992165641575,21.429199178686233,127.59446729892473,TRACK
6.352,165.73915913083408,-529.7280916542941,-0.29136173019134765,0.16557740678443092,0.7384118310949679,0.12339403448253963,0.7486508665906302,165.73915913083408,-531.0,1.2719083457059241,169.0,-531.0,-0.37190409414335296,-0.08054236395200531,0.2513491334093698,21.429199178686233,127.59446729892473,TRACK
6.4,165.7747524014655,-529.7229103942325,-0.29825031870841423,0.15821462657519397,0.7395019552324215,0.11798614369608046,0.7488550406432786,165.7747524014655,-531.0,1.2770896057675145,169.5,-531.0,-0.3302641723275801,-0.032013853619165866,0.25114495935672143,21.639874495543914,127.2790130747897,TRACK
6.452,165.8133908373376,-529.7175588491731,-0.30458182223680574,0.15100122242049488,0.7407426661941637,0.11271100822532186,0.7492686226551909,165.8133908373376,-531.0,1.2824411508269122,169.5,-531.0,-0.33477127303158943,-0.03018945079478369,0.2507313773448091,21.639874495543914,127.2790130747897,TRACK
6.5,165.84912787593166,-529.7128852521334,-0.3114441296349315,0.1436545630269456,0.7420653061078197,0.107340467093843,0.7497885664671186,165.84912787593166,-531.0,1.2871147478665534,169.5,-531.0,-0.3389446721345739,-0.0275005424996424,0.25021143353288144,80.84684990771532,67.31321555287121,TRACK
6.552,165.8878433881244,-529.7083430127691,-0.31760033153996536,0.1342532891768305,0.7429276271904357,0.10034406856338646,0.7496735231676951,165.8878433881244,-531.0,1.2916569872309083,169.5,-531.0,-0.34341698546910926,-0.025816653929143896,0.2503264768323049,80.84684990771532,67.31321555287121,TRACK
6.6,165.92356327606055,-529.7046579376286,-0.3247204140796908,0.1232606705697666,0.743360473874901,0.09209398413262536,0.7490434540351699,165.92356327606055,-531.0,1.2953420623714464,169.5,-531.0,-0.34749109796108346,-0.02277068388139264,0.2509565459648301,31.58857483753301,116.58728149759,TRACK
6.652,165.96229258281465,-529.701030762703,-0.3292890462917679,0.11281247558486657,0.7438623342482467,0.08427476706974787,0.7486210046999152,165.96229258281465,-531.0,1.2989692372970012,169.5,-531.0,-0.35189567905950414,-0.022606632767736223,0.2513789953000848,31.58857483753301,116.58728149759,TRACK
6.7,165.99807015558827,-529.6979952630822,-0.33612945841700775,0.10295763266486369,0.7443886520689414,0.07691244999664307,0.7483515151942313,165.99807015558827,-531.0,1.3020047369177519,169.5,-531.0,-0.35595903755809427,-0.019829579141086517,0.25164848480576874,31.54824392446912,118.07684388825547,TRACK
6.752,166.03685176461164,-529.6950369891856,-0.3406245481951129,0.0935723311660647,0.7448826845790629,0.06990455141749885,0.748155638951277,166.03685176461164,-531.0,1.3049630108143901,169.5,-531.0,-0.3603601458856243,-0.01973559769051142,0.251844361048723,31.54824392446912,118.07684388825547,TRACK
6.8,166.07266923483192,-529.6925847257482,-0.34651652430311364,0.08474943050248165,0.7453427986659342,0.06331904598547572,0.7480275323192844,166.07266923483192,-531.0,1.3074152742517526,169.5,-531.0,-0.3644287098219147,-0.017912185518801083,0.2519724676807156,31.670580635087802,118.04463318854393,TRACK
6.848,166.1114820769886,-529.690216706163,-0.35192324667716957,0.07641651025551564,0.7457131028797903,0.05709597325261253,0.7478957026004814,166.1114820769886,-531.0,1.309783293836972,169.5,-531.0,-0.3688456463090379,-0.016922399631868312,0.25210429739951856,31.670580635087802,118.04463318854393,TRACK
6.896,166.14732054041144,-529.6882652928739,-0.35778258584872646,0.06871067847596071,0.7460356459966974,0.05134143784747058,0.7478001927907983,166.14732054041144,-531.0,1.3117347071261065,169.5,-531.0,-0.3729402971117047,-0.015157711262978213,0.25219980720920165,32.129596934083025,117.75626937533207,TRACK
6.952,166.1861571259823,-529.6863891606532,-0.3631598333401227,0.061557280642170635,0.7463232650863547,0.0459997476246155,0.7477395220199917,166.1861571259823,-531.0,1.3136108393467794,169.5,-531.0,-0.37740000052540634,-0.014240167185283648,0.2522604779800083,32.129596934083025,117.75626937533207,TRACK
7.004,166.22201399059068,-529.6848783658156,-0.3689503310168194,0.054750862862178895,0.7465664267422111,0.04091604831349904,0.7476868011060687,166.22201399059068,-531.0,1.3151216341843792,169.5,-531.0,-0.38153876229631845,-0.012588431279499046,0.25231319889393133,32.48610955207443,117.56491281244197,TRACK
7.052,166.26086889429493,-529.6834794136786,-0.37429714817910975,0.04818423658157285,0.7467915676994934,0.036011455403066446,0.7476593278407714,166.26086889429493,-531.0,1.3165205863214169,170.0,-531.0,-0.3385378793339749,0.03575926884513486,0.2523406721592286,32.48610955207443,117.56491281244197,TRACK
7.1,166.2967438531915,-529.6824154870318,-0.38005490874635944,0.04169620647772301,0.7470027609587288,0.031165244478194576,0.7476525913439672,166.2967438531915,-531.0,1.3175845129682102,170.0,-531.0,-0.3418243287506558,0.03823057999570362,0.2523474086560328,91.81321716676413,58.37525451934324,TRACK
7.152,166.33554854833085,-529.6816884147466,-0.38522284993672096,0.033668684109428915,0.7467372426765732,0.02515116467622191,0.7471606859871455,166.33554854833085,-531.0,1.3183115852533547,170.0,-531.0,-0.34534032860201164,0.03988252133470932,0.25283931401285453,91.81321716676413,58.37525451934324,TRACK
7.2,166.37129177312121,-529.6814611321277,-0.39038901481960986,0.024131186079685615,0.7460068885028575,0.018005526136373597,0.7462241463964848,166.37129177312121,-531.0,1.3185388678723484,170.0,-531.0,-0.34852968086323943,0.041859333956370426,0.2537758536035152,43.0454954551532,107.76157364243883,TRACK
7.252,166.40999377787568,-529.6815453075617,-0.3948850972832221,0.014939920546579827,0.7453987402973182,0.011137026567220216,0.7454819349907735,166.40999377787568,-531.0,1.3184546924383085,170.0,-531.0,-0.35196501221505233,0.042920085068169744,0.25451806500922647,43.0454954551532,107.76157364243883,TRACK
7.3,166.44572324211651,-529.681873578071,-0.3997409900594497,0.0065035198471480584,0.7450365246159796,0.004845428138588213,0.7450522808405484,166.44572324211651,-531.0,1.318126421929037,170.0,-531.0,-0.35513301989959406,0.044607970159855626,0.2549477191594516,43.2887579986156,109.1733138663445,TRACK
7.352,166.48443921702824,-529.6824989361804,-0.40418242744846267,-0.0014225615867138686,0.7448620336754576,-0.0010596128312813243,0.74486278735784,166.48443921702824,-531.0,1.3175010638195772,170.0,-531.0,-0.35856261339317475,0.04561981405528792,0.25513721264216005,43.2887579986156,109.1733138663445,TRACK
7.4,166.52019225699706,-529.683309894438,-0.408954072011231,-0.008863164294478972,0.7448595716617251,-0.006601985635351659,0.7448888290949315,166.52019225699706,-531.0,1.3166901055619746,170.0,-531.0,-0.361730773614781,0.04722329839645001,0.2551111709050685,43.44074252256816,108.95837811561073,TRACK
7.452,166.55893557503904,-529.6844402867317,-0.4133555111987781,-0.015972871907437815,0.7449310545549921,-0.011899700332134474,0.7450260927701843,166.55893557503904,-531.0,1.3155597132682715,170.0,-531.0,-0.36516560095644,0.048189910242338097,0.2549739072298157,43.44074252256816,108.95837811561073,TRACK
7.5,166.59471164417383,-529.6856964632491,-0.4188493294640703,-0.022670994276838375,0.7450723562352075,-0.016894425654960916,0.7452638711517519,166.59471164417383,-531.0,1.3143035367509128,170.0,-531.0,-0.36834424805440297,0.05050508140966731,0.25473612884824814,43.66103566597434,108.38485402933293,TRACK
7.552,166.63348026542786,-529.6872770314901,-0.42244833756636546,-0.029002420816818215,0.7452396746088978,-0.021619816759544056,0.7455532100983082,166.63348026542786,-531.0,1.3127229685098882,170.0,-531.0,-0.371799420758418,0.050648916807947475,0.2544467899016918,43.66103566597434,108.38485402933293,TRACK
7.6,166.66926989025026,-529.6889396831474,-0.42717154038605964,-0.03510413084225491,0.7453718028257793,-0.02617638256140082,0.7458312995924435,166.66926989025026,-531.0,1.311060316852604,170.0,-531.0,-0.37499907154461454,0.05217246884144511,0.25416870040755646,43.89714908641608,107.80716283715236,TRACK
7.652,166.70804398266148,-529.690948017745,-0.4314954865682763,-0.040934153567960124,0.7454711399891776,-0.030532285379366652,0.7460961338911033,166.70804398266148,-531.0,1.3090519822550277,170.0,-531.0,-0.37848036257047035,0.053015123997805946,0.2539038661088967,43.89714908641608,107.80716283715236,TRACK
7.7,166.74382759451052,-529.693000068939,-0.436175898571371,-0.04665942541997954,0.7454784107255567,-0.03480885878637309,0.7462906387647585,166.74382759451052,-531.0,1.306999931061,170.0,-531.0,-0.38170537150577927,0.054470527065591745,0.25370936123524146,44.229244625449525,107.30087485894728,TRACK
7.752,166.7825771936656,-529.6954389039896,-0.440459730461658,-0.05232979470503268,0.7453755766691774,-0.03904099412871939,0.7463973134447012,166.7825771936656,-531.0,1.3045610960103886,170.5,-531.0,-0.33750450244306135,0.10295522801859663,0.25360268655529883,44.229244625449525,107.30087485894728,TRACK
7.8,166.81832955418898,-529.6978805652379,-0.4450601353010222,-0.05788092397725002,0.7451884203180126,-0.04318042611938132,0.7464384308004957,166.81832955418898,-531.0,1.3021194347620622,170.5,-531.0,-0.3399461227126914,0.10511401258833075,0.25356156919950434,103.99558084758976,47.62376863331313,TRACK
7.852,166.85696951584714,-529.7008744008082,-0.4491498908799376,-0.06467981799191885,0.7444491382135747,-0.04821809331573183,0.7460090508230706,166.85696951584714,-531.0,1.2991255991918251,170.5,-531.0,-0.3425475063897844,0.10660238449015325,0.25399094917692944,103.99558084758976,47.62376863331313,TRACK
7.9,166.89251391386634,-529.7040279376076,-0.45310853507692306,-0.07299416354108929,0.7430698420621409,-0.05433629981794965,0.7450538394372322,166.89251391386634,-531.0,1.2959720623923658,170.5,-531.0,-0.34488721923409754,0.10822131584282552,0.25494616056276775,54.932226835774244,97.38290973711248,TRACK
7.948,166.93094241138473,-529.7077488665149,-0.4565097647700625,-0.0812116856467907,0.7416487460219048,-0.06036330868031727,0.7441011970899517,166.93094241138473,-531.0,1.2922511334851379,170.5,-531.0,-0.34738748498733313,0.10912227978272937,0.2558988029100483,54.932226835774244,97.38290973711248,TRACK
8.0,166.96638730268353,-529.711374833596,-0.46017734637682306,-0.08845643015158791,0.7405240173012833,-0.06567549394204324,0.7434306226572609,166.96638730268353,-531.0,1.2886251664040174,170.5,-531.0,-0.3496892710998723,0.11048807527695076,0.2565693773427391,55.39029410170622,98.87871119610048,TRACK
8.052,167.00477182291885,-529.7154956589703,-0.4643213876386594,-0.09492219292356872,0.739697958983605,-0.07042539569733224,0.7430429374428081,167.00477182291885,-531.0,1.284504341029674,170.5,-531.0,-0.3521811829712613,0.1121402046673981,0.25695706255719186,55.39029410170622,98.87871119610048,TRACK
8.1,167.04019513015857,-529.7194828109765,-0.4676237338208775,-0.10092722276480907,0.739098621962234,-0.0748494905816265,0.7428790071248496,167.04019513015857,-531.0,1.2805171890234988,170.5,-531.0,-0.35447890924803377,0.11314482457284375,0.25712099287515044,56.86589103156838,97.68922867320391,TRACK
8.152,167.0785616114738,-529.7240051722232,-0.4703949872864226,-0.1066688343545315,0.7386500362048345,-0.07909113880776766,0.7428723202699862,167.0785616114738,-531.0,1.275994827776799,170.5,-531.0,-0.3569643433339558,0.11343064395246677,0.2571276797300138,56.86589103156838,97.68922867320391,TRACK
8.2,167.11397397639917,-529.7283607483258,-0.4744270145527145,-0.11217027663127248,0.7383376844473561,-0.08316864930669315,0.7430071066299322,167.11397397639917,-531.0,1.2716392516741735,170.5,-531.0,-0.35925722109496844,0.11516979345774608,0.2569928933700678,55.40588213945295,98.92760930772775,TRACK
8.252,167.1523302834344,-529.7332825402696,-0.47710614454119943,-0.11758086610129942,0.7380869460894348,-0.08718706782445315,0.7432186251591479,167.1523302834344,-531.0,1.2667174597304438,170.5,-531.0,-0.36173750420416917,0.11536864033703026,0.25678137484085206,55.40588213945295,98.92760930772775,TRACK
8.3,167.1877315976822,-529.7380070351848,-0.48054764146679974,-0.1228664342956553,0.7378910980149525,-0.09112103617585482,0.7434960092451564,167.1877315976822,-531.0,1.2619929648152493,170.5,-531.0,-0.3640254709609379,0.11652217050586183,0.25650399075484365,56.58336220468016,97.43169227370458,TRACK
8.352,167.22607210978651,-529.7433258737146,-0.48372049448114307,-0.1281134759610622,0.7376903528734589,-0.09502854823470674,0.7437859112017141,167.22607210978651,-531.0,1.2566741262853611,170.5,-531.0,-0.36650076214481553,0.11721973233632754,0.2562140887982859,56.58336220468016,97.43169227370458,TRACK
8.4,167.261445562817,-529.7484262634672,-0.4871485101149049,-0.13339733065272302,0.7374301577149504,-0.098958898298281,0.7440403894009424,167.261445562817,-531.0,1.251573736532805,171.0,-531.0,-0.3230472942670234,0.1641012158478815,0.2559596105990576,56.9689350120477,96.75574291370833,TRACK
8.452,167.29974871254169,-529.7541437222015,-0.4910203713026742,-0.1385725869842371,0.7371392641232606,-0.10280617922125539,0.7442737434561661,167.29974871254169,-531.0,1.2458562777984525,171.0,-531.0,-0.32477303845309785,0.16624733284957632,0.25572625654383385,56.9689350120477,96.75574291370833,TRACK
8.496,167.3350822451873,-529.7595996550093,-0.4936337259357164,-0.14369549950772184,0.7367808638876849,-0.10660685988375465,0.7444535337852577,167.3350822451873,-531.0,1.2404003449906895,171.0,-531.0,-0.32635065055841783,0.16728307537729858,0.2555464662147423,116.25255733937766,37.37747970443409,TRACK
8.552,167.37327701031563,-529.7657983462897,-0.4965456884916715,-0.14971140603404295,0.7359877114292742,-0.11101641946532839,0.7443134801720324,167.37327701031563,-531.0,1.234201653710329,171.0,-531.0,-0.32801427055813004,0.16853141793354148,0.25568651982796764,116.25255733937766,37.37747970443409,TRACK
8.6,167.4083952805713,-529.7718869447966,-0.4992138261861925,-0.15738409191409236,0.73446273304336,-0.11655670343229975,0.7436537980435028,167.4083952805713,-531.0,1.22811305520338,171.0,-531.0,-0.32947638655951944,0.16973743962667304,0.25634620195649716,66.48832006222412,87.48050944224414,TRACK
8.652,167.44632579600642,-529.778806884921,-0.5019949352659014,-0.16544256381597025,0.7327023226760234,-0.12233837729881807,0.7428454564813246,167.44632579600642,-531.0,1.2211931150790178,171.0,-531.0,-0.3309998400221545,0.17099509524374695,0.2571545435186754,66.48832006222412,87.48050944224414,TRACK
8.7,167.48130397236702,-529.7853616613392,-0.5037596552712458,-0.17236546213983292,0.7313057123687614,-0.1273151899600557,0.7423053297247344,167.48130397236702,-531.0,1.2146383386608477,171.0,-531.0,-0.33238832308488026,0.17137133218636552,0.2576946702752656,68.4118626159798,87.26341806799954,TRACK
8.752,167.51916709219458,-529.7926421206269,-0.5064428156683345,-0.17852079992402753,0.7301966349559759,-0.13175796483354849,0.7419887377838759,167.51916709219458,-531.0,1.2073578793731485,171.0,-531.0,-0.3338737775021968,0.17256903816613767,0.25801126221612414,68.4118626159798,87.26341806799954,TRACK
8.796,167.55409235960994,-529.799534040868,-0.5081835688245881,-0.18422729157233048,0.7292912209583869,-0.13589626223369633,0.741844646173351,167.55409235960994,-531.0,1.200465959131975,171.0,-531.0,-0.33522587768821965,0.1729576911363685,0.258155353826649,68.3353843188935,87.63640006461476,TRACK
8.852,167.59190766989238,-529.8071782007651,-0.5102390358624183,-0.18955796248094078,0.7285654205239913,-0.13978364668198318,0.7418537860407628,167.59190766989238,-531.0,1.1928217992349346,171.0,-531.0,-0.33667207044333997,0.1735669654190783,0.2581462139592372,68.3353843188935,87.63640006461476,TRACK
8.9,167.6267903473905,-529.814412546188,-0.5127397591096985,-0.19478631409050084,0.7279203800978059,-0.1436098057189223,0.741951383892746,167.6267903473905,-531.0,1.1855874538119906,171.0,-531.0,-0.33798523543635767,0.17475452367334082,0.25804861610725405,68.28659112024825,87.52853268478988,TRACK
8.948,167.66455095559297,-529.8224511896202,-0.51443587867892,-0.20002689476663302,0.7273061868878345,-0.1474526275878825,0.7421028007411725,167.66455095559297,-531.0,1.1775488103797898,171.0,-531.0,-0.33938098975960257,0.17505488891931748,0.2578971992588275,68.28659112024825,87.52853268478988,TRACK
8.996,167.69938181489707,-529.8300561590478,-0.5168551468647586,-0.2052585848823336,0.7267240372361111,-0.15129711000819324,0.7423062991741239,167.69938181489707,-531.0,1.1699438409522145,171.0,-531.0,-0.3406443632396134,0.17621078362514525,0.25769370082587606,69.45591344624258,86.16228548475887,TRACK
9.052,167.73707861613443,-529.8385119982249,-0.5184539532570143,-0.21065186203246103,0.7260990940703171,-0.15525742365918802,0.7425124658960439,167.73707861613443,-531.0,1.1614880017750693,171.0,-531.0,-0.34197953161729394,0.17647442163972032,0.2574875341039561,69.45591344624258,86.16228548475887,TRACK
9.1,167.77184619051536,-529.8465097275754,-0.5208275447959272,-0.2160624051608521,0.7254779743400319,-0.15923410189216894,0.7427474607549471,167.77184619051536,-531.0,1.1534902724246194,171.5,-531.0,-0.30005805551105774,0.22076948928486945,0.25725253924505287,70.02445403179226,85.42136194834077,TRACK
9.152,167.80947943078013,-529.8553791389647,-0.5223217416645296,-0.2214540547971752,0.7248613389492666,-0.16320012750441687,0.7430062195707258,167.80947943078013,-531.0,1.1446208610352642,171.5,-531.0,-0.30074397307022477,0.22157776859430484,0.25699378042927423,70.02445403179226,85.42136194834077,TRACK
9.2,167.84418540026357,-529.8637573866437,-0.5243037647844977,-0.22685496152165163,0.7242242311337728,-0.1671714722034299,0.7432678104693936,167.84418540026357,-531.0,1.1362426133563304,171.5,-531.0,-0.3013392155446117,0.222964549239886,0.2567321895306064,125.0220887286115,30.2436064231633,TRACK
9.252,167.88171406051,-529.8730935153953,-0.5262632592916474,-0.2327962525336419,0.7233425018956567,-0.17150078506846816,0.7433955167525353,167.88171406051,-531.0,1.1269064846046604,171.5,-531.0,-0.30192581439727995,0.22433744489436747,0.25660448324746465,125.0220887286115,30.2436064231633,TRACK
9.3,167.91620555303925,-529.8820916714112,-0.5272855496332842,-0.24062954121589653,0.7216730925912288,-0.17708706457694517,0.7430826878690335,167.91620555303925,-531.0,1.1179083285887828,171.5,-531.0,-0.30236939333602486,0.22491615629725936,0.25691731213096647,80.08870915459492,75.14970788008516,TRACK
9.348,167.9534319937459,-529.8922016178655,-0.5282425567391734,-0.249213837383119,0.7196500918637492,-0.18315430849390968,0.7425912438477745,167.9534319937459,-531.0,1.107798382134547,171.5,-531.0,-0.30275536630845257,0.22548719043072085,0.25740875615222547,80.08870915459492,75.14970788008516,TRACK
9.396,167.9877455277328,-529.9017276202712,-0.5291990113610421,-0.25676330292360794,0.7179754116992756,-0.18851073472983876,0.742310574431705,167.9877455277328,-531.0,1.098272379728769,171.5,-531.0,-0.3030645761952543,0.2261344351657878,0.257689425568295,79.75943637662525,76.66101210038983,TRACK
9.452,168.02487374072174,-529.9122470838437,-0.5302761282394854,-0.26352711144258,0.7165854511838832,-0.19333605931204098,0.7422085560532958,168.02487374072174,-531.0,1.0877529161563189,171.5,-531.0,-0.30335038270581266,0.22692574553367278,0.25779144394670417,79.75943637662525,76.66101210038983,TRACK
9.5,168.0591112187426,-529.9221335106798,-0.5309019016501199,-0.26968346935173343,0.7154288205049312,-0.19775696756639632,0.7422575128822434,168.0591112187426,-531.0,1.0778664893201721,171.5,-531.0,-0.30357013445105424,0.22733176719906562,0.2577424871177566,81.01638350227026,75.53570206644841,TRACK
9.552,168.0961631044619,-529.9330353135575,-0.5316629741979848,-0.2754510609990758,0.7144164256697008,-0.20191954828727438,0.7424030800361808,168.0961631044619,-531.0,1.0669646864424749,171.5,-531.0,-0.3037586777485822,0.22790429644940263,0.25759691996381917,81.01638350227026,75.53570206644841,TRACK
9.6,168.1303248721717,-529.9432828990039,-0.5324582592937723,-0.2810472317220515,0.7134668995692949,-0.20596968359959797,0.7426025365854474,168.1303248721717,-531.0,1.0567171009961385,171.5,-531.0,-0.30388317186954017,0.22857508742423216,0.2573974634145526,81.19306328810504,75.09399519393969,TRACK
9.652,168.16728313837933,-529.9545951505397,-0.5332636471814087,-0.2866434440092531,0.7125110457328689,-0.2100204489079972,0.7428193449627326,168.16728313837933,-531.0,1.045404849460283,171.5,-531.0,-0.30395903965413795,0.22930460752727078,0.2571806550372674,81.19306328810504,75.09399519393969,TRACK
9.7,168.20134677724297,-529.9652424482504,-0.5338784444623905,-0.2923539474943009,0.7115128797737587,-0.21414983759700473,0.7430415405795093,168.20134677724297,-531.0,1.0347575517496352,171.5,-531.0,-0.3039694630394256,0.2299089814229649,0.25695845942049067,82.42596158832013,73.65396061554337,TRACK
9.748,168.2381863366624,-529.9770098623677,-0.5344027201813661,-0.29824640135494285,0.7104419448683574,-0.2184011433047883,0.7432542071358714,168.2381863366624,-531.0,1.0229901376322914,171.5,-531.0,-0.30391051922491785,0.2304922009564483,0.2567457928641286,82.42596158832013,73.65396061554337,TRACK
9.8,168.27213282220796,-529.9880902262137,-0.5349519648095704,-0.3042900417789401,0.7093137212674447,-0.2227550628582584,0.7434687439343075,168.27213282220796,-531.0,1.0119097737863285,172.0,-531.0,-0.26505787821506094,0.2698940865945095,0.2565312560656925,82.98633726572062,72.97893869834304,TRACK
9.852,168.3088494992951,-530.0003209315206,-0.5355684856414316,-0.31033496185497356,0.708185399217971,-0.22711284580838245,0.743711506161293,168.3088494992951,-531.0,0.999679068479395,172.0,-531.0,-0.26448648309003947,0.2710820025513921,0.256288493838707,82.98633726572062,72.97893869834304,TRACK
9.9,168.34268572880325,-530.0118227488286,-0.5359910454173589,-0.31640732228521895,0.707043016321969,-0.23149076764660514,0.7439743291507326,168.34268572880325,-531.0,0.9881772511713507,172.0,-531.0,-0.2638908293858779,0.272100216031481,0.2560256708492674,132.80102558555583,23.035070338521052,TRACK
9.952,168.3792592675419,-530.024545812533,-0.5361635926790842,-0.3228421943100069,0.7057460098117389,-0.23610500467269496,0.7441928537662024,168.3792592675419,-531.0,0.975454187466994,172.0,-531.0,-0.2631593763134422,0.273004216365642,0.25580714623379763,132.80102558555583,23.035070338521052,TRACK
10.0,168.41286464617298,-530.0366598148161,-0.5359658407608685,-0.3309399741313474,0.7037741255625879,-0.24179951968453442,0.744153900433947,168.41286464617298,-531.0,0.963340185183938,172.0,-531.0,-0.26236376130408584,0.27360207945678267,0.255846099566053,91.81294513079627,63.87966639848071,TRACK
10.052,168.44911579952657,-530.0501560383557,-0.53564414923239,-0.3398485147498425,0.7014513291879205,-0.24800965392699748,0.7440045400805626,168.44911579952657,-531.0,0.9498439616443193,172.0,-531.0,-0.2613756229694503,0.2742685262629397,0.2559954599194374,91.81294513079627,63.87966639848071,TRACK
10.1,168.4825175296177,-530.0628152599878,-0.5350608672396486,-0.347697746705573,0.6994976458866264,-0.2535130994535266,0.7440200590007409,168.4825175296177,-531.0,0.9371847400121851,172.0,-531.0,-0.2603872338786214,0.27467363336102724,0.25597994099925914,92.37355796229676,63.89581312215973,TRACK
10.152,168.51864630527947,-530.076730045005,-0.5346840969063966,-0.3546785949049205,0.6978479213959812,-0.25844072149108865,0.7441661964383534,168.51864630527947,-531.0,0.9232699549950212,172.0,-531.0,-0.25923661133277676,0.27544748557361987,0.25583380356164664,92.37355796229676,63.89581312215973,TRACK
10.2,168.55194392677194,-530.0897573091706,-0.5340531050976535,-0.361070405999181,0.6963963056232827,-0.26297693684379325,0.7443955157021709,168.55194392677194,-531.0,0.9102426908293637,172.0,-531.0,-0.2580991564602898,0.27595394863736367,0.2556044842978291,93.1915209683654,62.94515776193992,TRACK
10.252,168.58796148299172,-530.1040599779984,-0.5332958821241625,-0.3670023497034081,0.695083457826692,-0.26720297221237643,0.744673379209596,168.58796148299172,-531.0,0.8959400220015823,172.0,-531.0,-0.25678507685218055,0.2765108052719819,0.255326620790404,93.1915209683654,62.94515776193992,TRACK
10.296,168.62115184860568,-530.1174436193947,-0.5326810112626363,-0.3727092676250094,0.6938173301891529,-0.27127098378629044,0.7449633778349013,168.62115184860568,-531.0,0.8825563806052514,172.0,-531.0,-0.2554920906834538,0.27718892057918254,0.2550366221650987,93.86761188182417,61.94818752776759,TRACK
10.352,168.65703760665053,-530.1321488214217,-0.5317801001716962,-0.3783827078018951,0.6925200206940955,-0.27530346079601326,0.7452355161882802,168.65703760665053,-531.0,0.8678511785783485,172.0,-531.0,-0.2539984339764254,0.2777816661952708,0.2547644838117198,93.86761188182417,61.94818752776759,TRACK
10.4,168.6900898051785,-530.1459237122777,-0.5309792431241207,-0.384157766422197,0.6911436277176011,-0.27938916200978947,0.745478247826976,168.6900898051785,-531.0,0.8540762877222505,172.0,-531.0,-0.25252762515845395,0.27845161796566675,0.254521752173024,94.986436164027,60.620123063233784,TRACK
10.452,168.72581519907456,-530.1610642540293,-0.530268977773511,-0.39000588730833846,0.6897027400091421,-0.2835104478646763,0.7456997007003205,168.72581519907456,-531.0,0.8389357459707298,172.0,-531.0,-0.25083107085802303,0.279437906915488,0.25430029929967946,94.986436164027,60.620123063233784,TRACK
10.5,168.75870979157506,-530.1752523329029,-0.5293097526047617,-0.3960309784817015,0.6881631846554017,-0.2877365328990297,0.7458960256495666,168.75870979157506,-531.0,0.8247476670970855,172.5,-531.0,-0.21697445324843231,0.3123352993563293,0.2541039743504334,96.36470573280579,59.036013472060716,TRACK
10.552,168.79426049839134,-530.1908421506395,-0.5283423689218472,-0.40206752174681093,0.6865896735971337,-0.29196021191887034,0.746087223609901,168.79426049839134,-531.0,0.8091578493605311,172.5,-531.0,-0.21497841458184191,0.31336395434000525,0.253912776390099,96.36470573280579,59.036013472060716,TRACK
10.6,168.82700791937427,-530.2054148976684,-0.5272021582143589,-0.40788928966903043,0.685066565838661,-0.29603375150023375,0.7462922896943788,168.82700791937427,-531.0,0.7945851023315527,172.5,-531.0,-0.21304879826287493,0.31415335995148397,0.2537077103056212,137.4972868573115,17.728995872025862,TRACK
10.652,168.8623952428995,-530.2214209138233,-0.5256788435841795,-0.41380155764515614,0.6834771761381079,-0.3001547395173936,0.7464810231723754,168.8623952428995,-531.0,0.7785790861767055,172.5,-531.0,-0.21085475757874206,0.31482408600543743,0.2535189768276246,137.4972868573115,17.728995872025862,TRACK
10.7,168.8949136140499,-530.2365053737051,-0.5243207032253561,-0.4209892505268941,0.6813732874613508,-0.30509143399103317,0.7465589996514633,168.8949136140499,-531.0,0.7634946262949143,172.5,-531.0,-0.2086989038474719,0.31562179937788415,0.25344100034853667,103.25625064909104,51.75010801370468,TRACK
10.752,168.92999777045026,-530.2531525552043,-0.5221310548913722,-0.4287065378830527,0.679035997236902,-0.31035776910836427,0.7466001810804995,168.92999777045026,-531.0,0.7468474447956623,172.5,-531.0,-0.20622666022728636,0.3159043946640859,0.2533998189195005,103.25625064909104,51.75010801370468,TRACK
10.8,168.96231324606657,-530.2686875883854,-0.5202887298450132,-0.4355012031766135,0.6770070745729486,-0.31500883353258813,0.7467055271158664,168.96231324606657,-531.0,0.7313124116145673,172.5,-531.0,-0.2038491587551796,0.31643957108983356,0.25329447288413365,103.95882478966985,51.12113862970978,TRACK
10.848,168.99725956758945,-530.2856714689896,-0.5187061398968535,-0.4414128102114194,0.6752702241071937,-0.3190703227855184,0.7468572463652171,168.99725956758945,-531.0,0.7143285310104375,172.5,-531.0,-0.20117555647346713,0.3175305834233864,0.2531427536347829,103.95882478966985,51.12113862970978,TRACK
10.896,169.02945944414876,-530.3014886851298,-0.5166105397994953,-0.4467303550367694,0.6737164122479317,-0.3227295774999025,0.747026227334416,169.02945944414876,-531.0,0.6985113148701885,172.5,-531.0,-0.19861520122516094,0.3179953385743344,0.25297377266558396,105.61381878237395,49.254767393482325,TRACK
10.952,169.06427848711385,-530.318770174365,-0.5145884402853262,-0.4516224295317654,0.6722746109954639,-0.3260919413810107,0.7471874643104894,169.06427848711385,-531.0,0.6812298256350005,172.5,-531.0,-0.195739757669869,0.31884868261545724,0.25281253568951056,105.61381878237395,49.254767393482325,TRACK
11.0,169.09635821652398,-530.3348542083162,-0.5119432810510989,-0.45621827314038793,0.6708931907625699,-0.32923917612506826,0.7473259720544281,169.09635821652398,-531.0,0.6651457916838126,172.5,-531.0,-0.19298959038449848,0.3189536906666004,0.2526740279455719,106.29348321214715,48.35628087495265,TRACK
11.052,169.13103436317817,-530.352434419294,-0.5101407377199361,-0.4607695395764437,0.6694777149373495,-0.3323338076012782,0.7474263645821563,169.13103436317817,-531.0,0.6475655807059866,172.5,-531.0,-0.18989885709011048,0.3202418806298256,0.2525736354178437,106.29348321214715,48.35628087495265,TRACK
11.1,169.1629715514241,-530.3688026519097,-0.5077067145500198,-0.46526387616375026,0.6680358456692096,-0.3353686710971124,0.7474918304920926,169.1629715514241,-531.0,0.631197348090268,172.5,-531.0,-0.18694097669305423,0.3207657378569656,0.25250816950790744,107.47185191877193,47.09270367908772,TRACK
11.152,169.1974910064151,-530.3866857791918,-0.5048592072846319,-0.46971870599997956,0.6665657852013278,-0.33835683907315434,0.7475261176364604,169.1974910064151,-531.0,0.6133142208082063,172.5,-531.0,-0.18361972753507597,0.3212394797495559,0.2524738823635396,107.47185191877193,47.09270367908772,TRACK
11.2,169.22927812818395,-530.4033362894995,-0.5028886118594738,-0.474197988167437,0.6650488566120131,-0.34134191639139305,0.747532130123311,169.22927812818395,-531.0,0.5966637105004793,172.5,-531.0,-0.18044150957862945,0.3224471022808443,0.252467869876689,108.13084254135177,46.449329651565535,TRACK
11.252,169.2636424774117,-530.4215058258801,-0.500466680215681,-0.47845759072879385,0.6635802612154035,-0.344167202062172,0.7475224585589433,169.2636424774117,-531.0,0.5784941741198963,173.0,-531.0,-0.15360870005865015,0.34685798015703084,0.2524775414410567,108.13084254135177,46.449329651565535,TRACK
11.3,169.29530007030587,-530.4383922421312,-0.49779877307684384,-0.4825027517120923,0.662163784643285,-0.34683879983768384,0.7475011911468527,169.29530007030587,-531.0,0.5616077578688419,173.0,-531.0,-0.1504478403013751,0.34735093277546875,0.25249880885314735,139.87693960422982,14.757655625316232,TRACK
11.352,169.32952664872494,-530.4568095418549,-0.4951717455935576,-0.4864077754026448,0.6607776609156956,-0.3494078141889737,0.747471028054957,169.32952664872494,-531.0,0.5431904581450908,173.0,-531.0,-0.14692282884472327,0.3482489167488343,0.252528971945043,139.87693960422982,14.757655625316232,TRACK
11.4,169.36100945724965,-530.4740109370647,-0.49200464555170553,-0.49118409721625855,0.6590676250879104,-0.35254191929415524,0.7474328995291986,169.36100945724965,-531.0,0.5259890629353094,173.0,-531.0,-0.1435483868151112,0.34845625873659436,0.25256710047080144,114.80643865398775,39.880673865098196,TRACK
11.452,169.39500190304648,-530.4928531137919,-0.4881583797106521,-0.4964193094365212,0.6571892645550148,-0.35597459089710026,0.7474059397748449,169.39500190304648,-531.0,0.5071468862081474,173.0,-531.0,-0.13976165235381335,0.3483967273568388,0.25259406022515507,114.80643865398775,39.880673865098196,TRACK
11.496,169.42633158640325,-530.51033024223,-0.4854686755872555,-0.5007688534984247,0.655618629770565,-0.3588208789445888,0.7473875907912844,169.42633158640325,-531.0,0.48966975777000243,173.0,-531.0,-0.13617360744837143,0.34929506813888406,0.25261240920871564,114.50482258098872,40.22503557269029,TRACK
11.552,169.46022906170734,-530.5293359831829,-0.4822458479267171,-0.5043524774836687,0.6543081931283794,-0.3611568277279659,0.7473643460919529,169.46022906170734,-531.0,0.47066401681706793,173.0,-531.0,-0.13218916391574112,0.350056684010976,0.2526356539080471,114.50482258098872,40.22503557269029,TRACK
11.6,169.49148098376122,-530.546940332627,-0.47871613325370577,-0.5073790087377109,0.6531789238430111,-0.36311698605244414,0.7473263357546855,169.49148098376122,-531.0,0.45305966737305425,173.0,-531.0,-0.12842065924057233,0.35029547401313343,0.25267366424531446,117.41958752448238,37.321256319418616,TRACK
11.652,169.52530243315618,-530.5660616161258,-0.47449998325094445,-0.5098916919533025,0.6522106714255983,-0.36472698756104466,0.7472647023490299,169.52530243315618,-531.0,0.43393838387419237,173.0,-531.0,-0.12424198270896801,0.3502580005419764,0.25273529765097014,117.41958752448238,37.321256319418616,TRACK
11.7,169.5564811095695,-530.5837726505907,-0.4716974992354963,-0.5122374498653467,0.6512814519403183,-0.3662155015547469,0.7471822556916645,169.5564811095695,-531.0,0.41622734940926875,173.0,-531.0,-0.12028912665236347,0.35140837258313284,0.2528177443083355,116.91830154993525,37.90680483131202,TRACK
11.752,169.5902123089959,-530.603025162823,-0.46821624826202557,-0.5144792049356927,0.6503698629773443,-0.3676242929583663,0.7470800354997504,169.5902123089959,-531.0,0.39697483717702653,173.0,-531.0,-0.11590039357822088,0.35231585468380466,0.25291996450024956,116.91830154993525,37.90680483131202,TRACK
11.8,169.62131079898447,-530.6208466821502,-0.46375928335037253,-0.5165439874099164,0.6495002337686662,-0.36890436885033107,0.7469544745313553,169.62131079898447,-531.0,0.3791533178498412,173.0,-531.0,-0.11175152255027672,0.3520077608000958,0.25304552546864467,120.34227725450256,34.627557373629,TRACK
11.852,169.65495496137282,-530.6402156579425,-0.4598632421673927,-0.518579206283321,0.6486262449481839,-0.37015594604706936,0.7468141870837633,169.65495496137282,-531.0,0.3597843420575373,173.0,-531.0,-0.10714549118283981,0.35271775098455294,0.25318581291623665,120.34227725450256,34.627557373629,TRACK
11.9,169.685971238465,-530.6581471595214,-0.45673837933642325,-0.5205404549316841,0.6477674130133455,-0.37135189727684526,0.746662475937498,169.685971238465,-531.0,0.34185284047862297,173.0,-531.0,-0.10278969859276943,0.3539486807436538,0.253337524062502,119.7164747222767,35.44082273213718,TRACK
11.952,169.71953573963438,-530.6776168337424,-0.45299013706199087,-0.52232257231819,0.6469637301757523,-0.3724246174097573,0.7464999422744303,169.71953573963438,-531.0,0.3223831662576231,173.0,-531.0,-0.09795909537572645,0.3550310416862644,0.2535000577255697,119.7164747222767,35.44082273213718,TRACK
12.0,169.75048911226114,-530.6956208612415,-0.4488889235224591,-0.5238951383919239,0.6462281000176575,-0.3733553684977153,0.7463276682788172,169.75048911226114,-531.0,0.30437913875846334,173.5,-531.0,-0.08100074040206011,0.367888183120399,0.25367233172118275,123.27387790414454,32.08090375524919,TRACK
12.052,169.78400229908604,-530.7151367256399,-0.44501356966776034,-0.5250962330547572,0.6456177917175705,-0.37403776912803666,0.746141129892027,169.78400229908604,-531.0,0.2848632743600774,173.5,-531.0,-0.07650898966375144,0.3685045800040089,0.25385887010797303,123.27387790414454,32.08090375524919,TRACK
12.096,169.81491684761588,-530.7331692361607,-0.44004061047452314,-0.5261298861229579,0.645070147646474,-0.3746116058141389,0.7459553274796632,169.81491684761588,-531.0,0.2668307638392662,173.5,-531.0,-0.07228219443801633,0.36775841603650683,0.2540446725203368,138.6594359524429,16.91541898694068,TRACK
12.152,169.84838759559926,-530.7527218095533,-0.4366947453815775,-0.5270282321715671,0.64457947662762,-0.3751014031525687,0.7457772886972105,169.84838759559926,-531.0,0.24727819044665011,173.5,-531.0,-0.06761430880446745,0.36908043657711004,0.2542227113027895,138.6594359524429,16.91541898694068,TRACK
12.2,169.87924628406535,-530.7708297879769,-0.4320814228406338,-0.5282987544497831,0.6439879298731388,-0.3758532547211526,0.7456447699184742,169.87924628406535,-531.0,0.22917021202306387,173.5,-531.0,-0.06320919333422366,0.36887222950641013,0.25435523008152583,125.90444357687097,29.873214260111368,TRACK
12.252,169.91263656087386,-530.7905153742389,-0.426647177762471,-0.5298416670017706,0.6433344021671755,-0.37680375387047604,0.7455603409132485,169.91263656087386,-531.0,0.2094846257610925,173.5,-531.0,-0.05832890967656384,0.3683182680859072,0.2544396590867515,125.90444357687097,29.873214260111368,TRACK
12.3,169.9434512728478,-530.8086889341358,-0.4222117533757685,-0.5308987904048588,0.6428579695519159,-0.3774379809308699,0.745470186168155,169.9434512728478,-531.0,0.1913110658641699,173.5,-531.0,-0.053739420162407354,0.36847233321336115,0.25452981383184503,125.41708658363609,30.40553162450476,TRACK
12.352,169.97683248748376,-530.8283669049262,-0.41732040725065733,-0.5315141717744216,0.6425389325662119,-0.3777825679245688,0.7453696723713733,169.97683248748376,-531.0,0.17163309507384383,173.5,-531.0,-0.0486770821684708,0.36864332508218656,0.2546303276286267,125.41708658363609,30.40553162450476,TRACK
12.4,170.00764712273335,-530.8465170342221,-0.41353882578123624,-0.531788943504998,0.6423403548629204,-0.3779033619337072,0.7452597415976667,170.00764712273335,-531.0,0.15348296577792553,173.5,-531.0,-0.04392003628611307,0.36961878949512317,0.2547402584023333,127.75706335326373,28.15717849926842,TRACK
12.452,170.04104010387704,-530.866144983416,-0.40895285768817047,-0.5316496050545702,0.6422816806665173,-0.3777483817545312,0.7451305907275403,170.04104010387704,-531.0,0.13385501658399335,173.5,-531.0,-0.03867875397679513,0.37027410371137537,0.2548694092724597,127.75706335326373,28.15717849926842,TRACK
12.5,170.0718706780146,-530.8842402281606,-0.4039452284414542,-0.5313349472773052,0.6422893621862297,-0.37748094106971897,0.7450016682185848,170.0718706780146,-531.0,0.11575977183940722,173.5,-531.0,-0.03375479528393493,0.37019043315751926,0.2549983317814152,130.57393133360443,25.496434189311692,TRACK
12.552,170.10527948651915,-530.9038160400569,-0.39923499828786047,-0.5308758336187743,0.6423550657402098,-0.3771228840741835,0.7448769698242383,170.10527948651915,-531.0,0.09618395994311868,173.5,-531.0,-0.028325817610834348,0.3709091806770261,0.25512303017576166,130.57393133360443,25.496434189311692,TRACK
12.6,170.13612785516628,-530.921860123779,-0.3940283424916351,-0.5303117324757615,0.6424668141164424,-0.3767013184551148,0.7447600221324673,170.13612785516628,-531.0,0.07813987622103014,173.5,-531.0,-0.02322496897133483,0.37080337352030024,0.2552399778675327,130.73368816478498,25.483636066848867,TRACK
12.652,170.1695548868875,-530.941388921848,-0.3879831369371476,-0.5297607164847321,0.6425930657609014,-0.37629969015267883,0.7446659015780138,170.1695548868875,-531.0,0.05861107815201194,173.5,-531.0,-0.017596755532233745,0.37038638140491387,0.2553340984219862,130.73368816478498,25.483636066848867,TRACK
12.7,170.20042382319397,-530.9593876653571,-0.38305801971870057,-0.5291018188579831,0.6427714866458681,-0.37583563668650655,0.7445855289008048,170.20042382319397,-531.0,0.04061233464290126,173.5,-531.0,-0.01230772735402822,0.37075029236467233,0.25541447109919524,130.50993912322477,25.80198918863622,TRACK
12.748,170.2338831234316,-530.9788513582489,-0.37885899104228193,-0.5283188028999763,0.6430082948423717,-0.3752987890795245,0.7445192061462563,170.2338831234316,-531.0,0.021148641751096875,173.5,-531.0,-0.006475073301456494,0.37238391774082547,0.25548079385374367,130.50993912322477,25.80198918863622,TRACK
12.8,170.26478631675946,-530.9967865202013,-0.3725976022904724,-0.5274574814848891,0.6432911763297426,-0.3747214354715427,0.7444727609157756,170.26478631675946,-531.0,0.003213479798660046,174.0,-531.0,-0.0008603199919348533,0.37173728229853753,0.25552723908422437,134.65513611156518,21.704907747499163,TRACK
12.852,170.29829241805217,-531.0161655903091,-0.36835334084708893,-0.52637574830132,0.6436611002383816,-0.37400498185892783,0.7444322255352605,170.29829241805217,-531.0,0.016165590309128675,174.0,-531.0,0.0043670352631826215,0.37272037611027153,0.25556777446473955,134.65513611156518,21.704907747499163,TRACK
12.9,170.32924222734758,-531.0340235318004,-0.36278730976497675,-0.5253110219116698,0.6440554079339591,-0.3733173949151827,0.7444281334254079,170.32924222734758,-531.0,0.03402353180035789,174.0,-531.0,0.00926853789574566,0.3720558476607224,0.2555718665745921,133.98635701360826,22.391296658404897,TRACK
12.952,170.36279900308804,-531.0533295575885,-0.35755630196735333,-0.5241793587878611,0.6444989287948182,-0.372600711038406,0.74445292603629,170.36279900308804,-531.0,0.05332955758854041,174.0,-531.0,0.01466120142976662,0.37221750339711995,0.25554707396371,133.98635701360826,22.391296658404897,TRACK
13.0,170.39380821442234,-531.0710969449646,-0.35179640861135364,-0.5228243689030905,0.6450331363625198,-0.3717443284583799,0.7444874698385735,170.39380821442234,-531.0,0.07109694496455177,174.0,-531.0,0.019712688554407297,0.3715090971657609,0.2555125301614265,134.03670502728232,22.27498267782167,TRACK
13.052,170.4274377533101,-531.0902924253667,-0.3451262826609385,-0.5213688280450979,0.6456242042263715,-0.3708341623583571,0.7445458945256227,170.4274377533101,-531.0,0.0902924253666697,174.0,-531.0,0.025268477131977562,0.37039475979291603,0.2554541054743773,134.03670502728232,22.27498267782167,TRACK
13.1,170.45851940032907,-531.1079524514341,-0.34056427838757264,-0.5197327302587376,0.6462927422604277,-0.3698132289414976,0.7446181121881471,170.45851940032907,-531.0,0.10795245143413013,174.0,-531.0,0.030472857784669013,0.37103713617224165,0.2553818878118529,133.34411085615312,22.879782674220998,TRACK
13.152,170.4922354312748,-531.127018997744,-0.3351093085617667,-0.5179598146350829,0.6470251061424359,-0.36871112205159634,0.7447075798615035,170.4922354312748,-531.0,0.12701899774401681,174.0,-531.0,0.036194996031703605,0.3713043045934703,0.2552924201384965,133.34411085615312,22.879782674220998,TRACK
13.2,170.52339799399522,-531.1445646443749,-0.3282577235074433,-0.5161521428509963,0.6477933388290158,-0.3675992360170285,0.7448257569066385,170.52339799399522,-531.0,0.14456464437489558,174.0,-531.0,0.04155822534349698,0.36981594885094027,0.25517424309336145,137.46163823803647,18.63843981365359,TRACK
13.252,170.5572054621593,-531.1635041644076,-0.32362750802040274,-0.5142269810982393,0.6486159367277906,-0.36641704209300496,0.7449591143904853,170.5572054621593,-531.0,0.16350416440764093,174.0,-531.0,0.04745604273272664,0.3710835507531294,0.25504088560951466,137.46163823803647,18.63843981365359,TRACK
13.3,170.58844986760099,-531.180948254751,-0.3175681513953037,-0.5124672267292737,0.6494241485521054,-0.3653675694474574,0.7451477608679836,170.58844986760099,-531.0,0.1809482547510015,174.0,-531.0,0.052990239198982436,0.37055839059428614,0.2548522391320164,137.17743109234735,18.738669602820515,TRACK
13.352,170.62234076834116,-531.1998020336255,-0.31043297379770984,-0.5107883807433032,0.6502375284638964,-0.3643893548728746,0.7453780553299824,170.62234076834116,-531.0,0.199802033625474,174.0,-531.0,0.0590851412914545,0.3695181150891643,0.25462194467001764,137.17743109234735,18.738669602820515,TRACK
13.4,170.65366967733578,-531.2171516147555,-0.3046843597802642,-0.5090228062837111,0.6510943549206645,-0.3633604430737638,0.7456236789428821,170.65366967733578,-531.0,0.21715161475549394,174.0,-531.0,0.06480160381722255,0.36948596359748676,0.25437632105711794,136.38147111502633,19.21920763941297,TRACK
13.452,170.6876576517648,-531.2358920720441,-0.29842815390500066,-0.5072306912460177,0.6519765432013865,-0.36232198128641646,0.7458891546390414,170.6876576517648,-531.0,0.23589207204406648,174.0,-531.0,0.07109605913240358,0.36952421303740424,0.2541108453609586,136.38147111502633,19.21920763941297,TRACK
13.5,170.71908187848916,-531.253123826513,-0.2925829812322924,-0.505252489793826,0.6529197396127547,-0.3611574975058193,0.7461493981641032,170.71908187848916,-531.0,0.2531238265130469,174.0,-531.0,0.07699777658792183,0.36958075782021427,0.2538506018358968,138.99074601181013,16.28192341963313,TRACK
13.552,170.75318154615266,-531.2717142479584,-0.28762052735099997,-0.5031097563954453,0.6539148246372162,-0.35988021002991066,0.7464036196666611,170.75318154615266,-531.0,0.2717142479583572,174.5,-531.0,0.07239193399408164,0.3600124613450816,0.25359638033333887,138.99074601181013,16.28192341963313,TRACK
13.596,170.78470546547595,-531.2888227417825,-0.28120462240700506,-0.5010512933770555,0.6549065477465222,-0.3586715706537906,0.7466912895410827,170.78470546547595,-531.0,0.28882274178249645,174.5,-531.0,0.07758281953324972,0.3587874419402548,0.25330871045891734,128.0717738674627,26.91603377314771,TRACK
13.652,170.8189124522958,-531.307287786882,-0.27523011178081735,-0.49892509867578166,0.6559285903995447,-0.3574204783250875,0.7469884296491265,170.8189124522958,-531.0,0.30728778688194325,174.5,-531.0,0.08328434893904053,0.3585144607198579,0.2530115703508735,128.0717738674627,26.91603377314771,TRACK
13.696,170.85055018782393,-531.3242358926634,-0.2688056509288457,-0.496427053522708,0.6570454053190296,-0.3559032489011662,0.7472454665163605,170.85055018782393,-531.0,0.3242358926634097,174.5,-531.0,0.0886124793541055,0.35741813028295116,0.2527545334836395,137.39885381987077,17.2314299385296,TRACK
13.752,170.8848906330701,-531.3424954331822,-0.26284509556104907,-0.49372140480965676,0.658217125691313,-0.35423786527757,0.7474852839686836,170.8848906330701,-531.0,0.34249543318219366,174.5,-531.0,0.0944580574562718,0.35730315301732085,0.25251471603131637,137.39885381987077,17.2314299385296,TRACK
13.8,170.91664203530934,-531.3592903743038,-0.2553035808135837,-0.49120586849099396,0.6593617730270218,-0.3527177247753375,0.7477751942261983,170.91664203530934,-531.0,0.3592903743037823,174.5,-531.0,0.09993239996739761,0.3552359807809813,0.2522248057738017,138.43793303955954,15.963463218022383,TRACK
13.852,170.95109303716248,-531.3774370484808,-0.24875991431478228,-0.4889649579643887,0.66046689570987,-0.3514075972956288,0.7481335574385894,170.95109303716248,-531.0,0.3774370484808287,174.5,-531.0,0.1059547554076559,0.3547146697224382,0.25186644256141055,138.43793303955954,15.963463218022383,TRACK
13.9,170.9829448589044,-531.39414421695,-0.24361378493834526,-0.4869019797564617,0.6615563490796106,-0.350238041663588,0.7485475862200671,170.9829448589044,-531.0,0.3941442169500533,174.5,-531.0,0.11160090382940603,0.3552146887677513,0.2514524137799329,137.34619829831382,16.62165616671534,TRACK
13.952,171.01750630821033,-531.4121961398185,-0.23594889238472197,-0.4849527154261759,0.662636766460865,-0.34915805408081424,0.7489985520648299,171.01750630821033,-531.0,0.41219613981854764,174.5,-531.0,0.11781421273882363,0.3537631051235456,0.2510014479351701,137.34619829831382,16.62165616671534,TRACK
13.996,171.0494606289218,-531.4288179855332,-0.2307899473613266,-0.4830970442931048,0.6637141533873161,-0.3481536934886424,0.7494848041797948,171.0494606289218,-531.0,0.4288179855332146,174.5,-531.0,0.12364171417762963,0.3544316615389562,0.2505151958202052,139.70350718416032,13.678429518886666,TRACK
14.052,171.08413739886237,-531.4467620234309,-0.22456154480474,-0.481143574732576,0.6648155358402399,-0.3470770789250655,0.749961462616381,171.08413739886237,-531.0,0.44676202343089244,174.5,-531.0,0.1300521859931505,0.3546137307978905,0.25003853738361903,139.70350718416032,13.678429518886666,TRACK
14.1,171.11619816707838,-531.4632834628101,-0.21668082246434617,-0.4792799301764503,0.6659065332045839,-0.3460689301077821,0.750463333781533,171.11619816707838,-531.0,0.46328346281006816,174.5,-531.0,0.1360661394058166,0.35274696187016275,0.24953666621846704,142.52558890131107,10.276748481579148,TRACK
14.152,171.15098720529056,-531.4811301758225,-0.21145189881287152,-0.4774268261722322,0.6669962345495898,-0.34506691138450407,0.7509694735711783,171.15098720529056,-531.0,0.48113017582249995,174.5,-531.0,0.14268698348475453,0.354138882297626,0.24903052642882173,142.52558890131107,10.276748481579148,TRACK
14.2,171.18315079835682,-531.497562792593,-0.2044910467178653,-0.4756425194542024,0.6680737518986981,-0.3441146563518107,0.7514901427777533,171.18315079835682,-531.0,0.4975627925930439,174.5,-531.0,0.14890038915972362,0.3533914358775889,0.24850985722224672,141.74426201389292,10.480420099725407,TRACK
14.252,171.21804650238198,-531.515332053575,-0.19643549044576636,-0.4740115289944758,0.6691228696727279,-0.3432753216993968,0.752039467851848,171.21804650238198,-531.0,0.5153320535749799,174.5,-531.0,0.15574821806861414,0.3521837085143805,0.24796053214815195,141.74426201389292,10.480420099725407,TRACK
14.3,171.25030753456636,-531.5316961968878,-0.19094765036670958,-0.4724037775723007,0.6701665582983749,-0.34245083742699856,0.7525927131695747,171.25030753456636,-531.0,0.5316961968877649,175.0,-531.0,0.14085823640103867,0.33180588676774825,0.24740728683042534,140.5380632371581,11.066292406602258,TRACK
14.352,171.28530961649048,-531.5493839507452,-0.18438611706546926,-0.4708273878324847,0.6711991989216727,-0.341645233752657,0.7531466194433875,171.28530961649048,-531.0,0.5493839507452094,175.0,-531.0,0.14683058654582273,0.33121670361129196,0.24685338055661254,140.5380632371581,11.066292406602258,TRACK
14.4,171.31766633895265,-531.5656799890058,-0.1772609308615645,-0.4693292188072091,0.6722139139190647,-0.3408946809230188,0.753711303847829,171.31766633895265,-531.0,0.5656799890058437,175.0,-531.0,0.15242836738005347,0.32968929824161797,0.24628869615217097,117.27435254410162,33.701807431912414,TRACK
14.452,171.35277336316054,-531.583279678118,-0.17067973126252142,-0.46770664356356006,0.6732363223697239,-0.34004098854681075,0.7542380391161686,171.35277336316054,-531.0,0.5832796781179468,175.0,-531.0,0.1585813202063641,0.3292610514688855,0.2457619608838314,117.27435254410162,33.701807431912414,TRACK
14.5,171.38524393346648,-531.5993865058547,-0.1625828451920992,-0.46517459043090253,0.6743681846878467,-0.3384722614691188,0.754543517832604,171.38524393346648,-531.0,0.5993865058546817,175.0,-531.0,0.16432145689351693,0.32690430208561616,0.24545648216739602,138.2743347695824,12.109092403947585,TRACK
14.552,171.42048652166966,-531.6166865285269,-0.15729721347570846,-0.4620771728385453,0.6755490483377049,-0.3364494302485983,0.7546951277334346,171.42048652166966,-531.0,0.6166865285268841,175.0,-531.0,0.1706074338465291,0.32790464732223756,0.2453048722665654,138.2743347695824,12.109092403947585,TRACK
14.6,171.45306398875258,-531.6326020168812,-0.149202682800186,-0.4594026151629519,0.6766509122324387,-0.3347425655781185,0.7549232028721944,171.45306398875258,-531.0,0.632602016881151,175.0,-531.0,0.17649589573040347,0.3256985785305895,0.2450767971278056,139.6950464084744,10.758282143716386,TRACK
14.648,171.48840333979234,-531.6498120827816,-0.1437896621797774,-0.4572260439238065,0.6776841095649005,-0.3334196496482762,0.7552644670102993,171.48840333979234,-531.0,0.6498120827816365,175.0,-531.0,0.18297766636622056,0.326767328545998,0.24473553298970074,139.6950464084744,10.758282143716386,TRACK
14.7,171.52106810414327,-531.6656793863051,-0.13667889162371918,-0.4554623556514771,0.6786752446093549,-0.332421860463306,0.7557144837565662,171.52106810414327,-531.0,0.6656793863051007,175.0,-531.0,0.18906063991827107,0.32573953154199026,0.24428551624343375,140.51345836671138,9.569623463363655,TRACK
14.752,171.5565020072513,-531.6828537352752,-0.1300963442541729,-0.45401141949655377,0.6796363337617474,-0.33167078890769397,0.7562480138048373,171.5565020072513,-531.0,0.6828537352752164,175.0,-531.0,0.195762669952025,0.3258590142061979,0.2437519861951627,140.51345836671138,9.569623463363655,TRACK
14.8,171.58925295043505,-531.6987044868579,-0.12294359706834879,-0.4528676359698049,0.6805725776599263,-0.33116440974690675,0.7568678218458581,171.58925295043505,-531.0,0.6987044868578778,175.0,-531.0,0.20205828711930154,0.3250018841876503,0.2431321781541419,141.18505654268876,8.146771876223909,TRACK
14.852,171.62478184934702,-531.7158483081548,-0.11626853916892221,-0.45171367780025146,0.681508995078704,-0.33064797121874423,0.7574843834986016,171.62478184934702,-531.0,0.7158483081548184,175.0,-531.0,0.2089925897670052,0.3252611289359274,0.2425156165013984,141.18505654268876,8.146771876223909,TRACK
14.896,171.6576224722081,-531.7316477224065,-0.1090148216874558,-0.4505551013046302,0.6824437218298157,-0.330125243543871,0.7580976915212386,171.6576224722081,-531.0,0.7316477224064784,175.0,-531.0,0.21550121115951598,0.3245160328469718,0.24190230847876137,141.9628638469739,6.560349632965526,TRACK
14.948,171.69324926030154,-531.7487156047678,-0.10224493664408985,-0.44922760283896207,0.6833841082799272,-0.329461385735269,0.7586558140159179,171.69324926030154,-531.0,0.7487156047677672,175.0,-531.0,0.22266592416039344,0.3249108608044833,0.24134418598408214,141.9628638469739,6.560349632965526,TRACK
15.0,171.72618122071844,-531.7644139021871,-0.0936872200492691,-0.44768498566819764,0.6843285484218697,-0.32861665274410934,0.7591406105893201,171.72618122071844,-531.0,0.7644139021871297,175.0,-531.0,0.22938338927804042,0.3230706093273095,0.24085938941067986,142.8082470439337,5.10313468766428,TRACK
15.052,171.76190558793218,-531.7813615053581,-0.08626456579970787,-0.44602871057504073,0.6852660281051024,-0.3276712302418795,0.7595774907164968,171.76190558793218,-531.0,0.7813615053580634,175.5,-531.0,0.20605981288019243,0.2923243786799003,0.24042250928350317,142.8082470439337,5.10313468766428,TRACK
15.096,171.79492545545693,-531.7969526835642,-0.07933606028281193,-0.4443164535196106,0.6861927856363292,-0.32667197407696374,0.7599836298938851,171.79492545545693,-531.0,0.7969526835642,175.5,-531.0,0.21186945655263584,0.29120551683544776,0.24001637010611487,103.38857060553774,44.142105001149176,TRACK
15.152,171.8307440069367,-531.8137801259608,-0.07356938767943833,-0.4425221347533864,0.687111714854335,-0.3255984146653438,0.760353099765267,171.8307440069367,-531.0,0.8137801259607613,175.5,-531.0,0.2182507499075802,0.2918201375870185,0.239646900234733,103.38857060553774,44.142105001149176,TRACK
15.2,171.86386014373116,-531.8291027916899,-0.0663991344681445,-0.4393160712800303,0.6880944454482762,-0.3233667404743604,0.7602894282454433,171.86386014373116,-531.0,0.8291027916899338,175.5,-531.0,0.22418448927549908,0.29058362374364355,0.23971057175455668,138.8236673280794,8.354148228126832,TRACK
15.252,171.8997889085358,-531.8454749504575,-0.059863791172942715,-0.4352086711423993,0.6890896141880761,-0.3203856037824374,0.7599285699938572,171.8997889085358,-531.0,0.8454749504575148,175.5,-531.0,0.23066069125123526,0.29052448242417794,0.24007143000614284,138.8236673280794,8.354148228126832,TRACK
15.3,171.9329911142179,-531.8605405584944,-0.052759957717695816,-0.4319763328236367,0.6900076656542322,-0.3181040343945606,0.7598031030205776,171.9329911142179,-531.0,0.8605405584944492,175.5,-531.0,0.23672647752833545,0.28948643524603124,0.24019689697942237,139.02146452849274,8.998236299843413,TRACK
15.352,171.96900416664,-531.8768317338,-0.04443510427951125,-0.4294716098238554,0.6909005278238538,-0.3164197638363463,0.7599111831612487,171.96900416664,-531.0,0.8768317338000315,175.5,-531.0,0.2434008236286813,0.28783592790819257,0.24008881683875127,139.02146452849274,8.998236299843413,TRACK
15.4,172.00229188752894,-531.891838554817,-0.03886948478086705,-0.4273930437617147,0.6918083079007736,-0.31509758307578967,0.7601876227226643,172.00229188752894,-531.0,0.8918385548170136,175.5,-531.0,0.24965830688028476,0.28852779166115183,0.23981237727733573,137.8227046301494,10.000226269820963,TRACK
15.452,172.03840364225232,-531.9080675274556,-0.032158867873522956,-0.42563073269887913,0.6927352876966923,-0.31404689868214586,0.7605968928362074,172.03840364225232,-531.0,0.9080675274556143,175.5,-531.0,0.2565457568423334,0.28870462471585634,0.23940310716379265,137.8227046301494,10.000226269820963,TRACK
15.5,172.0717868896878,-531.9229899441007,-0.023760149463879943,-0.42378370532942494,0.6936974495531354,-0.3129397721802177,0.7610173799123982,172.0717868896878,-531.0,0.9229899441006637,175.5,-531.0,0.2629973131527403,0.2867574626166202,0.23898262008760185,142.28690225424782,4.802293076028562,TRACK
15.552,172.10800581249165,-531.9390587497401,-0.018047498504449644,-0.42160612729479413,0.6946845533894256,-0.3115662744900706,0.7613541699613181,172.10800581249165,-531.0,0.9390587497400702,175.5,-531.0,0.2700812625252591,0.28812876102970875,0.2386458300386819,142.28690225424782,4.802293076028562,TRACK
15.6,172.14148799398336,-531.9538176100538,-0.010668213837500717,-0.41935333116534523,0.6956858664134762,-0.31013476820587205,0.7616839234075897,172.14148799398336,-531.0,0.9538176100537612,175.5,-531.0,0.27671409185597373,0.28738230569347445,0.23831607659241028,141.23254098185095,5.403586836406049,TRACK
15.652,172.17781460928262,-531.9696982524941,-0.003777673772677126,-0.4168226315967141,0.6967018776830073,-0.30847653883637016,0.7619391585812444,172.17781460928262,-531.0,0.9696982524941404,175.5,-531.0,0.28399591522500445,0.2877735889976816,0.2380608414187556,141.23254098185095,5.403586836406049,TRACK
15.7,172.21139756858759,-531.9842526976554,0.0037062983821694036,-0.4140671326656129,0.6977319654260018,-0.30663591287777553,0.7621387528814015,172.21139756858759,-531.0,0.9842526976553927,175.5,-531.0,0.2908072100655279,0.2871009116833585,0.23786124711859846,142.12944151288335,4.272030391166595,TRACK
15.752,172.24783443122357,-531.999901470826,0.01068611536543873,-0.41112212160575345,0.6987738914229261,-0.30464162432649317,0.762293559336968,172.24783443122357,-531.0,0.9999014708259892,175.5,-531.0,0.29828407342137214,0.2875979580559334,0.23770644066303204,142.12944151288335,4.272030391166595,TRACK
15.8,172.2815198744696,-532.0142387882076,0.019501997585697373,-0.40806785855577904,0.6998260530939542,-0.30255999505348663,0.762429705084887,172.2815198744696,-531.0,1.0142387882076491,176.0,-531.0,0.2662790435020276,0.2467770459163302,0.23757029491511295,143.0872253293149,3.2360497862778317,TRACK
15.852,172.31806923001335,-532.0296679205456,0.025397442043917806,-0.4050503398274928,0.7008922122093292,-0.30051392598283977,0.7625998379525838,172.31806923001335,-531.0,1.0296679205456485,176.0,-531.0,0.27268814419954507,0.24729070215562726,0.2374001620474162,143.0872253293149,3.2360497862778317,TRACK
15.9,172.3518605299074,-532.0438161958175,0.03426823758998476,-0.40206279029538067,0.7019748329969444,-0.29849855907942435,0.7628040744080885,172.3518605299074,-531.0,1.0438161958174987,176.0,-531.0,0.27867738128024233,0.24440914369025757,0.2371959255919115,93.88179691151501,52.29729396069703,TRACK
15.952,172.38852557547006,-532.0590192165402,0.04017214469130059,-0.39891336733055244,0.7030676019657864,-0.29635208749639047,0.7629735334186827,172.38852557547006,-531.0,1.0590192165401504,176.0,-531.0,0.28524104587207516,0.24506890118077457,0.23702646658131732,93.88179691151501,52.29729396069703,TRACK
16.0,172.42241349661663,-532.0727305389968,0.04744779680491651,-0.3938650012169721,0.7040933663048602,-0.2926072497855787,0.7624739150302717,172.42241349661663,-531.0,1.0727305389967796,176.0,-531.0,0.2913169239279627,0.2438691271230462,0.23752608496972827,135.49294693791865,10.446299183307346,TRACK
16.052,172.45916691675185,-532.087222484135,0.0540316413127504,-0.38748178120088556,0.7050394774698818,-0.2877366507913226,0.7614939559836384,172.45916691675185,-531.0,1.0872224841350544,176.0,-531.0,0.29791456875377675,0.24388292744102635,0.23850604401636155,135.49294693791865,10.446299183307346,TRACK
16.1,172.49313860426497,-532.1004308986346,0.06116573689917071,-0.38166077752145766,0.7059858818052177,-0.2833401787403055,0.7607218428551129,172.49313860426497,-531.0,1.1004308986346132,176.0,-531.0,0.30406300640528394,0.24289726950611323,0.2392781571448871,138.01394026125863,9.678885495201001,TRACK
16.152,172.53000014955757,-532.1145742083241,0.06950900108445213,-0.37631402714297946,0.706997378027399,-0.2793664698607269,0.760191368682953,172.53000014955757,-531.0,1.114574208324143,176.0,-531.0,0.3107937784819866,0.24128477739753446,0.239808631317047,138.01394026125863,9.678885495201001,TRACK
16.2,172.56408827060375,-532.1274878114442,0.07508252236778713,-0.3713509126787705,0.7081075116795594,-0.2757498948266437,0.7599041074990466,172.56408827060375,-531.0,1.1274878114442117,176.0,-531.0,0.31707658294421676,0.24199406057642964,0.24009589250095342,137.0860681607369,11.233989370924178,TRACK
16.252,172.60109166575052,-532.1413456014718,0.08345092274313436,-0.3667946960308249,0.7093311960795837,-0.27251101836155295,0.7598769642910249,172.60109166575052,-531.0,1.1413456014718122,176.0,-531.0,0.32396684232604284,0.24051591958290847,0.24012303570897509,137.0860681607369,11.233989370924178,TRACK
16.296,172.63532111144508,-532.1539956682229,0.08912989398604343,-0.36231472370442364,0.7106549856412474,-0.2693722319952625,0.759994676288506,172.63532111144508,-531.0,1.153995668222933,176.0,-531.0,0.3304014620183931,0.24127156803234967,0.24000532371149397,139.48328524032323,8.509007431239638,TRACK
16.352,172.6724820722797,-532.1675270666102,0.09756729235669659,-0.3577247075914147,0.7120475924383349,-0.2661686707112522,0.7601694121479923,172.6724820722797,-531.0,1.167527066610205,176.0,-531.0,0.33744989251474783,0.23988260015805124,0.23983058785200773,139.48328524032323,8.509007431239638,TRACK
16.4,172.70685953820538,-532.1798582282506,0.10324365195498664,-0.3530594317158238,0.7134999574596211,-0.262924356257032,0.7604021346682661,172.70685953820538,-531.0,1.1798582282506231,176.0,-531.0,0.3440298941108683,0.24078624215588168,0.23959786533173388,139.98953877519062,7.534241877461795,TRACK
16.452,172.7441799954919,-532.1930051190021,0.11183493630822205,-0.34802998515022376,0.7149703579310309,-0.25938951931754617,0.7605692180543557,172.7441799954919,-531.0,1.1930051190021231,176.0,-531.0,0.3512293880110217,0.23939445170279966,0.23943078194564427,139.98953877519062,7.534241877461795,TRACK
16.5,172.77870154023242,-532.2049381156822,0.11751389939207901,-0.342701441029677,0.7164503297215294,-0.25561462168225435,0.7606838435091482,172.77870154023242,-531.0,1.2049381156822392,176.5,-531.0,0.31314170036408806,0.19562780097200905,0.2393161564908518,140.62440094227333,6.624921910202701,TRACK
16.552,172.8161757230351,-532.2176297728026,0.12443334196791,-0.3370484575021103,0.7179227908754191,-0.2515741193269222,0.7607250956643058,172.8161757230351,-531.0,1.2176297728026384,176.5,-531.0,0.31922918881660883,0.19479584684869883,0.2392749043356942,140.62440094227333,6.624921910202701,TRACK
16.6,172.85083548627475,-532.2291193511478,0.13200063140952456,-0.3311152488296555,0.7193772543581964,-0.2473013529959761,0.7606980960154808,172.85083548627475,-531.0,1.2291193511478014,176.5,-531.0,0.3248871749660496,0.19288654355652501,0.23930190398451923,86.37086890797455,60.91628308430565,TRACK
16.648,172.88845412281324,-532.2413019084644,0.1388530001200936,-0.324841432420427,0.7207975766496346,-0.24274386138589027,0.760574604325255,172.88845412281324,-531.0,1.2413019084643793,176.5,-531.0,0.331054725353658,0.19220172523356438,0.23942539567474497,86.37086890797455,60.91628308430565,TRACK
16.7,172.92321168189966,-532.2520941264421,0.14594932204582145,-0.3165354403341467,0.7219589598273833,-0.23647676598839754,0.7597012574212108,172.92321168189966,-531.0,1.2520941264421026,176.5,-531.0,0.33672916906323186,0.1907798470174104,0.24029874257878925,132.26774818005111,15.257499978070577,TRACK
16.752,172.96090127421317,-532.2633319810832,0.15383810441672008,-0.30719682137234533,0.7229532721518264,-0.2293493041305039,0.7584606364342049,172.96090127421317,-531.0,1.2633319810831836,176.5,-531.0,0.34286559359565405,0.18902748917893397,0.24153936356579508,132.26774818005111,15.257499978070577,TRACK
16.8,172.99575123550449,-532.2734755340296,0.15913379511135894,-0.2988279299573801,0.7240339279811787,-0.22304045458547034,0.7576095123805852,172.99575123550449,-531.0,1.2734755340295578,176.5,-531.0,0.34857017738540974,0.1894363822740508,0.24239048761941484,132.76932043198002,16.914520135750067,TRACK
16.852,173.0335814516647,-532.2842332534472,0.16550474386860858,-0.2912157586192172,0.7252485081123017,-0.21738402232976953,0.757126945553643,173.0335814516647,-531.0,1.2842332534471552,176.5,-531.0,0.3548006611669203,0.1892959172983117,0.24287305444635698,132.76932043198002,16.914520135750067,TRACK
16.9,173.06858185909994,-532.2939664366793,0.17239462916508372,-0.2842241245036478,0.7266228344882542,-0.21227074224862522,0.7569937989273935,173.06858185909994,-531.0,1.293966436679284,176.5,-531.0,0.3606050480152771,0.18821041885019338,0.2430062010726065,137.26549588972117,12.75695061086342,TRACK
16.952,173.10658876033665,-532.3042945292918,0.17880487017547608,-0.27761075611051667,0.7281205238183027,-0.2074919904307124,0.7571079337177351,173.10658876033665,-531.0,1.3042945292918375,176.5,-531.0,0.3669521070324506,0.18814723685697454,0.2428920662822649,137.26549588972117,12.75695061086342,TRACK
17.0,173.1417570271766,-532.3136212294897,0.18582271910463424,-0.2711742543263396,0.7297136195231806,-0.20287698272300775,0.7573909404240406,173.1417570271766,-531.0,1.3136212294897405,176.5,-531.0,0.3728653524940245,0.18704263338939028,0.24260905957595935,135.76246312779048,13.604169837272359,TRACK
17.052,173.17994522011395,-532.3234815442578,0.1939092749431517,-0.2646968395142951,0.7313497666914963,-0.19823754201643132,0.757740459725111,173.17994522011395,-531.0,1.3234815442577883,176.5,-531.0,0.3793268920792721,0.18541761713612043,0.24225954027488905,135.76246312779048,13.604169837272359,TRACK
17.1,173.2152700829094,-532.3323153650274,0.1993988561262141,-0.25781480406604224,0.7329544728996085,-0.19326767875574863,0.7580070283283514,173.2152700829094,-531.0,1.332315365027398,176.5,-531.0,0.38533217987443524,0.18593332374822114,0.24199297167164857,133.81703542741764,14.871263546657005,TRACK
17.152,173.2536124656638,-532.3415677078025,0.20754641168460575,-0.2504501512117355,0.7344941374623968,-0.18789937525430783,0.7581476196543714,173.2536124656638,-531.0,1.3415677078024828,177.0,-531.0,0.34386931801665777,0.13632290633205202,0.24185238034562861,133.81703542741764,14.871263546657005,TRACK
17.196,173.28906997851163,-532.3498062376286,0.21300824986265576,-0.2426956963789757,0.735965553866079,-0.18220720723093747,0.7581851771462578,173.28906997851163,-531.0,1.349806237628627,177.0,-531.0,0.34886076076372485,0.1358525109010691,0.24181482285374223,76.174395317552,72.40402238948771,TRACK
17.252,173.3275373800152,-532.3583431418435,0.2194250874720285,-0.23419071870691988,0.7372928124408087,-0.1758946169158288,0.7579839098139509,173.3275373800152,-531.0,1.3583431418435339,177.0,-531.0,0.354267818047837,0.13484273057580853,0.24201609018604908,76.174395317552,72.40402238948771,TRACK
17.3,173.3630538503754,-532.3656933297998,0.2259445870643828,-0.2236705501361968,0.738214591129589,-0.16792662150970253,0.7570733998551852,173.3630538503754,-531.0,1.3656933297997966,177.0,-531.0,0.3592137861086393,0.1332691990442565,0.24292660014481482,128.2431940848254,20.71464374489051,TRACK
17.352,173.40154961536382,-532.3731529210846,0.23326317941634178,-0.21240702312315415,0.7389455947332537,-0.15936109147534228,0.7559342229664526,173.40154961536382,-531.0,1.3731529210846247,177.0,-531.0,0.364540559683171,0.13127738026682922,0.24406577703354737,128.2431940848254,20.71464374489051,TRACK
17.4,173.43714454466465,-532.3797677318391,0.2381424040758182,-0.20238822522865882,0.7398609960618283,-0.15181770454396631,0.7552767101576745,173.43714454466465,-531.0,1.379767731839138,177.0,-531.0,0.3694795898499185,0.13133718577410033,0.2447232898423255,126.84543170647584,24.196342276132107,TRACK
17.452,173.4757891675241,-532.3866895271492,0.2440114835998115,-0.19358681345133538,0.741017685917341,-0.14527051484823222,0.7551229921850886,173.4757891675241,-531.0,1.3866895271492012,177.0,-531.0,0.3748689166354473,0.1308574330356358,0.2448770078149114,126.84543170647584,24.196342276132107,TRACK
17.5,173.5115419116692,-532.3928504594793,0.25040631559846993,-0.18555233118158074,0.7423585885709669,-0.13934929955825853,0.7553241034896578,173.5115419116692,-531.0,1.3928504594792912,177.0,-531.0,0.379880320012338,0.12947400441386808,0.24467589651034216,130.4835503843652,20.37706859406341,TRACK
17.552,173.55035881942482,-532.3992754544721,0.25629482471909726,-0.17801229080662234,0.7438007309261498,-0.1338222033183376,0.7557432827536407,173.55035881942482,-531.0,1.3992754544721038,177.0,-531.0,0.38534976165036355,0.1290549369312663,0.24425671724635933,130.4835503843652,20.37706859406341,TRACK
17.6,173.58626720877643,-532.4049778875178,0.2626751532513114,-0.17081892222966213,0.7453024807908728,-0.12856467311523817,0.756309898815464,173.58626720877643,-531.0,1.4049778875178163,177.0,-531.0,0.39043751756839895,0.12776236431708754,0.24369010118453605,128.5407101056135,21.253014618524695,TRACK
17.652,173.62523433171197,-532.4108611498582,0.26861725330679054,-0.16346956905269366,0.7467253245801468,-0.12316591866205093,0.7568147421193595,173.62523433171197,-531.0,1.4108611498581922,177.0,-531.0,0.39597941949401466,0.12736216618722412,0.2431852578806405,128.5407101056135,21.253014618524695,TRACK
17.7,173.66125379417562,-532.4159922672757,0.27609813114327353,-0.15577333321840714,0.7480133747745986,-0.11747224496610477,0.7571814427064761,173.66125379417562,-531.0,1.4159922672756693,177.0,-531.0,0.4011157084141933,0.12501757727091978,0.24281855729352386,128.35522015640694,20.620133094304983,TRACK
17.752,173.70031714287737,-532.4212016603734,0.28101581301830203,-0.1476493891125341,0.7491350790960077,-0.11142018200124183,0.757375615985471,173.70031714287737,-531.0,1.4212016603734128,177.0,-531.0,0.40669589809171736,0.12568008507341533,0.24262438401452902,128.35522015640694,20.620133094304983,TRACK
17.8,173.73640709918809,-532.425676947269,0.2885368544392155,-0.13915124469942422,0.7500937328447154,-0.10505541858141654,0.7574148460561332,173.73640709918809,-531.0,1.4256769472690394,177.0,-531.0,0.4118586622234422,0.12332180778422669,0.24258515394386682,128.44318293940847,20.482235329338685,TRACK
17.852,173.77554344674698,-532.4301893484052,0.2950152646631687,-0.1306244698644069,0.7509786503031654,-0.09865795280193677,0.7574313994430341,173.77554344674698,-531.0,1.4301893484051789,177.5,-531.0,0.3666371803334466,0.07162191567027792,0.24256860055696594,128.44318293940847,20.482235329338685,TRACK
17.9,173.81170821324199,-532.4340626077965,0.3010386901843711,-0.1222466121151554,0.7518375450564825,-0.09237018571614287,0.7574905579383766,173.81170821324199,-531.0,1.434062607796477,177.5,-531.0,0.37082697224184924,0.06978828205747811,0.2425094420616234,63.4821474354074,85.66854730656752,TRACK
17.948,173.8509088376036,-532.4378859745334,0.3059659311833163,-0.11348991977451685,0.7525447605668761,-0.0857748199063264,0.7574172802271015,173.8509088376036,-531.0,1.4378859745334012,177.5,-531.0,0.3753574581055869,0.06939152692227063,0.24258271977289847,63.4821474354074,85.66854730656752,TRACK
18.0,173.88706347806794,-532.440924597708,0.3118296869699006,-0.10312930998373208,0.7527816810875667,-0.07791026025372344,0.756802661222743,173.88706347806794,-531.0,1.4409245977079763,177.5,-531.0,0.37949188706542714,0.06766220009552654,0.24319733877725702,119.65426492935944,29.53962745234159,TRACK
18.052,173.9262197391519,-532.4437738893113,0.3183535290597359,-0.09247465867150155,0.7528598500027093,-0.06981959341788357,0.7560904240705212,173.9262197391519,-531.0,1.4437738893112737,177.5,-531.0,0.38394187053570145,0.06558834147596554,0.24390957592947882,119.65426492935944,29.53962745234159,TRACK
18.1,173.9624019473827,-532.4461560240967,0.32355606043380775,-0.08312388415114554,0.7531875041846539,-0.06275246853198461,0.755797121433236,173.9624019473827,-531.0,1.4461560240966946,177.5,-531.0,0.3880660839160883,0.06451002348228058,0.24420287856676404,118.24260351524099,32.34686949682121,TRACK
18.152,174.00164272704805,-532.4484678170813,0.32916159646150134,-0.07462540486438596,0.7536925100830465,-0.0563492496347275,0.7557960291571265,174.00164272704805,-531.0,1.4484678170813368,177.5,-531.0,0.3925528731056626,0.06339127664416128,0.24420397084287349,118.24260351524099,32.34686949682121,TRACK
18.196,174.03789771108174,-532.4503300367247,0.3343596670852862,-0.0664648618820167,0.7542593901329768,-0.050205697162257756,0.7559284619799141,174.03789771108174,-531.0,1.450330036724722,177.5,-531.0,0.3967061783339338,0.062346511248647596,0.24407153802008585,119.64843954125578,30.579815411577336,TRACK
18.252,174.07720485967226,-532.4520551726162,0.3399605924593829,-0.05854865085815059,0.7548359498688092,-0.04424519473242481,0.7561315682282136,174.07720485967226,-531.0,1.4520551726161557,177.5,-531.0,0.4012189606322631,0.06125836817288016,0.2438684317717864,119.64843954125578,30.579815411577336,TRACK
18.3,174.11350957056857,-532.4533687677896,0.3443613358926438,-0.05071031329962439,0.755365217700259,-0.03833767471565813,0.7563374838086258,174.11350957056857,-531.0,1.4533687677895841,177.5,-531.0,0.4053945411008171,0.06103320520817329,0.24366251619137425,119.31180942359723,30.41251877653397,TRACK
18.352,174.15285639987928,-532.4544882500122,0.3508423881098446,-0.04291294577564736,0.7558218195580679,-0.03245446506367834,0.7565182847906837,174.15285639987928,-531.0,1.4544882500122185,177.5,-531.0,0.40992842857012607,0.059086040460281486,0.24348171520931627,119.31180942359723,30.41251877653397,TRACK
18.4,174.1891921983699,-532.4552553916777,0.3551881354507734,-0.03527759456617207,0.7562327133735671,-0.02668914360237043,0.7567035265958364,174.1891921983699,-531.0,1.4552553916777242,177.5,-531.0,0.41412722504202343,0.05893908959125005,0.2432964734041636,118.98286664190437,30.502680218852845,TRACK
18.448,174.2285686590945,-532.4557993873937,0.36040635850078906,-0.027761654773785175,0.7565851339544174,-0.02100945296799025,0.7568767812760793,174.2285686590945,-531.0,1.4557993873936539,177.5,-531.0,0.41869132568149364,0.05828496718070458,0.24312321872392073,118.98286664190437,30.502680218852845,TRACK
18.5,174.26493171766327,-532.4560578029236,0.3660305326900932,-0.020528040669397674,0.7569276391344129,-0.015540424335225561,0.7570871519674038,174.26493171766327,-531.0,1.456057802923624,178.0,-531.0,0.3717122585727769,0.005681725882683675,0.24291284803259616,120.42457932051431,28.877956802867125,TRACK
18.552,174.3043427549621,-532.4560887884725,0.37259853638883556,-0.013613640355004841,0.7572695626410585,-0.010309832396672679,0.7573397409000979,174.3043427549621,-531.0,1.4560887884724707,178.0,-531.0,0.3753232471018379,0.002724710713002343,0.24266025909990208,120.42457932051431,28.877956802867125,TRACK
18.6,174.34073653727788,-532.4558942597496,0.37784095800403406,-0.006973192867284332,0.7575965451024997,-0.0052829524534573746,0.7576149647003215,174.34073653727788,-531.0,1.4558942597495843,178.0,-531.0,0.3786648367666948,0.000823878762660768,0.24238503529967848,52.17676064133821,96.81802568764627,TRACK
18.652,174.38013020323748,-532.4553365646055,0.3820426580612679,0.00042212712307995254,0.7575874290447571,0.0003197982208992889,0.7575874965425096,174.38013020323748,-531.0,1.4553365646055454,178.0,-531.0,0.3822647375381595,0.00022207947689156793,0.24241250345749044,52.17676064133821,96.81802568764627,TRACK
18.7,174.4163951171406,-532.45435152414,0.3870916891953122,0.009764271589222356,0.7568634927560534,0.007390455571871145,0.7568995742504102,174.4163951171406,-531.0,1.4543515241399518,178.0,-531.0,0.385526223701567,-0.001565465493745255,0.2431004257495898,109.40786625361955,39.55962308726512,TRACK
18.752,174.45561548575918,-532.4528945270571,0.3925097222733618,0.019325080089536525,0.7559445206087507,0.014610507256410422,0.7560856996139284,174.45561548575918,-531.0,1.452894527057083,178.0,-531.0,0.3890240140110979,-0.003485708262263909,0.24391430038607165,109.40786625361955,39.55962308726512,TRACK
18.8,174.49180232197043,-532.4513147008903,0.39613826351287473,0.027820765030950746,0.7552262857693262,0.02101639551617416,0.7555186507277131,174.49180232197043,-531.0,1.4513147008902934,178.0,-531.0,0.3922541558917912,-0.0038841076210835435,0.24448134927228693,108.3700456082546,42.3106874255283,TRACK
18.852,174.5309866159127,-532.4493459251678,0.40048476291982227,0.035647090268571525,0.7546375257461133,0.026912032140821076,0.7551172443655121,174.5309866159127,-531.0,1.4493459251677905,178.0,-531.0,0.39575448077914116,-0.004730282140681108,0.24488275563448791,108.3700456082546,42.3106874255283,TRACK
18.9,174.56714515112589,-532.4473035393598,0.40592581000884254,0.042915148264283685,0.7541703776644912,0.0323852174078648,0.7548653925390646,174.56714515112589,-531.0,1.4473035393598366,178.0,-531.0,0.3989902478146485,-0.006935562194194056,0.2451346074609354,110.9702586547142,39.97320499564102,TRACK
18.952,174.6063089557151,-532.4448649121954,0.40946866451024455,0.04965875318961303,0.7538132763708032,0.03746422799892027,0.7547436810019942,174.6063089557151,-531.0,1.444864912195385,178.0,-531.0,0.4025059696406033,-0.006962694869641239,0.24525631899800582,110.9702586547142,39.97320499564102,TRACK
19.0,174.64245353026269,-532.4424182906278,0.4141823205944546,0.05593344744334283,0.7535328190505559,0.04219169712992276,0.7547130903151084,174.64245353026269,-531.0,1.4424182906277565,178.0,-531.0,0.40576453328674106,-0.008417787307713531,0.24528690968489164,109.48283412135882,41.36474445876785,TRACK
19.052,174.68160736938864,-532.4395759987324,0.41850510443092137,0.061720854783252434,0.7533317880383547,0.04655541396871516,0.7547689642790454,174.68160736938864,-531.0,1.43957599873238,178.0,-531.0,0.4093151789300964,-0.00918992550082498,0.24523103572095462,109.48283412135882,41.36474445876785,TRACK
19.1,174.71773979617973,-532.436767363327,0.4232093546433653,0.06727125790342278,0.7531312742432452,0.05074065224373628,0.7548386119120921,174.71773979617973,-531.0,1.4367673633270215,178.0,-531.0,0.4126095095638181,-0.010599845079547199,0.24516138808790788,109.0083527517611,41.623175279954694,TRACK
19.152,174.7568682593242,-532.4335242881596,0.4275166628484519,0.07267007469890378,0.7528999840381632,0.05480981450864721,0.7548923775818237,174.7568682593242,-531.0,1.4335242881595605,178.5,-531.0,0.36574368362297655,-0.061772979225475366,0.2451076224181763,109.0083527517611,41.623175279954694,TRACK
19.2,174.79297116385564,-532.4303510811285,0.432859020683126,0.07792003191824133,0.7526353351666145,0.05876434736549352,0.754925954158853,174.79297116385564,-531.0,1.4303510811284923,178.5,-531.0,0.3682474964538646,-0.06461152422926136,0.245074045841147,45.91463577564797,104.59923473826922,TRACK
19.252,174.8319930822059,-532.4265742177138,0.43726899634571237,0.084413060195596,0.7518604952159031,0.06361802184814713,0.7545471867088065,174.8319930822059,-531.0,1.4265742177137781,178.5,-531.0,0.3709213834048706,-0.0663476129408418,0.2454528132911935,45.91463577564797,104.59923473826922,TRACK
19.3,174.86788238301685,-532.4226860589442,0.44024474278944625,0.09262158609740977,0.7504021403034037,0.06970287189586731,0.7536324452426798,174.86788238301685,-531.0,1.4226860589442367,178.5,-531.0,0.3733273504441882,-0.06691739234525806,0.2463675547573202,97.37514504988977,53.56620275056807,TRACK
19.352,174.9066806625778,-532.4181781497259,0.44366422510747006,0.10067093795190128,0.7489036574728412,0.07564856339407428,0.7527146825456416,174.9066806625778,-531.0,1.418178149725918,178.5,-531.0,0.37590379736438545,-0.0677604277430846,0.24728531745435844,97.37514504988977,53.56620275056807,TRACK
19.396,174.94244899441907,-532.4138178632936,0.44792646830204114,0.10788012894655832,0.7475981303666039,0.08096532144168497,0.751969645533513,174.94244899441907,-531.0,1.413817863293616,178.5,-531.0,0.3782744224123169,-0.06965204588972423,0.24803035446648702,101.27619930977805,51.427507419002,TRACK
19.448,174.9811612881445,-532.4089022921429,0.4507287075190025,0.1143188964377312,0.7465023001979618,0.08571303399000471,0.7514069525873577,174.9811612881445,-531.0,1.4089022921428977,178.5,-531.0,0.38084118200016087,-0.06988752551884164,0.24859304741264232,101.27619930977805,51.427507419002,TRACK
19.5,175.0168675246853,-532.4041998305186,0.4543954574578113,0.1201324281727863,0.7455844699052774,0.0900022547709354,0.7509970756452956,175.0168675246853,-531.0,1.4041998305185643,178.5,-531.0,0.38321276063847304,-0.07118269681933825,0.2490029243547044,100.19569916933976,52.96181333225671,TRACK
19.552,175.05552197221482,-532.3989412710517,0.45853959518713694,0.12540597077056942,0.7448040715025351,0.09389561585858025,0.7506993350231607,175.05552197221482,-531.0,1.39894127105174,178.5,-531.0,0.3857884887932971,-0.07275110639383986,0.24930066497683934,100.19569916933976,52.96181333225671,TRACK
19.6,175.09118182928887,-532.3939503135738,0.46131018259026235,0.13018148474057697,0.7441424376415977,0.09742454858485022,0.7504928448467321,175.09118182928887,-531.0,1.3939503135737823,178.5,-531.0,0.3881764209213828,-0.07313376166887953,0.24950715515326793,98.78431350999185,54.45852803451502,TRACK
19.652,175.12978418020205,-532.3883904561562,0.4654730060170607,0.1346819148812923,0.7435161002288311,0.10074807381367559,0.7503108460342653,175.12978418020205,-531.0,1.3883904561562304,178.5,-531.0,0.3907730878270479,-0.07469991819001282,0.24968915396573466,98.78431350999185,54.45852803451502,TRACK
19.7,175.16538944514127,-532.3831212287137,0.4687507799711266,0.13896483345900787,0.7429071886639036,0.10390769808094943,0.7501385876549657,175.16538944514127,-531.0,1.3831212287136623,178.5,-531.0,0.39318028522813736,-0.07557049474298921,0.24986141234503434,99.28625863208225,54.00866919499359,TRACK
19.752,175.20392730410717,-532.3772614496037,0.4714013526636476,0.14313913317975224,0.7422791079789133,0.10698082468519404,0.7499487789124637,175.20392730410717,-531.0,1.3772614496036795,178.5,-531.0,0.39579832741461096,-0.07560302524903662,0.2500512210875363,99.28625863208225,54.00866919499359,TRACK
19.8,175.2394607621849,-532.3717021553205,0.4754841873250219,0.14735599515706815,0.7415795520031137,0.11007405686049368,0.7497042950009463,175.2394607621849,-531.0,1.3717021553204631,178.5,-531.0,0.3982211320780413,-0.07726305524698063,0.25029570499905374,100.15698439942977,53.32383073534433,TRACK
19.852,175.27791408833184,-532.3655250736646,0.4789437967789887,0.15152590123380366,0.740847173252555,0.11312464810474764,0.7494342667139822,175.27791408833184,-531.0,1.3655250736645712,179.0,-531.0,0.35162482698161873,-0.12731896979736995,0.25056573328601783,100.15698439942977,53.32383073534433,TRACK
19.9,175.31336722710145,-532.3596765546108,0.4816867789233761,0.15571106121778033,0.7400631328092526,0.11617647270173025,0.7491264334896088,175.31336722710145,-531.0,1.3596765546108145,179.0,-531.0,0.3533350815256912,-0.12835169739768487,0.25087356651039117,36.75148145237694,117.0897746395884,TRACK
19.952,175.35164731997617,-532.3530308925124,0.48472946028208885,0.16136504563964787,0.7386955075981151,0.12024512522636037,0.7484182941953917,175.35164731997617,-531.0,1.353030892512379,179.0,-531.0,0.3551368291981655,-0.12959263108392333,0.25158170580460826,36.75148145237694,117.0897746395884,TRACK
20.004,175.38683650883112,-532.3465639413761,0.48790416738143105,0.1684803865874399,0.7367399153395149,0.12531418343268286,0.7473214485239104,175.38683650883112,-531.0,1.3465639413760755,179.0,-531.0,0.3567376197100029,-0.13116654767142816,0.25267855147608964,90.13711339159434,64.51746247792136,TRACK
20.052,175.42488488392283,-532.3393607604419,0.48983757063624367,0.17498300285307145,0.7349757773187018,0.12993716782680714,0.746373271780335,175.42488488392283,-531.0,1.3393607604418776,179.0,-531.0,0.35845002085431893,-0.13138754978192474,0.25362672821966503,90.13711339159434,64.51746247792136,TRACK
20.1,175.45996869150426,-532.33258664581,0.4927354736190641,0.1804872949964397,0.733553685538403,0.1338537449447843,0.745666034228942,175.45996869150426,-531.0,1.3325866458100109,179.0,-531.0,0.360026911577709,-0.13270856204135512,0.25433396577105805,90.82338789295436,65.4782674500362,TRACK
20.152,175.49793491855928,-532.3251043554726,0.49455635099901274,0.1854146155666836,0.7323518084703092,0.13736650379281112,0.7451232970012365,175.49793491855928,-531.0,1.3251043554726039,179.0,-531.0,0.3617289040568737,-0.13282744694213905,0.2548767029987635,90.82338789295436,65.4782674500362,TRACK
20.2,175.53293637403314,-532.3180490262622,0.49738707828889184,0.1901317561761186,0.7312476216692777,0.14073333629117923,0.7446670102405647,175.53293637403314,-531.0,1.3180490262622016,179.0,-531.0,0.36328936364026226,-0.13409771464862957,0.2553329897594353,90.7451921983675,65.8415068987735,TRACK
20.252,175.5708093477968,-532.3102520648481,0.4992308340339336,0.19464355323789873,0.73022520057117,0.14395621656879376,0.744279675819518,175.5708093477968,-531.0,1.3102520648481004,179.0,-531.0,0.3649701450346422,-0.1342606889992914,0.25572032418048196,90.7451921983675,65.8415068987735,TRACK
20.3,175.60572335176298,-532.3029071029894,0.5019320180833788,0.1990867422686347,0.7292276592913064,0.1471285543229876,0.7439218981671731,175.60572335176298,-531.0,1.3029071029893657,179.0,-531.0,0.3665105081887531,-0.13542150989462576,0.25607810183282687,90.27216192861069,66.57291782726021,TRACK
20.352,175.64350094926496,-532.2947969520155,0.5037998713631671,0.20341813476515394,0.7282702694181019,0.15022111494152143,0.7436020230557395,175.64350094926496,-531.0,1.2947969520155311,179.0,-531.0,0.36816897702770424,-0.13563089433546283,0.2563979769442605,90.27216192861069,66.57291782726021,TRACK
20.4,175.67833818380782,-532.2871842855408,0.5060818993836704,0.2075179516005781,0.7273971769968175,0.15315275109042176,0.7433454232518716,175.67833818380782,-531.0,1.287184285540775,179.0,-531.0,0.3696948456175124,-0.136387053766158,0.2566545767481284,89.88144554357724,67.25249449144125,TRACK
20.452,175.7160410320304,-532.2787992249883,0.5081924533749542,0.21147761106804142,0.7265773357768174,0.1559871957731873,0.7431329827895682,175.7160410320304,-531.0,1.2787992249883473,179.0,-531.0,0.3713419497712222,-0.13685050360373202,0.2568670172104318,89.88144554357724,67.25249449144125,TRACK
20.5,175.75081539770164,-532.2709426792189,0.5104158085472343,0.21522864931822067,0.7258383512743958,0.15867899015455067,0.742980709101657,175.75081539770164,-531.0,1.2709426792189333,179.5,-531.0,0.3268344626052742,-0.18358134594196013,0.25701929089834297,89.53747461675002,67.74889565146728,TRACK
20.552,175.78845675413584,-532.2623052634098,0.5124715613381754,0.21884411854308927,0.7251502120200435,0.16127779616221832,0.7428683312186999,175.78845675413584,-531.0,1.2623052634097576,179.5,-531.0,0.3278304133012256,-0.1846411480369498,0.2571316687813001,89.53747461675002,67.74889565146728,TRACK
20.6,175.8231663660479,-532.2542032015718,0.5150373583994059,0.22250898378619757,0.7244385580051489,0.16390810174025158,0.7427496820199064,175.8231663660479,-531.0,1.2542032015718405,179.5,-531.0,0.3287327801087968,-0.1863045782906091,0.25725031798009357,31.024156765640555,126.30429100053891,TRACK
20.652,175.86063404072837,-532.245121722718,0.516553108066677,0.227852966171739,0.723071334591134,0.16766560457078425,0.7422559598032813,175.86063404072837,-531.0,1.245121722717954,179.5,-531.0,0.3296429725848085,-0.18691013548186847,0.2577440401967187,31.024156765640555,126.30429100053891,TRACK
20.7,175.89507080982136,-532.2364189517418,0.5181377298221415,0.23472774864799378,0.7210978087873087,0.17244034800528385,0.7414295134792257,175.89507080982136,-531.0,1.2364189517418254,179.5,-531.0,0.33040736885921956,-0.1877303609629219,0.2585704865207743,79.83657111924468,78.00514324178273,TRACK
20.752,175.93230959760962,-532.2268079397263,0.5192953592650231,0.24096575465566805,0.7193592627480809,0.17677573015399473,0.7407613702623406,175.93230959760962,-531.0,1.2268079397263136,179.5,-531.0,0.33119994277877735,-0.18809541648624578,0.25923862973765943,79.83657111924468,78.00514324178273,TRACK
20.8,175.96663520500164,-532.2177907581887,0.5204711821130656,0.2465328499845614,0.7178744080197235,0.18065450664520502,0.7402565207148741,175.96663520500164,-531.0,1.2177907581886984,179.5,-531.0,0.331904939328212,-0.18856624278485362,0.25974347928512587,80.92240124746854,78.18902608937262,TRACK
20.852,176.00375966087088,-532.2078402419223,0.5215451003496194,0.25189760372135794,0.7164945104865982,0.18440005803534765,0.7398430677926702,176.00375966087088,-531.0,1.2078402419223266,179.5,-531.0,0.3326319887093283,-0.18891311164029112,0.2601569322073298,80.92240124746854,78.18902608937262,TRACK
20.9,176.03797630783856,-532.1984885822399,0.5226385908162847,0.257106648345991,0.7152178159556191,0.18804922290762383,0.7395262229944838,176.03797630783856,-531.0,1.198488582239861,179.5,-531.0,0.333269002829507,-0.18936958798677772,0.2604737770055162,80.756868761075,78.56792097687972,TRACK
20.952,176.07499058281283,-532.1881796177763,0.5239179060696315,0.2621868244569216,0.7140261234671743,0.1916192557022899,0.7392910415725731,176.07499058281283,-531.0,1.1881796177763135,179.5,-531.0,0.3339218896489818,-0.18999601642064973,0.2607089584274269,80.756868761075,78.56792097687972,TRACK
21.0,176.10911019247644,-532.1785008849031,0.5248798762482856,0.2671628114108299,0.7129058007174616,0.19512661007376522,0.7391272384748679,176.10911019247644,-531.0,1.1785008849030874,179.5,-531.0,0.33448977160721394,-0.19039010464107164,0.26087276152513206,79.81212476443274,79.63086602584904,TRACK
21.048,176.14603602089954,-532.1678607789976,0.5256551707652226,0.2718472005880382,0.711928000237271,0.19844839398887248,0.7390691730809793,176.14603602089954,-531.0,1.1678607789975786,179.5,-531.0,0.33507315459655734,-0.19058201616866527,0.2609308269190207,79.81212476443274,79.63086602584904,TRACK
21.096,176.18009034289747,-532.1578986526894,0.526656626308512,0.27630955711310334,0.7110659647224427,0.2016319604234617,0.7391009766269196,176.18009034289747,-531.0,1.1578986526893686,179.5,-531.0,0.33558232666700916,-0.1910742996415028,0.26089902337308035,79.6889159935202,79.70886538049481,TRACK
21.152,176.21695423579658,-532.1469614591837,0.5275160990592493,0.28054900914365866,0.7103152331212651,0.20467649979436509,0.7392159359565985,176.21695423579658,-531.0,1.1469614591836716,179.5,-531.0,0.33610362433091906,-0.19141247472833028,0.2607840640434015,79.6889159935202,79.70886538049481,TRACK
21.2,176.25096125447178,-532.1367390674226,0.5285123564196847,0.28456027544811,0.7096727460354781,0.20757799812428768,0.7394078926890238,176.25096125447178,-531.0,1.1367390674225817,180.0,-531.0,0.29439743782437944,-0.2341149185953053,0.26059210731097615,78.60889990789879,80.52128290278323,TRACK
21.252,176.2877678240079,-532.1255091229777,0.5293901608712799,0.288613828531671,0.7090238106468871,0.21051186331333344,0.7396147704446446,176.2877678240079,-531.0,1.1255091229777463,180.0,-531.0,0.29438019519343983,-0.23500996567784005,0.26038522955535537,78.60889990789879,80.52128290278323,TRACK
21.3,176.32170841364402,-532.1149949118176,0.5299501746775656,0.29274388996338113,0.7083489430172583,0.21349883419657603,0.7398242881096592,176.32170841364402,-531.0,1.1149949118175755,180.0,-531.0,0.29432447611453644,-0.23562569856302912,0.26017571189034083,24.5383377136815,134.24458132972114,TRACK
21.352,176.35833149890354,-532.1032632356822,0.5306413041729197,0.29878453063676375,0.7069283483618409,0.21773744698497197,0.7397008081225367,176.35833149890354,-531.0,1.1032632356822205,180.0,-531.0,0.2941659850360502,-0.23647531913686948,0.2602991918774633,24.5383377136815,134.24458132972114,TRACK
21.4,176.39199021676887,-532.0921014647078,0.5307419659322092,0.3062751973733885,0.704931577536614,0.22291725389572908,0.7393379681124675,176.39199021676887,-531.0,1.0921014647077527,180.0,-531.0,0.29392107209415835,-0.23682089383805088,0.26066203188753245,69.44973468714178,89.44435511139466,TRACK
21.452,176.4283979281113,-532.0798255428671,0.5306661509188199,0.3128988462928602,0.7032574286651694,0.22752261203681406,0.7391465010137033,176.4283979281113,-531.0,1.07982554286707,180.0,-531.0,0.29359895902564265,-0.2370671918931772,0.26085349898629673,69.44973468714178,89.44435511139466,TRACK
21.496,176.4619511990524,-532.0683197309888,0.5305477073907752,0.31900449840832024,0.7017765959112113,0.23178624276941162,0.739063767821078,176.4619511990524,-531.0,1.0683197309888328,180.0,-531.0,0.29324635086090267,-0.2373013565298725,0.26093623217892203,69.9380584042122,89.58564191508191,TRACK
21.552,176.49823875612688,-532.055655120108,0.5303612319295237,0.3248796105227609,0.700397959958937,0.2359036310365901,0.7390587428959138,176.49823875612688,-531.0,1.0556551201079856,180.0,-531.0,0.2927994160704067,-0.23756181585911695,0.2609412571040862,69.9380584042122,89.58564191508191,TRACK
21.6,176.53168238561622,-532.0437834445528,0.530079124611514,0.33055830550172527,0.6991184723330763,0.23990166109710367,0.7391342539447647,176.53168238561622,-531.0,1.043783444552787,180.0,-531.0,0.292326343753029,-0.23775278085848495,0.26086574605523527,69.18800672373364,90.14754836827599,TRACK
21.648,176.56785256394542,-532.0307197108567,0.5298029573590954,0.33617306685758913,0.6978801303861206,0.2438650565136008,0.7392610108589053,176.56785256394542,-531.0,1.0307197108567152,180.0,-531.0,0.2917442511909171,-0.2380587061681783,0.2607389891410947,69.18800672373364,90.14754836827599,TRACK
21.7,176.6011961907746,-532.0184916185987,0.5294282234718913,0.3415405267030942,0.696752697047085,0.2476754594488337,0.7394643020833243,176.6011961907746,-531.0,1.0184916185986594,180.0,-531.0,0.29114647722105785,-0.23828174625083348,0.26053569791667575,68.2929923811831,90.78425178694738,TRACK
21.748,176.63727823103198,-532.0050729812943,0.5290575377628903,0.34662030757580276,0.6957491394283812,0.25130679972845893,0.7397445319872887,176.63727823103198,-531.0,1.0050729812943473,180.0,-531.0,0.29043515169492506,-0.23862238606796526,0.26025546801271127,68.2929923811831,90.78425178694738,TRACK
21.796,176.67055028829145,-531.9925313915948,0.5286418258853993,0.3514723959556923,0.6948456914787166,0.254798511383039,0.7400897353494024,176.67055028829145,-531.0,0.9925313915947527,180.0,-531.0,0.2897189526971588,-0.23892287318824051,0.25991026465059763,67.24072652532325,91.42785408530378,TRACK
21.852,176.70656567645545,-531.9787901730175,0.5280306710805275,0.3560333000798558,0.6940609659496498,0.2581080035920174,0.7405000783073679,176.70656567645545,-531.0,0.9787901730175008,180.0,-531.0,0.288880848074492,-0.2391498230060355,0.25949992169263214,67.24072652532325,91.42785408530378,TRACK
21.9,176.73977928242502,-531.9659556376499,0.5276670525431633,0.3604887142057112,0.6933221713953537,0.2613553560567089,0.7409468641460717,176.73977928242502,-531.0,0.9659556376499268,180.0,-531.0,0.2880453845150475,-0.23962166802811574,0.2590531358539283,66.23195868158435,91.8829153388484,TRACK
21.952,176.7757208246003,-531.9518809356232,0.5269378881462218,0.3649582818017649,0.6925736375868301,0.2646145527706326,0.741403469791082,176.7757208246003,-531.0,0.9518809356231941,180.5,-531.0,0.25023097015064766,-0.2767069179955741,0.25859653020891804,66.23195868158435,91.8829153388484,TRACK
22.0,176.80885983157526,-531.938731787071,0.5264332621814476,0.3694350825685111,0.6918114569571171,0.26787866749405387,0.7418639177608781,176.80885983157526,-531.0,0.9387317870709921,180.5,-531.0,0.24904065389693475,-0.27739260828451284,0.2581360822391219,19.098085969479868,138.44464332315204,TRACK
22.052,176.84461425337315,-531.9241400355721,0.525667551775131,0.37575450667270605,0.6903322091233093,0.272334845882758,0.7421083662343755,176.84461425337315,-531.0,0.9241400355721225,180.5,-531.0,0.24762726334098886,-0.2780402884341422,0.2578916337656245,19.098085969479868,138.44464332315204,TRACK
22.1,176.87749229398196,-531.9103681998517,0.5244179396557034,0.38307899774104154,0.6884516487026942,0.2774372852848687,0.7422513858981304,176.87749229398196,-531.0,0.9103681998517459,180.5,-531.0,0.2462101301669425,-0.2782078094887609,0.25774861410186956,57.29300768759752,99.96235114146042,TRACK
22.152,176.91306192007076,-531.8952751692751,0.5230498163362167,0.3894599627482869,0.6869045164852212,0.28192194123935443,0.7425077748548911,176.91306192007076,-531.0,0.8952751692751235,180.5,-531.0,0.2445957075396227,-0.27845410879659405,0.25749222514510894,57.29300768759752,99.96235114146042,TRACK
22.196,176.94584434554415,-531.8811739762488,0.5215362419111582,0.39533098045246196,0.6855264547921718,0.28607046095614785,0.742820859192569,176.94584434554415,-531.0,0.8811739762487605,180.5,-531.0,0.24302740408791912,-0.2785088378232391,0.257179140807431,57.392377000413006,99.79797238387036,TRACK
22.252,176.9813021818998,-531.8657130531323,0.5196403516641741,0.40088384705027924,0.6842507095471531,0.2900097052133697,0.7431720276179183,176.9813021818998,-531.0,0.8657130531322537,180.5,-531.0,0.24124081437212225,-0.27839953729205186,0.25682797238208166,57.392377000413006,99.79797238387036,TRACK
22.3,177.01397325109295,-531.8512584590666,0.5180941609160483,0.4063685185049987,0.682989507405741,0.29390439011762204,0.7435418332257763,177.01397325109295,-531.0,0.851258459066571,180.5,-531.0,0.239504509489613,-0.2785896514264353,0.25645816677422373,56.85711830347357,99.83341083350932,TRACK
22.352,177.04930257576459,-531.8354038892223,0.5168358727609315,0.4117842041132917,0.6817367112574386,0.2977513044511254,0.7439225650418564,177.04930257576459,-531.0,0.8354038892223343,180.5,-531.0,0.2375269343562085,-0.27930893840472293,0.2560774349581436,56.85711830347357,99.83341083350932,TRACK
22.4,177.08186461413686,-531.8206074120577,0.5147539409712276,0.4169451146947901,0.6805603921151928,0.30142932721861115,0.7443265994329704,177.08186461413686,-531.0,0.8206074120577114,180.5,-531.0,0.23561549627459996,-0.27913844469662763,0.2556734005670296,54.63529551968,101.59841690351487,TRACK
22.452,177.11708582472477,-531.8044039751953,0.5133449388488247,0.4219320356332381,0.6794300953703832,0.3049906569581339,0.7447446242348864,177.11708582472477,-531.0,0.8044039751953278,180.5,-531.0,0.23344893027112884,-0.27989600857769587,0.2552553757651136,54.63529551968,101.59841690351487,TRACK
22.5,177.1495603293282,-531.7893097025652,0.5114230111083826,0.42654481201622485,0.6784228247241908,0.30830633161733,0.7451914674914664,177.1495603293282,-531.0,0.7893097025652196,180.5,-531.0,0.23136524657297283,-0.28005776453540976,0.25480853250853364,53.843066852888356,101.90194585197936,TRACK
22.548,177.1847057022585,-531.7728203960556,0.5096242479589084,0.43079872506825434,0.6775302307938149,0.31138483244269555,0.7456592569765936,177.1847057022585,-531.0,0.7728203960556357,180.5,-531.0,0.22901787293638348,-0.2806063750225249,0.25434074302340637,53.843066852888356,101.90194585197936,TRACK
22.6,177.21711262774878,-531.7574705761967,0.5073355319503756,0.4348477192318947,0.676695148382582,0.3143259108922104,0.7461347747577126,177.21711262774878,-531.0,0.757470576196738,180.5,-531.0,0.22676448480589456,-0.28057104714448106,0.2538652252422874,52.51479784189733,102.6798946418536,TRACK
22.652,177.252182780771,-531.7407063785288,0.5052228059080692,0.43872369298671376,0.6759009533289948,0.31714778792193127,0.7466088789284643,177.252182780771,-531.0,0.7407063785287846,181.0,-531.0,0.19512216549267572,-0.31010064041539354,0.2533911210715357,52.51479784189733,102.6798946418536,TRACK
22.7,177.28451200902714,-531.7250936512221,0.5036481246082709,0.4426392301699063,0.6750695756982485,0.31998886542719723,0.7470688094351138,177.28451200902714,-531.0,0.725093651222096,181.0,-531.0,0.1927319709095085,-0.3109161536987624,0.2529311905648862,15.508347903457384,139.14595033191472,TRACK
22.752,177.3194093092349,-531.7078905929238,0.5009303109470709,0.44802142049888904,0.6736808986792663,0.3237825779967657,0.7474497381493524,177.3194093092349,-531.0,0.7078905929238317,181.0,-531.0,0.19001047733161747,-0.3109198336154534,0.25255026185064755,15.508347903457384,139.14595033191472,TRACK
22.8,177.35151745987088,-531.6917666816897,0.4988944285611183,0.45410469306412554,0.6720145158620798,0.32802886177989876,0.7478010722712033,177.35151745987088,-531.0,0.6917666816897281,181.0,-531.0,0.18737966288091454,-0.31151476568020375,0.2521989277287967,45.42858689713678,108.81803221065057,TRACK
22.848,177.38625207284346,-531.6741550562336,0.49628311451828466,0.45941381454309266,0.6706000995489062,0.33175854688057643,0.7481766014406722,177.38625207284346,-531.0,0.6741550562336442,181.0,-531.0,0.18443283233400798,-0.3118502821842767,0.2518233985593278,45.42858689713678,108.81803221065057,TRACK
22.896,177.41826916039108,-531.6577682612348,0.4933548888293766,0.4641925938418699,0.669347994741491,0.33513010233921126,0.7485578959294633,177.41826916039108,-531.0,0.6577682612347644,181.0,-531.0,0.1816216410048942,-0.3117332478244824,0.2514421040705367,44.09319267708702,109.81114162118507,TRACK
22.952,177.45289700630622,-531.6398650137397,0.4906245047799431,0.4687389181545706,0.6681482363953921,0.3383371938909536,0.7489286498514245,177.45289700630622,-531.0,0.6398650137397226,181.0,-531.0,0.17847152078146986,-0.31215298399847324,0.2510713501485755,44.09319267708702,109.81114162118507,TRACK
23.0,177.4848023974554,-531.623192362251,0.48763518453416665,0.4732221285774488,0.6669398307865593,0.3414905931346761,0.7492826990456121,177.4848023974554,-531.0,0.6231923622509612,181.0,-531.0,0.17546205736483028,-0.3121731271693364,0.25071730095438793,43.61485331363189,109.86279779950604,TRACK
23.052,177.5193094452509,-531.6049888115006,0.48478729425793277,0.4774983065615973,0.6657698655579033,0.34449278481907686,0.7496164303678191,177.5193094452509,-531.0,0.6049888115005615,181.0,-531.0,0.17209357932470246,-0.3126937149332303,0.2503835696321809,43.61485331363189,109.86279779950604,TRACK
23.1,177.55111092554455,-531.5880613785404,0.4816765403049841,0.4815762723588292,0.6646362064204018,0.34734950880043,0.7499286420378961,177.55111092554455,-531.0,0.5880613785403739,181.0,-531.0,0.1688833397423046,-0.31279320056267945,0.2500713579621039,42.19794837421906,110.93372657413482,TRACK
23.152,177.58551260393108,-531.5696035541923,0.4787183863592055,0.4853846479251347,0.6635632925441377,0.35001253690906053,0.7502166481793998,177.58551260393108,-531.0,0.5696035541923266,181.0,-531.0,0.16529751149934518,-0.3134208748598603,0.24978335182060019,42.19794837421906,110.93372657413482,TRACK
23.2,177.61723300004613,-531.5524797846899,0.4749092047078338,0.4887540894842177,0.6626106951592583,0.35236896827926134,0.7504777299464832,177.61723300004613,-531.0,0.5524797846899219,181.0,-531.0,0.16189251234294125,-0.3130166923648926,0.2495222700535168,40.83606853572022,112.00962960057831,TRACK
23.252,177.65155678661932,-531.533835902318,0.47234456150419685,0.49184831864711104,0.6617224384038805,0.35452749919289406,0.7507105521911523,177.65155678661932,-531.0,0.5338359023179464,181.0,-531.0,0.15809757686403883,-0.314246984640158,0.24928944780884765,40.83606853572022,112.00962960057831,TRACK
23.3,177.68320924926547,-531.5165541973023,0.46891787004499325,0.4946166965329452,0.6609187917573578,0.35645530688114435,0.7509154646840991,177.68320924926547,-531.0,0.5165541973022982,181.0,-531.0,0.15449803517176897,-0.3144198348732243,0.2490845353159009,39.58548381448155,112.00962960057831,TRACK
23.352,177.7174623782603,-531.4977505215998,0.46572820544708393,0.4972181843792285,0.6601471213382825,0.35825915131678376,0.7510950947206639,177.7174623782603,-531.0,0.4977505215997553,181.0,-531.0,0.15048945715299897,-0.31523874829408494,0.24890490527933606,39.58548381448155,113.0422545162189,TRACK
23.4,177.74903885929183,-531.4803056049751,0.46224193623068865,0.4998498251448535,0.6593408030580699,0.3600709654105838,0.7512532161055754,177.74903885929183,-531.0,0.4803056049751149,181.0,-531.0,0.14668153991073443,-0.31556039631995425,0.24874678389442462,38.26474852829819,114.2067659481761,TRACK
23.452,177.78320074643852,-531.461312995053,0.4589329309486623,0.5024956903166466,0.6585073008597162,0.36188100199231354,0.7513918584124463,177.78320074643852,-531.0,0.46131299505304924,181.5,-531.0,0.12348416590646394,-0.33544876504219834,0.24860814158755373,38.26474852829819,114.2067659481761,TRACK
23.5,177.8146874552489,-531.4436865728461,0.45531624324039055,0.505242072687289,0.6576203306344875,0.36374864655398154,0.7515168508647468,177.8146874552489,-531.0,0.44368657284610435,181.5,-531.0,0.11981652695752061,-0.33549971628286995,0.24848314913525316,13.22702836123073,139.12563674143715,TRACK
23.552,177.8487010571887,-531.424396983214,0.4508829596672321,0.5089694430301086,0.6563909202763919,0.36627039662986227,0.7516668435342119,177.8487010571887,-531.0,0.42439698321402375,181.5,-531.0,0.11571256066901217,-0.3351703989982199,0.24833315646578813,13.22702836123073,139.12563674143715,TRACK
23.6,177.88002739631347,-531.4064504322632,0.44776631415235424,0.5129182756405488,0.6550753209644598,0.3689360251589621,0.7518227628881585,177.88002739631347,-531.0,0.4064504322632274,181.5,-531.0,0.11181168168471624,-0.335954632467638,0.24817723711184148,34.48876964513403,117.72358393512832,TRACK
23.652,177.913936618351,-531.3869601773223,0.4429578054795303,0.5159811642785466,0.6540341069563764,0.3709928246096095,0.7519283802158563,177.913936618351,-531.0,0.38696017732229393,181.5,-531.0,0.10749076087157959,-0.3354670446079507,0.24807161978414372,34.48876964513403,117.72358393512832,TRACK
23.7,177.94521397491835,-531.3689330034208,0.4396171195201064,0.5183889311009255,0.6531862278253056,0.37259347902792694,0.7519828115288183,177.94521397491835,-531.0,0.3689330034208069,181.5,-531.0,0.10341462666128959,-0.3362024928588168,0.2480171884711817,32.78246969044585,119.29275254720031,TRACK
23.752,177.979066213711,-531.3493565362886,0.4346773033085112,0.5204594569298306,0.6524226553447499,0.37395044398870847,0.7519935210933978,177.979066213711,-531.0,0.3493565362886102,181.5,-531.0,0.09889898368129532,-0.3357783196272158,0.2480064789066022,32.78246969044585,119.29275254720031,TRACK
23.8,178.01027865120588,-531.3312327401042,0.4306379766759749,0.5224255233699463,0.6516654160408563,0.37522046910430273,0.7519695571620937,178.01027865120588,-531.0,0.3312327401041557,181.5,-531.0,0.09463316363481822,-0.3360048130411567,0.24803044283790632,31.78210852799816,120.35679397797514,TRACK
23.848,178.04405504759507,-531.3115472564695,0.4272309002004757,0.5242677290780506,0.650923649969156,0.3763917524590673,0.7519124612668526,178.04405504759507,-531.0,0.3115472564694528,181.5,-531.0,0.08990519286716256,-0.33732570733331313,0.24808753873314737,31.78210852799816,120.35679397797514,TRACK
23.9,178.07519676581572,-531.293325703839,0.42201592836062507,0.5260651840354381,0.6501754011722181,0.37752012702918003,0.7518307646017041,178.07519676581572,-531.0,0.29332570383894563,181.5,-531.0,0.08543895666071999,-0.3365769716999051,0.24816923539829594,29.286193625519687,122.97141764843236,TRACK
23.952,178.10889426190155,-531.2735328588958,0.41748582695943925,0.5278198642612867,0.6494240805704369,0.378609154301633,0.7517290257438215,178.10889426190155,-531.0,0.2735328588958055,181.5,-531.0,0.08048759109590321,-0.33699823586353606,0.2482709742561785,29.286193625519687,122.97141764843236,TRACK
24.0,178.13997300130544,-531.2552369646311,0.41392389675890806,0.5293053077303874,0.6487414605240923,0.37950351264301696,0.7515905791794633,178.13997300130544,-531.0,0.2552369646310808,181.5,-531.0,0.07581716532424777,-0.3381067314346603,0.24840942082053674,30.47841674842183,121.93203933130516,TRACK
24.048,178.17361774980446,-531.2354007767601,0.4095975444776372,0.5305001726768833,0.6481369873148938,0.3801900861956094,0.751416033876741,178.17361774980446,-531.0,0.23540077676011606,181.5,-531.0,0.07065002361485678,-0.3389475208627804,0.24858396612325895,30.47841674842183,121.93203933130516,TRACK
24.1,178.20466105047396,-531.2170964275853,0.40415547328793733,0.5312929528510009,0.6476464424697401,0.3805927687604581,0.751196891684505,178.20466105047396,-531.0,0.21709642758526115,181.5,-531.0,0.06578478539932774,-0.3383706878886096,0.24880310831549501,26.844702438453623,125.80367998638249,TRACK
24.152,178.23827454606538,-531.1972676315111,0.3993003910697843,0.5318775503221137,0.6472148694706913,0.380848350193679,0.7509544281174532,178.23827454606538,-531.0,0.19726763151106752,181.5,-531.0,0.060405954041532546,-0.3388944370282518,0.24904557188254683,26.844702438453623,125.80367998638249,TRACK
24.2,178.2692858582228,-531.1789621955395,0.395539025135877,0.5323553899149102,0.6468138163036905,0.38102856491859227,0.750700259920873,178.2692858582228,-531.0,0.17896219553949777,182.0,-531.0,0.04793321251394164,-0.34760581262193535,0.24929974007912703,28.21565494059606,124.76210766430682,TRACK
24.252,178.30287149576083,-531.1591459805192,0.38978607092521395,0.5325981030520471,0.6464861563342,0.38104693752630825,0.750427290901621,178.30287149576083,-531.0,0.15914598051915618,182.0,-531.0,0.043019276524110056,-0.3467667944011039,0.24957270909837903,28.21565494059606,124.76210766430682,TRACK
24.3,178.3338611969661,-531.1408581911794,0.38599866370811053,0.5327829651981628,0.64618257290566,0.38102897332778496,0.7501566476691415,178.3338611969661,-531.0,0.14085819117940446,182.0,-531.0,0.03840251235883451,-0.347596151349276,0.24984335233085853,17.54731017675492,135.75379436234795,TRACK
24.352,178.367403289883,-531.1210067907855,0.38007081362308015,0.5333467172749751,0.64578275932928,0.38128402762212527,0.7499419190621953,178.367403289883,-531.0,0.12100679078548637,182.0,-531.0,0.033299061776487254,-0.3467717518465929,0.2500580809378047,17.54731017675492,135.75379436234795,TRACK
24.396,178.39834701185362,-531.1026666509991,0.3760429674544856,0.533935469053357,0.6453900995998815,0.3815648038964947,0.7497466773745085,178.39834701185362,-531.0,0.10266665099914007,182.0,-531.0,0.028497708498325305,-0.34754525895616034,0.2502533226254915,25.215580020094038,128.33150135624157,TRACK
24.452,178.43186483535962,-531.0828169189567,0.36992929087087095,0.5341941657496018,0.6451042998764662,0.3816210882028258,0.7495293274316988,178.43186483535962,-531.0,0.08281691895672338,182.0,-531.0,0.02320597412642874,-0.34672331674444223,0.25047067256830124,25.215580020094038,128.33150135624157,TRACK
24.5,178.462805537397,-531.0645241587717,0.3649523359031641,0.5341047596781949,0.6449270806089693,0.38143841701396514,0.7492837948847737,178.462805537397,-531.0,0.06452415877174644,182.0,-531.0,0.018239597492693927,-0.3467127384104702,0.2507162051152263,24.376628081727226,129.36065441069707,TRACK
24.552,178.49632740119083,-531.0447430028145,0.36069597831643874,0.5337554824506583,0.6448305317773301,0.3810773669253563,0.7490169385901743,178.49632740119083,-531.0,0.044743002814470856,182.0,-531.0,0.012769620889778167,-0.34792635742666056,0.25098306140982574,24.376628081727226,129.36065441069707,TRACK
24.6,178.52727272725377,-531.0265154978007,0.35523485589409876,0.533249559023444,0.6447828481975866,0.3806091792269793,0.7487377836343153,178.52727272725377,-531.0,0.026515497800687626,182.0,-531.0,0.007635204398157061,-0.3475996514959417,0.2512622163656847,21.993836878235086,132.07603603591895,TRACK
24.652,178.56080287648513,-531.0068112570541,0.3487781158881966,0.5325658279147386,0.6447925480779266,0.3800206638303649,0.7484471490993179,178.56080287648513,-531.0,0.0068112570540961315,182.0,-531.0,0.001980476228678553,-0.3467976396595181,0.25155285090068213,21.993836878235086,132.07603603591895,TRACK
24.696,178.59176034397677,-530.9886619408821,0.344513383931935,0.5317593357377647,0.6448466900439138,0.379352195243597,0.7481546241898981,178.59176034397677,-531.0,0.011338059117861121,182.0,-531.0,-0.003326649073291316,-0.3478400330052263,0.2518453758101019,23.87335659633547,130.53921292668159,TRACK
24.752,178.62531164381426,-530.9690583222517,0.33926370301755604,0.5307195883126633,0.6449764051269946,0.3785263599976554,0.7478480917830944,178.62531164381426,-531.0,0.030941677748273833,182.0,-531.0,-0.009168494236696278,-0.34843219725425234,0.2521519082169056,23.87335659633547,130.53921292668159,TRACK
24.8,178.65630025664126,-530.9510288010798,0.33349311662760384,0.5293971044681544,0.6451932985294295,0.3775073925436573,0.7475200491574768,178.65630025664126,-531.0,0.04897119892018509,182.0,-531.0,-0.014644765287387616,-0.34813788191499145,0.25247995084252317,19.785976569482884,134.97114058581496,TRACK
24.852,178.6898842972057,-530.9315445222052,0.3281459355497263,0.5281065639045194,0.6454220709202297,0.3765239898865507,0.7472214963389674,178.6898842972057,-531.0,0.06845547779482786,182.0,-531.0,-0.020677742768272743,-0.34882367831799904,0.2527785036610326,19.785976569482884,134.97114058581496,TRACK
24.9,178.7209038378506,-530.9136178441092,0.3222449181469371,0.5266782414056428,0.6457084966339262,0.37545595454243647,0.7469314804094263,178.7209038378506,-531.0,0.08638215589076026,182.0,-531.0,-0.02633719103392547,-0.3485821091808626,0.25306851959057375,20.24928526708731,134.866659603413,TRACK
24.948,178.75453345899953,-530.8942680096231,0.3154237802164821,0.5250840778203542,0.6460637420836046,0.3742856410320461,0.7466512572264511,178.75453345899953,-531.0,0.10573199037685299,182.5,-531.0,-0.028221829479591336,-0.34364560969607344,0.2533487427735489,20.24928526708731,134.866659603413,TRACK
24.996,178.78559947640082,-530.8764666526124,0.31080546212522275,0.5234256502027749,0.6464644759053998,0.37308722820747753,0.746398284067683,178.78559947640082,-531.0,0.12353334738759258,182.5,-531.0,-0.03324569615513474,-0.3440511582803575,0.25360171593231695,20.24928526708731,134.866659603413,TRACK
25.052,178.8192942278119,-530.8572853084623,0.30523140711464114,0.521358643334348,0.646993505374601,0.3716118993449472,0.7461206334981448,178.8192942278119,-531.0,0.14271469153766247,182.5,-531.0,-0.038754316595757884,-0.34398572371039904,0.25387936650185516,26.25447802896413,129.14675904322092,TRACK
25.1,178.85043228462058,-530.8396643781315,0.29921613357911797,0.5191227255266484,0.6475941093901514,0.3700336849033229,0.7458572641464015,178.85043228462058,-531.0,0.16033562186851213,182.5,-531.0,-0.04390453875256681,-0.34312067233168475,0.2541427358535985,19.352038432891163,136.321171245192,TRACK
25.152,178.88419700862775,-530.8206385932782,0.29360280739332256,0.5170278339503708,0.6481987365364774,0.36858006246887853,0.7456627015595242,178.88419700862775,-531.0,0.1793614067217959,182.5,-531.0,-0.04956423489123032,-0.34316704228455286,0.2543372984404758,19.352038432891163,136.321171245192,TRACK
25.2,178.91540160046586,-530.8031534309649,0.28742385338716775,0.5148303164552265,0.6488626609015641,0.367073015805762,0.7454967147110679,178.91540160046586,-531.0,0.19684656903507403,182.5,-531.0,-0.054859438565422296,-0.34228329195259005,0.25450328528893207,19.856069620367414,136.03234080527193,TRACK
25.252,178.9492498369374,-530.7842970548304,0.28029810854787107,0.5125339784001984,0.6495853981445683,0.3655153765637994,0.7453607716986542,178.9492498369374,-531.0,0.2157029451695962,182.5,-531.0,-0.060673992483016775,-0.3409721010308878,0.2546392283013458,19.856069620367414,136.03234080527193,TRACK
25.3,178.98054074840144,-530.7669858352571,0.275413202025516,0.5100110293021548,0.6503934048858191,0.3638126374887634,0.7452323237189188,178.98054074840144,-531.0,0.23301416474294,182.5,-531.0,-0.06611089224073954,-0.3415240942662555,0.2547676762810812,20.752151160610595,135.22337660325258,TRACK
25.352,179.0144933323454,-530.7483429975783,0.26959982239327784,0.5072570257253152,0.6512827204909777,0.3619588525898928,0.7451062964291207,179.0144933323454,-531.0,0.2516570024216662,182.5,-531.0,-0.07207591165826972,-0.34167573405154755,0.25489370357087926,20.752151160610595,135.22337660325258,TRACK
25.4,179.04588280769053,-530.7312278908723,0.2632985741420446,0.5044338625211623,0.652215359377327,0.3600709072480248,0.7450073377183016,179.04588280769053,-531.0,0.26877210912766714,182.5,-531.0,-0.07765562355346081,-0.3409541976955054,0.25499266228169837,16.567464128729632,139.5240741835715,TRACK
25.452,179.07993967108325,-530.7127771346503,0.2558864867102546,0.5016564195666713,0.6531688718154829,0.3582338719748269,0.7449571008714444,179.07993967108325,-531.0,0.28722286534969044,182.5,-531.0,-0.08378520415547464,-0.33967169086572924,0.2550428991285556,16.567464128729632,139.5240741835715,TRACK
25.5,179.11142468167557,-530.6958231764816,0.25099008808955414,0.4989603107769517,0.654137968915738,0.35647462843082034,0.7449635179605096,179.11142468167557,-531.0,0.3041768235184463,182.5,-531.0,-0.08952545566960061,-0.34051554375915477,0.25503648203949036,18.8547107067403,137.2655876386422,TRACK
25.552,179.14559019938628,-530.6775521759148,0.24498533195628713,0.4962026788239314,0.6551498951557413,0.35468639691012194,0.7449992115939877,179.14559019938628,-531.0,0.32244782408520223,182.5,-531.0,-0.09583209582200368,-0.3408174277782908,0.25500078840601226,18.8547107067403,137.2655876386422,TRACK
25.6,179.17718332406233,-530.6607827521491,0.23739326094724647,0.49332357410098815,0.6562139659474204,0.35282320628320113,0.7450509942254964,179.17718332406233,-531.0,0.339217247850911,182.5,-531.0,-0.10173481599864408,-0.33912807694589053,0.25494900577450363,14.21296192139284,141.7872053852996,TRACK
25.652,179.2114636601401,-530.6426899178302,0.2308187760463536,0.4906306590727639,0.6572721091586089,0.35111377661480137,0.7451761601168645,179.2114636601401,-531.0,0.3573100821697608,182.5,-531.0,-0.10822865990457531,-0.3390474359509289,0.2548238398831355,14.21296192139284,141.7872053852996,TRACK
25.7,179.2431634166173,-530.6260749823535,0.22465382751235508,0.4878777417075377,0.6583709285993196,0.3493745259838654,0.7453286785245694,179.2431634166173,-531.0,0.3739250176464566,182.5,-531.0,-0.11431180875283961,-0.3389656362651947,0.2546713214754306,16.594439676667676,139.24000145227836,TRACK
25.752,179.2775715517128,-530.6081872605264,0.2178858083448547,0.4849150517416924,0.6595343205785265,0.3474915695722601,0.7454769687554212,179.2775715517128,-531.0,0.3918127394736075,183.0,-531.0,-0.10487113747260074,-0.3227569458174554,0.25452303124457876,16.594439676667676,139.24000145227836,TRACK
25.8,179.30939403707362,-530.5917708799202,0.2126775904759508,0.4818864436637625,0.6607362641319089,0.34557229547541785,0.7456491280348561,179.30939403707362,-531.0,0.4082291200797954,183.0,-531.0,-0.11016519057218388,-0.3228427810481347,0.25435087196514394,33.85004467199574,121.75606247086819,TRACK
25.852,179.34395355561554,-530.574173793331,0.2048565150883408,0.47806388016896195,0.6620907157179342,0.34306392102444583,0.7456922755054887,179.34395355561554,-531.0,0.425826206668944,183.0,-531.0,-0.11594934468353825,-0.32080585977187903,0.25430772449451133,33.85004467199574,121.75606247086819,TRACK
25.9,179.37592855472252,-530.558079141402,0.1987163053750729,0.4739549666376825,0.6635100003717167,0.3403483856485642,0.74570942343976,179.37592855472252,-531.0,0.4419208585979959,183.0,-531.0,-0.12134137682609397,-0.32005768220116687,0.25429057656024,17.614558099866166,137.91637874421468,TRACK
25.952,179.41063363752573,-530.5407245446917,0.19368680375580594,0.4703624514632624,0.6648734037247717,0.33803623622188245,0.7458720667645488,179.41063363752573,-531.0,0.4592754553083296,183.0,-531.0,-0.12726294137579347,-0.3209497451315994,0.25412793323545124,17.614558099866166,137.91637874421468,TRACK
25.996,179.4427352919041,-530.52479865414,0.18697765426047153,0.46691876531332044,0.6662422755967965,0.3358498388168275,0.7461058128882838,179.4427352919041,-531.0,0.4752013458600004,183.0,-531.0,-0.1327999382459189,-0.31977759250639043,0.2538941871117162,14.350884857927689,141.0990959995544,TRACK
26.052,179.47758351068288,-530.5076342231769,0.1807742352885604,0.4636785487327539,0.6676127978411281,0.3338322190212684,0.74642534676813,179.47758351068288,-531.0,0.4923657768231351,183.0,-531.0,-0.13888083235472024,-0.31965506764328067,0.25357465323187,14.350884857927689,141.0990959995544,TRACK
26.1,179.50982331553678,-530.4918949090484,0.17395703350344283,0.46034385832100716,0.6690302289897557,0.33175677455076724,0.7467690437895866,179.50982331553678,-531.0,0.5081050909516307,183.0,-531.0,-0.144565881812492,-0.3185229153159348,0.25323095621041336,14.945945117857498,140.01023278453036,TRACK
26.152,179.544829977192,-530.4749684023653,0.16764821840625177,0.4568530884115662,0.6704914099842262,0.32957031382458035,0.747111318758502,179.544829977192,-531.0,0.5250315976346656,183.0,-531.0,-0.15080172741145847,-0.31844994581771024,0.252888681241498,14.945945117857498,140.01023278453036,TRACK
26.2,179.57721634767847,-530.459448434345,0.16080395644270684,0.4533592867083061,0.6719700346203225,0.32738713746795545,0.7474798092303894,179.57721634767847,-531.0,0.5405515656550506,183.0,-531.0,-0.15663381464672652,-0.3174377710894334,0.25252019076961063,13.895206966555776,140.61617118028667,TRACK
26.252,179.61238008778244,-530.4427455683277,0.15276768530964005,0.4498877054792289,0.6734595424337664,0.32522477600858013,0.747876266654404,179.61238008778244,-531.0,0.557254431672277,183.0,-531.0,-0.16303723213586152,-0.31580491744550154,0.252123733345596,13.895206966555776,140.61617118028667,TRACK
26.3,179.64490956418751,-530.4274121398901,0.146321845248105,0.446592123540554,0.674942801368936,0.3232023534301548,0.7483365194767243,179.64490956418751,-531.0,0.5725878601099339,183.0,-531.0,-0.16903390241544633,-0.31535574766355134,0.2516634805232757,14.72873496788906,139.32159916220445,TRACK
26.352,179.68022615420102,-530.410887626955,0.14099768833207715,0.44345365553463806,0.676420638288423,0.32130421294675926,0.7488533081718035,179.68022615420102,-531.0,0.5891123730450545,183.0,-531.0,-0.1756272755007544,-0.31662496383283156,0.2511466918281965,14.72873496788906,139.32159916220445,TRACK
26.4,179.71289779289444,-530.3957176285383,0.13391221234460904,0.44038422529539323,0.6779041136936358,0.3194623102038008,0.7494065352020246,179.71289779289444,-531.0,0.6042823714617498,183.0,-531.0,-0.1818044775558923,-0.31571668990050133,0.2505934647979754,9.602230657906631,143.80286152753203,TRACK
26.448,179.74836506001583,-530.3793386384767,0.12736485071103898,0.43766519688814043,0.679359664140977,0.3178937039696557,0.7500573046676422,179.74836506001583,-531.0,0.6206613615232754,183.0,-531.0,-0.18860796846887953,-0.3159728191799185,0.2499426953323578,9.602230657906631,143.80286152753203,TRACK
26.496,179.78117546139754,-530.3642955452896,0.12017064186612725,0.43493868253003154,0.6808262917666099,0.3163201287366529,0.7507215618354423,179.78117546139754,-531.0,0.6357044547104351,183.0,-531.0,-0.1949865578480984,-0.3151571997142256,0.24927843816455775,10.002792463146633,142.62461247026312,TRACK
26.552,179.81679876921172,-530.3480980844936,0.11351040182078265,0.43206632883894547,0.6823093537821819,0.3146294544209927,0.7513572704432361,179.81679876921172,-531.0,0.6519019155064143,183.0,-531.0,-0.20200131978325428,-0.31551172160403695,0.24864272955676392,10.002792463146633,142.62461247026312,TRACK
26.6,179.84975414874407,-530.3332386836394,0.10628186712564269,0.4290977181761322,0.6838007223818192,0.31285894326899855,0.7519735010712094,179.84975414874407,-531.0,0.6667613163606347,183.0,-531.0,-0.20857555668183025,-0.31485742380747295,0.24802649892879058,8.575172615832216,143.28810796374052,TRACK
26.652,179.8855341276562,-530.3172488668084,0.09952876603252991,0.42600247857965434,0.6852972506875314,0.310982080256165,0.7525570915487683,179.8855341276562,-531.0,0.682751133191573,183.0,-531.0,-0.2158055566740553,-0.31533432270658523,0.24744290845123174,8.575172615832216,143.28810796374052,TRACK
26.7,179.91863333289214,-530.302582181595,0.09098595319074665,0.422886278141554,0.6867915844589813,0.3090829318479598,0.7531367334311935,179.91863333289214,-531.0,0.6974178184050288,183.0,-531.0,-0.22258373002322449,-0.31356968321397116,0.24686326656880653,7.080657736474535,144.17300731207914,TRACK
26.752,179.95456683957727,-530.2867808174246,0.08535020299575091,0.41987240165519324,0.6882746710482253,0.3072592414630057,0.7537441636729032,179.95456683957727,-531.0,0.713219182575358,183.0,-531.0,-0.23004707422060952,-0.31539727721636046,0.2462558363270968,7.080657736474535,144.17300731207914,TRACK
26.796,179.98780733386786,-530.2722819225764,0.07783952965023233,0.4168686636794463,0.6897571403835945,0.3054396152190917,0.7543595106150253,179.98780733386786,-531.0,0.7277180774235603,183.0,-531.0,-0.23704861015168546,-0.31488813980191777,0.24564048938497474,5.577111677288471,145.0296627341042,TRACK
26.852,180.02389271440234,-530.2566437226486,0.07089179719511973,0.41408752379038016,0.6912245102313693,0.3037928647912056,0.7550373687723304,180.02389271440234,-531.0,0.7433562773513813,183.0,-531.0,-0.24476659626591443,-0.3156583934610342,0.2449626312276696,5.577111677288471,145.0296627341042,TRACK
26.9,180.05727303286642,-530.2422829272996,0.06327228749265967,0.4113507126055791,0.6926940871176697,0.30217949486766443,0.7557364259093633,180.05727303286642,-531.0,0.7577170727004159,183.0,-531.0,-0.25201374239293756,-0.31528602988559723,0.2442635740906367,4.028562550110891,145.81265756504575,TRACK
26.952,180.09351069697405,-530.2267982630689,0.05622250144338303,0.4087117575777878,0.6941585111970635,0.30064037321684506,0.7564659097905785,180.09351069697405,-531.0,0.7732017369311279,183.0,-531.0,-0.2600041679913055,-0.3162266694346885,0.24353409020942152,4.028562550110891,145.81265756504575,TRACK
27.0,180.12703106978458,-530.212574169909,0.04856584297287836,0.40611740813700836,0.69562241735487,0.2991335885485299,0.7572129497866198,180.12703106978458,-531.0,0.7874258300910242,183.0,-531.0,-0.2675115044340479,-0.3160773474069263,0.2427870502133802,4.028562550110891,145.81265756504575,TRACK
27.052,180.16342054683673,-530.1972463333432,0.041411246333053375,0.4035030257088909,0.6970837437470885,0.2976049632879082,0.7579541278798169,180.16342054683673,-531.0,0.8027536666568267,183.0,-531.0,-0.275788978620756,-0.3172002249538094,0.24204587212018314,2.2676743530985704,146.71870401365726,TRACK
27.1,180.19708095896527,-530.1831809230338,0.03235710581505269,0.4008054534007623,0.6985449385395388,0.2960035096431733,0.7586719375858608,180.19708095896527,-531.0,0.816819076966226,183.0,-531.0,-0.28356427022241076,-0.31592137603746345,0.24132806241413918,0.33726275116521265,147.7997720406352,TRACK
27.152,180.2336210957239,-530.1680198874008,0.026375144854980936,0.39817285994607143,0.6999974382337034,0.29444771341334897,0.7594049443268703,180.2336210957239,-531.0,0.8319801125992399,183.0,-531.0,-0.29214196010616816,-0.3185171049611491,0.24059505567312967,0.33726275116521265,147.7997720406352,TRACK
27.2,180.2674197935843,-530.1541266541157,0.018405657621986204,0.3953087079608646,0.701447173417473,0.29269583975588787,0.7600651233320516,180.2674197935843,-531.0,0.8458733458843426,183.0,-531.0,-0.30019612094079273,-0.31860177856277894,0.23993487666794844,-1.5480282669769139,148.9055042997511,TRACK
27.252,180.30410839589155,-530.1391380691797,0.009210791399758556,0.3926908931738339,0.7028831782508378,0.29113700214108185,0.7607926894257695,180.30410839589155,-531.0,0.860861930820306,183.0,-531.0,-0.3090892936516101,-0.31830008505136864,0.2392073105742305,-1.5480282669769139,148.9055042997511,TRACK
27.3,180.33804303820503,-530.12540633968,0.0017603839608550942,0.3898231977935914,0.7043141660655137,0.2893662456602135,0.7614402594084758,180.33804303820503,-531.0,0.874593660319988,183.0,-531.0,-0.3174420055152606,-0.3192023894761157,0.23855974059152418,-1.1317370126512145,147.75737745195926,TRACK
27.352,180.37487808670798,-530.1106465004599,-0.00456255063422617,0.38676939772319296,0.7057324190201402,0.2874331313530169,0.7620210313734257,180.37487808670798,-531.0,0.8893534995401069,183.0,-531.0,-0.3266495409637163,-0.3220869903294901,0.2379789686265743,-1.1317370126512145,147.75737745195926,TRACK
27.4,180.4089458821324,-530.0971101470162,-0.012692738956977758,0.3837684072285267,0.7071370806661622,0.28553411257288586,0.7626090612468802,180.4089458821324,-531.0,0.9028898529837761,183.0,-531.0,-0.3353060556990765,-0.32261331674209875,0.23739093875311978,-7.2946762276821175,153.32503568239838,TRACK
27.452,180.44592478244107,-530.082496230653,-0.020290808070515084,0.3811703352274235,0.7085355468182558,0.2839600717712332,0.7633190312479892,180.44592478244107,-531.0,0.9175037693470358,183.0,-531.0,-0.3448749105581401,-0.32458410248762504,0.23668096875201083,-7.2946762276821175,153.32503568239838,TRACK
27.5,180.4801264373149,-530.0690687358237,-0.02857022958602573,0.3786943065954624,0.7099351722202918,0.2824828631143378,0.764071015487912,180.4801264373149,-531.0,0.9309312641762517,183.0,-531.0,-0.3538834819835433,-0.32531325239751757,0.235928984512088,-7.591733983359674,152.87238565087767,TRACK
27.552,180.51725033792144,-530.0545965661757,-0.038308290916593046,0.37624605917132575,0.7113302698717651,0.28102269519356393,0.7648297248732511,180.51725033792144,-531.0,0.9454034338242536,183.0,-531.0,-0.36383615839082334,-0.3255278674742303,0.23517027512674893,-7.591733983359674,152.87238565087767,TRACK
27.6,180.5515843921094,-530.0413246780097,-0.044831635119707336,0.37365630240228026,0.7127171538704495,0.279438936419996,0.7655402410120141,180.5515843921094,-531.0,0.958675321990313,183.0,-531.0,-0.37320009609823235,-0.328368460978525,0.23445975898798588,-7.458983884264356,151.80037304922087,TRACK
27.652,180.58884924165235,-530.0270415557346,-0.05271366112101328,0.37097778619312716,0.7140872527088236,0.2777717086012874,0.7662099755161856,180.58884924165235,-531.0,0.9729584442653731,183.0,-531.0,-0.3835410559850201,-0.3308273948640068,0.23379002448381436,-7.458983884264356,151.80037304922087,TRACK
27.696,180.62331035925354,-530.0139607280151,-0.061349803872569504,0.3681050704366709,0.7154356967693662,0.27593264604536283,0.7668031438155846,180.62331035925354,-531.0,0.9860392719848505,183.0,-531.0,-0.39326716809823625,-0.33191736422566676,0.23319685618441544,-14.313145709427218,157.96096799651855,TRACK
27.752,180.66071248603836,-529.9998716292208,-0.06935427306972985,0.3653528667661843,0.7167782870287289,0.27418669258362677,0.7674304236514129,180.66071248603836,-531.0,1.00012837077918,183.0,-531.0,-0.40401624595554764,-0.3346619728858178,0.2325695763485871,-14.313145709427218,157.96096799651855,TRACK
27.8,180.6953009960973,-529.986951150072,-0.07808687456226804,0.3625992553898797,0.7181137724150907,0.2724331773065646,0.7680541818319738,180.6953009960973,-531.0,1.0130488499280546,183.0,-531.0,-0.41413649327919577,-0.33604961871692773,0.23194581816802617,-14.577040910635745,157.63412927636074,TRACK
27.852,180.73283916937066,-529.9730633244559,-0.08626671677197217,0.35970780645986217,0.7194347337174364,0.2705573145880819,0.7686270854947755,180.73283916937066,-531.0,1.026936675544107,183.0,-531.0,-0.4253140190777447,-0.3390473023057725,0.23137291450522446,-14.577040910635745,157.63412927636074,TRACK
27.896,180.76755256213156,-529.9603399976046,-0.09517464253231345,0.3567680467616009,0.7207510657978488,0.2686365127729927,0.7691863719824794,180.76755256213156,-531.0,1.039660002395408,183.0,-531.0,-0.4358364680205492,-0.34066182548823576,0.2308136280175206,-17.15645871805107,159.5669720607558,TRACK
27.952,180.80522736167634,-529.9466503321388,-0.1056452798308083,0.3538808012588203,0.7220685743200479,0.2667557123991053,0.7697672610069493,180.80522736167634,-531.0,1.0533496678611982,183.0,-531.0,-0.4474676867722066,-0.3418224069413983,0.23023273899305075,-17.15645871805107,159.5669720607558,TRACK
28.0,180.8400661330789,-529.9341145606173,-0.11266824253905704,0.35090796002588887,0.7233772814516177,0.26479788040347707,0.7703198094210658,180.8400661330789,-531.0,1.0658854393826687,183.0,-531.0,-0.45841849237469545,-0.3457502498356384,0.22968019057893418,-17.1228899886474,158.93449011379482,TRACK
28.052,180.87787569140892,-529.9206382941395,-0.12325708878156805,0.34792163422216177,0.7246826447802608,0.26282426201684295,0.770870630099767,180.87787569140892,-531.0,1.0793617058604923,183.0,-531.0,-0.470522365852179,-0.34726527707061094,0.22912936990023303,-17.1228899886474,158.93449011379482,TRACK
28.1,180.91283772085572,-529.9083097823884,-0.1318316939013604,0.3447994589376049,0.725975183823428,0.2607311684959989,0.7713758550491122,180.91283772085572,-531.0,1.0916902176115855,183.0,-531.0,-0.4819171078298864,-0.350085413928526,0.2286241449508878,-22.160671599340873,163.3836426155589,TRACK
28.152,180.95078084439336,-529.8950606248526,-0.139111117351586,0.3416976327098944,0.7272702779116829,0.2586522813981415,0.7718957570852426,180.95078084439336,-531.0,1.10493937514741,183.0,-531.0,-0.4945138231707101,-0.3554027058191241,0.2281042429147574,-22.160671599340873,163.3836426155589,TRACK
28.2,180.9858671364196,-529.8829358914385,-0.14852772802108904,0.3385522145606077,0.7285632266673427,0.2565334973866929,0.7724078006683893,180.9858671364196,-531.0,1.1170641085615216,183.0,-531.0,-0.5063779002327626,-0.3578501722116736,0.22759219933161068,-27.637089360888808,168.33549443434134,TRACK
28.248,181.02394447534434,-529.8699170058705,-0.15735169497754398,0.33536124435354514,0.7298558785578679,0.25437388770088487,0.7729137585847076,181.02394447534434,-531.0,1.1300829941294523,183.0,-531.0,-0.51949259475754,-0.362140899779996,0.22708624141529243,-27.637089360888808,168.33549443434134,TRACK
28.296,181.05915459570605,-529.8580142368763,-0.1669940107559085,0.33207715620555134,0.7311467820334139,0.25213405092174923,0.7733997650064471,181.05915459570605,-531.0,1.141985763123671,183.0,-531.0,-0.5318434868726742,-0.36484947611676577,0.22660023499355286,-28.485103752736848,168.62682287344143,TRACK
28.352,181.09736466298943,-529.8452531905467,-0.17603512701872415,0.3286598741320505,0.7324285534983653,0.2497787910869313,0.7738481960026505,181.09736466298943,-531.0,1.154746809453286,183.0,-531.0,-0.5454919635408877,-0.36945683652216355,0.22615180399734947,-28.485103752736848,168.62682287344143,TRACK
28.396,181.13269375511516,-529.833613444785,-0.18597590976340703,0.3250187673023647,0.733686523190664,0.2472293603857661,0.77422107369172,181.13269375511516,-531.0,1.1663865552150128,183.0,-531.0,-0.5583374625578357,-0.3723615527944286,0.22577892630828,-31.54892904843635,171.21869396336197,TRACK
28.452,181.17103412721733,-529.8211367707969,-0.19521610507067177,0.3213723847391774,0.7349564369154403,0.24467669763211597,0.7746145173746729,181.17103412721733,-531.0,1.1788632292031025,183.0,-531.0,-0.5725356569433077,-0.3773195518726359,0.2253854826253271,-31.54892904843635,171.21869396336197,TRACK
28.496,181.20648598223846,-529.8097561115899,-0.2053765857125247,0.31760754940932345,0.7362247935241673,0.24202382684540263,0.7749854704190241,181.20648598223846,-531.0,1.190243888410123,183.0,-531.0,-0.5859028375758969,-0.3805262518633722,0.2250145295809759,-34.618939311616174,173.95213010840683,TRACK
28.552,181.24496077063472,-529.7975685281674,-0.21482411897352627,0.31381022762454114,0.7375110376885978,0.23934729894693238,0.7753771083967494,181.24496077063472,-531.0,1.2024314718325968,183.0,-531.0,-0.6006767882621793,-0.385852669288653,0.22462289160325055,-34.618939311616174,173.95213010840683,TRACK
28.596,181.28054108355371,-529.7864494343589,-0.22513822246112294,0.30998462621009903,0.7388219561985847,0.23665247000229728,0.7757978309580993,181.28054108355371,-531.0,1.2135505656410714,183.0,-531.0,-0.6145910830823301,-0.3894528606212072,0.2242021690419007,-37.992484852177995,176.90784424154697,TRACK
28.652,181.31915624347647,-529.7745563728542,-0.23727259360785768,0.3060556200210942,0.7401440017784011,0.23387355793683515,0.7762151663492411,181.31915624347647,-531.0,1.2254436271457507,183.0,-531.0,-0.6299672484887262,-0.3926946548808685,0.22378483365075885,-37.992484852177995,176.90784424154697,TRACK
28.7,181.35486582662213,-529.7637260222576,-0.24535455970831865,0.301997367631745,0.741475978259744,0.23098911909263697,0.7766225592109959,181.35486582662213,-531.0,1.2362739777423712,183.0,-531.0,-0.6444431877235511,-0.3990886280152325,0.22337744078900412,-38.599031198429074,177.01488592127635,TRACK
28.752,181.39361880481195,-529.7521695730192,-0.2577606481400103,0.2977287252747006,0.7427967390695436,0.22792672036144973,0.7769797844391282,181.39361880481195,-531.0,1.2478304269808405,183.0,-531.0,-0.6604311314009198,-0.4026704832609095,0.22302021556087182,-38.599031198429074,177.01488592127635,TRACK
28.8,181.42944813012886,-529.7416888262518,-0.2660874851939057,0.29312353020989734,0.7440733774976684,0.22457448008035205,0.7772251206723495,181.42944813012886,-531.0,1.2583111737482113,183.0,-531.0,-0.6754664105366384,-0.4093789253427327,0.2227748793276505,-44.90366160521657,182.9358979248305,TRACK
28.852,181.46833242400035,-529.7305173451563,-0.27867722923962684,0.28844517173742135,0.7453689041239011,0.221166073272051,0.7774890579303632,181.46833242400035,-531.0,1.2694826548437277,183.0,-531.0,-0.6920710472714098,-0.41339381803178293,0.22251094206963684,-44.90366160521657,182.9358979248305,TRACK
28.9,181.50428603641683,-529.7203940361019,-0.2872760835213737,0.2835476929162622,0.7466515448840281,0.217573742815117,0.7777061546884431,181.50428603641683,-531.0,1.2796059638981205,183.0,-531.0,-0.7076871949099246,-0.4204111113885509,0.22229384531155694,-48.64673547546222,186.52808138657178,TRACK
28.952,181.54330494274362,-529.7096293932889,-0.29761259460115763,0.2785184846974376,0.7479507582972158,0.21387725945579023,0.7779291863336274,181.54330494274362,-531.0,1.2903706067111216,183.0,-531.0,-0.7249257623579611,-0.4273131677568035,0.2220708136663726,-48.64673547546222,186.52808138657178,TRACK
29.0,181.5793893266527,-529.699879355497,-0.31067063511628934,0.27339840289672035,0.7492832922301724,0.21011424421170974,0.7781859980981051,181.5793893266527,-531.0,1.3001206445029538,183.0,-531.0,-0.7411411834330701,-0.4304705483167808,0.22181400190189493,-55.613633543336306,193.28778011903702,TRACK
29.052,181.61855849799068,-529.6895138144475,-0.3195186339948992,0.2682514069822488,0.7506727931860749,0.20634232349392495,0.7785157653475331,181.61855849799068,-531.0,1.3104861855524632,183.0,-531.0,-0.759045713065206,-0.43952707907030675,0.22148423465246692,-55.613633543336306,193.28778011903702,TRACK
29.1,181.65479008268323,-529.6801290219375,-0.3311375190683252,0.2630664346061887,0.752125953954176,0.20255328898973154,0.7789231576298378,181.65479008268323,-531.0,1.319870978062454,183.0,-531.0,-0.7758906937312616,-0.4447531746629364,0.22107684237016223,-56.071667887582265,193.34874668832106,TRACK
29.152,181.69412143266106,-529.670174718987,-0.34204315010533914,0.2577465729542541,0.753612110305602,0.1986597538564311,0.7793567287202701,181.69412143266106,-531.0,1.3298252810129725,183.0,-531.0,-0.7944834234185639,-0.4524402733132248,0.22064327127972994,-56.071667887582265,193.34874668832106,TRACK
29.2,181.73049670226413,-529.6612051275685,-0.3558942573390369,0.25214655585646717,0.7550842125543706,0.19453211076713828,0.7797402837922203,181.73049670226413,-531.0,1.3387948724315493,183.0,-531.0,-0.8119577345817853,-0.4560634772427484,0.22025971620777973,-59.13082949774973,195.81612942465415,TRACK
29.252,181.76998229821803,-529.651721568128,-0.36521211540045195,0.24638914464658215,0.7565731724653824,0.19027752207871698,0.7801336428476533,181.76998229821803,-531.0,1.3482784318720178,183.0,-531.0,-0.8312338215510493,-0.46602170615059735,0.2198663571523467,-59.13082949774973,195.81612942465415,TRACK
29.3,181.80649749798488,-529.6432062393285,-0.3793135778763539,0.24033468406874528,0.7580292270691276,0.18577132851411093,0.7804609507136899,181.80649749798488,-531.0,1.3567937606715077,183.0,-531.0,-0.8493392292943943,-0.4700256514180404,0.21953904928631007,-62.161641383545145,198.4517961483719,TRACK
29.352,181.84612863842574,-529.6342467080163,-0.3889253175529863,0.23403027051297942,0.7594670582545742,0.1810559012120619,0.780750569604383,181.84612863842574,-531.0,1.3657532919836513,183.0,-531.0,-0.8692934341779955,-0.4803681166250092,0.21924943039561695,-62.161641383545145,198.4517961483719,TRACK
29.4,181.88277947337542,-529.6262265690749,-0.40141223353576816,0.22751543029081983,0.760899259373585,0.1761665155692262,0.7810264554565822,181.88277947337542,-531.0,1.3737734309250982,183.0,-531.0,-0.8880284867526452,-0.48661625321687707,0.21897354454341778,-65.34789403979869,201.3795802842015,TRACK
29.452,181.92255654034304,-529.6178228777211,-0.4160819002580478,0.22075340441112504,0.7623147770286929,0.1710715423090704,0.7812741464200066,181.92255654034304,-531.0,1.3821771222789039,183.0,-531.0,-0.9086645982020614,-0.49258269794401355,0.2187258535799934,-65.34789403979869,201.3795802842015,TRACK
29.5,181.95934270674206,-529.6103316167056,-0.42586756947457505,0.213798717229026,0.7637370683948872,0.1658202807389365,0.7815309815642348,181.95934270674206,-531.0,1.3896683832944063,183.0,-531.0,-0.9280297227995334,-0.5021621533249584,0.21846901843576516,-65.04797523075862,200.83880001070142,TRACK
29.552,181.9992667807049,-529.602518111245,-0.4378065115168792,0.20660767033607166,0.7651488230526001,0.16037408461898764,0.7817752672195235,181.9992667807049,-531.0,1.39748188875501,183.0,-531.0,-0.9493482045564756,-0.5115416930395964,0.2182247327804765,-65.04797523075862,200.83880001070142,TRACK
29.6,182.03618136782606,-529.5956031393343,-0.45291343265201084,0.19910313578577268,0.7665155994094086,0.1546648251841358,0.78196379218427,182.03618136782606,-531.0,1.4043968606656563,183.0,-531.0,-0.9693334561648627,-0.5164200235128518,0.21803620781572997,-75.44793140989964,210.97432533740033,TRACK
29.652,182.07625582465502,-529.5884079685922,-0.4660950867743611,0.1915890592219131,0.7679670605802785,0.14896117021137306,0.7822805355926062,182.07625582465502,-531.0,1.4115920314078494,183.0,-531.0,-0.9913349949890266,-0.5252399082146655,0.21771946440739376,-75.44793140989964,210.97432533740033,TRACK
29.7,182.1133237481338,-529.5820521128189,-0.4764631859181718,0.18395999259026027,0.7694655314100141,0.1431695423171392,0.7826715287241478,182.1133237481338,-531.0,1.4179478871810716,183.0,-531.0,-1.0119643571285544,-0.5355011712103825,0.2173284712758522,-71.9991504405907,207.245348074576,TRACK
29.752,182.15355528657543,-529.5755007757309,-0.4889304495346103,0.17606463248915113,0.7709417964658563,0.13715574059853322,0.7830472212562496,182.15355528657543,-531.0,1.4244992242690842,183.0,-531.0,-1.0346486729033744,-0.5457182233687641,0.2169527787437504,-71.9991504405907,207.245348074576,TRACK
29.8,182.19075911337674,-529.5697730490041,-0.5046238233600793,0.16789886065992693,0.7723900714623998,0.13091590543886067,0.7834062782430121,182.19075911337674,-531.0,1.430226950995916,183.0,-531.0,-1.055893790207158,-0.5512699668470786,0.21659372175698788,-82.81863264778536,217.5103687850226,TRACK
29.852,182.23113913872325,-529.5639144040572,-0.5152226866918848,0.15955448972085373,0.7738421785905187,0.12452852567783963,0.7837978508985698,182.23113913872325,-531.0,1.4360855959428136,183.0,-531.0,-1.079241866308717,-0.5640191796168323,0.2162021491014302,-82.81863264778536,217.5103687850226,TRACK
29.9,182.26849312375447,-529.5588157116022,-0.5291234593826606,0.15117969321723232,0.7753702236031377,0.11812150750846288,0.7843160550355014,182.26849312375447,-531.0,1.4411842883978352,183.0,-531.0,-1.1011083329262452,-0.5719848735435846,0.2156839449644986,-83.49572955327959,217.78246433110309,TRACK
29.952,182.30904378323743,-529.5536409196918,-0.545456972279637,0.14267855224147144,0.7769277764773328,0.11160931004630992,0.7849034386158756,182.30904378323743,-531.0,1.4463590803081843,183.0,-531.0,-1.1251301787025434,-0.5796732064229064,0.21509656138412436,-83.49572955327959,217.78246433110309,TRACK
30.0,182.34654507266953,-529.5492053732427,-0.5564355086034922,0.13393366371379933,0.7784499568193408,0.10488857772178176,0.7854845313617143,182.34654507266953,-531.0,1.4507946267573288,183.0,-531.0,-1.1476000529008887,-0.5911645442973965,0.21451546863828574,-83.44375051531686,216.94208939542716,TRACK
30.052,182.3872470230551,-529.5447735661113,-0.5697207151241686,0.12500326380566232,0.7799479072200499,0.0980070465956755,0.7860814965125069,182.3872470230551,-531.0,1.455226433888697,183.0,-531.0,-1.1722586715839356,-0.602537956459767,0.21391850348749308,-83.44375051531686,216.94208939542716,TRACK
30.1,182.42487835944894,-529.5410456427592,-0.5864417906859427,0.1157988544627087,0.7813613008981319,0.09088735472980515,0.7866295149503371,182.42487835944894,-531.0,1.4589543572408274,183.0,-531.0,-1.1952988404458567,-0.608857049759914,0.21337048504966294,-95.16660883893414,227.97982946836467,TRACK
30.152,182.46572112667852,-529.5373880085787,-0.6011804927453243,0.106515049031229,0.7827880865520962,0.08369547217398036,0.7872497192824635,182.46572112667852,-531.0,1.4626119914213405,183.0,-531.0,-1.220564780864721,-0.6193842881193968,0.21275028071753654,-95.16660883893414,227.97982946836467,TRACK
30.2,182.50350310300453,-529.5343515142625,-0.614917983011658,0.09728542842448157,0.7843058336360748,0.07654316130146521,0.7880320400958328,182.50350310300453,-531.0,1.4656484857374608,183.0,-531.0,-1.2441735342350488,-0.6292555512233908,0.21196795990416717,-91.5622435779995,223.73747131585645,TRACK
30.252,182.54450326349,-529.5314600954703,-0.6299890892499,0.08785916499949666,0.7857614105155372,0.06921452748625645,0.7888039332245449,182.54450326349,-531.0,1.4685399045297345,183.0,-531.0,-1.2700357463317133,-0.6400466570818133,0.2111960667754551,-91.5622435779995,223.73747131585645,TRACK
30.3,182.5824097080483,-529.5291680858705,-0.6439810673160462,0.07822703087193726,0.7871460750727118,0.06170201286408172,0.7895606891771237,182.5824097080483,-531.0,1.4708319141294623,183.0,-531.0,-1.2941615461334912,-0.650180478817445,0.21043931082287626,-99.43894079192509,230.56312602661868,TRACK
30.352,182.62354326368228,-529.5270895463084,-0.6592458260716247,0.06849901309662514,0.7885054194106637,0.05409647849150067,0.7903589218988851,182.62354326368228,-531.0,1.472910453691611,183.0,-531.0,-1.3205662802172489,-0.6613204541456241,0.20964107810111487,-99.43894079192509,230.56312602661868,TRACK
30.4,182.66157126411193,-529.5255515841837,-0.6711289762293875,0.058651414590752675,0.7898160257497917,0.04637701817833728,0.7911764546207815,182.66157126411193,-531.0,1.474448415816255,183.0,-531.0,-1.345175278559789,-0.6740463023304015,0.20882354537921854,-103.83218901555485,234.10013247974734,TRACK
30.452,182.7028368781508,-529.5242933551204,-0.6855164189823748,0.048769866662787466,0.7911297419990242,0.038613911280413124,0.7920715263281557,182.7028368781508,-531.0,1.4757066448795513,183.0,-531.0,-1.3720837582899432,-0.6865673393075684,0.2079284736718443,-103.83218901555485,234.10013247974734,TRACK
30.5,182.74098438108703,-529.5235201531816,-0.7036610302572139,0.038770613402301785,0.7923932078760265,0.030736973136320164,0.7929891281761955,182.74098438108703,-531.0,1.4764798468183926,183.0,-531.0,-1.3971355975634225,-0.6934745673062086,0.2070108718238045,-112.57655968868777,241.8220245519695,TRACK
30.552,182.78237737809204,-529.5230974339829,-0.7159961878252821,0.02875022416211354,0.7936622957300291,0.022824257914444108,0.7939904195976204,182.78237737809204,-531.0,1.4769025660170882,183.0,-531.0,-1.4244983865422114,-0.7085021987169293,0.2060095804023796,-112.57655968868777,241.8220245519695,TRACK
30.6,182.8206566594289,-529.5230825556565,-0.732068874725067,0.018795585984554226,0.7950002519724118,0.01494425544103115,0.7951406991261892,182.8206566594289,-531.0,1.476917444343485,183.0,-531.0,-1.449957102226397,-0.7178882275013301,0.20485930087381077,-112.96285664414818,241.04763628540667,TRACK
30.652,182.86218654451727,-529.5234914727998,-0.7471033667712264,0.008742247927289566,0.7962782364923202,0.006961439110491907,0.7963086659994405,182.86218654451727,-531.0,1.476508527200167,183.0,-531.0,-1.4777285742620536,-0.7306252074908273,0.2036913340005595,-112.96285664414818,241.04763628540667,TRACK
30.696,182.90057650268892,-529.5242643984343,-0.7661330149924287,-0.0013930649682788814,0.7975076320549599,-0.0011109806628183715,0.7975084058892059,182.90057650268892,-531.0,1.4757356015657024,183.0,-531.0,-1.5035258228258008,-0.7373928078333721,0.2024915941107941,-117.33914266514054,243.9455926857551,TRACK
30.752,182.94222089845607,-529.5255326191858,-0.7827293366753207,-0.011591423535225106,0.7986787784992383,-0.009258238642936529,0.7987324371826932,182.94222089845607,-531.0,1.4744673808141897,183.0,-531.0,-1.531629943878595,-0.7489006072032742,0.20126756281730684,-117.33914266514054,243.9455926857551,TRACK
30.8,182.98070181768063,-529.5271118006427,-0.7982286643651562,-0.021919753639531844,0.7997312420368679,-0.01753271990793814,0.7999234061816178,182.98070181768063,-531.0,1.4728881993572713,183.0,-531.0,-1.5576948041279606,-0.7594661397628044,0.20007659381838216,-116.68925721128448,241.90820968517147,TRACK
30.852,183.0224264204378,-529.5292688895579,-0.8151159269079455,-0.03235575995179075,0.800663979728,-0.025915135638412586,0.8010832682618184,183.0,-531.0,1.4709020849655194,183.0,-531.0,-1.586043629549131,-0.7709277026411854,0.19891673173818158,-116.68925721128448,241.90820968517147,TRACK
30.9,183.0609581857511,-529.5316871886234,-0.8308514582932598,-0.042996440563062635,0.8013923755660852,-0.03447826885119092,0.8021337111968481,183.0,-531.0,1.469577630634943,183.0,-531.0,-1.6122883029705308,-0.781436844677271,0.19786628880315194,-124.81075679072924,248.77280291819127,TRACK
30.952,183.1027207567729,-529.5347659127559,-0.8441329638490775,-0.05373014984259952,0.8019992721492302,-0.04313305641418773,0.8031583237964508,183.0,-531.0,1.4688303116064845,183.0,-531.0,-1.6407871695681024,-0.7966542057190249,0.1968416762035492,-124.81075679072924,248.77280291819127,TRACK
31.0,183.1412980678679,-529.5380212637269,-0.8614001905404471,-0.06441848225644385,0.8025924202980292,-0.051773420832887954,0.8042605798027078,183.0,-531.0,1.468790988976238,183.0,-531.0,-1.6671455839838265,-0.8057453934433794,0.19573942019729218,-133.32219350125445,256.28191390193086,TRACK
31.052,183.18311704630648,-529.5419975661858,-0.8816221834976874,-0.07508193198736657,0.8031589665303477,-0.060416297784035664,0.8054281188014393,183.0,-531.0,1.4694566851921897,183.0,-531.0,-1.6957366050375169,-0.8141144215398295,0.19457188119856073,-133.32219350125445,256.28191390193086,TRACK
31.096,183.2217526924184,-529.5460767643502,-0.8951409550992042,-0.08565354833234588,0.8037715811440846,-0.06901474684163697,0.8067290684836372,183.0,-531.0,1.4707369009299711,183.0,-531.0,-1.7221501217729203,-0.827009166673716,0.19327093151636277,-167.25020100183156,209.81431553881998,TRACK
31.152,183.2634243917672,-529.5507090473247,-0.9115777686001385,-0.09441910230256999,0.802934119514404,-0.0760384131601274,0.8065265281168881,183.0,-531.0,1.4730365493375455,183.0,-531.0,-1.7505943530809256,-0.8390165844807871,0.19347347188311192,-167.25020100183156,209.81431553881998,TRACK
31.2,183.30155736137368,-529.5550191253265,-0.9322973964911929,-0.10072875664219605,0.799960081065036,-0.08085262064987248,0.8040356195863037,183.0,-531.0,1.4761119775853682,183.0,-531.0,-1.776536375285733,-0.8442389787945401,0.19596438041369635,-179.19970599347508,221.76000687440384,TRACK
31.252,183.3425292667375,-529.5596975142714,-0.9461901756028444,-0.10522565045879559,0.7957464926410536,-0.08404335978277272,0.8001723357340685,183.0,-531.0,1.4804720696344311,183.0,-531.0,-1.8042767388866983,-0.8580865632838539,0.19982766426593146,-179.19970599347508,221.76000687440384,TRACK
31.3,183.3800311541449,-529.5640072186044,-0.9644494215983155,-0.10840674453741189,0.7906864825622477,-0.08605311128669789,0.7953554247434165,183.0,-531.0,1.4854288762310368,183.0,-531.0,-1.8295121734001354,-0.8650627518018199,0.20464457525658353,-174.55067846018835,219.65696591176436,TRACK
31.352,183.42029407046778,-529.5686646426349,-0.9856228690409994,-0.11074062760181824,0.7849466119925941,-0.0872825686953776,0.7897844202544865,183.0,-531.0,1.4917667414558924,183.0,-531.0,-1.8564060074324011,-0.8707831383914018,0.21021557974551353,-174.55067846018835,219.65696591176436,TRACK
31.4,183.45711906017274,-529.572945235025,-1.0027103177321837,-0.11245895410621651,0.7787308477272339,-0.0879463224969084,0.7836812418596649,183.0,-531.0,1.4984802759499292,183.0,-531.0,-1.8807926201753564,-0.8780823024431728,0.21631875814033508,-168.2395258687721,216.06240224731323,TRACK
31.452,183.49662679386648,-529.5775768575008,-1.01700945048123,-0.1139203010785643,0.7720924893459477,-0.08833949167173168,0.7771297690175317,183.0,-531.0,1.5066272826094964,183.0,-531.0,-1.9067060332653012,-0.8896965827840713,0.22287023098246828,-168.2395258687721,216.06240224731323,TRACK
31.5,183.53275013712877,-529.5818563341481,-1.0385693156099345,-0.11529700551121408,0.7652594960290511,-0.08862518680650563,0.7703742726747339,183.0,-531.0,1.5149106130747356,183.0,-531.0,-1.9301518587528594,-0.891582543142925,0.2296257273252661,-176.50725891945072,227.16995239339266,TRACK
31.552,183.5715532819619,-529.5865112740718,-1.0572841303833123,-0.11670745033318791,0.758593685718859,-0.08893769783324693,0.7637894304770136,183.0,-531.0,1.5246716146264576,183.0,-531.0,-1.9550526126114156,-0.8977684822281033,0.23621056952298636,-176.50725891945072,227.16995239339266,TRACK
31.6,183.60709834360705,-529.5908565690246,-1.071794719045445,-0.11840889701331617,0.7522686368797118,-0.08949394595597515,0.7575732759249304,183.0,-531.0,1.5343577183536956,183.0,-531.0,-1.9775929068993856,-0.9057981878539405,0.2424267240750696,-164.63767642422883,217.99182965138274,TRACK
31.652,183.64532783796736,-529.5956748100272,-1.0892684506827823,-0.12081160513672044,0.7462885183200452,-0.09060153315789576,0.7517680429406997,183.0,-531.0,1.5455022671118508,183.0,-531.0,-2.001546072260663,-0.9122776215778807,0.24823195705930035,-164.63767642422883,217.99182965138274,TRACK
31.7,183.68036513082575,-529.6002854412739,-1.1082622326326743,-0.1242741683421768,0.7405677973337863,-0.09251018272642542,0.7463235198999778,183.0,-531.0,1.5563089529889194,183.0,-531.0,-2.0232413578655826,-0.9149791252329083,0.2536764801000222,-172.84038922537616,228.27634268829974,TRACK
31.748,183.71809858652233,-529.6055012525247,-1.125801214037966,-0.12879794117676072,0.7353442508401113,-0.09523804065308492,0.7414859753434607,183.0,-531.0,1.568531904895613,183.0,-531.0,-2.0463331055984777,-0.9205318915605116,0.2585140246565393,-172.84038922537616,228.27634268829974,TRACK
31.8,183.75276324667308,-529.6105558126112,-1.1477909027490085,-0.13433845973719505,0.730736909978674,-0.0987608937217445,0.7373805976115038,183.0,-531.0,1.5802555664860973,183.0,-531.0,-2.0673012335017513,-0.9195103307527428,0.26261940238849624,-166.49089944665786,223.59903223258686,TRACK
31.852,183.79012510979095,-529.6163468709053,-1.1625218241706254,-0.14107924768122987,0.7264530701640831,-0.1031728578987049,0.7337429398350682,183.0,-531.0,1.5933592409672295,183.0,-531.0,-2.0896515546415175,-0.9271297304708921,0.2662570601649318,-166.49089944665786,223.59903223258686,TRACK
31.9,183.82443785201434,-529.6220130817786,-1.181659644320502,-0.1489166753989464,0.7223915743188778,-0.10837847858530807,0.730476201711851,183.0,-531.0,1.605785078590308,183.0,-531.0,-2.109958625696297,-0.9282989813757951,0.269523798288149,-165.19479985662113,223.34414978923186,TRACK
31.952,183.86141378538497,-529.6285184181551,-1.2038597548067158,-0.1576819724463957,0.7184309979172618,-0.11423192899885815,0.7274558628337481,183.0,-531.0,1.6195664354978274,183.0,-531.0,-2.1316145368447668,-0.927754782038051,0.2725441371662519,-165.19479985662113,223.34414978923186,TRACK
32.004,183.89534589975014,-529.6348707135506,-1.2186477757820828,-0.16719443601151196,0.7144018158922539,-0.12056957444197278,0.7245046423807568,183.0,-531.0,1.6325508411443503,183.0,-531.0,-2.151286282830374,-0.9326385070482912,0.27549535761924315,-158.3275741461412,217.42978587420433,TRACK
32.052,183.93187282964,-529.6421251765549,-1.240782743509421,-0.17721932865808201,0.7102155161271946,-0.127198339762387,0.7215161099976389,183.0,-531.0,1.6468791718785065,183.0,-531.0,-2.1722500077216775,-0.9314672642122566,0.27848389000236107,-158.3275741461412,217.42978587420433,TRACK
32.1,183.9653463824121,-529.6491588671947,-1.258493245581211,-0.187597572369211,0.7057180744457472,-0.13396624842732968,0.7183209284972185,183.0,-531.0,1.660320873841784,183.0,-531.0,-2.1912711924937276,-0.9327779469125166,0.2816790715027815,-161.7159646953476,221.90077999248413,TRACK
32.152,184.0013463300009,-529.6571225137571,-1.2777095058887777,-0.19804659813488054,0.7010240879297778,-0.14067952872479692,0.7150003508111081,183.0,-531.0,1.6751162394485346,183.0,-531.0,-2.211521846882581,-0.9338123409938031,0.28499964918889187,-161.7159646953476,221.90077999248413,TRACK
32.2,184.03434305208674,-529.6647692788086,-1.2954138168320513,-0.20834445648625838,0.6962667556969349,-0.1471993555050006,0.7116565501348405,183.0,-531.0,1.6889957454692681,183.0,-531.0,-2.229890770462739,-0.9344769536306878,0.2883434498651595,-159.9158625248571,221.4580209999825,TRACK
32.252,184.06981908081116,-529.6733641437622,-1.3101665344781126,-0.21852467127800218,0.6913543537712047,-0.15352963365042,0.7081964352404156,183.0,-531.0,1.7042521998587403,183.0,-531.0,-2.249436644647316,-0.9392701101692036,0.29180356475958436,-159.9158625248571,221.4580209999825,TRACK
32.3,184.1023210052692,-529.6815756720838,-1.332329333786189,-0.22856331220489576,0.6863735291245613,-0.15966998921753991,0.7047007357308734,183.0,-531.0,1.7185326028618146,183.0,-531.0,-2.267159109589942,-0.9348297758037529,0.29529926426912656,-163.4629078783331,226.36686021681288,TRACK
32.352,184.13727463854235,-529.690771214598,-1.3470044435796744,-0.23851339022372134,0.6814076332694593,-0.1656785676065369,0.7012601161067409,183.0,-531.0,1.7342069126827733,183.0,-531.0,-2.2860242112615117,-0.9390197676818373,0.2987398838932591,-163.4629078783331,226.36686021681288,TRACK
32.4,184.1692993281272,-529.6995445142095,-1.3662496775790895,-0.24853183577546822,0.6764283231813987,-0.1716630452777233,0.6978706739189006,183.0,-531.0,1.7488411561034836,183.0,-531.0,-2.303139396425215,-0.9368897188461256,0.30212932608109944,-156.54394209115205,220.80756666286445,TRACK
32.452,184.20372589842006,-529.7093762222768,-1.3883719811325501,-0.25881758105784053,0.6713957101159466,-0.1777559375756839,0.6945281656675318,183.0,-531.0,1.7648415719694936,183.0,-531.0,-2.321370684072648,-0.9329987029400977,0.30547183433246816,-156.54394209115205,220.80756666286445,TRACK
32.5,184.23523798083906,-529.7187767536036,-1.4032086372146133,-0.2696031223826205,0.6661828125472238,-0.18408690034901304,0.6911494242299829,183.0,-531.0,1.7797038732367447,183.0,-531.0,-2.337922741179192,-0.9347141039645788,0.30885057577001707,-148.71109732299095,214.23528881427274,TRACK
32.552,184.26907002293848,-529.7293399416669,-1.4208802489967933,-0.2810589959472013,0.6607344961325583,-0.1907548664222516,0.6877190512435414,183.0,-531.0,1.7958607148005918,183.0,-531.0,-2.355568425557137,-0.9346881765603436,0.3122809487564586,-148.71109732299095,214.23528881427274,TRACK
32.6,184.30001399722934,-529.7394617560469,-1.4428403075518599,-0.29322373299546267,0.6551105683570355,-0.19779555969529192,0.6843193261981222,183.0,-531.0,1.8107990107851628,183.0,-531.0,-2.371610159339138,-0.928769851787278,0.3156806738018778,-156.68592996111164,223.53549107792645,TRACK
32.652,184.33323772448372,-529.7508502938724,-1.4574795710164135,-0.30606569082336715,0.6494431105673296,-0.20522073378124245,0.6810961044060377,183.0,-531.0,1.8269914664018443,183.0,-531.0,-2.388745112523808,-0.9312655415073947,0.31890389559396226,-156.68592996111164,223.53549107792645,TRACK
32.696,184.3636500070229,-529.7617673619025,-1.476472646570354,-0.3194644574025462,0.6438942487169024,-0.21299709801017552,0.6782090881811158,183.0,-531.0,1.8419450066990462,183.0,-531.0,-2.4043597559110435,-0.9278871093406895,0.3217909118188842,-149.98056063618182,218.07291913008308,TRACK
32.752,184.3962979584612,-529.7740476493505,-1.4940283458354697,-0.33347068961098525,0.6382770886544952,-0.22110389460656782,0.6754883967259916,183.0,-531.0,1.8581192520573173,183.0,-531.0,-2.4210649535500184,-0.9270366077145487,0.3245116032740084,-149.98056063618182,218.07291913008308,TRACK
32.8,184.42613253204735,-529.7858076637766,-1.5159610727463875,-0.34806601080933874,0.6324238733578433,-0.22946763668501907,0.6727669372663504,183.0,-531.0,1.8729968041369944,183.0,-531.0,-2.436293249358091,-0.9203321766117036,0.3272330627336496,-147.99846872338372,216.99099242561073,TRACK
32.852,184.4581244642948,-529.7990045603358,-1.5305231659697172,-0.363070302804363,0.6264058308865932,-0.2379792291474331,0.6700883363216596,183.0,-531.0,1.8890518784483459,183.0,-531.0,-2.452591827458972,-0.9220686614892548,0.32991166367834035,-147.99846872338372,216.99099242561073,TRACK
32.896,184.48733250061017,-529.8116009030134,-1.5494523934694646,-0.3783905059610527,0.6201390548758305,-0.2465348309701786,0.667346889004349,183.0,-531.0,1.9037989339974484,183.0,-531.0,-2.467453381657927,-0.9180009881884623,0.332653110995651,-145.92316991117238,215.91910866869185,TRACK
32.952,184.51861234715912,-529.825684528352,-1.5668460847237142,-0.3939062912291603,0.6136278143641808,-0.25504127221715533,0.664518731937262,183.0,-531.0,1.919687549549674,183.0,-531.0,-2.483356859169344,-0.9165107744456296,0.33548126806273804,-145.92316991117238,215.91910866869185,TRACK
33.0,184.54715155606507,-529.8390762878306,-1.5884869898486313,-0.40947723025929095,0.6069564776092922,-0.26342507313943697,0.6616562059486761,183.0,-531.0,1.9342755240429794,183.0,-531.0,-2.497859914868452,-0.9093729250198208,0.33834379405132387,-143.86847400177058,214.96739412716207,TRACK
33.052,184.57768672330945,-529.8539962124745,-1.60290313925674,-0.425107554863335,0.6000468745909106,-0.27164886725913284,0.6586724214581099,183.0,-531.0,1.949979507053784,183.0,-531.0,-2.513378969600932,-0.9104758303441918,0.3413275785418901,-143.86847400177058,214.96739412716207,TRACK
33.1,184.60552256778033,-529.8681403510768,-1.6215569800753207,-0.440735739478982,0.5930001677508556,-0.2797061076936743,0.6556559354064357,183.0,-531.0,1.9643851405751476,183.0,-531.0,-2.527532907910319,-0.9059759278349981,0.34434406459356426,-141.82621583455435,214.10042931612182,TRACK
33.152,184.63529132770404,-529.8838616554307,-1.6387661406060483,-0.45640715699664064,0.585816762370736,-0.28762544161341125,0.6526175554931396,183.0,-531.0,1.9798844740746828,183.0,-531.0,-2.542686764643959,-0.9039206240379107,0.3473824445068604,-141.82621583455435,214.10042931612182,TRACK
33.2,184.66239904318007,-529.8987401028584,-1.6602523710331616,-0.47221923184128073,0.5784413208870584,-0.2954452162089589,0.6495246242370826,183.0,-531.0,1.9940772151093897,183.0,-531.0,-2.5565134384429253,-0.8962610674097637,0.35047537576291743,-139.64225656389576,213.11985022915977,TRACK
33.252,184.69136688406857,-529.9152612659332,-1.6787387857499374,-0.4882186413859851,0.5709627107107114,-0.30323952661620207,0.6464925579807874,183.0,-531.0,2.0093232835232717,183.0,-531.0,-2.571330465216825,-0.8925916794668878,0.3535074420192126,-139.64225656389576,213.11985022915977,TRACK
33.3,184.71772315584275,-529.9308897636342,-1.6930324644265708,-0.5045380638981504,0.5633069103153525,-0.31106348803753286,0.6434867277567619,183.0,-531.0,2.0232571605261698,183.0,-531.0,-2.5848654615083806,-0.8918329970818097,0.35651327224323814,-132.10286950440107,206.77279966371972,TRACK
33.352,184.74583886459604,-529.9482395263358,-1.7100301393284358,-0.5213190619697562,0.5553898390828966,-0.31896851617708516,0.6404676320226786,183.0,-531.0,2.038174044358421,183.0,-531.0,-2.5993820981451488,-0.8893519588167129,0.35953236797732135,-132.10286950440107,206.77279966371972,TRACK
33.4,184.7713812532948,-529.9646506676868,-1.7283083255710603,-0.5385957260898868,0.5472499796657194,-0.32699410786614225,0.6375011269192429,183.0,-531.0,2.0517650412378363,183.0,-531.0,-2.612657863066785,-0.8843495374957249,0.3624988730807571,-139.81544420377787,215.62824290711563,TRACK
33.452,184.79861121595218,-529.9828713256179,-1.7451599668804525,-0.5563491481629314,0.5389910815919581,-0.3351852138801752,0.6347129379802869,183.0,-531.0,2.066289681143292,183.0,-531.0,-2.6269212719760056,-0.8817613050955531,0.36528706201971306,-139.81544420377787,215.62824290711563,TRACK
33.496,184.82335450406165,-530.0001107271362,-1.7633559724898318,-0.5744891687900942,0.5307640121663667,-0.3435743584262468,0.6322608452046877,183.0,-531.0,2.0795192245973695,183.0,-531.0,-2.639994843920683,-0.8766388714308511,0.3677391547953123,-133.38122911724213,210.25465694064883,TRACK
33.552,184.8497103067891,-530.0192462205682,-1.7801588002979678,-0.5930993411908843,0.5223914339581971,-0.3521199233849663,0.629985119441353,183.0,-531.0,2.093634685161553,183.0,-531.0,-2.654062174889314,-0.873903374591346,0.37001488055864695,-133.38122911724213,210.25465694064883,TRACK
33.6,184.8735974256394,-530.0373317262456,-1.8011308637436108,-0.6122130496645748,0.5137313403562367,-0.360751429097864,0.6277431669563331,183.0,-531.0,2.106441909632402,183.0,-531.0,-2.666960215641698,-0.8658293518980871,0.37225683304366686,-131.50731823746747,209.10934866920434,TRACK
33.652,184.8989967629967,-530.0573808868065,-1.8150412410173573,-0.631701624123976,0.5048824495979948,-0.36943470191977723,0.6256103315120575,183.0,-531.0,2.1200753520640605,183.0,-531.0,-2.68084730617983,-0.8658060651624726,0.37438966848794253,-131.50731823746747,209.10934866920434,TRACK
33.696,184.92198497792262,-530.0763017076197,-1.8331119509491958,-0.6515200946313178,0.4957959927402709,-0.37809687467707154,0.6235149661859608,183.0,-531.0,2.1324269719515687,183.0,-531.0,-2.6935883957816658,-0.86047644483247,0.3764850338140392,-129.6008072000086,207.98296001244103,TRACK
33.752,184.9463863072402,-530.0972397547646,-1.8497021859978828,-0.6715826649902088,0.4865071118418388,-0.38669213201544955,0.6214659884783248,183.0,-531.0,2.145552543609608,183.0,-531.0,-2.707310982909193,-0.85760879691131,0.3785340115216752,-129.6008072000086,207.98296001244103,TRACK
33.8,184.96845096758207,-530.1169676339982,-1.8675752095994913,-0.6917633497901204,0.4771177710233382,-0.39519900522203055,0.6195350039785977,183.0,-531.0,2.157439540562257,183.0,-531.0,-2.719909811214568,-0.8523346016150766,0.38046499602140227,-127.84155121969584,206.98117856285424,TRACK
33.852,184.99184166177403,-530.1387612033302,-1.8882113350663075,-0.7120655246479495,0.4675639159187476,-0.4035668392826207,0.6176424606824229,183.0,-531.0,2.170061167448506,183.0,-531.0,-2.733485058707423,-0.8452737236411154,0.3823575393175771,-127.84155121969584,206.98117856285424,TRACK
33.9,185.01296475787774,-530.1592621266145,-1.9046300775035345,-0.7324037094371472,0.4579391211033802,-0.41180434448184067,0.6158661029566855,183.0,-531.0,2.1814828186814865,183.0,-531.0,-2.7459541676325823,-0.8413240901290477,0.38413389704331447,-121.09315858267166,200.91242996415485,TRACK
33.952,185.03532397481726,-530.1818752827915,-1.9222971720463404,-0.7528320788713545,0.4481551581178161,-0.41987675971946203,0.6141168773939694,183.0,-531.0,2.193597897376248,183.0,-531.0,-2.7593952717903836,-0.8370980997440431,0.38588312260603064,-121.09315858267166,200.91242996415485,TRACK
34.0,185.05545943174045,-530.203109314951,-1.9358531200437314,-0.7734217933654951,0.43812189284146774,-0.42775137831439797,0.6123087739342445,183.0,-531.0,2.2045290289421473,183.0,-531.0,-2.7717391126122375,-0.835885992568506,0.38769122606575546,-124.02951457604463,204.4750918797427,TRACK
34.052,185.07674236362325,-530.2265056963327,-1.9520598084330187,-0.7940649145889555,0.42802973340432,-0.4355140398192745,0.6106405911482448,183.0,-531.0,2.2161119743084585,183.0,-531.0,-2.7850545622539307,-0.8329947538209119,0.38935940885175524,-124.02951457604463,204.4750918797427,TRACK
34.096,185.09589252659958,-530.2484618325636,-1.9696036965132546,-0.8148019233840874,0.4178559317485487,-0.44318095256677525,0.6091083125483038,183.0,-531.0,2.2265612724938877,183.0,-531.0,-2.7972976723299667,-0.8276939758167121,0.3908916874516962,-127.48575962361795,208.59225141370703,TRACK
34.152,185.11610577567362,-530.2726402655147,-1.9857243215954645,-0.835620082641678,0.4076570705579306,-0.45080707172381346,0.6077921545167172,183.0,-531.0,2.2376228094095154,183.0,-531.0,-2.8105183955424957,-0.8247940739470312,0.3922078454832828,-127.48575962361795,208.59225141370703,TRACK
34.2,185.13428195007378,-530.2953278027977,-2.00312993132466,-0.8564759555509913,0.397511700863872,-0.45845455597561435,0.6067916711841769,183.0,-531.0,2.2476036901377103,183.0,-531.0,-2.822693348168549,-0.8195634168438892,0.3932083288158231,-121.54399655583109,203.08783286907413,TRACK
34.248,185.153422835733,-530.3202958291085,-2.0192047337181553,-0.8775276045223198,0.38721548980630893,-0.46604948463012363,0.6059191015886061,183.0,-531.0,2.258146954780322,183.0,-531.0,-2.835850641962871,-0.8166459082447157,0.39408089841139393,-121.54399655583109,203.08783286907413,TRACK
34.3,185.17057910243634,-530.3437020127127,-2.0365230205162406,-0.8987571440900841,0.3767878464191873,-0.47360225378987353,0.6052009385353404,183.0,-531.0,2.267628869116525,183.0,-531.0,-2.8479714169842585,-0.8114483964680179,0.3947990614646596,-120.24281423765544,201.97445538660136,TRACK
34.352,185.1886046376953,-530.3694437462044,-2.0524975635298994,-0.920136566535574,0.36623781826170126,-0.4811031326961068,0.6046406898440583,183.0,-531.0,2.2776284704363285,183.0,-531.0,-2.861080602201032,-0.8085830386711326,0.3953593101559417,-120.24281423765544,201.97445538660136,TRACK
34.4,185.20471346690198,-530.393551150541,-2.0697896551604256,-0.9416761996626725,0.3555147948354197,-0.4885001928737414,0.604171505273588,183.0,-531.0,2.2866004631655774,183.0,-531.0,-2.8731620754463236,-0.8033724202858981,0.395828494726412,-119.01398231722352,200.88641476623053,TRACK
34.452,185.221594649961,-530.420038708167,-2.0895854095002027,-0.9632676960130347,0.34470796415561106,-0.4958067632349419,0.6038608507113338,183.0,-531.0,2.2960483202145165,183.0,-531.0,-2.886235429075923,-0.7966500195757202,0.3961391492886662,-119.01398231722352,200.88641476623053,TRACK
34.496,185.2366402593956,-530.4448180397221,-2.1028510993785736,-0.9849122615563175,0.33376774549526556,-0.5029570220254806,0.6036279267377647,183.0,-531.0,2.3045144084963467,183.0,-531.0,-2.898288673035579,-0.7954375736570052,0.39637207326223534,-36.84585952942764,270.9436343353435,TRACK
34.552,185.25199411320796,-530.4725006053658,-2.1225049098648765,-1.0128797828582,0.32029228138576904,-0.5132470253796504,0.6049873176987763,183.0,-531.0,2.31294900446654,183.0,-531.0,-2.9115042845873136,-0.7889993747224371,0.39501268230122366,-36.84585952942764,270.9436343353435,TRACK
34.6,185.2651071006405,-530.4992261662157,-2.1355685352158837,-1.0490659207078314,0.3038055162630865,-0.5284844476944497,0.6095847793103008,183.0,-531.0,2.319802709278316,183.0,-531.0,-2.924010776119524,-0.7884422409036405,0.39041522068969925,-41.10340579263469,273.61507201848025,TRACK
34.652,185.27815295032258,-530.5294607542911,-2.1511898117663244,-1.0900785436251321,0.2852821892003392,-0.5470169261240037,0.6169387691992552,183.0,-531.0,2.3262390347545456,183.0,-531.0,-2.937912599482186,-0.7867227877158616,0.38306123080074483,-41.10340579263469,273.61507201848025,TRACK
34.7,185.289097248412,-530.5585740312727,-2.168024461757451,-1.1338205415426341,0.26523559654885387,-0.5678453133043793,0.6267361657973592,183.0,-531.0,2.331270704691805,183.0,-531.0,-2.9510925855374643,-0.7830681237800134,0.37326383420264075,-52.61960249090929,273.06723105648456,TRACK
34.752,185.2997635378406,-530.5914138264018,-2.1835763573289717,-1.1784546755151295,0.2441954704492484,-0.5901365362476999,0.6386646688226636,183.0,-531.0,2.3357771707157142,183.0,-531.0,-2.965762907353982,-0.7821865500250103,0.3613353311773364,-52.61960249090929,273.06723105648456,TRACK
34.796,185.3084676592783,-530.6228914415432,-2.20046636121994,-1.2231141989144003,0.22219460794203527,-0.613113025633724,0.6521334418661984,183.0,-531.0,2.33906686496886,183.0,-531.0,-2.979664135400106,-0.7791977741801657,0.34786655813380163,-57.91693444273747,261.45318395886386,TRACK
34.852,185.31666640462123,-530.6581840106148,-2.2160114332167016,-1.2667107872413308,0.19961035804738556,-0.6360696046442322,0.6666549609746224,183.0,-531.0,2.3417475100659377,183.0,-531.0,-2.995103089125347,-0.7790916559086454,0.3333450390253776,-57.91693444273747,261.45318395886386,TRACK
34.9,185.32309380884809,-530.6917705193147,-2.232871904456099,-1.3086997605247346,0.17661322188495032,-0.6583468689550825,0.6816251389198783,183.0,-531.0,2.343452636063262,183.0,-531.0,-3.009682507813795,-0.776810603357696,0.3183748610801217,-68.29250320448608,253.24841013561456,TRACK
34.952,185.32889031833633,-530.7291332967171,-2.248381684369838,-1.348155188036081,0.15381356193458667,-0.6794056973372951,0.6965993923406631,183.0,-531.0,2.3445892786985203,183.0,-531.0,-3.0258056847028953,-0.7774240003330575,0.30340060765933685,-68.29250320448608,253.24841013561456,TRACK
35.0,185.3332280719436,-530.7644036377692,-2.265132606779796,-1.384640423616752,0.13160826864385272,-0.6987932734405682,0.7110786000022903,183.0,-531.0,2.345092510243909,183.0,-531.0,-3.040959317549366,-0.7758267107695698,0.2889213999977097,-78.31976387563458,245.804221068907,TRACK
35.048,185.33692980372817,-530.8033053746232,-2.2806285156140835,-1.4177395408289846,0.11046087701457849,-0.7160542411765713,0.7245241760340266,183.0,-531.0,2.3451928882727553,183.0,-531.0,-3.05762260378791,-0.7769940881738266,0.27547582396597337,-78.31976387563458,245.804221068907,TRACK
35.1,185.33952808924946,-530.8397281623114,-2.29737564586435,-1.4472924789258346,0.0907454019855291,-0.731018083658268,0.7366289205678269,183.0,-531.0,2.345011458893812,183.0,-531.0,-3.0731934669157295,-0.7758178210513793,0.2633710794321731,-86.77049578104885,239.90900518935103,TRACK
35.152,185.34156987970164,-530.8796017454448,-2.316796267561039,-1.4732944281031302,0.07272733164181978,-0.7435416408525841,0.7470899788174731,183.0,-531.0,2.344663140245498,183.0,-531.0,-3.0902201443936987,-0.7734238768326596,0.2529100211825269,-86.77049578104885,239.90900518935103,TRACK
35.2,185.34282347707608,-530.916675108611,-2.329723991011912,-1.496079738737239,0.05641357975583242,-0.753628672974382,0.7557371690673919,183.0,-531.0,2.344304775890679,183.0,-531.0,-3.1060416250356173,-0.7763176340237052,0.24426283093260814,-87.65747838397691,231.09193506717855,TRACK
35.248,185.34357758398255,-530.9570240429568,-2.345235400964924,-1.5160278504476397,0.04174454640407024,-0.7614380032226795,0.7625814316558087,183.0,-531.0,2.3439715921975814,183.0,-531.0,-3.1232569513345654,-0.7780215503696413,0.23741856834419128,-87.65747838397691,231.09193506717855,TRACK
35.3,185.3437558169923,-530.9943599477969,-2.36206253442329,-1.5337506235244676,0.02843357085883148,-0.7671756748864832,0.7677024059421171,183.0,-531.0,2.3437626031392687,183.0,-531.0,-3.1391862419340155,-0.7771237075107256,0.23229759405788286,-99.71356125053444,238.20695832223106,TRACK
35.352,185.3434300644371,-531.0348739699892,-2.3814019067944994,-1.5496817416251918,0.01628925578267306,-0.7713547226634093,0.7715266994920515,183.0,-531.0,2.343689540167472,183.0,-531.0,3.126712160058832,-0.7750712403262554,0.22847330050794845,-99.71356125053444,238.20695832223106,TRACK
35.4,185.3426786151984,-531.0723303803258,-2.3943630469330257,-1.5642002992968218,0.005108698893277034,-0.7745002284349781,0.7745170770552547,183.0,-531.0,2.34379495221445,183.0,-531.0,3.1107273827305564,-0.7780948775160041,0.22548292294474526,-91.85986640783446,228.74748085571147,TRACK
35.452,185.3413393989997,-531.1129499086409,-2.4099341292537386,-1.578125124094934,-0.0056933009028412255,-0.7768258198345015,0.7768466824520239,183.0,-531.0,2.3440622566754263,183.0,-531.0,3.0933884462256573,-0.7798627317001898,0.22315331754797607,-91.85986640783446,228.74748085571147,TRACK
35.5,185.33959145959764,-531.1504936074394,-2.426744808299477,-1.5919132420826452,-0.01644603706023995,-0.7786929199653381,0.7788665712040357,183.0,-531.0,2.3444266940346767,183.0,-531.0,3.0773564143035137,-0.7790840845765956,0.22113342879596432,-101.55805792397513,237.35489979746478,TRACK
35.552,185.33712576638777,-531.1912599848886,-2.4462506971514646,-1.6057398884289396,-0.02728593607867095,-0.7805394769620084,0.7810162593722457,183.0,-531.0,2.344938640931401,183.0,-531.0,3.059939053535849,-0.7769955564922721,0.21898374062775428,-101.55805792397513,237.35489979746478,TRACK
35.6,185.33429227647648,-531.2290034306134,-2.4592662964566707,-1.6198223357825905,-0.03839672238767073,-0.7825632851019619,0.7835046926979381,183.0,-531.0,2.3454984551797127,183.0,-531.0,3.043801570117338,-0.7801174406055775,0.2164953073020619,-93.65007824399405,227.73505369441008,TRACK
35.652,185.33057832891177,-531.2700186897799,-2.4749009622102327,-1.6343701046159993,-0.049955593545194396,-0.7847303797065612,0.786318847644425,183.0,-531.0,2.346168246316459,183.0,-531.0,3.0262478305672413,-0.7820365144021117,0.21368115235557505,-93.65007824399405,227.73505369441008,TRACK
35.696,185.3265164957978,-531.3079785501562,-2.4918615899187153,-1.6495395140023688,-0.06208866892714369,-0.786865395386473,0.7893111891173563,183.0,-531.0,2.346812688003788,183.0,-531.0,3.00998032856195,-0.7813433886989207,0.21068881088264368,-104.76861391099544,235.36089296064733,TRACK
35.752,185.32143473679454,-531.3492096634714,-2.5113586567599753,-1.6650205519590806,-0.0745617819398803,-0.7889796158529832,0.792494980146607,183.0,-531.0,2.347553327670775,183.0,-531.0,2.9922837801596143,-0.7795428702599967,0.20750501985339298,-104.76861391099544,235.36089296064733,TRACK
35.8,185.31612951301597,-531.3873598632719,-2.527040478156869,-1.680527474101292,-0.08714908164638946,-0.791015290516433,0.7958015784494311,183.0,-531.0,2.348298018722829,183.0,-531.0,2.9758818375032727,-0.7802629915194448,0.2041984215505689,-98.11841643773889,224.86870724788898,TRACK
35.852,185.30971523814256,-531.4287187002035,-2.5401222867898023,-1.6960864800737083,-0.09981990702577796,-0.7925367258755398,0.7987981445272363,183.0,-531.0,2.3491667044320432,183.0,-531.0,2.9580659253612787,-0.7849970950285048,0.2012018554727637,-98.11841643773889,224.86870724788898,TRACK
35.9,185.30320268018332,-531.4668686052794,-2.5570701829605422,-1.7115050140085,-0.1123703413528821,-0.7933252629975099,0.8012440742531776,183.0,-531.0,2.3500444422604314,183.0,-531.0,2.9415983636433936,-0.7845167605756505,0.19875592574682244,-109.36467793206272,232.58139490008324,TRACK
35.952,185.2955629847508,-531.5081340987385,-2.5727611624968554,-1.7263976602217836,-0.12446174882900196,-0.7934099346157399,0.803112726376893,183.0,-531.0,2.3511294475759597,183.0,-531.0,2.9237503731426013,-0.78667377154013,0.19688727362310698,-109.36467793206272,232.58139490008324,TRACK
35.996,185.28801756929207,-531.5461285971428,-2.5898547627066746,-1.7405955949889669,-0.13591879112546743,-0.7927596750312793,0.8043269361004317,183.0,-531.0,2.352292677794652,183.0,-531.0,2.907285997981692,-0.7860445464912198,0.1956730638995683,-106.20502475165674,228.05485277290254,TRACK
36.052,185.2793522039276,-531.5871459614847,-2.609533597906763,-1.754055434734487,-0.14667178880006604,-0.7913722026099306,0.8048494124328502,183.0,-531.0,2.353760151255302,183.0,-531.0,2.8894801786428275,-0.7841715306299957,0.19515058756714976,-106.20502475165674,228.05485277290254,TRACK
36.1,185.2709262358987,-531.6248367594069,-2.6253264360452406,-1.7668902156897572,-0.15677601293068275,-0.7892206665458898,0.8046415218801353,183.0,-531.0,2.3553188626594066,183.0,-531.0,2.8730905124125705,-0.7847683587217755,0.19535847811986473,-101.10221244299237,223.30266090723694,TRACK
36.152,185.26135383383007,-531.6654562640388,-2.6385685947264017,-1.7792389939712556,-0.16633403771311056,-0.7863939452001574,0.803792541113324,183.0,-531.0,2.3572342270394757,183.0,-531.0,2.855397872706368,-0.7892188397468161,0.196207458886676,-101.10221244299237,223.30266090723694,TRACK
36.2,185.25211845409365,-531.7027488312137,-2.6582391453573657,-1.791217462938545,-0.17545843509161074,-0.7830810333642675,0.8024970823994602,183.0,-531.0,2.3592145835089773,183.0,-531.0,2.8391278095276387,-0.7858183522945819,0.19750291760053984,-109.08715326762041,233.28506325912275,TRACK
36.252,185.24167653510398,-531.7429417562818,-2.671388933889747,-1.8029938563897037,-0.1843301298554052,-0.7795319750292644,0.8010291485742178,183.0,-531.0,2.3615833970585935,183.0,-531.0,2.8215629485310565,-0.7902334247587826,0.1989708514257822,-109.08715326762041,233.28506325912275,TRACK
36.3,185.23162372478026,-531.7798755200114,-2.688484198435676,-1.8147015817380916,-0.19311632634976833,-0.7760044776308729,0.7996729736623553,183.0,-531.0,2.363969178249828,183.0,-531.0,2.805394075128435,-0.7893070336154748,0.20032702633764465,-103.67124112293658,230.2549553129357,TRACK
36.348,185.22024098743952,-531.8197005078046,-2.704331669718575,-1.826742185050747,-0.20214019038232345,-0.7724557129140819,0.7984663330293923,183.0,-531.0,2.366723254797966,183.0,-531.0,2.787921526168561,-0.7909321112924506,0.2015336669706077,-103.67124112293658,230.2549553129357,TRACK
36.4,185.20923495236022,-531.8562779127237,-2.721549837374136,-1.8394305966727067,-0.21164346286843852,-0.7688064575964344,0.7974059973544984,183.0,-531.0,2.3693735329298677,183.0,-531.0,2.7718299053934903,-0.7898055644119601,0.20259400264550165,-102.78207042596142,230.6746787532125,TRACK
36.452,185.19673525419915,-531.895713674657,-2.7374112412156264,-1.852818947064554,-0.2217008346408847,-0.7651572104503142,0.7966284057103231,183.0,-531.0,2.3723298177127536,183.0,-531.0,2.754425148020319,-0.7913489179436404,0.20337159428967688,-102.78207042596142,230.6746787532125,TRACK
36.5,185.18463036287028,-531.9319309077667,-2.7546416660515196,-1.866992945609255,-0.232370375122949,-0.7614361782176624,0.7961036645647976,183.0,-531.0,2.3751010587395376,183.0,-531.0,2.738380122114689,-0.7901635190133778,0.20389633543520236,-102.21845867534263,230.7552702352404,TRACK
36.548,185.170878817757,-531.9709603656057,-2.770511942197308,-1.8818839887666479,-0.24359922055391703,-0.757631789757684,0.795830703796924,183.0,-531.0,2.3781250751302427,183.0,-531.0,2.721014617917454,-0.7916587470648242,0.204169296203076,-102.21845867534263,230.7552702352404,TRACK
36.596,185.15758829178856,-532.0067981145543,-2.787665722330375,-1.8973037542170326,-0.2552495785466095,-0.7537775827590094,0.7958222110611372,183.0,-531.0,2.3809304232448913,183.0,-531.0,2.7049945798752066,-0.790525004974004,0.20417778893886285,-102.19440132592537,230.64307475066477,TRACK
36.652,185.1425414958951,-532.045394893084,-2.8035411351418733,-1.913138670494411,-0.2671887368766229,-0.7497414381280291,0.7959284171079775,183.0,-531.0,2.3839745267344026,183.0,-531.0,2.687653383116353,-0.7919907889213604,0.20407158289202254,-102.19440132592537,230.64307475066477,TRACK
36.7,185.12806658739666,-532.0808064887666,-2.8206996644148368,-1.9291445668385505,-0.27921888677094464,-0.7455414866355266,0.7961126145366098,183.0,-531.0,2.386799125723413,183.0,-531.0,2.671659429525709,-0.7908262132390407,0.20388738546339025,-102.52383883392926,230.4649367508563,TRACK
36.752,185.11177229015422,-532.1189151745102,-2.840591746531053,-1.9451508987555433,-0.2911654309175306,-0.7411027357413261,0.7962478088413614,183.0,-531.0,2.3898856401954554,183.0,-531.0,2.654353912737966,-0.7882396479105669,0.20375219115863863,-102.52383883392926,230.4649367508563,TRACK
36.8,185.0961860438593,-532.1538300567141,-2.8538271136090194,-1.961081724528286,-0.3029072426636061,-0.7363044609687113,0.7961765237059513,183.0,-531.0,2.3927640356389914,183.0,-531.0,2.6384097125175408,-0.7909484810530261,0.20382347629404873,-97.65060651010154,225.30356832732915,TRACK
36.852,185.07873691165764,-532.1913466303291,-2.869698768087718,-1.9768448297608154,-0.31433578985782107,-0.7311132989613535,0.7958226213822359,183.0,-531.0,2.39592444402667,183.0,-531.0,2.621179296537024,-0.7923072425548447,0.20417737861776408,-97.65060651010154,225.30356832732915,TRACK
36.9,185.06212829853217,-532.2256592824054,-2.8894551284315004,-1.9924845902617223,-0.3254227341141321,-0.7254200657147292,0.7950686936484666,183.0,-531.0,2.398877611749675,183.0,-531.0,2.6053259793453414,-0.7884041994027449,0.20493130635153345,-106.46896987507503,234.7333019854203,TRACK
36.952,185.04361667979003,-532.2624942265754,-2.9066605709185445,-2.0078555498192756,-0.33612221101550416,-0.7194505515509932,0.7940952316095214,183.0,-531.0,2.4021367167695367,183.0,-531.0,2.5882061005884567,-0.7883186356725851,0.20590476839047855,-106.46896987507503,234.7333019854203,TRACK
37.0,185.02606656728614,-532.296198519833,-2.9198897128807726,-2.0228807970766796,-0.3464490075009936,-0.7134033301776161,0.7930770620229388,183.0,-531.0,2.4052185634348855,183.0,-531.0,2.5724489811634275,-0.7908466131353862,0.20692293797706118,-96.29389105195064,226.16891427784725,TRACK
37.052,185.00654527207712,-532.3323511503759,-2.9357685078121722,-2.037902028342736,-0.35658518801326367,-0.7070471778850738,0.79187670003966,183.0,-531.0,2.408606135673275,183.0,-531.0,2.5554367163719816,-0.7919800829954324,0.20812329996033996,-96.29389105195064,226.16891427784725,TRACK
37.1,184.98804986827236,-532.3653820375293,-2.9556158736953377,-2.0530298666260576,-0.3666426916183505,-0.700430884452693,0.7905885701250244,183.0,-531.0,2.411764994178643,183.0,-531.0,2.5397844214179166,-0.7877850120663314,0.20941142987497563,-104.43671036656971,235.78169959909135,TRACK
37.152,184.96748909433256,-532.4008191926714,-2.968732469846859,-2.068220998671089,-0.3767075741466823,-0.6937993883504434,0.7894720943104497,183.0,-531.0,2.415224160792149,183.0,-531.0,2.522869462622347,-0.7915833747103802,0.21052790568955027,-104.43671036656971,235.78169959909135,TRACK
37.2,184.9480110977522,-532.4332166036331,-2.9886168203255044,-2.083557764498884,-0.3868869815939242,-0.6872007240236624,0.788623085907015,183.0,-531.0,2.418441041227872,183.0,-531.0,2.5072849419303056,-0.7872835449237758,0.21137691409298498,-99.25820494340094,232.0209655704375,TRACK
37.252,184.9263474881799,-532.4679701767802,-3.001857429607759,-2.099170392898991,-0.39728929477249786,-0.6805987514131695,0.7880694412080663,183.0,-531.0,2.4219312717608723,183.0,-531.0,2.4904250058562414,-0.7909028717155859,0.21193055879193368,-99.25820494340094,232.0209655704375,TRACK
37.3,184.90581022431738,-532.4997124282447,-3.0191098273136,-2.1152250746323125,-0.4079889239331339,-0.6738431053471816,0.7877305965087616,183.0,-531.0,2.4251288581319406,183.0,-531.0,2.474880876294621,-0.7891946035713655,0.21226940349123835,-98.71224066606091,231.73921841221295,TRACK
37.352,184.88296238329082,-532.533725132314,-3.0349925538579465,-2.131705412970406,-0.41897634592762123,-0.6669296804802711,0.7876143581425991,183.0,-531.0,2.4285510326900184,183.0,-531.0,2.45805588304692,-0.7901368702747202,0.21238564185740094,-98.71224066606091,231.73921841221295,TRACK
37.4,184.86131181211013,-532.5647750363598,-3.0521511568497295,-2.148514727913495,-0.4302033730454501,-0.6599098426465493,0.7877537322040918,183.0,-531.0,2.431666625241959,183.0,-531.0,2.442531939312723,-0.7885022110171338,0.21224626779590816,-98.61538965343627,231.41261312195493,TRACK
37.452,184.83724773925266,-532.598015535817,-3.0680245891900166,-2.16564609747637,-0.4416019136355943,-0.6526755286820397,0.7880340067960259,183.0,-531.0,2.434981089885822,183.0,-531.0,2.425722374111528,-0.7894383438780412,0.21196599320397413,-98.61538965343627,231.41261312195493,TRACK
37.5,184.8144778264242,-532.6283315468097,-3.087902575522627,-2.1829421343157067,-0.45307185823735774,-0.6452933404650307,0.7884653473521651,183.0,-531.0,2.4379896244489547,183.0,-531.0,2.4102100297986246,-0.7850727018583346,0.2115346526478349,-98.9174362159492,231.04037677782264,TRACK
37.552,184.78922054141006,-532.6607659088608,-3.1050454077180185,-2.200289951599371,-0.46449766468019127,-0.6377488774151014,0.7889751017222112,183.0,-531.0,2.4411992032273386,183.0,-531.0,2.3934106717078785,-0.7847292277536893,0.2110248982777888,-98.9174362159492,231.04037677782264,TRACK
37.6,184.76537790369238,-532.6903126651182,-3.1209052178429344,-2.2176310281832,-0.4757760487335192,-0.6299818680303504,0.7894555102065536,183.0,-531.0,2.4441186650210542,183.0,-531.0,2.3779132852636113,-0.7843668040730405,0.21054448979344642,-94.22146100974341,225.56216476816218,TRACK
37.652,184.73899914456848,-532.7218883814284,-3.138019369717377,-2.2348502673132216,-0.4868037719338139,-0.6220170739996389,0.7898627429598518,183.0,-531.0,2.447246947675669,183.0,-531.0,2.3611384889781672,-0.7840274484840419,0.21013725704014818,-94.22146100974341,225.56216476816218,TRACK
37.7,184.7141637682702,-532.750614950866,3.1319107990365707,-2.25195474304896,-0.49751373726529646,-0.6137756669155517,0.7900889114937083,183.0,-531.0,2.4501041060831845,183.0,-531.0,2.3456743846316215,-0.7862364144049492,0.2099110885062917,-98.69616078383531,229.5754065498732,TRACK
37.752,184.68675513756816,-532.7812891837493,3.11222130584843,-2.2687935588541297,-0.5078650974092594,-0.6054153663639513,0.7902244763332213,183.0,-531.0,2.453188547636503,183.0,-531.0,2.328942634698772,-0.7832786711496582,0.20977552366677865,-98.69616078383531,229.5754065498732,TRACK
37.8,184.66100642526027,-532.8092063685478,3.0990679869959274,-2.28526142701652,-0.517863340561052,-0.5970827939591714,0.7903735207730219,183.0,-531.0,2.456047643827372,183.0,-531.0,2.313514126339341,-0.7855538606565866,0.20962647922697808,-98.49520767021647,229.44188860423372,TRACK
37.852,184.6326392038448,-532.8390059089916,3.083285485945134,-2.3014811469167387,-0.5275443924303143,-0.5886776459831087,0.7904710348044915,183.0,-531.0,2.459157071688771,183.0,-531.0,2.296820866181698,-0.7864646197634362,0.20952896519550845,-98.49520767021647,229.44188860423372,TRACK
37.9,184.6060240989575,-532.8661084198981,3.066232845478247,-2.317465878633954,-0.5369723282162482,-0.5802629452489249,0.7905974746348075,183.0,-531.0,2.4620467179252983,183.0,-531.0,2.281427898968663,-0.7848049465095839,0.20940252536519255,-103.30221808485108,234.1715663475096,TRACK
37.952,184.5767274895354,-532.8950378098178,3.046447333875826,-2.3332425855368775,-0.5462207306048222,-0.5718879619486983,0.7908305302429223,183.0,-531.0,2.4652054431417563,183.0,-531.0,2.2647646739679184,-0.7816826599079074,0.20916946975707773,-103.30221808485108,234.1715663475096,TRACK
38.0,184.54925577719007,-532.9213370700397,3.0332608436552446,-2.3489241481502927,-0.5553580440777315,-0.5634926143845953,0.7911677973652806,183.0,-531.0,2.468142945589993,183.0,-531.0,2.2493927124448776,-0.783868131210367,0.20883220263471935,-94.03283840766899,224.6470879331318,TRACK
38.048,184.519028895454,-532.9493700710569,3.0174373204519034,-2.364662347739077,-0.5644328941817661,-0.5549538600427246,0.7915543435612774,183.0,-531.0,2.4713341455895255,183.0,-531.0,2.232750489332306,-0.7846868311195974,0.2084456564387226,-94.03283840766899,224.6470879331318,TRACK
38.096,184.4906970067826,-532.9747951914477,3.000292133362989,-2.3806242989676067,-0.5734680694471188,-0.5461115118770868,0.7918986109850699,183.0,-531.0,2.4742662779489883,183.0,-531.0,2.217401589316701,-0.7828905440462881,0.20810138901493014,-103.24797084439219,233.27920548296396,TRACK
38.152,184.4595335906028,-533.0018684062085,2.9806107545697493,-2.3966402254305743,-0.5825080078892424,-0.537196043609946,0.7923983647921496,183.0,-531.0,2.477441304627329,183.0,-531.0,2.200777360817696,-0.7798333937520532,0.20760163520785035,-103.24797084439219,233.27920548296396,TRACK
38.196,184.43032855286438,-533.0264441620499,2.967438061771709,-2.4125724117095593,-0.591583605303989,-0.5283756480233115,0.7931910157638702,183.0,-531.0,2.4803862019945835,183.0,-531.0,2.185425478526671,-0.782012583245038,0.2068089842361298,-94.22249194475778,223.72826512685623,TRACK
38.252,184.39822274904398,-533.0525804132858,2.947643209885583,-2.4286262802362466,-0.6006260999310565,-0.5193612468415758,0.7940326294550041,183.0,-531.0,2.483568643897043,183.0,-531.0,2.168794750406639,-0.7788484594789438,0.20596737054499592,-94.22249194475778,223.72826512685623,TRACK
38.3,184.3681627791275,-533.0762455150307,2.9345919033151997,-2.444778791535015,-0.6095942455963086,-0.5101428440034754,0.7948904739346716,183.0,-531.0,2.4864964968555365,183.0,-531.0,2.153444563201337,-0.7811473401138627,0.2051095260653284,-98.92171008648477,227.1275072415964,TRACK
38.352,184.33515061409344,-533.1013906971053,2.918847234370088,-2.4608735493747678,-0.6184335242898725,-0.5008392664124209,0.7958014794822414,183.0,-531.0,2.489672674106961,183.0,-531.0,2.1368146028627013,-0.7820326315073869,0.20419852051775855,-98.92171008648477,227.1275072415964,TRACK
38.4,184.30428023109815,-533.1241420054108,2.8991291480073755,-2.4768708619250646,-0.6270783334623908,-0.4914404795622458,0.7967063331305579,183.0,-531.0,2.492614326442044,183.0,-531.0,2.1214658977318117,-0.7776632502755638,0.20329366686944206,-104.46524984591235,231.6292831932484,TRACK
38.452,184.2704199971549,-533.148308799374,2.8860026955934073,-2.4926079123508753,-0.6355063375223912,-0.4820974249294281,0.7976755180865894,183.0,-531.0,2.495836065657954,183.0,-531.0,2.104837320660318,-0.7811653749330891,0.20232448191341057,-104.46524984591235,231.6292831932484,TRACK
38.496,184.23879623732086,-533.1701686475187,2.8688657632352106,-2.5081025785158153,-0.6436690348461445,-0.47275805225912515,0.7986300785693016,183.0,-531.0,2.4988493504558345,183.0,-531.0,2.089490700591362,-0.7793750626438487,0.20136992143069843,-100.47230395184681,226.55157707291045,TRACK
38.552,184.20416162859036,-533.1933506325855,2.8530711545330485,-2.5234130467767724,-0.6515024314129724,-0.4633253257641945,0.7994534230532206,183.0,-531.0,2.502157514073141,183.0,-531.0,2.0728757092052374,-0.780195445327811,0.20054657694677935,-100.47230395184681,226.55157707291045,TRACK
38.6,184.1718609900372,-533.214287982391,2.836009572822354,-2.538516732402378,-0.6590020698684955,-0.4538296374120846,0.8001531527679846,183.0,-531.0,2.5052603555184496,183.0,-531.0,2.0575512327682204,-0.7784583400541338,0.1998468472320154,-100.6751872974601,225.82464092696804,TRACK
38.652,184.13653062602765,-533.2364595938393,2.820225945981407,-2.5534653319098575,-0.6661518724019015,-0.444221264450263,0.8006814902908334,183.0,-531.0,2.508675622469881,183.0,-531.0,2.0409688428719246,-0.7792571031094826,0.19931850970916665,-100.6751872974601,225.82464092696804,TRACK
38.7,184.10361532270176,-533.2564617353099,2.803177025149809,-2.5682119239628434,-0.6730061371458657,-0.43459277011598774,0.8011292882382266,183.0,-531.0,2.511888999024437,183.0,-531.0,2.0256787815009876,-0.7774982436488216,0.1988707117617734,-100.76252807132502,225.5147235955022,TRACK
38.752,184.06763871513112,-533.2776255993456,2.7874053616327785,-2.582801058900563,-0.6796042324086825,-0.4249343854307758,0.8015180251430567,183.0,-531.0,2.5154384899737,183.0,-531.0,2.009133504143032,-0.7782718574897465,0.1984819748569433,-100.76252807132502,225.5147235955022,TRACK
38.8,184.03414531290278,-533.2966831776087,2.7702820630074054,-2.597334330561048,-0.6859654756473517,-0.4151688586982608,0.801819066256792,183.0,-531.0,2.518771555046107,183.0,-531.0,1.9938811985291705,-0.776400864478235,0.198180933743208,-100.68969931434117,225.17990305086704,TRACK
38.852,183.9975548805723,-533.3168142189626,2.7506262119697844,-2.611797852613515,-0.6921593152413502,-0.405357151882181,0.8021215233724928,183.0,-531.0,2.522447990532368,183.0,-531.0,1.977376861715042,-0.7732493502547424,0.19787847662750724,-100.68969931434117,225.17990305086704,TRACK
38.9,183.96350382133616,-533.334906579617,2.7374111725560035,-2.626300430645646,-0.6981925285036791,-0.39540561182887823,0.8023829539092479,183.0,-531.0,2.5258915949162057,183.0,-531.0,1.962161778374213,-0.7752493941817906,0.19761704609075215,-95.63203446006544,219.90818184977564,TRACK
38.952,183.92632640352653,-533.3539564187295,2.7216754179881875,-2.640930869518751,-0.7040577633999046,-0.38523371863779654,0.8025598745135349,183.0,-531.0,2.5296623148452158,183.0,-531.0,1.9457031159401212,-0.7759723020480662,0.19744012548646506,-95.63203446006544,219.90818184977564,TRACK
39.0,183.89174651032258,-533.3710266957276,2.7021021734671216,-2.6556783679767886,-0.7097826008220949,-0.3748726868922552,0.802696002112628,183.0,-531.0,2.5331757598961033,183.0,-531.0,1.9305322769039364,-0.7715698965631852,0.19730399788737196,-104.54662844499364,228.66520836098755,TRACK
39.052,183.85400116235365,-533.3889659048795,2.689030934950191,-2.6704754683283163,-0.7154139172482634,-0.3644119234639417,0.8028780249547217,183.0,-531.0,2.53702110357362,183.0,-531.0,1.9141168757658882,-0.7749140591843027,0.19712197504527829,-104.54662844499364,228.66520836098755,TRACK
39.1,183.81889266930972,-533.405028271314,2.6693482141386564,-2.6852054630365387,-0.7210184746567252,-0.3539891721700741,0.803228469870164,183.0,-531.0,2.540619253187848,183.0,-531.0,1.8989757049172151,-0.7703725092214413,0.19677153012983595,-100.33229675762648,224.3366876146897,TRACK
39.152,183.78058262784117,-533.4218728103655,2.652360783177528,-2.6999724277938086,-0.726518056872874,-0.34346966706471577,0.8036167613706693,183.0,-531.0,2.5445583405524372,183.0,-531.0,1.882589103861221,-0.769771679316307,0.19638323862933071,-100.33229675762648,224.3366876146897,TRACK
39.2,183.74498187540036,-533.4368878178828,2.6392650890240104,-2.714861280896384,-0.731825556848295,-0.33273971340626796,0.8039181317360633,183.0,-531.0,2.548219031327735,183.0,-531.0,1.8674837239227096,-0.7717813651013008,0.1960818682639367,-95.40795886455882,218.79260473196675,TRACK
39.252,183.70617212357345,-533.4525696923034,2.619694550285711,-2.7298253933309065,-0.7369060954017057,-0.32183189154489744,0.8041183742805249,183.0,-531.0,2.5522102506881303,183.0,-531.0,1.8511446804606149,-0.7685498698250963,0.1958816257194751,-95.40795886455882,218.79260473196675,TRACK
39.3,183.67014601377642,-533.4664882324271,2.6040461024927626,-2.7449108597445333,-0.7416793459478521,-0.31068008457250906,0.8041208660118297,183.0,-531.0,2.555906860682074,183.0,-531.0,1.8360924113508108,-0.7679536911419518,0.19587913398817025,-99.55494487333578,222.78368221083718,TRACK
39.352,183.6309084438777,-533.4809699016785,2.587071761499709,-2.760002403139329,-0.7461906030305447,-0.29941482877950637,0.8040209299167212,183.0,-531.0,2.5599330299034437,183.0,-531.0,1.819817102493851,-0.767254659005858,0.19597907008327875,-99.55494487333578,222.78368221083718,TRACK
39.396,183.59450055219352,-533.4937976478557,2.574052802184334,-2.774996797952926,-0.750498102166973,-0.2881552879154884,0.8039159603527511,183.0,-531.0,2.5636804822381603,183.0,-531.0,1.804820005031259,-0.769232797153075,0.19608403964724885,-99.09562450006857,222.68159553698555,TRACK
39.452,183.5548727536117,-533.5070955296737,2.5584357882871664,-2.789986861167911,-0.7545493337861607,-0.27680591092048407,0.8037202308251659,183.0,-531.0,2.567763962596768,183.0,-531.0,1.7886062454271374,-0.769829542860029,0.19627976917483414,-99.09562450006857,222.68159553698555,TRACK
39.5,183.5181278142842,-533.5188200534759,2.541568701344857,-2.804942454874596,-0.7583889162239497,-0.2654151614891516,0.8034917275240918,183.0,-531.0,2.5715580673450296,183.0,-531.0,1.773669086958323,-0.7678996143865342,0.19650827247590819,-103.56469243153367,227.41917423610442,TRACK
39.548,183.47814601356234,-533.530928424415,2.5259538501732237,-2.819844285269831,-0.7620610696351161,-0.25401850551979527,0.8032823133867243,183.0,-531.0,2.5756984101011398,183.0,-531.0,1.7575168472234572,-0.7684370029497665,0.1967176866132757,-103.56469243153367,227.41917423610442,TRACK
39.596,183.44108805633775,-533.5415502626621,2.508967572801497,-2.83475309189541,-0.7655539666921185,-0.24256293247268768,0.8030626701122316,183.0,-531.0,2.579541899462305,183.0,-531.0,1.7426355014789026,-0.7663320713225945,0.19693732988776835,-98.88382452862169,223.04887346882907,TRACK
39.652,183.40078686880776,-533.552446368409,2.4933178914203484,-2.849724655956218,-0.7688680713402032,-0.23100507940403603,0.8028209375924801,183.0,-531.0,2.5837206849451193,183.0,-531.0,1.7265452948110034,-0.766772596609345,0.19717906240751992,-98.88382452862169,223.04887346882907,TRACK
39.7,183.36345959175586,-533.5619200177367,2.473812601453166,-2.8648781624943345,-0.7719423082078989,-0.2192319946269114,0.8024696845796936,183.0,-531.0,2.5875735839043252,183.0,-531.0,1.7117258475437855,-0.7620867539093805,0.1975303154203064,-98.19734430712604,222.62821821147344,TRACK
39.752,183.32289292615226,-533.571541574049,2.4568397020273025,-2.8802120518691443,-0.7748073649746972,-0.20726127168612657,0.8020496789850264,183.0,-531.0,2.591734150876874,183.0,-531.0,1.6957065598561498,-0.7611331421711527,0.19795032101497356,-98.19734430712604,222.62821821147344,TRACK
39.796,183.2853293159925,-533.5798302965172,2.4438263342941204,-2.895673793087928,-0.7775261113152028,-0.19515842792698473,0.8016443511731828,183.0,-531.0,2.595561052526587,183.0,-531.0,1.6809486742643487,-0.7628776600297718,0.19835564882681722,-92.71372922285344,217.72614378040709,TRACK
39.852,183.24452938467263,-533.5881419180296,2.4282331979301883,-2.9113943720953035,-0.7800068947001444,-0.18279658448565345,0.8011400296323875,183.0,-531.0,2.5996679033734673,183.0,-531.0,1.664997363537193,-0.7632358343929952,0.1988599703676125,-92.71372922285344,217.72614378040709,TRACK
39.9,183.20677696936391,-533.5951914580079,2.411432211945881,-2.9273375809978726,-0.7822825098478082,-0.17022067559085907,0.8005879112329854,183.0,-531.0,2.6034161055767555,183.0,-531.0,1.650305319874911,-0.76112689207097,0.19941208876701455,-101.16429926366051,226.74751132749367,TRACK
39.952,183.16577392973838,-533.6021628801941,2.3959015374435664,-2.9433718920939476,-0.7844656288806502,-0.1575664730797123,0.800133436580358,183.0,-531.0,2.6074379476491787,183.0,-531.0,1.6344165605923047,-0.7614849768512617,0.19986656341964204,-101.16429926366051,226.74751132749367,TRACK
40.0,183.12783356511298,-533.6079810741976,2.3764156180668574,-2.959483935769328,-0.7865511508326137,-0.14484253877730008,0.799776264911358,183.0,-531.0,2.611112158399624,183.0,-531.0,1.6197734210666113,-0.7566421970002462,0.200223735088642,-96.40523417435207,222.59159521676844,TRACK
40.052,183.08664439857156,-533.613607110432,2.3634501512724926,-2.9757040611168946,-0.7884930228391838,-0.1320152017828648,0.7994681110387356,183.0,-531.0,2.615042902038982,183.0,-531.0,1.603935461675572,-0.7595146895969205,0.2005318889612644,-96.40523417435207,222.59159521676844,TRACK
40.096,183.04856542312464,-533.6181585678327,2.34656292829998,-2.9921202491345826,-0.7901796608125982,-0.11899759137215393,0.7990896840244447,183.0,-531.0,2.6186089602380247,183.0,-531.0,1.589343658000035,-0.757219270299945,0.2009103159755553,-96.40523417435207,222.59159521676844,TRACK
40.152,183.0072636924879,-533.622390414889,2.3310278111983966,-3.0086884835046495,-0.791609197275523,-0.10583202034778717,0.7986523259479636,183.0,-531.0,2.6224004746281784,183.0,-531.0,1.5735661942679326,-0.757461616930464,0.20134767405203635,-95.76454488004045,222.14414010272526,TRACK
40.2,182.96909886883466,-533.6256554075628,2.3142573843230836,-3.025325243258234,-0.7928311507005688,-0.09259805147287355,0.7982202908080958,182.96909886883466,-531.0,2.6256554075628173,183.0,-531.0,1.559027949072753,-0.7552294352503306,0.20177970919190424,-95.09342736770147,221.99827466318868,TRACK
40.252,182.92772945704928,-533.628487702507,2.298749703208105,-3.042081868065425,-0.7937882118954445,-0.07925225711986031,0.7977346962510528,182.92772945704928,-531.0,2.628487702506959,183.0,-531.0,1.543308148164681,-0.7554415550434239,0.20226530374894724,-95.09342736770147,221.99827466318868,TRACK
40.296,182.88952397661575,-533.6304552861739,2.2820093663539343,-3.0588902361539927,-0.7945439658932445,-0.06586093136569882,0.7972689483591611,182.88952397661575,-531.0,2.6304552861738557,183.0,-531.0,1.5288221725996003,-0.753187193754334,0.20273105164083893,-94.53750446375759,221.99902003102753,TRACK
40.352,182.84812603603223,-533.6318828660635,2.2665294964200506,-3.075760690615997,-0.7950935625273944,-0.05241831618342941,0.7968195862577736,182.84812603603223,-531.0,2.6318828660635063,183.0,-531.0,1.5131548086327578,-0.7533746877872929,0.2031804137422264,-94.53750446375759,221.99902003102753,TRACK
40.4,182.8099217017179,-533.6325424148512,2.2497298728222193,-3.092748088536037,-0.7953840866846777,-0.03888111542929795,0.7963338411044989,182.8099217017179,-531.0,2.632542414851173,183.0,-531.0,1.4987180903156356,-0.7510117825065836,0.2036661588955011,-93.91476001173825,221.87866535095057,TRACK
40.452,182.76854710273452,-533.6325465094171,2.234276852308701,-3.109798418242082,-0.7954825341178975,-0.02530028460756724,0.7958847696041531,182.76854710273452,-531.0,2.632546509417125,183.0,-531.0,1.4831020433557778,-0.7511748089529231,0.2041152303958469,-93.91476001173825,221.87866535095057,TRACK
40.5,182.73038439493288,-533.6318856501578,2.2175063336722225,-3.126975397953593,-0.7953333915635243,-0.011626419562017615,0.7954183662499693,182.73038439493288,-531.0,2.6318856501577557,183.0,-531.0,1.4687104509642765,-0.748795882707946,0.2045816337500307,-93.16668210334387,221.65508783886304,TRACK
40.548,182.68908399787585,-533.6304457839389,2.202080624081339,3.138907919949995,-0.7949501462462938,0.0021342345273006116,0.7949530111736299,182.68908399787585,-531.0,2.6304457839388533,183.0,-531.0,1.453143233159204,-0.7489373909221351,0.20504698882637007,-93.16668210334387,221.65508783886304,TRACK
40.6,182.65100193842693,-533.6284507566805,2.1828626740590655,3.121537008829097,-0.7943992785418257,0.015934326201308857,0.794559070490837,182.65100193842693,-531.0,2.628450756680536,183.0,-531.0,1.4387913545016275,-0.744071319557438,0.20544092950916304,-92.52309392525108,221.52277963364367,TRACK
40.652,182.60980928606946,-533.6255589115902,2.1661412085854175,3.104033477357335,-0.7936177680735972,0.029821653984721058,0.7941778722984558,182.60980928606946,-531.0,2.6255589115902467,183.0,-531.0,1.4232636823826454,-0.742877526202772,0.20582212770154418,-92.52309392525108,221.52277963364367,TRACK
40.7,182.57184489011593,-533.6222180694507,2.1507614700578492,3.086462819683808,-0.7926752697423696,0.04374438235762466,0.7938813855035199,182.57184489011593,-531.0,2.622218069450696,183.0,-531.0,1.4089448270743488,-0.7418166429835005,0.20611861449648006,-87.25714803504579,216.60408732588033,TRACK
40.752,182.53080131551982,-533.6178634327825,2.1341803227338407,3.0687660760543207,-0.7914937543447702,0.05774390302964626,0.7935973295720422,182.53080131551982,-531.0,2.617863432782542,183.0,-531.0,1.3934496856885028,-0.7407306370453379,0.2064026704279578,-87.25714803504579,216.60408732588033,TRACK
40.8,182.49301674322186,-533.6131563792445,2.1214256511868426,3.050883645729218,-0.7899834466634643,0.07185580235072173,0.793244667384378,182.49301674322186,-531.0,2.613156379244515,183.0,-531.0,1.379165195038051,-0.7422604561487915,0.20675533261562196,-91.06393704557861,220.63177979673395,TRACK
40.852,182.45218692895884,-533.6073246647526,2.1023729493501655,3.0329800104460776,-0.7883052978708125,0.0859581959929022,0.7929779657150283,182.45218692895884,-531.0,2.607324664752582,183.0,-531.0,1.3637031573565364,-0.7386697919936291,0.20702203428497168,-91.06393704557861,220.63177979673395,TRACK
40.9,182.4146049191955,-533.6012661281488,2.089561577606934,3.0150529990135477,-0.7864339314736075,0.10004965679769773,0.7927725161724338,182.4146049191955,-531.0,2.6012661281488363,183.0,-531.0,1.3494415614406872,-0.7401200161662469,0.20722748382756617,-90.65734327423256,220.58575176189703,TRACK
40.952,182.37401869204967,-533.5939728404493,2.0705377208026405,2.9971096348435466,-0.7843585843240608,0.11412171335780785,0.7926172810774229,182.37401869204967,-531.0,2.5939728404492826,183.0,-531.0,1.334002233755625,-0.7365354870470155,0.2073827189225771,-90.65734327423256,220.58575176189703,TRACK
41.0,182.3366748702248,-533.586573654538,2.0578344696019863,2.9792116376924427,-0.7821317806169167,0.1281315109521326,0.7925577621535639,182.3366748702248,-531.0,2.5865736545380287,183.0,-531.0,1.319756959567278,-0.7380775100347083,0.20744223784643612,-90.21266751297078,220.20849471211363,TRACK
41.052,182.2963706944005,-533.5778346271804,2.0426004066181744,2.9613061183632414,-0.7796637639107327,0.14210585856421754,0.792508460392521,182.2963706944005,-531.0,2.5778346271804367,183.0,-531.0,1.3043336082160406,-0.7382667984021338,0.20749153960747901,-90.21266751297078,220.20849471211363,TRACK
41.096,182.2593095448107,-533.5691082308746,2.0261545766425124,2.943460929310943,-0.7770189956343847,0.15599878113030413,0.7925239045548144,182.2593095448107,-531.0,2.5691082308745763,183.0,-531.0,1.2901017896136031,-0.7360527870289093,0.20747609544518564,-94.71410743112261,224.64218408296102,TRACK
41.152,182.21931586368103,-533.5589500338026,2.0070780264682,2.9257365827839754,-0.7742505855350529,0.16977168802682766,0.792645188755253,182.21931586368103,-531.0,2.5589500338026028,183.0,-531.0,1.274685644132634,-0.732392382335566,0.20735481124474697,-94.71410743112261,224.64218408296102,TRACK
41.2,182.18255406398254,-533.5489265653179,1.991831770724317,2.90810429191899,-0.7713176700659752,0.1834393882520447,0.7928309765128309,182.18255406398254,-531.0,2.5489265653178563,183.0,-531.0,1.2604566880787782,-0.7313750826455387,0.20716902348716915,-85.64092424656089,215.36930316597443,TRACK
41.252,182.14292027378363,-533.537367516188,1.979137008043695,2.890489266494273,-0.7681223811124434,0.19703689458364254,0.7929915070119069,182.14292027378363,-531.0,2.5373675161880556,183.0,-531.0,1.245046391965882,-0.7340906160778129,0.2070084929880931,-85.64092424656089,215.36930316597443,TRACK
41.3,182.1065437022397,-533.5260474991868,1.960194406625766,2.872774993415931,-0.7645253818976793,0.21061577211351534,0.7930057143733358,182.1065437022397,-531.0,2.5260474991868023,183.0,-531.0,1.230831462266256,-0.72936294435951,0.20699428562666422,-94.27843805120868,223.7099872492572,TRACK
41.352,182.06735161800873,-533.5130955845078,1.947458149896892,2.855140557208545,-0.7607343728649663,0.22407660067460544,0.7930492475427614,182.06735161800873,-531.0,2.5130955845078233,183.0,-531.0,1.2154357069277024,-0.7320224429691895,0.2069507524572386,-94.27843805120868,223.7099872492572,TRACK
41.4,182.03136076027658,-533.5005186515464,1.931042684007162,2.8377187096122953,-0.7569106799924408,0.23735659328240616,0.7932540134542331,182.03136076027658,-531.0,2.500518651546372,183.0,-531.0,1.2012204358564116,-0.7298222481507504,0.20674598654576692,-89.809131893299,219.35515209652564,TRACK
41.448,181.99260246516923,-533.4862174958134,1.9158421039394762,2.820338839430858,-0.7528650821407595,0.25053956460525834,0.7934581938195642,181.99260246516923,-531.0,2.4862174958134347,183.0,-531.0,1.1858213924555199,-0.7300207114839563,0.20654180618043583,-89.809131893299,219.35515209652564,TRACK
41.5,181.95704692392874,-533.472397480525,1.89943348349339,2.8030101515148838,-0.748621458270013,0.26362166180457863,0.7936815912914501,181.95704692392874,-531.0,2.4723974805250464,183.0,-531.0,1.1716063260807477,-0.7278271574126423,0.2063184087085499,-89.77223586837019,218.91518584780576,TRACK
41.552,181.91877847733394,-533.4567628488694,1.8842579272896391,2.7857472409453976,-0.7441800307251183,0.27658717785519427,0.7939171147443157,181.91877847733394,-531.0,2.4567628488694027,183.0,-531.0,1.1562056093674136,-0.7280523179222256,0.2060828852556843,-89.77223586837019,218.91518584780576,TRACK
41.6,181.88370224252375,-533.441723131857,1.8677858984076727,2.7685063703573394,-0.7394812321289596,0.2894462688214922,0.7941105938127558,181.88370224252375,-531.0,2.4417231318569748,183.0,-531.0,1.1419907018621986,-0.7257951965454741,0.20588940618724416,-89.64197576748099,218.50701349801676,TRACK
41.652,181.84597271637884,-533.4247827757521,1.8526342213637033,2.7513644088660376,-0.7346115345515218,0.3021617023630828,0.794327263205222,181.84597271637884,-531.0,2.424782775752078,183.0,-531.0,1.1265893271142429,-0.7260448942494604,0.20567273679477804,-89.64197576748099,218.50701349801676,TRACK
41.7,181.8114117195092,-533.4085528399957,1.8361875514804762,2.7342673971949623,-0.7295047662995275,0.3147483880932865,0.7945084970351484,181.8114117195092,-531.0,2.40855283999565,183.0,-531.0,1.112373092155772,-0.7238144593247042,0.20549150296485164,-89.38860727584328,218.05262149406832,TRACK
41.752,181.774268903585,-533.3903372476426,1.8210592501491223,2.7172338393360933,-0.7241778206614166,0.32719140079074427,0.7946620216729425,181.774268903585,-531.0,2.3903372476426057,183.0,-531.0,1.0969724427696437,-0.7240868073794786,0.20533797832705747,-89.38860727584328,218.05262149406832,TRACK
41.8,181.74025817762143,-533.372949036546,1.8047286166836858,2.700330809072107,-0.7187104602477401,0.339463449760468,0.7948459972804771,181.74025817762143,-531.0,2.372949036545947,183.0,-531.0,1.0827540584313666,-0.7219745582523192,0.2051540027195229,-89.21138863207103,217.72936290955465,TRACK
41.852,181.70372980104275,-533.3534971405302,1.789624053912497,2.6834978560094593,-0.7130258722867153,0.3515774655273495,0.7949922067648625,181.70372980104275,-531.0,2.3534971405301803,183.0,-531.0,1.0673508644029774,-0.7222731895095196,0.20500779323513751,-89.21138863207103,217.72936290955465,TRACK
41.9,181.6703026166638,-533.3349847368812,1.7707136003098471,2.666799616983955,-0.7072067030828725,0.36351162919984253,0.7951616347943794,181.6703026166638,-531.0,2.3349847368812107,183.0,-531.0,1.053129981303723,-0.7175836190061242,0.2048383652056206,-89.17660786920489,217.5151695833652,TRACK
41.952,181.63441399688026,-533.3143361434446,1.7544223375410526,2.650229107739937,-0.7012423747777554,0.37526347634156276,0.7953386353371126,181.63441399688026,-531.0,2.3143361434446206,183.0,-531.0,1.0377212944435181,-0.7167010430975345,0.20466136466288742,-89.17660786920489,217.5151695833652,TRACK
42.004,181.60160175174153,-533.2947353825896,1.741863602684914,2.633728100415621,-0.6950634977420955,0.38684347419002274,0.7954628460317194,181.60160175174153,-531.0,2.294735382589579,183.0,-531.0,1.0234980036066819,-0.718365599078232,0.20453715396828065,-84.32884706190488,212.46850602216523,TRACK
42.052,181.5664073100378,-533.2729258376085,1.7231031226949078,2.617302113943794,-0.6886769388459804,0.3982432725195456,0.7955335506472039,181.5664073100378,-531.0,2.2729258376084545,183.0,-531.0,1.0080902611756164,-0.7150128615192914,0.20446644935279612,-84.32884706190488,212.46850602216523,TRACK
42.1,181.53426871961398,-533.2522696234373,1.7105095074555736,2.6008648364667266,-0.6819838987568462,0.40947635546892935,0.7954702532789678,181.53426871961398,-531.0,2.2522696234373143,183.0,-531.0,0.9938732036327792,-0.7166363038227944,0.2045297467210322,-88.30099799924135,216.4101643603347,TRACK
42.152,181.49982611393452,-533.229336088527,1.6955286709861646,2.5845145070478632,-0.6751147647267712,0.42051996218178367,0.7953722299310257,181.49982611393452,-531.0,2.2293360885270204,183.0,-531.0,0.9784741853713853,-0.7170544856147792,0.20462777006897426,-88.30099799924135,216.4101643603347,TRACK
42.2,181.4683686845552,-533.2076642825339,1.679353421002222,2.568347906581058,-0.6682016862965697,0.4313615607848786,0.7953403609099351,181.4683686845552,-531.0,2.2076642825338695,183.0,-531.0,0.9642576836100858,-0.7150957373921363,0.2046596390900649,-92.53452752910867,220.91302299235622,TRACK
42.252,181.43465976761667,-533.1836503400858,1.6605840557303109,2.5523291452874064,-0.6612180370252293,0.4420173194489726,0.7953543884208804,181.43465976761667,-531.0,2.183650340085819,183.0,-531.0,0.9488538043111007,-0.7117302514192102,0.20464561157911965,-92.53452752910867,220.91302299235622,TRACK
42.3,181.40387578809037,-533.1609971829469,1.6481734302724955,2.536520832298155,-0.6542582414456272,0.4524905284467775,0.7954882304808591,181.40387578809037,-531.0,2.1609971829468577,183.0,-531.0,0.9346277288899228,-0.7135457013825727,0.20451176951914085,-83.73886437260761,212.05446455723472,TRACK
42.352,181.3709156223831,-533.1359363684033,1.6331767253340772,2.5207577920101945,-0.6471151261231791,0.46279740291786475,0.7955749006881366,181.3709156223831,-531.0,2.1359363684033497,183.0,-531.0,0.9192149518604343,-0.7139617734736429,0.20442509931186337,-83.73886437260761,212.05446455723472,TRACK
42.4,181.34087989023863,-533.112331093109,1.6144396271656036,2.5049164886871105,-0.6396353788669171,0.47294011091796495,0.7954908964993387,181.34087989023863,-531.0,2.112331093108992,183.0,-531.0,0.9049935468673315,-0.7094460802982722,0.20450910350066132,-92.41344406827687,220.48687930800662,TRACK
42.452,181.3087373552347,-533.0862594970691,1.6019864884819537,2.489228316604989,-0.6321069818667618,0.48289296851878394,0.7954526105115188,181.3087373552347,-531.0,2.086259497069136,183.0,-531.0,0.8895846105405188,-0.7124018779414348,0.20454738948848117,-92.41344406827687,220.48687930800662,TRACK
42.5,181.2794337907909,-533.0617416019708,1.5857288530476212,2.4737001068061164,-0.6245413622828188,0.4926567479628173,0.7954637543693477,181.2794337907909,-531.0,2.061741601970766,183.0,-531.0,0.8753576717095243,-0.710371181338097,0.2045362456306523,-87.93255430150326,216.24702853159215,TRACK
42.552,181.24810412483555,-533.034699401705,1.570753284466699,2.4582304534963937,-0.6168246371064112,0.5022416956570603,0.7954365806259699,181.24810412483555,-531.0,2.0346994017049838,183.0,-531.0,0.8599452012304821,-0.7108080832362168,0.2045634193740301,-87.93255430150326,216.24702853159215,TRACK
42.6,181.2195732282602,-533.0093015959636,1.5520921323260424,2.4428255448032274,-0.6089738016477331,0.5116494357078563,0.7953830750986975,181.2195732282602,-531.0,2.0093015959636205,183.0,-531.0,0.8457183620130483,-0.7063737703129941,0.20461692490130245,-87.67094368411934,215.9403880292919,TRACK
42.652,181.18910289782715,-532.9813258951864,1.5396289356968214,2.4274342171235648,-0.6009217336011545,0.5208701192107162,0.7952437431384184,181.18910289782715,-531.0,1.9813258951863872,183.0,-531.0,0.8303096020554558,-0.7093193336413656,0.2047562568615816,-87.67094368411934,215.9403880292919,TRACK
42.7,181.16137801573217,-532.9550853140943,1.5234820849837445,2.4121249234381845,-0.5927597254500191,0.529903147950267,0.7950858056355834,181.16137801573217,-531.0,1.9550853140942763,183.0,-531.0,0.8160876064739159,-0.7073944785098286,0.2049141943644166,-87.45617138064065,215.92135725484943,TRACK
42.748,181.13178416673352,-532.9262159032501,1.5085444723712915,2.3968873224154748,-0.584483189802618,0.5387503883883105,0.7949041326791544,181.13178416673352,-531.0,1.9262159032500676,183.0,-531.0,0.8006825478398186,-0.7078619245314729,0.20509586732084562,-87.45617138064065,215.92135725484943,TRACK
42.796,181.10488889541222,-532.8991684953069,1.4923261262941065,2.3816617698041225,-0.5760254267562623,0.5474084353715944,0.7946453846752721,181.10488889541222,-531.0,1.899168495306867,183.0,-531.0,0.7864675071465645,-0.705858619147542,0.20535461532472787,-87.13342199125064,215.85991016115486,TRACK
42.852,181.07620624046947,-532.8694436754288,1.4737231327080433,2.366508253967344,-0.5674728587369489,0.5558863860170999,0.7943771897293107,181.07620624046947,-531.0,1.8694436754287835,183.0,-531.0,0.7710709913689162,-0.7026521413391271,0.2056228102706893,-87.13342199125064,215.85991016115486,TRACK
42.9,181.0501634287461,-532.8416235418426,1.4588135103478272,2.3513603785749178,-0.5587528603286972,0.5641812916434275,0.794043631525338,181.0501634287461,-531.0,1.8416235418426368,183.0,-531.0,0.7568646546761715,-0.7019488556716558,0.20595636847466203,-82.05663974300737,211.16809151384464,TRACK
42.952,181.0224375792917,-532.8110813481851,1.4426447591618028,2.3361590960737413,-0.5498056536181649,0.5722902968785848,0.7936009328698375,181.0224375792917,-531.0,1.8110813481850982,183.0,-531.0,0.7414842846369777,-0.7011604745248251,0.20639906713016254,-82.05663974300737,211.16809151384464,TRACK
43.0,180.99729771652633,-532.7825240611556,1.4278008700336156,2.3209395946555196,-0.5406851741826333,0.5802189108941981,0.7930916984435998,180.99729771652633,-531.0,1.782524061155641,183.0,-531.0,0.7272958515332424,-0.7005050185003732,0.20690830155640016,-85.5870906920612,215.25213786744993,TRACK
43.052,180.97055883788062,-532.7511997817196,1.4116964393499716,2.305710055130031,-0.5314185848725715,0.5879787882853114,0.7925432277304687,180.97055883788062,-531.0,1.751199781719606,183.0,-531.0,0.7119342578967495,-0.6997621814532221,0.2074567722695313,-85.5870906920612,215.25213786744993,TRACK
43.1,180.94632400907693,-532.7219319901345,1.3968807436357389,2.2905639631527435,-0.5221343735273687,0.5955971926933523,0.7920608057232854,180.94632400907693,-531.0,1.7219319901345216,183.0,-531.0,0.6977581812223745,-0.6991225624133643,0.2079391942767146,-85.10915366769657,215.49898802366064,TRACK
43.148,180.92056050241837,-532.6898488186887,1.3846316057413723,2.27545916770454,-0.5127955606869685,0.6030825984437915,0.7916235895967084,180.92056050241837,-531.0,1.689848818688688,183.0,-531.0,0.6824046742211533,-0.7022269315202191,0.20837641040329158,-85.10915366769657,215.49898802366064,TRACK
43.2,180.8972464305288,-532.6598938584161,1.3685496045730523,2.2603182132490565,-0.5033155553078862,0.6104252743092204,0.7911672160361379,180.8972464305288,-531.0,1.659893858416126,183.0,-531.0,0.6682382207580426,-0.7003113838150097,0.20883278396386207,-89.46963495314927,220.2956561436989,TRACK
43.248,180.87248143575948,-532.6270775307285,1.3537419924813892,2.2452589421891007,-0.4938425757436784,0.6176555569680006,0.7908090013844061,180.87248143575948,-531.0,1.6270775307284566,183.0,-531.0,0.6528915839128792,-0.70085040856851,0.20919099861559387,-89.46963495314927,220.2956561436989,TRACK
43.296,180.85008275166237,-532.596454858851,1.337628430363638,2.23023381130212,-0.48432141244151883,0.6247664278026268,0.7905063692713694,180.85008275166237,-531.0,1.5964548588509615,183.0,-531.0,0.6387261694081536,-0.6989022609554845,0.2094936307286306,-84.88601306884667,216.1071357513181,TRACK
43.352,180.8263347886137,-532.5629317896087,1.3227859145369327,2.215158316161023,-0.47465097706837556,0.6317342210485825,0.7901782558864948,180.8263347886137,-531.0,1.5629317896086832,183.0,-531.0,0.6233843207643744,-0.6994015937725583,0.20982174411350518,-84.88601306884667,216.1071357513181,TRACK
43.4,180.80489492698496,-532.5316724469359,1.3067628143239691,2.2000515582934796,-0.4648554594707378,0.638559950670716,0.789841382051066,180.80489492698496,-531.0,1.531672446935886,183.0,-531.0,0.6092259072101573,-0.6975369071138118,0.21015861794893398,-84.45568833036664,215.9307953667763,TRACK
43.452,180.78220537934104,-532.4974777057276,1.2881876817703364,2.184863325144734,-0.4548741577977571,0.6452208799144994,0.7894431476109345,180.78220537934104,-531.0,1.497477705727647,183.0,-531.0,0.5938941063826777,-0.6942935753876587,0.21055685238906552,-84.45568833036664,215.9307953667763,TRACK
43.496,180.76175329610393,-532.465613588297,1.2759359200519258,2.1696680512040265,-0.44479797617241335,0.6517360948766061,0.7890533422856045,180.76175329610393,-531.0,1.4656135882969465,183.0,-531.0,0.5797451805085044,-0.6961907395434214,0.21094665771439547,-79.45963902563963,211.3922327010999,TRACK
43.552,180.7401465606223,-532.4307803368965,1.2574037803396914,2.154395635918962,-0.4345486348692639,0.6580830384033526,0.7886100440020589,180.7401465606223,-531.0,1.4307803368965324,183.0,-531.0,0.5644240453974725,-0.6929797349422189,0.21138995599794108,-79.45963902563963,211.3922327010999,TRACK
43.596,180.7207294515273,-532.3983497957386,1.24511253124769,2.1389708311179425,-0.4240396998160736,0.6642266709056606,0.7880398069656903,180.7207294515273,-531.0,1.398349795738568,183.0,-531.0,0.5502923988288547,-0.6948201324188353,0.21196019303430969,-83.1230026135502,215.56379149993646,TRACK
43.652,180.70025124642157,-532.3629184561432,1.2267501545445034,2.1235459562907626,-0.4134598777073967,0.6702275064418912,0.7874985592781302,180.70025124642157,-531.0,1.362918456143234,183.0,-531.0,0.5349886645081385,-0.6917614900363649,0.21250144072186983,-83.1230026135502,215.56379149993646,TRACK
43.7,180.6818687357567,-532.3299448560724,1.2143905139061377,2.10809934897802,-0.4027880607745402,0.6760803797036019,0.7869707121123893,180.6818687357567,-531.0,1.3299448560724159,183.0,-531.0,0.5208674405690521,-0.6935230733370856,0.21302928788761066,-82.66139375686855,215.85501509732768,TRACK
43.752,180.66252367714276,-532.2939399641001,1.1960452814794773,2.0926178938399813,-0.392019364789562,0.6817928658517458,0.7864608663476832,180.66252367714276,-531.0,1.2939399641001046,183.0,-531.0,0.5055744586891507,-0.6904708227903266,0.2135391336523168,-82.66139375686855,215.85501509732768,TRACK
43.8,180.64518845131684,-532.2604457199703,1.1813387346272728,2.0771492570720373,-0.3812152754272087,0.6873942262499002,0.786025386677009,180.64518845131684,-531.0,1.2604457199703347,183.0,-531.0,0.4914591927651912,-0.6898795418620816,0.21397461332299095,-82.11558988448282,215.84294874209542,TRACK
43.852,180.6269884093198,-532.2238901141415,1.1653674089926978,2.0616165742282093,-0.3702902117000283,0.6928535939875928,0.7855959162205313,180.6269884093198,-531.0,1.2238901141414544,183.0,-531.0,0.47617119601973745,-0.6891962129729603,0.21440408377946873,-82.11558988448282,215.84294874209542,TRACK
43.9,180.61071990411045,-532.1898995854624,1.1506747559115582,2.046076183601913,-0.3593131547565508,0.6982024410433715,0.7852341000364335,180.61071990411045,-531.0,1.189899585462399,183.0,-531.0,0.4620591058787176,-0.6886156500328406,0.21476589996356654,-81.74099839932512,215.8568707531852,TRACK
43.952,180.59367670851586,-532.1528155095854,1.1385294808002189,2.030511955029302,-0.3482673670938458,0.703435943542837,0.7849282041374745,180.59367670851586,-531.0,1.1528155095853663,183.0,-531.0,0.44677000426212415,-0.6917594765380948,0.21507179586252545,-81.74099839932512,215.8568707531852,TRACK
43.996,180.57849343821772,-532.1183532137547,1.1225797971559648,2.0148636671775355,-0.3370851345349188,0.708520937067785,0.7846198481990093,180.57849343821772,-531.0,1.1183532137547445,183.0,-531.0,0.4326579060185843,-0.6899218911373806,0.21538015180099068,-86.17374829613394,220.55716228327074,TRACK
44.052,180.56262554953403,-532.0807667720032,1.1078949486377734,1.9992565713627042,-0.32590843435712785,0.7135242747291609,0.78443176772291,180.56262554953403,-531.0,1.0807667720032441,183.0,-531.0,0.4173638066314354,-0.690531142006338,0.21556823227709,-86.17374829613394,220.55716228327074,TRACK
44.1,180.5485204404795,-532.0458455321701,1.0919135243824991,1.9836499137147212,-0.31469023585471545,0.7184248190238123,0.7843240179490195,180.5485204404795,-531.0,1.0458455321701194,183.0,-531.0,0.40324038719394384,-0.6886731371885553,0.21567598205098049,-81.77141358097462,216.34125859964183,TRACK
44.148,180.53384249802681,-532.0077819313867,1.0771934259909492,1.9679653943872346,-0.30334249673715064,0.7231734453306908,0.7842171270497666,180.53384249802681,-531.0,1.0077819313867167,183.0,-531.0,0.38793632837462766,-0.6892570976163216,0.21578287295023335,-81.77141358097462,216.34125859964183,TRACK
44.2,180.5208525297648,-531.9724384012842,1.0613028255513137,1.9522271791340007,-0.2918911414563673,0.7277759797958353,0.7841290169535171,180.5208525297648,-531.0,0.9724384012841938,183.0,-531.0,0.37380502566294854,-0.6874977998883651,0.2158709830464829,-81.5364123743739,216.08157964820552,TRACK
44.252,180.50739798060854,-531.9339379792592,1.046599472491332,1.9363945102656428,-0.28028870742140277,0.7321918428046681,0.7840067947267144,180.50739798060854,-531.0,0.9339379792592126,183.0,-531.0,0.3584935596675504,-0.6881059128237814,0.21599320527328558,-81.5364123743739,216.08157964820552,TRACK
44.3,180.4955441850993,-531.8982072126876,1.030727201365547,1.9205472470090377,-0.2686215854121243,0.7364615374079831,0.7839216492932526,180.4955441850993,-531.0,0.8982072126875664,183.0,-531.0,0.3443543405590313,-0.6863728608065158,0.2160783507067474,-81.43444948709785,216.09319795662137,TRACK
44.352,180.48331865542727,-531.8592991682021,1.0123225801093176,1.9046871150869986,-0.25689124946428316,0.7405810679670861,0.783870800759022,180.48331865542727,-531.0,0.859299168202142,183.0,-531.0,0.3290299669835331,-0.6832926131257846,0.21612919924097795,-81.43444948709785,216.09319795662137,TRACK
44.4,180.47261247329786,-531.8232120401884,0.9976443793193344,1.8887635571405865,-0.24504522351206956,0.7445130026119633,0.7838027638534846,180.47261247329786,-531.0,0.8232120401884231,183.0,-531.0,0.3148798912786982,-0.6827644880406362,0.21619723614651543,-76.6911240898283,211.38704761340108,TRACK
44.452,180.46164497677435,-531.7839409608551,0.9854294353902264,1.8727902591074923,-0.23309908342182722,0.7482580241332852,0.7837252409945363,180.46164497677435,-531.0,0.7839409608551478,183.0,-531.0,0.2995453695022782,-0.6858840658879481,0.21627475900546367,-76.6911240898283,211.38704761340108,TRACK
44.5,180.45211891304191,-531.7475445878539,0.9672001555504538,1.8566886140222982,-0.22097528560654,0.7517579354874275,0.7835624227955366,180.45211891304191,-531.0,0.7475445878538949,183.0,-531.0,0.28538945849915637,-0.6818106970512974,0.21643757720446344,-85.0939653898145,219.8748513831842,TRACK
44.552,180.4424306738335,-531.7079532218888,0.9549284665511475,1.8406201752709932,-0.20884323800849053,0.75512300590862,0.7834706453431046,180.4424306738335,-531.0,0.7079532218888289,183.0,-531.0,0.27004543408605286,-0.6848830324650946,0.21652935465689538,-85.0939653898145,219.8748513831842,TRACK
44.6,180.43405397864896,-531.6712516221534,0.9391193528769903,1.8247101847669946,-0.19682817375954054,0.7584457852450296,0.7835696134623046,180.43405397864896,-531.0,0.6712516221533633,183.0,-531.0,0.2558662144784947,-0.6832531383984957,0.21643038653769542,-80.93870275538961,215.91497470315397,TRACK
44.652,180.42561289197064,-531.6313421720959,0.9244705124900982,1.808781479823592,-0.18475331943237616,0.7616110588732637,0.7836996835774119,180.42561289197064,-531.0,0.6313421720958559,183.0,-531.0,0.2404934786080101,-0.6839770338820881,0.21630031642258807,-80.93870275538961,215.91497470315397,TRACK
44.696,180.41840722295356,-531.5943704099521,0.9086542800432936,1.7928433115795537,-0.17263099421393596,0.7646329538988121,0.7838781884650924,180.41840722295356,-531.0,0.5943704099521483,183.0,-531.0,0.2262906120575788,-0.6823636679857148,0.21612181153490762,-81.0869338128918,215.69204060896857,TRACK
44.752,180.4112374253328,-531.5541832346444,0.8940166803586663,1.7769060636214085,-0.160468399455628,0.7675020230673544,0.7840978654710984,180.4112374253328,-531.0,0.5541832346443698,183.0,-531.0,0.21088960303196447,-0.6831270773267019,0.2159021345289016,-81.0869338128918,215.69204060896857,TRACK
44.8,180.40521487724453,-531.5169767822961,0.8756792036418531,1.7609206028593498,-0.14821887278988644,0.7701733633668344,0.7843059631871266,180.40521487724453,-531.0,0.5169767822960694,183.0,-531.0,0.1966616423396414,-0.6790175613022118,0.21569403681287336,-81.16836163896588,215.4685916159083,TRACK
44.852,180.39932948617022,-531.4765526537202,0.8634896135098777,1.7449626535090117,-0.13595547646747172,0.7726981669875318,0.7845676190408248,180.39932948617022,-531.0,0.47655265372020494,183.0,-531.0,0.18123162816352603,-0.6822579853463517,0.21543238095917516,-81.16836163896588,215.4685916159083,TRACK
44.896,180.39449486575094,-531.4391434519396,0.8476003641484762,1.7289720048027901,-0.12362350026106125,0.7750292381923367,0.784826789724835,180.39449486575094,-531.0,0.4391434519395716,183.0,-531.0,0.1669751598976058,-0.6806252042508704,0.215173210275165,-81.16013224697264,215.16554246032848,TRACK
44.952,180.38990612547826,-531.3985236946867,0.8329814496633928,1.712966458657795,-0.11124102700503974,0.7771712171041429,0.7850921390411898,180.38990612547826,-531.0,0.3985236946866735,183.0,-531.0,0.1515153904311661,-0.6814660592322267,0.2149078609588102,-81.16013224697264,215.16554246032848,TRACK
45.0,180.3862632040851,-531.3609448315663,0.8147615249655991,1.6970121481983789,-0.09886963604500273,0.7791738347040487,0.7854215871868327,180.3862632040851,-531.0,0.36094483156625756,183.0,-531.0,0.13722739369925377,-0.6775341312663453,0.21457841281316725,-81.27929412467358,214.96825859086147,TRACK
45.052,180.38296636403288,-531.3201596812165,0.8025869310485292,1.6810489766974839,-0.08645553301156453,0.7809784276039207,0.7857492370794935,180.38296636403288,-531.0,0.3201596812165235,183.0,-531.0,0.1217319735788957,-0.6808549574696334,0.2142507629205065,-81.27929412467358,214.96825859086147,TRACK
45.096,180.38051638191087,-531.2824449763974,0.7868113867108677,1.6651446319286818,-0.07406054943055018,0.7826390339152085,0.786135371542132,180.38051638191087,-531.0,0.2824449763974144,183.0,-531.0,0.10740970605805804,-0.6794016806528097,0.21386462845786802,-81.59531232988611,214.85542670408307,TRACK
45.152,180.3785042632121,-531.2415243369658,0.7722089781160635,1.6492969677314067,-0.06168246375611389,0.7841427528348197,0.7865650533543894,180.3785042632121,-531.0,0.24152433696576736,183.0,-531.0,0.09187289978412122,-0.6803360783319423,0.21343494664561058,-81.59531232988611,214.85542670408307,TRACK
45.196,180.3772450475596,-531.2037082311158,0.7563449714912626,1.6334506180593245,-0.04927538224102717,0.7854352278319867,0.7869793900824114,180.3772450475596,-531.0,0.2037082311157974,183.0,-531.0,0.0775139437957155,-0.678831027695547,0.21302060991758864,-81.87970143507651,214.61036108215933,TRACK
45.252,180.37652070020457,-531.1626969270474,0.7381458188319631,1.6176800691756075,-0.03690441334630479,0.7865705216283279,0.7874357886323777,180.37652070020457,-531.0,0.16269692704736372,183.0,-531.0,0.06193638821448978,-0.6762094306174733,0.21256421136762227,-81.87970143507651,214.61036108215933,TRACK
45.3,180.376447771744,-531.1248150344694,0.7258878217621083,1.6019225977229978,-0.024519638699971577,0.7874929724393795,0.7878746057104433,180.376447771744,-531.0,0.12481503446940678,183.0,-531.0,0.04753897922139836,-0.6783488425407099,0.21212539428955668,-77.57407930905224,209.79766269908947,TRACK
45.352,180.37701946455977,-531.0837672661333,0.7077124142114528,1.5861345633398602,-0.012089832741252807,0.7881534881936736,0.7882462083686586,180.37701946455977,-531.0,0.08376726613334995,183.0,-531.0,0.0319250578779499,-0.675787356333503,0.21175379163134145,-77.57407930905224,209.79766269908947,TRACK
45.4,180.3781447954517,-531.04587612131,0.6955898503563129,1.5703561148609242,0.0003471464718991617,0.7885893649960203,0.7885894414050314,180.3781447954517,-531.0,0.04587612131001606,183.0,-531.0,0.01749579465641344,-0.6780940556998994,0.2114105585949686,-81.74032144248169,213.54842630598165,TRACK
45.452,180.3800085158345,-531.0048352737379,0.6773771578883953,1.5546090993608264,0.012769917014046908,0.7888195612908162,0.7889229183231917,180.3800085158345,-531.0,0.00483527373785364,183.0,-531.0,0.0018455282307095835,-0.6755316296576857,0.21107708167680828,-81.74032144248169,213.54842630598165,TRACK
45.5,180.3823124575297,-530.9669544232218,0.6653627654524306,1.5389924798434707,0.02510002091998574,0.7889472498522729,0.7893464221111339,180.3823124575297,-531.0,0.0330455767782496,183.0,-531.0,-0.012623287150004919,-0.6779860526024355,0.21065357788886607,-82.0336769159688,213.53709178207754,TRACK
45.552,180.38543933181734,-530.9259287644892,0.6508306416444339,1.5234759716397714,0.03736128284165906,0.7889499538731657,0.7898340934475067,180.38543933181734,-531.0,0.0740712355108144,183.0,-531.0,-0.028322704195557533,-0.6791533458399914,0.21016590655249334,-82.0336769159688,213.53709178207754,TRACK
45.6,180.38891231908474,-530.8880849334805,0.6350387621143345,1.507984683658998,0.049608699338540424,0.7887620711224484,0.7903205855166852,180.38891231908474,-531.0,0.11191506651948657,183.0,-531.0,-0.04283525578313089,-0.6778740178974654,0.20967941448331484,-87.11757909583473,218.00066630721176,TRACK
45.652,180.39329536378054,-530.8471081411295,0.6204926544483047,1.492646537974313,0.06174691694562676,0.78850067936125,0.7909146623406618,180.39329536378054,-531.0,0.15289185887047552,183.0,-531.0,-0.058586190015364144,-0.6790788444636688,0.20908533765933823,-87.11757909583473,218.00066630721176,TRACK
45.7,180.3979137212296,-530.8093119212916,0.6023149566625345,1.477414510002554,0.07381101908072774,0.7881228779028298,0.7915716879800428,180.3979137212296,-531.0,0.19068807870837645,183.0,-531.0,-0.073152001606907,-0.6754669582694416,0.20842831201995715,-83.43139172328074,213.63389685334778,TRACK
45.752,180.40354099502088,-530.7684157571543,0.5864528657718767,1.4622112616175607,0.0858530436899104,0.7875425138685325,0.7922082783341697,180.40354099502088,-531.0,0.23158424284565626,183.0,-531.0,-0.08895694166701204,-0.6754098074388888,0.20779172166583026,-83.43139172328074,213.63389685334778,TRACK
45.8,180.40930813253425,-530.730718743702,0.5742881479322405,1.4470552973301543,0.09785652276679596,0.7867766904377157,0.7928388610960827,180.40930813253425,-531.0,0.2692812562979725,183.0,-531.0,-0.10356991309033696,-0.6778580610225774,0.2071611389039173,-79.36759340318484,208.7501341606835,TRACK
45.848,180.4161834613553,-530.6899657577993,0.5597018831155762,1.4318446135823903,0.10988299147858227,0.7857037923604742,0.7933503142659699,180.4161834613553,-531.0,0.3100342422006861,183.0,-531.0,-0.1194198675484261,-0.6791217506640024,0.2066496857340301,-79.36759340318484,208.7501341606835,TRACK
45.896,180.42310453528307,-530.6524342111251,0.5439800436500375,1.416631632486561,0.12189010851773828,0.784374992867334,0.7937892213869475,180.42310453528307,-531.0,0.34756578887493106,183.0,-531.0,-0.1340686361629369,-0.6780486798129743,0.20621077861305248,-88.2368284470376,217.06762539760396,TRACK
45.952,180.43120957331644,-530.6118602414348,0.5294284093266972,1.401559320824228,0.13378171114570836,0.7829377721253068,0.7942852769991475,180.43120957331644,-531.0,0.38813975856521665,183.0,-531.0,-0.14996386509929507,-0.6793922744259923,0.20571472300085247,-88.2368284470376,217.06762539760396,TRACK
46.0,180.4392462618293,-530.5744903064362,0.5135804211294481,1.386627173887442,0.1455589659844143,0.7813986612457733,0.7948404118910529,180.4392462618293,-531.0,0.4255096935637539,183.0,-531.0,-0.16466130816045985,-0.678241729289908,0.20515958810894708,-84.7454785825235,213.16662644211686,TRACK
46.052,180.44855133099367,-530.5341064288119,0.4953735917548534,1.3717995514261574,0.15724360111149316,0.7797236907426909,0.7954210105321042,180.44855133099367,-531.0,0.46589357118807584,183.0,-531.0,-0.18060983301392664,-0.67598342476878,0.20457898946789577,-84.7454785825235,213.16662644211686,TRACK
46.1,180.45769807513653,-530.4969440035735,0.4807667348054401,1.3569601049906754,0.1689033500975446,0.7777964163462241,0.7959243726354926,180.45769807513653,-531.0,0.5030559964264967,183.0,-531.0,-0.1953507022402605,-0.6761174370457006,0.20407562736450735,-80.5833406219333,208.2776425383036,TRACK
46.152,180.468210783797,-530.4568295094425,0.4685070870629384,1.342078427255073,0.18054579354724862,0.7755690734297844,0.7963065811785935,180.468210783797,-531.0,0.5431704905574861,183.0,-531.0,-0.21133660566877369,-0.6798436927317121,0.20369341882140646,-80.5833406219333,208.2776425383036,TRACK
46.2,180.47846641846724,-530.4199418543147,0.4527728079216664,1.327203150694061,0.19213543527623983,0.7730923830360119,0.7966102297843594,180.47846641846724,-531.0,0.5800581456852569,183.0,-531.0,-0.22610809572983903,-0.6788809036515054,0.20338977021564064,-89.25852418331436,216.59219967677654,TRACK
46.252,180.4901649389451,-530.3801317948459,0.4382077046981945,1.3124110017557538,0.2036280746074896,0.7704623723217164,0.7969169717931477,180.4901649389451,-531.0,0.6198682051541482,183.0,-531.0,-0.24213021912969102,-0.6803379238278855,0.2030830282068523,-89.25852418331436,216.59219967677654,TRACK
46.3,180.50149400642502,-530.3435113048829,0.4199092102234756,1.2978177599027283,0.2149660322026291,0.7678249479890364,0.7973490739665459,180.50149400642502,-531.0,0.6564886951171047,183.0,-531.0,-0.2569445381972287,-0.6768537484207042,0.20265092603345414,-85.777189805946,212.91437367660032,TRACK
46.348,180.51434371785157,-530.3039951647254,0.4078240458011422,1.2833035024817012,0.22621636322582456,0.7650602364837571,0.797803865896688,180.51434371785157,-531.0,0.6960048352746071,183.0,-531.0,-0.2730165657903579,-0.6808406115915,0.20219613410331205,-85.777189805946,212.91437367660032,TRACK
46.4,180.52674098902165,-530.2676855065259,0.3919351619094069,1.2687512907981846,0.2374374050452319,0.7620470780854718,0.798180600198488,180.52674098902165,-531.0,0.732314493474064,183.0,-531.0,-0.2878684782107111,-0.679803640120118,0.20181939980151198,-86.17851021748109,212.68742548793924,TRACK
46.452,180.5407434551496,-530.2285317565062,0.37731005948258334,1.2542415621517904,0.2485816814482843,0.7588654566577226,0.7985421927863238,180.5407434551496,-531.0,0.771468243493814,183.0,-531.0,-0.3039775350941609,-0.6812875945767443,0.20145780721367623,-86.17851021748109,212.68742548793924,TRACK
46.5,180.55419656869066,-530.1925747625347,0.36141397291119803,1.2397142997368598,0.2596737125116187,0.7554489612027933,0.798832629498787,180.55419656869066,-531.0,0.8074252374652815,183.0,-531.0,-0.31886189527251474,-0.6802758681837128,0.20116737050121303,-86.3528959338852,212.53073763002556,TRACK
46.552,180.56933838253525,-530.1538316611648,0.34678251729440146,1.2251802279909245,0.2707039678557773,0.7518126993873158,0.7990638104512706,180.56933838253525,-531.0,0.8461683388352412,183.0,-531.0,-0.33500136014826254,-0.681783877442664,0.20093618954872938,-86.3528959338852,212.53073763002556,TRACK
46.6,180.58383272681132,-530.1182634009684,0.3285383158492563,1.210697006374994,0.2816455061192867,0.7480301518666377,0.7992955018131994,180.58383272681132,-531.0,0.8817365990315693,183.0,-531.0,-0.34991479119022945,-0.6784531070394857,0.20070449818680058,-86.57208550802218,212.5726623425662,TRACK
46.648,180.60009475079156,-530.0799606049054,0.3163407855642566,1.196195831463153,0.2925255096137157,0.7440268799067309,0.7994668046882929,180.60009475079156,-531.0,0.9200393950945909,183.0,-531.0,-0.36608402314541033,-0.6824248087096669,0.2005331953117071,-86.57208550802218,212.5726623425662,TRACK
46.7,180.61561604479314,-530.044816103338,0.30052983370747754,1.18173715959509,0.3033176833438176,0.7398794625350026,0.7996394413172381,180.61561604479314,-531.0,0.9551838966619925,183.0,-531.0,-0.38102339732490453,-0.6815532310323821,0.20036055868276192,-86.90949980129952,212.74839109986127,TRACK
46.752,180.63297931376002,-530.0069817008832,0.2821765406077108,1.1673092582338342,0.3140246506812949,0.7355762825550036,0.7998024435402457,180.63297931376002,-531.0,0.993018299116784,183.0,-531.0,-0.3972219738635969,-0.6793985144713077,0.20019755645975434,-86.90949980129952,212.74839109986127,TRACK
46.8,180.6495116367916,-529.972295203884,0.26752860990961436,1.1528525129140883,0.3246642117148178,0.7310469576136932,0.7998978088510063,180.6495116367916,-531.0,1.0277047961160406,183.0,-531.0,-0.4121840708636311,-0.6797126807732454,0.20010219114899375,-82.53179219970542,208.22008707563572,TRACK
46.852,180.66796387247817,-529.9349865847473,0.2553307989644069,1.138370578779371,0.33522947781268003,0.7262962281762757,0.7999281304327576,180.66796387247817,-531.0,1.065013415252679,183.0,-531.0,-0.42840190796056526,-0.6837327069249721,0.20007186956724243,-82.53179219970542,208.22008707563572,TRACK
46.9,180.68549660889698,-529.9008199686809,0.23711526355754264,1.123778559687159,0.3457420302987626,0.7212241237986363,0.7998135959485942,180.68549660889698,-531.0,1.0991800313190652,183.0,-531.0,-0.44337462901315444,-0.680489892570697,0.20018640405140575,-91.18083365171853,216.90635515681973,TRACK
46.952,180.7050218407764,-529.8640893043691,0.22483945748615894,1.1092273509882284,0.35615214965178577,0.7160213056446247,0.7997067361468335,180.7050218407764,-531.0,1.1359106956308551,183.0,-531.0,-0.4596033932241242,-0.6844428507102831,0.20029326385316648,-91.18083365171853,216.90635515681973,TRACK
47.0,180.7235269672158,-529.8304315328542,0.2065762556685231,1.094829507668397,0.3664321108943361,0.7108350992990703,0.7997243464406959,180.7235269672158,-531.0,1.1695684671458366,183.0,-531.0,-0.4745975850333208,-0.681173840701844,0.2002756535593041,-87.2056207492125,213.22889554313022,TRACK
47.052,180.74409784345707,-529.7942665791413,0.19063471968502177,1.0804054435941313,0.3766386929359913,0.7054607722269842,0.7997072002724652,180.74409784345707,-531.0,1.205733420858678,183.0,-531.0,-0.49084923347808207,-0.6814839531631038,0.20029279972753478,-87.2056207492125,213.22889554313022,TRACK
47.1,180.76356652079878,-529.7611651896674,0.17596062748937658,1.065957077763208,0.38677425602499593,0.6999138001949161,0.7996709653519866,180.76356652079878,-531.0,1.2388348103326052,183.0,-531.0,-0.5058579454390967,-0.6818185729284733,0.20032903464801344,-82.81744673486091,208.72802855549398,TRACK
47.152,180.78517473856303,-529.7256309438408,0.1638385717492612,1.0514275629902268,0.39684319367564613,0.6941167785751349,0.799551513453767,180.78517473856303,-531.0,1.2743690561592302,183.0,-531.0,-0.5221207957596782,-0.6859593675089394,0.20044848654623304,-82.81744673486091,208.72802855549398,TRACK
47.2,180.8055956756738,-529.6931552519358,0.1479305432738378,1.0367451859825805,0.4068507423218686,0.6879778262144973,0.799275306693933,180.8055956756738,-531.0,1.3068447480642362,183.0,-531.0,-0.5371300007113649,-0.6850605439852027,0.20072469330606701,-91.50479235232436,217.58019960678317,TRACK
47.252,180.8282236081376,-529.6583035039389,0.133292643837716,1.0221162016567236,0.4167563740924275,0.6817646600952656,0.7990550213229878,180.8282236081376,-531.0,1.341696496061104,183.0,-531.0,-0.5533960410778248,-0.6866886849155408,0.20094497867701222,-91.50479235232436,217.58019960678317,TRACK
47.3,180.84957321742488,-529.6264407154001,0.1173472849791921,1.0075361382525407,0.4265658775465442,0.6754798621571761,0.7988939179058325,180.84957321742488,-531.0,1.373559284599878,183.0,-531.0,-0.5684173827858156,-0.6857646677650077,0.20110608209416747,-87.32586769932504,213.84725855448085,TRACK
47.352,180.87320138688906,-529.5922772939373,0.09902528052512995,0.9929006815594239,0.4363035764142186,0.6690080164020219,0.7987067902566034,180.87320138688906,-531.0,1.4077227060627138,183.0,-531.0,-0.584693608085282,-0.683718888610412,0.2012932097433966,-87.32586769932504,213.84725855448085,TRACK
47.4,180.895469374636,-529.5610763461957,0.08432450997300767,0.9782158252485397,0.44596806865736316,0.6623621212770028,0.7985055403468091,180.895469374636,-531.0,1.438923653804295,183.0,-531.0,-0.5997205487577905,-0.6840450587307981,0.2014944596531909,-82.78872867171333,209.42664368788468,TRACK
47.452,180.9200851540147,-529.5276680984766,0.0720830350137085,0.9633718589572087,0.45556237506088737,0.6553985846315566,0.7981756588046044,180.9200851540147,-531.0,1.4723319015233756,183.0,-531.0,-0.6159955702419787,-0.6880786052556872,0.2018243411953956,-82.78872867171333,209.42664368788468,TRACK
47.5,180.94325626236073,-529.4971991543935,0.05624495252605066,0.9484181376394348,0.46507154214596447,0.6481784639502702,0.7977636620221288,180.94325626236073,-531.0,1.5028008456065436,183.0,-531.0,-0.631014665747509,-0.6872596182735596,0.20223633797787122,-91.23418816970621,218.25712590919102,TRACK
47.552,180.96883864025898,-529.4645789158899,0.0415824201551418,0.9334862149728691,0.4744855844023034,0.6408752991878502,0.797406871624964,180.96883864025898,-531.0,1.5354210841101121,183.0,-531.0,-0.6472871721514223,-0.6888695923065641,0.20259312837503596,-91.23418816970621,218.25712590919102,TRACK
47.6,180.99289237747809,-529.4348292733636,0.025610446142353194,0.9185762073720216,0.48380746375080247,0.6334934212265562,0.7971095136292823,180.99289237747809,-531.0,1.5651707266364383,183.0,-531.0,-0.6623106724654269,-0.68792111860778,0.20289048637071772,-87.20869704053396,214.77521060282712,TRACK
47.652,181.0194229147437,-529.4030024754278,0.007260072092334813,0.9036460568960187,0.4930457753411967,0.625989556057215,0.7968419296664244,181.0194229147437,-531.0,1.5969975245722026,183.0,-531.0,-0.6785884317250738,-0.6858485038174086,0.20315807033357558,-87.20869704053396,214.77521060282712,TRACK
47.7,181.0443449942896,-529.3740194719563,-0.007464228894230818,0.8885837251873316,0.5022032506605392,0.618227611749961,0.796500775206197,181.0443449942896,-531.0,1.6259805280436694,183.0,-531.0,-0.6936110088071563,-0.6861467799129255,0.203499224793803,-82.4953447026128,210.26948781288013,TRACK
47.748,181.07180615268805,-529.3430703847554,-0.019824812025925672,0.8733550397544664,0.5112668329190304,0.6101591114900371,0.7960451719452655,181.07180615268805,-531.0,1.6569296152446213,183.0,-531.0,-0.7098782150159498,-0.6900534029900242,0.20395482805473453,-82.4953447026128,210.26948781288013,TRACK
47.8,181.09757548485948,-529.314923085877,-0.035687097252947504,0.8580102996848887,0.5202248218140049,0.6018441434566336,0.7955188484532985,181.09757548485948,-531.0,1.6850769141229875,183.0,-531.0,-0.7248874529670036,-0.6892003557140561,0.20448115154670155,-90.71883607190388,219.04899000605081,TRACK
47.852,181.12594353600514,-529.2848834554542,-0.05409798033703961,0.8426230061296179,0.5290849399672164,0.5933885134005059,0.795009938010699,181.12594353600514,-531.0,1.7151165445458219,183.0,-531.0,-0.7411439166642222,-0.6870459363271826,0.20499006198930103,-90.71883607190388,219.04899000605081,TRACK
47.9,181.1525430389588,-529.2575581406891,-0.06626696703153791,0.8273127707515847,0.5378599200158788,0.5849496205392307,0.7946441669882675,181.1525430389588,-531.0,1.7424418593109294,183.0,-531.0,-0.7561535614363275,-0.6898865944047896,0.20535583301173255,-82.07261645756058,211.0934114800504,TRACK
47.952,181.1818024038562,-529.2284236303833,-0.08099466084146334,0.8119027290922427,0.5465469809735859,0.5763149188700838,0.794262228815882,181.1818024038562,-531.0,1.771576369616696,183.0,-531.0,-0.7724116617223126,-0.6914170008808492,0.20573777118411796,-82.07261645756058,211.0934114800504,TRACK
47.996,181.2092135530149,-529.2019929624881,-0.0969697093205879,0.7962665874945676,0.5551285002483078,0.5673283173344935,0.7937437063923867,181.2092135530149,-531.0,1.7980070375118657,183.0,-531.0,-0.7874101434165894,-0.6904404340960015,0.20625629360761333,-90.63268591318264,219.91929495642813,TRACK
48.052,181.2393415964024,-529.1738377770969,-0.11166768979320052,0.7806303694958865,0.5636184325772146,0.5582694617854919,0.7933035544500345,181.2393415964024,-531.0,1.8261622229031218,183.0,-531.0,-0.8036584962766282,-0.6919908064834277,0.20669644554996547,-90.63268591318264,219.91929495642813,TRACK
48.1,181.2675470615574,-529.148291890694,-0.12767764386547853,0.7650029132419139,0.5720168312637015,0.549147238514489,0.7929476305639958,181.2675470615574,-531.0,1.851708109305946,183.0,-531.0,-0.8186587200816281,-0.6909810762161496,0.20705236943600425,-86.279768983993,216.20093899102574,TRACK
48.152,181.29852500970142,-529.1211174327905,-0.14243184633087733,0.7492892089728339,0.5803163605215915,0.539850710154696,0.7925943903053789,181.29852500970142,-531.0,1.87888256720953,183.0,-531.0,-0.8349079108627282,-0.6924760645318508,0.20740560969462107,-86.279768983993,216.20093899102574,TRACK
48.2,181.3275049777812,-529.0965010628548,-0.1608275395295986,0.7335011239109657,0.5885179015873283,0.530397325714609,0.7922592022904885,181.3275049777812,-531.0,1.903498937145173,183.0,-531.0,-0.8499070511771825,-0.6890795116475839,0.20774079770951148,-86.12694985478984,216.3119848024343,TRACK
48.252,181.35930882387373,-529.0703575829731,-0.17312626562009625,0.7175927570526043,0.5966009847315777,0.5207239916877408,0.7918877512008268,181.35930882387373,-531.0,1.929642417026912,183.0,-531.0,-0.8661533192899885,-0.6930270536698923,0.20811224879917323,-86.12694985478984,216.3119848024343,TRACK
48.3,181.389038919477,-529.0467072121925,-0.1890661952728421,0.7016395037801184,0.6045725871827266,0.5109212148723685,0.7915481671884993,181.389038919477,-531.0,1.953292787807527,183.0,-531.0,-0.8811502789292548,-0.6920840836564127,0.2084518328115007,-86.09002008183153,216.66270194913454,TRACK
48.348,181.42164410382023,-529.0216155647255,-0.20382816038145113,0.6856372333014172,0.6124301532097138,0.500984878387094,0.791237348039768,181.42164410382023,-531.0,1.9783844352745064,183.0,-531.0,-0.8973980431881463,-0.6935698828066952,0.20876265196023203,-86.09002008183153,216.66270194913454,TRACK
48.4,181.45209998476662,-528.9989579656666,-0.2223340896511947,0.6695366336999409,0.6201537314870754,0.4908518307561032,0.7909021244338403,181.45209998476662,-531.0,2.001042034333409,183.0,-531.0,-0.9123946824887652,-0.6900605928375705,0.20909787556615966,-86.00064804773962,216.9028045642953,TRACK
48.452,181.4854775996865,-528.974955743782,-0.23464005031996216,0.6534069506944639,0.6277569489658297,0.480607106522722,0.7906086122823545,181.4854775996865,-531.0,2.0250442562180524,183.0,-531.0,-0.9286431697454516,-0.6940031194254894,0.20939138771764554,-86.00064804773962,216.9028045642953,TRACK
48.5,181.51663326275332,-528.9533162390723,-0.2530520199185422,0.6371932161022061,0.6352187266899527,0.47018267441463485,0.790300308779709,181.51663326275332,-531.0,2.046683760927749,183.0,-531.0,-0.9436415522959923,-0.6905895323774501,0.20969969122029097,-85.78129565979464,217.01852060456417,TRACK
48.552,181.55075204189572,-528.9304395570522,-0.26546247109264876,0.6209095803500732,0.6425378011915706,0.4595964058122858,0.7899896722082318,181.55075204189572,-531.0,2.069560442947818,183.0,-531.0,-0.9598901931752771,-0.6944277220826284,0.2100103277917682,-85.78129565979464,217.01852060456417,TRACK
48.6,181.58258027050826,-528.909842179899,-0.28141713451296724,0.6046217479081617,0.6497304044076128,0.4489268721866895,0.7897372569297996,181.58258027050826,-531.0,2.0901578201010125,183.0,-531.0,-0.9748926162980545,-0.6934754817850872,0.21026274307020043,-85.66995455925,217.24287306368547,TRACK
48.652,181.61741263661506,-528.8881062976328,-0.2961927917814986,0.5882689852049423,0.6567733808914749,0.43810167448211457,0.7894835976963999,181.61741263661506,-531.0,2.1118937023671833,183.0,-531.0,-0.9911471734729925,-0.6949543816914939,0.21051640230360014,-85.66995455925,217.24287306368547,TRACK
48.7,181.6498862513744,-528.8685723708305,-0.31215161078957054,0.5719166579703986,0.6636894718663027,0.42720097134677937,0.7892935987234431,181.6498862513744,-531.0,2.1314276291694796,183.0,-531.0,-1.0061567561612017,-0.6940051453716312,0.21070640127655693,-85.75186217609753,217.54611857544194,TRACK
48.752,181.68540591884565,-528.847989627277,-0.3269316953172543,0.5555613176023446,0.6704728416157346,0.4162183283702431,0.789158747157755,181.68540591884565,-531.0,2.152010372722998,183.0,-531.0,-1.0224240149392865,-0.6954923196220322,0.21084125284224497,-85.75186217609753,217.54611857544194,TRACK
48.8,181.71849711073864,-528.8295373579601,-0.34299716606945047,0.5391494245486032,0.67709728793666,0.4050897105428309,0.7890237074504509,181.71849711073864,-531.0,2.1704626420398654,183.0,-531.0,-1.0374444599981343,-0.6944472939286839,0.21097629254954908,-85.80410777128925,217.68531438450344,TRACK
48.852,181.754670022669,-528.8101356072199,-0.3614300339250567,0.5227526449562274,0.6835847597669589,0.393897018758422,0.7889505593967365,181.754670022669,-531.0,2.189864392780123,183.0,-531.0,-1.0537253922686374,-0.6922953583435807,0.21104944060326347,-85.80410777128925,217.68531438450344,TRACK
48.9,181.78834902265262,-528.792781505226,-0.37385594499617114,0.5063141956993528,0.6899061353958565,0.3825733892316332,0.7888807728706694,181.78834902265262,-531.0,2.207218494773997,183.0,-531.0,-1.0687601776924707,-0.6949042326962995,0.21111922712933062,-81.22338149731118,213.16004790012337,TRACK
48.952,181.8251343284735,-528.7745970747302,-0.38863715819235467,0.48979023610811684,0.6960323925708629,0.37106790826080627,0.7887664318725601,181.8251343284735,-531.0,2.2254029252698047,183.0,-531.0,-1.0850521233175467,-0.6964149651251921,0.21123356812743987,-81.22338149731118,213.16004790012337,TRACK
49.0,181.85935882821667,-528.7583812383854,-0.4045698894703191,0.47322805846424054,0.7019746991317015,0.35943461371721674,0.7886454968863309,181.85935882821667,-531.0,2.2416187616146317,183.0,-531.0,-1.1000961253590404,-0.6955262358887213,0.2113545031136691,-89.76546025217293,221.79127478184722,TRACK
49.052,181.896722551702,-528.741423446166,-0.42306444587088854,0.4567135041707301,0.7077701548176212,0.34777148500821725,0.7885959661546463,181.896722551702,-531.0,2.2585765538340183,183.0,-531.0,-1.1164042670317846,-0.6933398211608961,0.21140403384535367,-89.76546025217293,221.79127478184722,TRACK
49.1,181.93147921540748,-528.7263144952012,-0.435287715801457,0.4403742267281027,0.7134846068172336,0.33622089937337185,0.7887361899523703,181.93147921540748,-531.0,2.2736855047987774,183.0,-531.0,-1.1314755717388392,-0.6961878559373822,0.21126381004762973,-81.42974449636795,213.5424577504807,TRACK
49.152,181.96940422646458,-528.7105589264879,-0.45008333207506673,0.4240415523413639,0.719029491930901,0.32459068170146027,0.7888995632612738,181.96940422646458,-531.0,2.28944107351208,183.0,-531.0,-1.147816260426507,-0.6977329283514402,0.21110043673872625,-81.42974449636795,213.5424577504807,TRACK
49.2,182.00464463158352,-528.6966034484324,-0.46859291448800455,0.4075891216247318,0.7243304570806874,0.3127426372609972,0.7889629701169005,182.00464463158352,-531.0,2.30339655156763,183.0,-531.0,-1.1629062031813113,-0.6943132886933068,0.21103702988309947,-90.42727262273844,222.13263491920395,TRACK
49.252,182.04307728012589,-528.682094511898,-0.4845486792644284,0.39126121378651635,0.7294960853683906,0.30093901781665267,0.7891316943402146,182.04307728012589,-531.0,2.317905488102042,183.0,-531.0,-1.1792707323549234,-0.694722053090495,0.21086830565978543,-90.42727262273844,222.13263491920395,TRACK
49.3,182.07878334898052,-528.6692607712341,-0.4993598205122187,0.37507013951959844,0.7345292075545433,0.28918972058797626,0.7894072784339254,182.07878334898052,-531.0,2.3307392287658786,183.0,-531.0,-1.1943944517604326,-0.6950346312482139,0.21059272156607456,-81.96347797678366,213.57729668973036,TRACK
49.352,182.11769387071098,-528.655984412202,-0.5118066086708137,0.3588658624075059,0.739341727326996,0.2773334272524082,0.7896455025126357,182.11769387071098,-531.0,2.344015587798026,183.0,-531.0,-1.2107918510027622,-0.6989852423319485,0.21035449748736434,-81.96347797678366,213.57729668973036,TRACK
49.4,182.15381088777474,-528.6443136203676,-0.5277784374457322,0.34264075004064964,0.7439253721857819,0.2653662515063897,0.7898380889905896,182.15381088777474,-531.0,2.3556863796324023,183.0,-531.0,-1.2259391539270938,-0.6981607164813617,0.2101619110094104,-90.7390156491616,221.92728629331157,TRACK
49.452,182.19314907650127,-528.6322929536626,-0.5463203459841522,0.32649816740956766,0.7483277621954951,0.2533963970703941,0.7900659299835516,182.19314907650127,-531.0,2.3677070463373866,183.0,-531.0,-1.2423649728307833,-0.696044626846631,0.20993407001644837,-90.7390156491616,221.92728629331157,TRACK
49.5,182.22965928918617,-528.6217525567533,-0.5585752652729683,0.3105729509043846,0.7526333462544751,0.24156471889256953,0.7904495349532789,182.22965928918617,-531.0,2.3782474432466643,183.0,-531.0,-1.2575496287111572,-0.6989743634381889,0.20955046504672115,-82.54982570625518,213.55402277151896,TRACK
49.552,182.26940574551585,-528.6109549468954,-0.5771657293083559,0.29469367187643647,0.7567359003613391,0.2296932874778818,0.7908275597170874,182.26940574551585,-531.0,2.38904505310461,183.0,-531.0,-1.2740176692114773,-0.6968519399031214,0.2091724402829126,-82.54982570625518,213.55402277151896,TRACK
49.6,182.30625195068671,-528.6015806223694,-0.5895047239787328,0.27873174410465806,0.7605485812723843,0.21765508652931925,0.7910801989479461,182.30625195068671,-531.0,2.398419377630603,183.0,-531.0,-1.2892288438656259,-0.6997241198868931,0.20891980105205388,-87.0422384356371,217.4543218250667,TRACK
49.652,182.34633897844247,-528.5920484833777,-0.6043021035786529,0.26286724448931786,0.7641731107985142,0.20563443407310705,0.7913571025422375,182.34633897844247,-531.0,2.4079515166223473,183.0,-531.0,-1.3057247742064224,-0.7014226706277695,0.20864289745776254,-87.0422384356371,217.4543218250667,TRACK
49.7,182.38348918046842,-528.5838255634263,-0.6203906641603143,0.24708810924565436,0.7675994117915128,0.19362117345924157,0.7916426061010171,182.38348918046842,-531.0,2.4161744365736695,183.0,-531.0,-1.3209672173272624,-0.7005765531669481,0.2083573938989829,-91.92629187495346,222.1645418673162,TRACK
49.752,182.42389111891862,-528.575531859587,-0.6352131424630767,0.23145231107028205,0.7708757418485381,0.18167676935908378,0.7919948597656981,182.42389111891862,-531.0,2.424468140412955,183.0,-531.0,-1.3375002967218594,-0.7022871542587827,0.20800514023430194,-91.92629187495346,222.1645418673162,TRACK
49.8,182.46133048469133,-528.5684304296692,-0.6512607945187372,0.21602894087375596,0.774064607627609,0.16987115990098392,0.7924848438599882,182.46133048469133,-531.0,2.431569570330794,183.0,-531.0,-1.3527855924328631,-0.7015247979141259,0.2075151561400118,-88.23754695321892,218.0699392887296,TRACK
49.848,182.50202469145557,-528.5613534513624,-0.6661450214587119,0.2006610928450893,0.7770453097172778,0.15804976177005367,0.7929559512035904,182.50202469145557,-531.0,2.438646548637621,183.0,-531.0,-1.36936413657684,-0.7032191151181282,0.20704404879640959,-88.23754695321892,218.0699392887296,TRACK
49.9,182.53970519786736,-528.55538771878,-0.6822246734950039,0.1853650005405187,0.7798331439021807,0.14623247856352872,0.7934252769575671,182.53970519786736,-531.0,2.4446122812199746,183.0,-531.0,-1.3846858078942061,-0.7024611343992022,0.20657472304243285,-88.80187125215524,217.94142382388907,TRACK
49.952,182.58064126030982,-528.549536797195,-0.7008957722724034,0.17015408349222458,0.7824227330529441,0.13443231404278758,0.7938875110851268,182.58064126030982,-531.0,2.4504632028050537,183.0,-531.0,-1.4013037647818292,-0.7004079925094258,0.20611248891487322,-88.80187125215524,217.94142382388907,TRACK
50.004,182.618519521725,-528.544705854091,-0.7157983392656391,0.15497963942577508,0.7847704326368109,0.12260663092716545,0.7942902604767841,182.618519521725,-531.0,2.455294145908965,183.0,-531.0,-1.4166581601974662,-0.7008598209318271,0.20570973952321592,-84.5487311823208,213.19052970759412,TRACK
50.052,182.65964112576367,-528.5400889836311,-0.731878856631841,0.13985129431613524,0.7868808083972502,0.11076939973678018,0.7946390794203092,182.65964112576367,-531.0,2.459911016368892,183.0,-531.0,-1.4333069919610146,-0.7014281353291736,0.2053609205796908,-84.5487311823208,213.19052970759412,TRACK
50.1,182.69765911643563,-528.5364065925891,-0.7467451405790375,0.12468581025185689,0.7886870407745803,0.09885087784383971,0.7948576881028844,182.69765911643563,-531.0,2.46359340741094,183.0,-531.0,-1.4486834024142583,-0.7019382618352208,0.20514231189711563,-89.02985145665926,217.34921426402437,TRACK
50.152,182.73890667652594,-528.5330342438698,-0.759230363712638,0.10958626873528296,0.7902743848036573,0.08695157159356498,0.7950435076644484,182.73890667652594,-531.0,2.4669657561302074,183.0,-531.0,-1.4653530436474649,-0.7061226799348269,0.20495649233555158,-89.02985145665926,217.34921426402437,TRACK
50.2,182.77703999653326,-528.5304771111252,-0.7752861872304764,0.09465261882458949,0.7917338085090649,0.07516428113216023,0.7952937147333575,182.77703999653326,-531.0,2.469522888874849,183.0,-531.0,-1.4807557994263014,-0.705469612195825,0.20470628526664247,-93.77284025884921,222.0455401838547,TRACK
50.252,182.8184061843145,-528.5283069859119,-0.790173553677715,0.07985396123698604,0.7930532394431548,0.06346339474848069,0.7955884885192113,182.8184061843145,-531.0,2.471693014088146,183.0,-531.0,-1.497458684992887,-0.707285131315172,0.20441151148078873,-93.77284025884921,222.0455401838547,TRACK
50.3,182.85664451067439,-528.52684597847,-0.8088845032565475,0.06525282920682088,0.794305735345496,0.05190438585029272,0.795999790498242,182.85664451067439,-531.0,2.4731540215300356,183.0,-531.0,-1.5128964719497116,-0.7040119686931641,0.204000209501758,-90.30216287792447,218.2036793078254,TRACK
50.352,182.8981107066526,-528.5258561250475,-0.8212424314618638,0.05074897145511612,0.7953981239818013,0.04040032576131917,0.7964234815444543,182.8981107066526,-531.0,2.4741438749524605,183.0,-531.0,-1.5296379471318664,-0.7083955156700026,0.2035765184555457,-90.30216287792447,218.2036793078254,TRACK
50.4,182.93640482742558,-528.5254988662745,-0.8374980895797863,0.03623619329690373,0.7962367445577648,0.02886522363188943,0.7967597847025578,182.93640482742558,-531.0,2.474501133725539,183.0,-531.0,-1.5451017834739809,-0.7076036938941945,0.20324021529744218,-90.7211753527596,218.0161428006004,TRACK
50.452,182.9779056165885,-528.5257052102937,-0.8524634918768061,0.02179833367650136,0.7968861187129066,0.017373541384929893,0.7970754833374155,182.9779056165885,-531.0,2.4742947897062777,183.0,-531.0,-1.561866996189847,-0.7094035043130409,0.2029245166625845,-90.7211753527596,218.0161428006004,TRACK
50.5,183.01621214376598,-528.5264471530108,-0.8687344530879111,0.007378323659329556,0.7972944044992922,0.005882802921152639,0.7973161072097378,183.0,-531.0,2.4736059751815005,183.0,-531.0,-1.5773504263556053,-0.7086159732676942,0.20268389279026222,-90.89941431638323,217.9282666428984,TRACK
50.552,183.05769833948528,-528.527846576181,-0.8837133543143381,-0.00701624262277583,0.7974753725736843,-0.0055953725156664465,0.7974950018997772,183.0,-531.0,2.4728266516841426,183.0,-531.0,-1.594131394033382,-0.710418039719044,0.20250499810022282,-90.89941431638323,217.9282666428984,TRACK
50.596,183.0959790999408,-528.5296809338295,-0.8998961227207833,-0.021329354035876835,0.7974895371609552,-0.017012516655325473,0.797670977035107,183.0,-531.0,2.4721828970185626,183.0,-531.0,-1.6096297106661603,-0.709733587945377,0.20232902296489297,-91.12048561334872,218.03626157596352,TRACK
50.652,183.13741690870498,-528.5322605287945,-0.9148871066244819,-0.03563226060367587,0.7972765273751088,-0.028420794244415036,0.7977829295295782,183.0,-531.0,2.4715625633480647,183.0,-531.0,-1.6264242150942974,-0.7115371084698154,0.2022170704704218,-91.12048561334872,218.03626157596352,TRACK
50.7,183.17563466582357,-528.5351817384486,-0.9336852205157262,-0.049869470915332455,0.7969008884501794,-0.03977400332015103,0.797892848290293,183.0,-531.0,2.471067906455861,183.0,-531.0,-1.6419327301232185,-0.7082475096074923,0.20210715170970694,-91.45356521987104,218.27755898927222,TRACK
50.752,183.21699231189217,-528.5389296846492,-0.9460864540029914,-0.06405413027140078,0.7963543491082259,-0.051079663123898236,0.7979908403787834,183.0,-531.0,2.4706178904316554,183.0,-531.0,-1.6587388063046833,-0.7126523523016919,0.20200915962121657,-91.45356521987104,218.27755898927222,TRACK
50.8,183.25511102817322,-528.5429313097355,-0.9623990485164633,-0.07824855488018756,0.7955792998030167,-0.06238029728472839,0.7980211298984441,183.0,-531.0,2.470276945075901,183.0,-531.0,-1.6742530203359545,-0.7118539718194912,0.2019788701015559,-91.65939869985928,218.4095129504383,TRACK
50.848,183.29634201343364,-528.5478460467106,-0.9774164326549295,-0.09239061958306834,0.7946427918171426,-0.07362715364389195,0.7980464424710155,183.0,-531.0,2.4699954654935974,183.0,-531.0,-1.6910627838632186,-0.7136463512082891,0.20195355752898447,-91.65939869985928,218.4095129504383,TRACK
50.9,183.3343259377086,-528.5529213664569,-0.9937439353997926,-0.10654759642377705,0.7934839291860052,-0.08486518968537886,0.7980093021367587,183.0,-531.0,2.469811262296785,183.0,-531.0,-1.7065781446648856,-0.712834209265093,0.2019906978632413,-91.6586413758011,218.45534268813373,TRACK
50.948,183.37538349353557,-528.5590016626788,-1.0087746205550783,-0.1207153475983074,0.792113487421645,-0.09608744402027324,0.7979201550616638,183.0,-531.0,2.4696934323967503,183.0,-531.0,-1.7233837393410394,-0.7146091187859611,0.2020798449383362,-91.6586413758011,218.45534268813373,TRACK
51.0,183.4131966879664,-528.5651455430889,-1.0250128610611675,-0.13484164233304288,0.7905949762155954,-0.10725596660302333,0.7978372382818983,183.0,-531.0,2.4696655095956572,183.0,-531.0,-1.7388956491252607,-0.7138827880640932,0.20216276171810166,-91.69326212119257,218.65165201059665,TRACK
51.052,183.4540498612309,-528.5723812568757,-1.0438675613234416,-0.14900065064905382,0.7888600161281789,-0.11841829801099099,0.7976985761235698,183.0,-531.0,2.4697153760002815,183.0,-531.0,-1.755695106900985,-0.7118275455775434,0.20230142387643024,-91.69326212119257,218.65165201059665,TRACK
51.1,183.49165670674154,-528.5795903875616,-1.056305065395735,-0.1631400272322337,0.7869755923316026,-0.12953847162480606,0.79756554499086,183.0,-531.0,2.469839875228427,183.0,-531.0,-1.771199246892147,-0.7148941814964118,0.20243445500914004,-87.10934023182855,214.2379784087412,TRACK
51.152,183.5322654275649,-528.5879793795289,-1.0713462654897534,-0.17733903844750584,0.7848620636343898,-0.1406643755668537,0.7973674971341921,183.0,-531.0,2.4700505984612615,183.0,-531.0,-1.7879875232553406,-0.7166412577655872,0.20263250286580792,-87.10934023182855,214.2379784087412,TRACK
51.2,183.56960506593592,-528.5962639442757,-1.0901651034690865,-0.19168007278311816,0.782428537817615,-0.15184012873106825,0.7970256215985019,183.0,-531.0,2.4703030090919444,183.0,-531.0,-1.8034711103193992,-0.7133060068503128,0.20297437840149812,-95.98758584206985,223.35394082248774,TRACK
51.252,183.60991774076032,-528.6058088853648,-1.102680817005608,-0.20595915339177534,0.7799138608995708,-0.16294087946704655,0.7967530110547243,183.0,-531.0,2.47065795768906,183.0,-531.0,-1.8202395982541655,-0.7175587812485575,0.2032469889452757,-95.98758584206985,223.35394082248774,TRACK
51.296,183.64699815765064,-528.6151430484091,-1.1190409346581909,-0.22018238844547794,0.7773220494099947,-0.17397317718484326,0.7965527194597625,183.0,-531.0,2.471062381963432,183.0,-531.0,-1.8357141480520536,-0.7166732133938627,0.20344728054023753,-91.65690462385831,219.5050964762526,TRACK
51.348,183.68700785122869,-528.6258270787971,-1.1341216749508019,-0.234447269892031,0.7745553465840924,-0.1849943081663446,0.7963409313704451,183.0,-531.0,2.4715737592519793,183.0,-531.0,-1.85246997139433,-0.7183482964435282,0.20365906862955485,-91.65690462385831,219.5050964762526,TRACK
51.4,183.72378297960572,-528.6362176188031,-1.1504127012897598,-0.24876533418960795,0.7716129530288294,-0.1960106545187453,0.7961197937287688,183.0,-531.0,2.4721102214957313,183.0,-531.0,-1.8679286646562983,-0.7175159633665384,0.20388020627123116,-91.57825280273755,219.55066963696254,TRACK
51.452,183.76343385639376,-528.6480492960278,-1.165502298631746,-0.26318692133039767,0.768429320926735,-0.20704321444943513,0.7958332199082153,183.0,-531.0,2.472752184713127,183.0,-531.0,-1.8846628035797826,-0.7191605049480365,0.20416678009178468,-91.57825280273755,219.55066963696254,TRACK
51.5,183.79985941761387,-528.6594974576806,-1.1818012884611955,-0.27764624948234057,0.7650821091656947,-0.21805426811021159,0.7955490541798841,183.0,-531.0,2.4734039780329677,183.0,-531.0,-1.900099855858097,-0.7182985673969016,0.20445094582011591,-91.56497782336437,219.86529966428998,TRACK
51.552,183.83912104731579,-528.6724698925557,-1.200724460029868,-0.2921558817339374,0.7615643401051864,-0.22904973977718415,0.7952634955861131,183.0,-531.0,2.4741706758241433,183.0,-531.0,-1.916812130320204,-0.7160876702903358,0.2047365044138869,-91.56497782336437,219.86529966428998,TRACK
51.6,183.8751611407166,-528.6849734048973,-1.2133084816336765,-0.30677330791649937,0.7578091687827339,-0.24005377501263359,0.7949217264542429,183.0,-531.0,2.474925283367825,183.0,-531.0,-1.9322251837502387,-0.7189167021165621,0.20507827354575714,-86.69565274400739,215.34097278727094,TRACK
51.652,183.91397433485608,-528.6990920498268,-1.2321171761314638,-0.3215015101566906,0.7538186125705607,-0.25106429463030067,0.7945286531623738,183.0,-531.0,2.4757880523069096,183.0,-531.0,-1.948906739708277,-0.7167895635768133,0.20547134683762625,-86.69565274400739,215.34097278727094,TRACK
51.7,183.94956462668486,-528.712658012561,-1.2447714722609025,-0.3364217918417574,0.749494642755727,-0.26211026977921165,0.7940050459809849,183.0,-531.0,2.476611868612597,183.0,-531.0,-1.9642849713931845,-0.719513499132282,0.20599495401901513,-90.6606956491757,219.7941467202001,TRACK
51.752,183.98786436257197,-528.7279278594419,-1.2598205107752798,-0.3514426052995417,0.7449582016467591,-0.27314949090156687,0.7934565940116438,183.0,-531.0,2.477536641654334,183.0,-531.0,-1.9809262251579398,-0.72110571438266,0.2065434059883562,-90.6606956491757,219.7941467202001,TRACK
51.8,184.0229879687285,-528.7425465966567,-1.2760768704750807,-0.36646630925198914,0.7403324592951316,-0.2841421279434539,0.7929873259757761,183.0,-531.0,2.4784269713731053,183.0,-531.0,-1.996275142955634,-0.7201982724805533,0.20701267402422385,-94.87583344754434,224.77023536217672,TRACK
51.852,184.0607813564156,-528.7589515093204,-1.2949706640136434,-0.38152811669570663,0.7355946695126248,-0.29511006455345534,0.7925840447650534,183.0,-531.0,2.47942643038595,183.0,-531.0,-2.012890643833325,-0.7179199798196816,0.2074159552349466,-94.87583344754434,224.77023536217672,TRACK
51.9,184.095437207505,-528.7746154292272,-1.307456658002557,-0.39656527994218915,0.7308354493768203,-0.30603762461379963,0.7923253635628963,183.0,-531.0,2.4803868979294355,183.0,-531.0,-2.0282217168185106,-0.7207650588159535,0.2076746364371037,-86.04322504233394,216.31675739912438,TRACK
51.952,184.1327005439175,-528.7921549234834,-1.3225693994671173,-0.4117368249426779,0.7258539602560459,-0.3169787442618414,0.7920476601399686,183.0,-531.0,2.481449254788345,183.0,-531.0,-2.0448170241534678,-0.7222476246863505,0.20795233986003137,-86.04322504233394,216.31675739912438,TRACK
52.0,184.16680712705408,-528.8088762729396,-1.3414729686695157,-0.4271601521650741,0.7204989095372927,-0.32796269022199687,0.7916300934287916,183.0,-531.0,2.4824306755740593,183.0,-531.0,-2.0601166371556645,-0.7186436684861488,0.20836990657120835,-94.81351321680177,225.2118981890397,TRACK
52.052,184.2034632029879,-528.8275569511443,-1.3540418164278232,-0.4426074300598075,0.7150478792153377,-0.3389110827140318,0.7912990531756938,183.0,-531.0,2.4835121262976365,183.0,-531.0,-2.0766806251692524,-0.7226388087414293,0.20870094682430618,-94.81351321680177,225.2118981890397,TRACK
52.1,184.23702634210258,-528.8453208939272,-1.370467237070407,-0.45806750914616046,0.7095123442011411,-0.349820953223119,0.7910641351292133,183.0,-531.0,2.484527363745912,183.0,-531.0,-2.091962719609897,-0.7214954825394901,0.20893586487078675,-90.33854607946577,221.256510295139,TRACK
52.152,184.27306917543234,-528.8651315065498,-1.3893339670928175,-0.4736397677374943,0.7037790172964299,-0.36072428147767,0.7908393720815308,183.0,-531.0,2.4856324365767155,183.0,-531.0,-2.108507069915877,-0.7191731028230595,0.20916062791846923,-90.33854607946577,221.256510295139,TRACK
52.2,184.30603895382907,-528.8839400504702,-1.4019469917940648,-0.489314381157189,0.6978609953855175,-0.3716164157132949,0.7906381785039612,183.0,-531.0,2.486653867936399,183.0,-531.0,-2.1237692916368465,-0.7218222998427817,0.20936182149603877,-85.55805214149528,216.58259270064684,TRACK
52.252,184.3413997963841,-528.904882489537,-1.4170710405008986,-0.5051946260998407,0.6916153180441014,-0.38250939470210554,0.7903449785939142,183.0,-531.0,2.4877441179485933,183.0,-531.0,-2.1402871273571855,-0.7232160868562869,0.20965502140608583,-85.55805214149528,216.58259270064684,TRACK
52.3,184.3737043170306,-528.9247337320428,-1.43337034665938,-0.5212253586007818,0.6851037531092528,-0.3933797498274896,0.790009354437479,183.0,-531.0,2.488733339180695,183.0,-531.0,-2.1555203390902147,-0.7221499924308348,0.209990645562521,-94.19665244895288,225.5108940876611,TRACK
52.352,184.40834970988087,-528.9467969638039,-1.4484581807863783,-0.5372652158643454,0.6785075837055908,-0.4041993588566819,0.7897782364981654,183.0,-531.0,2.489797504450211,183.0,-531.0,-2.172015515832963,-0.7235573350465847,0.21022176350183464,-94.19665244895288,225.5108940876611,TRACK
52.4,184.44000347446786,-528.967675266074,-1.4648915759974979,-0.553302999048031,0.6718386295221045,-0.4149672039766681,0.7896612719985406,183.0,-531.0,2.4907737413516284,183.0,-531.0,-2.1872374562251515,-0.7223458802276537,0.21033872800145936,-90.05439285462495,221.71722945251275,TRACK
52.452,184.47393099249152,-528.9908468699953,-1.4800320355969672,-0.5693742292285042,0.6650534035793875,-0.4256914012854995,0.7896259866170438,183.0,-531.0,2.491820392892483,183.0,-531.0,-2.2037238103654366,-0.7236917747684695,0.21037401338295625,-90.05439285462495,221.71722945251275,TRACK
52.5,184.50488867987357,-529.0127464717439,-1.4964879890276803,-0.5855845858913876,0.6580178494874188,-0.43638400691911483,0.7895685478404199,183.0,-531.0,2.4927628295483863,183.0,-531.0,-2.218934406354226,-0.7224464173265455,0.21043145215958015,-89.9137468516857,221.4503160984783,TRACK
52.552,184.53802698130102,-529.0370194296969,-1.5116301550853075,-0.601900380612781,0.6507578617746081,-0.44702528302743905,0.7895045271100236,183.0,-531.0,2.4937561457763686,183.0,-531.0,-2.235405013180012,-0.7237748580947043,0.2104954728899764,-89.9137468516857,221.4503160984783,TRACK
52.6,184.5682485223904,-529.0599269446407,-1.5305047353725527,-0.6182488593677414,0.6433580139302842,-0.4576003970994681,0.7894983581451647,183.0,-531.0,2.494651656666917,183.0,-531.0,-2.250605063190799,-0.7201003278182463,0.21050164185483533,-89.84523132624298,221.43304606955502,TRACK
52.652,184.60057194886286,-529.0852835599959,-1.5469603162123349,-0.6346868292826059,0.6357442333885451,-0.4681097845441259,0.7894919256539213,183.0,-531.0,2.4955900322586317,183.0,-531.0,-2.2670660394117848,-0.7201057231994499,0.21050807434607866,-89.84523132624298,221.43304606955502,TRACK
52.7,184.63002562249628,-529.1091843729553,-1.5621011342287376,-0.6511490941359591,0.6280001219461778,-0.47854812111573736,0.7895520612270078,183.0,-531.0,2.496430905406944,183.0,-531.0,-2.282259139084359,-0.7201580048556213,0.21044793877299217,-85.22427381886116,216.76385516540233,TRACK
52.752,184.66149880883984,-529.1356084148111,-1.5746011701312936,-0.6676990377905253,0.6200388335005247,-0.4889104066013168,0.7896084730622869,183.0,-531.0,2.497305402768995,183.0,-531.0,-2.2987141794547,-0.7241130093234063,0.21039152693771312,-85.22427381886116,216.76385516540233,TRACK
52.8,184.69012607118356,-529.1604853080836,-1.5910096293462213,-0.6844064331763838,0.611765696364978,-0.4991857777358151,0.7895845160225959,183.0,-531.0,2.498067340619679,183.0,-531.0,-2.3138957053050664,-0.7228860759588451,0.21041548397740406,-94.24917842468551,225.65916086548236,TRACK
52.852,184.72070352698464,-529.1879559694138,-1.6061022996239667,-0.7010500751386542,0.6034575012983501,-0.5093694375584649,0.7896949916213696,183.0,-531.0,2.4988645814770503,183.0,-531.0,-2.330344876950543,-0.7242425773265764,0.21030500837863042,-94.24917842468551,225.65916086548236,TRACK
52.9,184.74852623102842,-529.2137899253722,-1.6225416029631552,-0.7176216252954918,0.5951212594965225,-0.5194627299432346,0.7899435684305589,183.0,-531.0,2.4995780466503175,183.0,-531.0,-2.345533888450043,-0.7229922854868878,0.2100564315694411,-90.07341471851751,221.45099684719972,TRACK
52.952,184.77821229556247,-529.2422871280673,-1.6414214814662913,-0.7342108450026983,0.5866388684211366,-0.5294588695264177,0.7902353171445983,183.0,-531.0,2.5003186813378973,183.0,-531.0,-2.3619918962450623,-0.720570414778771,0.20976468285540173,-90.07341471851751,221.45099684719972,TRACK
53.0,184.80518954407037,-529.2690583949045,-1.6565680538037102,-0.7508051598041092,0.5780243681772016,-0.5393554192131129,0.790579811556813,183.0,-531.0,2.500973436538575,183.0,-531.0,-2.3771883468850454,-0.7206202930813352,0.209420188443187,-85.63777832064359,216.4879823436347,TRACK
53.052,184.8339267626729,-529.2985556058615,-1.673010742700152,-0.7674977138811199,0.569139426062881,-0.5491199423910537,0.7908554845423655,183.0,-531.0,2.501639541819195,183.0,-531.0,-2.3936503616766798,-0.7206396189765278,0.20914451545763446,-85.63777832064359,216.4879823436347,TRACK
53.096,184.8599987114523,-529.3262333480222,-1.6854882676977818,-0.7842328421669408,0.5600485867907858,-0.5587448324766068,0.7911069506619619,183.0,-531.0,2.502217019340463,183.0,-531.0,-2.408846524328376,-0.723358256630594,0.2088930493380381,-89.90337552169792,220.37178229398427,TRACK
53.152,184.8877556753941,-529.3566973607324,-1.7005748831490062,-0.8009212408899856,0.550857300252939,-0.5682303805048785,0.7914098372971337,183.0,-531.0,2.5028114300135673,183.0,-531.0,-2.425313604855512,-0.7247387217065058,0.20859016270286634,-89.90337552169792,220.37178229398427,TRACK
53.2,184.9129201911921,-529.3852531688761,-1.7169738068100904,-0.8175737287653508,0.5415485061914612,-0.577569181709881,0.7917455047041472,183.0,-531.0,2.5033319768849855,183.0,-531.0,-2.4405182945636485,-0.7235444877535582,0.20825449529585283,-95.05266671845449,225.2493184290637,TRACK
53.252,184.9397014754584,-529.4166551424379,-1.7320763902694767,-0.8340746605553279,0.5322651731246848,-0.586779405546227,0.7922223711147232,183.0,-531.0,2.5038815371067176,183.0,-531.0,-2.457001761657915,-0.7249253713884383,0.20777762888527684,-95.05266671845449,225.2493184290637,TRACK
53.3,184.96397252526833,-529.4460652122951,-1.7485280897783435,-0.8504706428521233,0.522948767395106,-0.5958550396475136,0.7927916760369024,183.0,-531.0,2.5043764502263275,183.0,-531.0,-2.472228206305688,-0.7237001165273445,0.20720832396309763,-91.12085798210158,220.73945397788896,TRACK
53.352,184.98976115242428,-529.4783735243441,-1.7636857566072834,-0.8668369505652838,0.5134939969718487,-0.6047655684079818,0.7933583538716626,183.0,-531.0,2.504894523750223,183.0,-531.0,-2.488731936577572,-0.7250461799702885,0.20664164612833735,-91.12085798210158,220.73945397788896,TRACK
53.4,185.01309625943796,-529.5086010416618,-1.7825799819111456,-0.8831532279473883,0.5039229200064389,-0.6135065999068314,0.7939324010500244,183.0,-531.0,2.505359735186824,183.0,-531.0,-2.5039744021753356,-0.72139442026419,0.20606759894997562,-91.46266338218683,220.29210316005825,TRACK
53.452,185.0378528263947,-529.5417725808394,-1.7990557823761633,-0.8994550138624081,0.49418063713608595,-0.6220492651732985,0.7944556566749768,183.0,-531.0,2.5058474311171985,183.0,-531.0,-2.5204929306956454,-0.7214371483194821,0.20554434332502325,-91.46266338218683,220.29210316005825,TRACK
53.5,185.06022662412232,-529.5727772130905,-1.8142147709885974,-0.9156681334792715,0.4843596892357108,-0.6304074658602182,0.7949955229866497,183.0,-531.0,2.506291807873977,183.0,-531.0,-2.5357487917671215,-0.7215340207785241,0.20500447701335034,-87.14339307278162,215.38849206706334,TRACK
53.552,185.08393146334726,-529.6067689101419,-1.8305640057883725,-0.9318516972164371,0.47438560047872713,-0.6385551214244677,0.7954837151312271,183.0,-531.0,2.506763493765576,183.0,-531.0,-2.552281132107414,-0.7217171263190416,0.20451628486877294,-87.14339307278162,215.38849206706334,TRACK
53.6,185.10530111429713,-529.6385040592712,-1.8456754758776575,-0.9480808720124638,0.4641710118207001,-0.6464629579937359,0.7958448870682422,183.0,-531.0,2.5071824780980183,183.0,-531.0,-2.5675415585702117,-0.7218660826925543,0.2041551129317578,-91.67653958539908,219.39089913479785,TRACK
53.652,185.12791381974827,-529.6732657610264,-1.8582593654623063,-0.9641958971406079,0.45391205975842375,-0.6541739152790145,0.7962284028001074,183.0,-531.0,2.5076365297108953,183.0,-531.0,-2.584079494422729,-0.7258201289604227,0.20377159719989257,-91.67653958539908,219.39089913479785,TRACK
53.7,185.14828570232314,-529.7056959758821,-1.8770851273819622,-0.9802184700962615,0.4435878159513515,-0.6616833615875551,0.796614725863323,183.0,-531.0,2.5080578872214536,183.0,-531.0,-2.5993499610922504,-0.7222648337102882,0.20338527413667695,-96.5989752208057,224.0470785479278,TRACK
53.752,185.169818594189,-529.7411927074851,-1.8897939329585454,-0.9960983116697749,0.43326500638859067,-0.6690144938979998,0.7970564338906639,183.0,-531.0,2.5085271637710136,183.0,-531.0,-2.615901095979615,-0.7261071630210696,0.20294356610933606,-96.5989752208057,224.0470785479278,TRACK
53.8,185.1892111507049,-529.7742910312975,-1.9061555761279865,-1.0117712601428244,0.42302631208101027,-0.6762013654991161,0.7976211803956371,183.0,-531.0,2.5089854400391474,183.0,-531.0,-2.631191017923919,-0.7250354417959326,0.20237881960436288,-92.7475075012212,219.6976330449745,TRACK
53.852,185.20967152096142,-529.810489667815,-1.9213288857763209,-1.027394619453787,0.41268113342545154,-0.6831755564421964,0.7981444473310705,183.0,-531.0,2.5094985676271837,183.0,-531.0,-2.647761030302146,-0.7264321445258253,0.20185555266892952,-92.7475075012212,219.6976330449745,TRACK
53.896,185.22804995020792,-529.844210147239,-1.9377140576176883,-1.042953769754816,0.4022521166489077,-0.6899426074874557,0.798641075186542,183.0,-531.0,2.5099913873092956,183.0,-531.0,-2.6630617180727887,-0.7253476604551004,0.20135892481345796,-93.20444795708235,219.42398385792225,TRACK
53.952,185.24740673340807,-529.8810603723501,-1.9567382422218327,-1.0584367813498095,0.39174991659204483,-0.6964930561919112,0.799106109645911,183.0,-531.0,2.510550321282796,183.0,-531.0,-2.679642210246339,-0.7229039680245062,0.200893890354089,-93.20444795708235,219.42398385792225,TRACK
54.0,185.26475308663586,-529.91535683826,-1.9719159761255531,-1.0738912553441697,0.3811212714041523,-0.702798883784034,0.7994871447151616,183.0,-531.0,2.511086882554257,183.0,-531.0,-2.694948076993284,-0.7230321008677307,0.20051285528483842,-88.70422964502559,214.4585114602853,TRACK
54.048,185.28297536603534,-529.9528026621963,-1.9845529708769345,-1.089310908638538,0.3703787839092071,-0.7088584740309369,0.7997879592589099,183.0,-531.0,2.5116924147330204,183.0,-531.0,-2.7115286567213137,-0.7269756858443792,0.2002120407410901,-88.70422964502559,214.4585114602853,TRACK
54.1,185.29925253397607,-529.9876193984965,-2.0010054428327044,-1.1047795404159162,0.35943389244212565,-0.7146300436421877,0.7999305109271259,183.0,-531.0,2.512265252177018,183.0,-531.0,-2.7268272857129845,-0.7258218428802801,0.20006948907287414,-97.7079443703883,223.2287521247162,TRACK
54.152,185.31631524207265,-530.0256069550853,-2.019871782770094,-1.120139808803489,0.3484771807374025,-0.7201950054078256,0.8000732412154941,183.0,-531.0,2.5129182451158583,183.0,-531.0,-2.743399404689853,-0.7235276219197591,0.19992675878450594,-97.7079443703883,223.2287521247162,TRACK
54.196,185.33155657845705,-530.0609209890505,-2.0325131553282074,-1.1352788336297224,0.33764491194893576,-0.7256249178444015,0.8003346849672949,183.0,-531.0,2.5135682738593514,183.0,-531.0,-2.7587013786092687,-0.7261882232810613,0.19966531503270513,-88.98277511487964,214.54754664832245,TRACK
54.252,185.34748390002758,-530.0994222373569,-2.047687441331727,-1.1504342196318482,0.32667231872229796,-0.7307992140456157,0.8004887850988871,183.0,-531.0,2.514303276746072,183.0,-531.0,-2.77527285818374,-0.7275854168520128,0.1995112149011129,-88.98277511487964,214.54754664832245,TRACK
54.3,185.3616387675836,-530.135174474085,-2.064040512137048,-1.1656243146590428,0.3155495830987878,-0.7357128819392644,0.8005279408272998,183.0,-531.0,2.5150071289815226,183.0,-531.0,-2.790561743799691,-0.7265212316626428,0.19947205917270017,-97.91281264858463,223.1828567155046,TRACK
54.352,185.37639776732186,-530.1741347479696,-2.0791807421827433,-1.1807007984555182,0.3044466503294408,-0.7404459859448398,0.8005922938666364,183.0,-531.0,2.5158139364912566,183.0,-531.0,-2.8071215730422376,-0.7279408308594943,0.19940770613336356,-97.91281264858463,223.1828567155046,TRACK
54.4,185.38949281312395,-530.2103014963442,-2.098205642052538,-1.1956557508953238,0.2933750316876992,-0.7450057644291168,0.8006887649082952,183.0,-531.0,2.5166047823699382,183.0,-531.0,-2.822405155737063,-0.7241995136845252,0.19931123509170479,-93.89576347629074,219.2669763716419,TRACK
54.452,185.4031013875749,-530.2496915733423,-2.1146120070687187,-1.2105375100326976,0.28228994478613045,-0.7493792651351994,0.800785174651684,183.0,-531.0,2.517510479437584,183.0,-531.0,-2.8389583022632556,-0.724346295194537,0.19921482534831603,-93.89576347629074,219.2669763716419,TRACK
54.5,185.41511290854848,-530.2862271536912,-2.1298079417671567,-1.2254618458762538,0.2710724712099508,-0.753501795715863,0.8007778972941871,183.0,-531.0,2.5183808364036606,183.0,-531.0,-2.8542286565279333,-0.7244207147607766,0.19922210270581286,-89.12321058984159,214.3429703540987,TRACK
54.552,185.42751676535605,-530.3259791918977,-2.146305618256116,-1.240468401609137,0.2596846040297025,-0.7573379628354194,0.8006228097685991,183.0,-531.0,2.519353428131832,183.0,-531.0,-2.8707564849894007,-0.7244508667332847,0.19937719023140088,-89.12321058984159,214.3429703540987,TRACK
54.6,185.43840367917753,-530.3628215515475,-2.1589307948610648,-1.255515938086635,0.24817873923426192,-0.7609118816233982,0.8003621544048469,183.0,-531.0,2.520279523743106,183.0,-531.0,-2.885998249288351,-0.7270674544272864,0.19963784559515307,-93.02279273984465,218.51195439247732,TRACK
54.652,185.4495861525499,-530.4028843320475,-2.1740666968787714,-1.2705887627705934,0.23658282820092996,-0.7642460533434423,0.8000271649454026,183.0,-531.0,2.5213130388110407,183.0,-531.0,-2.9024937470802654,-0.728427050201494,0.1999728350545974,-93.02279273984465,218.51195439247732,TRACK
54.7,185.45935391772093,-530.4400033038364,-2.190410176758137,-1.285595866595612,0.2250021260360593,-0.7674191039673901,0.7997237259546941,183.0,-531.0,2.52230410385493,183.0,-531.0,-2.9177091038066982,-0.7272989270485613,0.2002762740453059,-97.57148773932519,223.60807158254497,TRACK
54.752,185.46933982995884,-530.4803620614565,-2.2055598141597117,-1.3005178701471012,0.21346425275551667,-0.7704679015601366,0.7994921979225009,183.0,-531.0,2.523422830798456,183.0,-531.0,-2.9341829339461865,-0.7286231197864748,0.20050780207749908,-97.57148773932519,223.60807158254497,TRACK
54.8,185.478002436411,-530.517741919725,-2.2220620165612344,-1.3154092794840824,0.20191660300477723,-0.7733656025555324,0.7992901036451474,183.0,-531.0,2.5244937969520462,183.0,-531.0,-2.9493796634344656,-0.7273176468732312,0.2007098963548526,-93.3640183533551,219.66429090322924,TRACK
54.848,185.4867802844006,-530.5583615717192,-2.237263306007626,-1.3303034358055137,0.19032746111381896,-0.776089145467678,0.7990862933168,183.0,-531.0,2.5256921198392086,183.0,-531.0,-2.9658307249374345,-0.7285674189298086,0.20091370668319997,-93.3640183533551,219.66429090322924,TRACK
54.9,185.49430715867172,-530.5959523659205,-2.2537860756160946,-1.3453036998355972,0.1785963079509089,-0.7785574856056966,0.798779318464343,183.0,-531.0,2.526820668825982,183.0,-531.0,-2.980999693041287,-0.7272136174251926,0.20122068153565698,-93.00289802987103,219.4611674867916,TRACK
54.952,185.50183428921792,-530.636768051838,-2.272731321328896,-1.3603885092840442,0.16675097884449203,-0.78078332854953,0.7983911917640872,183.0,-531.0,2.528064923785016,183.0,-531.0,-2.9974138182237087,-0.7246824968948125,0.20160880823591276,-93.00289802987103,219.4611674867916,TRACK
55.0,185.5082079452777,-530.674524691749,-2.287928992956587,-1.3754908441899791,0.15486271168470234,-0.7828179962414206,0.7979890191661612,183.0,-531.0,2.5292372907727025,183.0,-531.0,-3.01254965112793,-0.724620658171343,0.20201098083383884,-87.97612794906478,214.9635384634845,TRACK
55.052,185.5144708596429,-530.7154913292605,-2.300579978857121,-1.3907378477823495,0.14281499389934732,-0.7845686808079957,0.7974610569722319,183.0,-531.0,2.5305155379327804,183.0,-531.0,-3.028923316987304,-0.7283433381301831,0.2025389430277681,-87.97612794906478,214.9635384634845,TRACK
55.1,185.51965801494813,-530.7533567435789,-2.319570209228272,-1.4060922675569159,0.13065275346859048,-0.7860716219301095,0.796855530690951,183.0,-531.0,2.5317008923311546,183.0,-531.0,-3.044015928377157,-0.7244457191488847,0.20314446930904895,-96.42502758564736,224.04348884979237,TRACK
55.152,185.5246468615692,-530.7944371473949,-2.335925826653254,-1.421427414485322,0.11850306508873984,-0.7874492722465714,0.7963161010535207,183.0,-531.0,2.5330017493089914,183.0,-531.0,-3.0603494559809916,-0.7244236293277377,0.2036838989464793,-96.42502758564736,224.04348884979237,TRACK
55.2,185.52867050020043,-530.8324075862771,-2.351103732774542,-1.4367443248141538,0.10636602399369145,-0.7887098104763898,0.7958497950002432,183.0,-531.0,2.534218166559734,183.0,-531.0,-3.0754125529529586,-0.7243088201784165,0.20415020499975678,-87.21312754103128,215.57063133642453,TRACK
55.252,185.53238564687956,-530.873577925813,-2.3637491391318295,-1.4521521308160734,0.0941437105515635,-0.7897694313784702,0.7953607942162404,183.0,-531.0,2.5355393125257093,183.0,-531.0,-3.0917119384257066,-0.7279627992938771,0.2046392057837596,-87.21312754103128,215.57063133642453,TRACK
55.296,185.53520107730546,-530.9115886314356,-2.3802099212033383,-1.4677828843131473,0.08172259204735521,-0.7905115255606999,0.7947245145931032,183.0,-531.0,2.5367422163992512,183.0,-531.0,-3.106733267232305,-0.7265233460289666,0.20527548540689677,-95.64945887359413,224.43663945480057,TRACK
55.352,185.53759917083687,-530.952780664803,-2.3953445637294672,-1.4834676511186622,0.06926069898451162,-0.7910865623561545,0.7941127083508367,183.0,-531.0,2.5380384586228044,183.0,-531.0,-3.1229869230535057,-0.7276423593240384,0.2058872916491633,-95.64945887359413,224.43663945480057,TRACK
55.396,185.53922445254284,-530.9908252084869,-2.411717060904512,-1.4990784172339642,0.056870466779292514,-0.7916143965598941,0.7936545866008586,183.0,-531.0,2.5392410277858213,183.0,-531.0,-3.1379794434313095,-0.7262623825267975,0.20634541339914136,-90.98968185122646,220.61217553557202,TRACK
55.452,185.54032904967121,-531.0320392567248,-2.426896405165446,-1.5147901792710015,0.04440059177060244,-0.7919516055195375,0.7931952836688786,183.0,-531.0,2.5405310851424225,183.0,-531.0,3.1289810755440004,-0.72730782647014,0.2068047163311214,-90.98968185122646,220.61217553557202,TRACK
55.5,185.5407407113376,-531.0700752086622,-2.44328133036522,-1.530593886443609,0.0318620843016572,-0.792114026464064,0.7927545795119432,183.0,-531.0,2.5417068865463945,183.0,-531.0,3.1140190220361585,-0.7258849547782074,0.20724542048805683,-90.75378448981651,220.7136402965541,TRACK
55.548,185.54052551855324,-531.1112627580062,-2.458452793253787,-1.5464834940762693,0.01926194182437627,-0.7920980070173298,0.792332174737131,183.0,-531.0,2.542960737357018,183.0,-531.0,3.0978254470361644,-0.7269070668896349,0.20766782526286898,-90.75378448981651,220.7136402965541,TRACK
55.6,185.53970925385948,-531.149249412001,-2.4749395523211235,-1.5625015944813296,0.006568332127225458,-0.7918497232735943,0.7918769647081555,183.0,-531.0,2.54409089482317,183.0,-531.0,3.082893825434991,-0.7253519294234714,0.2081230352918445,-90.39590362804516,220.80327821673768,TRACK
55.652,185.53815925375747,-531.190363848607,-2.4938382114590603,-1.5785836491848386,-0.006163277111630802,-0.7914341049758773,0.7914581028100747,183.0,-531.0,2.5452879586190558,183.0,-531.0,3.0667320596997607,-0.7226150360207653,0.20854189718992533,-90.39590362804516,220.80327821673768,TRACK
55.7,185.5361065905965,-531.2282647430235,-2.5065812333338906,-1.5947846898633704,-0.018973465671380578,-0.7907928566876092,0.7910204387926603,183.0,-531.0,2.5463584649013042,183.0,-531.0,3.0518285537286207,-0.7247755201170749,0.20897956120733974,-85.25981621723196,216.1538266774869,TRACK
55.752,185.5332005218345,-531.269249503463,-2.5254493403775826,-1.6111515013242863,-0.031892830892178356,-0.7898743213437722,0.7905179290696713,183.0,-531.0,2.547469367615163,183.0,-531.0,3.035701944450264,-0.722034022351739,0.20948207093032867,-85.25981621723196,216.1538266774869,TRACK
55.8,185.52988823883408,-531.3070046960659,-2.5405500222101476,-1.627640637415094,-0.044882403624587626,-0.7887165882692238,0.7899925865260792,183.0,-531.0,2.5484478382728324,183.0,-531.0,3.020832030439273,-0.7218032545301654,0.21000741347392082,-88.92517546108034,220.37014779765292,TRACK
55.852,185.52561755258077,-531.3478145453848,-2.556946493558476,-1.6442257019160569,-0.05791856598400752,-0.7873474604834863,0.7894748785208043,183.0,-531.0,2.5494546436219125,183.0,-531.0,3.0047388269819764,-0.7214999866391345,0.21052512147919566,-88.92517546108034,220.37014779765292,TRACK
55.9,185.52105374613592,-531.3854057000974,-2.5720270682503705,-1.6608016435700115,-0.0709248232166324,-0.7858780190934299,0.7890719811541428,183.0,-531.0,2.550343024883815,183.0,-531.0,2.9898923145031957,-0.72126592442602,0.2109280188458572,-88.58022874635408,220.6514227690273,TRACK
55.944,185.51543462568972,-531.4260349253763,-2.58448083718553,-1.6773951312157067,-0.08392213809406823,-0.7842866517875994,0.7887638920706773,183.0,-531.0,2.5512579473191535,183.0,-531.0,2.973816502008881,-0.7248879679851754,0.21123610792932268,-88.58022874635408,220.6514227690273,TRACK
56.0,185.50961943342972,-531.4634363011677,-2.6008672667552126,-1.6940674718733075,-0.09695183332365603,-0.7825046888077924,0.7884879491729713,183.0,-531.0,2.552050725571123,183.0,-531.0,2.9589858116672856,-0.723332228757088,0.21151205082702873,-93.25460196906351,225.5488257235284,TRACK
56.052,185.50264995039961,-531.5038525379676,-2.615951430447484,-1.7106914839120728,-0.10992867359377301,-0.7806604108016947,0.788362220220602,183.0,-531.0,2.5528658707914196,183.0,-531.0,2.942920870349388,-0.7243130063827143,0.21163777977939802,-93.25460196906351,225.5488257235284,TRACK
56.1,185.49559751491373,-531.5410567114637,-2.6323794698311462,-1.7273023319824736,-0.1228776465872242,-0.7787096987634365,0.788344918788126,183.0,-531.0,2.5535757912119075,183.0,-531.0,2.9280923851827207,-0.7227134521657188,0.21165508121187404,-88.82858768467993,221.18712713605436,TRACK
56.152,185.48728130935532,-531.5812298163062,-2.647507935622909,-1.7439762958409448,-0.13584493077093487,-0.7765572021741844,0.7883494995652355,183.0,-531.0,2.554289805646895,183.0,-531.0,2.912031246486792,-0.7236461250698856,0.21165050043476452,-88.82858768467993,221.18712713605436,TRACK
56.2,185.47898220541458,-531.6181836555138,-2.6638359237061504,-1.7606919059683088,-0.1488135045690244,-0.7742172589688197,0.7883893855369359,183.0,-531.0,2.5548980031904507,183.0,-531.0,2.897207071526036,-0.7221423119473993,0.21161061446306406,-88.72032402091502,220.88874487957975,TRACK
56.248,185.46931474268231,-531.658058478069,-2.678954460964423,-1.7774857118466996,-0.1617982386678176,-0.7716294470669817,0.7884102191225733,183.0,-531.0,2.555495305999755,183.0,-531.0,2.8811511261010954,-0.7230797201140682,0.21158978087742675,-88.72032402091502,220.88874487957975,TRACK
56.3,185.45977217056165,-531.694718508487,-2.695271227160586,-1.794280972939168,-0.17475011018060638,-0.7688718623909016,0.7884805272069739,183.0,-531.0,2.555995488474878,183.0,-531.0,2.866330133835202,-0.7215839461837987,0.21151947279302608,-88.77689614174375,220.8746782113401,TRACK
56.352,185.44876663695896,-531.7342643658252,-2.710379708218032,-1.8110731999604897,-0.1876632785585413,-0.765940750330607,0.7885954217064375,183.0,-531.0,2.556482388205324,183.0,-531.0,2.8502728463603684,-0.722532752601186,0.21140457829356252,-88.77689614174375,220.8746782113401,TRACK
56.4,185.43799030426456,-531.7705956283861,-2.7267987027541345,-1.8279088755821173,-0.2005585569597539,-0.762776943888164,0.7887029864893033,183.0,-531.0,2.556875895732089,183.0,-531.0,2.8354512439344908,-0.7209353604909605,0.21129701351069674,-88.79564920610103,220.72840993550693,TRACK
56.452,185.42565479460455,-531.8097667382076,-2.7418992080677893,-1.844711579197773,-0.2133905308892594,-0.759456714248913,0.7888662874600202,183.0,-531.0,2.5572491769273165,183.0,-531.0,2.8193913089150637,-0.7218947901967336,0.2111337125399798,-88.79564920610103,220.72840993550693,TRACK
56.5,185.41365790108645,-531.8457351053887,-2.7583100839092207,-1.8615324488414373,-0.22618119364750955,-0.7559162082907298,0.7890293063736266,183.0,-531.0,2.5575402894116674,183.0,-531.0,2.8045654511953164,-0.7203097720750495,0.21097069362637344,-88.69406584310586,220.4343309873198,TRACK
56.552,185.4000046169118,-531.8844859853813,-2.77340305415125,-1.8783521855232344,-0.23891488089267038,-0.7521687661081482,0.7892009712491572,183.0,-531.0,2.5577993704616038,183.0,-531.0,2.7885018360613527,-0.7212804169669838,0.21079902875084278,-88.69406584310586,220.4343309873198,TRACK
56.6,185.38680288947728,-531.9200577375371,-2.789692975769084,-1.8951044388128573,-0.25155726845683823,-0.7482870574402047,0.789439408470331,183.0,-531.0,2.557994189520194,183.0,-531.0,2.7736684102455706,-0.7198239211649318,0.210560591529669,-88.73263347291017,220.25634935017058,TRACK
56.652,185.3718539020861,-531.9583611756786,-2.8086043529039695,-1.9118469854261273,-0.2641304088607461,-0.7441981902115975,0.7896808337544745,183.0,-531.0,2.558153059511717,183.0,-531.0,2.757594848835493,-0.7169861054401236,0.2103191662455255,-88.73263347291017,220.25634935017058,TRACK
56.7,185.35746476665156,-531.9935039062673,-2.821058910627783,-1.9285166684047352,-0.2766055449695747,-0.7399779008463023,0.7899860259832546,183.0,-531.0,2.558259200662012,183.0,-531.0,2.7427505998563193,-0.7193757966954841,0.21001397401674538,-84.23790875118445,215.42393707286507,TRACK
56.752,185.34123934967218,-532.0313235488118,-2.8399415698707986,-1.9451778024368422,-0.28900314159144386,-0.7355409219072508,0.7902804968173596,183.0,-531.0,2.558325615473353,183.0,-531.0,2.7266642313363363,-0.7165795059724509,0.20971950318264043,-84.23790875118445,215.42393707286507,TRACK
56.796,185.32567452607793,-532.0659784155523,-2.852464641463881,-1.9619071206951066,-0.30134554740916497,-0.7307933358895018,0.790485950997129,183.0,-531.0,2.5583338295991056,183.0,-531.0,2.711814648172215,-0.7189060175434907,0.20951404900287096,-88.59312371587419,219.3883891504771,TRACK
56.852,185.3081890621339,-532.1032554728483,-2.867476051245651,-1.9785442025463829,-0.31356522851623514,-0.7259189385898746,0.7907474046355694,183.0,-531.0,2.558302051151179,183.0,-531.0,2.6957202055097054,-0.7199890504242301,0.20925259536443064,-88.59312371587419,219.3883891504771,TRACK
56.9,185.29147800698888,-532.1374108393843,-2.883794002518448,-1.9951088483230137,-0.3256688423012415,-0.7208968577415217,0.7910451784490129,183.0,-531.0,2.558236672800748,183.0,-531.0,2.680856795106887,-0.7185345095542512,0.2089548215509871,-93.36220623719396,223.9677707686003,TRACK
56.952,185.2727648729598,-532.1741395432517,-2.8988161669510824,-2.0115462609746166,-0.3376385342299362,-0.7157953874088891,0.7914308664897911,183.0,-531.0,2.558136789694289,183.0,-531.0,2.664743262698221,-0.7196258775302828,0.2085691335102089,-93.36220623719396,223.9677707686003,TRACK
57.0,185.25493726592723,-532.2077992462649,-2.9175787150679224,-2.02778834812928,-0.34945801519539654,-0.7107023362870168,0.7919714105876108,183.0,-531.0,2.558030705942654,183.0,-531.0,2.6498533819424104,-0.7157532101692539,0.20802858941238922,-89.45079950620577,219.57044466837647,TRACK
57.052,185.23502583774282,-532.2439712233688,-2.930136959614818,-2.043987679540522,-0.36116693804124217,-0.7054217490935191,0.7925032499796113,183.0,-531.0,2.5578907130578754,183.0,-531.0,2.633711474125986,-0.7193368734387828,0.2074967500203887,-89.45079950620577,219.57044466837647,TRACK
57.1,185.21610048973199,-532.2770844755055,-2.949028142976131,-2.060125994622324,-0.3727558389725041,-0.6999749337406826,0.7930396102045398,183.0,-531.0,2.5577423908923036,183.0,-531.0,2.6188003104650797,-0.7153568537383759,0.20696038979546016,-89.88018632392162,219.2124981564902,TRACK
57.152,185.19501579297295,-532.3126495910964,-2.961470185118376,-2.076186973432485,-0.38420752351792636,-0.6943642926393219,0.7935724239288332,183.0,-531.0,2.5575658897487195,183.0,-531.0,2.602634922739407,-0.7190801993218034,0.2064275760711668,-89.88018632392162,219.2124981564902,TRACK
57.2,185.17502191934616,-532.3451788281349,-2.9778466726028774,-2.0922149690132805,-0.39552355214864365,-0.6885291436211967,0.7940473927417804,183.0,-531.0,2.5573866405568313,183.0,-531.0,2.5877051762185976,-0.7176334583581117,0.20595260725821962,-90.1688943459481,218.91437086116463,TRACK
57.252,185.1527969557604,-532.3800945497774,-2.9929099350640453,-2.10813913645446,-0.40668140995459623,-0.6825536082552593,0.7945245102228957,183.0,-531.0,2.5571851123953615,183.0,-531.0,2.571520419660492,-0.7187549524550487,0.20547548977710428,-90.1688943459481,218.91437086116463,TRACK
57.296,185.13176641451932,-532.4120086888046,-3.009283766453717,-2.1240205044963107,-0.41769061302011135,-0.6763671091060023,0.794945227349361,183.0,-531.0,2.5569897503377232,183.0,-531.0,2.55657364222536,-0.7173278985005087,0.20505477265063898,-90.27628073997899,218.5570789955829,TRACK
57.352,185.1084343432583,-532.4462313525316,-3.0280527362419725,-2.139847154293223,-0.4285416857968867,-0.669983472927989,0.7953149253360501,183.0,-531.0,2.5567715003254667,183.0,-531.0,2.5403744528843624,-0.7147581180532514,0.20468507466394992,-90.27628073997899,218.5570789955829,TRACK
57.4,185.08639924551565,-532.4774984475124,-3.0406016011146875,-2.1555632129936706,-0.43922468347475596,-0.663478491637911,0.7956896577432794,183.0,-531.0,2.556572602937346,183.0,-531.0,2.525413076342069,-0.7171706297228297,0.20431034225672062,-85.84449215863604,213.77218911033674,TRACK
57.452,185.06199558441102,-532.5109924969133,-3.0556470477644067,-2.1712915867168627,-0.4497514555397448,-0.6567017366862801,0.7959482035452403,183.0,-531.0,2.55634976399141,183.0,-531.0,2.509202675971791,-0.7183355834433884,0.20405179645475968,-85.84449215863604,213.77218911033674,TRACK
57.5,185.03898613424488,-532.5415551581376,-3.071855195197134,-2.1869961360907304,-0.4601156868956179,-0.649708866939785,0.7961331905577141,183.0,-531.0,2.556140990091031,183.0,-531.0,2.494237113293275,-0.7170929986891776,0.20386680944228586,-94.76143347379853,222.42021762808997,TRACK
57.552,185.01354635446086,-532.5742951205915,-3.086861970112582,-2.2025415094201635,-0.47030448348999787,-0.6426758954120342,0.7963784362565661,183.0,-531.0,2.5559291946923755,183.0,-531.0,2.4780159767741936,-0.7183073602928101,0.20362156374343388,-94.76143347379853,222.42021762808997,TRACK
57.6,184.9895974851741,-532.604174510334,-3.1057201489671145,-2.21793015652004,-0.48032508615108294,-0.6356098822236778,0.796688214276101,183.0,-531.0,2.5557531204356376,183.0,-531.0,2.463033592926129,-0.7144315652863433,0.20331178572389896,-90.90741679263834,218.43230862945688,TRACK
57.652,184.96315516903246,-532.6361642462059,-3.118268027127192,-2.2332108580289862,-0.4901884338746302,-0.6284619533523375,0.7970251737027496,183.0,-531.0,2.5555844064052002,183.0,-531.0,2.446793773831643,-0.7181235062207509,0.2029748262972504,-90.90741679263834,218.43230862945688,TRACK
57.7,184.93829374521695,-532.6653200503599,-3.1370331052602185,-2.2485028872317905,-0.4999036973399188,-0.6210946749687087,0.7972843293885858,183.0,-531.0,2.5554399842058393,183.0,-531.0,2.4318000870586842,-0.7143521148606835,0.20271567061141416,-90.9426796770725,218.00188985186284,TRACK
57.752,184.91087894571996,-532.6964930071645,3.133490246587641,-2.263786660296059,-0.509460092193031,-0.6135295172217541,0.7974760523299056,183.0,-531.0,2.5552978042791294,183.0,-531.0,2.415554621874638,-0.7179356247130029,0.2025239476700944,-90.9426796770725,218.00188985186284,TRACK
57.8,184.8851365358814,-532.7248887404105,3.117236279665341,-2.279001127081757,-0.5188541316649691,-0.6058464077798944,0.7976587489431876,183.0,-531.0,2.555187062762699,183.0,-531.0,2.400555029103955,-0.7166812505613858,0.20234125105681244,-90.98360097705302,217.89391334459918,TRACK
57.852,184.85678448136468,-532.7552223743518,3.102181007397694,-2.2942143790698464,-0.5280863217524379,-0.5979688550462374,0.7977730973323978,183.0,-531.0,2.5550839895513806,183.0,-531.0,2.3843049999933115,-0.7178760074043824,0.20222690266760224,-90.98360097705302,217.89391334459918,TRACK
57.9,184.8301916478916,-532.7828287142296,3.08592950753924,-2.3093721944006806,-0.5371621865469122,-0.5899759840558216,0.7978814927158636,183.0,-531.0,2.55501070297049,183.0,-531.0,2.369302697777822,-0.7166268097614181,0.20211850728413638,-91.1564378216855,217.9812224559184,TRACK
57.952,184.80093417895543,-532.8123012551637,3.0708760631857954,-2.3244865601655693,-0.5460806929413212,-0.5818572613079773,0.7979736811073993,183.0,-531.0,2.5549559206369294,183.0,-531.0,2.3530485455353705,-0.717827517650425,0.2020263188926007,-91.1564378216855,217.9812224559184,TRACK
58.0,184.77352154514128,-532.8390901791586,3.0520020795401637,-2.339617466195477,-0.5548362386400383,-0.5735431239796568,0.7979943400629916,183.0,-531.0,2.554922965210072,183.0,-531.0,2.3380465571802573,-0.7139555223599063,0.20200565993700836,-91.1917572261357,217.95502910683874,TRACK
58.052,184.7433930366619,-532.867662252413,3.0394576085211007,-2.3547027770296682,-0.5634315929580004,-0.565115062106745,0.7980038805438856,183.0,-531.0,2.5549132214949077,183.0,-531.0,2.3217945202061387,-0.717663088314962,0.2019961194561144,-91.1917572261357,217.95502910683874,TRACK
58.096,184.71519252378607,-532.8936064379811,3.0230925461551683,-2.369804665725978,-0.5718592751422654,-0.5565011434705756,0.7979452069223145,183.0,-531.0,2.5549228433781,183.0,-531.0,2.306796125062408,-0.7162964210927605,0.20205479307768548,-91.00544246733209,217.8384434385519,TRACK
58.152,184.68422867393684,-532.92123918202,3.0043339649164933,-2.384917481613239,-0.5801190566738236,-0.5477153665946042,0.7978284544436783,183.0,-531.0,2.554953271713605,183.0,-531.0,2.290552525243222,-0.7137814396732711,0.20217154555632166,-91.00544246733209,217.8384434385519,TRACK
58.2,184.6552720102815,-532.9463114724003,2.9917908863076113,-2.399985119388069,-0.5882197259915727,-0.538833772309565,0.7977119030244922,183.0,-531.0,2.5550056312302933,183.0,-531.0,2.2755609486070427,-0.7162299377005685,0.20228809697550776,-86.26502821165647,213.2987925583192,TRACK
58.252,184.62350769541533,-532.9729744621777,2.976751941836238,-2.415136643137876,-0.5961410950321792,-0.5297043831951107,0.7974778609856692,183.0,-531.0,2.5550744539989902,183.0,-531.0,2.259329533652212,-0.7174224081840261,0.2025221390143308,-86.26502821165647,213.2987925583192,TRACK
58.3,184.59383029835854,-532.9971215727519,2.9579376936522386,-2.430336644416103,-0.6038893986433451,-0.5203805303468793,0.7971689294985852,183.0,-531.0,2.5551496230782007,183.0,-531.0,2.244355502986308,-0.7135821906659308,0.2028310705014148,-94.86035905865715,222.17586086005468,TRACK
58.352,184.5612974658569,-533.0227922934181,2.9417374141002917,-2.4454580809994466,-0.6114990971099169,-0.511031041517194,0.7969214962343478,183.0,-531.0,2.55525702018463,183.0,-531.0,2.228137031855661,-0.7136003822446306,0.20307850376565217,-94.86035905865715,222.17586086005468,TRACK
58.4,184.53091988961154,-533.0460363943134,2.9292073503943437,-2.460504323544322,-0.618977573243935,-0.5016584126813581,0.7967398566614643,183.0,-531.0,2.555382678829791,183.0,-531.0,2.2131680839900016,-0.716039266404342,0.2032601433385357,-85.9555781209601,213.68158172686023,TRACK
58.452,184.4976442286811,-533.0707078540551,2.910471048826109,-2.475585776776136,-0.6263062173325963,-0.49213587034998063,0.7965282121523369,183.0,-531.0,2.5555369792955736,183.0,-531.0,2.1969580074232637,-0.7135130414028454,0.20347178784766307,-85.9555781209601,213.68158172686023,TRACK
58.5,184.46660198791486,-533.0929820691155,2.8978521064909577,-2.490838759569301,-0.6334487135201166,-0.4823044672096104,0.7961625912780862,183.0,-531.0,2.555679035519652,183.0,-531.0,2.182007782187734,-0.7158443243032235,0.2038374087219138,-89.9318232418827,217.79163715237127,TRACK
58.552,184.43262586700058,-533.1165759685689,2.879172804679471,-2.506151782063776,-0.6404270930187749,-0.4723029961612631,0.7957493208639167,183.0,-531.0,2.555838552319478,183.0,-531.0,2.165822776513608,-0.7133500281658631,0.2042506791360833,-89.9318232418827,217.79163715237127,TRACK
58.6,184.4009465492542,-533.1378696956054,2.864182507931444,-2.5214187611903074,-0.6472726356962214,-0.46226370714632614,0.7953927330984346,183.0,-531.0,2.556000404783883,183.0,-531.0,2.1508885396305666,-0.7132939683008774,0.2046072669015654,-89.51227261624817,217.99620513935363,TRACK
58.652,184.36629316283526,-533.1603960106701,2.8516904071401976,-2.536728916477962,-0.6539711602530914,-0.4520908379646992,0.7950247821385183,183.0,-531.0,2.5561822958720173,183.0,-531.0,2.1347187184683087,-0.7169716886718889,0.20497521786148165,-89.51227261624817,217.99620513935363,TRACK
58.7,184.33400081525645,-533.1806917609388,2.8355086062782004,-2.5520355763680813,-0.6605462885933764,-0.44184889038632946,0.7947023602016762,183.0,-531.0,2.556359663922723,183.0,-531.0,2.1197982956167847,-0.7157103106614158,0.20529763979832383,-93.99961805583966,222.85478314451547,TRACK
58.752,184.29869118026465,-533.2021439576769,2.8205066626764586,-2.5672953090282795,-0.6670160923381326,-0.43159156448830027,0.7944694745397654,183.0,-531.0,2.5565673846057604,183.0,-531.0,2.103637147585108,-0.7168695150913504,0.20553052546023465,-93.99961805583966,222.85478314451547,TRACK
58.796,184.26580380143383,-533.2214452284004,2.8041632516422696,-2.5825446329361674,-0.6733642639945526,-0.42127294927649206,0.7942860503729368,183.0,-531.0,2.55677104303597,183.0,-531.0,2.0887221486928844,-0.7154411029493852,0.20571394962706324,-89.8289134872914,218.90394784857034,TRACK
58.852,184.22986585897468,-533.2418047654804,2.789113041665874,-2.5978077409443903,-0.6795767689177075,-0.4108627627606638,0.7941239164487849,183.0,-531.0,2.5570018845519566,183.0,-531.0,2.0725680800979247,-0.7165449615679491,0.20587608355121512,-89.8289134872914,218.90394784857034,TRACK
58.896,184.19641945554457,-533.2600700952313,2.772752099734448,-2.613181689024288,-0.6856049248076826,-0.4002454918945568,0.7938832198141386,183.0,-531.0,2.5572126131716897,183.0,-531.0,2.0576650616690766,-0.7150870380653713,0.20611678018586144,-89.49505398597697,218.65397907663353,TRACK
58.948,184.15989990542866,-533.2792797092541,2.757705245184667,-2.628636894367286,-0.6914478653667118,-0.3894550487308793,0.793583886871548,183.0,-531.0,2.5574369559445116,183.0,-531.0,2.041529659618891,-0.7161755855657757,0.20641611312845198,-89.49505398597697,218.65397907663353,TRACK
59.0,184.12593103535977,-533.2964816202318,2.7414658629870243,-2.644101535765597,-0.6971307900740066,-0.378576382554469,0.793291507516144,183.0,-531.0,2.5576451138594014,183.0,-531.0,2.026641965342163,-0.7148238976448615,0.20670849248385603,-89.1911598037797,218.74586926786694,TRACK
59.052,184.08886345437207,-533.3145288064559,2.7226076734790023,-2.65963493482233,-0.7026283471191349,-0.3675460943993152,0.7929544285036548,183.0,-531.0,2.5578637997714377,183.0,-531.0,2.010523387966869,-0.7120842855121334,0.20704557149634517,-89.1911598037797,218.74586926786694,TRACK
59.1,184.054403977248,-533.3306483573458,2.7075710739797394,-2.675174076646583,-0.7079754463237982,-0.35644335326525683,0.7926418464125913,183.0,-531.0,2.558063625642473,183.0,-531.0,1.9956509476050586,-0.7119201263746808,0.20735815358740872,-84.31760119538461,214.26408019605964,TRACK
59.152,184.016822332123,-533.3475121455938,2.695170647234768,-2.690785954232792,-0.7131374207594252,-0.345194446676091,0.7922904687697676,183.0,-531.0,2.5582691275185274,183.0,-531.0,1.979548879570208,-0.71562176766456,0.2077095312302324,-84.31760119538461,214.26408019605964,TRACK
59.2,183.98191533617367,-533.3625079354922,2.678874971410047,-2.706542970378103,-0.718069502290902,-0.33372069168210966,0.7918290915198112,183.0,-531.0,2.558437310679448,183.0,-531.0,1.9646988136879338,-0.7141761577221133,0.20817090848018882,-92.96160134198308,223.29100192240807,TRACK
59.252,183.94385906559393,-533.3781600137881,2.6638941770989755,-2.7222332310561086,-0.7228931515450607,-0.322268976585298,0.7914744479893747,183.0,-531.0,2.5586158341737586,183.0,-531.0,1.948615578197894,-0.7152785989010815,0.20852555201062528,-92.96160134198308,223.29100192240807,TRACK
59.296,183.90851234585384,-533.3920620651262,2.6475741326240714,-2.737853139851271,-0.727617046609143,-0.31084395912040363,0.7912335517644957,183.0,-531.0,2.5587801011389484,183.0,-531.0,1.9337711818994996,-0.7138029507245718,0.20876644823550428,-88.43000220310367,219.28559621393183,TRACK
59.352,183.8699964126472,-533.4065162381569,2.6288478619258386,-2.7535046714929314,-0.7321929384175561,-0.2993362765194157,0.7910175127701302,183.0,-531.0,2.558947862409812,183.0,-531.0,1.9176941674258732,-0.7111536944999655,0.20898248722986978,-88.43000220310367,219.28559621393183,TRACK
59.4,183.8342430175317,-533.4192963021137,2.6138232221246103,-2.7691806305013005,-0.7366272493553012,-0.2877565460894653,0.7908372362946093,183.0,-531.0,2.55909280990773,183.0,-531.0,1.902856870581155,-0.7109663515434552,0.20916276370539066,-83.64739123966189,214.57249346339017,TRACK
59.452,183.79531253086296,-533.4325112689713,2.601316770368122,-2.7849849711667964,-0.7408398338897246,-0.2759886472690407,0.7905778854098752,183.0,-531.0,2.559225096668937,183.0,-531.0,1.886792025570972,-0.7145247447971499,0.20942211459012483,-83.64739123966189,214.57249346339017,TRACK
59.5,183.75920174349906,-533.4441270631012,2.582540090848405,-2.8008662893087437,-0.7448537165567174,-0.2640911195883809,0.7902855044310247,183.0,-531.0,2.5593249867720207,183.0,-531.0,1.8719701496128742,-0.7105699412355309,0.20971449556897526,-92.19614987680607,223.35444670023122,TRACK
59.552,183.71988874092062,-533.45609577408,2.56637689647077,-2.816683452474875,-0.7487616638859751,-0.2522178593209483,0.790099916381299,183.0,-531.0,2.559423030832948,183.0,-531.0,1.8559135371430602,-0.7104633593277099,0.20990008361870105,-92.19614987680607,223.35444670023122,TRACK
59.6,183.68342588455357,-533.4665781207806,2.5538762339442527,-2.832428639647867,-0.7525700758689624,-0.24037538658339683,0.7900266106711427,183.0,-531.0,2.5595074849648904,183.0,-531.0,1.8410901534432047,-0.712786080501048,0.20997338932885734,-83.35142255789158,214.7922199255375,TRACK
59.652,183.6437513039,-533.4773074755926,2.5351874277177355,-2.848198892537477,-0.7562109960216287,-0.22846081251410927,0.7899679824895631,183.0,-531.0,2.559583573533015,183.0,-531.0,1.8250325586693081,-0.7101548690484274,0.21003201751043687,-83.35142255789158,214.7922199255375,TRACK
59.7,183.6069899416093,-533.4866120819759,2.5225988330409557,-2.864120531035061,-0.7595887474503309,-0.21634561634528568,0.7897977532033021,183.0,-531.0,2.5596242762255557,183.0,-531.0,1.810217397203816,-0.7123814358371396,0.21020224679669786,-87.43141563885656,218.7694579005527,TRACK
59.752,183.5670187826322,-533.4960511669567,2.507649592103208,-2.8800703065536024,-0.7627693328039395,-0.20415695338009382,0.7896183360837113,183.0,-531.0,2.5596448440992026,183.0,-531.0,1.794171753961735,-0.713477838141473,0.21038166391628865,-87.43141563885656,218.7694579005527,TRACK
59.8,183.52998656840037,-533.50418501431,2.4890227493225976,-2.895932439659855,-0.7658266284296745,-0.19201132331482437,0.7895307296698925,183.0,-531.0,2.5596539509432836,183.0,-531.0,1.779359058190564,-0.7096636911320335,0.21046927033010754,-91.74021640956589,223.3810367025721,TRACK
59.852,183.48972973465644,-533.5123673175357,2.476556876778244,-2.911736201268005,-0.7687467663711881,-0.17988055494287175,0.7895116242669981,183.0,-531.0,2.5596532482404872,183.0,-531.0,1.7633098566683705,-0.7132470201098737,0.21048837573300194,-91.74021640956589,223.3810367025721,TRACK
59.9,183.4524382277564,-533.5193511444672,2.460381252946733,-2.9274003075060713,-0.7716026359540011,-0.16784609875548703,0.7896473521000368,183.0,-531.0,2.559654378830027,183.0,-531.0,1.7484874724241402,-0.7118937805225927,0.21035264789996322,-87.87638710456321,219.45282154036266,TRACK
59.952,183.4119124443603,-533.526291033759,2.4453787229929853,-2.943019556391002,-0.7743114093054311,-0.15581075750087817,0.7898323560943552,183.0,-531.0,2.559651978115363,183.0,-531.0,1.732424301389327,-0.7129544216036583,0.2101676439056448,-87.87638710456321,219.45282154036266,TRACK
60.0,183.3744057359752,-533.5321066647117,2.4290687723255164,-2.95868988900839,-0.7767888313566083,-0.14368263473918796,0.7899655613037572,183.0,-531.0,2.5596374385073672,183.0,-531.0,1.7175959743101046,-0.7114727980154119,0.21003443869624283,-87.9604558236557,219.14373506828792,TRACK
60.052,183.33367135096904,-533.5377748833959,2.414069442674923,-2.974324860431103,-0.7790864856154762,-0.1315451844930199,0.790113844728705,183.0,-531.0,2.559616754370144,183.0,-531.0,1.7015282823263296,-0.7125411603485934,0.20988615527129495,-87.9604558236557,219.14373506828792,TRACK
60.1,183.29599101778027,-533.5424171264812,2.3953818175119963,-2.9899741848242485,-0.7811586451515283,-0.11935405908410696,0.7902241582708186,183.0,-531.0,2.5595889372380265,183.0,-531.0,1.6866956851897394,-0.7086861323222569,0.2097758417291814,-87.83278479697489,218.8810241012063,TRACK
60.148,183.25509477843303,-533.5468069406284,2.382768151678581,-3.005623605830213,-0.7830162688010296,-0.10712696439545744,0.7903104856369247,183.0,-531.0,2.5595505345307354,183.0,-531.0,1.6706259565140726,-0.7121421951645082,0.20968951436307526,-87.83278479697489,218.8810241012063,TRACK
60.2,183.21727713082672,-533.5502751379788,2.3640869956251156,-3.0212144116117328,-0.7847142551833901,-0.0949214658707994,0.7904344039647339,183.0,-531.0,2.559514139631417,183.0,-531.0,1.6557886065555416,-0.708298389069574,0.20956559603526614,-87.81902168350548,218.80203264015267,TRACK
60.252,183.17625114508732,-533.5533929525849,2.3477897560668444,-3.0368084629606247,-0.7862007083459048,-0.08268424343380588,0.790536677147761,183.0,-531.0,2.55946870198773,183.0,-531.0,1.6397132629787488,-0.7080764930880956,0.209463322852239,-87.81902168350548,218.80203264015267,TRACK
60.3,183.1383305476571,-533.5556869068404,2.3328031280138273,-3.0523466813220246,-0.7875348166869585,-0.07047150801160688,0.7906815546954357,183.0,-531.0,2.55942784743201,183.0,-531.0,1.6248701243131005,-0.7079330037007268,0.20931844530456434,-83.275000174713,214.11854153983472,TRACK
60.352,183.09721260503036,-533.5575321008787,2.320445747587038,-3.0678966103207865,-0.7886530139110322,-0.05822605546540157,0.7907995004335895,183.0,-531.0,2.5593789749862657,183.0,-531.0,1.6087883537421923,-0.7116573938448456,0.2092004995664105,-83.275000174713,214.11854153983472,TRACK
60.4,183.05924351702762,-533.558634920639,2.301714183310761,-3.0835334014941753,-0.7894823923954706,-0.045888330137759704,0.7908148877868372,183.0,-531.0,2.5593207011671857,183.0,-531.0,1.5939465357869393,-0.7077676475238215,0.20918511221316283,-92.21816543423688,222.89848674265454,TRACK
60.452,183.01808059337364,-533.5592018364508,2.2892675846045627,-3.0990439746329614,-0.7902216950358047,-0.033643194092538645,0.7909375397678432,183.0,-531.0,2.5592657047579133,183.0,-531.0,1.5778611437641712,-0.7114064408403915,0.2090624602321568,-92.21816543423688,222.89848674265454,TRACK
60.5,182.9800599521527,-533.5591498307267,2.272996340761561,-3.114428434193091,-0.7908779440093794,-0.021488867755147266,0.7911698261169351,182.9800599521527,-531.0,2.55914983072671,183.0,-531.0,1.563004815683737,-0.7099915250778241,0.2088301738830649,-88.02334394181759,218.69093020382383,TRACK
60.552,182.93886246774386,-533.5584626541447,2.2580130534037584,-3.1297875506807675,-0.791361424050122,-0.009342537046580442,0.7914165694961811,182.93886246774386,-531.0,2.558462654144705,183.0,-531.0,1.54690467488622,-0.7111083785175383,0.2085834305038189,-88.02334394181759,218.69093020382383,TRACK
60.6,182.9008334849263,-533.5572469680427,2.2393453959973044,3.138066331573532,-0.7916795920106457,0.0027917287468078294,0.7916845142830181,182.9008334849263,-531.0,2.557246968042705,183.0,-531.0,1.5320371248659586,-0.7073082711313459,0.20831548571698189,-88.14415655881363,218.37527654039093,TRACK
60.652,182.85965261094114,-533.5552959073704,2.226862045786313,3.1227172546765556,-0.7917706943223891,0.014946762826271357,0.7919117615661122,182.85965261094114,-531.0,2.5552959073703505,183.0,-531.0,1.5159273322538382,-0.7109347135324748,0.2080882384338878,-88.14415655881363,218.37527654039093,TRACK
60.7,182.82165749440452,-533.5529160803833,2.2106950403437997,3.107415811002557,-0.7916986760557359,0.027068300951104005,0.7921612756155053,182.82165749440452,-531.0,2.5529160803832838,183.0,-531.0,1.501051285642476,-0.7096437547013237,0.2078387243844947,-88.39270262257682,218.34308313300235,TRACK
60.752,182.78052521381832,-533.5497122851552,2.1919144488795554,3.092156556980861,-0.7914560279971725,0.039158401960836066,0.7924241444436102,182.78052521381832,-531.0,2.5497122851552376,183.0,-531.0,1.484929728844567,-0.7069847200349884,0.2075758555563898,-88.39270262257682,218.34308313300235,TRACK
60.796,182.74259972026798,-533.5461735644326,2.1794343813072157,3.076882861138528,-0.790986475336138,0.05125613321049896,0.7926454411377001,182.74259972026798,-531.0,2.5461735644325927,183.0,-531.0,1.4700456308747158,-0.7093887504324998,0.20735455886229992,-83.82322058409682,213.48287876164977,TRACK
60.852,182.70157189630837,-533.5417108664851,2.164470949942257,3.0615983712522428,-0.7902900240812485,0.06335387661790107,0.7928253501527663,182.70157189630837,-531.0,2.5417108664851185,183.0,-531.0,1.4539191483082035,-0.7105518016340535,0.20717464984723366,-83.82322058409682,213.48287876164977,TRACK
60.9,182.66377619107172,-533.5370036655848,2.1482351345097244,3.0462220675364047,-0.7892821996700179,0.07550335969943966,0.7928853309538807,182.66377619107172,-531.0,2.537003665584848,183.0,-531.0,1.4390362266533336,-0.7091989078563907,0.2071146690461193,-92.6241729282112,222.11935620275904,TRACK
60.952,182.62290451142232,-533.5312816201998,2.1333102166695497,3.0309093511278618,-0.788131273579546,0.08759095081924587,0.7929836562373381,182.62290451142232,-531.0,2.5312816201998203,183.0,-531.0,1.4229098212903186,-0.710400395379231,0.20701634376266187,-92.6241729282112,222.11935620275904,TRACK
61.0,182.5852335275291,-533.5254385930223,2.117166858010737,3.015776177988142,-0.7869695853813305,0.09953952453546097,0.7932397148781754,182.5852335275291,-531.0,2.5254385930222725,183.0,-531.0,1.4080141135353632,-0.7091527444753736,0.20676028512182465,-92.6241729282112,222.11935620275904,TRACK
61.052,182.5445114302816,-533.5184901067208,2.1021924364748883,3.0006465880583546,-0.785621269663801,0.11146934874620057,0.7934898833999491,182.5445114302816,-531.0,2.518490106720833,183.0,-531.0,1.3918726374591983,-0.71031979901569,0.20651011660005092,-88.54358533767667,218.07473981616533,TRACK
61.1,182.5070102239016,-533.5115063666277,2.086030424840798,2.9855222735929297,-0.7841001218022935,0.12337818153068925,0.7937475522407557,182.5070102239016,-531.0,2.5115063666277138,183.0,-531.0,1.3769682326770485,-0.7090621921637497,0.20625244775924434,-88.8354688108004,217.91167537123738,TRACK
61.152,182.4664896174209,-533.5033258238549,2.067254547385147,2.970409862608016,-0.7823999304838802,0.13525716358133172,0.7940051331831852,182.4664896174209,-531.0,2.5033258238548797,183.0,-531.0,1.360817191058841,-0.7064373563263062,0.20599486681681478,-88.8354688108004,217.91167537123738,TRACK
61.2,182.4292002358641,-533.4952047128122,2.0547772586261606,2.9552583492513738,-0.7804616953328699,0.14713359101399387,0.7942095135960855,182.4292002358641,-531.0,2.4952047128122103,183.0,-531.0,1.345907200841623,-0.7088700577845375,0.2057904864039145,-84.2474694884273,213.03551542711202,TRACK
61.252,182.3889390604718,-533.4857907583613,2.039816863747264,2.9400713562447987,-0.7782887824913852,0.15899998911711904,0.7943641642793101,182.3889390604718,-531.0,2.485790758361304,183.0,-531.0,1.3297541715296541,-0.7100626922176099,0.20563583572068989,-84.2474694884273,213.03551542711202,TRACK
61.3,182.35192367022626,-533.476526852911,2.023584021512905,2.9247655409714786,-0.7757915958266166,0.17089930350142263,0.79439232882278,182.35192367022626,-531.0,2.476526852910979,183.0,-531.0,1.3148481917377122,-0.7087358297751927,0.20560767117722,-93.02434313460454,221.69395360313376,TRACK
61.352,182.31197476447102,-533.4658808814607,2.008661652823725,2.9094946374628616,-0.7731514029475632,0.18274012434478584,0.7944539287619724,182.31197476447102,-531.0,2.4658808814607482,183.0,-531.0,1.2986984324934794,-0.7099632203302455,0.2055460712380276,-93.02434313460454,221.69395360313376,TRACK
61.4,182.27522594700508,-533.4555016172998,1.9900256885403171,2.894372477982322,-0.7705085392716768,0.19446321533121252,0.7946693345080875,182.27522594700508,-531.0,2.455501617299774,183.0,-531.0,1.2837827227517487,-0.7062429657885685,0.20533066549191248,-88.91940550697663,217.6760744961488,TRACK
61.452,182.2355807628465,-533.44365087245,1.9775487722176746,2.8792241647647594,-0.7676731362093905,0.20616571876179518,0.7948750515962424,182.2355807628465,-531.0,2.4436508724500072,183.0,-531.0,1.267621307351951,-0.7099274648657234,0.2051249484037576,-88.91940550697663,217.6760744961488,TRACK
61.5,182.19914579221688,-533.4321532260204,1.9587747227462151,2.8640540709119087,-0.7646591993770282,0.21784472241081526,0.7950849101034196,182.19914579221688,-531.0,2.432153226020432,183.0,-531.0,1.2527001288141382,-0.7060745939320769,0.20491508989658036,-89.18292445262826,217.53988000186712,TRACK
61.552,182.15985847805413,-533.4190951815607,1.946418125067261,2.848869998962016,-0.7614623249212655,0.22948975343066458,0.7952926626117999,182.15985847805413,-531.0,2.4190951815606923,183.0,-531.0,1.236532650053415,-0.7098854750138459,0.20470733738820013,-89.18292445262826,217.53988000186712,TRACK
61.596,182.12378015853164,-533.4064850868255,1.930140079594881,2.833625816493054,-0.7580215910502899,0.24111694717436494,0.7954458590709353,182.12378015853164,-531.0,2.4064850868254553,183.0,-531.0,1.2216090629194287,-0.7085310166754524,0.20455414092906465,-89.28367152421657,217.41255822109122,TRACK
61.652,182.08489891148645,-533.3922271687616,1.911486619802441,2.8183859508151445,-0.7544147354484374,0.2526927718626004,0.7956099735506965,182.08489891148645,-531.0,2.392227168761565,183.0,-531.0,1.2054395246646326,-0.7060470951378084,0.20439002644930349,-89.28367152421657,217.41255822109122,TRACK
61.7,182.04921372351635,-533.3785140226968,1.8988919833356843,2.8030898901456145,-0.7505740736568056,0.26424199176643165,0.795729395120265,182.04921372351635,-531.0,2.378514022696777,183.0,-531.0,1.1905144408305603,-0.708377542505124,0.20427060487973503,-84.62626203123959,212.6313361150883,TRACK
61.752,182.01079811410472,-533.3630593624769,1.8839338403522643,2.7876884818947065,-0.7464397496859687,0.2757790461283862,0.7957552275635607,182.01079811410472,-531.0,2.3630593624768608,183.0,-531.0,1.1743499139219098,-0.7095839264303545,0.20424477243643935,-84.62626203123959,212.6313361150883,TRACK
61.8,181.97557008928825,-533.3482441387263,1.8653384235122736,2.772216524105889,-0.7420568515826087,0.28728405316483596,0.7957263965607212,181.97557008928825,-531.0,2.3482441387262725,183.0,-531.0,1.1594325398907261,-0.7059058836215475,0.2042736034392788,-93.18256118788386,221.19488721874987,TRACK
61.852,181.93765629817685,-533.331605517396,1.8529033138003328,2.7567515165734493,-0.7375259321631686,0.298725355049079,0.7957269244925353,181.93765629817685,-531.0,2.331605517396042,183.0,-531.0,1.1432723969061387,-0.7096309168941941,0.20427307550746465,-93.18256118788386,221.19488721874987,TRACK
61.9,181.90287625965038,-533.3157113202583,1.8341531834782414,2.741406559904142,-0.7329963034948456,0.3100666682446896,0.7958799656314199,181.90287625965038,-531.0,2.3157113202582877,183.0,-531.0,1.1283487978666358,-0.7058043856116056,0.20412003436858006,-89.34733738922232,217.46319960790055,TRACK
61.952,181.8654530787581,-533.2979109474169,1.8179971171846592,2.7260666080467812,-0.7283343917389882,0.321353536176211,0.7960773086847516,181.8654530787581,-531.0,2.297910947416881,183.0,-531.0,1.112177514882185,-0.7058196023024741,0.20392269131524843,-89.34733738922232,217.46319960790055,TRACK
62.0,181.83116805142208,-533.2809410030733,1.8030284971739077,2.7106258663496585,-0.7234123456220823,0.3326189760199507,0.7962165566019107,181.83116805142208,-531.0,2.2809410030732806,183.0,-531.0,1.0972509908734118,-0.7057775063004958,0.2037834433980893,-84.75735058927478,212.48844693586466,TRACK
62.052,181.79431901852433,-533.2619770472184,1.786892034580409,2.695104086798351,-0.7182403614661252,0.3438443449749899,0.7963028007047759,181.79431901852433,-531.0,2.261977047218352,183.0,-531.0,1.0810822967019686,-0.7058097378784403,0.20369719929522412,-84.75735058927478,212.48844693586466,TRACK
62.1,181.76059965442025,-533.2439372659484,1.7719727852026874,2.679432725596469,-0.7127265982119393,0.3550388959939847,0.7962611515497856,181.76059965442025,-531.0,2.243937265948375,183.0,-531.0,1.066163797306666,-0.7058089878960214,0.2037388484502144,-88.9154510023941,216.5857341255964,TRACK
62.152,181.72438860891202,-533.2238214029084,1.759431030078771,2.663711113751453,-0.7070004797585043,0.36617051439621673,0.7961975408100337,181.72438860891202,-531.0,2.2238214029083565,183.0,-531.0,1.0500055382057665,-0.7094254918730045,0.2038024591899663,-88.9154510023941,216.5857341255964,TRACK
62.2,181.69124952283983,-533.2047306497141,1.743340121083513,2.648037574399983,-0.7011894811194531,0.377214243065909,0.7962143389843934,181.69124952283983,-531.0,2.2047306497140653,183.0,-531.0,1.0350884981769957,-0.7082516229065174,0.20378566101560658,-93.30194734707737,221.19778898481735,TRACK
62.252,181.6556674500069,-533.1834857574815,1.728419349260365,2.6323822457928436,-0.6952678837185731,0.3881837249424728,0.7962939372120804,181.6556674500069,-531.0,2.1834857574815487,183.0,-531.0,1.0189257823025495,-0.7094935669578155,0.20370606278791958,-93.30194734707737,221.19778898481735,TRACK
62.3,181.62310971927118,-533.1633595790826,1.712281834851979,2.616807368950182,-0.6893242443649379,0.39907280537186807,0.7965092704147677,181.62310971927118,-531.0,2.1633595790825666,183.0,-531.0,1.003999036243634,-0.7082827986083451,0.2034907295852323,-89.53656552148556,217.27715248957458,TRACK
62.352,181.5881703472332,-533.1409999702179,1.697312304657038,2.601219511651197,-0.6832296090929568,0.4098946908502059,0.7967536359054161,181.5881703472332,-531.0,2.1409999702178766,183.0,-531.0,0.9878237117861574,-0.7094885928708806,0.20324636409458385,-89.53656552148556,217.27715248957458,TRACK
62.4,181.55624905278978,-533.1198488372298,1.6810358013118967,2.5855238634060265,-0.6768586845602564,0.4206585604238424,0.7969261592660265,181.55624905278978,-531.0,2.1198488372298243,183.0,-531.0,0.9728930315232912,-0.7081427697886055,0.2030738407339735,-89.67501314593126,216.97846579115617,TRACK
62.452,181.52202598233401,-533.0963882348444,1.6660665662747323,2.56980652598415,-0.6703057345702887,0.43133596494645016,0.7970950335148875,181.52202598233401,-531.0,2.096388234844426,183.0,-531.0,0.956716062067968,-0.7093505042067643,0.20290496648511247,-89.67501314593126,216.97846579115617,TRACK
62.5,181.490783546414,-533.0742319411779,1.647415534428,2.5540222333628484,-0.66350815605406,0.44192468520017186,0.7972079405898626,181.490783546414,-531.0,2.0742319411779135,183.0,-531.0,0.9417843511025993,-0.7056311833254006,0.20279205941013745,-89.57296762474118,216.74847349556796,TRACK
62.552,181.45732439092436,-533.0496928548588,1.6348232915875152,2.538185189935144,-0.6564861556924134,0.45241797252805804,0.797280436535478,181.45732439092436,-531.0,2.0496928548587903,183.0,-531.0,0.9256093841072064,-0.7092139074803088,0.20271956346452202,-89.57296762474118,216.74847349556796,TRACK
62.6,181.42679582988276,-533.0265521180703,1.6186698791511174,2.5223574020515134,-0.6493200921283366,0.46280622122598014,0.7973745546774254,181.42679582988276,-531.0,2.026552118070299,183.0,-531.0,0.9106771236128456,-0.7079927555382718,0.20262544532257465,-89.56488597539439,216.71740583940075,TRACK
62.652,181.3941283975814,-533.00095799947,1.603705508675763,2.506477675497356,-0.6419350080656934,0.47309214976070413,0.7974313366964622,181.3941283975814,-531.0,2.0009579994699607,183.0,-531.0,0.8945016005322444,-0.7092039081435186,0.20256866330353784,-89.56488597539439,216.71740583940075,TRACK
62.7,181.36434721859757,-532.9768536134285,1.5875555264146335,2.490606314912219,-0.6344121853330826,0.4832710455635179,0.7975147173432935,181.36434721859757,-531.0,1.9768536134284886,183.0,-531.0,0.8795686916506658,-0.7079868347639677,0.2024852826567065,-89.73363138848873,216.82058341718005,TRACK
62.752,181.33249732445577,-532.9502275721088,1.572593818912437,2.4747365446113796,-0.6267422079593896,0.4933399192679351,0.7976152400632172,181.33249732445577,-531.0,1.9502275721088154,183.0,-531.0,0.86338944707782,-0.7092043718346172,0.20238475993678284,-89.73363138848873,216.82058341718005,TRACK
62.8,181.30349516485003,-532.9251818595667,1.5563258460904377,2.458813924161122,-0.6188565156321372,0.5032959348104952,0.797677995770925,181.30349516485003,-531.0,1.9251818595666919,183.0,-531.0,0.8484554824925646,-0.707870363597873,0.20232200422907498,-89.80404073613641,216.77304834126835,TRACK
62.852,181.27250613043464,-532.8975489155362,1.541364877624721,2.442903615508729,-0.6108367744953035,0.5131333270630759,0.7977639854108782,181.27250613043464,-531.0,1.897548915536163,183.0,-531.0,0.8322749800594926,-0.7090898975652284,0.20223601458912177,-89.80404073613641,216.77304834126835,TRACK
62.9,181.24431412842353,-532.8715860649575,1.525097581724207,2.4269463216983085,-0.602610584752951,0.5228491147274027,0.7978162154453382,181.24431412842353,-531.0,1.8715860649574552,183.0,-531.0,0.8173397372459366,-0.7077578444782704,0.2021837845546618,-89.69345476522497,216.59841255513626,TRACK
62.952,181.21422909495968,-532.8429732960332,1.5064577199168252,2.410953091734669,-0.5941922976345523,0.5324378692555365,0.7978437009750745,181.21422909495968,-531.0,1.8429732960331648,183.0,-531.0,0.8011605457485306,-0.7052971741682946,0.2021562990249255,-89.69345476522497,216.59841255513626,TRACK
63.0,181.18687827723267,-532.8161184642629,1.4939922471566929,2.3949818102064437,-0.585658039388578,0.5419010966742754,0.7979048424951785,181.18687827723267,-531.0,1.8161184642628996,183.0,-531.0,0.7862238846669304,-0.7077683624897625,0.20209515750482154,-85.11399593538701,212.01006332609998,TRACK
63.052,181.1577316892022,-532.786554524512,1.4790464136778014,2.3789131751892563,-0.5768566834999536,0.5512237688540265,0.7978792368825014,181.1577316892022,-531.0,1.7865545245119847,183.0,-531.0,0.7700462402417514,-0.70900017343605,0.2021207631174986,-85.11399593538701,212.01006332609998,TRACK
63.1,181.13127870995953,-532.7588367892836,1.4629489624783667,2.362787999484025,-0.5678431512527697,0.5604039357956374,0.7978085081521235,181.13127870995953,-531.0,1.7588367892835777,183.0,-531.0,0.7551158336433779,-0.7078331288349888,0.20219149184787655,-93.82919137714285,220.72809037086105,TRACK
63.152,181.10309586582866,-532.7283508985392,1.4480410349641393,2.3467413527697087,-0.5587902684258845,0.5694560536616693,0.7978262725301756,181.10309586582866,-531.0,1.7283508985392473,183.0,-531.0,0.7389374490207177,-0.7091035859434216,0.20217372746982443,-93.82919137714285,220.72809037086105,TRACK
63.2,181.0775201431735,-532.6997930325866,1.4293031170500503,2.3307784971121976,-0.5497033188373762,0.5783808741179377,0.7979336904068256,181.0775201431735,-531.0,1.6997930325866264,183.0,-531.0,0.7239983400976222,-0.7053047769524281,0.2020663095931744,-89.89828046468703,216.87118227572688,TRACK
63.252,181.05029810843405,-532.6684109292482,1.416837665866572,2.3148589648262923,-0.5405323910675575,0.5871732637235284,0.7980900371668294,181.05029810843405,-531.0,1.668410929248239,183.0,-531.0,0.7078090208483895,-0.7090286450181825,0.20190996283317064,-89.89828046468703,216.87118227572688,TRACK
63.3,181.02564022400426,-532.6390420576714,1.3981994929013228,2.298874768218352,-0.5311431281610935,0.5958106433346068,0.7981875376774245,181.02564022400426,-531.0,1.6390420576714178,183.0,-531.0,0.6928648268266846,-0.7053346660746382,0.20181246232257555,-89.84576597584521,216.51297675604474,TRACK
63.352,180.99944417874968,-532.6068018480432,1.3856131808260477,2.2828560539015363,-0.5215625686720488,0.604278329126403,0.7982354365045334,180.99944417874968,-531.0,1.606801848043233,183.0,-531.0,0.6766755704450624,-0.7089376103809852,0.20176456349546656,-89.84576597584521,216.51297675604474,TRACK
63.396,180.97573789758175,-532.5766578061888,1.3694696950420977,2.26687187794832,-0.5118739698196647,0.6125812191207906,0.7982923718779086,180.97573789758175,-531.0,1.5766578061887913,183.0,-531.0,0.6617297373220763,-0.7077399577200214,0.20170762812209142,-89.82417852441533,216.4713504271047,TRACK
63.452,180.95058628412812,-532.5435972071176,1.3507139120291203,2.2508653054461796,-0.5020077863207024,0.6207010554076248,0.7982992031254643,180.95058628412812,-531.0,1.5435972071176138,183.0,-531.0,0.6455393637507865,-0.7051745482783338,0.20170079687453568,-89.82417852441533,216.4713504271047,TRACK
63.5,180.92785621337825,-532.5127129856303,1.3383725070612082,2.234897485251101,-0.49204516032627255,0.6286531343600374,0.7983189858328603,180.92785621337825,-531.0,1.5127129856302872,183.0,-531.0,0.6305928752824163,-0.707779631778792,0.20168101416713968,-85.24849760991876,211.9019443896776,TRACK
63.552,180.90377641598636,-532.4788701060519,1.3234299954383615,2.218902392534284,-0.4819049135805573,0.6364131498809258,0.798281932073153,180.90377641598636,-531.0,1.478870106051886,183.0,-531.0,0.6144027304628301,-0.7090272649755314,0.201718067926847,-85.24849760991876,211.9019443896776,TRACK
63.6,180.88207212036775,-532.4472886741909,1.307215784106607,2.2028063775999702,-0.4714986827130637,0.6439498214092194,0.7981117592750528,180.88207212036775,-531.0,1.4472886741908724,183.0,-531.0,0.5994647016297406,-0.7077510824768664,0.20188824072494715,-94.09345998028175,220.79748233864098,TRACK
63.648,180.8591005902169,-532.4127070991282,1.2923103058891792,2.1868201261778313,-0.4610902120864373,0.6513279852995374,0.7980177492488937,180.8591005902169,-531.0,1.4127070991281698,183.0,-531.0,0.5832797806169543,-0.7090305252722249,0.20198225075110632,-94.09345998028175,220.79748233864098,TRACK
63.7,180.83839540999963,-532.380452569045,1.2760670402296541,2.170945180283225,-0.4506839102738238,0.6585524723009977,0.7980020963340011,180.83839540999963,-531.0,1.3804525690450191,183.0,-531.0,0.5683364175164869,-0.7077306227131672,0.2019979036659989,-89.77732697665013,216.75188726678087,TRACK
63.752,180.81652302401233,-532.3451615130681,1.2574317785564622,2.155079052306874,-0.44016252428488756,0.665595060686538,0.7979723257075776,180.81652302401233,-531.0,1.345161513068092,183.0,-531.0,0.5521475901428805,-0.7052841884135816,0.2020276742924224,-89.77732697665013,216.75188726678087,TRACK
63.8,180.79685238843905,-532.3122716384502,1.244968215053754,2.1392267851570397,-0.4295373585069844,0.6724587918685887,0.7979368202524054,180.79685238843905,-531.0,1.31227163845017,183.0,-531.0,0.5372036964701137,-0.7077645185836403,0.20206317974759458,-85.16605380822597,212.05474784015547,TRACK
63.848,180.77612954422267,-532.2763188127258,1.230024433442639,2.1232833659233847,-0.4186799652551537,0.6790883878595092,0.7977806414244983,180.77612954422267,-531.0,1.2763188127257763,183.0,-531.0,0.5210205884121958,-0.7090038450304431,0.20221935857550166,-85.16605380822597,212.05474784015547,TRACK
63.9,180.7575452485492,-532.2428438993682,1.2139300783611628,2.1072971264860874,-0.407652466701514,0.685495362008002,0.7975490109970111,180.7575452485492,-531.0,1.2428438993681539,183.0,-531.0,0.5060878081407637,-0.7078422702203991,0.20245098900298886,-93.76314431362778,220.8314640584025,TRACK
63.952,180.73798586326583,-532.2062702232408,1.1990242069866741,2.0914050799387214,-0.3966238119940867,0.6917409592391102,0.7973807139188688,180.73798586326583,-531.0,1.2062702232408355,183.0,-531.0,0.48991006311489044,-0.7091141438717836,0.20261928608113122,-93.76314431362778,220.8314640584025,TRACK
64.0,180.72045970536578,-532.172231365,1.1827806355636516,2.0756100357643055,-0.38560037915068657,0.6978316315113879,0.7972807776053545,180.72045970536578,-531.0,1.172231365000016,183.0,-531.0,0.47497479887124644,-0.7078058366924052,0.20271922239464546,-89.6968632380375,217.0908361704042,TRACK
64.052,180.70205238980157,-532.1350641820654,1.1678247243424673,2.059868233537579,-0.3745356396686294,0.7037542917728219,0.7972120474319587,180.70205238980157,-531.0,1.1350641820654346,183.0,-531.0,0.4587934431251377,-0.7090312812173296,0.20278795256804127,-89.6968632380375,217.0908361704042,TRACK
64.1,180.68561487827733,-532.1005019430378,1.1491908664869575,2.044068399989597,-0.36330502064882286,0.7094566158956829,0.7970691487360404,180.68561487827733,-531.0,1.1005019430377843,183.0,-531.0,0.44386037704291054,-0.7053304894440469,0.2029308512639596,-89.48637444147508,216.85597685324652,TRACK
64.148,180.66841203199118,-532.0627962562634,1.1366050899639855,2.0282358380467427,-0.3519366518862134,0.7149350766984219,0.7968635835791822,180.66841203199118,-531.0,1.0627962562633684,183.0,-531.0,0.42768748765865994,-0.7089176023053255,0.2031364164208178,-89.48637444147508,216.85597685324652,TRACK
64.2,180.65308605917045,-532.0277552135357,1.1204660932600956,2.0124400354717236,-0.34051070887721346,0.7202154030767651,0.7966541091898602,180.65308605917045,-531.0,1.02775521353567,183.0,-531.0,0.41276100281831146,-0.7077050904417841,0.20334589081013976,-89.29380603252429,216.9463202685044,TRACK
64.252,180.63709526205238,-531.9895534185202,1.1055133415273888,1.9966182496254097,-0.3289623259879454,0.7252674784499102,0.7963850370370417,180.63709526205238,-531.0,0.989553418520245,183.0,-531.0,0.39659630079593394,-0.7089170407314549,0.20361496296295833,-89.29380603252429,216.9463202685044,TRACK
64.3,180.62289519436965,-531.9540741835555,1.089377755018392,1.980833030841943,-0.317367672078781,0.7301266159439697,0.7961200378024018,180.62289519436965,-531.0,0.9540741835554627,183.0,-531.0,0.3816780229698518,-0.7076997320485403,0.20387996219759819,-89.25193329430644,217.23376014915456,TRACK
64.352,180.60812256221945,-531.9154147392204,1.0744278541783885,1.9650743521687475,-0.3057201647852182,0.7347900987725586,0.7958525670062813,180.60812256221945,-531.0,0.9154147392204095,183.0,-531.0,0.3655199768824294,-0.7089078772959592,0.20414743299371874,-89.25193329430644,217.23376014915456,TRACK
64.4,180.59506046358817,-531.879536755109,1.058171140716104,1.9492871233276583,-0.29396257629680933,0.7392238650142997,0.795528703988572,180.59506046358817,-531.0,0.8795367551090294,183.0,-531.0,0.35061089453689825,-0.7075602461792059,0.204471296011428,-89.08097081385431,217.38319182578118,TRACK
64.448,180.58152680452082,-531.8404669700059,1.0432223924034865,1.9335328778383216,-0.2821676106231724,0.7434652196843932,0.7952100938526581,180.58152680452082,-531.0,0.8404669700058776,183.0,-531.0,0.33446345109788983,-0.7087589413055966,0.20478990614734194,-89.08097081385431,217.38319182578118,TRACK
64.5,180.5696140048319,-531.8042302929708,1.0269669441900129,1.9177498770584216,-0.2702731113034994,0.7474781628420784,0.7948403352997647,180.5696140048319,-531.0,0.8042302929708285,183.0,-531.0,0.3195647311272032,-0.7074022130628097,0.20515966470023528,-88.70135682385866,217.41293761319423,TRACK
64.552,180.5573398880887,-531.7647983361418,1.012019840011206,1.9019439754190932,-0.2582917696571661,0.7512682075812964,0.794429706138337,180.5573398880887,-531.0,0.76479833614178,183.0,-531.0,0.3034319367007002,-0.7085879033105058,0.20557029386166303,-88.70135682385866,217.41293761319423,TRACK
64.6,180.54658805814213,-531.7282429145156,0.9934000764026077,1.8861711734211148,-0.24628841030425824,0.7548742842855458,0.7940359980037516,180.54658805814213,-531.0,0.7282429145155902,183.0,-531.0,0.2885447505150472,-0.7048553258875605,0.20596400199624842,-88.40110377054103,217.61209651313746,TRACK
64.648,180.53557755248596,-531.6884867712174,0.9809472645969258,1.8703630106708,-0.2341966393835419,0.7582577108309954,0.7936011730921309,180.53557755248596,-531.0,0.6884867712174128,183.0,-531.0,0.2724248122829003,-0.7085224523140256,0.20639882690786915,-88.40110377054103,217.61209651313746,TRACK
64.7,180.52599743764392,-531.6516508349837,0.9648222652779104,1.8545777030178814,-0.22208281965582521,0.7614628804110753,0.7931875547625628,180.52599743764392,-531.0,0.651650834983684,183.0,-531.0,0.2575495820789692,-0.7072726831989411,0.20681244523743725,-88.26543119158265,217.95683964734854,TRACK
64.752,180.51625362074896,-531.6116055511219,0.9498821165492449,1.838801862137863,-0.2099372157231955,0.7644864367215709,0.7927882103543493,180.51625362074896,-531.0,0.6116055511218974,183.0,-531.0,0.24143969791025321,-0.7084424186389917,0.20721178964565068,-88.26543119158265,217.95683964734854,TRACK
64.8,180.50785401820823,-531.574526153997,0.931146350396146,1.8229800799262512,-0.19770629207949325,0.7672867879047298,0.7923489085125187,180.50785401820823,-531.0,0.5745261539969988,183.0,-531.0,0.22657617470767516,-0.7045701756884708,0.2076510914874813,-88.01739510813304,218.14835855106207,TRACK
64.852,180.49939343326545,-531.5342374513476,0.915025344811225,1.8071723841653982,-0.18545533465884764,0.7699103722780785,0.7919316021569,180.49939343326545,-531.0,0.5342374513476216,183.0,-531.0,0.21047889349197893,-0.7045464513192461,0.20806839784310005,-88.01739510813304,218.14835855106207,TRACK
64.9,180.4921821483432,-531.4969523417561,0.9000883474289785,1.7913193873205104,-0.17312825341964944,0.7723123327520502,0.7914794573790604,180.4921821483432,-531.0,0.4969523417561277,183.0,-531.0,0.19562691569064267,-0.7044614317383358,0.20852054262093955,-83.02112120563818,213.64567209598545,TRACK
64.952,180.4850290275878,-531.4564741943823,0.8875296225333545,1.7753688514346486,-0.16067936980713698,0.7744520851513017,0.7909449361850784,180.4850290275878,-531.0,0.456474194382281,183.0,-531.0,0.17954816283390604,-0.7079814596994485,0.20905506381492156,-83.02112120563818,213.64567209598545,TRACK
65.0,180.47903436919182,-531.4190394410364,0.8714587954719318,1.7593601050519998,-0.14815264117874088,0.7763555984955659,0.7903652449365705,180.47903436919182,-531.0,0.41903944103637514,183.0,-531.0,0.16471580148267886,-0.706742993989253,0.20963475506342955,-91.21271548415291,222.44622986675347,TRACK
65.052,180.47319093525672,-531.3784110051985,0.8565745146778445,1.7433734741545737,-0.1356300220985677,0.7780917648541189,0.7898242193224106,180.47319093525672,-531.0,0.3784110051984726,183.0,-531.0,0.148653703059272,-0.7079208116185725,0.21017578067758935,-91.21271548415291,222.44622986675347,TRACK
65.1,180.46838195263086,-531.3408331841398,0.8404805487994632,1.7275286902664198,-0.12322501267764333,0.7797645923747598,0.7894410828369529,180.46838195263086,-531.0,0.3408331841397967,183.0,-531.0,0.13382589386735058,-0.7066546549321127,0.2105589171630471,-87.06385712367917,218.98213888099355,TRACK
65.148,180.46381614107062,-531.3000589885959,0.8255501679061221,1.711708604010379,-0.11082768220362288,0.7812886858199284,0.7891101226906534,180.46381614107062,-531.0,0.3000589885958789,183.0,-531.0,0.11776378115893843,-0.7077863867471836,0.2108898773093466,-87.06385712367917,218.98213888099355,TRACK
65.2,180.46020867344035,-531.2623807006779,0.8068265603305411,1.695806209472218,-0.09834244490310647,0.7825751618514742,0.7887300681579101,180.46020867344035,-531.0,0.26238070067790886,183.0,-531.0,0.10294279191115167,-0.7038837684193895,0.21126993184208986,-86.8693825091135,218.97462086850538,TRACK
65.252,180.45695168812222,-531.2215229717785,0.7943863893636043,1.6799020106795206,-0.08584460575136871,0.7836777997184772,0.7883655180867575,180.45695168812222,-531.0,0.22152297177854052,183.0,-531.0,0.08688989558417495,-0.7074964937794294,0.21163448191324252,-86.8693825091135,218.97462086850538,TRACK
65.3,180.45455243186117,-531.1837872467842,0.7781536541833175,1.6639474886576413,-0.0732935706418282,0.7845468979009991,0.7879630590982736,180.45455243186117,-531.0,0.18378724678416347,183.0,-531.0,0.07207725374228634,-0.7060764004410311,0.21203694090172642,-86.44288584317734,218.97340801010023,TRACK
65.352,180.45261156476116,-531.1428946114469,0.7632285827277595,1.647954084681932,-0.06070434947499903,0.7851943753288868,0.7875374436135107,180.45261156476116,-531.0,0.1428946114468772,183.0,-531.0,0.056035826522383946,-0.7071927562053756,0.21246255638648925,-86.44288584317734,218.97340801010023,TRACK
65.4,180.45142196893104,-531.1051391662229,0.7471246772234431,1.631981671557812,-0.048131963419985775,0.7856764653886145,0.7871494103206897,180.45142196893104,-531.0,0.10513916622289798,183.0,-531.0,0.04123067076698887,-0.7058940064564543,0.21285058967931025,-86.13168475053189,219.16027266169178,TRACK
65.448,180.4507923492402,-531.0642447072776,0.7322048860647857,1.615964406625352,-0.035523601065189425,0.7859408684808304,0.7867432713287358,180.4507923492402,-531.0,0.0642447072775667,183.0,-531.0,0.025196500230339425,-0.7070083858344463,0.21325672867126422,-86.13168475053189,219.16027266169178,TRACK
65.5,180.45081385973884,-531.026504908769,0.7134964951872895,1.599963758387638,-0.022933493306449438,0.7860475953043775,0.7863820745661942,180.45081385973884,-531.0,0.02650490876897038,183.0,-531.0,0.01039702566230402,-0.7030994695249855,0.21361792543380576,-86.02277493533141,219.47128519885467,TRACK
65.552,180.45148996725968,-530.9856388854789,0.6974009623573201,1.5839713524271273,-0.010356046951287102,0.7859907090923784,0.7860589306712298,180.45148996725968,-531.0,0.014361114521079799,183.0,-531.0,-0.005635042566075171,-0.7030360049233952,0.21394106932877022,-86.02277493533141,219.47128519885467,TRACK
65.596,180.45272183899095,-530.9479487243722,0.6849731205695339,1.567931480610634,0.0022509675222346977,0.7857180523135198,0.7857212766535835,180.45272183899095,-531.0,0.05205127562783218,183.0,-531.0,-0.020431232655901656,-0.7054043532254355,0.2142787233464165,-81.13127302742443,214.90077455995765,TRACK
65.652,180.45471521005817,-530.9071637740142,0.6664148959021327,1.5518486895569412,0.014880049534166268,0.7852308229517502,0.785371798059761,180.45471521005817,-531.0,0.09283622598582042,183.0,-531.0,-0.036457645647466966,-0.7028725415495997,0.21462820194023902,-81.13127302742443,214.90077455995765,TRACK
65.7,180.45717220494285,-530.8695796742701,0.6539038518491462,1.5356427438486495,0.027587619898011916,0.7844507622193171,0.7849357140034493,180.45717220494285,-531.0,0.13042032572991502,183.0,-531.0,-0.05124458070941231,-0.7051484325585585,0.2150642859965507,-85.05344195603088,219.2025488879683,TRACK
65.752,180.4604940183716,-530.8289326865748,0.6354049423062655,1.5194166742138524,0.040290312550332164,0.7834784895452682,0.7845137684359265,180.4604940183716,-531.0,0.17106731342516923,183.0,-531.0,-0.06726082405877296,-0.7026657663650385,0.21548623156407354,-85.05344195603088,219.2025488879683,TRACK
65.8,180.4641586717357,-530.7914713527595,0.623030643525834,1.5032751324776499,0.05291013393759325,0.7824165772748364,0.7842035339551614,180.4641586717357,-531.0,0.20852864724054143,183.0,-531.0,-0.08204792079882449,-0.7050785643246585,0.2157964660448386,-84.69488073236681,219.40284835326923,TRACK
65.852,180.46878244655576,-530.7509680195948,0.6044068760844727,1.4871287677058782,0.06551314834830402,0.7811893638370258,0.7839316263416114,180.46878244655576,-531.0,0.24903198040522057,183.0,-531.0,-0.09806866100135361,-0.7024755370858263,0.2160683736583886,-84.69488073236681,219.40284835326923,TRACK
65.9,180.47364840135285,-530.7136544111927,0.5921568718520449,1.47102697232453,0.07806446682179205,0.779851481092608,0.7837489352736022,180.47364840135285,-531.0,0.28634558880730765,183.0,-531.0,-0.11286186409903572,-0.7050187359510807,0.21625106472639777,-84.59304338913003,219.48159639063348,TRACK
65.952,180.47956610286505,-530.6733202525458,0.5773078155951443,1.4549573898132635,0.0905725866893842,0.7783833766800387,0.7836351667398707,180.47956610286505,-531.0,0.32667974745425,183.0,-531.0,-0.12889392860113127,-0.7062017441962756,0.21636483326012934,-84.59304338913003,219.48159639063348,TRACK
66.0,180.4856281315575,-530.6361859656066,0.561159129632594,1.4388624040125533,0.1030744738971429,0.776720037106545,0.7835294271512496,180.4856281315575,-531.0,0.36381403439338555,183.0,-531.0,-0.14369651946936007,-0.704855649101954,0.21647057284875038,-89.41615855925117,224.32309627935985,TRACK
66.052,180.49283127420824,-530.5960535064361,0.5462977412257948,1.422875002824745,0.11548109895166085,0.7749903454593662,0.7835470118444144,180.49283127420824,-531.0,0.40394649356392165,183.0,-531.0,-0.15974379790153226,-0.706041539127327,0.21645298815558556,-89.41615855925117,224.32309627935985,TRACK
66.1,180.50006643463703,-530.5591056959242,0.527740799289327,1.4069567776228629,0.12781909244519923,0.7731548428641085,0.7836492400543362,180.50006643463703,-531.0,0.4408943040757549,183.0,-531.0,-0.17456728427075235,-0.7023080835600795,0.21635075994566377,-85.19831245138812,220.04820115804125,TRACK
66.152,180.5085421398112,-530.51920210878,0.5151874053290562,1.3910375791407728,0.14013042568470202,0.7711324844097738,0.7837613442334126,180.5085421398112,-531.0,0.4807978912200497,183.0,-531.0,-0.19063512685470052,-0.7058225321837567,0.2162386557665874,-85.19831245138812,220.04820115804125,TRACK
66.2,180.5169520716625,-530.482490033166,0.49909485791866387,1.3751251251084873,0.15240719644414571,0.7689283328850283,0.7838869399609316,180.5169520716625,-531.0,0.5175099668340408,183.0,-531.0,-0.2054757929534678,-0.7045706508721317,0.21611306003906838,-85.2360911299067,219.81471346154603,TRACK
66.252,180.52669846950093,-530.4428682447864,0.48418410944422696,1.3591817867238414,0.1646654323704237,0.7664885304686141,0.7839766399311106,180.52669846950093,-531.0,0.5571317552136179,183.0,-531.0,-0.22156030436081783,-0.7057444138050448,0.21602336006888945,-85.2360911299067,219.81471346154603,TRACK
66.3,180.53627440405302,-530.4064327997318,0.46809550051659254,1.3432840117750047,0.17685705381642125,0.7638926649945382,0.7840984766705533,180.53627440405302,-531.0,0.5935672002682395,183.0,-531.0,-0.23641715960372978,-0.7045126601203223,0.21590152332944668,-85.4364985713576,219.89613624989425,TRACK
66.352,180.5472721908705,-530.3671192458555,0.4531878888480898,1.3274313998816674,0.18898065009834342,0.7611406910288058,0.7842504941990158,180.5472721908705,-531.0,0.6328807541444803,183.0,-531.0,-0.2525232132767749,-0.7057111021248648,0.21574950580098418,-85.4364985713576,219.89613624989425,TRACK
66.4,180.558000072541,-530.3309909695593,0.4344912452979801,1.3115722648635528,0.20106155974468412,0.7581767971623299,0.7843837113060762,180.558000072541,-531.0,0.6690090304407477,183.0,-531.0,-0.2673985906944857,-0.7018898359924658,0.2156162886939238,-85.57020173362334,219.8494355526458,TRACK
66.452,180.57023792240156,-530.2920263958542,0.4184047512224003,1.295776238214003,0.21306015712624835,0.7550764719393134,0.7845604559439523,180.57023792240156,-531.0,0.7079736041457636,183.0,-531.0,-0.2835259249962193,-0.7019306762186196,0.2154395440560477,-85.57020173362334,219.8494355526458,TRACK
66.5,180.58210299006066,-530.2562351054929,0.4058565630324902,1.2799841709106756,0.22500522047967447,0.7517778656451461,0.784727537758857,180.58210299006066,-531.0,0.7437648945070805,183.0,-531.0,-0.2984220764180442,-0.7042786394505344,0.21527246224114305,-81.00785239885845,215.09818737083407,TRACK
66.552,180.59557270216084,-530.2176703308907,0.39096095313861956,1.2641484107861005,0.23691491706295462,0.7482262109537818,0.7848382895126867,180.59557270216084,-531.0,0.7823296691093446,183.0,-531.0,-0.3145669509862416,-0.7055279041248612,0.21516171048731325,-81.00785239885845,215.09818737083407,TRACK
66.6,180.60856994183354,-530.1822708768066,0.3749200975151517,1.2483082528087373,0.24876623537104792,0.7444680564831507,0.7849314154653789,180.60856994183354,-531.0,0.8177291231934305,183.0,-531.0,-0.3294777732551145,-0.7043978707702663,0.21506858453462108,-89.64811937072945,223.60182023106046,TRACK
66.652,180.62325185180458,-530.1441325844039,0.3600607125481885,1.2325500677375136,0.2605186008732059,0.7406042817319447,0.7850889398791849,180.62325185180458,-531.0,0.8558674155960944,183.0,-531.0,-0.34564425641883967,-0.7057049689670282,0.21491106012081507,-89.64811937072945,223.60182023106046,TRACK
66.7,180.63734862717226,-530.1091078383645,0.3439921302475051,1.2169932632010323,0.272126077623552,0.7367815563299003,0.7854296046563877,180.63734862717226,-531.0,0.8908921616355201,183.0,-531.0,-0.36058689980155145,-0.7045790300490565,0.21457039534361233,-86.02262190749596,219.8521438943109,TRACK
66.752,180.65321013666227,-530.071375865845,0.3290819043223936,1.2015228889935758,0.28364211048422777,0.7328732112650154,0.785847307452181,180.65321013666227,-531.0,0.9286241341550294,183.0,-531.0,-0.37679376652372565,-0.7058756708461192,0.214152692547819,-86.02262190749596,219.8521438943109,TRACK
66.8,180.66839803177697,-530.0367626289459,0.3128642667193291,1.1860267162436484,0.29511244035948136,0.7287557730446839,0.7862419024707874,180.66839803177697,-531.0,0.963237371054106,183.0,-531.0,-0.3917674927701314,-0.7046317594894604,0.2137580975292126,-86.37955138954199,219.53436562502236,TRACK
66.852,180.685434788064,-529.9994981184946,0.2942841740123372,1.170590710491837,0.3064935612423869,0.7245100728245477,0.7866721990176545,180.685434788064,-531.0,1.0005018815054427,183.0,-531.0,-0.40800671112863574,-0.7022908851409729,0.2133278009823455,-86.37955138954199,219.53436562502236,TRACK
66.9,180.7016971260603,-529.9653303866852,0.28172824207248204,1.1551625715038218,0.3178003626974065,0.720071258445875,0.7870830246997005,180.7016971260603,-531.0,1.0346696133148043,183.0,-531.0,-0.42301070437380894,-0.704738946446291,0.21291697530029952,-81.98787697033596,214.6549654459771,TRACK
66.952,180.71989283827358,-529.9285832441138,0.26682199001137596,1.139697664250427,0.3290413756503422,0.7153828545278375,0.7874267302055897,180.71989283827358,-531.0,1.0714167558861618,183.0,-531.0,-0.4392769657458178,-0.7060989557571937,0.21257326979441027,-81.98787697033596,214.6549654459771,TRACK
67.0,180.737216665394,-529.8949154861735,0.25076798048984594,1.1242378399638568,0.3401964669256856,0.7104929237577221,0.7877396973737679,180.737216665394,-531.0,1.105084513826455,183.0,-531.0,-0.4543036141451563,-0.7050715946350022,0.21226030262623208,-90.79886960481186,223.08633072158744,TRACK
67.052,180.75654694468574,-529.8587108656953,0.23589480847922029,1.1088707462345129,0.35123535258077,0.7055053459688464,0.7881015582354596,180.75654694468574,-531.0,1.1412891343046567,183.0,-531.0,-0.47059914166162364,-0.7064939501408439,0.21189844176454042,-90.79886960481186,223.08633072158744,TRACK
67.1,180.7748999750125,-529.825523374552,0.21980958841955897,1.0937178096082578,0.36212715864342254,0.7005705978003958,0.7886287095519428,180.7748999750125,-531.0,1.174476625448051,183.0,-531.0,-0.48566366815793255,-0.7054732565774915,0.21137129044805725,-87.3183082856982,219.27474471717932,TRACK
67.148,180.7953320276606,-529.7898387560541,0.20488244200289163,1.078666715125013,0.3729060844036186,0.6955558207672226,0.7892128024737076,180.7953320276606,-531.0,1.2101612439458904,183.0,-531.0,-0.5020049094917571,-0.7068873514946488,0.21078719752629238,-87.3183082856982,219.27474471717932,TRACK
67.196,180.81469818546748,-529.757168298594,0.18864463124051278,1.0636070766341261,0.38360052220411694,0.6903333691451413,0.7897528228443081,180.81469818546748,-531.0,1.2428317014059758,183.0,-531.0,-0.5171042554858221,-0.7057488867263348,0.21024717715569186,-87.79401662018215,218.91766100061074,TRACK
67.252,180.83621654716748,-529.7220648532077,0.1737104940101963,1.048626075585256,0.3941754662596446,0.684989880044554,0.7903071769663114,180.83621654716748,-531.0,1.277935146792288,183.0,-531.0,-0.5334806538333047,-0.707191147843501,0.20969282303368864,-87.79401662018215,218.91766100061074,TRACK
67.296,180.85657204237293,-529.6899437096627,0.15746524565874576,1.0336693466326268,0.40463953894183863,0.6794600937116441,0.7908218354482253,180.85657204237293,-531.0,1.310056290337343,183.0,-531.0,-0.5486117830373468,-0.7060770286960926,0.20917816455177474,-88.04071579121911,218.57057771695952,TRACK
67.352,180.87915033023526,-529.6554584963674,0.14252461430313956,1.0187509317837071,0.4149849455394009,0.6737610734769486,0.7913068236513253,180.87915033023526,-531.0,1.3445415036326267,183.0,-531.0,-0.5650191029970734,-0.7075437173002129,0.20869317634867468,-88.04071579121911,218.57057771695952,TRACK
67.4,180.9004708522978,-529.6239124077682,0.12639918077353451,1.003926846936337,0.42520235463984296,0.6679682604621942,0.7918198275972612,180.9004708522978,-531.0,1.3760875922317837,183.0,-531.0,-0.5801807129718073,-0.7065798937453418,0.20818017240273878,-88.3994947049795,218.42716970198833,TRACK
67.452,180.92408194624645,-529.5900637757983,0.10765343819357653,0.9891320045970715,0.43530235517035876,0.6620066998673049,0.7923010861320721,180.92408194624645,-531.0,1.409936224201715,183.0,-531.0,-0.5966204033533254,-0.704273841546902,0.20769891386792794,-88.3994947049795,218.42716970198833,TRACK
67.5,180.94634479504472,-529.5591175463727,0.09532196473514265,0.9744216331068621,0.44527980334816675,0.655953944475267,0.7928112515236169,180.94634479504472,-531.0,1.440882453627296,183.0,-531.0,-0.6118113702094802,-0.7071333349446228,0.20718874847638313,-84.2295859838261,213.71275825104425,TRACK
67.552,180.97096446205353,-529.5259336629734,0.08038176908776729,0.9597244220243084,0.45514116935094817,0.6497231252500718,0.7932802931643197,180.97096446205353,-531.0,1.4740663370265565,183.0,-531.0,-0.6282816688301557,-0.708663437917923,0.2067197068356803,-84.2295859838261,213.71275825104425,TRACK
67.6,180.99414836042575,-529.495638935303,0.06416273803560646,0.944959999910159,0.46489101904229413,0.6432190873431864,0.7936337026039055,180.99414836042575,-531.0,1.5043610646970365,183.0,-531.0,-0.6434922817661999,-0.7076550198018063,0.20636629739609447,-93.49626007646074,222.44811734438932,TRACK
67.648,181.01975136372437,-529.4631586409586,0.04925084880059405,0.9303430530845614,0.4745070691950578,0.6367097725526286,0.7940757477596854,181.01975136372437,-531.0,1.536841359041432,183.0,-531.0,-0.6599876028240289,-0.709238451624623,0.20592425224031463,-93.49626007646074,222.44811734438932,TRACK
67.7,181.04382931973214,-529.4334894292857,0.03299317203108276,0.9158694837950179,0.48399802420012294,0.6301993539404248,0.7946101642544925,181.04382931973214,-531.0,1.5665105707142857,183.0,-531.0,-0.6752313879785357,-0.7082245600096184,0.2053898357455075,-89.61433577847949,218.22150881411852,TRACK
67.752,181.0703900768952,-529.4017043848704,0.018020669126524336,0.9014378764696191,0.49337304278912264,0.623567379010448,0.7951435313935197,181.0703900768952,-531.0,1.5982956151295866,183.0,-531.0,-0.691760334417726,-0.7097810035442503,0.20485646860648032,-89.61433577847949,218.22150881411852,TRACK
67.8,181.09534232097042,-529.3726983034148,0.0018595592426184917,0.8870474104223056,0.5026359241947572,0.6168214736370341,0.7956831044020478,181.09534232097042,-531.0,1.6273016965851639,183.0,-531.0,-0.7070314718716322,-0.7088910311142507,0.2043168955979522,-90.02611721269682,217.90757759060955,TRACK
67.852,181.12283712734143,-529.3416526991896,-0.013120699316935045,0.8726530001498831,0.5117745474545194,0.6098947555340333,0.79616882647476,181.12283712734143,-531.0,1.6583473008104193,183.0,-531.0,-0.7235862006166658,-0.7104655012997307,0.20383117352524005,-90.02611721269682,217.90757759060955,TRACK
67.9,181.14863829536722,-529.313341233479,-0.03191435908836193,0.858318013882324,0.5207869727001762,0.6028693619031662,0.7966621231461584,181.14863829536722,-531.0,1.6866587665209636,183.0,-531.0,-0.7388794625684779,-0.706965103480116,0.20333787685384164,-90.55790236142968,217.89658442840448,TRACK
67.952,181.17703908170307,-529.2830516213845,-0.048088604721996386,0.844035614981681,0.5296706710541397,0.5957374743348225,0.7971537857288115,181.17703908170307,-531.0,1.7169483786154842,183.0,-531.0,-0.7554592992546943,-0.707370694532698,0.20284621427118854,-90.55790236142968,217.89658442840448,TRACK
67.996,181.2036634322686,-529.2554583783286,-0.060582729881594855,0.8297477991721511,0.5384218257254831,0.5884300889334888,0.7975888865699146,181.2036634322686,-531.0,1.7445416216713738,183.0,-531.0,-0.7707714946513201,-0.7101887647697253,0.20241111343008544,-86.23335729254347,213.05037045837827,TRACK
68.052,181.23294096422364,-529.2259715353598,-0.07556758432438881,0.8154553325072245,0.5470344979574238,0.5809486931738146,0.7979649904951305,181.23294096422364,-531.0,1.774028464640196,183.0,-531.0,-0.787366321446066,-0.7117987371216772,0.20203500950486952,-86.23335729254347,213.05037045837827,TRACK
68.1,181.2603592210617,-529.1991495285353,-0.09419979489090902,0.8010757232550774,0.5554972131164682,0.5731937836586742,0.7982031492077126,181.2603592210617,-531.0,1.8008504714647415,183.0,-531.0,-0.8026849156987542,-0.7084851208078452,0.20179685079228737,-95.27114654234495,221.7297398039979,TRACK
68.152,181.29048225996587,-529.1705064266664,-0.11047443933921763,0.7867634381327325,0.5638244119191914,0.5653660681107695,0.7984589898342014,181.29048225996587,-531.0,1.8294935733335933,183.0,-531.0,-0.8192861317136444,-0.7088116923744268,0.20154101016579862,-95.27114654234495,221.7297398039979,TRACK
68.2,181.31867233516783,-529.1444319675882,-0.12297220497790007,0.7726300736117961,0.5720384994284422,0.5576142083841971,0.7988502051200078,181.31867233516783,-531.0,1.8555680324118384,183.0,-531.0,-0.8346220117517732,-0.7116498067738731,0.20114979487999218,-86.8087817643542,213.15624232636497,TRACK
68.252,181.3496181848546,-529.1166186942421,-0.13797665979516327,0.7584430271873837,0.5801143975201658,0.5496539598943575,0.7991571746770049,181.3496181848546,-531.0,1.8833813057578936,183.0,-531.0,-0.8512380935503897,-0.7132614337552264,0.20084282532299513,-86.8087817643542,213.15624232636497,TRACK
68.3,181.37855231923865,-529.0913574617479,-0.1541399436569233,0.7441821450559907,0.5880524216051967,0.5414715608685265,0.7993729428653027,181.37855231923865,-531.0,1.9086425382521384,183.0,-531.0,-0.8665756155883156,-0.7124356719313923,0.2006270571346973,-95.82112128299858,221.68082745465446,TRACK
68.352,181.41029258062943,-529.0644224675337,-0.1691166688104,0.729995186840717,0.5958704487889864,0.5332497448518392,0.7996354682757261,181.41029258062943,-531.0,1.9355775324662545,183.0,-531.0,-0.8831964187528715,-0.7140797499424715,0.20036453172427393,-95.82112128299858,221.68082745465446,TRACK
68.396,181.43995074993438,-529.0399581202005,-0.18544464305341493,0.7158868534249746,0.6035732762281065,0.5249982001254083,0.7999523797774768,181.43995074993438,-531.0,1.960041879799519,183.0,-531.0,-0.8985441735366126,-0.7130995304831977,0.2000476202225232,-92.07946075669601,217.78735981234502,TRACK
68.452,181.47246376699155,-529.0138959211367,-0.2004805779353498,0.7018104031549579,0.6111602443561737,0.5166674776259756,0.8002887770785531,181.47246376699155,-531.0,1.9861040788632636,183.0,-531.0,-0.9151754001708311,-0.7146948222354813,0.19971122292144694,-92.07946075669601,217.78735981234502,TRACK
68.5,181.5028210199881,-528.9902677889016,-0.2168384304238713,0.6876510936835414,0.6186091285979267,0.5081223246711725,0.8005407864774428,181.5028210199881,-531.0,2.009732211098367,183.0,-531.0,-0.9305257900423356,-0.7136873596184643,0.19945921352255724,-92.1782668729434,217.43789429658185,TRACK
68.552,181.53607388588043,-528.9651436112134,-0.2318827539399262,0.6734282264990901,0.625913300171658,0.4993845531684399,0.8007199206183261,181.53607388588043,-531.0,2.0348563887865794,183.0,-531.0,-0.9471522087529953,-0.7152694548130691,0.1992800793816739,-92.1782668729434,217.43789429658185,TRACK
68.6,181.56710125003488,-528.9423873373256,-0.2481197142430296,0.6592018722680332,0.633084842071197,0.49053112332479376,0.8008852603279676,181.56710125003488,-531.0,2.057612662674387,183.0,-531.0,-0.9624979902779771,-0.7143782760349475,0.19911473967203241,-92.28585588645312,217.42077955184726,TRACK
68.652,181.60106504126895,-528.9182232432498,-0.2669959895330971,0.6449068674131418,0.6401075883448101,0.4814881710558092,0.8009797647402068,181.60106504126895,-531.0,2.0817767567501733,183.0,-531.0,-0.9791167933827108,-0.7121208038496137,0.19902023525979318,-92.28585588645312,217.42077955184726,TRACK
68.7,181.63273578329088,-528.8963676370333,-0.2794114070168794,0.6305972522849216,0.6470024263340255,0.47233110651484833,0.8010672967133642,181.63273578329088,-531.0,2.103632362966664,183.0,-531.0,-0.9944534617391281,-0.7150420547222487,0.19893270328663581,-87.78107342288044,212.8597959606811,TRACK
68.752,181.6673815763733,-528.8731963015221,-0.29445394537312364,0.6162023761702036,0.6537444151717956,0.46297613132981974,0.8010796830212582,181.6673815763733,-531.0,2.126803698477943,183.0,-531.0,-1.0110596928861726,-0.716605747513049,0.1989203169787418,-87.78107342288044,212.8597959606811,TRACK
68.8,181.6996604275874,-528.8522958185987,-0.31328327905906694,0.6016466364015748,0.6603004932978163,0.4533338400139232,0.8009421402018431,181.6996604275874,-531.0,2.147704181401309,183.0,-531.0,-1.0263749926811103,-0.7130917136220434,0.19905785979815693,-96.755747856138,221.86052662641322,TRACK
68.852,181.73495425103783,-528.8301594925199,-0.32948931205698817,0.5871315234549098,0.6667499015600064,0.4436614984624513,0.8008688759392675,181.73495425103783,-531.0,2.169840507480103,183.0,-531.0,-1.042960736236892,-0.7134714241799038,0.19913112406073252,-96.755747856138,221.86052662641322,TRACK
68.9,181.76782925114813,-528.8101942284575,-0.34216076739666934,0.5726527664258535,0.6731009784848936,0.43396002445573967,0.800865925147866,181.76782925114813,-531.0,2.189805771542524,183.0,-531.0,-1.0582663822144414,-0.716105614817772,0.19913407485213397,-87.85642872532951,213.23470862570667,TRACK
68.952,181.80375057131909,-528.7891022245805,-0.35721880301697545,0.5580495339477727,0.6792937525504998,0.4240394266069324,0.8007805177270959,181.80375057131909,-531.0,2.2108977754195394,183.0,-531.0,-1.0748353647008928,-0.7176165616839174,0.1992194822729041,-87.85642872532951,213.23470862570667,TRACK
69.0,181.83718299668215,-528.7701413422815,-0.37343629071986206,0.5433013444121332,0.68531904076346,0.4138820607245922,0.8006001173011305,181.83718299668215,-531.0,2.2298586577185233,183.0,-531.0,-1.0901161695539558,-0.7166798788340938,0.19939988269886955,-96.41344906655996,221.7783034711157,TRACK
69.048,181.87369499775602,-528.7501475057273,-0.3884620095363487,0.5284960655854039,0.6912112298780584,0.40359723935457303,0.8004147024662719,181.87369499775602,-531.0,2.249852494272659,183.0,-531.0,-1.1066585818009083,-0.7181965722645596,0.1995852975337281,-96.41344906655996,221.7783034711157,TRACK
69.1,181.90767128398357,-528.7321830239459,-0.407352224846677,0.5137498864453016,0.6970310531634001,0.39332921856991837,0.8003500254606739,181.90767128398357,-531.0,2.267816976054064,183.0,-531.0,-1.1219237789532315,-0.7145715541065545,0.1996499745393261,-92.459944862524,218.16675490732777,TRACK
69.152,181.944764407057,-528.7132728184793,-0.42362357308094256,0.49894521776410766,0.70273543601188,0.38294422117309695,0.8003020489519422,181.944764407057,-531.0,2.286727181520746,183.0,-531.0,-1.138452346375425,-0.7148287732944825,0.19969795104805776,-92.459944862524,218.16675490732777,TRACK
69.2,181.97925482781844,-528.6963482432946,-0.436191103160362,0.4839781222816078,0.7082706847932371,0.3723221044843005,0.8001694273246757,181.97925482781844,-531.0,2.303651756705449,183.0,-531.0,-1.1536962975869198,-0.7175051944265578,0.19983057267532434,-87.68232135075738,213.32283267656106,TRACK
69.252,182.01688102209968,-528.678598589389,-0.45496019060200465,0.4688619734078574,0.7136291758547884,0.36147819227892664,0.7999581764845116,182.01688102209968,-531.0,2.3214014106109744,183.0,-531.0,-1.1701948767494508,-0.7152346861474461,0.20004182351548838,-87.68232135075738,213.32283267656106,TRACK
69.296,182.0518389021045,-528.6627758471636,-0.4676196098771448,0.45352957487722306,0.7187601726740142,0.35033498704147575,0.7995941401534467,182.0518389021045,-531.0,2.33722415283637,183.0,-531.0,-1.185404476865514,-0.7177848669883693,0.20040585984655335,-91.69117721851899,217.6381337055006,TRACK
69.352,182.08995130326065,-528.6462405399424,-0.4826429872878357,0.43807527387766054,0.72371988925066,0.33901307864312513,0.7991873031949878,182.08995130326065,-531.0,2.3537594600576313,183.0,-531.0,-1.2018632540611365,-0.7192202667733008,0.20081269680501224,-91.69117721851899,217.6381337055006,TRACK
69.4,182.12535464318916,-528.6315293381658,-0.5013613077369667,0.4225941132670957,0.7285672816582842,0.3276276807386999,0.7988430265635178,182.12535464318916,-531.0,2.3684706618341806,183.0,-531.0,-1.2170437225811217,-0.715682414844155,0.2011569734364822,-95.87758293104426,222.4652232346165,TRACK
69.452,182.16394325411807,-528.6161978464894,-0.5138964477538837,0.40705500917713616,0.7332997681763667,0.3161507249176137,0.7985485776541373,182.16394325411807,-531.0,2.383802153510601,183.0,-531.0,-1.2334766196047666,-0.719580171850883,0.20145142234586266,-95.87758293104426,222.4652232346165,TRACK
69.5,182.199781715168,-528.6025991140704,-0.5301592724420665,0.3915181324704255,0.7379669611370658,0.30465539508528555,0.7983797000703657,182.199781715168,-531.0,2.397400885929642,183.0,-531.0,-1.2486386406405645,-0.718479368198498,0.20162029992963426,-91.85284650818141,218.7250622301719,TRACK
69.552,182.2388296612612,-528.5884841689864,-0.5452496931927042,0.37588853311543624,0.7425012388279428,0.29303044487063845,0.7982323792493725,182.2388296612612,-531.0,2.4115158310136167,183.0,-531.0,-1.2650535760211699,-0.7198038828284656,0.20176762075062749,-91.85284650818141,218.7250622301719,TRACK
69.6,182.2750634638408,-528.5760447908101,-0.5641777045705827,0.36007554538718684,0.7468306157144962,0.2811735883679942,0.7980066136093282,182.2750634638408,-531.0,2.4239552091898986,183.0,-531.0,-1.2801913515201953,-0.7160136469496126,0.20199338639067177,-91.73433375317326,218.61712540759146,TRACK
69.648,182.3145169874395,-528.5632069608431,-0.5804622149309151,0.34415684168968974,0.7509924628979124,0.26917130337089945,0.7977736959112285,182.3145169874395,-531.0,2.436793039156896,183.0,-531.0,-1.2965775480739252,-0.7161153331430101,0.2022263040887715,-91.73433375317326,218.61712540759146,TRACK
69.696,182.35110661693287,-528.5519591145139,-0.5931666081690152,0.3280896446233902,0.7549444826060745,0.25697689334137885,0.7974824734931419,182.35110661693287,-531.0,2.44804088548608,183.0,-531.0,-1.3116885548706319,-0.7185219467016166,0.20251752650685806,-86.75007238377032,213.95752960140163,TRACK
69.752,182.39091447013425,-528.540443218846,-0.6119454577063856,0.31182668392322177,0.7586513871648224,0.24454581689824123,0.7970913271448494,182.39091447013425,-531.0,2.4595567811539922,183.0,-531.0,-1.3280397301697884,-0.7160942724634027,0.20290867285515057,-86.75007238377032,213.95752960140163,TRACK
69.8,182.4278075665311,-528.5304354681264,-0.626985985408886,0.2954092078337825,0.7621355628841726,0.2319279633145437,0.7966437072995725,182.4278075665311,-531.0,2.4695645318736297,183.0,-531.0,-1.343116129709321,-0.7161301443004351,0.20335629270042754,-90.48605118015067,218.1824403224679,TRACK
69.852,182.46792616358348,-528.5202729896541,-0.6395088381096206,0.2788598586928683,0.7654171344964933,0.21915447356374518,0.7961733938432163,182.46792616358348,-531.0,2.4797270103458686,183.0,-531.0,-1.35943166260406,-0.7199228244944393,0.20382660615678372,-90.48605118015067,218.1824403224679,TRACK
69.9,182.50509907838637,-528.5115121211028,-0.6557240033187832,0.26227647669898685,0.7685736411937143,0.20633174100334972,0.7957878041810126,182.50509907838637,-531.0,2.4884878788972173,183.0,-531.0,-1.3744816123925483,-0.7187576090737651,0.20421219581898742,-94.94935153939012,223.27034512180137,TRACK
69.952,182.54552036007038,-528.5026903577248,-0.6745925436036386,0.2456897360375212,0.7716391858030018,0.1934928851581113,0.7955290878865019,182.54552036007038,-531.0,2.4973096422752405,183.0,-531.0,-1.3907787375459804,-0.7161861939423417,0.2044709121134981,-94.94935153939012,223.27034512180137,TRACK
70.0,182.58296276475969,-528.4951716899584,-0.6871544958587559,0.229058018435989,0.7745830049647617,0.1805939944824957,0.7953571665757364,182.58296276475969,-531.0,2.504828310041603,183.0,-531.0,-1.4058162948145827,-0.7186617989558268,0.2046428334242636,-86.04410027249072,214.58103901888825,TRACK
70.052,182.62364840133625,-528.4877184510401,-0.7059314326056318,0.21230157083467993,0.7773245840308902,0.1675521275943987,0.7951774798120267,182.62364840133625,-531.0,2.5122815489598906,183.0,-531.0,-1.4220973812973805,-0.7161659486917487,0.2048225201879733,-86.04410027249072,214.58103901888825,TRACK
70.1,182.66129346743173,-528.481498894841,-0.7185949799301068,0.19530893575232408,0.7797562532330158,0.15425981355469726,0.7948684825390431,182.66129346743173,-531.0,2.5185011051589754,183.0,-531.0,-1.4371111099502518,-0.718516130020145,0.20513151746095692,-90.05519263343128,218.6373138386893,TRACK
70.2,182.7021682081449,-528.4754711832666,-0.7373134999764188,0.1782009663352472,0.7819600117093564,0.14084001440788255,0.7945422390099278,182.7021682081449,-531.0,2.5245288167334365,183.0,-531.0,-1.453363933209748,-0.7160504332333293,0.20545776099007218,-90.05519263343128,218.6373138386893,TRACK
70.252,182.78103001487605,-528.4659379758983,-0.764862176004439,0.14390474281593588,0.7858786568560953,0.11387884291716306,0.7940866792523926,182.78103001487605,-531.0,2.5340620241016723,183.0,-531.0,-1.4845997736583603,-0.7197375976539213,0.20591332074760738,-89.68709657095813,218.7625921783548,TRACK
70.3,182.81898551555224,-528.4623316527341,-0.7837091852044082,0.12669196081052933,0.7875799860536736,0.10031735430223868,0.7939432007432935,182.81898551555224,-531.0,2.537668347265935,183.0,-531.0,-1.499585913901244,-0.7158767286968357,0.2060567992567065,-94.30994442949847,223.54511316104228,TRACK
70.352,182.86017460062348,-528.4591283390648,-0.7961132455465272,0.10950858368079075,0.7891612173758784,0.08676704537791716,0.7939168389534208,182.86017460062348,-531.0,2.5408716609351814,183.0,-531.0,-1.5158212918537481,-0.719708046307221,0.2060831610465792,-94.30994442949847,223.54511316104228,TRACK
70.396,182.89824981420495,-528.4568239536659,-0.8125018636727082,0.09232799370793483,0.7905865569924898,0.07320138969617165,0.7939682283005348,182.89824981420495,-531.0,2.5431760463341107,183.0,-531.0,-1.530808553803496,-0.7183066901307877,0.20603177169946518,-90.29383708065487,219.47768188631673,TRACK
70.452,182.939544445863,-528.4550369756188,-0.8275876753720457,0.07513825879767516,0.7918258982050927,0.05960864015804368,0.7940663971292281,182.939544445863,-531.0,2.544963024381218,183.0,-531.0,-1.5470458102913718,-0.7194581349193261,0.2059336028707719,-90.29383708065487,219.47768188631673,TRACK
70.5,182.9776836000839,-528.454053745604,-0.8463788806358643,0.05785146940678508,0.7927848333608005,0.04591500162697344,0.7941133290540572,182.9776836000839,-531.0,2.5459462543959717,183.0,-531.0,-1.5620310874046561,-0.7156522067687918,0.20588667094594282,-90.13779191840892,219.0774508163973,TRACK
70.552,183.0190111899864,-528.4537097520667,-0.8627828508710662,0.04050843956370597,0.7934766121820392,0.0321600921738759,0.7941280788440354,183.0,-531.0,2.546361217907763,183.0,-531.0,-1.5782624185951524,-0.7154795677240862,0.20587192115596464,-90.13779191840892,219.0774508163973,TRACK
70.6,183.05716465922856,-528.4540515009609,-0.8753494225605354,0.02318604321384056,0.7939621778091546,0.018412140893324252,0.7941756397194082,183.0,-531.0,2.5465901825822512,183.0,-531.0,-1.593245742294522,-0.7178963197339867,0.2058243602805918,-85.46500489172136,214.4152504973968,TRACK
70.652,183.0984757162227,-528.455148015721,-0.8942415964953119,0.005776698069273384,0.7941306068826706,0.004587503772345067,0.7941438572316101,183.0,-531.0,2.5467565821205835,183.0,-531.0,-1.6094730785077482,-0.7152314820124364,0.20585614276838993,-85.46500489172136,214.4152504973968,TRACK
70.7,183.13657944436483,-528.456828032443,-0.9092682902258682,-0.011671960588251552,0.79402457884334,-0.00926824447957593,0.794078668749562,183.0,-531.0,2.5468367833826098,183.0,-531.0,-1.6244491537536445,-0.7151808635277763,0.205921331250438,-89.47135714611304,218.43618223614212,TRACK
70.752,183.17782376700444,-528.4593627661225,-0.9216489631075144,-0.029076377535538166,0.7937219940148406,-0.02308506636958956,0.7940576327145171,183.0,-531.0,2.546852733527506,183.0,-531.0,-1.6406741660033675,-0.719025202895853,0.20594236728548287,-89.47135714611304,218.43618223614212,TRACK
70.8,183.21585212653565,-528.4623609488797,-0.9404791159882628,-0.046444896889645544,0.7932094176913809,-0.036867042411555945,0.7940657146171688,183.0,-531.0,2.5468027199413807,183.0,-531.0,-1.6556522853550362,-0.7151731693667733,0.2059342853828312,-94.40074462078884,223.46472168814228,TRACK
70.852,183.25700908309267,-528.4663078473028,-0.95300138093631,-0.06366476438101876,0.7926040983254415,-0.050529240030838904,0.794213107912719,183.0,-531.0,2.5466938554587792,183.0,-531.0,-1.671887138869313,-0.718885757933003,0.20578689208728096,-94.40074462078884,223.46472168814228,TRACK
70.9,183.2949528465271,-528.4705951630966,-0.9693775312447142,-0.08077906182352157,0.7918659389543276,-0.06410568368329649,0.794456546298488,183.0,-531.0,2.5465439345561403,183.0,-531.0,-1.686881637447565,-0.7175041062028509,0.20554345370151195,-90.21084282470244,219.06675493795345,TRACK
70.952,183.33598671588993,-528.4759407662988,-0.9844524473667327,-0.09786374678700087,0.7909023656470292,-0.07764871594713849,0.7947048981064018,183.0,-531.0,2.5463232490174743,183.0,-531.0,-1.7031319984337812,-0.7186795510670485,0.20529510189359823,-90.21084282470244,219.06675493795345,TRACK
71.0,183.37378886359807,-528.4815182624537,-1.0007164238860695,-0.11489977231335417,0.7897271980423742,-0.0911409081621923,0.7949690009481429,183.0,-531.0,2.5460692011223887,183.0,-531.0,-1.7181390549868352,-0.7174226311007657,0.20503099905185707,-90.32688809801401,218.7416801924503,TRACK
71.052,183.41464050633067,-528.4882569364596,-1.0157879027785697,-0.13191991398822583,0.7882856586585022,-0.10459804996033821,0.7951949645855249,183.0,-531.0,2.5457376075969487,183.0,-531.0,-1.7344015845160412,-0.7186136817374715,0.20480503541447515,-90.32688809801401,218.7416801924503,TRACK
71.1,183.45225420324556,-528.4951109056533,-1.0320476591942698,-0.14884986349232524,0.7866522181324949,-0.11796559117818486,0.7954480454402996,183.0,-531.0,2.5453886224563727,183.0,-531.0,-1.7494205911946261,-0.7173729320003563,0.20455195455970043,-90.60353220107149,218.74947052222606,TRACK
71.152,183.49288849383876,-528.503216943641,-1.0509479980839154,-0.16568606577974862,0.7848239746249566,-0.13123750533659462,0.7957210277183123,183.0,-531.0,2.5449685062649166,183.0,-531.0,-1.7656997074634446,-0.7147517093795293,0.20427897228168768,-90.60353220107149,218.74947052222606,TRACK
71.2,183.53027485654053,-528.5113270604058,-1.063503972435286,-0.1824782797414247,0.7827444782065958,-0.14444064654615607,0.7959598096245736,183.0,-531.0,2.54454012028643,183.0,-531.0,-1.780732146733928,-0.7172281742986422,0.20404019037542642,-86.03475866866,213.87291441500554,TRACK
71.252,183.5706312531639,-528.5207873997628,-1.078558503391493,-0.19921725201410884,0.7804135034915991,-0.15756178131110826,0.7961601292214787,183.0,-531.0,2.544035208927449,183.0,-531.0,-1.7970226775444784,-0.7184641741529854,0.20383987077852128,-86.03475866866,213.87291441500554,TRACK
71.3,183.60772494890148,-528.5301436303071,-1.097268832268345,-0.21597881210183167,0.7777436420227299,-0.17063767223783263,0.7962426689731757,183.0,-531.0,2.5435251326515456,183.0,-531.0,-1.812060311166042,-0.714791478897697,0.20375733102682425,-94.93714251432526,222.5776935177467,TRACK
71.352,183.64774745781688,-528.5409373982201,-1.1136089298879557,-0.2325962831195437,0.7749156388606956,-0.18356484790756447,0.7963606599639432,183.0,-531.0,2.542944287352921,183.0,-531.0,-1.8283580015112597,-0.714749071623304,0.20363934003605677,-94.93714251432526,222.5776935177467,TRACK
71.4,183.68455313434495,-528.5514915892905,-1.128663123105353,-0.24894547803044995,0.772069889943326,-0.19627479436208184,0.7966277109534774,183.0,-531.0,2.542401705289001,183.0,-531.0,-1.8434152006579663,-0.7147520775526133,0.2033722890465226,-86.28741653384567,213.93850487907224,TRACK
71.452,183.72424063316234,-528.5635713535289,-1.141211159569436,-0.26524091309328945,0.7689728243494545,-0.2088847217858985,0.7968387738956665,183.0,-531.0,2.5417924864292742,183.0,-531.0,-1.8597328874440322,-0.7185217278745961,0.20316122610433351,-86.28741653384567,213.93850487907224,TRACK
71.5,183.76068757120672,-528.5753153502027,-1.1574276461935615,-0.2815185849032489,0.765591259067391,-0.22140837824041842,0.7969640179552934,183.0,-531.0,2.54120861637747,183.0,-531.0,-1.8747980887431008,-0.7173704425495393,0.20303598204470663,-95.20809942499632,222.45536021455626,TRACK
71.552,183.79997924362823,-528.5886628825799,-1.1724503557974848,-0.29761534383797095,0.7620974981539514,-0.2337546060875793,0.7971410242608715,183.0,-531.0,2.540573455754393,183.0,-531.0,-1.8911279874612847,-0.7186776316637999,0.20285897573912848,-95.20809942499632,222.45536021455626,TRACK
71.6,183.8360677595779,-528.6015509920271,-1.1913372440321668,-0.3135173879240905,0.7585088025998263,-0.24591629200947657,0.7973772170667485,183.0,-531.0,2.5399934926002725,183.0,-531.0,-1.9062116516349423,-0.7148744076027755,0.20262278293325153,-91.34230300257784,218.51233582566223,TRACK
71.652,183.87495732290856,-528.6161211944255,-1.2076020590286713,-0.3292656007997316,0.7547873979538846,-0.2579142597955887,0.7976363717358319,183.0,-531.0,2.539375607620581,183.0,-531.0,-1.9225622021117932,-0.7149601430831218,0.2023636282641681,-91.34230300257784,218.51233582566223,TRACK
71.696,183.91064193188677,-528.6301311202086,-1.2202951431205475,-0.34497491226964305,0.7508120824695013,-0.2697999777019197,0.7978162765638124,183.0,-531.0,2.53880823133891,183.0,-531.0,-1.9376591081269696,-0.7173639650064221,0.20218372343618762,-86.74335136656885,213.54288889951675,TRACK
71.752,183.94904826160837,-528.6459104431935,-1.2353583193831792,-0.36068056589136516,0.7465319959621091,-0.28157696713566926,0.7978694187750851,183.0,-531.0,2.5381942881361717,183.0,-531.0,-1.9540141926193426,-0.7186558732361634,0.2021305812249149,-86.74335136656885,213.54288889951675,TRACK
71.8,183.98425995600547,-528.6610225598156,-1.2515773327709478,-0.3763383433559128,0.7419977356875886,-0.29321754567395586,0.7978327950495436,183.0,-531.0,2.537633371211748,183.0,-531.0,-1.9691107933005272,-0.7175334605295793,0.20216720495045637,-95.36688353758929,222.17108795544107,TRACK
71.852,184.0221486811966,-528.6779739523021,-1.2666032733377608,-0.39186514070452455,0.7373187939063864,-0.30468731565472146,0.7977928077943848,183.0,-531.0,2.53704412509117,183.0,-531.0,-1.9854681573332067,-0.7188648839954459,0.20220719220561523,-95.36688353758929,222.17108795544107,TRACK
71.9,184.05689933271967,-528.6941429116561,-1.282849348282896,-0.40714243120857785,0.7326473833948539,-0.31594541713174473,0.7978682190699654,183.0,-531.0,2.536535651507638,183.0,-531.0,-2.000575868465126,-0.71772652018223,0.2021317809300346,-91.51240847288355,218.51571299383986,TRACK
71.952,184.0942850689712,-528.7122206071331,-1.2979253873393972,-0.4222897297891101,0.7278555624381879,-0.32704131761558114,0.7979534718264883,183.0,-531.0,2.5360193931829187,183.0,-531.0,-2.016948016265833,-0.7190226289264356,0.20204652817351165,-91.51240847288355,218.51571299383986,TRACK
72.0,184.12853166611467,-528.729423012827,-1.3143245549379876,-0.43741603429563736,0.7228208864225776,-0.33801106463538666,0.7979483151587378,183.0,-531.0,2.5355677029223482,183.0,-531.0,-2.032060447501973,-0.7177358925639852,0.20205168484126224,-91.58553824895957,218.38016436997424,TRACK
72.052,184.16534725827472,-528.7486053227262,-1.333106992594976,-0.45244172053353066,0.7176308310980788,-0.34881889325745885,0.7979151772186551,183.0,-531.0,2.5351158208699367,183.0,-531.0,-2.0484334832316904,-0.7153264906367145,0.20208482278134487,-91.58553824895957,218.38016436997424,TRACK
72.096,184.19905199650526,-528.7668102602609,-1.3458040199142038,-0.46741987997575507,0.7122237564781687,-0.35947661680731713,0.7978008005279943,183.0,-531.0,2.5347311699664417,183.0,-531.0,-2.063544578692671,-0.7177405587784671,0.2021991994720057,-86.76488866542248,218.38016436997424,TRACK
72.148,184.23524528863447,-528.7870681410575,-1.360872973249128,-0.482414596326027,0.7065541387343226,-0.3700109216713183,0.7975755971183289,183.0,-531.0,2.534343768200443,183.0,-531.0,-2.0799087433855026,-0.7190357701363745,0.20242440288167107,-86.76488866542248,213.68142368128554,TRACK
72.2,184.26835136821293,-528.8062516272234,-1.3770986208144418,-0.49737480869704814,0.7006586871035674,-0.380386685713123,0.7972556845087458,183.0,-531.0,2.534017978686694,183.0,-531.0,-2.0950069052764535,-0.7179082844620117,0.20274431549125416,-95.21458695939151,222.47071428474885,TRACK
72.248,184.30389250821614,-528.8275475489052,-1.3921308651040856,-0.5122255643887071,0.69464735817738,-0.39058928010969296,0.7969284396728614,183.0,-531.0,2.533709794994319,183.0,-531.0,-2.1113583203890793,-0.7192274552849938,0.20307156032713858,-95.21458695939151,222.47071428474885,TRACK
72.3,184.3364161258875,-528.847668998554,-1.4083837002425645,-0.5268563823397182,0.688672161668946,-0.40060193576086,0.7967127821198347,183.0,-531.0,2.5334831361818115,183.0,-531.0,-2.126453229870187,-0.7180695296276225,0.20328721788016535,-91.16740234258617,218.93559796083332,TRACK
72.352,184.3713242814026,-528.8699653758474,-1.4234660243503563,-0.541394489612187,0.6825956441287094,-0.41046302848858374,0.7965028004593001,183.0,-531.0,2.533293860738068,183.0,-531.0,-2.1428033205996315,-0.7193372962492752,0.2034971995406999,-91.16740234258617,218.93559796083332,TRACK
72.4,184.40322384545698,-528.8910023372848,-1.4423856594895548,-0.555953042337137,0.676288156580207,-0.42019547899863774,0.796197156049649,183.0,-531.0,2.5331617204192023,183.0,-531.0,-2.157887577540443,-0.7155019180508884,0.20380284395035098,-91.0345438262482,218.92474159490996,TRACK
72.452,184.43743251704836,-528.9142766342883,-1.4586609122468785,-0.5704611230751725,0.6698379759499616,-0.429780983487863,0.7958609223931881,183.0,-531.0,2.5330720872773833,183.0,-531.0,-2.1742215223605927,-0.7155606101137142,0.20413907760681194,-91.0345438262482,218.92474159490996,TRACK
72.5,184.46867187845805,-528.9362012402564,-1.4713622032193543,-0.58497271968346,0.6631816946464493,-0.439224557784779,0.7954421237748042,183.0,-531.0,2.5330342293961667,183.0,-531.0,-2.189288552717479,-0.7179263494981245,0.20455787622519583,-85.99545563684701,214.34852576794157,TRACK
72.552,184.5021294456748,-528.9604242108222,-1.4864343019025692,-0.5995445353686695,0.6562632654790115,-0.44853518752221355,0.7948995458941732,183.0,-531.0,2.533034202564864,183.0,-531.0,-2.2055955415802635,-0.7191612396776943,0.20510045410582678,-85.99545563684701,214.34852576794157,TRACK
72.596,184.53265243826962,-528.9832116807764,-1.5026622267815348,-0.6141423308509283,0.6491346102320167,-0.4577065069722621,0.7942738751374249,183.0,-531.0,2.53307296008039,183.0,-531.0,-2.2206332445874253,-0.7179710178058905,0.20572612486257513,-94.22203976495693,223.2661625858663,TRACK
72.652,184.56533358128925,-529.0083544076905,-1.5215242113503016,-0.628692210878883,0.6419067285136774,-0.46673912222270303,0.7936558802934375,183.0,-531.0,2.533164303016631,183.0,-531.0,-2.2369112043933113,-0.7153869930430097,0.20634411970656252,-94.22203976495693,223.2661625858663,TRACK
72.7,184.59516121171833,-529.0319779401176,-1.5339487038604216,-0.6430835114628456,0.634732512079274,-0.47563535339242197,0.7931672908581139,183.0,-531.0,2.53330813750607,183.0,-531.0,-2.251931324329585,-0.7179826204691633,0.20683270914188612,-85.21185761026501,215.0835443883153,TRACK
72.752,184.62707683330657,-529.0580158217751,-1.5528459519872015,-0.6575036779374245,0.6273928166185598,-0.4844179524001069,0.7926427309652704,183.0,-531.0,2.5335117070893167,183.0,-531.0,-2.2681898421511613,-0.7153438901639597,0.20735726903472962,-85.21185761026501,215.0835443883153,TRACK
72.8,184.6561405163396,-529.0824572148034,-1.5653742021878112,-0.6720863878347574,0.619728019584566,-0.49309015989119065,0.79196005204791,183.0,-531.0,2.533726848521975,183.0,-531.0,-2.2831780712257856,-0.7178038690379744,0.20803994795209002,-89.0376248224428,219.35011284110294,TRACK
72.852,184.68720930530873,-529.1093684600087,-1.584082161439165,-0.6866721720633935,0.6119400615605721,-0.5016419851185648,0.7912744910436904,183.0,-531.0,2.534001353577046,183.0,-531.0,-2.2993994923250183,-0.7153173308858534,0.2087255089563096,-89.0376248224428,219.35011284110294,TRACK
72.9,184.7154955778019,-529.134603351497,-1.5991012073691258,-0.7012739391052143,0.6040151102771061,-0.5100717074297354,0.7905740953024898,183.0,-531.0,2.534290775286831,183.0,-531.0,-2.3143575422377762,-0.7152563348686505,0.2094259046975102,-88.58496174992098,219.83047379087225,TRACK
72.952,184.7457062596291,-529.1623634323264,-1.611748653571291,-0.715910864188915,0.5959509493631259,-0.5183933077192294,0.7898665428633465,183.0,-531.0,2.5346397179400837,183.0,-531.0,-2.3305452147189287,-0.7187965611476377,0.21013345713665355,-88.58496174992098,219.83047379087225,TRACK
73.0,184.77319569371446,-529.1883737598708,-1.6279540084105115,-0.7305392454915811,0.5878119072918307,-0.5266142883623726,0.7892055797201816,183.0,-531.0,2.5349975546599643,183.0,-531.0,-2.3454745506797012,-0.7175205422691897,0.21079442027981843,-92.5353706508539,224.57592640203035,TRACK
73.052,184.80253938340502,-529.2169653796778,-1.6429847060983127,-0.7451798854242803,0.5795833434261477,-0.5347428822903428,0.7885853169678062,183.0,-531.0,2.535421204848125,183.0,-531.0,-2.3616342247161906,-0.7186495186178778,0.2114146830321938,-92.5353706508539,224.57592640203035,TRACK
73.096,184.82923170619708,-529.243736909662,-1.6592331781085436,-0.759762099302227,0.5713606935858067,-0.5427919462895238,0.788083840166529,183.0,-531.0,2.5358526529434706,183.0,-531.0,-2.3765427402400823,-0.7173095621315386,0.211916159833471,-88.25313675195372,220.93464286314736,TRACK
73.152,184.85770320785227,-529.2731454558985,-1.6743086211811253,-0.7743886297285912,0.5630195581252975,-0.5507569032190969,0.7876066208933841,183.0,-531.0,2.5363532531862463,183.0,-531.0,-2.3926817225320423,-0.7183731013509169,0.21239337910661593,-88.25313675195372,220.93464286314736,TRACK
73.2,184.8835514047333,-529.3006606364232,-1.693215293142048,-0.7891574698744533,0.5544391483723741,-0.5586235117515874,0.7870597163681796,183.0,-531.0,2.536832703761587,183.0,-531.0,-2.407563619871049,-0.7143483267290007,0.21294028363182038,-87.87704509821575,220.9438933848958,TRACK
73.252,184.9110860587197,-529.3308637994943,-1.705773632159896,-0.803992150933878,0.5457148482734671,-0.5663958033091869,0.7865169430040222,183.0,-531.0,2.5373737564007746,183.0,-531.0,-2.423671456315332,-0.7178978241554359,0.2134830569959778,-87.87704509821575,220.9438933848958,TRACK
73.3,184.93605578407937,-529.3591022419369,-1.7221618971623027,-0.8189428322119764,0.5367855654587621,-0.5740625816279437,0.7859303982607,183.0,-531.0,2.5378844440761785,183.0,-531.0,-2.438524561565927,-0.7163626644036241,0.2140696017393,-87.2592954541536,220.98213622212072,TRACK
73.352,184.96261420391855,-529.3900777832969,-1.7372251636247127,-0.8340037961867427,0.5276692126195519,-0.5816298987505886,0.7853204040817721,183.0,-531.0,2.5384452046985655,183.0,-531.0,-2.4545987584851368,-0.7173735948604241,0.21467959591822794,-87.2592954541536,220.98213622212072,TRACK
73.4,184.98667702703938,-529.4190219436529,-1.75598214513904,-0.8491168500572522,0.5184430734587475,-0.5891106034503074,0.7847512494510204,183.0,-531.0,2.5389716864150302,183.0,-531.0,-2.4694239552802144,-0.7134418101411744,0.21524875054897963,-86.76842010808801,221.20398012066224,TRACK
73.452,185.01223809771892,-529.4507533192556,-1.768526816099164,-0.8643492718593994,0.5090336657836011,-0.5964984587993878,0.7841719736455364,183.0,-531.0,2.5395407930783667,183.0,-531.0,-2.4854690512889976,-0.7169422351898336,0.21582802635446363,-86.76842010808801,221.20398012066224,TRACK
73.5,185.03536706383818,-529.4803880823662,-1.7874039317839794,-0.8796411761475177,0.4995205940455984,-0.6038108125677721,0.7836506372417628,183.0,-531.0,2.5400668228950205,183.0,-531.0,-2.5002689318306572,-0.7128650000466779,0.21634936275823724,-86.49851346199395,221.54177599392133,TRACK
73.552,185.0599120709475,-529.5128619664519,-1.8036361838010688,-0.8950043374466925,0.48989516474997535,-0.6110512479764536,0.7831863763491975,183.0,-531.0,2.5406332420994246,183.0,-531.0,-2.516291483152662,-0.7126552993515933,0.21681362365080248,-86.49851346199395,221.54177599392133,TRACK
73.596,185.08208290669936,-529.5431734855267,-1.8161705676502378,-0.9104911060555786,0.4800942011115419,-0.6182048044390217,0.7827308746768704,183.0,-531.0,2.541143979321517,183.0,-531.0,-2.5310702831438663,-0.7148997154936285,0.21726912532312959,-81.41533813750627,216.91853928054107,TRACK
73.652,185.10556599914133,-529.576370063133,-1.8348820878811731,-0.926102016190162,0.4701205067742583,-0.6252716260046914,0.7822901617534482,183.0,-531.0,2.5416786527576427,183.0,-531.0,-2.5470691814225517,-0.7121870935413785,0.21770983824655177,-81.41533813750627,216.91853928054107,TRACK
73.7,185.12672748826188,-529.6073365996057,-1.8498668510496474,-0.9419158116620258,0.459880854240564,-0.6322242186827587,0.7817914445592606,183.0,-531.0,2.542141057480203,183.0,-531.0,-2.561823424526172,-0.7119565734765245,0.21820855544073936,-85.2666985659344,221.21786761440302,TRACK
73.752,185.14909907363926,-529.6412330953674,-1.866149788893779,-0.9578330077174302,0.4495005337580207,-0.6390952328477348,0.7813408004817398,183.0,-531.0,2.5426117142501337,183.0,-531.0,-2.577797161788829,-0.7116473728950499,0.21865919951826018,-85.2666985659344,221.21786761440302,TRACK
73.8,185.1692487206101,-529.6728459232863,-1.8811177942519557,-0.9737543154960026,0.4390998561051572,-0.6459221049265813,0.7810403634027855,183.0,-531.0,2.54302535480996,183.0,-531.0,-2.592539245821904,-0.7114214515699484,0.2189596365972145,-84.83054445462435,221.33116645341673,TRACK
73.852,185.19051883794654,-529.7074382742151,-1.8935897158102757,-0.9897655785500172,0.4285791577712147,-0.6526824994533362,0.7808165851008404,183.0,-531.0,2.543440306821215,183.0,-531.0,-2.6085058496999256,-0.7149161338896499,0.2191834148991596,-84.83054445462435,221.33116645341673,TRACK
73.9,185.20963914882768,-529.7396882413308,-1.9097350527215105,-1.0058204781114586,0.4179953860595609,-0.659399634863433,0.7807227556726588,183.0,-531.0,2.54379458625727,183.0,-531.0,-2.623244945108596,-0.7135098923870855,0.2192772443273412,-89.43807909962838,226.01176031285655,TRACK
73.952,185.22980102107033,-529.7749706187225,-1.9247090317641222,-1.021866009005283,0.4074019102642838,-0.6660873027976761,0.7807999817080369,183.0,-531.0,2.5441520352682296,183.0,-531.0,-2.6392182385005327,-0.7145092067364105,0.21920001829196312,-89.43807909962838,226.01176031285655,TRACK
74.0,185.24789604089537,-529.8078534146885,-1.9410284463869563,-1.0379330508463345,0.39675409456269634,-0.6727271340703798,0.7810093523555347,183.0,-531.0,2.544454772941162,183.0,-531.0,-2.653969576151683,-0.7129411297647266,0.2189906476444653,-89.43807909962838,226.01176031285655,TRACK
74.052,185.2669326929822,-529.8438140164042,-1.9560486338965168,-1.0540489346315658,0.38602147358869404,-0.6793151486937961,0.781333251126855,183.0,-531.0,2.5447494696285986,183.0,-531.0,-2.6699594737431958,-0.7139108398466789,0.21866674887314497,-85.50637823084999,221.8319407493148,TRACK
74.1,185.28396304634643,-529.8773071974204,-1.974754659759274,-1.070288289189794,0.37509361778011896,-0.6857759582273676,0.7816545829086159,183.0,-531.0,2.544980614079449,183.0,-531.0,-2.6847240700255477,-0.7099694102662737,0.2183454170913841,-85.49167568935606,221.24505767337354,TRACK
74.152,185.30182070875412,-529.9139079645222,-1.9873990782018078,-1.0866120492447808,0.3640066562242228,-0.692105689879407,0.7819917721683454,183.0,-531.0,2.545186532413223,183.0,-531.0,-2.700725410897556,-0.713326332695748,0.21800822783165463,-85.49167568935606,221.24505767337354,TRACK
74.2,185.3177621159639,-529.9479826738983,-2.0060961753850846,-1.1029433293398363,0.3528437541169516,-0.6983301209557682,0.7824088909601179,183.0,-531.0,2.5453411717519416,183.0,-531.0,-2.715505551851303,-0.7094093764662186,0.2175911090398821,-85.62899469819321,220.9564564011905,TRACK
74.252,185.33443160154627,-529.9851999310587,-2.022419485219246,-1.1193292278106934,0.34154690082669265,-0.7044153479698905,0.7828507315701126,183.0,-531.0,2.5454646102865404,183.0,-531.0,-2.7315266293742924,-0.7091071441550465,0.21714926842988735,-85.62899469819321,220.9564564011905,TRACK
74.3,185.3492686125347,-530.0198319461215,-2.037422493272891,-1.135702660606788,0.3301920239946461,-0.7103950860134209,0.7833823784983274,183.0,-531.0,2.545543640891806,183.0,-531.0,-2.746327898190647,-0.7089054049177563,0.21661762150167263,-81.31341385255656,216.06653161417586,TRACK
74.352,185.36473277458865,-530.0576383576392,-2.0497785725102413,-1.1521183494348433,0.31871052172882913,-0.7162230372781582,0.7839335659280143,183.0,-531.0,2.5455857008175142,183.0,-531.0,-2.7623743439506607,-0.7125957714404194,0.21606643407198567,-81.31341385255656,216.06653161417586,TRACK
74.4,185.37842827534152,-530.09278883001,-2.0660467171246037,-1.1686459749903084,0.3070248654467752,-0.7218505019344528,0.7844312685924955,183.0,-531.0,2.5455752135614893,183.0,-531.0,-2.777194004769502,-0.7111472876448981,0.21556873140750454,-90.58186230407388,224.62554010954574,TRACK
74.452,185.3926637849225,-530.1311488894725,-2.0809951645784532,-1.185058033298671,0.2953820924123347,-0.7273955341776606,0.7850826986117406,183.0,-531.0,2.5455337829116633,183.0,-531.0,-2.793267800505608,-0.712272635927155,0.21491730138825937,-90.58186230407388,224.62554010954574,TRACK
74.5,185.4052519960764,-530.1668141614093,-2.097289444806597,-1.2013473385712907,0.28378739973195055,-0.7328663717551027,0.7858933815067476,183.0,-531.0,2.5454735917423243,183.0,-531.0,-2.808126123756258,-0.710836678949661,0.2141066184932524,-86.7243313775406,220.1019389466561,TRACK
74.552,185.41827808410017,-530.2057160245738,-2.1159699144325557,-1.2176055469896092,0.2721374022934006,-0.7382026052478806,0.7867667075580654,183.0,-531.0,2.5453793284416397,183.0,-531.0,-2.824243317820527,-0.7082734033879712,0.21323329244193456,-86.7243313775406,220.1019389466561,TRACK
74.6,185.4297364653102,-530.2418638447912,-2.1309659746969665,-1.2338259450159854,0.26044000781399657,-0.7434095491628155,0.7877098167831954,183.0,-531.0,2.5452681038925937,183.0,-531.0,-2.8391414710706226,-0.7081754963736562,0.2122901832168046,-82.70968923634986,214.88936177053677,TRACK
74.652,185.44151839147113,-530.2812622424946,-2.14725772974249,-1.2501025756589037,0.24858743116221188,-0.7483977299594096,0.7886031150967036,183.0,-531.0,2.5451121821946754,183.0,-531.0,-2.8552984171702867,-0.7080406874277965,0.21139688490329644,-82.70968923634986,214.88936177053677,TRACK
74.7,185.45181136241894,-530.3178426130794,-2.162203355465203,-1.2663848167027978,0.23663474341649043,-0.75319039332132,0.7894882965461318,183.0,-531.0,2.544939617636724,183.0,-531.0,-2.8702298432045787,-0.7080264877393758,0.21051170345386816,-87.30884549850971,218.400543574842,TRACK
74.752,185.46233926803507,-530.3576983943242,-2.1745135415824315,-1.2825830301231596,0.22467348640621515,-0.7578338217296401,0.7904367633475025,183.0,-531.0,2.5447329965167644,183.0,-531.0,-2.886428426649368,-0.7119148850669363,0.20956323665249754,-87.30884549850971,218.400543574842,TRACK
74.8,185.47148011389558,-530.3946891556749,-2.1907584259429407,-1.2987108756437686,0.21268976723028848,-0.7623162856397322,0.7914310181159392,183.0,-531.0,2.5445265122688148,183.0,-531.0,-2.901402403872251,-0.7106439779293101,0.2085689818840608,-92.87492800439583,222.9588040956263,TRACK
74.852,185.48077376062528,-530.434982900219,-2.205705266986938,-1.3146500359965316,0.2008017401495983,-0.7667134816357026,0.7925723322000634,183.0,-531.0,2.544303986250829,183.0,-531.0,-2.917654268187434,-0.7119490012004959,0.2074276677999366,-92.87492800439583,222.9588040956263,TRACK
74.9,185.48878802506624,-530.4723723607184,-2.2220011489028164,-1.330449962461551,0.1889584759792301,-0.7709952458714093,0.7938129343873833,183.0,-531.0,2.544102348461438,183.0,-531.0,-2.9326839462871566,-0.7106827973843401,0.20618706561261668,-89.37323858105084,218.12870748739778,TRACK
74.952,185.49684936028396,-530.5130710383615,-2.2406848012508203,-1.3461822931845222,0.17708199642884093,-0.7750803170299618,0.7950519047876624,183.0,-531.0,2.543886110192971,183.0,-531.0,-2.9489926555593877,-0.7083078543085675,0.2049480952123376,-89.37323858105084,218.12870748739778,TRACK
75.0,185.5037181398522,-530.5508084948626,-2.2531856698571153,-1.3618325452365814,0.16518814869713588,-0.7789711597231501,0.796293408330382,183.0,-531.0,2.543693678907216,183.0,-531.0,-2.964071477153495,-0.7108858072963797,0.20370659166961802,-85.58563313207151,212.80203120520127,TRACK
75.048,185.51052500762566,-530.5918488740333,-2.2681752788012655,-1.377489717987616,0.15318775282067154,-0.7825645751611359,0.7974169561223139,183.0,-531.0,2.543486417408534,183.0,-531.0,-2.980426700403923,-0.7122514216026574,0.2025830438776861,-85.58563313207151,212.80203120520127,TRACK
75.1,185.51622521857823,-530.6298680924585,-2.2843143256582175,-1.393102999009033,0.14113607752925805,-0.7858904415388057,0.7984630100902632,183.0,-531.0,2.5433023767514027,183.0,-531.0,-2.995541967108739,-0.7112276414505216,0.20153698990973679,-95.05806702262524,221.030805339105,TRACK
75.152,185.5217874570241,-530.6712051092483,-2.299269060540194,-1.4085260339486958,0.1291765937796196,-0.7890587077002638,0.7995625282478632,183.0,-531.0,2.543131545671295,183.0,-531.0,-3.011942328919217,-0.7126732683790231,0.20043747175213678,-95.05806702262524,221.030805339105,TRACK
75.2,185.52636107943832,-530.7094939427361,-2.315574346082376,-1.4237559094742624,0.11731411606049316,-0.792077570854099,0.8007181027535129,183.0,-531.0,2.5430088621567455,183.0,-531.0,-3.027105575715691,-0.7115312296333149,0.19928189724648715,-91.83298208112383,216.73605219157247,TRACK
75.252,185.53070788572649,-530.7511030665897,-2.3305836051489446,-1.4388340781428146,0.10551152545584445,-0.7949118316084046,0.8018837210188569,183.0,-531.0,2.5429180258787842,183.0,-531.0,-3.0435572204620587,-0.7129736153131141,0.19811627898114315,-91.83298208112383,216.73605219157247,TRACK
75.3,185.53414806978006,-530.7896096620414,-2.3469146914645442,-1.4538766100940408,0.0936671669369388,-0.797469949046864,0.8029519648115946,183.0,-531.0,2.5428665977349953,183.0,-531.0,-3.058760499503599,-0.7118458080390546,0.1970480351884054,-92.43089185442639,215.96739799633818,TRACK
75.352,185.53725655079188,-530.8314178723224,-2.365615470868643,-1.4688621085709745,0.08180612685780672,-0.7997568822335327,0.8039299180098824,183.0,-531.0,2.542850907605206,183.0,-531.0,-3.0752474876822427,-0.7096320168135994,0.19607008199011755,-92.43089185442639,215.96739799633818,TRACK
75.4,185.5395627989631,-530.8700891266909,-2.3806320781504193,-1.4837276174823066,0.06999037537263816,-0.8018198698889359,0.804868782096506,183.0,-531.0,2.542883411578512,183.0,-531.0,-3.090482386359342,-0.7098503082089227,0.19513121790349397,-88.44983994130908,210.99950860668488,TRACK
75.452,185.54143874778157,-530.9120409599249,-2.3969509279170262,-1.4985927143423219,0.05812032257813873,-0.8035510237332961,0.8056501844097196,183.0,-531.0,2.5429604207412453,183.0,-531.0,-3.1069965237970902,-0.710045595880064,0.19434981559028042,-88.44983994130908,210.99950860668488,TRACK
75.5,185.5425979955767,-530.950808660268,-2.409294091001591,-1.5134286945866988,0.04623105818194362,-0.8049893137617421,0.806315760735968,183.0,-531.0,2.5430738005443887,183.0,-531.0,-3.1222481863453466,-0.7129540953437554,0.193684239264032,-92.98379312150314,214.75182671121172,TRACK
75.552,185.5432427536913,-530.992848752976,-2.4280665141121904,-1.528165654648286,0.034389905897228526,-0.8062052164029287,0.8069383598410187,183.0,-531.0,2.5432528078304064,183.0,-531.0,-3.1387807992489316,-0.7107142851367412,0.1930616401589813,-92.98379312150314,214.75182671121172,TRACK
75.596,185.54327384049463,-531.0316810716747,-2.440539319720584,-1.542829743803335,0.022580113440934406,-0.8071857145068364,0.8075014793961169,183.0,-531.0,2.543471155340038,183.0,-531.0,3.129136490729687,-0.7135094967293156,0.19249852060388306,-93.60966539524364,214.88768408395734,TRACK
75.652,185.54270321311893,-531.0737725911837,-2.4591862657095507,-1.5573855046617255,0.0108363125539548,-0.8079790188167183,0.8080516818358797,183.0,-531.0,2.5437731866688247,183.0,-531.0,3.1125873409963183,-0.7114117004737173,0.19194831816412028,-93.60966539524364,214.88768408395734,TRACK
75.7,185.54161363339549,-531.1126300851475,-2.47416451049967,-1.5719110130145681,-0.0009012489900207784,-0.8085222557173366,0.8085227580223034,183.0,-531.0,2.5441079767852117,183.0,-531.0,3.0973072263973314,-0.7117135702825852,0.19147724197769656,-94.01115633219976,214.76502997060524,TRACK
75.752,185.53982438466076,-531.1547164285566,-2.4904652866002315,-1.5864090915484121,-0.012628832173388114,-0.8088129314698412,0.8089115189653945,183.0,-531.0,2.5445323889042437,183.0,-531.0,3.08075164369531,-0.7119683768840446,0.19108848103460552,-94.01115633219976,214.76502997060524,TRACK
75.8,185.53761671065328,-531.193551465563,-2.5029560710897627,-1.600835930873203,-0.024306363883906015,-0.8089005502935664,0.8092656545229703,183.0,-531.0,2.5449873752159116,183.0,-531.0,3.06546711539589,-0.7147621206939334,0.19073434547702972,-94.11704961157092,214.52614385372902,TRACK
75.852,185.5346174676972,-531.2355865084818,-2.5179492252288633,-1.6152652560077887,-0.03598634872901138,-0.8087135311824978,0.8095138002606941,183.0,-531.0,2.5455425179191855,183.0,-531.0,3.0489113806019423,-0.7163247013487801,0.19048619973930592,-94.11704961157092,214.52614385372902,TRACK
75.9,185.5312934102793,-531.274349043251,-2.5341279054332007,-1.629652701234527,-0.04762904534603657,-0.8083072779611479,0.809709319179133,183.0,-531.0,2.5461173826939167,183.0,-531.0,3.0336311254303423,-0.7154262763160428,0.19029068082086698,-99.02075211737196,219.22888610129314,TRACK
75.952,185.52709747409634,-531.3162952714558,-2.5491409123275988,-1.643958255081125,-0.05920075762941693,-0.8077301128223371,0.8098967001191463,183.0,-531.0,2.546814548083429,183.0,-531.0,3.0170786620339345,-0.7169657328180534,0.19010329988085373,-99.02075211737196,219.22888610129314,TRACK
76.0,185.5226745493553,-531.3549585656302,-2.565511626313181,-1.6582257344455789,-0.07073098536260851,-0.806944426689496,0.8100383818410118,183.0,-531.0,2.5475247722601577,183.0,-531.0,3.001803137970882,-0.715870542895523,0.18996161815898815,-95.1343611109007,215.2429333037459,TRACK
76.052,185.51728679550027,-531.3967674127268,-2.5805814443668718,-1.6724878515227277,-0.08223886835600577,-0.805919578959894,0.8101046841114852,183.0,-531.0,2.5483636299794337,183.0,-531.0,2.985261684046252,-0.7173421787664624,0.18989531588851483,-95.1343611109007,215.2429333037459,TRACK
76.1,185.51175521277776,-531.4352636349271,-2.596978796723873,-1.6868467587973488,-0.09378972178306075,-0.80454934653417,0.8099976314290702,183.0,-531.0,2.5491898087051448,183.0,-531.0,2.970006046473327,-0.7162004639823856,0.19000236857092978,-94.91828641895634,215.0010335556664,TRACK
76.152,185.50515878325265,-531.4768483045383,-2.6120535220961876,-1.701285410384654,-0.1053623640394883,-0.8028538899380191,0.8097379800556465,183.0,-531.0,2.550138199166657,183.0,-531.0,2.9534962633291175,-0.7176355217542811,0.19026201994435354,-94.91828641895634,215.0010335556664,TRACK
76.2,185.4985178006164,-531.5151177335729,-2.6283165004817706,-1.7157445562985123,-0.11690936834826118,-0.800902948503553,0.8093907173481015,183.0,-531.0,2.5510659496450363,183.0,-531.0,2.9382721473255415,-0.7165966593722741,0.19060928265189847,-94.62699449184345,215.20282269461956,TRACK
76.252,185.49072036548205,-531.5564285672449,-2.643392115470854,-1.7302955001320766,-0.1284738259076745,-0.7986406047043687,0.8089081155643792,183.0,-531.0,2.5521169035671605,183.0,-531.0,2.921801008878347,-0.7179921828303852,0.19109188443562075,-94.62699449184345,215.20282269461956,TRACK
76.3,185.4829703262142,-531.5944203631304,-2.6596553579234774,-1.7448879228343421,-0.1400186898347065,-0.7961399047232672,0.8083588197055814,183.0,-531.0,2.553130864049937,183.0,-531.0,2.9066161133234063,-0.7169138359327025,0.19164118029441857,-94.4053751310116,215.67268091693447,TRACK
76.352,185.47397512292127,-531.635412275903,-2.6785687710472437,-1.7595448502255209,-0.1515567859410927,-0.7933980432702606,0.807743718285616,183.0,-531.0,2.5542712599098807,183.0,-531.0,2.8901881012394384,-0.7144284348929038,0.19225628171438403,-94.4053751310116,215.67268091693447,TRACK
76.396,185.46511473299068,-531.6730783722246,-2.6911323571586268,-1.7743249410578306,-0.16311892077225598,-0.7903573471371266,0.8070145714220667,183.0,-531.0,2.5553522539885307,183.0,-531.0,2.875048249885813,-0.7170047001351465,0.19298542857793333,-89.18875438637744,211.2664727174429,TRACK
76.452,185.45491061831783,-531.7136812038681,-2.7061965500860596,-1.789241720436261,-0.17470883956930006,-0.7870205655471332,0.8061789808831415,183.0,-531.0,2.5565459128840606,183.0,-531.0,2.8586751246499205,-0.7183136324436061,0.19382101911685845,-89.18875438637744,211.2664727174429,TRACK
76.5,185.44492599299227,-531.7509478800185,-2.722550766370347,-1.8043768986542539,-0.1863653053855677,-0.7832995478694414,0.8051647090775448,183.0,-531.0,2.5576524059601162,183.0,-531.0,2.843593366004603,-0.7170411748046366,0.19483529092245522,-97.35077295914652,220.49259782143918,TRACK
76.552,185.43350490692913,-531.7910974200552,-2.7375763104660362,-1.8195929271096725,-0.19801014315634163,-0.7793819948231413,0.8041419716985888,183.0,-531.0,2.558863274984831,183.0,-531.0,2.8272833277578613,-0.7183256689556892,0.1958580283014112,-97.35077295914652,220.49259782143918,TRACK
76.596,185.42241245493426,-531.8279629261075,-2.7538189527308496,-1.834782861782521,-0.20958905551423404,-0.7754092782666289,0.8032354082168707,183.0,-531.0,2.5600009196930196,183.0,-531.0,2.812248075646957,-0.7171182788017791,0.19676459178312933,-92.46527479593055,216.96759438871072,TRACK
76.652,185.40978874255916,-531.8676577930158,-2.7688924395508603,-1.8501258575436472,-0.22120018091666194,-0.7711930196794665,0.8022893453361437,183.0,-531.0,2.5612324825259347,183.0,-531.0,2.7959879038170623,-0.7183049638116632,0.1977106546638563,-92.46527479593055,216.96759438871072,TRACK
76.7,185.39757486391287,-531.9040650655621,-2.7851506173428118,-1.8656192474287276,-0.23283964939171073,-0.766745158441636,0.8013191875417338,183.0,-531.0,2.562361971079933,183.0,-531.0,2.781004221331872,-0.7170304685049018,0.1986808124582662,-91.96338690181459,217.3919272837653,TRACK
76.752,185.38373451710177,-531.9432402936328,-2.8002188138340585,-1.8812627389321743,-0.24450195256390989,-0.7620637726936663,0.8003264324384571,183.0,-531.0,2.5635702642125744,183.0,-531.0,2.7647999136764447,-0.7181665796690826,0.19967356756154286,-91.96338690181459,217.3919272837653,TRACK
76.8,185.3703948219064,-531.9791371559036,-2.819118918962047,-1.8970949809579105,-0.25619487996621376,-0.7570894063085034,0.7992622758928791,183.0,-531.0,2.5646600518960696,183.0,-531.0,2.749870718567448,-0.714195669650092,0.20073772410712087,-91.24595897063396,217.81075867732864,TRACK
76.852,185.35533479620597,-532.017734768609,-2.8353666308583807,-1.913061171399456,-0.2678922295770162,-0.7518997380792579,0.7981976339174411,183.0,-531.0,2.565810994881383,183.0,-531.0,2.7337255761077373,-0.7140931002134678,0.20180236608255886,-91.24595897063396,217.81075867732864,TRACK
76.9,185.34086930502676,-532.0530757567122,-2.848052575101184,-1.9292103745913785,-0.2796074890734541,-0.7464295346710945,0.797080546855378,183.0,-531.0,2.566834169281593,183.0,-531.0,2.7188507907548214,-0.7162819413235813,0.202919453144622,-85.71162939231266,213.5321676346312,TRACK
76.952,185.32458426690908,-532.0910270648139,-2.86309508436834,-1.9455948940988168,-0.2913557013820949,-0.7406206943745912,0.7958688068166474,183.0,-531.0,2.567884746268371,183.0,-531.0,2.702770131801292,-0.7173200910099542,0.2041311931833526,-85.71162939231266,213.5321676346312,TRACK
77.0,185.30898716609775,-532.1257401528087,-2.8792832530570154,-1.962172307235442,-0.3031100659810013,-0.7345197179719324,0.794603629609489,183.0,-531.0,2.5687959484649387,183.0,-531.0,2.6879568477861207,-0.7159452063364498,0.20539637039051095,-93.4507244671911,222.6543984374997,TRACK
77.052,185.29148233677265,-532.1630014502363,-2.894278768418047,-1.9788645316436235,-0.3148425094989208,-0.7282350109057025,0.7933801339184179,183.0,-531.0,2.5697205437542583,183.0,-531.0,2.6719373258447465,-0.7169692129167924,0.20661986608158212,-93.4507244671911,222.6543984374997,TRACK
77.1,185.27476911436287,-532.1970905063819,-2.9104825317050182,-1.9955509479052687,-0.3265148779122874,-0.7219187914837966,0.7923248746540155,183.0,-531.0,2.5705252778622563,183.0,-531.0,2.6571685647525913,-0.7155342107219766,0.20767512534598453,-88.78454047564009,219.43896301522875,TRACK
77.152,185.25606161522225,-532.2336681560276,-2.9255180816264397,-2.012321447412111,-0.3381505302432824,-0.7154429332340981,0.7913307600608125,183.0,-531.0,2.5713325593699246,183.0,-531.0,2.6411912640802675,-0.7164759614728791,0.2086692399391875,-88.78454047564009,219.43896301522875,TRACK
77.2,185.23823313495598,-532.2670823245521,-2.941870210975583,-2.0293009774592354,-0.3497971799330467,-0.7086828854264375,0.7903097488867599,183.0,-531.0,2.5720002300947145,183.0,-531.0,2.6264664069533694,-0.7148486892506334,0.20969025111324013,-88.10069645177323,219.66043632538623,TRACK
77.252,185.2183166073715,-532.3029004453726,-2.956895848132723,-2.046407972761295,-0.3614217180059167,-0.701727381049966,0.7893332474700356,183.0,-531.0,2.5726403054240587,183.0,-531.0,2.6105358752403527,-0.7157535838065101,0.21066675252996436,-88.10069645177323,219.66043632538623,TRACK
77.3,185.19937741496807,-532.3355945413197,-2.973236313670252,-2.063678441234574,-0.3730223946454635,-0.6945172472961717,0.7883526582049988,183.0,-531.0,2.573144728202149,183.0,-531.0,2.595851808317108,-0.7140971851922266,0.21164734179500122,-87.20316220732863,219.83602843415704,TRACK
77.352,185.17826105953247,-532.3706033643394,-2.988250153109813,-2.081099885133889,-0.3845938719514215,-0.6870725195294607,0.787388781628966,183.0,-531.0,2.5735918141411123,183.0,-531.0,2.5799651627256153,-0.7149699913441578,0.21261121837103403,-87.20316220732863,219.83602843415704,TRACK
77.396,185.15822042439922,-532.402540515564,-3.004438508163392,-2.098603752668006,-0.3961156479484104,-0.6794721987069271,0.7865049747873276,183.0,-531.0,2.573914392145284,183.0,-531.0,2.56531605610673,-0.7134307429094644,0.21349502521267238,-86.49341739603565,220.16961281130685,TRACK
77.452,185.13591652096144,-532.4367104814906,-3.0232562919918364,-2.116246693920815,-0.407597598151502,-0.6716470844346888,0.7856497998780954,183.0,-531.0,2.574155471633587,183.0,-531.0,2.5494636109183313,-0.710465404269419,0.21435020012190464,-86.49341739603565,220.16961281130685,TRACK
77.5,185.11478491952985,-532.4678567446725,-3.0356116963963626,-2.1339590764616956,-0.4190230325704897,-0.6636787739170902,0.7848884103951731,183.0,-531.0,2.574280225373984,183.0,-531.0,2.534842342143347,-0.7127312686398763,0.2151115896048269,-81.32613589151669,215.8553092247804,TRACK
77.552,185.09130632139394,-532.5011508024207,-3.054393252048692,-2.1517994211611593,-0.4303939970855739,-0.6554858225051701,0.7841560152371314,183.0,-531.0,2.574299101019673,183.0,-531.0,2.519016495504317,-0.7097755596265776,0.2158439847628686,-81.32613589151669,215.8553092247804,TRACK
77.6,185.069096233629,-532.5314476694755,-3.0668379530021457,-2.169828658752117,-0.44170465472496434,-0.6469804402359283,0.7833815750026136,183.0,-531.0,2.5741971929826293,183.0,-531.0,2.5044235047413745,-0.711923849436066,0.21661842499738637,-85.01380916427209,220.24088004717257,TRACK
77.652,185.0444602836592,-532.5638098161196,-3.085411787465838,-2.1878810793399635,-0.45292691959884074,-0.6383594270271977,0.7827167767282026,183.0,-531.0,2.573969501072583,183.0,-531.0,2.4886228829223285,-0.7091506367914198,0.2172832232717974,-85.01380916427209,220.24088004717257,TRACK
77.7,185.02119375554798,-532.5932511899334,-3.1003222287135066,-2.2059577730807627,-0.46405426521679594,-0.6296103116268081,0.7821480074593982,183.0,-531.0,2.5736498502497263,183.0,-531.0,2.474043726620019,-0.7088193518460608,0.21785199254060184,-84.60511290063438,220.59668136646366,TRACK
77.752,184.9954243442793,-532.6246722416463,-3.112883719681588,-2.2240533815152324,-0.47508323285333076,-0.6207345506248404,0.7816747792258585,183.0,-531.0,2.573184448600297,183.0,-531.0,2.4582536312563508,-0.7120479562416477,0.21832522077414152,-84.60511290063438,220.59668136646366,TRACK
77.8,184.9711224212286,-532.6532421702534,-3.131445930124875,-2.2421050971457888,-0.48600562359914024,-0.6117998539996645,0.7813453317989428,183.0,-531.0,2.572651020440656,183.0,-531.0,2.4436771079908874,-0.7080622690638236,0.21865466820105717,-88.69453041852157,225.0582819964097,TRACK
77.852,184.94424448486185,-532.6837182745641,3.139309398719916,-2.2601074452992798,-0.496812842423373,-0.6027975302675984,0.7811452252260827,183.0,-531.0,2.571963033369008,183.0,-531.0,2.427882041594582,-0.7114273571253342,0.21885477477391735,-88.69453041852157,225.0582819964097,TRACK
77.9,184.91893180012994,-532.711422455095,3.123193481033356,-2.277969043610206,-0.5075000070787336,-0.5938280443785429,0.7811453152105307,183.0,-531.0,2.5712382373777123,183.0,-531.0,2.4132918917442843,-0.7099015892890717,0.21885468478946934,-84.76111088924907,221.15661769638038,TRACK
77.952,184.8909735249721,-532.7409565566176,3.1044318512450433,-2.2957695320854836,-0.5180557027788985,-0.5847754506327171,0.7812451848456,183.0,-531.0,2.570352233483794,183.0,-531.0,2.397476050493094,-0.7069558007519494,0.21875481515439998,-84.76111088924907,221.15661769638038,TRACK
78.0,184.8646792100782,-532.7677573801158,3.091973140892732,-2.3135921521124314,-0.528465586240986,-0.5755267142523457,0.7813493934592451,183.0,-531.0,2.5694347065943615,183.0,-531.0,2.3828704792527144,-0.7091026616400176,0.21865060654075485,-80.0713017752639,216.09275528102285,TRACK
78.052,184.83567724663365,-532.7962853894198,3.077037936560144,-2.3313993724556106,-0.5387081542411346,-0.5661078115029211,0.7814630699466975,183.0,-531.0,2.5683364565515308,183.0,-531.0,2.3670399521842023,-0.7099979843759416,0.21853693005330255,-80.0713017752639,216.09275528102285,TRACK
78.1,184.80844002126628,-532.8221326685065,3.060826434279659,-2.3492504122477076,-0.548765068560545,-0.5564398208169836,0.781516714257025,183.0,-531.0,2.5672208265274117,183.0,-531.0,2.3524230239557675,-0.7084034103238914,0.21848328574297504,-80.0713017752639,216.09275528102285,TRACK
78.152,184.77843707651616,-532.849620760688,3.0459428175161576,-2.36699462108036,-0.558640191920926,-0.5467018885991847,0.7816404666004468,183.0,-531.0,2.5659180410713596,183.0,-531.0,2.3365766794381293,-0.7093661380780283,0.21835953339955316,-88.79479049117423,224.6365579031003,TRACK
78.2,184.75029030627064,-532.8745466282322,3.029858915313504,-2.384451794651779,-0.5683529911221274,-0.5371073450992395,0.7819906794054662,183.0,-531.0,2.564652260569019,183.0,-531.0,2.321928759361777,-0.7079301559517273,0.21800932059453382,-84.74449043868682,220.5091401162817,TRACK
78.252,184.71931974027345,-532.9010422697313,3.011130803326653,-2.4017862200639364,-0.5778851769028337,-0.527455822866045,0.7824071336326861,183.0,-531.0,2.5632054308227255,183.0,-531.0,2.3060420074019867,-0.7050887959246661,0.2175928663673139,-84.74449043868682,220.5091401162817,TRACK
78.3,184.69029813618934,-532.9250309737591,2.996206162529208,-2.4189869324663165,-0.5872412281001167,-0.517763918399176,0.7828995690231295,183.0,-531.0,2.5618064015723756,183.0,-531.0,2.2913583933316817,-0.7048477691975261,0.21710043097687048,-80.48127056315346,215.52531352567175,TRACK
78.352,184.6584019828086,-532.9504991555104,2.983921081983917,-2.4360934761643955,-0.5963924460199499,-0.5079670010547804,0.7833992748466431,183.0,-531.0,2.560223445762203,183.0,-531.0,2.275432557881939,-0.7084885241019778,0.21660072515335693,-80.48127056315346,215.52531352567175,TRACK
78.396,184.62855154073105,-532.9735129844378,2.96773255495688,-2.4531671971366635,-0.6053145633951679,-0.4979877199474021,0.7838351165115626,183.0,-531.0,2.558697641489119,183.0,-531.0,2.260717963418459,-0.707014591538421,0.21616488348843743,-89.67797535012089,224.0616844078237,TRACK
78.452,184.59577799550652,-532.9979395175601,2.9528597484809156,-2.4699727065343877,-0.6140456359873763,-0.4881013755199338,0.7844074170095492,183.0,-531.0,2.557004052943815,183.0,-531.0,2.2447513263246597,-0.7081084221562559,0.2155925829904508,-89.67797535012089,224.0616844078237,TRACK
78.5,184.5651315961646,-533.0200268141062,2.9366434122957967,-2.4865013376621055,-0.6225929919266091,-0.4783190980702707,0.7851185854218992,183.0,-531.0,2.5554148866712407,183.0,-531.0,2.2299860164366687,-0.706657395859128,0.21488141457810084,-85.79474600940348,219.61547514382903,TRACK
78.552,184.53151758565005,-533.043444573543,2.9217197936236827,-2.5028488222442915,-0.6309335924463843,-0.4685269484158264,0.7858719357943421,183.0,-531.0,2.5536663525796617,183.0,-531.0,2.213963533071622,-0.7077562605520606,0.2141280642056579,-85.79474600940348,219.61547514382903,TRACK
78.6,184.50011664436676,-533.064590888311,2.9056231469178546,-2.5190112382899006,-0.6390720319475647,-0.45873439498764124,0.7866703929615416,183.0,-531.0,2.552035556727838,183.0,-531.0,2.1991476872555955,-0.7064754596622591,0.21332960703845838,-86.28912504116295,219.07250768321245,TRACK
78.652,184.46571028975046,-533.0869819432316,2.8869003751932736,-2.535026323493758,-0.6469780537601755,-0.448886380246012,0.7874513219353129,183.0,-531.0,2.550254945070263,183.0,-531.0,2.183071587020398,-0.7038287881728755,0.21254867806468714,-86.28912504116295,219.07250768321245,TRACK
78.7,184.4336003546804,-533.1071817132959,2.874605573511158,-2.550825575603761,-0.6546706781632456,-0.43906613721143045,0.7882720150382675,183.0,-531.0,2.548612318456509,183.0,-531.0,2.1682055555104713,-0.7064000180006866,0.2117279849617325,-82.25987247105732,214.11576326036996,TRACK
78.752,184.3984524577567,-533.1285487635878,2.8596946875926763,-2.566450822412674,-0.662108323946552,-0.4292096738446618,0.789055369895645,183.0,-531.0,2.5468390439085122,183.0,-531.0,2.152075393258379,-0.7076192943342972,0.21094463010435505,-82.25987247105732,214.11576326036996,TRACK
78.8,184.36568735774614,-533.1477809214065,2.841026547316893,-2.5820063820366266,-0.6692825981421799,-0.41922077209365427,0.7897374575963497,183.0,-531.0,2.5452042836411573,183.0,-531.0,2.1371667867461337,-0.7038597605707593,0.21026254240365028,-91.67915610925975,222.6396974803552,TRACK
78.852,184.32984735825457,-533.1681158674077,2.828627385733276,-2.5972630674159216,-0.6762644546010399,-0.40936333071498754,0.7905137247960407,183.0,-531.0,2.5434662197012843,183.0,-531.0,2.1209854422513192,-0.7076419434819567,0.20948627520395935,-91.67915610925975,222.6396974803552,TRACK
78.9,184.29645411450798,-533.1864321345063,2.8124042646638863,-2.612221414994376,-0.6830642978095345,-0.3996422792254502,0.7913853589033254,183.0,-531.0,2.541904551675051,183.0,-531.0,2.1060189834295526,-0.7063852812343336,0.2086146410966746,-87.95434869496682,218.18606415750952,TRACK
78.952,184.2599567551271,-533.2057724930719,2.797472617300417,-2.6269848230296073,-0.6896470971014431,-0.3899429718420418,0.7922554132534853,183.0,-531.0,2.540260481915777,183.0,-531.0,2.089776784423986,-0.7076958328764311,0.20774458674651475,-87.95434869496682,218.18606415750952,TRACK
79.0,184.225979620186,-533.2231631724867,2.7813654145814573,-2.641557017363501,-0.6960205553947585,-0.38026996909692345,0.7931266373846002,183.0,-531.0,2.538795092285412,183.0,-531.0,2.074757718113227,-0.7066076964682302,0.2068733626153998,-88.54774428117166,217.67726000364115,TRACK
79.052,184.18887552948712,-533.241495486284,2.766430819602097,-2.655986597662013,-0.7021524330182216,-0.37056605354838346,0.7939378056471625,183.0,-531.0,2.5372676326403987,183.0,-531.0,2.058462373174769,-0.7079684464273281,0.20606219435283746,-88.54774428117166,217.67726000364115,TRACK
79.1,184.1543601147839,-533.2579577833945,2.747690023564026,-2.670214955417133,-0.7080739803394647,-0.3609055179045525,0.7947462201783195,183.0,-531.0,2.535925989889282,183.0,-531.0,2.0433960737462007,-0.7042939498178251,0.20525377982168047,-89.27558788619193,217.50918398641664,TRACK
79.152,184.1166920226864,-533.2752950466177,2.7315765446977656,-2.6842523640066482,-0.713783322492286,-0.3512817044858142,0.7955409903798708,183.0,-531.0,2.5345549160936143,183.0,-531.0,2.0270488147521815,-0.7045277299455841,0.2044590096201292,-89.27558788619193,217.50918398641664,TRACK
79.2,184.08167943427384,-533.2908327165309,2.7166344462804437,-2.6981664853105216,-0.7192592834616345,-0.34162861769963293,0.7962688172201056,183.0,-531.0,2.533366324410898,183.0,-531.0,2.0119391563957936,-0.7046952898846501,0.20373118277989444,-85.12931452278298,212.5206772191027,TRACK
79.248,184.04349948168854,-533.307159037738,2.7041922525120077,-2.7119612518851484,-0.7244989843434346,-0.33194730193710553,0.7969239547020733,183.0,-531.0,2.5321678446935953,183.0,-531.0,1.9955510142978063,-0.7086412382142013,0.20307604529792667,-85.12931452278298,212.5206772191027,TRACK
79.3,184.00804271393685,-533.321748102507,2.6856334209955657,-2.7257307580823955,-0.729463271346012,-0.3221443435329556,0.7974293964440391,183.0,-531.0,2.531138946129935,183.0,-531.0,1.9804117221982793,-0.7052216987972864,0.2025706035559609,-94.29795002681855,221.03975133654535,TRACK
79.352,183.96940111338353,-533.3370517032422,2.6694105254554,-2.7393214001874893,-0.7342388224068306,-0.3123988282452138,0.7979346315446848,183.0,-531.0,2.5301282936358125,183.0,-531.0,1.963992964326026,-0.705417561129374,0.2020653684553152,-94.29795002681855,221.03975133654535,TRACK
79.4,183.93351810317733,-533.3507351715981,2.656958472692179,-2.7526290938878692,-0.7389021839845767,-0.30283452845454245,0.7985519326389877,183.0,-531.0,2.5293105574342136,183.0,-531.0,1.9488153334028546,-0.7081431392893245,0.20144806736101228,-86.01171594342844,212.38592628572286,TRACK
79.452,183.8944370983862,-533.3650498583454,2.6420092592761737,-2.7658983724682678,-0.7433316441457827,-0.293191296602279,0.7990638707836802,183.0,-531.0,2.5285328859694727,183.0,-531.0,1.9323603624013328,-0.7096488968748409,0.20093612921631976,-86.01171594342844,212.38592628572286,TRACK
79.5,183.85818224407203,-533.3777870793535,2.6259129734916993,-2.7791579183932003,-0.7475238814022065,-0.28344991264248093,0.7994596964473257,183.0,-531.0,2.5279137957575073,183.0,-531.0,1.9171628905598017,-0.7087500829318976,0.20054030355267427,-95.10689153598793,220.7994934254661,TRACK
79.552,183.81871089432482,-533.3910880531478,2.6109918628972935,-2.7922664175413003,-0.7515630692868018,-0.27376822837107373,0.7998725460854589,183.0,-531.0,2.527368118496421,183.0,-531.0,1.900685444347643,-0.7103064185496504,0.20012745391454112,-95.10689153598793,220.7994934254661,TRACK
79.6,183.78210156170513,-533.4029098255227,2.5947173245802633,-2.805225524192039,-0.7554590453883989,-0.26414977200820833,0.8003083601407269,183.0,-531.0,2.5269860471350047,183.0,-531.0,1.885463238281875,-0.7092540862983883,0.19969163985927307,-91.4682685389829,216.8782455321052,TRACK
79.652,183.7422625315295,-533.4152181828516,2.576062001674151,-2.8180923893648298,-0.7591956979923239,-0.2545420645963192,0.8007307727938328,183.0,-531.0,2.526703887773484,183.0,-531.0,1.868961803062181,-0.7071001986119698,0.19926922720616724,-91.4682685389829,216.8782455321052,TRACK
79.7,183.7053394477811,-533.4261032180082,2.5610758952016255,-2.8309910449114026,-0.7627080226935821,-0.24482239000409978,0.8010377834587288,183.0,-531.0,2.5265550777740318,183.0,-531.0,1.8537264012298498,-0.7073494939717757,0.19896221654127122,-87.02261957452114,211.93512518372242,TRACK
79.752,183.66519566299868,-533.4373667821023,2.5484544241441585,-2.8439677045915337,-0.7659587661710676,-0.23494700413657255,0.8011822053859252,183.0,-531.0,2.526507886504255,183.0,-531.0,1.8372237504377784,-0.71123067370638,0.19881779461407478,-87.02261957452114,211.93512518372242,TRACK
79.8,183.6280163413181,-533.447274218588,2.529839649794331,-2.8569913709246286,-0.7689724185987658,-0.2249572770629733,0.8012018204355397,183.0,-531.0,2.526569932918508,183.0,-531.0,1.821994593173856,-0.7078450566204753,0.19879817956446033,-95.6539716793882,220.52417628986987,TRACK
79.848,183.5876071322482,-533.4574831819622,2.517380850591924,-2.8699930740636677,-0.7718171331366113,-0.21493640664820932,0.8011862117548342,183.0,-531.0,2.526757948735075,183.0,-531.0,1.8054989663906842,-0.71188188420124,0.19881378824516582,-95.6539716793882,220.52417628986987,TRACK
79.9,183.5501794863158,-533.4664369240422,2.4985792899778527,-2.882872966775699,-0.7745910547957415,-0.20499636698838308,0.8012582683804363,183.0,-531.0,2.5270553154692945,183.0,-531.0,1.7902696889448184,-0.7083096010330343,0.19874173161956366,-91.86348385476175,216.95823836825565,TRACK
79.952,183.50950956557293,-533.4756133489333,2.4823946445472593,-2.895759211887337,-0.7772240367713104,-0.19501203684761692,0.8013157291920254,183.0,-531.0,2.527501028847854,183.0,-531.0,1.7737735204731497,-0.7086211240741096,0.19868427080797457,-91.86348385476175,216.95823836825565,TRACK
80.0,183.47187139675816,-533.4835835004874,2.4698873973584283,-2.908766361480426,-0.7796406048423434,-0.18487351236629507,0.8012600628345242,183.0,-531.0,2.528012978402537,183.0,-531.0,1.7585545937691236,-0.7113328035893047,0.19873993716547578,-87.17569582821815,212.13555650067192,TRACK
80.052,183.43100327094845,-533.4916690209104,2.454887708871013,-2.921891264443065,-0.781840316866683,-0.17458955511622146,0.8010966195371663,183.0,-531.0,2.5286712576633925,183.0,-531.0,1.7420791511872602,-0.7128085576837526,0.19890338046283373,-87.17569582821815,212.13555650067192,TRACK
80.1,183.39321169142463,-533.4986095075457,2.4385974829538983,-2.9352098726474827,-0.7837598066579841,-0.16409092587421314,0.8007529372327129,183.0,-531.0,2.5293605724511896,183.0,-531.0,1.726888342649468,-0.7117091403044304,0.1992470627672871,-95.76720833632811,221.02434832788583,TRACK
80.152,183.35219243211588,-533.505572824807,2.4236295176730502,-2.9485823232896706,-0.7855350427518668,-0.1535275833850257,0.8003974151952411,183.0,-531.0,2.530204475857855,183.0,-531.0,1.710445028731001,-0.7131844889420493,0.1996025848047589,-95.76720833632811,221.02434832788583,TRACK
80.2,183.31424867975505,-533.5114990432492,2.4074475356661074,-2.9619054426762412,-0.787270972086434,-0.1430049386742125,0.8001537327133669,183.0,-531.0,2.5310827084410414,183.0,-531.0,1.695273362180819,-0.7121741734852884,0.19984626728663313,-91.37132396745173,217.25660984758255,TRACK
80.252,183.27307765812404,-533.5173524147319,2.3924246032279948,-2.9753615050226347,-0.7888387774495955,-0.13235090281074607,0.7998645999686397,183.0,-531.0,2.532120571245215,183.0,-531.0,1.678851920850017,-0.7135726823779778,0.20013540003136032,-91.37132396745173,217.25660984758255,TRACK
80.3,183.2350201196153,-533.522226169207,2.3762190125662817,-2.9889566132788614,-0.7902480903016729,-0.121565879874271,0.7995438120422461,183.0,-531.0,2.5331520493757482,183.0,-531.0,1.6637076846133927,-0.712511327952889,0.20045618795775388,-91.3404130145326,217.43462893341308,TRACK
80.352,183.19374230798863,-533.5269259493643,2.361193521713779,-3.002692525253858,-0.7914926831064312,-0.1106509575927601,0.7991897783550614,183.0,-531.0,2.5343422885387112,183.0,-531.0,1.6473177641085337,-0.7138757576052452,0.20081022164493856,-91.3404130145326,217.43462893341308,TRACK
80.4,183.15560920628974,-533.5307168174576,2.344843664454585,-3.0166173188602947,-0.7925241105735723,-0.09956486894845219,0.7987537974677519,183.0,-531.0,2.5354963686120144,183.0,-531.0,1.6322072044947158,-0.7126364599598694,0.20124620253224812,-91.07329111182194,217.61089026270417,TRACK
80.452,183.1142679681558,-533.5342298813565,2.3298158814453447,-3.030677292793951,-0.7933990054667741,-0.08836278721318058,0.7983044306777635,183.0,-531.0,2.5368047343275517,183.0,-531.0,1.6158556263606112,-0.7139602550847335,0.20169556932223653,-91.07329111182194,217.61089026270417,TRACK
80.5,183.07609308016777,-533.5369123351862,2.3134643004934956,-3.0449316226335377,-0.7940679117993762,-0.07699537086361227,0.7977920378669162,183.0,-531.0,2.5380532605265533,183.0,-531.0,1.6007817039283807,-0.7126825965651149,0.20220796213308379,-90.55198790499091,217.68356725548554,TRACK
80.552,183.03473136138146,-533.539203576397,2.2984360898934426,-3.0593800347542732,-0.7945403268081523,-0.06546880690287629,0.7972330246557098,183.0,-531.0,2.5394410939910737,183.0,-531.0,1.5844735269981067,-0.7139625628953359,0.20276697534429022,-90.55198790499091,217.68356725548554,TRACK
80.6,182.9965484284116,-533.5407505197257,2.2822278805103346,-3.0739683401944795,-0.7948684319973733,-0.053834519592532666,0.7966893872054037,182.9965484284116,-531.0,2.540750519725748,183.0,-531.0,1.5694378425838933,-0.7127900379264414,0.20331061279459628,-90.12107739259649,217.93664126121166,TRACK
80.652,182.95519622898,-533.5417974339247,2.2633752538119394,-3.0887624175829975,-0.7949965923571025,-0.04203897561251391,0.7961073152094224,182.95519622898,-531.0,2.541797433924671,183.0,-531.0,1.5531713457301177,-0.7102039080818217,0.20389268479057765,-90.12107739259649,217.93664126121166,TRACK
80.696,182.91703845368318,-533.5421825599556,2.248351850682601,-3.1037060823989413,-0.7949815632380113,-0.030133544790054947,0.7955524598729906,182.91703845368318,-531.0,2.542182559955563,183.0,-531.0,1.538173919688477,-0.7101779309941239,0.2044475401270094,-85.12906465352229,213.59172786024197,TRACK
80.752,182.87573325067694,-533.5419561009865,2.235987528537815,-3.1188693247390242,-0.7947538055697689,-0.018062561052221926,0.7949590351580359,182.87573325067694,-531.0,2.5419561009864537,183.0,-531.0,1.5219489461093574,-0.7140385824284576,0.2050409648419641,-85.12906465352229,213.59172786024197,TRACK
80.8,182.83765647096982,-533.5411381246006,2.219690717468426,-3.134320038949856,-0.794233158984798,-0.005776253537043725,0.794254163310395,182.83765647096982,-531.0,2.541138124600593,183.0,-531.0,1.5069968813295596,-0.7126938361388664,0.205745836689605,-93.65041001439927,222.7565130318577,TRACK
80.852,182.79644591099367,-533.5396055622506,2.2010438563320815,3.1333260726911982,-0.7936303224103254,0.006560758710586369,0.7936574400860711,182.79644591099367,-531.0,2.5396055622505855,183.0,-531.0,1.4908154566392557,-0.7102283996928258,0.2063425599139289,-93.65041001439927,222.7565130318577,TRACK
80.9,182.75844468735795,-533.537592112077,2.1883967914512796,3.117704325506484,-0.7929519652438075,0.018945900677244353,0.7931782689512419,182.75844468735795,-531.0,2.53759211207705,183.0,-531.0,1.4758915339592136,-0.7125052574920661,0.20682173104875812,-84.3581322658594,214.258319123325,TRACK
80.952,182.7173468314793,-533.5347422336562,2.173388695934505,3.101846979564693,-0.7920389612071945,0.031496709426870446,0.7926649725923888,182.7173468314793,-531.0,2.534742233656175,183.0,-531.0,1.4597435156355152,-0.7136451802989896,0.20733502740761123,-84.3581322658594,214.258319123325,TRACK
81.0,182.67948904280675,-533.5314861274536,2.1572372277270992,3.085743744168725,-0.7908717005219333,0.04421530218787598,0.7921067097519247,182.67948904280675,-531.0,2.5314861274536042,183.0,-531.0,1.444856611805311,-0.7123806159217883,0.20789329024807535,-92.54361024395136,222.8333751849625,TRACK
81.052,182.63856122388026,-533.527283963369,2.1384533240079335,3.069494045227013,-0.7895423096521414,0.05702374314559683,0.7915988668594549,182.63856122388026,-531.0,2.5272839633689728,183.0,-531.0,1.428744862508244,-0.7097084614996896,0.2084011331405451,-92.54361024395136,222.8333751849625,TRACK
81.096,182.60084968919708,-533.5227906035434,2.126097993468536,3.0532277453146652,-0.7881824416721716,0.06982951510612247,0.7912696901437981,182.60084968919708,-531.0,2.522790603543399,183.0,-531.0,1.4138792870766734,-0.7122187063918626,0.2087303098562019,-83.63317333787185,214.5470312269687,TRACK
81.152,182.56009712368675,-533.5172403536196,2.111099504785053,3.0367847574066396,-0.7866147010987219,0.08274663622897757,0.7909549252592352,182.56009712368675,-531.0,2.517240353619627,183.0,-531.0,1.3977874115679239,-0.7133120932171293,0.20904507474076484,-83.63317333787185,214.5470312269687,TRACK
81.2,182.52260182191685,-533.5114726232993,2.094816300038686,3.0200570530571738,-0.7847027977863044,0.09584168046821162,0.7905340654068137,182.52260182191685,-531.0,2.5114726232992552,183.0,-531.0,1.3829504584156507,-0.7118658416230355,0.2094659345931863,-92.31260869291569,223.36693297791882,TRACK
81.248,182.4820977594181,-533.5045404231603,2.0798594115886813,3.0032726062290833,-0.7826803161488152,0.1089561317013011,0.7902277620547892,182.4820977594181,-531.0,2.504540423160279,183.0,-531.0,1.3668849970513655,-0.7129744145373158,0.20977223794521083,-92.31260869291569,223.36693297791882,TRACK
81.3,182.44482016097948,-533.4975114902165,2.0635523954819854,2.9864559349644826,-0.7805580274451005,0.12207412165394847,0.790046153959735,182.44482016097948,-531.0,2.4975114902165387,183.0,-531.0,1.3520597374901453,-0.7114926579918401,0.209953846040265,-87.75786867286239,219.25459239849204,TRACK
81.352,182.40457649851055,-533.4892061631783,2.0485491125388497,2.969521004812739,-0.7782335229185793,0.1352494187553538,0.7898986146765443,182.40457649851055,-531.0,2.4892061631783235,183.0,-531.0,1.3360058658143752,-0.7125432467244746,0.21010138532345568,-87.75786867286239,219.25459239849204,TRACK
81.4,182.36756671705135,-533.4809011913884,2.0323711469144934,2.9524830679275422,-0.7757147797037645,0.1484692081591861,0.7897952425928353,182.36756671705135,-531.0,2.480901191388398,183.0,-531.0,1.32119172429021,-0.7111794226242834,0.2102047574071647,-87.59969312358334,219.07586219872098,TRACK
81.452,182.32764177143676,-533.4712087669814,2.017375126791542,2.935313039305453,-0.7729402022902807,0.16174245727390896,0.7896816946096334,182.32764177143676,-531.0,2.4712087669813627,183.0,-531.0,1.3051499475004147,-0.7122251792911274,0.21031830539036656,-87.59969312358334,219.07586219872098,TRACK
81.496,182.29094604009384,-533.4616243275409,2.001205493855128,2.9180879800181185,-0.7699841725307741,0.17501913481472126,0.7896247991921191,182.29094604009384,-531.0,2.4616243275409033,183.0,-531.0,1.2903449184555167,-0.7108605753996113,0.21037520080788086,-87.64193509106899,219.07586219872098,TRACK
81.552,182.25137360642705,-533.4505515160114,1.986216774855189,2.9008154848386547,-0.7668426310560625,0.1882909767705323,0.7896208664531261,182.25137360642705,-531.0,2.4505515160113873,183.0,-531.0,1.2743077104273126,-0.7119090644278765,0.21037913354687388,-87.64193509106899,219.1806180115144,TRACK
81.6,182.2150294093898,-533.4396919192668,1.9674126127774652,2.883455921430804,-0.7634574802497013,0.2015736944967682,0.7896197049607485,182.2150294093898,-531.0,2.4396919192668065,183.0,-531.0,1.2595068496373083,-0.7079057631401569,0.21038029503925149,-87.61781958859653,219.11087452046712,TRACK
81.652,182.17585800909117,-533.4272413573468,1.9512527202509822,2.866081095450543,-0.7599010180185151,0.2148247604997499,0.7896829964671587,182.17585800909117,-531.0,2.4272413573468157,183.0,-531.0,1.2434715195014965,-0.7077812007494857,0.21031700353284133,-87.61781958859653,219.11087452046712,TRACK
81.7,182.1399027269316,-533.4151143713951,1.936271805000317,2.8486451224683176,-0.7561095941255035,0.22806203355584498,0.7897556644166985,182.1399027269316,-531.0,2.415114371395134,183.0,-531.0,1.228670002511649,-0.7076018024886679,0.21024433558330147,-82.88515789245926,214.28170210525488,TRACK
81.752,182.10119204679017,-533.4012890931684,1.9236573692313583,2.8311089517564008,-0.7520238909797334,0.24129507910643938,0.789786836941007,182.10119204679017,-531.0,2.4012890931684296,183.0,-531.0,1.2126375072255848,-0.7110198620057735,0.21021316305899296,-82.88515789245926,214.28170210525488,TRACK
81.796,182.0656895402595,-533.387896717926,1.9075510460044511,2.8135177509210245,-0.7476879725895607,0.2544945375621247,0.7898131260013646,182.0656895402595,-531.0,2.387896717925969,183.0,-531.0,1.1978390783020243,-0.7097119677024268,0.21018687399863545,-91.42852758608112,222.74678031156904,TRACK
81.852,182.02747581710096,-533.3727135569006,1.888818043573512,2.7959631924725574,-0.7432049342118756,0.26761580247049993,0.7899188515086901,182.02747581710096,-531.0,2.372713556900635,183.0,-531.0,1.1818031479823743,-0.7070148955911377,0.21008114849130988,-91.42852758608112,222.74678031156904,TRACK
81.9,181.9924167843619,-533.3580858253245,1.8764975385970972,2.7785681259846675,-0.7387219876267652,0.2806108143488262,0.7902231356602704,181.9924167843619,-531.0,2.3580858253244514,183.0,-531.0,1.166988803823683,-0.7095087347734141,0.20977686433972964,-82.98236166923161,214.21367639824578,TRACK
81.952,181.95469670638414,-533.3415737039775,1.8615348238245264,2.7611866503693863,-0.7340544321923064,0.2935363076237166,0.7905690819368884,181.95469670638414,-531.0,2.341573703977474,183.0,-531.0,1.15093136479668,-0.7106034590278465,0.20943091806311165,-82.98236166923161,214.21367639824578,TRACK
82.0,181.92015164761153,-533.3257148395757,1.845287915321475,2.743678965510447,-0.7290264344752542,0.30643615288535575,0.7908113921529452,181.92015164761153,-531.0,2.325714839575653,183.0,-531.0,1.1361076554999723,-0.7091802598215027,0.20918860784705484,-92.09771223533272,222.70851603835257,TRACK
82.052,181.88300307498903,-533.307882547014,1.8267003743253238,2.726287430503558,-0.7239056519833951,0.3192085454638763,0.7911595847050504,181.88300307498903,-531.0,2.3078825470139464,183.0,-531.0,1.1200368519311648,-0.7066635223941591,0.20884041529494957,-92.09771223533272,222.70851603835257,TRACK
82.1,181.848968383348,-533.2908277009507,1.8117394777647726,2.709033153197652,-0.7187083003385184,0.33184380709626127,0.7916198161261646,181.848968383348,-531.0,2.290827700950672,183.0,-531.0,1.105188813489023,-0.7065506642757495,0.2083801838738354,-83.45610093043763,213.77216821679616,TRACK
82.152,181.81240632083015,-533.271708869981,1.7991292165359645,2.691770791858103,-0.713251200628578,0.34438291383141817,0.7920396874760293,181.81240632083015,-531.0,2.271708869981012,183.0,-531.0,1.08909479365915,-0.7100344228768145,0.20796031252397074,-83.45610093043763,213.77216821679616,TRACK
82.2,181.77895606299077,-533.2534728890051,1.7805427562680887,2.6744923259233837,-0.7075214104873551,0.3568195886061621,0.79240568215472,181.77895606299077,-531.0,2.2534728890051383,183.0,-531.0,1.0742319586503266,-0.706310797617762,0.20759431784528004,-92.23593856607175,221.92083783469906,TRACK
82.252,181.7430392371259,-533.2330923817477,1.76810596135366,2.6573081532859355,-0.7016367832149081,0.36910922374969724,0.7928024940786123,181.7430392371259,-531.0,2.233092381747724,183.0,-531.0,1.0581190229845416,-0.7099869383691184,0.20719750592138775,-92.23593856607175,221.92083783469906,TRACK
82.3,181.71016714937656,-533.2137148299975,1.751981069429535,2.6403512031719933,-0.6957562155953859,0.38121564361632976,0.7933486487525051,181.71016714937656,-531.0,2.213714829997457,183.0,-531.0,1.0432278597291118,-0.7087532097004232,0.2066513512474949,-88.69563805750734,218.02014225876331,TRACK
82.352,181.67487983800316,-533.1921164762018,1.733197928723188,2.6235187650442793,-0.6897522897655898,0.39316370351355046,0.7939369741971746,181.67487983800316,-531.0,2.192116476201818,183.0,-531.0,1.0270793311264037,-0.7061185975967843,0.20606302580282543,-88.69563805750734,218.02014225876331,TRACK
82.4,181.64262873252434,-533.1716252472497,1.720723960189974,2.606710535592353,-0.6835032991306929,0.40497161839283696,0.7944676026284866,181.64262873252434,-531.0,2.1716252472497217,183.0,-531.0,1.0121620814635304,-0.7085618787264436,0.2055323973715134,-84.35148219084371,212.8632170642849,TRACK
82.452,181.60804932023171,-533.148836803652,1.7057674309225355,2.589953042417368,-0.6770231887122964,0.4166153069401076,0.7949394392222378,181.60804932023171,-531.0,2.1488368036519887,183.0,-531.0,0.995990804664456,-0.7097766262580795,0.20506056077776225,-84.35148219084371,212.8632170642849,TRACK
82.5,181.57648440400993,-533.1272647329699,1.6895260685637823,2.5731778776830483,-0.6702259201134804,0.4280962982343802,0.7952793374368158,181.57648440400993,-531.0,2.127264732969934,183.0,-531.0,0.9810581496212856,-0.7084679189424967,0.20472066256318422,-93.33682522937514,221.36371913266615,TRACK
82.552,181.54265842866997,-533.1033271057577,1.6746072750586096,2.5565529050342106,-0.6633216820927311,0.43938123855024813,0.7956453523551057,181.54265842866997,-531.0,2.1033271057576712,183.0,-531.0,0.9648686495303399,-0.7097386255282697,0.2043546476448943,-93.33682522937514,221.36371913266615,TRACK
82.6,181.51175914828337,-533.0807175125899,1.6584826487920385,2.540196664332601,-0.656466346179233,0.45045942190604055,0.7961543534075769,181.51175914828337,-531.0,2.0807175125898993,183.0,-531.0,0.9499061859085225,-0.7085764628835161,0.2038456465924231,-89.43533236793357,217.22399130385892,TRACK
82.652,181.47866424752004,-533.0556745630903,1.6435133269368374,2.5239387832750193,-0.6494572647696606,0.4613569381785668,0.7966460714568239,181.47866424752004,-531.0,2.0556745630902924,183.0,-531.0,0.9336830689067475,-0.7098302580300899,0.20335392854317613,-89.43533236793357,217.22399130385892,TRACK
82.7,181.44847054708265,-533.0320591961118,1.6273687818752784,2.5077812607155607,-0.6423096211229355,0.47207739403390553,0.797131554603713,181.44847054708265,-531.0,2.0320591961118453,183.0,-531.0,0.9186948099197741,-0.7086739719555043,0.202868445396287,-89.94045748499494,217.02892408853197,TRACK
82.752,181.41615234340196,-533.0059466649384,1.608584697226125,2.4917354474721054,-0.6350276246576497,0.48260772748184466,0.7976028477278195,181.41615234340196,-531.0,2.005946664938392,183.0,-531.0,0.9024437843664211,-0.7061409128597039,0.20239715227218047,-89.94045748499494,217.02892408853197,TRACK
82.8,181.3866959939084,-532.981363880443,1.5936142331196823,2.475754982401176,-0.6275538377513199,0.49294449314179334,0.7980088298980341,181.3866959939084,-531.0,1.9813638804430411,183.0,-531.0,0.8874330919401211,-0.7061811411795612,0.20199117010196588,-85.5131727639785,212.09731010305745,TRACK
82.852,181.35520099570564,-532.9542246921201,1.5774871632787961,2.4598434521010377,-0.6198955593645993,0.5030815342543903,0.7983492560450599,181.35520099570564,-531.0,1.9542246921200785,183.0,-531.0,0.871162160847216,-0.7063250024315801,0.2016507439549401,-85.5131727639785,212.09731010305745,TRACK
82.9,181.3265342709502,-532.9287143042355,1.5625638742942123,2.4439208698286,-0.6119603149288285,0.5130162422567661,0.7985493672072153,181.3265342709502,-531.0,1.928714304235541,183.0,-531.0,0.8561393947377154,-0.7064244795564969,0.20145063279278475,-89.90125354525367,216.1811899046474,TRACK
82.952,181.2959127650965,-532.900592291144,1.5499927074962392,2.428088332527653,-0.6038804941036859,0.5227433378908004,0.7987066097561277,181.2959127650965,-531.0,1.9005922911439939,183.0,-531.0,0.839858135691198,-0.7101345718050411,0.20129339024387227,-89.90125354525367,216.1811899046474,TRACK
83.0,181.2680370374165,-532.8741945271387,1.533906671098978,2.412441102713455,-0.5957828355007062,0.5322668655010644,0.7989150162486557,181.2680370374165,-531.0,1.874194527138684,183.0,-531.0,0.824819037589317,-0.709087633509661,0.20108498375134432,-94.43020789779453,220.71063291032672,TRACK
83.052,181.23826566807432,-532.8451308770332,1.5151679217916871,2.396950651974906,-0.587643059801586,0.5415941844396982,0.7991549451463541,181.23826566807432,-531.0,1.8451308770331707,183.0,-531.0,0.8085156583762333,-0.7066522634154538,0.2008450548536459,-94.43020789779453,220.71063291032672,TRACK
83.1,181.21116909265578,-532.8178800828421,1.5002000900444723,2.3816756460634565,-0.5795471846312674,0.550739927529325,0.7994932188511886,181.21116909265578,-531.0,1.8178800828420663,183.0,-531.0,0.7934521903100094,-0.706747899734463,0.20050678114881137,-86.11569578934746,212.1032524136138,TRACK
83.152,181.18225891050264,-532.7879124283623,1.487871019485848,2.366457014688034,-0.5712934345025895,0.5596863195844541,0.7997655685485318,181.18225891050264,-531.0,1.7879124283623469,183.0,-531.0,0.7771256046115269,-0.7107454148743211,0.20023443145146824,-86.11569578934746,212.1032524136138,TRACK
83.2,181.15601040636622,-532.7598504996051,1.4691260411907063,2.351174631294159,-0.562736075088062,0.5684143382512162,0.7998542055494146,181.15601040636622,-531.0,1.759850499605136,183.0,-531.0,0.7620553376385127,-0.7070707035521936,0.20014579445058545,-95.18862192878375,220.757850631736,TRACK
83.252,181.12802223640065,-532.7290264124501,1.4566765645746789,2.3360585989077847,-0.5541603620370489,0.576939137252723,0.7999702962903995,181.12802223640065,-531.0,1.729026412450139,183.0,-531.0,0.7457213614181292,-0.7109552031565497,0.2000297037096005,-95.18862192878375,220.757850631736,TRACK
83.3,181.1025988969812,-532.7001914659569,1.440385994883064,2.3211179554367614,-0.5455827519243142,0.5852652573941955,0.8001224660700396,181.1025988969812,-531.0,1.700191465956891,183.0,-531.0,0.730635858918432,-0.709750135964632,0.19987753392996044,-90.95646008286398,216.618716162206,TRACK
83.352,181.07552063336826,-532.6685507628855,1.425394238641732,2.306246151246419,-0.5368863322993844,0.5933886879790102,0.8002231369007873,181.07552063336826,-531.0,1.668550762885502,183.0,-531.0,0.7142890768593827,-0.7111051617823493,0.19977686309921272,-90.95646008286398,216.618716162206,TRACK
83.4,181.05095765298958,-532.6389811444244,1.4092246995874307,2.291442259357779,-0.528081181255769,0.601314448465174,0.8002804507980091,181.05095765298958,-531.0,1.638981144424406,183.0,-531.0,0.6991967120891943,-0.7100279874982364,0.19971954920199086,-90.99651240464092,216.4952241834196,TRACK
83.452,181.02483074901895,-532.6065668683771,1.394231624496214,2.2766554093095075,-0.519106929157087,0.6090274033595433,0.8002414522766044,181.02483074901895,-531.0,1.6065668683770582,183.0,-531.0,0.682847525527348,-0.7113840989688661,0.19975854772339563,-90.99651240464092,216.4952241834196,TRACK
83.5,181.0011560790692,-532.5763031446758,1.3780611727850087,2.2619470960920514,-0.5100473056689663,0.6165407975056443,0.8001692377297867,181.0011560790692,-531.0,1.5763031446757623,183.0,-531.0,0.6677555388614831,-0.7103056339235256,0.19983076227021335,-91.12550540934399,216.73299365230162,TRACK
83.552,180.9759929102975,-532.5431558623804,1.3630670610531626,2.247305460516182,-0.5008982308020999,0.623858226135584,0.8000613251105887,180.9759929102975,-531.0,1.5431558623804449,183.0,-531.0,0.6514065047882324,-0.7116605562649302,0.1999386748894113,-91.12550540934399,216.73299365230162,TRACK
83.6,180.95322534982142,-532.5122353950375,1.3467493354348248,2.232671597121255,-0.4915973118260783,0.630969588030753,0.7998690755456949,180.95322534982142,-531.0,1.5122353950374645,183.0,-531.0,0.6363192319277776,-0.7104301035070472,0.20013092445430514,-91.06585336387437,216.87305206717073,TRACK
83.652,180.92905510471786,-532.4783961258347,1.3280754627505846,2.2181007716662777,-0.4822225947301366,0.6378945441616022,0.7996549758110706,180.92905510471786,-531.0,1.4783961258347063,183.0,-531.0,0.6199775820324164,-0.7080978807181683,0.2003450241889294,-91.06585336387437,216.87305206717073,TRACK
83.7,180.90721359750813,-532.4468546633581,1.3130768948279163,2.2035284171705776,-0.4727056766455209,0.644621284263859,0.7993667849359809,180.90721359750813,-531.0,1.4468546633580672,183.0,-531.0,0.6048991666898398,-0.7081777281380766,0.2006332150640191,-86.17373969567778,212.31923775942863,TRACK
83.748,180.88407688460367,-532.4123664765029,1.3004438492813135,2.188896303198893,-0.46298656513809155,0.6511358616810594,0.7989583655394716,180.88407688460367,-531.0,1.412366476502939,183.0,-531.0,0.5885753151120308,-0.7118685341692828,0.20104163446052836,-86.17373969567778,212.31923775942863,TRACK
83.8,180.8632077871889,-532.3802461881852,1.28431271574398,2.1742351679102163,-0.4531117693223792,0.6574487457428821,0.7984667361746173,180.8632077871889,-531.0,1.3802461881851968,183.0,-531.0,0.5735179816236101,-0.7107947341203699,0.20153326382538272,-94.45919744190519,221.13520619226864,TRACK
83.848,180.8411210998433,-532.3451453269016,1.2693607975999748,2.1596171587236643,-0.4431830456550482,0.6635974818338706,0.7979804695932969,180.8411210998433,-531.0,1.3451453269016156,183.0,-531.0,0.5572144672505837,-0.7121463303493911,0.20201953040670306,-94.45919744190519,221.13520619226864,TRACK
83.9,180.8211980712554,-532.3124646751302,1.2505566064789289,2.145151648600081,-0.43334106312919035,0.6696347823587794,0.7976184668991978,180.8211980712554,-531.0,1.3124646751301725,183.0,-531.0,0.5421669790402206,-0.7083896274387083,0.2023815331008022,-90.36788918962137,217.72467658596375,TRACK
83.952,180.8001344784351,-532.2767674650527,1.2381998609266696,2.130712605451713,-0.42344587347830476,0.6755322917471905,0.7972767931898029,180.8001344784351,-531.0,1.2767674650526715,183.0,-531.0,0.5258713276319392,-0.7123285332947303,0.20272320681019707,-90.36788918962137,217.72467658596375,TRACK
84.0,180.78119059002756,-532.2435577485211,1.2218737922725813,2.116189815131957,-0.41337233739916424,0.6812501726784882,0.7968553740179698,180.78119059002756,-531.0,1.2435577485210842,183.0,-531.0,0.5108397483299377,-0.7110340439426436,0.2031446259820302,-90.1681644105117,217.77327370486728,TRACK
84.048,180.76120597077968,-532.2073066984017,1.206869867362086,2.101652374094188,-0.40320387963170023,0.686810064967742,0.7964178764260936,180.76120597077968,-531.0,1.2073066984016805,183.0,-531.0,0.4945652160474825,-0.7123046513146034,0.20358212357390637,-90.1681644105117,217.77327370486728,TRACK
84.1,180.74326791154854,-532.1736026025045,1.190542649303272,2.087047526136705,-0.3928808703210477,0.6921855748126882,0.7959122113920576,180.74326791154854,-531.0,1.173602602504502,183.0,-531.0,0.4795548400624453,-0.7109878092408267,0.2040877886079424,-89.66489734708958,217.8214208339459,TRACK
84.152,180.72439276181996,-532.1368365975624,1.1755388435181995,2.0723787633136808,-0.3824168427279961,0.6973841184310635,0.7953535378948915,180.72439276181996,-531.0,1.1368365975623647,183.0,-531.0,0.46330759043282105,-0.7122312530853785,0.2046464621051085,-89.66489734708958,217.8214208339459,TRACK
84.2,180.70748177966092,-532.102669599933,1.1593590172759933,2.057699284550918,-0.371880192682805,0.7024340346939246,0.7948008875222686,180.70748177966092,-531.0,1.1026695999330514,183.0,-531.0,0.44832118501765733,-0.711037832258336,0.20519911247773137,-89.25476869055338,218.10120017890512,TRACK
84.252,180.6897306612564,-532.0654184494504,1.1443582404801995,2.0429415347500184,-0.361200806812812,0.707311020030724,0.7942007944462972,180.6897306612564,-531.0,1.0654184494503625,183.0,-531.0,0.4321009566625156,-0.7122572838176839,0.2057992055537028,-89.25476869055338,218.10120017890512,TRACK
84.3,180.67386769084007,-532.0308179435988,1.1255369015208612,2.0281598745086944,-0.35044801704733647,0.7120475181877735,0.7936154489485306,180.67386769084007,-531.0,1.0308179435987768,183.0,-531.0,0.41714015557835055,-0.7083967459425107,0.20638455105146936,-89.0271792839635,218.55287192381434,TRACK
84.352,180.65725438487442,-531.9931090411692,1.1093626539983266,2.0133416075223156,-0.3396115396956982,0.7166408070211536,0.7930384884622014,180.65725438487442,-531.0,0.9931090411691912,183.0,-531.0,0.4009455068005354,-0.7084171471977911,0.20696151153779863,-89.0271792839635,218.55287192381434,TRACK
84.4,180.64245889440832,-531.9581037916844,1.0968655952828623,1.9984294188439047,-0.3286312854508396,0.7210631353904902,0.7924207007620608,180.64245889440832,-531.0,0.9581037916843798,183.0,-531.0,0.3860110811095825,-0.7108545141732798,0.20757929923793916,-83.90951359309618,214.07977329611532,TRACK
84.452,180.62702297007462,-531.9199769619612,1.0818822303770812,1.9834163619801464,-0.31750598009681896,0.7253139303714315,0.791764071544103,180.62702297007462,-531.0,0.919976961961197,183.0,-531.0,0.3698485562804712,-0.71203367409661,0.208235928455897,-83.90951359309618,214.07977329611532,TRACK
84.496,180.61333968351994,-531.884609251289,1.0656124299149126,1.9682244583793496,-0.30615285152414246,0.7293436117260385,0.790994103936272,180.61333968351994,-531.0,0.8846092512890209,183.0,-531.0,0.3549491724496899,-0.7106632574652227,0.209005896063728,-92.19115871202077,223.1196615180595,TRACK
84.552,180.59911417341402,-531.84610282162,1.0506694436429669,1.9530033221586212,-0.29474797920357865,0.7332512396250562,0.7902744786821063,180.59911417341402,-531.0,0.8461028216199793,183.0,-531.0,0.33882266015564244,-0.7118467834873244,0.20972552131789368,-92.19115871202077,223.1196615180595,TRACK
84.6,180.5865199326763,-531.8103768259018,1.0320227656189696,1.9378676754694564,-0.28341919186150294,0.7371153578679868,0.7897249452311087,180.5865199326763,-531.0,0.8103768259018125,183.0,-531.0,0.3239429259338133,-0.7080798396851562,0.2102750547688913,-87.56634473723211,219.42375438332203,TRACK
84.652,180.57348202277674,-531.7714931172427,1.0157113859831792,1.9226402300870065,-0.27197763749550663,0.7408422524351161,0.7891888736486175,180.57348202277674,-531.0,0.7714931172426986,183.0,-531.0,0.30783542095626115,-0.7078759650269181,0.21081112635138255,-87.56634473723211,219.42375438332203,TRACK
84.7,180.56201074475916,-531.735439258893,1.00336789559941,1.907322911525532,-0.2604301999169357,0.7444401812156536,0.7886793216746399,180.56201074475916,-531.0,0.7354392588930523,183.0,-531.0,0.29297731175181957,-0.7103905838475906,0.21132067832536006,-82.64363314080515,214.89380773812184,TRACK
84.748,180.5502084660834,-531.6962203221203,0.9883951004250328,1.8918625334086148,-0.2487180441097837,0.7478597306835671,0.7881337717950513,180.5502084660834,-531.0,0.6962203221203254,183.0,-531.0,0.27689515967834905,-0.7114999407466838,0.21186622820494871,-82.64363314080515,214.89380773812184,TRACK
84.8,180.5399077412317,-531.6598864280903,0.9696516210269842,1.8761963487390905,-0.23677618071502488,0.7510434689131184,0.7874828581950494,180.5399077412317,-531.0,0.6598864280903172,183.0,-531.0,0.262067388788001,-0.7075842322389831,0.21251714180495063,-91.17296748152403,223.98839988812404,TRACK
84.852,180.52937002834682,-531.6203717931331,0.953542992888926,1.86053546651146,-0.22483143111300743,0.7541421439283984,0.7869431654606603,180.52937002834682,-531.0,0.6203717931331312,183.0,-531.0,0.24601239720154028,-0.7075305956873856,0.21305683453933966,-91.17296748152403,223.98839988812404,TRACK
84.9,180.52021573674386,-531.5837585476047,0.9409264372275045,1.8448880227491617,-0.21289047316165774,0.7571639755315749,0.7865237691295628,180.52021573674386,-531.0,0.5837585476047025,183.0,-531.0,0.23119761505103947,-0.709728822176465,0.2134762308704372,-81.94702970634788,215.48643258280808,TRACK
84.952,180.51094306739728,-531.5439647979814,0.9259599842111121,1.829093462088879,-0.2007910050801868,0.7599991296370037,0.7860761443843177,180.51094306739728,-531.0,0.5439647979814026,183.0,-531.0,0.21515969499279383,-0.7108002892183183,0.21392385561568228,-81.94702970634788,215.48643258280808,TRACK
85.0,180.50298736814628,-531.5071238172212,0.9098560958566358,1.8131403524764296,-0.1885244603406555,0.7626315856404222,0.7855879375112376,180.50298736814628,-531.0,0.5071238172212134,183.0,-531.0,0.20036706423883052,-0.7094890316178053,0.21441206248876243,-90.1609868709899,224.01359633312956,TRACK
85.052,180.49501615001375,-531.4670964089293,0.8949323351355957,1.7971308350256754,-0.1761933289595674,0.7651257787852166,0.785150652124507,180.49501615001375,-531.0,0.4670964089292511,183.0,-531.0,0.184349686632647,-0.7105826485029487,0.21484934787549304,-90.1609868709899,224.01359633312956,TRACK
85.1,180.48824135459546,-531.4300339821486,0.8788086921840288,1.7811971038330823,-0.16392521374879815,0.7675786181523931,0.7848875147098,180.48824135459546,-531.0,0.4300339821486432,183.0,-531.0,0.16956430423582383,-0.709244387948205,0.2151124852902,-86.06968491456132,220.46130853086976,TRACK
85.152,180.48154642209414,-531.3897732309642,0.8638422708616901,1.7652315749617304,-0.1516134346186635,0.7699119270786717,0.7846980368363755,180.48154642209414,-531.0,0.3897732309642379,183.0,-531.0,0.15354865236730242,-0.7102936184943877,0.2153019631636245,-86.06968491456132,220.46130853086976,TRACK
85.2,180.47597627392273,-531.3525251329859,0.8475581062930124,1.7491358763610987,-0.13916439625203234,0.7720434670266909,0.7844857195403788,180.47597627392273,-531.0,0.35252513298587473,183.0,-531.0,0.13877022606781164,-0.7087878802252008,0.21551428045962118,-85.94256180186147,220.34364666418531,TRACK
85.252,180.4705979397599,-531.3120850524442,0.8289297813132555,1.7329941346826154,-0.12665718365978065,0.7740211033670037,0.7843154407699119,180.4705979397599,-531.0,0.3120850524442176,183.0,-531.0,0.12276249282724058,-0.7061672884860148,0.2156845592300881,-85.94256180186147,220.34364666418531,TRACK
85.3,180.466247206293,-531.2746883211956,0.8139715788644842,1.7167622727273795,-0.11405126757505518,0.7757982158760861,0.7841368269581497,180.466247206293,-531.0,0.27468832119564013,183.0,-531.0,0.10798989641661035,-0.7059816824478738,0.21586317304185032,-81.04658285221558,215.6227588573251,TRACK
85.352,180.46220818561846,-531.2341179381978,0.8013715795486039,1.7004065645027158,-0.10131904000232121,0.7773387258821064,0.7839139255192553,180.46220818561846,-531.0,0.2341179381977554,183.0,-531.0,0.09199223934652109,-0.7093793402020828,0.21608607448074468,-81.04658285221558,215.6227588573251,TRACK
85.4,180.45910416094603,-531.196624139948,0.785289678276693,1.6839555747558663,-0.08849088923804052,0.7786624507280342,0.7836745814762193,180.45910416094603,-531.0,0.19662413994797134,183.0,-531.0,0.07722987416157015,-0.7080598041151229,0.21632541852378073,-89.40081912054204,224.2075730411142,TRACK
85.452,180.45641059487073,-531.1559575346504,0.7665833180104203,1.6674983578250295,-0.07564884966536184,0.7798481286301036,0.7835086803498523,180.45641059487073,-531.0,0.15595753465038342,183.0,-531.0,0.061237296525331865,-0.7053460214850885,0.21649131965014767,-89.40081912054204,224.2075730411142,TRACK
85.5,180.4545280137474,-531.1183656326006,0.7542848514439224,1.6511583383783734,-0.06289890630683762,0.7810089027228706,0.7835376050624365,180.4545280137474,-531.0,0.11836563260055755,183.0,-531.0,0.04646699316057803,-0.7078178582833444,0.21646239493756347,-80.7924253874161,215.82411223298547,TRACK
85.552,180.45316008208104,-531.077606831151,0.7393502106804792,1.634765086205324,-0.05009152146911545,0.7819938734495337,0.7835965662480255,180.45316008208104,-531.0,0.07760683115100164,183.0,-531.0,0.03046238746740818,-0.7088878232130711,0.21640343375197446,-80.7924253874161,215.82411223298547,TRACK
85.596,180.45253344752064,-531.0399761044058,0.7231337966223728,1.6181982882763595,-0.037128699291210356,0.7826867335926266,0.7835668849900131,180.45253344752064,-531.0,0.039976104405809565,183.0,-531.0,0.015691206395396392,-0.7074425902269764,0.21643311500998685,-89.71941269899564,224.45280997112337,TRACK
85.652,180.45252211604782,-530.999187554198,0.7082396884708531,1.6016946952123794,-0.024209924067880317,0.7832846955416632,0.783658748878087,180.45252211604782,-531.0,0.0008124458020120073,183.0,-531.0,-0.00031892162031517965,-0.7085586100911683,0.21634125112191305,-89.71941269899564,224.45280997112337,TRACK
85.7,180.45312405328116,-530.961519402699,0.691998112026638,1.5852726622802737,-0.011347324984342554,0.7837986567824218,0.7838807920584793,180.45312405328116,-531.0,0.038480597301031594,183.0,-531.0,-0.015107791030650318,-0.7071059030572883,0.21611920794152073,-85.47414178164843,220.18634077843774,TRACK
85.752,180.45444781941293,-530.9207110138454,0.6770560481068613,1.5688397893864499,0.0015342031086708176,0.7841409749611538,0.7841424758245197,180.45444781941293,-531.0,0.07928898615455182,183.0,-531.0,-0.031137982395614994,-0.7081940305024763,0.21585752417548032,-85.47414178164843,220.18634077843774,TRACK
85.8,180.45628965437606,-530.8830478568749,0.6609449879038257,1.5524037403006186,0.014427278626794654,0.7843188199683504,0.7844515011937454,180.45628965437606,-531.0,0.11695214312510416,183.0,-531.0,-0.04594463357518402,-0.7068896214790097,0.2155484988062546,-85.61909346633396,219.85141627226952,TRACK
85.852,180.45896070620853,-530.8422698746471,0.6460077724626753,1.5359298595449213,0.02735596459515842,0.784274421051373,0.7847513722921406,180.45896070620853,-531.0,0.15773012535294129,183.0,-531.0,-0.0619935359601211,-0.7080013084227964,0.21524862770785935,-85.61909346633396,219.85141627226952,TRACK
85.896,180.46204392909374,-530.8046526841789,0.6299020904494841,1.5194898676134436,0.04026321052483532,0.7840703875136728,0.7851034955326642,180.46204392909374,-531.0,0.19534731582109544,183.0,-531.0,-0.07681886602882522,-0.7067209564783093,0.21489650446733577,-85.97514804361491,219.8089050122166,TRACK
85.952,180.46605142318415,-530.7639360414962,0.614969149062957,1.5030875590793369,0.05314460475740994,0.7837000776328431,0.7854999431550238,180.46605142318415,-531.0,0.23606395850379158,183.0,-531.0,-0.09289240169776172,-0.7078615507607187,0.2145000568449762,-85.97514804361491,219.8089050122166,TRACK
86.0,180.47036980033673,-530.7263993318794,0.5987191053692068,1.4866749255714633,0.06603215982981858,0.7831102247505188,0.7858892226265728,180.47036980033673,-531.0,0.2736006681205936,183.0,-531.0,-0.10773954752555275,-0.7064586528947595,0.2141107773734272,-86.25238962599087,219.60335441449075,TRACK
86.052,180.47571118105276,-530.6857887716112,0.5837876043659879,1.470322473663553,0.07887250486267322,0.7823619555852472,0.7863276044820535,180.47571118105276,-531.0,0.31421122838878546,183.0,-531.0,-0.12383818543652723,-0.7076257898025151,0.21367239551794648,-86.25238962599087,219.60335441449075,TRACK
86.1,180.48125630680738,-530.6483676071718,0.5675384283508722,1.4539764426794883,0.09170033678820305,0.7813979285008538,0.7867602394837294,180.48125630680738,-531.0,0.35163239282815084,183.0,-531.0,-0.1387097518813323,-0.7062481802322045,0.21323976051627058,-86.35933583670914,219.21468174848286,TRACK
86.152,180.48792647237605,-530.6079090326652,0.552607792681312,1.4376524283914547,0.10450056408602813,0.7802259819353377,0.7871930835451109,180.48792647237605,-531.0,0.39209096733475235,183.0,-531.0,-0.15483332717040782,-0.7074411198517199,0.21280691645488914,-86.35933583670914,219.21468174848286,TRACK
86.196,180.494688480141,-530.5706389329736,0.5365078224242956,1.421409866881727,0.11723167327543219,0.77890803184314,0.7876807648335152,180.494688480141,-531.0,0.4293610670264343,183.0,-531.0,-0.16973139078424423,-0.7062392132085399,0.21231923516648477,-86.63393570356678,218.99376522030556,TRACK
86.252,180.50267064533372,-530.530362692962,0.5215790706823806,1.4051929551016675,0.12992669950308042,0.7773802976993798,0.7881631014548576,180.50267064533372,-531.0,0.46963730703805595,183.0,-531.0,-0.18588483412711462,-0.7074639048094953,0.21183689854514243,-86.63393570356678,218.99376522030556,TRACK
86.296,180.5106380897362,-530.4932774881846,0.5054806787853885,1.389059043699748,0.14254830344509625,0.7757101450059287,0.7886990857609727,180.5106380897362,-531.0,0.5067225118153829,183.0,-531.0,-0.20081165334984585,-0.7062923321352343,0.2113009142390273,-87.15624736803844,218.92920926365795,TRACK
86.352,180.51991475507612,-530.4532112788805,0.4867462214511946,1.3730058266468723,0.1550954908733209,0.7738880030313238,0.7892764107238012,180.51991475507612,-531.0,0.5467887211194693,183.0,-531.0,-0.217000226800425,-0.7037464482516196,0.21072358927619883,-87.15624736803844,218.92920926365795,TRACK
86.4,180.5290742512785,-530.416343459767,0.4718165154510816,1.3569762918092894,0.16760006221005547,0.7718550496735479,0.7898417553911476,180.5290742512785,-531.0,0.5836565402330507,183.0,-531.0,-0.23195800738120112,-0.7037745228322827,0.21015824460885235,-82.85937132523765,213.94695985045848,TRACK
86.452,180.53963958650695,-530.3765410052438,0.4557347371105258,1.3409755385886823,0.1800528737049541,0.7696069185014838,0.7903884148535842,180.53963958650695,-531.0,0.6234589947562199,183.0,-531.0,-0.24817749438915673,-0.7039122314996825,0.20961158514641576,-82.85937132523765,213.94695985045848,TRACK
86.5,180.5499883265567,-530.3399498508985,0.4408510696479251,1.3249219319621415,0.19249393077097735,0.7670549974602435,0.7908396060595322,180.5499883265567,-531.0,0.6600501491014938,183.0,-531.0,-0.2631589889250604,-0.7040100585729855,0.20916039394046781,-87.40884844890304,217.88506323551064,TRACK
86.552,180.56183515122478,-530.3004707223541,0.42466403399651775,1.3089201863209188,0.20485929795937863,0.7643106520131638,0.7912888882963017,180.56183515122478,-531.0,0.6995292776458655,183.0,-531.0,-0.2794030383638001,-0.7040670723603178,0.20871111170369827,-87.40884844890304,217.88506323551064,TRACK
86.6,180.57334669765518,-530.2641711005779,0.41226646953083557,1.2930682616201903,0.2170969030619388,0.7614866659272287,0.7918289005233716,180.57334669765518,-531.0,0.7358288994221311,183.0,-531.0,-0.29441550114376996,-0.7066819706746055,0.20817109947662837,-87.61519243174752,217.70299971274704,TRACK
86.652,180.5864413883106,-530.2250183505164,0.39738647407449473,1.277282176228984,0.22925032794010536,0.7584944582664432,0.7923822032842175,180.5864413883106,-531.0,0.7749816494836068,183.0,-531.0,-0.3106959336480611,-0.7080824077225558,0.2076177967157825,-87.61519243174752,217.70299971274704,TRACK
86.7,180.59909785881408,-530.189036170754,0.3813369923088393,1.2616047751784463,0.24129947724898823,0.7553914586407772,0.7929953931190747,180.59909785881408,-531.0,0.8109638292460204,183.0,-531.0,-0.3257423803177915,-0.7070793726266308,0.20700460688092526,-92.78133792356736,222.16966450971387,TRACK
86.752,180.61341602660903,-530.1502259116609,0.36263500315407793,1.2460880984470797,0.253216943447125,0.7522273458586375,0.7937032192868029,180.61341602660903,-531.0,0.8497740883391316,183.0,-531.0,-0.3420658518137049,-0.7047008549677829,0.20629678071319713,-92.78133792356736,222.16966450971387,TRACK
86.8,180.62718931397592,-530.1145673183926,0.35018794900662975,1.230693034728642,0.2650212336241865,0.7489583507227533,0.7944651442253665,180.62718931397592,-531.0,0.8854326816074263,183.0,-531.0,-0.35715456395322454,-0.7073425129598543,0.20553485577463348,-84.64319661767595,213.1890515765995,TRACK
86.852,180.6427116378238,-530.0761389144143,0.33158859567377696,1.2153372421856197,0.27674098160102323,0.74547564705438,0.795185205627371,180.6427116378238,-531.0,0.9238610855857132,183.0,-531.0,-0.3735188019324322,-0.7051073976062092,0.20481479437262895,-84.64319661767595,213.1890515765995,TRACK
86.896,180.65759691158465,-530.0408826701424,0.31901499610229855,1.1998978801915074,0.288420092546885,0.7416359517343425,0.7957449558053495,180.65759691158465,-531.0,0.9591173298575768,183.0,-531.0,-0.3886337432613146,-0.7076487393636132,0.20425504419465046,-89.26962104372541,216.91822703366972,TRACK
86.952,180.6743144384671,-530.002921575607,0.30411584547604664,1.184498546629241,0.29999487571041045,0.737570735692391,0.796245888907641,180.6743144384671,-531.0,0.9970784243929529,183.0,-531.0,-0.40502111437986454,-0.7091369598559112,0.20375411109235897,-89.26962104372541,216.91822703366972,TRACK
87.004,180.6902813656154,-529.9680893267964,0.2880442795904188,1.1692438086309325,0.31142217966810404,0.7334061257775587,0.796786244432772,180.6902813656154,-531.0,1.0319106732035834,183.0,-531.0,-0.42016377355227974,-0.7082080531426985,0.20321375556722798,-94.01541939727642,221.29375243698988,TRACK
87.052,180.70815316903045,-529.9305879788617,0.27312514173548585,1.154108858950628,0.3227154013087079,0.7291269005467768,0.797352661839659,180.70815316903045,-531.0,1.0694120211383051,183.0,-531.0,-0.43658541709982185,-0.7097105588353076,0.20264733816034097,-94.01541939727642,221.29375243698988,TRACK
87.1,180.7251720010884,-529.896180341276,0.25435744510918634,1.1391535239093689,0.33386066127319136,0.7248215094176687,0.7980157652955737,180.7251720010884,-531.0,1.1038196587239781,183.0,-531.0,-0.45176367731969047,-0.7061211224288768,0.20198423470442628,-90.6667313485357,217.31255023315939,TRACK
87.152,180.74417118717824,-529.8591496342242,0.23820626138144818,1.1242848026455527,0.34488856697073245,0.7203791247395157,0.7986827949740724,180.74417118717824,-531.0,1.1408503657758047,183.0,-531.0,-0.4682246459732359,-0.7064309073546841,0.20131720502592765,-90.6667313485357,217.31255023315939,TRACK
87.2,180.76222579937934,-529.8252170057601,0.22322598348050435,1.10939823874977,0.35582578249731106,0.7156718469645339,0.7992485095559771,180.76222579937934,-531.0,1.1747829942398766,183.0,-531.0,-0.4834300246930885,-0.7066560081735929,0.20075149044402285,-86.3949931565305,212.19552235948157,TRACK
87.252,180.78233753266267,-529.7887385177651,0.21075220816216755,1.0945138533803267,0.366654194184141,0.7107149851090822,0.7997193808902124,180.78233753266267,-531.0,1.2112614822349315,183.0,-531.0,-0.49991211805592717,-0.7106643262180947,0.20028061910978756,-86.3949931565305,212.19552235948157,TRACK
87.3,180.8014086458418,-529.755349666605,0.19215014001094843,1.0795610672395395,0.37738542648423035,0.7054251133633753,0.8000277186988057,180.8014086458418,-531.0,1.2446503333950432,183.0,-531.0,-0.5151295359190473,-0.7072796759299957,0.19997228130119427,-95.42362943505864,220.8024021425289,TRACK
87.352,180.82260631404705,-529.7194723745699,0.17955121915158534,1.0646985824131308,0.38797714013466034,0.7000080969988295,0.8003359276772426,180.82260631404705,-531.0,1.280527625430068,183.0,-531.0,-0.5316243657212801,-0.7111755848728655,0.1996640723227574,-95.42362943505864,220.8024021425289,TRACK
87.4,180.8426601378567,-529.6866116066319,0.16090383835274924,1.050036746912049,0.3984109396996369,0.6946150292639476,0.8007629585287412,180.8426601378567,-531.0,1.3133883933680863,183.0,-531.0,-0.5468649364998709,-0.7077687748526201,0.19923704147125876,-91.52309458286791,216.77540175788468,TRACK
87.452,180.8649110303138,-529.6513193243904,0.14840710052244832,1.0354005828755013,0.4087327331121528,0.6890439764161178,0.8011517013354373,180.8649110303138,-531.0,1.3486806756095575,183.0,-531.0,-0.5633843697187213,-0.7117914702411696,0.19884829866456266,-91.52309458286791,216.77540175788468,TRACK
87.5,180.8859311243894,-529.6190322456658,0.1322325693595381,1.0207858869067312,0.41894779582410957,0.6833052003707303,0.801513101876422,180.8859311243894,-531.0,1.380967754334165,183.0,-531.0,-0.5786407112562053,-0.7108732806157434,0.198486898123578,-91.52309458286791,216.77540175788468,TRACK
87.552,180.90921689765383,-529.5843779815318,0.11723135840228394,1.0061970622091787,0.4290472334885679,0.6773982349891513,0.8018415662277749,180.90921689765383,-531.0,1.4156220184681843,183.0,-531.0,-0.595175455887603,-0.712406814289887,0.19815843377222508,-92.00728782250667,216.709634008517,TRACK
87.6,180.93118026525931,-529.5527042508916,0.10090249416230868,0.9915890792915186,0.43903025722423394,0.6712631386614986,0.8020858857279957,180.93118026525931,-531.0,1.4472957491084344,183.0,-531.0,-0.6104410565199058,-0.7113435506822144,0.19791411427200434,-92.26012252515542,216.6465848330661,TRACK
87.648,180.9554741884136,-529.518732079341,0.08589444501062204,0.9770207980756835,0.4488864576572924,0.6649798871047652,0.8023074860189069,180.9554741884136,-531.0,1.4812679206589792,183.0,-531.0,-0.6269832570314569,-0.7128777020420789,0.1976925139810931,-92.26012252515542,216.6465848330661,TRACK
87.7,180.97835595425303,-529.4877043217393,0.06955814397827198,0.9624330416220637,0.4586224067230712,0.6584809924637561,0.8024535683667408,180.97835595425303,-531.0,1.5122956782606707,183.0,-531.0,-0.6422534784279268,-0.7118116224061988,0.19754643163325925,-92.24774779742124,216.49126788964918,TRACK
87.752,181.00363272645802,-529.4544590066936,0.054543769717304354,0.9478293162287756,0.4682366849805276,0.6517791886786156,0.8025345500077291,181.00363272645802,-531.0,1.5455409933064175,183.0,-531.0,-0.6587954908698108,-0.7133392605871152,0.1974654499922709,-92.24774779742124,216.49126788964918,TRACK
87.8,181.02740913841657,-529.4241107838875,0.038349776248770784,0.9332615089145725,0.47772351576843464,0.64494559726878,0.8026048722469464,181.02740913841657,-531.0,1.5758892161125004,183.0,-531.0,-0.6740656348554248,-0.7124154111041956,0.19739512775305357,-92.31119350630303,216.55079178396375,TRACK
87.848,181.0536420247999,-529.391619595261,0.023331159031925397,0.9186644426484887,0.4870877897526162,0.6379053309031968,0.8026068315936551,181.0536420247999,-531.0,1.608380404739023,183.0,-531.0,-0.6906050724805761,-0.7139362315125015,0.1973931684063449,-92.31119350630303,216.55079178396375,TRACK
87.9,181.07828959573848,-529.361983871664,0.004480996640069622,0.9040888061537592,0.4963289347663642,0.630732282981317,0.8025992924748551,181.07828959573848,-531.0,1.6380161283359485,183.0,-531.0,-0.7058707234563588,-0.7103517200964284,0.19740070752514494,-92.5315812349327,216.8098399995802,TRACK
87.952,181.10545346235622,-529.3302729241561,-0.0078904604059713,0.8895214649155494,0.5054475252175734,0.6234150537027183,0.8025730682820927,181.10545346235622,-531.0,1.6697270758438663,183.0,-531.0,-0.7224057999010481,-0.7145153394950768,0.19742693171790726,-92.5315812349327,216.8098399995802,TRACK
88.0,181.1309486023094,-529.3013816773812,-0.024243184433191848,0.8749041521111379,0.5144429535499095,0.6158851259740802,0.8024749471810712,181.1309486023094,-531.0,1.6986183226188132,183.0,-531.0,-0.7376629143178646,-0.7134197298846727,0.19752505281892885,-92.56587303909458,216.9164581707036,TRACK
88.048,181.15901775046322,-529.2704949981018,-0.03927267680447821,0.8602902765493023,0.5233148785351367,0.6082164424177727,0.8023625757247012,181.15901775046322,-531.0,1.7295050018982465,183.0,-531.0,-0.7541864440652416,-0.7149137672607634,0.19763742427529885,-92.56587303909458,216.9164581707036,TRACK
88.1,181.18533640674653,-529.2423812715065,-0.05563200909701327,0.8456177249450249,0.5320615397803456,0.6003366106621837,0.8021804835663796,181.18533640674653,-531.0,1.7576187284935259,183.0,-531.0,-0.7694307757345186,-0.7137987666375053,0.1978195164336204,-92.32872708116517,216.88473119265123,TRACK
88.152,181.21428452948024,-529.2123644717095,-0.07066687996964705,0.8308871790082419,0.5406831346417804,0.5922549494098902,0.801937763910999,181.21428452948024,-531.0,1.7876355282904797,183.0,-531.0,-0.7859354902893688,-0.7152686103197218,0.19806223608900098,-92.32872708116517,216.88473119265123,TRACK
88.2,181.2414030433136,-529.1850626717526,-0.08688196124042347,0.816148603179838,0.5491832008853841,0.5840413418024762,0.80168976360507,181.2414030433136,-531.0,1.8149373282474244,183.0,-531.0,-0.8011628656909665,-0.714280904450543,0.19831023639492995,-92.16522980572793,217.06366248701656,TRACK
88.248,181.2712050478138,-529.15594376869,-0.10191952597005449,0.8013342730892341,0.557559495480705,0.5756194889389181,0.8013803011348605,181.2712050478138,-531.0,1.8440562313099917,183.0,-531.0,-0.8176472868461956,-0.7157277608761411,0.19861969886513953,-92.16522980572793,217.06366248701656,TRACK
88.3,181.29910067873624,-529.1294874229194,-0.11813714034699041,0.786496430263143,0.5658193142052719,0.5670635223876667,0.801069619165795,181.29910067873624,-531.0,1.8705125770806035,183.0,-531.0,-0.832854439222043,-0.7147172988750526,0.198930380834205,-92.16275139135867,217.43523293987244,TRACK
88.352,181.32973336498696,-529.1012929917977,-0.1370118776796858,0.7716197855344988,0.5739640963055959,0.558361499025162,0.800751114542793,181.32973336498696,-531.0,1.8987070082023365,183.0,-531.0,-0.8493182682222371,-0.7123063905425513,0.19924888545720698,-92.16275139135867,217.43523293987244,TRACK
88.396,181.35838330134993,-529.0757142251882,-0.14954716741805396,0.7566498609267729,0.5819824485785994,0.549446814226863,0.8003720210736949,181.35838330134993,-531.0,1.9242857748117785,183.0,-531.0,-0.8645027458346369,-0.714955578416583,0.19962797892630513,-87.2254330152569,212.88056166215364,TRACK
88.452,181.3898183501608,-529.0484994505464,-0.16457885430247132,0.7415805332613894,0.5898706508800058,0.540316797029063,0.7999310132263577,181.3898183501608,-531.0,1.9515005494536126,183.0,-531.0,-0.8809372264451103,-0.716358372142639,0.20006898677364227,-87.2254330152569,212.88056166215364,TRACK
88.5,181.41919310846234,-529.0238590000367,-0.183254422880204,0.726333563538083,0.5976068690207476,0.5308758697017537,0.7993517116591259,181.41919310846234,-531.0,1.9761409999632633,183.0,-531.0,-0.8960880644262124,-0.7128336415460084,0.20064828834087411,-95.69782984740075,221.9010887960924,TRACK
88.552,181.45140049056025,-528.9976728771982,-0.19958264747744248,0.7110575134351826,0.6052249212916885,0.5213220651810868,0.7987952810308808,181.45140049056025,-531.0,2.0023271228018302,183.0,-531.0,-0.9124867324429738,-0.7129040849655314,0.20120471896911918,-95.69782984740075,221.9010887960924,TRACK
88.6,181.4814842331569,-528.9739553276423,-0.21211065651280325,0.6958632364482645,0.6127568219401901,0.5117998078790872,0.7983795877772129,181.4814842331569,-531.0,2.0260446723576706,183.0,-531.0,-0.927616784958392,-0.7155061284455887,0.20162041222278715,-86.61582687882195,213.60414195737383,TRACK
88.652,181.5144465162977,-528.9487933910038,-0.22714821119749806,0.6805212990210312,0.620153455401221,0.5020290640342511,0.7978868900923115,181.5144465162977,-531.0,2.0512066089961536,183.0,-531.0,-0.9439904333394895,-0.7168422221419914,0.2021131099076885,-86.61582687882195,213.60414195737383,TRACK
88.7,181.545208735378,-528.9260719261896,-0.24597949353198922,0.6650156945213936,0.6274075934712143,0.49199623922618885,0.7973083392001201,181.545208735378,-531.0,2.073928073810407,183.0,-531.0,-0.959086748358171,-0.7131072548261818,0.20269166079987988,-95.06434236968599,222.43740988486437,TRACK
88.752,181.57889574316775,-528.9019906418152,-0.2583338887002675,0.6494925171683389,0.634554411264265,0.4818831234013047,0.79678770414329,181.57889574316775,-531.0,2.098009358184754,183.0,-531.0,-0.9754282356569938,-0.7170943469567262,0.20321229585670997,-95.06434236968599,222.43740988486437,TRACK
88.8,181.61031980062396,-528.8802558384515,-0.2746951919361358,0.6339686842188367,0.6415941196066016,0.4717069714048986,0.7963356586174903,181.61031980062396,-531.0,2.1197441615485104,183.0,-531.0,-0.9905023858878349,-0.7158071939516991,0.20366434138250966,-90.74879309663743,218.823535440015,TRACK
88.852,181.6447120086961,-528.857255656323,-0.2897477847866865,0.6183972479269978,0.6485221936144907,0.46141844958575107,0.7959196072648728,181.6447120086961,-531.0,2.142744343677009,183.0,-531.0,-1.0068211919210748,-0.7170734071343883,0.20408039273512724,-90.74879309663743,218.823535440015,TRACK
88.9,181.676770706146,-528.8365508941781,-0.30848924384390974,0.6026757708568773,0.6553007614214792,0.4508942162037699,0.7954399299290817,181.676770706146,-531.0,2.1634491058218828,183.0,-531.0,-1.0218695780324307,-0.713380334188521,0.20456007007091825,-90.26859690314177,218.70401487675827,TRACK
88.952,181.7118306287292,-528.8146991430639,-0.3211820064794906,0.5868266210744614,0.6619257430801584,0.44016033457063136,0.7949130829729436,181.7118306287292,-531.0,2.1853008569361236,183.0,-531.0,-1.0381554282048586,-0.716973421725368,0.2050869170270564,-90.26859690314177,218.70401487675827,TRACK
89.0,181.74449277812482,-528.7950614048049,-0.3374117594419062,0.5709158675574107,0.668413239011924,0.4292960589428322,0.7944000027129022,181.74449277812482,-531.0,2.204938595195131,183.0,-531.0,-1.05317557868431,-0.7157638192424038,0.20559999728709777,-89.85515383879164,218.91470683274753,TRACK
89.052,181.78019049984607,-528.7743810705878,-0.35629646428523,0.5548855847916773,0.6747417323276638,0.41823699554333227,0.7938504832685119,181.78019049984607,-531.0,2.225618929412235,183.0,-531.0,-1.069431067528057,-0.713134603242827,0.20614951673148807,-89.85515383879164,218.91470683274753,TRACK
89.1,181.81342770210887,-528.7558386339816,-0.3686848699743839,0.5387952405084553,0.6809367258459349,0.40705931402296985,0.7933297610317116,181.81342770210887,-531.0,2.244161366018375,183.0,-531.0,-1.0844238876014358,-0.7157390176270519,0.2066702389682884,-84.89165846739657,214.5644739135381,TRACK
89.152,181.84973226983914,-528.7363611969267,-0.38754450274841723,0.5225788813469464,0.6869665392151006,0.3956866881382013,0.7927742308948686,181.84973226983914,-531.0,2.2636388030732633,183.0,-531.0,-1.100650110445987,-0.7131056076975697,0.20722576910513135,-84.89165846739657,214.5644739135381,TRACK
89.2,181.88350526030052,-528.7189653493067,-0.40253766055315254,0.5061692243837994,0.69278963927075,0.38404106951926165,0.7921142767040588,181.88350526030052,-531.0,2.2810346506933,183.0,-531.0,-1.1156093118028991,-0.7130716512497466,0.20788572329594124,-88.72583998434233,218.99793238059084,TRACK
89.252,181.92037432695113,-528.7007402915592,-0.41501910394219804,0.4897095998544445,0.6984704449051273,0.37229535310330936,0.7914952888983511,181.92037432695113,-531.0,2.299259708440786,183.0,-531.0,-1.1318011343854366,-0.7167820304432386,0.20850471110164892,-88.72583998434233,218.99793238059084,TRACK
89.3,181.95466050119737,-528.6844947432966,-0.43132017930230276,0.4731974305860951,0.7040091430671075,0.3604491022656039,0.7909187245514945,181.95466050119737,-531.0,2.3155052567034318,183.0,-531.0,-1.1467355655416944,-0.7154153862393917,0.20908127544850552,-92.91789043319231,223.99662163631797,TRACK
89.352,181.992075977226,-528.6675174729429,-0.4499881913907151,0.4566789755918317,0.7094408778016563,0.34856200539151805,0.79044407183465,181.992075977226,-531.0,2.3324825270570955,183.0,-531.0,-1.1629062481546075,-0.7129180567638924,0.20955592816534996,-92.91789043319231,223.99662163631797,TRACK
89.396,182.0268648675263,-528.652411848155,-0.4625087082070052,0.4402220768949639,0.71480556234423,0.33671048424963695,0.7901398244373434,182.0268648675263,-531.0,2.3475881518450024,183.0,-531.0,-1.1778310263015668,-0.7153223180945616,0.20986017556265657,-83.8961916919038,215.43809085714773,TRACK
89.452,182.06480355924472,-528.6366941041789,-0.47753531885452594,0.42361972004364473,0.7199801943976947,0.3246543222937024,0.7897923203658829,182.06480355924472,-531.0,2.3633058958210995,183.0,-531.0,-1.1939890542440814,-0.7164537353895555,0.21020767963411713,-83.8961916919038,215.43809085714773,TRACK
89.5,182.100044529909,-528.6227921054701,-0.4963504610485514,0.4068713304856056,0.7249525374522746,0.3123940500757201,0.7893961135457934,182.100044529909,-531.0,2.3772078945298745,183.0,-531.0,-1.2088936311015614,-0.71254317005301,0.21060388645420658,-92.40435227792538,224.10251989346654,TRACK
89.552,182.13846240782993,-528.6083733178048,-0.5086909907562811,0.3901375690888137,0.7298010199655273,0.30010566491222707,0.78909627983861,182.13846240782993,-531.0,2.3916266821952377,183.0,-531.0,-1.2250364414481414,-0.7163454506918603,0.21090372016139003,-92.40435227792538,224.10251989346654,TRACK
89.6,182.1741415654253,-528.5956544933971,-0.525034112122444,0.37344202370345336,0.7345311871104471,0.2878101101655695,0.7889047625356307,182.1741415654253,-531.0,2.4043455066029082,183.0,-531.0,-1.2399365886040892,-0.7149024764816452,0.2110952374643693,-88.22662215668818,220.33032866605743,TRACK
89.652,182.2130198605609,-528.582520720519,-0.5400695405071727,0.35675825274137213,0.7391261042653374,0.2754769659791908,0.7887933549362308,182.2130198605609,-531.0,2.417479279480972,183.0,-531.0,-1.2560783622237017,-0.716008821716529,0.21120664506376918,-88.22662215668818,220.33032866605743,TRACK
89.7,182.24909970586944,-528.571010729868,-0.5564321618757067,0.3399744910274129,0.7435141731471948,0.2629870430500619,0.7886542401350365,182.24909970586944,-531.0,2.4289892701319786,183.0,-531.0,-1.2709744887393086,-0.714542326863602,0.2113457598649635,-87.9426076173731,220.01381032092326,TRACK
89.752,182.2883835294703,-528.5592091066521,-0.5751466124074995,0.32312702577427066,0.7476945637054071,0.25037558039718216,0.788501802061254,182.2883835294703,-531.0,2.4407908933478666,183.0,-531.0,-1.2871082737418038,-0.7119616613343043,0.21149819793874602,-87.9426076173731,220.01381032092326,TRACK
89.8,182.32482256569884,-528.5489265831902,-0.587670550158967,0.3062913645572114,0.7517027722415297,0.23772086083459548,0.7883960080261329,182.32482256569884,-531.0,2.451073416809777,183.0,-531.0,-1.3020007062724543,-0.7143301561134874,0.21160399197386714,-83.2068056031552,215.4327125641144,TRACK
89.852,182.3644689956392,-528.538468117072,-0.6026849227057611,0.28936032835836023,0.7554577727094909,0.22491208149243835,0.7882270553263482,182.3644689956392,-531.0,2.461531882928057,183.0,-531.0,-1.3181289428300949,-0.7154440201243337,0.21177294467365182,-83.2068056031552,215.4327125641144,TRACK
89.9,182.40121484537613,-528.5294426411438,-0.6214842200549433,0.27238246979779446,0.7589860399261793,0.2120036149464195,0.7880389213441006,182.40121484537613,-531.0,2.47055735885624,183.0,-531.0,-1.3330130967207938,-0.7115288766658505,0.21196107865589942,-91.85454123604838,224.223148534171,TRACK
89.952,182.4411878212172,-528.5203287083812,-0.6338122167590541,0.25550391662023847,0.7623898018053922,0.1991461279250055,0.787970424676198,182.4411878212172,-531.0,2.4796712916188426,183.0,-531.0,-1.3491417690087464,-0.7153295522496923,0.21202957532380196,-91.85454123604838,224.223148534171,TRACK
90.004,182.47823358876374,-528.5125244051682,-0.6501418332859497,0.23873900811282012,0.7656787595337153,0.1863513607459894,0.7880296900834199,182.47823358876374,-531.0,2.4874755948318352,183.0,-531.0,-1.3640364979401147,-0.7138946646541651,0.21197030991658006,-91.85454123604838,224.223148534171,TRACK
90.052,182.51852048816548,-528.504733232986,-0.6651644731354726,0.22202868091520173,0.7688530165931757,0.1735689664799502,0.7882012098755903,182.51852048816548,-531.0,2.495266767013959,183.0,-531.0,-1.3801818386163598,-0.7150173654808872,0.21179879012440972,-87.86378930558642,220.3644621634765,TRACK
