time_s,north_m,east_m,body_yaw_rad,course_angle_rad,vx_mps,vy_mps,speed_mps,reference_north_m,reference_east_m,position_error_m,target_north_m,target_east_m,desired_heading_rad,heading_error_rad,speed_error_mps,left_thrust,right_thrust,controller_state
0.0,161.88570009337232,-531.8965275091105,0.5708019367777963,-2.605982925758027,-0.007838687635065414,-0.0028347405741426853,0.008335513059363425,163.0,-531.0,1.4301838540908829,165.5,-531.0,0.2431426373683682,-0.3276592994094282,0.9916644869406366,0.0,0.0,TRACK
0.052,161.88934147553283,-531.8941469268917,0.5707998179883256,-2.605982925758027,0.01941415604063655,0.014180568175979484,0.02404158831200191,163.0,-531.0,1.4258545104047256,165.5,-531.0,0.24275715648882043,-0.3280426614995051,0.9759584116879981,0.0,0.0,TRACK
0.1,161.89286646370894,-531.8918556777866,0.5707981776156505,-2.605982925758027,0.038322240210551736,0.02592439403947998,0.046267356754729934,163.0,-531.0,1.4216719794595658,165.5,-531.0,0.2423866444726084,-0.32841153314304217,0.9537326432452701,0.0,0.0,TRACK
0.152,161.8977716673552,-531.8888783862627,0.5706661110209184,0.5670829683043973,0.057925249909665535,0.036890318305409425,0.06867481461039143,163.0,-531.0,1.4159844924468554,165.5,-531.0,0.24192497778106484,-0.32874113323985354,0.9313251853896085,207.54276535636518,330.1241417703948,TRACK
0.2,161.9042500189153,-531.8845542798991,0.5699502461142381,0.579107659229918,0.08488939256704825,0.05550864913297743,0.10142691506188296,163.0,-531.0,1.4082273591771377,165.5,-531.0,0.24121037199157647,-0.3287398741226616,0.898573084938117,183.52580468571296,307.44191530805875,TRACK
0.252,161.91307362387622,-531.8782527139651,0.5688536128652755,0.6006833726779423,0.11456775394402863,0.07849500803063467,0.13887849556179996,163.0,-531.0,1.397403584044608,165.5,-531.0,0.2401241286168982,-0.3287294842483773,0.8611215044382,183.52580468571296,307.44191530805875,TRACK
0.3,161.9229792777109,-531.870885484615,0.5674714403889549,0.6200554447412602,0.1466977659415875,0.1047411358982053,0.18025243432891302,163.0,-531.0,1.3850686494008786,165.5,-531.0,0.23882029980578118,-0.32865114058317374,0.819747565671087,157.8828433918043,281.9362959582975,TRACK
0.352,161.93601395174173,-531.8610493556795,0.5660636253047493,0.6328294672014994,0.18308693076178056,0.13428645232270703,0.22705434480138822,163.0,-531.0,1.3687484443111917,165.5,-531.0,0.23705472520784976,-0.32900890009689954,0.7729456551986118,157.8828433918043,281.9362959582975,TRACK
0.4,161.95070062415854,-531.8500446570965,0.5639049626931265,0.6376906015025273,0.22609682470109954,0.1675287878437796,0.28139948275774396,163.0,-531.0,1.3504092339730325,165.5,-531.0,0.23506881623516857,-0.32883614645795795,0.718600517242256,128.8103408996344,253.77326668183707,TRACK
0.448,161.96990080507535,-531.8359215886674,0.5615998851039572,0.6360602704401535,0.2761949229957944,0.20395282652557134,0.3433371388830847,163.0,-531.0,1.326600638392944,165.5,-531.0,0.23251548979196304,-0.3290843953119942,0.6566628611169153,128.8103408996344,253.77326668183707,TRACK
0.496,161.9907662094393,-531.820880682231,0.5587822706623082,0.6308202585738367,0.3316702734343694,0.24224261334045297,0.41071480859355625,163.0,-531.0,1.3009219571017578,165.5,-531.0,0.22978842902378122,-0.328993841638527,0.5892851914064438,89.60626916842384,215.0750092513745,TRACK
0.548,162.01637682505776,-531.8026951991475,0.55590253229441,0.6249142306506216,0.3879648213181382,0.2798599886561946,0.4783704796818678,163.0,-531.0,1.2695802979795565,165.5,-531.0,0.22646690815876389,-0.3294356241356461,0.5216295203181323,89.60626916842384,215.0750092513745,TRACK
0.6,162.04219477593924,-531.7845031426541,0.5524986427350378,0.6201959409224082,0.4404330257008773,0.3145594045573944,0.5412290357358261,163.0,-531.0,1.23807755333511,165.5,-531.0,0.2231021118771887,-0.3293965308578491,0.45877096426417385,47.36728349229354,173.7628339416283,TRACK
0.652,162.0716265847183,-531.7637217416027,0.5491098276682385,0.6179937959637828,0.4843801796415892,0.34433842773140166,0.5943005226669011,163.0,-531.0,1.2021431265862048,165.5,-531.0,0.21918615995624274,-0.3299236677119957,0.40569947733309886,47.36728349229354,173.7628339416283,TRACK
0.7,162.09945761691213,-531.7439540508728,0.5451864279009802,0.617835095389718,0.5177817265137146,0.3679593895972344,0.6352102240237419,163.0,-531.0,1.168094265694207,165.5,-531.0,0.21538166764762423,-0.3298047602533559,0.36478977597625806,19.96741452384375,147.24950555959705,TRACK
0.748,162.12970626067616,-531.7221976115701,0.541345844894676,0.6199875224192147,0.5401547629533173,0.3856111754682424,0.6636739761261956,163.0,-531.0,1.1309202371802465,165.5,-531.0,0.21109100993294233,-0.33025483496173363,0.3363260238738044,19.96741452384375,147.24950555959705,TRACK
0.8,162.15740700070674,-531.7020573442854,0.5362669228938259,0.6231676437192304,0.5530851586426497,0.3975033796716684,0.6811109524601433,163.0,-531.0,1.0967440344597865,165.5,-531.0,0.20702451904055078,-0.3292424038532752,0.3188890475398567,19.96741452384375,147.24950555959705,TRACK
0.852,162.18707498993595,-531.6802643959801,0.5327196172024542,0.6268919935174297,0.5591937421604847,0.4050605026879565,0.6904865328949339,163.0,-531.0,1.0600031700074248,165.5,-531.0,0.20252149561733027,-0.33019812158512396,0.3095134671050661,12.444350632077743,140.3606695723542,TRACK
0.9,162.2141992074724,-531.660220406256,0.5271716554811927,0.6302592527278205,0.5612566852742888,0.409443418485099,0.6947323079473461,163.0,-531.0,1.0263400364274382,165.5,-531.0,0.19829093311746104,-0.32888072236373167,0.3052676920526539,15.76300334759236,144.01616129231758,TRACK
0.948,162.24349736482782,-531.6385447530552,0.5233305538198583,0.632618060876464,0.5620159814743364,0.41203204163657525,0.6968732788447023,163.0,-531.0,0.989967493747511,165.5,-531.0,0.19362637661476334,-0.32970417720509493,0.3031267211552977,15.76300334759236,144.01616129231758,TRACK
1.0,162.27061248697086,-531.6185048368452,0.5173692541642032,0.6339724285505149,0.5630248202513501,0.4139452160946806,0.6988187105013266,163.0,-531.0,0.9563233644347211,165.5,-531.0,0.1892323223170935,-0.3281369318471097,0.3011812894986734,19.190140816015287,147.5839500613848,TRACK
1.052,162.30014399546758,-531.5967135963633,0.5120215073560708,0.6345847612669628,0.5647359018912813,0.41573620139733336,0.7012583176242854,163.0,-531.0,0.9197094884608542,165.5,-531.0,0.18436375328122953,-0.3276577540748412,0.29874168237571463,19.190140816015287,147.5839500613848,TRACK
1.096,162.32750648162173,-531.5764983401034,0.5078007947915555,0.6351860691189091,0.5665964644366501,0.41763144113682593,0.7038803691950317,163.0,-531.0,0.8857752922738165,165.5,-531.0,0.17975626666496486,-0.32804452812659063,0.2961196308049683,19.158342362572114,146.37279305871974,TRACK
1.152,162.35712496941548,-531.5545134024428,0.502622133107401,0.636364457694459,0.5676429081879417,0.41943597868522053,0.705793887357841,163.0,-531.0,0.8489837562861535,165.5,-531.0,0.17463776141460674,-0.32798437169279426,0.294206112642159,19.158342362572114,146.37279305871974,TRACK
1.196,162.38432258604118,-531.5341733934949,0.4968830010608436,0.6383856760592054,0.5672838448845511,0.42094595139027235,0.7064038891872417,163.0,-531.0,0.8151072888748573,165.5,-531.0,0.16979612894932936,-0.3270868721115142,0.29359611081275827,16.796558851899647,146.31564995220114,TRACK
1.252,162.4135519343211,-531.512112406377,0.490101245108985,0.6412329900775798,0.5654704972129274,0.4221022816974036,0.7056395818209106,163.0,-531.0,0.7785759118440362,165.5,-531.0,0.16442492305682202,-0.325676322052163,0.2943604181790894,16.796558851899647,146.31564995220114,TRACK
1.296,162.44033776588864,-531.4917365568198,0.48548772791858125,0.6443970581320124,0.5628691783683591,0.42294038612485496,0.7040598569528823,163.0,-531.0,0.745001112484728,165.5,-531.0,0.15935327417621506,-0.32613445374236616,0.2959401430471177,19.10301331288896,146.62471758193482,TRACK
1.352,162.46928895364098,-531.4696271296183,0.4784428821905402,0.6471187088779624,0.5607287296571128,0.4237247032988446,0.7028224046290595,163.0,-531.0,0.7086634289992639,165.5,-531.0,0.1537334187185573,-0.32470946347198293,0.29717759537094046,19.10301331288896,146.62471758193482,TRACK
1.4,162.49615133790536,-531.4491255695186,0.473671296841661,0.6487940363621116,0.5603452262048667,0.42491159953760527,0.7032329912285042,163.0,-531.0,0.6749646298066225,165.5,-531.0,0.1484172589482036,-0.3252540378934574,0.29676700877149575,20.06372546204591,148.71933276690805,TRACK
1.452,162.52566936427488,-531.4267273727908,0.46640711489403347,0.6489047285028323,0.5629034206741352,0.4269496330600613,0.70650283097576,163.0,-531.0,0.6380327598770372,165.5,-531.0,0.14249765455507643,-0.32390946033895707,0.29349716902423995,20.06372546204591,148.71933276690805,TRACK
1.5,162.55351456595108,-531.405794301754,0.46050703326200715,0.6473824298253719,0.5689251523271482,0.4301542377988897,0.7132380368760577,163.0,-531.0,0.6033392562678652,165.5,-531.0,0.13686051533444496,-0.32364651792756216,0.2867619631239423,17.27289773723915,146.34483805619828,TRACK
1.552,162.5844294379887,-531.3827833569167,0.45403161443577655,0.6446850174609032,0.5778822184965792,0.4344816140512675,0.7229952499173993,163.0,-531.0,0.5649973365802579,165.5,-531.0,0.13054271415154495,-0.3234889002842316,0.2770047500826007,17.27289773723915,146.34483805619828,TRACK
1.596,162.61362193327528,-531.3612445848446,0.448994531239989,0.6414343707104171,0.588485386820858,0.43946659549211486,0.7344698353609391,163.0,-531.0,0.5289476916723206,165.5,-531.0,0.12450758583701968,-0.3244869454029693,0.2655301646390609,9.211328790302844,138.98076204295074,TRACK
1.652,162.6457125630782,-531.3376557141288,0.44288896575117226,0.6387169372111714,0.5985101251070769,0.44442453227236306,0.7454713507179183,163.0,-531.0,0.4894190119360346,165.5,-531.0,0.11775048071550102,-0.3251384850356712,0.25452864928208174,9.211328790302844,138.98076204295074,TRACK
1.696,162.67548417208508,-531.3157889978496,0.43620243923766,0.6368514743437872,0.6061162303280401,0.44832075217947515,0.7539021033939646,163.0,-531.0,0.45280593385043844,165.5,-531.0,0.11134049966297788,-0.3248619395746821,0.24609789660603543,0.280979127085331,132.64094892190207,TRACK
1.752,162.70752046049148,-531.2921185858003,0.4283950581091196,0.6366688036439065,0.6096044139870906,0.4507285700179964,0.7581383682303726,163.0,-531.0,0.4133733774701316,165.5,-531.0,0.1042299388879477,-0.3241651192211719,0.24186163176962738,0.280979127085331,132.64094892190207,TRACK
1.8,162.73665031866145,-531.2704721550638,0.42313453802027445,0.6375081594843506,0.6086480849142802,0.4508121279653131,0.7574193461949825,163.0,-531.0,0.3775026375086119,165.5,-531.0,0.09756758778254158,-0.32556695023773286,0.24258065380501748,0.091964320104438,130.95574895657424,TRACK
1.852,162.76756817424754,-531.247341933626,0.41516914142498695,0.6391623307899834,0.6037222062545466,0.4487120659317539,0.7522120847457849,163.0,-531.0,0.3394150641212964,165.5,-531.0,0.09027477236928616,-0.3248943690557008,0.24778791525421506,0.091964320104438,130.95574895657424,TRACK
1.9,162.79548126826202,-531.2263299685135,0.40981427821638294,0.641253693947012,0.5959524112543708,0.4448750884676709,0.7436888602224836,163.0,-531.0,0.305046170733259,165.5,-531.0,0.08349131437768184,-0.3263229638387011,0.2563111397775164,5.496914593634386,138.36506267976182,TRACK
1.952,162.82518055311135,-531.2039214222176,0.403341558018663,0.6430045089840617,0.5872680999550548,0.43999556141855145,0.7338119072983529,163.0,-531.0,0.2685996750737113,165.5,-531.0,0.07609026492725725,-0.32725129309140577,0.2661880927016471,5.496914593634386,138.36506267976182,TRACK
2.0,162.8522643321759,-531.1834261829067,0.3962710285243556,0.6446425993990726,0.5792101539831612,0.4354415682306291,0.724633536223895,163.0,-531.0,0.23552280595126762,165.5,-531.0,0.06916611471181022,-0.32710491381254536,0.27536646377610496,12.508805041943575,147.94123952776977,TRACK
2.052,162.8815375454208,-531.1612918356927,0.3896905704744693,0.6455955394289802,0.573517843083519,0.4320182025209138,0.7180267708411527,163.0,-531.0,0.2001209869205682,165.5,-531.0,0.061520187866494304,-0.328170382607975,0.28197322915884726,12.508805041943575,147.94123952776977,TRACK
2.1,162.90873065983072,-531.1407627662148,0.3813901911517341,0.6459628498164152,0.5710697239099943,0.4305029632482984,0.7151597240702268,163.0,-531.0,0.1677624773523185,165.5,-531.0,0.05426859763072708,-0.327121593521007,0.28484027592977323,16.26370350197257,151.69631331323322,TRACK
2.152,162.9385834297405,-531.118319834512,0.3741341476597602,0.6454999539425365,0.5721274257034794,0.43088512026493975,0.7162344435363479,163.0,-531.0,0.1333100834197917,165.5,-531.0,0.04616031079215904,-0.3279738368676012,0.2837655564636521,16.26370350197257,151.69631331323322,TRACK
2.2,162.96660714838563,-531.0973652406893,0.36851592218186435,0.6442808067960875,0.5762224418280025,0.4328692414626865,0.7206997174071232,163.0,-531.0,0.10293236922091036,165.5,-531.0,0.03841383875864977,-0.33010208342321457,0.27930028259287676,13.386047117180127,148.6171492044972,TRACK
2.252,162.99746162413183,-531.0744336530662,0.3617349241358061,0.6424538343929727,0.5822189431722143,0.43571223133722603,0.7272028921321989,163.0,-531.0,0.07447692300858459,165.5,-531.0,0.029734495141265055,-0.3320004289945411,0.2727971078678011,13.386047117180127,148.6171492044972,TRACK
2.3,163.0263397711055,-531.053131468488,0.3543438806530008,0.63999566745784,0.5890121347450359,0.43854137958516226,0.73433904736529,163.0263397711055,-531.0,0.05313146848800443,165.5,-531.0,0.021475584854127736,-0.33286829579887306,0.26566095263471,4.748421666434282,144.89322240243007,TRACK
2.352,163.05790605412787,-531.0299844398569,0.34575110781157137,0.6374067149655894,0.5953232540809089,0.44084920482439904,0.7407818830423618,163.05790605412787,-531.0,0.029984439856889367,165.5,-531.0,0.01227755111209064,-0.33347355669948076,0.2592181169576382,4.748421666434282,144.89322240243007,TRACK
2.4,163.08719342419957,-531.0086691216162,0.3399785927984327,0.6344785542856394,0.6005138552587334,0.44197617864082733,0.7456271406297221,163.08719342419957,-531.0,0.008669121616208031,165.5,-531.0,0.0035929462390952936,-0.3363856465593374,0.25437285937027787,0.6793385841986037,140.30096884918765,TRACK
2.452,163.11896282264635,-530.9856777128057,0.3312579632971846,0.6316489546399862,0.6041664954638362,0.44203438311046317,0.7486064053245212,163.11896282264635,-531.0,0.01432228719431805,165.5,-531.0,-0.006015073850178292,-0.3372730371473629,0.25139359467547884,0.6793385841986037,140.30096884918765,TRACK
2.5,163.14826226216826,-530.9646034608194,0.32540690486488577,0.6288038095172066,0.6063499685653974,0.4409887697552828,0.7497542126787526,163.14826226216826,-531.0,0.03539653918062413,165.5,-531.0,-0.015050090862778448,-0.3404569957276642,0.25024578732124736,-1.741215761857191,141.46267257548237,TRACK
2.552,163.17992980312425,-530.9418764225535,0.31834444497319225,0.6265945997743444,0.6072743898482332,0.4396131502074633,0.7496945420642154,163.17992980312425,-531.0,0.058123577446508534,165.5,-531.0,-0.02504726887308682,-0.3433917138462791,0.2503054579357846,-1.741215761857191,141.46267257548237,TRACK
2.6,163.2090998806667,-530.9210012069966,0.310638128201296,0.6246909828647446,0.60742683548179,0.43796366107046747,0.748852140867387,163.2090998806667,-531.0,0.07899879300339308,165.5,-531.0,-0.0344700763834872,-0.3451082045847832,0.25114785913261295,-2.4938999361218066,145.16120633648936,TRACK
2.652,163.24064577399852,-530.8984422748722,0.3034711079890209,0.6233321119361923,0.607155571258037,0.4365153459178043,0.7477857546994416,163.24064577399852,-531.0,0.10155772512780459,165.5,-531.0,-0.04491965353668483,-0.3483907615257057,0.25221424530055836,-2.4938999361218066,145.16120633648936,TRACK
2.7,163.269721953607,-530.8776384431782,0.29564258722429965,0.6225351083132126,0.6066649309627932,0.4354295809488358,0.7467538138003511,163.269721953607,-531.0,0.12236155682182925,166.0,-531.0,-0.044786549734444236,-0.3404291369587439,0.2532461861996489,-2.0261444283825654,147.39461885945414,TRACK
2.752,163.30117431443415,-530.8551079282888,0.288358693804301,0.6222110349304516,0.6060307876163169,0.43467692398739627,0.745799801411879,163.30117431443415,-531.0,0.14489207171118323,166.0,-531.0,-0.053635588669244505,-0.3419942824735455,0.25420019858812104,-2.0261444283825654,147.39461885945414,TRACK
2.8,163.33015454907166,-530.8343216379677,0.2791767110409824,0.6222122510631041,0.6052342228491557,0.43410670084981384,0.7448201744250295,163.33015454907166,-531.0,0.16567836203228126,166.0,-531.0,-0.061975940650843844,-0.34115265169182624,0.25517982557497054,3.252382239712219,143.38103972762104,TRACK
2.852,163.36150116082302,-530.8119104207308,0.27117122495986257,0.6216806341891246,0.6043890547168715,0.4330140869548311,0.7434966906199917,163.36150116082302,-531.0,0.1880895792692172,166.0,-531.0,-0.0711662005028421,-0.3423374254627047,0.2565033093800083,3.252382239712219,143.38103972762104,TRACK
2.9,163.39037976735176,-530.7912985020793,0.26499909142381495,0.6210564236348609,0.6034260581713307,0.43175439668801296,0.7419803681632151,163.39037976735176,-531.0,0.20870149792074244,166.0,-531.0,-0.07980404797970289,-0.3448031394035178,0.2580196318367849,1.4181374049544075,146.77762271514996,TRACK
2.952,163.42162509981327,-530.7690447624799,0.25570821535284427,0.6202990483015149,0.6025320601484457,0.43042514361215867,0.74048003873182,163.42162509981327,-531.0,0.2309552375201065,166.0,-531.0,-0.08933553646740255,-0.3450437518202468,0.25951996126818,1.4181374049544075,146.77762271514996,TRACK
3.0,163.45048395654828,-530.7485920450785,0.24948618352384336,0.6189914700649105,0.6020750027892942,0.42891074106673754,0.7392284713037955,163.45048395654828,-531.0,0.25140795492154666,166.0,-531.0,-0.09829229540451022,-0.34777847892835356,0.26077152869620446,0.8895578652375349,149.46372830907376,TRACK
3.052,163.4818500586544,-530.726522479371,0.24198775436332662,0.6169485944785117,0.6024667467580769,0.4273371354931713,0.738636045912173,163.4818500586544,-531.0,0.27347752062894415,166.0,-531.0,-0.10817858106922316,-0.35016633543254977,0.261363954087827,0.8895578652375349,149.46372830907376,TRACK
3.096,163.51098490944312,-530.706220837243,0.2338205435362115,0.6140187363029342,0.604045005727182,0.42580194525433823,0.739038338333222,163.51098490944312,-531.0,0.293779162757005,166.0,-531.0,-0.1174867230512856,-0.3513072665874971,0.26096166166677803,-0.9107624017025273,151.8211953816024,TRACK
3.152,163.54282004957383,-530.6842396810036,0.22623847197839875,0.6106025302615957,0.6069042353716743,0.4247213544878586,0.7407570316035331,163.54282004957383,-531.0,0.3157603189963538,166.0,-531.0,-0.12780473362124148,-0.3540432055996402,0.2592429683964669,-0.9107624017025273,151.8211953816024,TRACK
3.2,163.572520607098,-530.6639783029844,0.21797134048894828,0.6063965421429715,0.611054318271962,0.42380809514043827,0.7436401558451365,163.572520607098,-531.0,0.3360216970155534,166.0,-531.0,-0.13755002098598584,-0.35552136147493413,0.25635984415486346,-3.0691554982302307,150.9382020513039,TRACK
3.252,163.60503955961323,-530.6420345714987,0.20836577847766893,0.6018796591912541,0.6160628718831497,0.42317345453382527,0.7474016555607872,163.60503955961323,-531.0,0.3579654285013021,166.0,-531.0,-0.14836776816506023,-0.35673354664272916,0.2525983444392128,-3.0691554982302307,150.9382020513039,TRACK
3.296,163.6353442548564,-530.6218017922859,0.20192319739724238,0.5972128135913627,0.6214126028720891,0.4225934272073302,0.7514910696256488,163.6353442548564,-531.0,0.37819820771414925,166.0,-531.0,-0.15859476677271678,-0.3605179641699592,0.24850893037435118,-6.417258868624543,148.46855780210416,TRACK
3.352,163.66839210857214,-530.5999103665118,0.19220346505556554,0.5929175870905234,0.6263556687997431,0.42203186270217363,0.7552696981697596,163.66839210857214,-531.0,0.4000896334881645,166.0,-531.0,-0.16993885407797663,-0.36214231913354217,0.24473030183024036,-6.417258868624543,148.46855780210416,TRACK
3.4,163.69900443677122,-530.5797704360554,0.18438087428229186,0.5890382982161082,0.6303460778381504,0.4211743703349143,0.7581055520657735,163.69900443677122,-531.0,0.4202295639446447,166.0,-531.0,-0.18063869923142162,-0.3650195735137135,0.24189444793422654,-11.071953264414063,148.300584370251,TRACK
3.452,163.73216764276054,-530.558040919313,0.1778267326764882,0.585878156214652,0.6329388370614115,0.420019703406332,0.7596236717679321,163.73216764276054,-531.0,0.44195908068695644,166.0,-531.0,-0.19246933211783124,-0.3702960647943194,0.2403763282320679,-11.071953264414063,148.300584370251,TRACK
3.5,163.76270107698406,-530.5381091091174,0.16792965066077767,0.5832367781400275,0.6340498686363748,0.4183489232241206,0.7596282363634104,163.76270107698406,-531.0,0.46189089088261426,166.5,-531.0,-0.1671649638308136,-0.3350946144915913,0.24037176363658963,-14.086949783239945,150.82569650383516,TRACK
3.548,163.79564596505642,-530.5166626331932,0.16128346364298227,0.5810831185099147,0.6338768535622533,0.41627808035486524,0.7583451098714318,163.79564596505642,-531.0,0.48333736680683614,166.5,-531.0,-0.1768582840840354,-0.33814174772701766,0.24165489012856822,-14.086949783239945,150.82569650383516,TRACK
3.6,163.82592881521958,-530.4970148374591,0.1512342629082104,0.5791527442881634,0.632832403921846,0.41384592945807264,0.7561384164176017,163.82592881521958,-531.0,0.502985162540881,166.5,-531.0,-0.18592475473230957,-0.33715901764052,0.2438615835823983,6.772267324404368,133.65098598861363,TRACK
3.652,163.8586660429392,-530.4760461021214,0.14453348179258563,0.5758614707317495,0.6316877875851141,0.4101355727672866,0.7531538017120584,163.8586660429392,-531.0,0.5239538978786413,166.5,-531.0,-0.19582502303851992,-0.3403585048311055,0.24684619828794163,6.772267324404368,133.65098598861363,TRACK
3.7,163.88886443463483,-530.4568493112477,0.13589393718678444,0.5725194546510175,0.6307936680442222,0.4065647224195161,0.750463540194154,163.88886443463483,-531.0,0.5431506887523483,166.5,-531.0,-0.20508856181891666,-0.3409824990057011,0.24953645980584604,-2.8593894142156273,148.25180821877348,TRACK
3.752,163.9216294674127,-530.436059786851,0.1279546780471319,0.5700382127445347,0.6305497586953023,0.40419656070368154,0.748977875424494,163.9216294674127,-531.0,0.5639402131489533,166.5,-531.0,-0.21532870317205638,-0.3432833812191883,0.251022124575506,-2.8593894142156273,148.25180821877348,TRACK
3.796,163.95200919193957,-530.4169391901656,0.11933308799351282,0.5671393971280951,0.6313761678269136,0.4021487819551838,0.7485716452871007,163.95200919193957,-531.0,0.5830608098343646,166.5,-531.0,-0.22495840679441498,-0.3442914947879278,0.25142835471289926,-2.999935127597581,150.30727733412445,TRACK
3.852,163.98513381666055,-530.3963271267833,0.1113531669376786,0.563453989994281,0.633348713940264,0.4001317502676094,0.7491568667655706,163.98513381666055,-531.0,0.6036728732167376,166.5,-531.0,-0.23558445409508014,-0.3469376210327587,0.2508431332344294,-2.999935127597581,150.30727733412445,TRACK
3.896,164.01594531333103,-530.3774296497327,0.10268131155398641,0.5587855816000629,0.6363438272834263,0.3978797411678061,0.750494340387374,164.01594531333103,-531.0,0.6225703502673241,166.5,-531.0,-0.24556838166573644,-0.3482496932197229,0.24950565961262605,-5.3312478345039835,150.46404793515885,TRACK
3.952,164.04957958065273,-530.3571211394701,0.09465000854702521,0.5533109303485356,0.6400079793226066,0.3953137277571182,0.7522520567933563,164.04957958065273,-531.0,0.6428788605298905,166.5,-531.0,-0.2565722191028756,-0.3512222276499008,0.24774794320664373,-5.3312478345039835,150.46404793515885,TRACK
4.0,164.08084779595026,-530.3385577747903,0.08457015659939127,0.5471402384061321,0.6440025897708495,0.3923117904992577,0.7540874462529491,164.08084779595026,-531.0,0.6614422252097256,166.5,-531.0,-0.2668957932328499,-0.35146594983224116,0.2459125537470509,-8.189702057766056,150.27043926238647,TRACK
4.052,164.1149249264328,-530.318640024534,0.07782339994523402,0.540742000562734,0.6479669846757722,0.3890644443953691,0.7557991499879381,164.1149249264328,-531.0,0.6813599754659663,166.5,-531.0,-0.2782647542368942,-0.3560881541821282,0.24420085001206193,-8.189702057766056,150.27043926238647,TRACK
4.1,164.14653582979895,-530.3004315660937,0.06901763899420033,0.5343691854050949,0.651674710417484,0.3856618983176041,0.7572417236336424,164.14653582979895,-531.0,0.6995684339062791,166.5,-531.0,-0.2889324251833995,-0.35795006417759984,0.2427582763663576,-10.645346129518757,150.67234621058498,TRACK
4.152,164.18091571135477,-530.2808657800947,0.060852848677657605,0.5284099500469409,0.6549916107047771,0.3823730242844646,0.7584346641564361,164.18091571135477,-531.0,0.7191342199052997,166.5,-531.0,-0.30069146432283905,-0.36154431300049666,0.24156533584356388,-10.645346129518757,150.67234621058498,TRACK
4.196,164.21275428430638,-530.2629439491649,0.05196460469014652,0.5228954294597422,0.6579008080636217,0.3792224829815216,0.7593702422727907,164.21275428430638,-531.0,0.7370560508351218,166.5,-531.0,-0.3117390934376555,-0.363703698127802,0.2406297577272093,-12.623072723774243,151.78769306554653,TRACK
4.252,164.24734293278556,-530.2436584041008,0.04371783127193263,0.5178950729598075,0.6604437361588595,0.3763011672541947,0.7601240011395132,164.24734293278556,-531.0,0.7563415958992437,166.5,-531.0,-0.3239287568535219,-0.36764658812545453,0.23987599886048683,-12.623072723774243,151.78769306554653,TRACK
4.3,164.2793520188548,-530.2259837944314,0.03473536485025863,0.5132042400923622,0.6626880144248853,0.3734731208877198,0.7606823098298069,164.2793520188548,-531.0,0.7740162055686142,167.0,-531.0,-0.2771738881346553,-0.31190925298491395,0.2393176901701931,-14.47640436218154,153.31606256793728,TRACK
4.352,164.31410856628733,-530.206985282124,0.02639821366325812,0.5086634184949881,0.664685509402765,0.37063213064570777,0.7610354805638107,164.31410856628733,-531.0,0.7930147178759626,167.0,-531.0,-0.28709512491332384,-0.31349333857658196,0.23896451943618935,-14.47640436218154,153.31606256793728,TRACK
4.4,164.3462573143807,-530.1896142545207,0.01591217732050465,0.504017109027202,0.6664635359592331,0.36757462786046424,0.7611075822838995,164.3462573143807,-531.0,0.810385745479266,167.0,-531.0,-0.2963803435532301,-0.31229252087373477,0.23889241771610048,15.270575497349768,123.58646475909583,TRACK
4.452,164.3811478114335,-530.1712122173178,0.008951836729546025,0.49749583688884397,0.6680411823827319,0.3627833738981746,0.7601912902265201,164.3811478114335,-531.0,0.8287877826821841,167.0,-531.0,-0.3064974383192985,-0.3154492750488445,0.2398087097734799,15.270575497349768,123.58646475909583,TRACK
4.5,164.41339918267911,-530.1545121143432,6.846788157943706e-05,0.4906213956900877,0.6693930172147647,0.3575807772235768,0.7589143718073229,164.41339918267911,-531.0,0.8454878856567802,167.0,-531.0,-0.31592430204760824,-0.3159927699291877,0.2410856281926771,-3.0911349084189794,143.4278538929944,TRACK
4.552,164.44838785999133,-530.1365468299638,-0.008040033018371862,0.4849414832812852,0.6706061738679601,0.3533476885184992,0.7580021302154705,164.44838785999133,-531.0,0.8634531700362231,167.0,-531.0,-0.3262992495841159,-0.318259216565744,0.24199786978452953,-3.0911349084189794,143.4278538929944,TRACK
4.6,164.48073917852898,-530.1201641084792,-0.01683145363990168,0.4792884794628422,0.6717890440178705,0.3491333416951788,0.7570961695489463,164.48073917852898,-531.0,0.87983589152077,167.0,-531.0,-0.33600086868451645,-0.31916941504461477,0.24290383045105368,-2.8899859275357045,145.23964195520995,TRACK
4.652,164.5158662815752,-530.1026835722886,-0.024939842697563996,0.47316535850634034,0.6730953029611811,0.34459412723121646,0.7561761695469171,164.5158662815752,-531.0,0.8973164277114165,167.0,-531.0,-0.34663435046663704,-0.32169450776907305,0.24382383045308287,-2.8899859275357045,145.23964195520995,TRACK
4.696,164.54839110310678,-530.0868078401696,-0.0336900313179318,0.4665020093623592,0.6746721039258788,0.3397467294010178,0.755387508471288,164.54839110310678,-531.0,0.9131921598303734,167.0,-531.0,-0.3565655725153284,-0.3228755411973966,0.244612491528712,-3.261661884999384,146.5596101938433,TRACK
4.752,164.58376673605764,-530.0698994906235,-0.04179432697258112,0.45928788124217496,0.6766420893364569,0.33464157297902275,0.7548705183191885,164.58376673605764,-531.0,0.9301005093765298,167.0,-531.0,-0.3674550282244466,-0.32566070125186547,0.2451294816808115,-3.261661884999384,146.5596101938433,TRACK
4.796,164.61657938221947,-530.0545664411173,-0.05052848047394387,0.45153824733181924,0.6790762363320381,0.3293205084185295,0.7547161930261764,164.61657938221947,-531.0,0.9454335588826552,167.0,-531.0,-0.3776331574152871,-0.3271046769413432,0.24528380697382357,-3.883402297069196,147.76432902703186,TRACK
4.852,164.65232565937293,-530.0382211970159,-0.05864000235249933,0.44359743409557284,0.6819994959949087,0.3240743965394562,0.7550811393682948,164.65232565937293,-531.0,0.9617788029840995,167.0,-531.0,-0.3888172618243907,-0.33017725947189136,0.2449188606317052,-3.883402297069196,147.76432902703186,TRACK
4.9,164.68552012934347,-530.0233715720695,-0.06751538748734753,0.43554859519766487,0.6853426825985364,0.3189268729844526,0.7559159628576442,164.68552012934347,-531.0,0.97662842793045,167.0,-531.0,-0.39929677649904605,-0.3317813890116985,0.24408403714235583,-5.283608280986655,148.40811082776435,TRACK
4.952,164.72169272725773,-530.00751833638,-0.07566327757203849,0.4276512303328913,0.6889421527273328,0.31400693842704447,0.757127233154968,164.72169272725773,-531.0,0.9924816636199694,167.0,-531.0,-0.41083339596764773,-0.33517011839560923,0.242872766845032,-5.283608280986655,148.40811082776435,TRACK
5.0,164.75526339405823,-529.9930934463378,-0.08460153503937962,0.4199885870880642,0.692598511359747,0.3092859998691899,0.758518640280397,164.75526339405823,-531.0,1.0069065536622475,167.5,-531.0,-0.3516063681436859,-0.2670048331043063,0.24148135971960305,-7.334355940134174,148.52937053777535,TRACK
5.052,164.79179255449068,-529.9777027387117,-0.09279608283487795,0.41253302129267133,0.6960583814484124,0.3046272012438953,0.7597993170056632,164.79179255449068,-531.0,1.0222972612882586,167.5,-531.0,-0.3609441487918255,-0.26814806595694757,0.24020068299433683,-7.334355940134174,148.52937053777535,TRACK
5.1,164.82562484653744,-529.9637307192413,-0.10295737743718969,0.4052048384442962,0.6991317441157108,0.2998869894470809,0.7607347777444576,164.82562484653744,-531.0,1.0362692807586882,167.5,-531.0,-0.36966767878910506,-0.26671030135191537,0.23926522225554236,28.152916814329338,111.37963979560499,TRACK
5.152,164.86233192200874,-529.9491059559623,-0.10972246261608154,0.3960897698471989,0.7015024878089486,0.293362449826289,0.7603731106307127,164.86233192200874,-531.0,1.0508940440377046,167.5,-531.0,-0.3791417108264662,-0.26941924821038465,0.23962688936928733,28.152916814329338,111.37963979560499,TRACK
5.2,164.89624526422227,-529.9359796775083,-0.11816657157031618,0.386734407866676,0.703261404049528,0.28639803944767966,0.7593421096088299,164.89624526422227,-531.0,1.0640203224917286,167.5,-531.0,-0.38793962774814467,-0.2697730561778285,0.24065789039117014,5.727310400443798,134.67802630470064,TRACK
5.252,164.93302259783079,-529.9220087474662,-0.12592306370188622,0.3784616199646149,0.7046596580741041,0.2801938316935336,0.7583230294776875,164.93302259783079,-531.0,1.0779912525338204,167.5,-531.0,-0.3975818760729925,-0.2716588123711063,0.24167697052231252,5.727310400443798,134.67802630470064,TRACK
5.3,164.9670011217197,-529.9093787377726,-0.1344375546155423,0.3705791024772276,0.7057888477715366,0.27421981128305273,0.7571884854768899,164.9670011217197,-531.0,1.090621262227387,167.5,-531.0,-0.4065749939152432,-0.2721374392997009,0.24281151452311012,6.282318965918549,136.7073868957645,TRACK
5.352,165.00385728918988,-529.8960133666662,-0.14388744457692515,0.36265925043156033,0.7068331090238391,0.26820210593458016,0.7560062259267778,165.00385728918988,-531.0,1.1039866333337613,167.5,-531.0,-0.41641298804836424,-0.2725255434714391,0.2439937740732222,6.282318965918549,136.7073868957645,TRACK
5.4,165.03793876132073,-529.8839818662028,-0.15060925075659837,0.35452741960693696,0.7079522551529464,0.262061059736597,0.7548989300604491,165.03793876132073,-531.0,1.1160181337971835,167.5,-531.0,-0.4255832854497935,-0.27497403469319515,0.24510106993955094,7.344899841692154,137.18258518289898,TRACK
5.448,165.07494357151742,-529.8713142686046,-0.1582599568283134,0.3459000839588292,0.709239803711764,0.25560236497077515,0.7538923451977443,165.07494357151742,-531.0,1.1286857313954215,167.5,-531.0,-0.4356083605964004,-0.277348403768087,0.24610765480225572,7.344899841692154,137.18258518289898,TRACK
5.496,165.10919875308602,-529.8599517902177,-0.16632953433631095,0.3369490396986755,0.710783238016996,0.2489929421354827,0.7531336512726075,165.10919875308602,-531.0,1.1400482097823215,167.5,-531.0,-0.4449548595513194,-0.2786253252150085,0.24686634872739255,5.732217026204026,139.98444936644688,TRACK
5.552,165.14643395064982,-529.8479814898315,-0.17602992431959774,0.3278898539388609,0.712630626775105,0.24241474191072693,0.7527332311739156,165.14643395064982,-531.0,1.1520185101685456,167.5,-531.0,-0.4551945323309994,-0.27916460801140164,0.24726676882608445,5.732217026204026,139.98444936644688,TRACK
5.6,165.1809305576076,-529.8372427169915,-0.1819440509117991,0.3187556406371482,0.7147476664710214,0.23587313420030512,0.7526621832955642,165.1809305576076,-531.0,1.1627572830085455,167.5,-531.0,-0.4647586650835598,-0.2828146141717607,0.24733781670443578,6.532313840005699,139.46761265253548,TRACK
5.652,165.21844468689724,-529.8259224210545,-0.18951922254706788,0.30975943723292937,0.7170849303479224,0.22951183680556592,0.7529186413988894,165.21844468689724,-531.0,1.1740775789454574,167.5,-531.0,-0.47525553453357927,-0.2857363119865114,0.24708135860111058,6.532313840005699,139.46761265253548,TRACK
5.7,165.25320391256284,-529.8157563427325,-0.19794484264308077,0.3009193197055654,0.7195578918711183,0.22331034835539482,0.7534129488113512,165.25320391256284,-531.0,1.1842436572675297,168.0,-531.0,-0.407056694286962,-0.20911185164388124,0.24658705118864876,3.4078976387864657,141.93765176652408,TRACK
5.752,165.29099738251105,-529.8050247564346,-0.20551734743087247,0.29241706907315707,0.7220917543676593,0.21738355728211856,0.7541035159063987,165.29099738251105,-531.0,1.194975243565409,168.0,-531.0,-0.41543864740187875,-0.20992129997100628,0.24589648409360132,3.4078976387864657,141.93765176652408,TRACK
5.8,165.32599970409987,-529.7953870481649,-0.21397968028440165,0.2840955298969292,0.7245849019241242,0.2115742683664532,0.7548423352801514,165.32599970409987,-531.0,1.204612951835088,168.0,-531.0,-0.42326213121155254,-0.2092824509271509,0.24515766471984857,44.282157594294986,100.03317719434374,TRACK
5.852,165.36398308418572,-529.7854484971884,-0.22147723576741637,0.2742319251139249,0.7266375522131153,0.20441736754906023,0.7548434224671733,165.36398308418572,-531.0,1.2145515028115597,168.0,-531.0,-0.43175967999184983,-0.21028244422443346,0.2451565775328267,44.282157594294986,100.03317719434374,TRACK
5.9,165.39909822851786,-529.7766951072724,-0.2302176715760884,0.2637633521382805,0.7283623363603677,0.19669809037789363,0.7544546585359808,165.39909822851786,-531.0,1.2233048927275831,168.0,-531.0,-0.43963831181708984,-0.20942064024100143,0.24554534146401918,18.95088676220781,125.31078866066238,TRACK
5.952,165.43721317344173,-529.7675480758913,-0.23810388009928252,0.2538880033460343,0.7299784171603311,0.1894203161182581,0.7541541922433656,165.43721317344173,-531.0,1.2324519241086591,168.0,-531.0,-0.44825364036790205,-0.21014976026861953,0.24584580775663445,18.95088676220781,125.31078866066238,TRACK
6.004,165.47244899724762,-529.7594333935276,-0.24507510135863228,0.24425703102773066,0.7314138530721715,0.18229276437903266,0.7537883498773575,165.47244899724762,-531.0,1.2405666064723846,168.0,-531.0,-0.4562747703724751,-0.21119966901384282,0.24621165012264246,19.755188578969808,125.73854448031526,TRACK
6.052,165.5106692617492,-529.7510061110532,-0.2502494696398678,0.2347335954947242,0.7326707847959776,0.17521239042387604,0.7533298485070152,165.5106692617492,-531.0,1.2489938889467567,168.0,-531.0,-0.4650377042386635,-0.21478823459879565,0.24667015149298477,19.755188578969808,125.73854448031526,TRACK
6.096,165.54598296866772,-529.7435770895452,-0.25798219265817046,0.22516170407800412,0.7337317897315585,0.1680580022718899,0.7527322441547821,165.54598296866772,-531.0,1.2564229104548303,168.0,-531.0,-0.4731905426321882,-0.21520834997401772,0.24726775584521787,17.637695041684054,128.50708218726635,TRACK
6.152,165.58427098708742,-529.7358943628368,-0.2648022746362495,0.21567891974376024,0.7346334796119953,0.16094836201381504,0.7520576604235596,165.58427098708742,-531.0,1.2641056371631976,168.0,-531.0,-0.4820986502532112,-0.2172963756169617,0.2479423395764404,17.637695041684054,128.50708218726635,TRACK
6.196,165.61964249986224,-529.7291203403063,-0.2724841516216084,0.2064324581217355,0.7354290423974966,0.15401034959403237,0.7513821026506919,165.61964249986224,-531.0,1.270879659693719,168.0,-531.0,-0.4904006188015215,-0.21791646717991314,0.24861789734930806,18.405543499447283,128.79592275785015,TRACK
6.252,165.6579942358671,-529.7221203061564,-0.2792558787998549,0.19738149167627786,0.736165562206538,0.14722234170648502,0.7507424011446331,165.6579942358671,-531.0,1.2778796938436017,168.0,-531.0,-0.4994855831483679,-0.22022970434851297,0.2492575988553669,18.405543499447283,128.79592275785015,TRACK
6.3,165.6934369393358,-529.7159433323907,-0.2862163177011159,0.1886989792640253,0.7369439948935457,0.14073495581758064,0.7502618072370701,165.6934369393358,-531.0,1.2840566676093204,168.0,-531.0,-0.5079702948652308,-0.22175397716411493,0.24973819276292986,18.15732525892779,129.9200845844921,TRACK
6.348,165.73189023700775,-529.709543581081,-0.2929285575578231,0.18038001014483093,0.7378338694726765,0.13455297048124004,0.7500022138676312,165.73189023700775,-531.0,1.2904564189190069,168.0,-531.0,-0.5172807769531406,-0.22435221939531746,0.24999778613236878,18.15732525892779,129.9200845844921,TRACK
6.4,165.76744570310586,-529.7039096741227,-0.29981599495720807,0.17224893551696469,0.7388506221226758,0.12854000238401564,0.7499485142487768,165.76744570310586,-531.0,1.2960903258773442,168.5,-531.0,-0.44288894136646506,-0.143072946409257,0.25005148575122316,17.12021508077077,131.2037374553666,TRACK
6.452,165.80604128329395,-529.6980925800731,-0.30648606885725305,0.16431505393168652,0.7400308479534027,0.12270451919098499,0.7501346912072011,165.80604128329395,-531.0,1.3019074199269198,168.5,-531.0,-0.4501736506194099,-0.14368758176215685,0.2498653087927989,17.12021508077077,131.2037374553666,TRACK
6.5,165.84173952468416,-529.693007955452,-0.3140880593710731,0.15631605515118543,0.741319727973307,0.116833325336158,0.7504698295011749,165.84173952468416,-531.0,1.3069920445479966,168.5,-531.0,-0.45696298004873903,-0.14287492067766594,0.2495301704988251,60.014102223019705,87.92519901929188,TRACK
6.552,165.8804322726868,-529.6879855729699,-0.32064111699391584,0.14678477167399034,0.7422897808926716,0.10974615894443658,0.7503588063191822,165.8804322726868,-531.0,1.3120144270301353,168.5,-531.0,-0.4643285774014808,-0.14368746040756497,0.24964119368081783,60.014102223019705,87.92519901929188,TRACK
6.6,165.9161677056065,-529.6837783169924,-0.3278238297945619,0.1364348220575065,0.7430592226198769,0.10201291148288048,0.7500290943887908,165.9161677056065,-531.0,1.3162216830075977,168.5,-531.0,-0.4711446807930331,-0.1433208509984712,0.24997090561120916,33.270129877036275,114.62978982517535,TRACK
6.652,165.95492945884584,-529.6795771660234,-0.3338832942373975,0.12647188855179822,0.743884910736855,0.09458537014009125,0.7498740912089955,165.95492945884584,-531.0,1.320422833976636,168.5,-531.0,-0.4785867006354651,-0.1447034063980676,0.2501259087910045,33.270129877036275,114.62978982517535,TRACK
6.7,165.99074921576778,-529.6760109043449,-0.34093313441029305,0.11693845739781618,0.7447109195347572,0.08748448199627314,0.7498319066727288,165.99074921576778,-531.0,1.3239890956550653,168.5,-531.0,-0.4855168237425936,-0.14458368933230054,0.2501680933272712,33.12297416283003,115.53362581228542,TRACK
6.752,166.02958417272612,-529.6724863277688,-0.3477479585656835,0.10768815050295015,0.7454512310710346,0.08058802486803941,0.7497946169835129,166.02958417272612,-531.0,1.3275136722312482,168.5,-531.0,-0.4930904936740793,-0.1453425351083958,0.2502053830164871,33.12297416283003,115.53362581228542,TRACK
6.8,166.06544445196303,-529.6695516423613,-0.3517375563129757,0.0985782845462293,0.7460245029653372,0.07378096392700903,0.7496640512007209,166.06544445196303,-531.0,1.3304483576387156,168.5,-531.0,-0.5001406346869466,-0.14840307837397088,0.2503359487992791,33.11353227078891,115.51213961204596,TRACK
6.852,166.10429774524718,-529.6666985193391,-0.35939908537377185,0.08973528458836534,0.7464284778784664,0.06716133920192183,0.749443872529064,166.10429774524718,-531.0,1.3333014806609071,168.5,-531.0,-0.5078496088848696,-0.14845052351109778,0.25055612747093603,33.11353227078891,115.51213961204596,TRACK
6.9,166.14015667271195,-529.6643611037397,-0.36417074580388875,0.08111611936811743,0.746649856718304,0.06069852589363827,0.7491130219019855,166.14015667271195,-531.0,1.3356388962603205,168.5,-531.0,-0.515033830200407,-0.1508630843965183,0.2508869780980145,31.948506676875652,117.13857943155811,TRACK
6.952,166.17899902605467,-529.6621275706466,-0.36985456107654335,0.0728359230482159,0.7467613235967174,0.054487437649740296,0.7487465227175053,166.17899902605467,-531.0,1.3378724293534106,168.5,-531.0,-0.5229011315632071,-0.1530465704866637,0.2512534772824947,31.948506676875652,117.13857943155811,TRACK
7.0,166.214855056978,-529.6603181751142,-0.3764497606576939,0.06499590645249541,0.746845085820458,0.048610343562782696,0.7484253788558076,166.214855056978,-531.0,1.3396818248858153,168.5,-531.0,-0.5302529330339666,-0.15380317237627267,0.2515746211441924,30.946438673272446,118.83137356811523,TRACK
7.052,166.25370499495654,-529.6586252405103,-0.3820741545303821,0.05749342312041818,0.7469392729465503,0.042991475457122647,0.7481754770318936,166.25370499495654,-531.0,1.3413747594896677,169.0,-531.0,-0.45434939677934744,-0.07227524224896531,0.2518245229681064,30.946438673272446,118.83137356811523,TRACK
7.1,166.2895808160132,-529.6572958302075,-0.38764319337632275,0.05033600313351977,0.7471050559534282,0.03763807583828811,0.7480525311660832,166.2895808160132,-531.0,1.342704169792455,169.0,-531.0,-0.45994973466048605,-0.0723065412841633,0.25194746883391683,74.4356338101017,75.72401658948883,TRACK
7.152,166.32840436793825,-529.6562558630872,-0.3949321443194333,0.04210020842799686,0.7469306550960191,0.03146452798982903,0.7475930845344886,166.32840436793825,-531.0,1.3437441369128464,169.0,-531.0,-0.46602427497518545,-0.07109213065575215,0.2524069154655114,74.4356338101017,75.72401658948883,TRACK
7.2,166.36419869746544,-529.6556769214613,-0.39816390966233856,0.033039839934691895,0.7465052452815226,0.024673392548209435,0.7469128848350819,166.36419869746544,-531.0,1.3443230785386504,169.0,-531.0,-0.4716349615301325,-0.07347105186779396,0.2530871151649181,48.516932175716505,102.10086708097131,TRACK
7.252,166.40296020866717,-529.6553543086108,-0.40307292176271714,0.02440015809566355,0.7461231963676853,0.018209137804576774,0.74634536031084,166.40296020866717,-531.0,1.3446456913892462,169.0,-531.0,-0.4777551708612766,-0.07468224909855947,0.25365463968916,48.516932175716505,102.10086708097131,TRACK
7.3,166.43874080058302,-529.6553376145707,-0.40882651360153366,0.016030244868403723,0.7458802270254179,0.01195766694817679,0.7459760712424578,166.43874080058302,-531.0,1.3446623854292739,169.0,-531.0,-0.48344740121600555,-0.07462088761447189,0.2540239287575422,46.84634160700069,104.92788838965606,TRACK
7.352,166.4775026708863,-529.6556292945019,-0.41356763274657143,0.007789975798723848,0.745719351530975,0.00580925321057918,0.7457419786163593,166.4775026708863,-531.0,1.344370705498136,169.0,-531.0,-0.48966061231442465,-0.07609297956785321,0.25425802138364073,46.84634160700069,104.92788838965606,TRACK
7.4,166.51328238956842,-529.6561813030412,-0.4188447087676766,-0.0003340180729344282,0.7456113605521666,-0.0002490476790715751,0.7456114021453799,166.51328238956842,-531.0,1.343818696958806,169.0,-531.0,-0.4954418158142557,-0.07659710704657913,0.2543885978546201,47.37529592337704,104.53729975169686,TRACK
7.452,166.5520338063784,-529.6570938333753,-0.42380859118691405,-0.008456042601121781,0.7454742282722839,-0.006303912086047789,0.74550088150568,166.5520338063784,-531.0,1.3429061666247435,169.0,-531.0,-0.5017526199806694,-0.0779440287937554,0.25449911849432005,47.37529592337704,104.53729975169686,TRACK
7.5,166.58779886913007,-529.6582059159068,-0.4281697177621582,-0.016375482750210297,0.7453451642745401,-0.012206477981910673,0.7454451099927909,166.58779886913007,-531.0,1.3417940840931806,169.0,-531.0,-0.5076312894287655,-0.07946157166660728,0.2545548900072091,46.92631593543564,105.06832036549017,TRACK
7.552,166.6265423010721,-529.6596801833215,-0.4343682881930562,-0.02395680510113154,0.7452474563883235,-0.017857164440792272,0.7454613669232844,166.6265423010721,-531.0,1.340319816678516,169.0,-531.0,-0.5140681317064256,-0.07969984351336945,0.25453863307671565,46.92631593543564,105.06832036549017,TRACK
7.596,166.66230338760474,-529.6612772298222,-0.43688206720111333,-0.031193933671145795,0.745168769286176,-0.0232522876208281,0.7455314638558697,166.66230338760474,-531.0,1.3387227701778102,169.0,-531.0,-0.52007954363654,-0.08319747643542663,0.25446853614413034,46.65772811422458,105.38946415719174,TRACK
7.652,166.7010499027578,-529.66323301135,-0.4429671343695607,-0.03793089098456233,0.7451535520277989,-0.02827790108323318,0.7456899193292871,166.7010499027578,-531.0,1.3367669886499698,169.0,-531.0,-0.5266819161810741,-0.08371478181151337,0.2543100806707129,46.65772811422458,105.38946415719174,TRACK
7.7,166.73681645095593,-529.6652438668951,-0.44731423261079195,-0.04431537129525804,0.7451475560960692,-0.0330431240538534,0.7458798350962325,166.73681645095593,-531.0,1.334756133104861,169.0,-531.0,-0.5328629486097985,-0.0855487159990066,0.25412016490376754,45.09847416307679,106.81991925220714,TRACK
7.752,166.775561236252,-529.6676358775842,-0.4509135647234186,-0.050389043012321125,0.7451281201860179,-0.037578102580533394,0.7460750828740375,166.775561236252,-531.0,1.332364122415811,169.5,-531.0,-0.4548425878993614,-0.003929023175942792,0.25392491712596255,45.09847416307679,106.81991925220714,TRACK
7.8,166.8113196975467,-529.6700362352933,-0.4561978296048719,-0.056214964619959035,0.7450720583948025,-0.041928374973018656,0.7462508699013664,166.8113196975467,-531.0,1.3299637647066902,169.5,-531.0,-0.4593608628509119,-0.0031630332460400035,0.25374913009863365,87.61512736164714,64.14455455874999,TRACK
7.852,166.84997961781536,-529.6729766441462,-0.460366886745045,-0.06310503433465513,0.7445078397648908,-0.04704465716511223,0.7459927099102023,166.84997961781536,-531.0,1.3270233558538393,169.5,-531.0,-0.4642551674844108,-0.0038882807393658125,0.2540072900897977,87.61512736164714,64.14455455874999,TRACK
7.9,166.8855717526102,-529.6760348533453,-0.4638896024810153,-0.0710056361077723,0.7434560787261137,-0.05287846923437907,0.7453342025584098,166.8855717526102,-531.0,1.3239651466547002,169.5,-531.0,-0.4687601781894783,-0.004870575708462999,0.25466579744159024,61.41051746921204,90.7641402107769,TRACK
7.948,166.9240602556796,-529.6796496708919,-0.46751480267913026,-0.07891594697205864,0.7423036833698755,-0.058701507719691015,0.7446211287312826,166.9240602556796,-531.0,1.3203503291081233,169.5,-531.0,-0.47365324146062016,-0.006138438781489897,0.2553788712687174,61.41051746921204,90.7641402107769,TRACK
8.0,166.95954066955585,-529.6832283846823,-0.4706669539414907,-0.08646762704229963,0.7412087453714626,-0.06425076807261927,0.7439882831154394,166.95954066955585,-531.0,1.316771615317748,169.5,-531.0,-0.478196192733504,-0.007529238792013282,0.2560117168845606,61.004059484408174,92.71227891256422,TRACK
8.052,166.9979406453949,-529.6873501784372,-0.4756343676416823,-0.09362097669088858,0.7402470603311561,-0.06950584182867639,0.7435030412696583,166.9979406453949,-531.0,1.3126498215627862,169.5,-531.0,-0.4831551554186209,-0.007520787776938598,0.25649695873034173,61.004059484408174,92.71227891256422,TRACK
8.1,167.0333568188531,-529.6913816628036,-0.47843757904093964,-0.10051845602660564,0.7394035206813085,-0.07457503735994844,0.7431547635541011,167.0333568188531,-531.0,1.3086183371964353,169.5,-531.0,-0.4877691379004332,-0.00933155885949355,0.25684523644589885,61.34503144798878,92.99221239850084,TRACK
8.152,167.07169886860805,-529.6959870732154,-0.48184874810842127,-0.10717335888665035,0.738683777178156,-0.07947172897905137,0.7429464841919016,167.07169886860805,-531.0,1.3040129267845941,169.5,-531.0,-0.4928125148266742,-0.010963766718252943,0.25705351580809843,61.34503144798878,92.99221239850084,TRACK
8.2,167.1070780474889,-529.7004428793452,-0.4859537559156637,-0.11351192880485965,0.7381176345052965,-0.08414687686646896,0.7428986063078025,167.1070780474889,-531.0,1.2995571206547538,169.5,-531.0,-0.4975177573876571,-0.01156400147199338,0.25710139369219753,60.100280800261494,94.39298638016862,TRACK
8.252,167.14539152336027,-529.7054914554709,-0.489205250764754,-0.11963953172627485,0.7376556269473167,-0.08867627080898946,0.7429665571017501,167.14539152336027,-531.0,1.2945085445290943,169.5,-531.0,-0.5026716464440192,-0.013466395679265164,0.2570334428982499,60.100280800261494,94.39298638016862,TRACK
8.3,167.18075003254629,-529.7103455897122,-0.49180455562221675,-0.12551929477340615,0.7372986203304202,-0.0930343048688547,0.7431450984993254,167.18075003254629,-531.0,1.289654410287767,169.5,-531.0,-0.5074879356574583,-0.015683380035241556,0.2568549015006746,59.86206048736394,94.46219610492341,TRACK
8.352,167.2190437657427,-529.7158133851829,-0.4963922404902599,-0.13123064070536972,0.7369903843444678,-0.09727476767855876,0.7433822751741691,167.2190437657427,-531.0,1.2841866148171448,169.5,-531.0,-0.5127719491415472,-0.01637970865128735,0.2566177248258309,59.86206048736394,94.46219610492341,TRACK
8.396,167.25437257074537,-529.7210621319011,-0.4974270728293635,-0.13692478531625682,0.7366496196350951,-0.10150071047852163,0.7436094783797306,167.25437257074537,-531.0,1.2789378680988648,170.0,-531.0,-0.43592261039892605,0.061504462430437445,0.25639052162026943,59.03676472779084,94.99222809023645,TRACK
8.452,167.29262496613407,-529.7269543517625,-0.5004171297853741,-0.14249635848101927,0.7362902986482673,-0.10563463395494321,0.7438293351127996,167.29262496613407,-531.0,1.2730456482374848,170.0,-531.0,-0.43953615460386924,0.06088097518150487,0.2561706648872004,59.03676472779084,94.99222809023645,TRACK
8.5,167.3279069740365,-529.7325894113044,-0.5048797142493626,-0.14805716966611024,0.7358533350765492,-0.10975148789687392,0.7439929568476155,167.3279069740365,-531.0,1.2674105886956113,170.0,-531.0,-0.44288830736324947,0.061991406886113154,0.25600704315238454,99.9544442077455,53.94642945286561,TRACK
8.552,167.3660498046978,-529.7389832707547,-0.5072186149455313,-0.15436558822629073,0.7350352587893758,-0.1143740595870924,0.7438805395827992,167.3660498046978,-531.0,1.2610167292452843,170.0,-531.0,-0.4465075879379334,0.06071102700759795,0.2561194604172008,99.9544442077455,53.94642945286561,TRACK
8.6,167.4011507479087,-529.7452028453739,-0.5107396019336208,-0.16170948691289247,0.7337172957925179,-0.11969420366323764,0.7434162848200608,167.4011507479087,-531.0,1.2547971546260897,170.0,-531.0,-0.4498158676889466,0.06092373424467418,0.25658371517993916,74.47958523576915,79.7275201293385,TRACK
8.652,167.4390790565304,-529.7522433857279,-0.5130480789635579,-0.16933906186919215,0.7322029349112062,-0.12518948476349623,0.7428280722939419,167.4390790565304,-531.0,1.2477566142721344,170.0,-531.0,-0.45337923556335485,0.05966884340020301,0.2571719277060581,74.47958523576915,79.7275201293385,TRACK
8.7,167.4740417954796,-529.7589431692517,-0.5146365459633766,-0.17632896184406152,0.730868545863461,-0.13022575329064642,0.7423796725077312,167.4740417954796,-531.0,1.2410568307483345,170.0,-531.0,-0.45668049950627704,0.057956046457099564,0.2576203274922688,74.68890033409498,80.79115594751484,TRACK
8.752,167.511874831457,-529.7664102312772,-0.5167483597596916,-0.18281179678717607,0.7297099892745103,-0.13490581096448007,0.7420756337995406,167.511874831457,-531.0,1.2335897687228226,170.0,-531.0,-0.46027464748996044,0.056473712269731136,0.25792436620045944,74.68890033409498,80.79115594751484,TRACK
8.8,167.5467579511088,-529.7735010063766,-0.5181216380760314,-0.1890140201227849,0.7286675738227694,-0.13939234556013766,0.7418804884491288,167.5467579511088,-531.0,1.2264989936234088,170.0,-531.0,-0.4636078140689388,0.05451382400709259,0.2581195115508712,74.68890033409498,80.79115594751484,TRACK
8.852,167.58451183999938,-529.7813881982353,-0.5213768015445912,-0.19494021616097898,0.7277466366714771,-0.14369189289370438,0.7417968234429309,167.58451183999938,-531.0,1.2186118017647232,170.0,-531.0,-0.4672404734348798,0.05413632810971142,0.25820317655706915,73.6326247515265,82.24424945643803,TRACK
8.9,167.61932387969347,-529.7888700333285,-0.5232511899511101,-0.20080635940554994,0.7268731032725221,-0.14795477793581652,0.7417783527274595,167.61932387969347,-531.0,1.2111299666714785,170.0,-531.0,-0.4706100644180087,0.05264112553310141,0.2582216472725405,73.55682494949875,82.36835307422996,TRACK
8.948,167.6569933512471,-529.797200267222,-0.5247699965682249,-0.2066979391125255,0.7260120371997293,-0.15223948763378037,0.7418020893431732,167.6569933512471,-531.0,1.2027997327779758,170.0,-531.0,-0.4742763145547936,0.050493682013431296,0.25819791065682685,73.55682494949875,82.36835307422996,TRACK
9.0,167.69172789935996,-529.8050937535548,-0.5275483724158677,-0.21256489361543757,0.7251805708360317,-0.15651233813875956,0.7418780036554085,167.69172789935996,-531.0,1.1949062464451572,170.0,-531.0,-0.477677676485785,0.0498706959300827,0.25812199634459154,72.48822251176374,83.42496866330329,TRACK
9.052,167.729312510632,-529.8138740344538,-0.529273657309385,-0.21849325500374994,0.724340716143775,-0.16083106430214317,0.7419812021259279,167.729312510632,-531.0,1.186125965546239,170.0,-531.0,-0.4813785180026775,0.047895139306707524,0.2580187978740721,72.48822251176374,83.42496866330329,TRACK
9.096,167.76397225805223,-529.8221780904923,-0.5302109577145822,-0.22432763174835346,0.7235487904325669,-0.1650906004110573,0.7421440281242678,167.76397225805223,-531.0,1.1778219095076565,170.5,-531.0,-0.40650823072168973,0.12370272699289242,0.25785597187573217,72.3696985233538,83.49159285888467,TRACK
9.152,167.8014868097212,-529.8313834457549,-0.531841164424474,-0.23003567329043523,0.7228085038608232,-0.16926801222676466,0.742363652946938,167.8014868097212,-531.0,1.1686165542450908,170.5,-531.0,-0.40867719511827555,0.1231639693061985,0.25763634705306204,72.3696985233538,83.49159285888467,TRACK
9.2,167.83608269401734,-529.8400748672047,-0.5347309443625474,-0.23567360650929498,0.7220871838354377,-0.17339915601914152,0.7426150876245,167.83608269401734,-531.0,1.1599251327952516,170.5,-531.0,-0.41066398579838825,0.12406695856415917,0.2573849123755,112.18546566092758,43.49686498167563,TRACK
9.252,167.8735001949357,-529.849739245414,-0.534107404091436,-0.2416570860882686,0.7212052333666447,-0.17775815089749905,0.742788629992365,167.8735001949357,-531.0,1.1502607545860428,170.5,-531.0,-0.41278334485198004,0.12132405923945594,0.25721137000763505,112.18546566092758,43.49686498167563,TRACK
9.3,167.90792090965874,-529.8589878699232,-0.536420364543758,-0.2489481899592897,0.7197677798771569,-0.182980685130125,0.7426624994437119,167.90792090965874,-531.0,1.1410121300767742,170.5,-531.0,-0.4146676083671463,0.12175275617661169,0.2573375005562881,86.34957353028057,69.21166758402435,TRACK
9.352,167.94509417011662,-529.8693337354781,-0.5371854071598179,-0.25681774817554853,0.7180536946174011,-0.18857307887705704,0.7424021244789596,167.94509417011662,-531.0,1.1306662645218921,170.5,-531.0,-0.4166388663533781,0.12054654080643978,0.2575978755210404,86.34957353028057,69.21166758402435,TRACK
9.4,167.97934796985618,-529.8791005094135,-0.5390222311478987,-0.2641449232770785,0.7165021912689322,-0.19378856121599808,0.7422461832514521,167.97934796985618,-531.0,1.1208994905864529,170.5,-531.0,-0.4184262950717048,0.1205959360761939,0.2577538167485479,87.04852581408963,69.27126942381125,TRACK
9.452,168.01639035836797,-529.8899181394886,-0.5397678511245174,-0.27113961877683795,0.7150501931541836,-0.19877353644940904,0.7421641984914389,168.01639035836797,-531.0,1.1100818605114,170.5,-531.0,-0.42032556817115446,0.11944228295336295,0.2578358015085611,87.04852581408963,69.27126942381125,TRACK
9.5,168.05053011647547,-529.9001100246282,-0.5395198384370783,-0.27778026344125634,0.7137183617507402,-0.20351862783537983,0.7421682637893892,168.05053011647547,-531.0,1.0998899753717524,170.5,-531.0,-0.42204851406484784,0.11747132437223046,0.25783173621061084,86.94138002125564,69.56875896702402,TRACK
9.552,168.0874577000667,-529.911372094048,-0.5400856113056443,-0.28416445651082944,0.7124679785404384,-0.20808949841847885,0.7422343698573604,168.0874577000667,-531.0,1.0886279059519666,170.5,-531.0,-0.4238819871774587,0.11620362412818558,0.25776563014263965,86.94138002125564,69.56875896702402,TRACK
9.596,168.12148651161775,-529.921979864461,-0.53963724987713,-0.2904725773767871,0.711230936944381,-0.21260649990015792,0.7423280740121432,168.12148651161775,-531.0,1.0780201355389636,170.5,-531.0,-0.4255390032183117,0.11409824665881835,0.2576719259878568,85.71031132197552,70.73971786578264,TRACK
9.648,168.1582918203436,-529.9336941123764,-0.5400465195710891,-0.29665797425086815,0.7100281485148315,-0.2170401243656308,0.7424596873016394,168.1582918203436,-531.0,1.066305887623571,170.5,-531.0,-0.4272972791842607,0.11274924038682838,0.25754031269836064,85.71031132197552,70.73971786578264,TRACK
9.696,168.19220665828624,-529.9447208837224,-0.5414223163576861,-0.30285305720261935,0.7088139898663316,-0.22147962190221532,0.742610594556916,168.19220665828624,-531.0,1.0552791162775748,170.5,-531.0,-0.42888120057480766,0.11254111578287845,0.257389405443084,85.0675858484501,71.31434057800796,TRACK
9.752,168.2288833659482,-529.9568991385869,-0.5417237536313113,-0.3090637280116783,0.7075915488302018,-0.22593077736265121,0.7427856461561544,168.2288833659482,-531.0,1.0431008614131088,170.5,-531.0,-0.4305524726470069,0.1111712809843044,0.2572143538438456,85.0675858484501,71.31434057800796,TRACK
9.8,168.26268516046616,-529.9683465107989,-0.5430120134719965,-0.3151835671281495,0.7064059250997257,-0.23032542766522895,0.7430068193799905,168.26268516046616,-531.0,1.0316534892010623,171.0,-531.0,-0.36042243540332464,0.18258957806867182,0.25699318062000953,85.45139357307224,70.834490744714,TRACK
9.848,168.29924156199345,-529.9809780309556,-0.5432231529030274,-0.32131554907219506,0.7052165539023681,-0.23473137519078224,0.743255814909569,168.29924156199345,-531.0,1.0190219690443882,171.0,-531.0,-0.36079394806791515,0.1824292048351122,0.25674418509043095,85.45139357307224,70.834490744714,TRACK
9.9,168.33293535316383,-529.9928388806469,-0.5423623911436724,-0.3273251574006529,0.7040746539872158,-0.23906075620631978,0.7435530670672774,168.33293535316383,-531.0,1.0071611193530998,171.0,-531.0,-0.3610736062227226,0.18128878492094974,0.2564469329327226,122.9003619430858,33.18778261948522,TRACK
9.952,168.3693625999464,-530.0059353419244,-0.5423728987598846,-0.33356289865286687,0.7028319168975186,-0.24353875013294551,0.7438305090718972,168.3693625999464,-531.0,0.9940646580755583,171.0,-531.0,-0.36129300749250703,0.18107989126737756,0.2561694909281028,122.9003619430858,33.18778261948522,TRACK
10.0,168.40284974399992,-530.0183632600526,-0.5430452181036189,-0.3411970570457323,0.7010178380402278,-0.24892042393784605,0.7439001187686368,168.40284974399992,-531.0,0.981636739947362,171.0,-531.0,-0.3613692168137842,0.18167600128983474,0.2560998812313632,98.64548944663558,57.207197519390874,TRACK
10.052,168.43899452815526,-530.0321609815348,-0.5404905073088293,-0.349410475888204,0.6989437957717073,-0.2546675547667552,0.7438938049874056,168.43899452815526,-531.0,0.9678390184651562,171.0,-531.0,-0.3613226847780869,0.17916782253074243,0.25610619501259435,98.64548944663558,57.207197519390874,TRACK
10.1,168.472276721728,-530.0451335953497,-0.5407835917943813,-0.35720038347103245,0.6969961287195433,-0.2601258863320026,0.7439550256500994,168.472276721728,-531.0,0.9548664046502608,171.0,-531.0,-0.36118600263589606,0.17959758915848523,0.2560449743499006,98.44947970580083,57.76133394626468,TRACK
10.152,168.50825188498274,-530.0594265882655,-0.5401914466913227,-0.3645455345073261,0.6951880055745613,-0.26528466304896703,0.7440848846359803,168.50825188498274,-531.0,0.9405734117344764,171.0,-531.0,-0.3609390439224931,0.1792524027688296,0.2559151153640197,98.44947970580083,57.76133394626468,TRACK
10.2,168.5413969784915,-530.0728186398374,-0.5404264340455454,-0.37135398622853366,0.6935551771247688,-0.2700854070264027,0.7442881906930856,168.5413969784915,-531.0,0.9271813601626491,171.0,-531.0,-0.36062550706220514,0.17980092698334021,0.2557118093069144,99.27549031102548,56.8990829011873,TRACK
10.248,168.57723311882796,-530.0875415411255,-0.5395562082432114,-0.37781981406834875,0.692015655857341,-0.2746519655448214,0.7445262722895006,168.57723311882796,-531.0,0.9124584588745392,171.0,-531.0,-0.3601887399226828,0.17936746832052858,0.25547372771049937,99.27549031102548,56.8990829011873,TRACK
10.3,168.6102497481111,-530.1013219633296,-0.5374062922691034,-0.38397631215721656,0.690556431496829,-0.27900602284272424,0.7447902697163473,168.6102497481111,-531.0,0.8986780366703897,171.0,-531.0,-0.3596954662060693,0.17771082606303412,0.2552097302836527,99.35583552533228,56.58240469534894,TRACK
10.352,168.6459451245987,-530.1164589736496,-0.5363615074447559,-0.38996508817906117,0.6891190222164666,-0.2832376381555844,0.7450560961756724,168.6459451245987,-531.0,0.8835410263503718,171.0,-531.0,-0.35905757464232285,0.177303932802433,0.25494390382432763,99.35583552533228,56.58240469534894,TRACK
10.4,168.67881762523572,-530.130636808214,-0.5340138811967146,-0.39599875882883506,0.6876226815855828,-0.28748450849993096,0.7453001374335004,168.67881762523572,-531.0,0.8693631917859648,171.0,-531.0,-0.3583626159815926,0.17565126521512198,0.25469986256649957,98.30725850901631,57.414427803220676,TRACK
10.452,168.71434763625507,-530.146212155502,-0.532812644933387,-0.40200261538625404,0.686099047968542,-0.2916989988092322,0.7455335066445024,168.71434763625507,-531.0,0.8537878444980151,171.0,-531.0,-0.3574920760070711,0.17532056892631587,0.25446649335549765,98.30725850901631,57.414427803220676,TRACK
10.5,168.74706471632177,-530.160793665323,-0.5325970235627269,-0.4080462502671413,0.6845264233325976,-0.29592785833766183,0.7457544646737516,168.74706471632177,-531.0,0.8392063346769874,171.0,-531.0,-0.35657238984338796,0.1760246337193389,0.2542455353262484,98.01025234193756,57.47523539811647,TRACK
10.552,168.78242396664908,-530.1768043970706,-0.5297832110573992,-0.41404712803274757,0.6829371292922713,-0.3001176485279381,0.7459716653626379,168.78242396664908,-531.0,0.8231956029294452,171.5,-531.0,-0.2941293130433142,0.23565389801408504,0.2540283346373621,98.01025234193756,57.47523539811647,TRACK
10.6,168.81499487577855,-530.1917620280353,-0.5309743176228152,-0.4198110807156482,0.6814053464424015,-0.3041425306612944,0.746200995119509,168.81499487577855,-531.0,0.8082379719646724,171.5,-531.0,-0.2923915360160075,0.23858278160680774,0.253799004880491,129.9810396521264,25.28318294586454,TRACK
10.652,168.85019191740906,-530.2081792638689,-0.5294832040873851,-0.42563433764475905,0.6798166400083081,-0.30819327073301694,0.7464139308435369,168.85019191740906,-531.0,0.7918207361310579,171.5,-531.0,-0.29037563605328554,0.2391075680340996,0.2535860691564631,129.9810396521264,25.28318294586454,TRACK
10.7,168.88255281304245,-530.223608301474,-0.5260674968878494,-0.43238001305354434,0.6778456799988579,-0.3128290251798136,0.7465499078347452,168.88255281304245,-531.0,0.7763916985260266,171.5,-531.0,-0.28835458471281694,0.23771291217503243,0.2534500921652548,111.8786607362004,43.140062369236034,TRACK
10.752,168.91748170469407,-530.2405985844425,-0.5244148673383773,-0.439504496283632,0.6756980011928292,-0.31769654019365307,0.7466584764582814,168.91748170469407,-531.0,0.7594014155574769,171.5,-531.0,-0.28599342447197446,0.23842144286640282,0.25334152354171857,111.8786607362004,43.140062369236034,TRACK
10.8,168.94963834273864,-530.2564745323418,-0.5209465237752342,-0.44619068686794466,0.6736791865169863,-0.32226487122496134,0.7467920015451621,168.94963834273864,-531.0,0.7435254676581735,171.5,-531.0,-0.28367485041418417,0.23727167336105004,0.2532079984548379,110.58439762724046,44.39993433046187,TRACK
10.852,168.98439580532641,-530.2738543332632,-0.5187479843195391,-0.4523119626524767,0.6718359309614643,-0.3264515955748102,0.746949906208038,168.98439580532641,-531.0,0.7261456667367838,171.5,-531.0,-0.28101776062149425,0.2377302236980448,0.25305009379196197,110.58439762724046,44.39993433046187,TRACK
10.896,169.01640964751365,-530.2900552675985,-0.5174961407219887,-0.4579748390124559,0.6701276210735767,-0.3303253499852037,0.7471183744016596,169.01640964751365,-531.0,0.7099447324014818,171.5,-531.0,-0.2784290085923059,0.23906713212968278,0.2528816255983404,110.58349331837726,44.216678009497805,TRACK
10.952,169.05101782985105,-530.3077673572825,-0.5132818133052433,-0.4632480148270241,0.6685226425072066,-0.33392746574795723,0.7472817915121922,169.05101782985105,-531.0,0.6922326427174994,171.5,-531.0,-0.2754748767791355,0.23780693652610774,0.2527182084878078,110.58349331837726,44.216678009497805,TRACK
11.0,169.0828997567994,-530.3242536139195,-0.5108059298050454,-0.46814600966122705,0.6670121016281303,-0.33726514071425895,0.7474308789843942,169.0828997567994,-531.0,0.6757463860805046,171.5,-531.0,-0.2726090260462107,0.23819690375883468,0.2525691210156058,110.9720247013682,43.62497768756914,TRACK
11.052,169.1173613829959,-530.3422693593506,-0.5111998129450921,-0.4728924386061082,0.6655111193039794,-0.34048216648100205,0.7475514401088612,169.1173613829959,-531.0,0.6577306406494472,171.5,-531.0,-0.26934339286988235,0.24185642007520974,0.2524485598911388,110.9720247013682,43.62497768756914,TRACK
11.1,169.14910242428562,-530.3590357779784,-0.507118351249987,-0.4774714754702105,0.6640273202850269,-0.3435685440408488,0.7476440506947556,169.14910242428562,-531.0,0.6409642220215801,171.5,-531.0,-0.2661769563793154,0.24094139487067168,0.2523559493052444,113.20780865648189,41.27232350220359,TRACK
11.152,169.1834112013636,-530.37734612164,-0.5044346629935625,-0.48194027356609725,0.6625422192871651,-0.3465622513488372,0.7477082227700432,169.1834112013636,-531.0,0.6226538783599835,171.5,-531.0,-0.2625748400660346,0.24185982292752795,0.25229177722995677,113.20780865648189,41.27232350220359,TRACK
11.2,169.21500273222992,-530.3943919680789,-0.5022572323403995,-0.4864418490951398,0.6610073551034858,-0.3495580936605247,0.7477443308675005,169.21500273222992,-531.0,0.605608031921065,171.5,-531.0,-0.2590799797349495,0.24317725260545003,0.2522556691324995,112.07863266203321,42.37240829014925,TRACK
11.252,169.24915272394034,-530.4129927390923,-0.49730072611491766,-0.49074948823298925,0.6595104942527894,-0.35241025808441223,0.747761380410008,169.24915272394034,-531.0,0.5870072609077397,171.5,-531.0,-0.2551115541760937,0.24218917193882394,0.25223861958999205,112.07863266203321,42.37240829014925,TRACK
11.3,169.28061144972366,-530.4302774360883,-0.49495374499734357,-0.49483202473397087,0.6580683634343828,-0.355100916684453,0.7477637541251553,169.28061144972366,-531.0,0.5697225639116823,172.0,-531.0,-0.20651702086567045,0.2884367241316731,0.2522362458748447,112.48499485129267,41.98930571585394,TRACK
11.352,169.31463024518925,-530.4491100158476,-0.492474903521511,-0.4986000512423816,0.6567170980199393,-0.35757334422483417,0.7477539992082037,169.31463024518925,-531.0,0.5508899841523771,172.0,-531.0,-0.20233767564763777,0.29013722787387325,0.25224600079179627,112.48499485129267,41.98930571585394,TRACK
11.4,169.34598583210624,-530.4665721185971,-0.48735191550453916,-0.5019352455550196,0.6555006016493273,-0.359750506294616,0.7477308777507203,169.34598583210624,-531.0,0.5334278814028721,172.0,-531.0,-0.19834642277458733,0.2890054927299518,0.25226912224927966,137.46254788569928,17.046496213818372,TRACK
11.452,169.37989717236823,-530.4855857197483,-0.48736915565509253,-0.5051112270786711,0.6543247966816421,-0.36181399068602776,0.7476966653721423,169.37989717236823,-531.0,0.5144142802516853,172.0,-531.0,-0.19386772440067734,0.2935014312544152,0.2523033346278577,137.46254788569928,17.046496213818372,TRACK
11.496,169.41110912104207,-530.5032975304966,-0.4823756683034559,-0.5089767470060998,0.6528982435898352,-0.36432771398577923,0.7476702479441023,169.41110912104207,-531.0,0.4967024695033615,172.0,-531.0,-0.18955573076829388,0.292819937535162,0.2523297520558977,123.61899535162462,30.946920601242944,TRACK
11.552,169.4448278579049,-530.5226530805336,-0.47882599122247793,-0.5132215074096568,0.6513368949100916,-0.3670907547240643,0.7476599313023287,169.4448278579049,-531.0,0.47734691946641306,172.0,-531.0,-0.18468705324008156,0.2941389379823964,0.25234006869767134,123.61899535162462,30.946920601242944,TRACK
11.6,169.47589139007042,-530.5406257435523,-0.47350807865878153,-0.5171755648867915,0.6498739037317975,-0.36965965841509474,0.7476525622313951,169.47589139007042,-531.0,0.4593742564477452,172.0,-531.0,-0.18002431316288678,0.2934837654958947,0.2523474377686049,123.1129327679543,31.462761292233857,TRACK
11.652,169.509489721927,-530.5601851245555,-0.46975269855312796,-0.5206818026713705,0.6485606556911185,-0.37192845779907757,0.7476374133437236,169.509489721927,-531.0,0.4398148754445401,172.0,-531.0,-0.17479410183847174,0.2949585967146562,0.2523625866562764,123.1129327679543,31.462761292233857,TRACK
11.7,169.54045839512685,-530.5783118443021,-0.4663248137400906,-0.5237885489665334,0.6473776682814744,-0.3739274957220333,0.7476092678976832,169.54045839512685,-531.0,0.4216881556978933,172.0,-531.0,-0.16979899099300694,0.29652582274708367,0.2523907321023168,123.60290902321995,30.97797397588809,TRACK
11.752,169.57396658616906,-530.5980096168976,-0.4630590988504468,-0.5264653381346772,0.6463313856286379,-0.37563403391955597,0.7475594875909964,169.57396658616906,-531.0,0.4019903831024294,172.0,-531.0,-0.16420664430552742,0.2988524545449194,0.25244051240900356,123.60290902321995,30.97797397588809,TRACK
11.8,169.60486761776895,-530.6162287117361,-0.45665800450604443,-0.5286588216838091,0.6454354227410866,-0.37700968857854356,0.747477886101693,169.60486761776895,-531.0,0.38377128826391527,172.0,-531.0,-0.15887919830830088,0.29777880619774355,0.25252211389830703,125.65905550462352,28.99279758572134,TRACK
11.848,169.63831005526265,-530.6360070072865,-0.45607040667262444,-0.5305563247733549,0.6446263540662565,-0.3781794407037153,0.7473706080170196,169.63831005526265,-531.0,0.3639929927135199,172.0,-531.0,-0.15292069421552307,0.3031497124571014,0.2526293919829804,125.65905550462352,28.99279758572134,TRACK
11.9,169.66915107419277,-530.654296309721,-0.450158815376629,-0.5322057285670396,0.643889559841847,-0.37917613337551365,0.7472404602234363,169.66915107419277,-531.0,0.3457036902790378,172.0,-531.0,-0.14724322848025248,0.30291558689637654,0.25275953977656374,126.95396663336459,27.85807499145485,TRACK
11.952,169.70253122101582,-530.6741441628944,-0.446283711483241,-0.5336871404055396,0.64320227905234,-0.3800558061309264,0.7470954340323279,169.70253122101582,-531.0,0.3258558371055642,172.0,-531.0,-0.14089280205467888,0.30539090942856206,0.2529045659676721,126.95396663336459,27.85807499145485,TRACK
12.0,169.73331024905386,-530.6925075701307,-0.43980989168531215,-0.5351719800765996,0.6425118941613974,-0.38093611841630504,0.7469497040985744,169.73331024905386,-531.0,0.30749242986928493,172.0,-531.0,-0.13483395474901963,0.30497593693629255,0.2530502959014256,127.07140489319075,27.935823433178754,TRACK
12.052,169.7666254942058,-530.7124337016161,-0.43574605878288386,-0.5365209300375279,0.6418699581892147,-0.38172666966054214,0.7468013749022915,169.7666254942058,-531.0,0.287566298383922,172.5,-531.0,-0.10482000890562752,0.3309260498772563,0.2531986250977085,127.07140489319075,27.935823433178754,TRACK
12.1,169.79735256088378,-530.7308573826524,-0.4312692153721214,-0.5377797819549374,0.6412670006831774,-0.38246167616921856,0.7466594269835254,169.79735256088378,-531.0,0.2691426173475975,172.5,-531.0,-0.09925755114091231,0.3320116642312091,0.2533405730164746,139.92973267827776,15.24891361306154,TRACK
12.152,169.83061899749225,-530.7508387407801,-0.42746460600945024,-0.5388695631411495,0.6407322583857014,-0.38308999998466653,0.7465224544675753,169.83061899749225,-531.0,0.2491612592199317,172.5,-531.0,-0.09307079700948545,0.3343938089999648,0.25347754553242474,139.92973267827776,15.24891361306154,TRACK
12.2,169.86129581763868,-530.7693316136653,-0.42384478522886027,-0.540138843366112,0.6401611148517223,-0.38385236477787743,0.7464240690879205,169.86129581763868,-531.0,0.23066838633474163,172.5,-531.0,-0.08719563741683888,0.3366491478120214,0.25357593091207953,133.6477434197247,21.676745427118746,TRACK
12.252,169.89449922243517,-530.7894163016907,-0.4163223023948244,-0.5414947827282349,0.6395891800146397,-0.38468943727700255,0.7463647113471377,169.89449922243517,-531.0,0.2105836983092786,172.5,-531.0,-0.08064743482923521,0.3356748675655892,0.25363528865286233,133.6477434197247,21.676745427118746,TRACK
12.3,169.92514395440696,-530.8079559805171,-0.4122174971921968,-0.5423990013334432,0.639184137637154,-0.3852332923393223,0.746298232165631,169.92514395440696,-531.0,0.19204401948286431,172.5,-531.0,-0.07444653110851497,0.33777096608368185,0.25370176783436904,133.48671445348603,21.86318203156022,TRACK
12.352,169.95834553284786,-530.8280249297258,-0.4072227859892701,-0.5428510289421011,0.6389418520471004,-0.3854811058478188,0.7462187167734645,169.95834553284786,-531.0,0.17197507027424308,172.5,-531.0,-0.0675596717444669,0.33966311424480317,0.2537812832265355,133.48671445348603,21.86318203156022,TRACK
12.4,169.98899808674722,-530.8465327783018,-0.4023949666504214,-0.5429749014155272,0.6388204093467692,-0.38551578133488307,0.7461326511125345,169.98899808674722,-531.0,0.15346722169817895,172.5,-531.0,-0.06104199317505103,0.34135297347537036,0.25386734888746554,135.4785332096003,19.945762980947357,TRACK
12.452,170.0222179777847,-530.8665491270743,-0.39506439985890474,-0.5427337897592509,0.6388286865199496,-0.38531068229806376,0.7460337878499897,170.0222179777847,-531.0,0.13345087292566404,172.5,-531.0,-0.053807016959355705,0.34125738289954904,0.25396621215001025,135.4785332096003,19.945762980947357,TRACK
12.5,170.05288957118447,-530.8850088697634,-0.39092915109080306,-0.5423999425379588,0.63888568144465,-0.3850542339348073,0.7459501840110478,170.05288957118447,-531.0,0.11499113023660357,172.5,-531.0,-0.04695603557082816,0.3439731155199749,0.25404981598895215,135.36031239290912,20.185498571903175,TRACK
12.552,170.0861260504984,-530.904989812119,-0.38563275805140007,-0.5420090959727115,0.6389827652443067,-0.38477236406629334,0.745887891327125,170.0861260504984,-531.0,0.0950101878810301,172.5,-531.0,-0.03933973842272146,0.3462930196286786,0.25411210867287504,135.36031239290912,20.185498571903175,TRACK
12.596,170.1168190737176,-530.9234087907199,-0.38137256390268237,-0.5414793393591034,0.639142091715571,-0.3844070889416721,0.7458360566714148,170.1168190737176,-531.0,0.07659120928008178,172.5,-531.0,-0.03212716889831997,0.3492453950043624,0.25416394332858516,137.7893156712357,17.817013615121446,TRACK
12.652,170.15008283367493,-530.9433427666147,-0.3759481571771157,-0.5409205249140541,0.639333051635558,-0.384035599411617,0.7458083483905735,170.15008283367493,-531.0,0.0566572333852946,172.5,-531.0,-0.024105640661468926,0.3518425165156468,0.25419165160942647,137.7893156712357,17.817013615121446,TRACK
12.7,170.18080340172241,-530.9617201443205,-0.36841885619831105,-0.5402843765077845,0.639570625576025,-0.3836248520552878,0.7458006517925211,170.18080340172241,-531.0,0.038279855679547836,172.5,-531.0,-0.01650415492942002,0.351914701268891,0.2541993482074789,139.32394419178118,16.292536774227294,TRACK
12.752,170.2141063330136,-530.9815941279822,-0.36283553703841354,-0.5394976261630154,0.639875251853567,-0.3831233515595608,0.7458041568970346,170.2141063330136,-531.0,0.01840587201775179,172.5,-531.0,-0.008051763091828147,0.3547837739465854,0.2541958431029654,139.32394419178118,16.292536774227294,TRACK
12.8,170.2448682436146,-530.9999108845341,-0.3573454219575265,-0.5386433654270271,0.6402245118371163,-0.38258986170411285,0.7458300261023594,170.2448682436146,-531.0,8.91154659257154e-05,172.5,-531.0,-3.9516744698840136e-05,0.3573059052128277,0.2541699738976406,139.3190493552166,16.261550561199208,TRACK
12.852,170.27822619495674,-531.0197013058942,-0.3495305003525966,-0.5375289774917615,0.6406706051892991,-0.3818881692620928,0.7458534696413067,170.27822619495674,-531.0,0.019701305894159304,173.0,-531.0,0.007238280340649497,0.3567687806932461,0.2541465303586933,139.3190493552166,16.261550561199208,TRACK
12.9,170.3090503827819,-531.037919724445,-0.34469397803516943,-0.5362263138094188,0.6411955962647375,-0.3810699452871435,0.7458861145445991,170.3090503827819,-531.0,0.03791972444503244,173.0,-531.0,0.014090644641812908,0.35878462267698236,0.2541138854554009,139.67634870806083,15.849994130581528,TRACK
12.952,170.34248277650607,-531.0575950558718,-0.33883253504359856,-0.5347220529386445,0.641802864561777,-0.3801255798094091,0.7459265200977521,170.34248277650607,-531.0,0.057595055871843215,173.0,-531.0,0.021669112992231628,0.3605016480358302,0.25407347990224793,139.67634870806083,15.849994130581528,TRACK
13.0,170.37338514247662,-531.0756904111382,-0.3340424183197164,-0.5329775059611801,0.6425016138337297,-0.3790269256934866,0.7459689900924856,170.37338514247662,-531.0,0.0756904111382255,173.0,-531.0,0.02880874223767826,0.3628511605573947,0.25403100990751437,141.2589498405328,14.215156569736578,TRACK
13.052,170.4069066012925,-531.0952312560729,-0.32806728218016046,-0.5311571730171513,0.6432512525602765,-0.37789241953035396,0.7460394457794237,170.4069066012925,-531.0,0.09523125607290694,173.0,-531.0,0.0367084645737702,0.36477574675393065,0.2539605542205763,141.2589498405328,14.215156569736578,TRACK
13.1,170.43789205734805,-531.1132116792941,-0.3198777815898853,-0.5292808619841611,0.6440489312359763,-0.37673732534902815,0.7461434434057186,170.43789205734805,-531.0,0.11321167929406784,173.0,-531.0,0.04415820358449524,0.3640359851743805,0.2538565565942814,142.53132804301282,12.86041657296731,TRACK
13.152,170.4715074140979,-531.1326299109253,-0.31376507730726755,-0.5273726231079982,0.6448890141966931,-0.3755788974562401,0.7462850319053891,170.4715074140979,-531.0,0.13262991092528864,173.0,-531.0,0.05240611387624167,0.3661711911835092,0.2537149680946109,142.53132804301282,12.86041657296731,TRACK
13.2,170.50257855383745,-531.1505125224395,-0.3054087329786761,-0.5255746839800253,0.6457382531619816,-0.37452032563767135,0.746487351475184,170.50257855383745,-531.0,0.15051252243949875,173.0,-531.0,0.06019436233419504,0.36560309531287116,0.25351264852481603,142.0768117786651,13.1125327377447,TRACK
13.252,170.53629040370222,-531.1698259189727,-0.2991610145038512,-0.523710627226879,0.6466365463374054,-0.3734322267919309,0.746719794210618,170.53629040370222,-531.0,0.1698259189727196,173.0,-531.0,0.06882211630209727,0.36798313080594847,0.25328020578938204,142.0768117786651,13.1125327377447,TRACK
13.3,170.56745819633318,-531.1875991639989,-0.29401667116153485,-0.5217990604665547,0.6475789097200109,-0.3723275257308374,0.7469847593699656,170.56745819633318,-531.0,0.18759916399892518,173.0,-531.0,0.07696828240576203,0.3709849535672969,0.25301524063003444,142.72671967081544,12.12746210690743,TRACK
13.352,170.60128086224395,-531.2067839948455,-0.2876691067597564,-0.5197561984521882,0.6485788503328479,-0.3711415608848384,0.7472620579924508,170.60128086224395,-531.0,0.206783994845523,173.0,-531.0,0.08599340657618111,0.3736625133359375,0.2527379420075492,142.72671967081544,12.12746210690743,TRACK
13.4,170.63255948832227,-531.2244165089035,-0.27795814871409297,-0.5175015829995385,0.6496495678707562,-0.3698124295809321,0.7475331391364614,170.63255948832227,-531.0,0.22441650890345954,173.0,-531.0,0.0945104764416769,0.37246862515576984,0.25246686086353864,145.2353162147628,9.265927782867394,TRACK
13.452,170.6665071065405,-531.2434374281703,-0.27265031657277694,-0.5151257621159624,0.6507658032771919,-0.36840349736977385,0.7478083093876998,170.6665071065405,-531.0,0.2434374281702958,173.0,-531.0,0.10394718354450835,0.3765975001172853,0.2521916906123002,145.2353162147628,9.265927782867394,TRACK
13.5,170.69790099313957,-531.2609241167356,-0.26720538824717144,-0.5127030250364795,0.6519115285816696,-0.3669693774125312,0.7481010393364186,170.69790099313957,-531.0,0.2609241167356231,173.0,-531.0,0.11286019429830992,0.38006558254548134,0.2518989606635814,145.07106354148192,9.12750861307849,TRACK
13.552,170.73197382785014,-531.2797926713092,-0.2606196008798791,-0.5102619322886139,0.653078881053084,-0.36552998187122787,0.7484144523753723,170.73197382785014,-531.0,0.2797926713092238,173.0,-531.0,0.12274379325016145,0.38336339413004056,0.2515855476246277,145.07106354148192,9.12750861307849,TRACK
13.6,170.76348156308396,-531.2971519572974,-0.25168448428710355,-0.5079193113932726,0.6542451754310826,-0.3641726152133251,0.7487712890103096,170.76348156308396,-531.0,0.2971519572973875,173.5,-531.0,0.10816379477103606,0.3598482790581396,0.25122871098969035,147.77306337611,6.0615411873322955,TRACK
13.652,170.79767935010202,-531.3158838596798,-0.24503214109889868,-0.5055357878545038,0.6554367766517533,-0.362792312078268,0.7491432639293606,170.79767935010202,-531.0,0.3158838596798432,173.5,-531.0,0.11636545977037616,0.36139760086927486,0.2508567360706394,147.77306337611,6.0615411873322955,TRACK
13.696,170.82930067294964,-531.3331326371224,-0.23938221322591358,-0.503373919989843,0.6566060505875877,-0.3615873383694406,0.7495844908596536,170.82930067294964,-531.0,0.3331326371223895,173.5,-531.0,0.12409515304184404,0.3634773662677576,0.2504155091403464,134.27549177433602,19.095814450935734,TRACK
13.752,170.86361646199933,-531.3517750274515,-0.22911043892421556,-0.5013693686830462,0.6577655899471164,-0.3605093971551723,0.750081726717605,170.86361646199933,-531.0,0.35177502745148104,173.5,-531.0,0.13264739322989513,0.3617578321541107,0.24991827328239502,134.27549177433602,19.095814450935734,TRACK
13.796,170.89536701157013,-531.3688633642221,-0.2270128450629636,-0.49869767798622316,0.6590620574193895,-0.35893356376980773,0.7504639223376253,170.89536701157013,-531.0,0.3688633642220793,173.5,-531.0,0.140682653744384,0.3676954988073476,0.24953607766237473,141.76458478323684,10.9839506156831,TRACK
13.852,170.9298433490652,-531.387243204983,-0.2167686297729281,-0.495576606301416,0.6604426089240963,-0.35701728311009107,0.750763464828822,170.9298433490652,-531.0,0.3872432049829513,173.5,-531.0,0.14954426572663856,0.3663128954995667,0.24923653517117805,141.76458478323684,10.9839506156831,TRACK
13.9,170.9617353878067,-531.4041118825007,-0.21109818893369914,-0.492405599316121,0.6618338116240209,-0.355062007588687,0.7510612647725142,170.9617353878067,-531.0,0.4041118825007288,173.5,-531.0,0.1578828784369591,0.3689810673706583,0.24893873522748577,144.2196962007974,8.283725528849985,TRACK
13.952,170.99635789940288,-531.4222859897433,-0.2043583800000024,-0.48924611865657536,0.6632281132991542,-0.35311602675746195,0.7513737143548025,170.99635789940288,-531.0,0.4222859897432727,173.5,-531.0,0.16709594042765394,0.37145432042765636,0.2486262856451975,144.2196962007974,8.283725528849985,TRACK
14.0,171.0283783651943,-531.4390021578369,-0.19748311582094358,-0.4864022194640111,0.6645808367068797,-0.3514141430747084,0.7517709680953023,171.0283783651943,-531.0,0.43900215783685326,173.5,-531.0,0.17578382315095087,0.37326693897189445,0.2482290319046977,145.56584510004262,6.6379321285677975,TRACK
14.052,171.06313454007875,-531.4570456415839,-0.1880731353182401,-0.4837544625237697,0.6659133363509628,-0.3498657182192816,0.752227752954625,171.06313454007875,-531.0,0.4570456415839317,173.5,-531.0,0.18540082000407165,0.37347395532231176,0.24777224704537504,145.56584510004262,6.6379321285677975,TRACK
14.096,171.09527600015096,-531.4736642663804,-0.18234927764001196,-0.4814542648226087,0.6672084816546623,-0.3485901893168575,0.7527830219126108,171.09527600015096,-531.0,0.4736642663804105,173.5,-531.0,0.19448272181092202,0.376831999450934,0.24721697808738918,144.95801579301963,6.652155771770495,TRACK
14.152,171.13015994795103,-531.4916265508849,-0.17533795641808703,-0.479370124254224,0.6684813155759929,-0.3474836149132101,0.7534003795508483,171.13015994795103,-531.0,0.49162655088491647,173.5,-531.0,0.20454995860197908,0.37988791502006614,0.24659962044915174,144.95801579301963,6.652155771770495,TRACK
14.2,171.16242281756467,-531.508152545337,-0.1695510681393182,-0.4772715030851368,0.6697629460572322,-0.34636639257334556,0.7540239265537506,171.16242281756467,-531.0,0.5081525453369977,173.5,-531.0,0.21405398133184378,0.383605049471162,0.2459760734462494,147.5565670961844,3.246743392303955,TRACK
14.252,171.19744201059805,-531.525987032544,-0.1588216376359861,-0.47508795006891347,0.6710520218926226,-0.3451779729119793,0.754624839950157,171.19744201059805,-531.0,0.5259870325439806,173.5,-531.0,0.2245824171465303,0.3834040547825164,0.24537516004984306,147.5565670961844,3.246743392303955,TRACK
14.3,171.2298288058368,-531.5423898610842,-0.15285622536933038,-0.4728865611459147,0.672337529512758,-0.34396964049847156,0.7552170993667758,171.2298288058368,-531.0,0.5423898610841889,173.5,-531.0,0.23452378380660996,0.38738000917594034,0.24478290063322417,147.25709909132308,2.846012191002316,TRACK
14.352,171.26498102938038,-531.5600866882472,-0.14565464758923463,-0.47060998386881997,0.6736208988035217,-0.34269352607520975,0.7557803702920082,171.26498102938038,-531.0,0.5600866882472246,174.0,-531.0,0.20199079525247124,0.34764544284170584,0.24421962970799183,147.25709909132308,2.846012191002316,TRACK
14.4,171.29748849064632,-531.5763644062198,-0.13591231069015697,-0.46837660379168544,0.6748871559530751,-0.34144248549888184,0.7563436019257944,171.29748849064632,-531.0,0.5763644062197955,174.0,-531.0,0.21012193038634802,0.346034241076505,0.24365639807420558,127.6207322454117,21.881321147860362,TRACK
14.452,171.33276819365472,-531.5939370438294,-0.12865801593014004,-0.46618456627879273,0.67613619084911,-0.3402149841007398,0.7569057959763624,171.33276819365472,-531.0,0.5939370438294418,174.0,-531.0,0.21910437628509633,0.34776239221523636,0.24309420402363757,127.6207322454117,21.881321147860362,TRACK
14.496,171.3654034270453,-531.6100109518875,-0.12161796111784096,-0.4631969208708736,0.677453767524892,-0.3383453192554067,0.7572457739701909,171.3654034270453,-531.0,0.6100109518874888,174.0,-531.0,0.22752924732244334,0.3491472084402843,0.24275422602980912,139.54985503975158,9.348033089222952,TRACK
14.552,171.40083037829555,-531.6272631002421,-0.11569630888891913,-0.45968797765453606,0.6787955823063816,-0.3360446868258273,0.7574229162776421,171.40083037829555,-531.0,0.6272631002420894,174.0,-531.0,0.23680416286025388,0.352500471749173,0.24257708372235787,139.54985503975158,9.348033089222952,TRACK
14.6,171.43358976432035,-531.643097002528,-0.10487380512769917,-0.4563761620438588,0.6800876515965968,-0.33388458393786963,0.7576266423810203,171.43358976432035,-531.0,0.6430970025279521,174.0,-531.0,0.24552664345821112,0.3504004485859103,0.2423733576189797,142.30175430216087,6.619804635256216,TRACK
14.652,171.4691392554118,-531.6601785080048,-0.10279595207757164,-0.45341636938624713,0.6813323943455889,-0.33199665103862236,0.7579153038998182,171.4691392554118,-531.0,0.660178508004833,174.0,-531.0,0.255165360403144,0.35796131248071567,0.2420846961001818,142.30175430216087,6.619804635256216,TRACK
14.7,171.50200864515375,-531.6759009912569,-0.09311022617139342,-0.4508753188749173,0.6825386898597662,-0.330440930221187,0.7583206917399323,171.50200864515375,-531.0,0.6759009912568672,174.0,-531.0,0.26425029131323324,0.35736051748462666,0.24167930826006767,143.76049694176578,4.902591600153514,TRACK
14.752,171.53767630991788,-531.6928898900726,-0.08592955438549144,-0.44864732466725693,0.6837209689366642,-0.3291349620573049,0.7588176240785097,171.53767630991788,-531.0,0.6928898900725926,174.0,-531.0,0.27430344102430027,0.3602329954097917,0.24118237592149028,143.76049694176578,4.902591600153514,TRACK
14.8,171.57065438087088,-531.7085473497227,-0.0761522445031313,-0.4467631998385552,0.6848837305077371,-0.32810670195276953,0.7594206556188199,171.57065438087088,-531.0,0.7085473497227213,174.0,-531.0,0.283789636838676,0.35994188134180727,0.24057934438118012,143.10948893735969,4.849218998280634,TRACK
14.852,171.60644064959675,-531.725457393935,-0.06890041784433265,-0.44489386098115136,0.686043541254167,-0.327086961544366,0.7600273816836361,171.60644064959675,-531.0,0.7254573939350166,174.0,-531.0,0.29428674959349127,0.3631871674378239,0.23997261831636385,143.10948893735969,4.849218998280634,TRACK
14.9,171.63953012982515,-531.7410078791027,-0.06299874699215247,-0.44294093704942983,0.6872057618139427,-0.3259954793511903,0.7606081853541241,171.63953012982515,-531.0,0.7410078791026535,174.0,-531.0,0.3041815495565948,0.3671802965487473,0.2393918146458759,143.81216170373304,3.3248997381862466,TRACK
14.952,171.67543763486944,-531.7577648060216,-0.05570166211829064,-0.440729184671294,0.6883688752848796,-0.3246840696862663,0.7610988461225036,171.67543763486944,-531.0,0.7577648060215552,174.0,-531.0,0.31511956240454636,0.370821224522837,0.23890115387749644,143.81216170373304,3.3248997381862466,TRACK
15.0,171.70863820798422,-531.773138935392,-0.04976355086904017,-0.4382554172924006,0.6895272812304648,-0.32314767195565536,0.7614934598875005,171.70863820798422,-531.0,0.7731389353920122,174.0,-531.0,0.32541919116658874,0.3751827420356289,0.2385065401124995,146.86731362067604,-0.24988797015076614,TRACK
15.052,171.74466508344267,-531.7896632351781,-0.03854930634028709,-0.4353772135744429,0.6906813176162724,-0.3212672353311689,0.7617436045031706,171.74466508344267,-531.0,0.7896632351780681,174.0,-531.0,0.3367917417662583,0.3753410481065454,0.23825639549682942,146.86731362067604,-0.24988797015076614,TRACK
15.1,171.77797239118502,-531.8048531011866,-0.031125764033981925,-0.4327495405358283,0.6918086420718539,-0.3195831426108654,0.7620581226431086,171.77797239118502,-531.0,0.8048531011866089,174.5,-531.0,0.28749013846340815,0.3186159024973901,0.23794187735689143,146.95602320905897,-0.4772116603674732,TRACK
15.152,171.81411161243037,-531.8212546718846,-0.024904389513384695,-0.4304010140740473,0.6929203757288671,-0.3181242300875023,0.7624576531644236,171.81411161243037,-531.0,0.821254671884617,174.5,-531.0,0.2967387225074852,0.32164311202086987,0.2375423468355764,146.95602320905897,-0.4772116603674732,TRACK
15.2,171.84752332696806,-531.8363660306436,-0.014738148090807979,-0.42841925695337024,0.6940253293944447,-0.3169677405078213,0.7629808034044507,171.84752332696806,-531.0,0.8363660306436032,174.5,-531.0,0.30544748377782827,0.32018563186863624,0.23701919659554926,117.77102368073834,28.279666906412885,TRACK
15.252,171.88377634464396,-531.8527322607114,-0.007258566673177924,-0.426889111583856,0.6951271600018967,-0.31618634909394994,0.763659332376462,171.88377634464396,-531.0,0.8527322607113774,174.5,-531.0,0.31508197330048104,0.32234053997365897,0.236340667623538,117.77102368073834,28.279666906412885,TRACK
15.296,171.9172947004745,-531.8676424094474,-0.0013837756748584784,-0.42396914897202465,0.6962373319323292,-0.31424096144455166,0.7638676614609657,171.9172947004745,-531.0,0.8676424094473987,174.5,-531.0,0.32409763644803274,0.3254814121228912,0.23613233853903426,135.7678560144361,9.374312724216708,TRACK
15.352,171.95365898346878,-531.8835402459068,0.005833060895260144,-0.41983267795906837,0.6973138628328367,-0.31126129341589504,0.7636296327918319,171.95365898346878,-531.0,0.8835402459068291,174.5,-531.0,0.33398566653771594,0.3281526056424558,0.23637036720816806,135.7678560144361,9.374312724216708,TRACK
15.4,171.9872706099921,-531.898039409165,0.016916752346759267,-0.4154348756827026,0.6983387875738227,-0.30804290614445556,0.7632610918001772,171.9872706099921,-531.0,0.8980394091649941,174.5,-531.0,0.3432484207680681,0.32633166842130884,0.2367389081998228,139.16861254971752,6.6139635236743715,TRACK
15.452,172.02373393619683,-531.9135776737901,0.018760887670422832,-0.41102734517533007,0.6993464459933294,-0.30481236243201426,0.7628866415234221,172.02373393619683,-531.0,0.9135776737900869,174.5,-531.0,0.3534415761570825,0.33468068848665966,0.23711335847657788,139.16861254971752,6.6139635236743715,TRACK
15.5,172.05744193481627,-531.9277972013512,0.029866498882118227,-0.40688845122176925,0.7003626798290457,-0.3018120907135967,0.7626260036205392,172.05744193481627,-531.0,0.9277972013511544,174.5,-531.0,0.363012896461934,0.3331463975798158,0.23737399637946077,141.31629996300882,5.236705757166774,TRACK
15.552,172.09401785991912,-531.9430978232634,0.03560350421791614,-0.40314921603659676,0.7014198531580785,-0.2991628141426089,0.7625537356606586,172.09401785991912,-531.0,0.9430978232634288,174.5,-531.0,0.3735738619454108,0.3379703577274947,0.23744626433934135,141.31629996300882,5.236705757166774,TRACK
15.6,172.12784003305399,-531.9571618309998,0.04285490210796716,-0.39997042008120925,0.7025429169944682,-0.29700588560358765,0.762744417417963,172.12784003305399,-531.0,0.9571618309997802,174.5,-531.0,0.3835182626799087,0.3406633605719415,0.23725558258203705,141.15738229349222,5.371020560394541,TRACK
15.652,172.16454819136672,-531.972324590245,0.05285638851370411,-0.39707886549418725,0.703727038535965,-0.29511085902339207,0.7631003629144228,172.16454819136672,-531.0,0.9723245902449662,174.5,-531.0,0.39450638873436045,0.34165000022065634,0.23689963708557715,141.15738229349222,5.371020560394541,TRACK
15.7,172.19849742158704,-531.9862428251182,0.058936326310398135,-0.3942738031057884,0.7049690454048533,-0.29330918764928465,0.76355198548528,172.19849742158704,-531.0,0.9862428251182109,174.5,-531.0,0.4048494165244373,0.34591309021403915,0.23644801451471997,141.9154802772512,3.8663186648670376,TRACK
15.752,172.23534362280301,-532.001196624664,0.07022691494142097,-0.39121182366623547,0.7062331569284037,-0.29130154583776124,0.7639514791873425,172.23534362280301,-531.0,1.0011966246639759,174.5,-531.0,0.41626195511421765,0.3460350401727967,0.23604852081265748,141.9154802772512,3.8663186648670376,TRACK
15.8,172.26941577569522,-532.0148506574064,0.07758025208124364,-0.3876854975216739,0.7074943335091323,-0.28890666020835165,0.7642089310262444,172.26941577569522,-531.0,1.0148506574064413,175.0,-531.0,0.35583979546260674,0.2782595433813631,0.23579106897375557,142.97522198127064,2.1838170696262154,TRACK
15.852,172.30638936304123,-532.0294524953264,0.0794129825847607,-0.38363835702528926,0.7087320008406308,-0.2860709305196436,0.7642889678020602,172.30638936304123,-531.0,1.0294524953263817,175.0,-531.0,0.36505327331207815,0.28564029072731745,0.23571103219793976,142.97522198127064,2.1838170696262154,TRACK
15.9,172.3405742817268,-532.0427449352662,0.08958336945403332,-0.3791624319666532,0.7099408326285841,-0.282870146065817,0.7642195400332708,172.3405742817268,-531.0,1.042744935266228,175.0,-531.0,0.3736723570225402,0.28408898756850687,0.23578045996672925,110.58904319916306,34.64455148484934,TRACK
15.952,172.37766902233912,-532.0569476372139,0.09692336735965545,-0.37443738553521716,0.7111376799454151,-0.2794607042056326,0.7640779312565281,172.37766902233912,-531.0,1.0569476372138524,175.0,-531.0,0.38313854066415376,0.2862151733044983,0.23592206874347188,110.58904319916306,34.64455148484934,TRACK
16.0,172.41195195676175,-532.0697390612229,0.10685330298938256,-0.36838390515369546,0.7122192221295722,-0.27492025779956414,0.7634378615967587,172.41195195676175,-531.0,1.06973906122289,175.0,-531.0,0.39195166270567644,0.2850983597162939,0.23656213840324125,131.35885507352907,14.268883629657786,TRACK
16.052,172.44913578856784,-532.0832604047666,0.11344632104348329,-0.36153400844901196,0.7132182853867495,-0.26970721065260683,0.7625105258867083,172.44913578856784,-531.0,1.0832604047666337,175.0,-531.0,0.4015860861778356,0.2881397651343523,0.2374894741132917,131.35885507352907,14.268883629657786,TRACK
16.1,172.48351190193043,-532.0955437947167,0.11927396327537987,-0.35512252447734405,0.7142510454368808,-0.26487607197689206,0.7617833612081487,172.48351190193043,-531.0,1.0955437947167184,175.0,-531.0,0.41060132114012426,0.2913273578647444,0.2382166387918513,133.20715988121816,13.970667742662386,TRACK
16.152,172.52081951144976,-532.1086660838636,0.1302059834135916,-0.34921198975555495,0.7153720897602421,-0.2604925468118532,0.7613235801894366,172.52081951144976,-531.0,1.108666083863568,175.0,-531.0,0.42051512974227934,0.29030914632868776,0.23867641981056342,133.20715988121816,13.970667742662386,TRACK
16.2,172.55532526205025,-532.1206159719438,0.13157149090127884,-0.3436766475291619,0.7165962898060565,-0.25645475601298534,0.7611039905594278,172.55532526205025,-531.0,1.1206159719438347,175.0,-531.0,0.4298096207585539,0.29823812985727505,0.2388960094405722,134.1921190742535,13.446174354022666,TRACK
16.252,172.59278477389398,-532.133391528194,0.1385111384899833,-0.3384275004871517,0.7179189180913894,-0.2526849123230881,0.7610895071338442,172.59278477389398,-531.0,1.1333915281940108,175.0,-531.0,0.4400413067973084,0.3015301683073251,0.23891049286615584,134.1921190742535,13.446174354022666,TRACK
16.3,172.62743507947482,-532.1450011462659,0.14825971314009426,-0.3331303263640764,0.7193057749530172,-0.2488986581178242,0.761151325226209,172.62743507947482,-531.0,1.1450011462659404,175.0,-531.0,0.4496314145354969,0.3013717013954026,0.23884867477379101,139.38073648254982,7.9034737696806445,TRACK
16.352,172.66504673093465,-532.1573427837849,0.1552061429486753,-0.3275064634505675,0.7207041000836806,-0.24485284184639888,0.7611618185627058,172.66504673093465,-531.0,1.157342783784884,175.0,-531.0,0.4601695323561275,0.3049633894074522,0.23883818143729418,139.38073648254982,7.9034737696806445,TRACK
16.4,172.69983539185293,-532.1685231881922,0.1650189560691535,-0.3217129165732595,0.7221249842501991,-0.24067812933712668,0.7611770193716892,172.69983539185293,-531.0,1.168523188192239,175.0,-531.0,0.47004078101577634,0.30502182494662283,0.23882298062831075,137.62531478400436,9.463820815551458,TRACK
16.452,172.73759498365564,-532.1803710726351,0.17202560304755532,-0.3155291111808507,0.7235323384347083,-0.23618616012701688,0.7611063966334419,172.73759498365564,-531.0,1.1803710726351255,175.0,-531.0,0.4808823628741269,0.30885675982657157,0.23889360336655807,137.62531478400436,9.463820815551458,TRACK
16.5,172.7725150551723,-532.1910507453102,0.17852635923857885,-0.30897541078640933,0.724921541458259,-0.23139361733857378,0.7609561402704158,172.7725150551723,-531.0,1.1910507453102355,175.5,-531.0,0.4117258579353839,0.23319949869680506,0.2390438597295842,138.8367810615936,8.34759325710894,TRACK
16.552,172.81041642326875,-532.2023401477998,0.1843825643485126,-0.3021598221286613,0.7263043641354605,-0.22639221418033148,0.7607703096228774,172.81041642326875,-531.0,1.2023401477997595,175.5,-531.0,0.4203861631419319,0.23600359879341928,0.2392296903771226,138.8367810615936,8.34759325710894,TRACK
16.6,172.8454697902714,-532.2125092365225,0.19548922834915095,-0.29522960551842187,0.7276953044157739,-0.22130454448693704,0.760602496366753,172.8454697902714,-531.0,1.2125092365224646,175.5,-531.0,0.42846941311169306,0.23298018476254212,0.23939750363324697,100.25001206434897,47.26158160989929,TRACK
16.652,172.88351978606585,-532.2232594746735,0.19668262453358332,-0.2882740869578266,0.7291076887943571,-0.21620532608663665,0.7604885041125066,172.88351978606585,-531.0,1.2232594746734549,175.5,-531.0,0.43732849014960185,0.24064586561601853,0.23951149588749343,100.25001206434897,47.26158160989929,TRACK
16.7,172.9186807609298,-532.2327848402637,0.20626830051888434,-0.2799844729791413,0.7303021060992508,-0.2099892527182424,0.7598925268945388,172.9186807609298,-531.0,1.2327848402636619,175.5,-531.0,0.44555077370358503,0.2392824731847007,0.2401074731054612,127.07529551611242,20.563891111282935,TRACK
16.752,172.9568131729006,-532.2426934477529,0.21283536738901931,-0.27098605905740225,0.7313568341527337,-0.2031855646752793,0.7590567782151223,172.9568131729006,-531.0,1.242693447752913,175.5,-531.0,0.45451540612306823,0.24168003873404892,0.2409432217848777,127.07529551611242,20.563891111282935,TRACK
16.8,172.99207180598208,-532.2515694878131,0.22224550764727358,-0.26246844982979695,0.7324761417516439,-0.19679174247758577,0.7584512430886634,172.99207180598208,-531.0,1.2515694878130716,175.5,-531.0,0.4628834647485278,0.24063795710125424,0.2415487569113366,126.98262270910081,22.027348537591195,TRACK
16.852,173.03033717648458,-532.2608898751165,0.22804480020658136,-0.2542341806442394,0.7336648705207864,-0.19064800869122794,0.7580308736814173,173.03033717648458,-531.0,1.2608898751165043,175.5,-531.0,0.47205307476885916,0.2440082745622778,0.2419691263185827,126.98262270910081,22.027348537591195,TRACK
16.896,173.06572673846216,-532.2692244167249,0.2334368022275466,-0.24620915218286238,0.7349310552583839,-0.1846939048772589,0.7577832767236367,173.06572673846216,-531.0,1.26922441672491,175.5,-531.0,0.4806188467825782,0.24718204455503162,0.24221672327636334,128.25088221751716,21.118066230773053,TRACK
16.952,173.10413868804375,-532.277956036497,0.2398866697651858,-0.23826871116169138,0.7362471542555364,-0.17882155586708587,0.7576523087750086,173.10413868804375,-531.0,1.2779560364970166,175.5,-531.0,0.49001040182959366,0.25012373206440786,0.24234769122499145,128.25088221751716,21.118066230773053,TRACK
17.0,173.13966094832304,-532.2857261516632,0.24448745007230843,-0.23024716846271434,0.7375771314692898,-0.17289110106701328,0.7575693748394468,173.13966094832304,-531.0,1.285726151663198,175.5,-531.0,0.4987811717416527,0.2542937216693443,0.24243062516055325,130.815548164422,18.433687569037815,TRACK
17.052,173.1782131840061,-532.2938268714519,0.2508979165220433,-0.22214930358869814,0.7389113371679195,-0.16690329119423594,0.7575266812507336,173.1782131840061,-531.0,1.29382687145187,175.5,-531.0,0.5083960546677532,0.2574981381457099,0.24247331874926636,130.815548164422,18.433687569037815,TRACK
17.1,173.21386259391463,-532.3010043218809,0.2602290847800057,-0.21393406993123543,0.7402359830754994,-0.1608227153212331,0.7575046246743616,173.21386259391463,-531.0,1.301004321880896,175.5,-531.0,0.5173769168611221,0.25714783208111636,0.24249537532563836,132.81384012994877,16.376351348375614,TRACK
17.152,173.25254929097719,-532.3084487559037,0.2666555424641206,-0.2055932150803575,0.7415446192278391,-0.1546415324197729,0.7574974758076073,173.25254929097719,-531.0,1.3084487559036688,176.0,-531.0,0.44446041849813456,0.17780487603401396,0.2425025241923927,132.81384012994877,16.376351348375614,TRACK
17.2,173.2883257018121,-532.315030946967,0.2760353964020943,-0.19731454035586898,0.7428736648361158,-0.1485121392429713,0.7575731894738392,173.2883257018121,-531.0,1.3150309469669992,176.0,-531.0,0.4515366239342355,0.1755012275321412,0.24242681052616077,89.30184254436008,59.85555672565973,TRACK
17.252,173.3271423042523,-532.3218070378322,0.2815187454097814,-0.18874209736349618,0.7441334754909275,-0.14214119440813794,0.7575874527036326,173.3271423042523,-531.0,1.3218070378321727,176.0,-531.0,0.45926165711577116,0.17774291170598977,0.2424125472963674,89.30184254436008,59.85555672565973,TRACK
17.3,173.36298414987382,-532.3275945225912,0.28654385195080434,-0.17872490518696874,0.7450335500593359,-0.1345921860665162,0.7570931562655818,173.36298414987382,-531.0,1.3275945225911983,176.0,-531.0,0.46640043815787174,0.1798565862070674,0.24290684373441818,115.7828657492922,33.26460976150875,TRACK
17.348,173.40182740255233,-532.3333862282267,0.292416622463483,-0.16799353217458393,0.7457167774900386,-0.1264675550282522,0.7563646968922808,173.40182740255233,-531.0,1.3333862282266864,176.0,-531.0,0.4741529928996604,0.1817363704361774,0.2436353031077192,115.7828657492922,33.26460976150875,TRACK
17.4,173.4377185146904,-532.3383800145339,0.2962704896730963,-0.15759624453136142,0.7464219313753262,-0.11861693592489944,0.7557881165553504,173.4377185146904,-531.0,1.3383800145338682,176.0,-531.0,0.4813588240961216,0.18508833442302525,0.2442118834446496,118.70721210612751,31.678546172854446,TRACK
17.452,173.4766510365315,-532.3434394980991,0.3058976692690696,-0.14767539822396342,0.7472200754783034,-0.11115522465554206,0.7554424697923896,173.4766510365315,-531.0,1.3434394980990874,176.0,-531.0,0.48923302873398733,0.18333535946491775,0.2445575302076104,118.70721210612751,31.678546172854446,TRACK
17.5,173.5126406666743,-532.347799697693,0.31065868004755526,-0.13818806471709513,0.7481174355186744,-0.1040440180646775,0.7553177179320507,173.5126406666743,-531.0,1.347799697692949,176.0,-531.0,0.4965719596562282,0.18591327960867293,0.24468228206794929,118.55953553288731,32.18149916137125,TRACK
17.552,173.55168725229467,-532.3521971352063,0.3163371606971972,-0.12907160258781153,0.7490898901474119,-0.09722674885130037,0.7553732218004922,173.55168725229467,-531.0,1.3521971352063247,176.0,-531.0,0.5046054542972562,0.18826829360005903,0.24462677819950784,118.55953553288731,32.18149916137125,TRACK
17.596,173.5877841422708,-532.3559614254616,0.3249247941722982,-0.12025882426742455,0.750114918005133,-0.09064533653139936,0.7555719471028143,173.5877841422708,-531.0,1.3559614254616008,176.0,-531.0,0.5121028428332571,0.18717804866095894,0.24442805289718572,120.55936267420327,29.78749679061631,TRACK
17.652,173.62693760805772,-532.3597028140412,0.32946439737365996,-0.11150604145901165,0.751107639499849,-0.08410189187703576,0.7558014384296525,173.62693760805772,-531.0,1.3597028140411567,176.0,-531.0,0.5203102788818824,0.19084588150822246,0.24419856157034747,120.55936267420327,29.78749679061631,TRACK
17.7,173.66312221056245,-532.3628499405818,0.33412577526956794,-0.10283702560599722,0.7520660256052545,-0.07761402741213372,0.7560603442323997,173.66312221056245,-531.0,1.362849940581782,176.0,-531.0,0.52796947294986,0.19384369768029203,0.24393965576760035,120.19203077853427,29.667028479341013,TRACK
17.752,173.7023598611404,-532.3659147942406,0.3397074262597244,-0.09412130238327773,0.7529424878411259,-0.07107794052115017,0.7562899335738327,173.7023598611404,-531.0,1.3659147942405525,176.0,-531.0,0.5363551912880821,0.19664776502835768,0.24371006642616733,120.19203077853427,29.667028479341013,TRACK
17.8,173.73860493033308,-532.3684118979118,0.34322656404393515,-0.08524962060521765,0.7536995799600726,-0.06440870894126988,0.7564466528576032,173.73860493033308,-531.0,1.3684118979117557,176.0,-531.0,0.5441745752808682,0.20094801123693307,0.24355334714239685,122.37225857055782,27.187389119316805,TRACK
17.852,173.77789821238375,-532.370769686345,0.34877644468834124,-0.0763847859364593,0.7543787407765981,-0.057735390651350235,0.7565848662703674,173.77789821238375,-531.0,1.3707696863450565,176.5,-531.0,0.4664997892838316,0.11772334459549039,0.24341513372963264,122.37225857055782,27.187389119316805,TRACK
17.9,173.8141942811139,-532.3726349321779,0.35732287920771943,-0.06761651887379444,0.7550050159955961,-0.051128754787880856,0.756734249089249,173.8141942811139,-531.0,1.3726349321779026,176.5,-531.0,0.4724643991014685,0.11514151989374904,0.24326575091075098,79.70722694528564,69.78819011216339,TRACK
17.952,173.85352864232422,-532.3742925603607,0.3627767188432254,-0.05868908512420311,0.7555037685434258,-0.044390803380859066,0.756806770389983,173.85352864232422,-531.0,1.3742925603606864,176.5,-531.0,0.4789621697727434,0.11618545092951804,0.243193229610017,79.70722694528564,69.78819011216339,TRACK
18.0,173.88980185748431,-532.3753749914981,0.37092626230214654,-0.04859620562073842,0.7555696434289199,-0.03674674924134505,0.7564626954788395,173.88980185748431,-531.0,1.37537499149812,176.5,-531.0,0.4849537710840529,0.11402750878190637,0.2435373045211605,105.12524902430516,44.285045156371496,TRACK
18.052,173.92906395148714,-532.3760929246911,0.37458109598356115,-0.03799894168371032,0.7553843624785656,-0.028717629651792066,0.7559300479078513,173.92906395148714,-531.0,1.3760929246910791,176.5,-531.0,0.4914481730724562,0.11686707708889504,0.24406995209214866,105.12524902430516,44.285045156371496,TRACK
18.1,173.96530758901952,-532.3764343130739,0.37946138439849486,-0.028003285176317193,0.7552763592846587,-0.021155749565072293,0.7555725938875424,173.96530758901952,-531.0,1.3764343130739007,176.5,-531.0,0.49748240155323253,0.11802101715473767,0.2444274061124576,106.61578161615186,43.83383362276304,TRACK
18.152,174.00457984306482,-532.3764739772079,0.38725260343317763,-0.018558587394037672,0.755262112686093,-0.014018207349752607,0.7553921954828242,174.00457984306482,-531.0,1.3764739772078656,176.5,-531.0,0.5040708550182117,0.11681825158503406,0.2446078045171758,106.61578161615186,43.83383362276304,TRACK
18.2,174.04083928897467,-532.3762107829299,0.38606117271677953,-0.009522542789811959,0.755312166338618,-0.007192709833755641,0.7553464130409893,174.04083928897467,-531.0,1.3762107829298884,176.5,-531.0,0.5102037209534515,0.12414254823667192,0.24465358695901074,106.53562622993324,44.038278374955084,TRACK
18.252,174.08013111563582,-532.375616257744,0.39076472412908725,-0.0008917581587105654,0.7554171260317302,-0.0006736495639378601,0.7554174263979975,174.08013111563582,-531.0,1.3756162577440136,176.5,-531.0,0.5169109007287372,0.12614617659965,0.24458257360200253,106.53562622993324,44.038278374955084,TRACK
18.3,174.11640326061007,-532.3747735113395,0.3991754355181374,0.007553942262814661,0.7555055223578397,0.005707153649492044,0.7555270782149183,174.11640326061007,-531.0,1.3747735113395265,176.5,-531.0,0.5231591892313202,0.12398375371318282,0.24447292178508173,111.34411635807517,38.930531594947624,TRACK
18.352,174.1556958260396,-532.3735437416148,0.403029007738988,0.015863908066400534,0.7555477799235962,0.01198694609660474,0.7556428618230956,174.1556958260396,-531.0,1.3735437416147533,176.5,-531.0,0.5299923925202362,0.12696338478124825,0.2443571381769044,111.34411635807517,38.930531594947624,TRACK
18.4,174.19196806039372,-532.3721379976557,0.4106434320663379,0.023873102453866826,0.7555910991158732,0.01804173133069166,0.7558064653947743,174.19196806039372,-531.0,1.3721379976557273,176.5,-531.0,0.5363697327314261,0.12572630066508816,0.24419353460522575,108.68187765227282,41.36722969624699,TRACK
18.452,174.23125533263493,-532.3703116344104,0.41376239096887096,0.03177989937428094,0.755567777587297,0.02401995490062154,0.7559494855885776,174.23125533263493,-531.0,1.3703116344104274,176.5,-531.0,0.5433522108690064,0.12958981990013546,0.24405051441142245,108.68187765227282,41.36722969624699,TRACK
18.556,174.2675104234499,-532.3683500057581,0.4175630586240733,0.039578712965891515,0.75547909262418,0.0299165129420411,0.75607119845876,174.2675104234499,-531.0,1.3683500057580886,177.0,-531.0,0.46426377051378886,0.046700711889715585,0.24392880154123997,108.68187765227282,41.36722969624699,TRACK
18.56,174.30677423465414,-532.36593618019,0.4221059234847014,0.04721879430907073,0.7553370625420204,0.03569263627423867,0.7561799007734953,174.30677423465414,-531.0,1.3659361801900332,177.0,-531.0,0.46937094342879565,0.047265019944094266,0.24382009922650472,109.7852639974839,40.05393477555387,TRACK
18.6,174.3430039289223,-532.3634490997848,0.43042044818192,0.054683567971466576,0.7551439446908528,0.041335174866295496,0.7562744038273997,174.3430039289223,-531.0,1.363449099784816,177.0,-531.0,0.47411562701292165,0.04369517883100166,0.24372559617260026,66.3359692584769,83.41503385973172,TRACK
18.652,174.38221243374352,-532.3604326783151,0.4287477667894386,0.062417510477072474,0.7547469618842737,0.04717070047863583,0.756219578863961,174.38221243374352,-531.0,1.3604326783150782,177.0,-531.0,0.4792736366826357,0.05052586989319707,0.24378042113603904,66.3359692584769,83.41503385973172,TRACK
18.7,174.41831511996654,-532.3572517058187,0.43584610328621465,0.07132098075148725,0.7538342789342907,0.05385554643034962,0.7557556086313177,174.41831511996654,-531.0,1.357251705818726,177.0,-531.0,0.4840137916168412,0.04816768833062657,0.24424439136868226,95.38132824342838,54.444501762912296,TRACK
18.748,174.45735140475134,-532.353440546467,0.4397280121372613,0.08040974422491376,0.7527365058203651,0.0606581392776997,0.7551765734285495,174.45735140475134,-531.0,1.3534405464670272,177.0,-531.0,0.4891490196059994,0.049421007468738065,0.2448234265714505,95.38132824342838,54.444501762912296,TRACK
18.8,174.49334708899804,-532.349666261892,0.4465446979784402,0.08882301556665576,0.751747259748748,0.06694861555655804,0.7547225050736803,174.49334708899804,-531.0,1.3496662618920254,177.0,-531.0,0.49391974430290575,0.04737504632446554,0.24527749492631967,94.33695842253928,56.61163307340203,TRACK
18.852,174.53230034381176,-532.3453017572147,0.4502901522510354,0.09678117224289641,0.7508210877751862,0.07289307390174687,0.7543511821895419,174.53230034381176,-531.0,1.3453017572146564,177.0,-531.0,0.4991230025108725,0.04883285025983708,0.2456488178104581,94.33695842253928,56.61163307340203,TRACK
18.9,174.5682218546071,-532.3410310775687,0.45155702426189054,0.10431980498572842,0.7499613899365187,0.07852087045466581,0.7540607492055753,174.5682218546071,-531.0,1.3410310775686867,177.0,-531.0,0.5039642929959741,0.05240726873408358,0.2459392507944247,94.61627298228248,56.67631846350168,TRACK
18.952,174.60709865005873,-532.3361528680164,0.45515061273345797,0.11149346789968485,0.7491456420755456,0.08387266855150755,0.7538261189231457,174.60709865005873,-531.0,1.3361528680163701,177.0,-531.0,0.5092556874542777,0.05410507472081977,0.24617388107685434,94.61627298228248,56.67631846350168,TRACK
19.0,174.64294509597664,-532.3314174182952,0.46228605866830685,0.11843757677634542,0.7483250021672205,0.08904655544168061,0.75360440411704,174.64294509597664,-531.0,1.3314174182952456,177.0,-531.0,0.5141840738690302,0.051898015200723346,0.24639559588296,97.65674091883093,53.772633949703966,TRACK
19.052,174.68174122804712,-532.3260532921819,0.46331356340982977,0.12506957662196094,0.7475390634214962,0.09398495603088515,0.7534240660486067,174.68174122804712,-531.0,1.3260532921818822,177.0,-531.0,0.5195797918528635,0.05626622844303375,0.24657593395139332,97.65674091883093,53.772633949703966,TRACK
19.1,174.71751590032434,-532.3208924549522,0.46674606405500385,0.13143783164995382,0.7467573765787475,0.09872132622003986,0.753254591572741,174.71751590032434,-531.0,1.3208924549521726,177.0,-531.0,0.5246166872491531,0.05787062319414926,0.246745408427259,97.15967480521789,54.42864417645157,TRACK
19.152,174.75623021577564,-532.3150807264683,0.4695816254532066,0.13758435841902572,0.7459694180061,0.10328626529989218,0.7530859348042288,174.75623021577564,-531.0,1.3150807264682953,177.5,-531.0,0.44694848926888237,-0.02263313618432422,0.2469140651957712,97.15967480521789,54.42864417645157,TRACK
19.2,174.79192997820604,-532.3095239452381,0.47102249991269973,0.143472749761061,0.7451908894256205,0.10765426891522376,0.7529268910715161,174.79192997820604,-531.0,1.3095239452380838,177.5,-531.0,0.45041219711866415,-0.020610302794035584,0.2470731089284839,55.69205748993544,96.04996992254553,TRACK
19.252,174.83051405132542,-532.3032060931417,0.4792309481786681,0.15005703345291208,0.7440745702763347,0.11249927928952372,0.7525310983425033,174.83051405132542,-531.0,1.303206093141739,177.5,-531.0,0.45415194858127145,-0.02507899959739668,0.2474689016574967,55.69205748993544,96.04996992254553,TRACK
19.3,174.8660172270189,-532.2970530736394,0.4796150900875069,0.15758641090557687,0.7425257934444467,0.11799029874271588,0.7518419145855733,174.8660172270189,-531.0,1.297053073639404,177.5,-531.0,0.4575735766772661,-0.0220415134102408,0.24815808541442674,80.75079119742607,71.40643816226374,TRACK
19.352,174.90439640344363,-532.2901251206915,0.4823019153172405,0.16492581852958318,0.7409631455207997,0.12332414671654841,0.7511559280092532,174.90439640344363,-531.0,1.2901251206915276,177.5,-531.0,0.461278755544191,-0.02102315977304947,0.24884407199074676,80.75079119742607,71.40643816226374,TRACK
19.396,174.93975369136805,-532.2835098967964,0.48229706967160424,0.17192631353230745,0.7394396023708081,0.12839670293416858,0.7505042564027627,174.93975369136805,-531.0,1.2835098967964313,177.5,-531.0,0.4647053041563232,-0.01759176551528102,0.24949574359723725,84.225559635352,69.104292794495,TRACK
19.452,174.97799071341416,-532.2761242997917,0.48477489320330786,0.17852412230750234,0.7380003130051721,0.13316860597739305,0.7499188886897663,174.97799071341416,-531.0,1.276124299791718,177.5,-531.0,0.46843216575199137,-0.016342727451316486,0.2500811113102337,84.225559635352,69.104292794495,TRACK
19.5,175.01322653247422,-532.269111858265,0.4901971966202092,0.18478951064495935,0.7366280507663274,0.13769198001778704,0.7493863933492639,175.01322653247422,-531.0,1.2691118582649779,177.5,-531.0,0.47188914290795064,-0.018308053712258576,0.25061360665073606,85.59281711995231,68.34788392357535,TRACK
19.552,175.05133754389158,-532.2613177651521,0.4925421394589657,0.19071137144485412,0.7353246559995535,0.14196002911775807,0.7489025300985279,175.05133754389158,-531.0,1.2613177651520573,177.5,-531.0,0.47565829398496867,-0.016883845473997017,0.2510974699014721,85.59281711995231,68.34788392357535,TRACK
19.6,175.0864687481305,-532.2539628826548,0.49255653209133166,0.19618786639350713,0.7341260573085098,0.14590337046880586,0.7484843762788205,175.0864687481305,-531.0,1.2539628826548324,177.5,-531.0,0.4791691578943032,-0.013387374197028457,0.2515156237211795,83.97036498081935,70.417888287091,TRACK
19.652,175.1244725455909,-532.245822356633,0.5000895872386577,0.2013722554936719,0.7329767278493178,0.14962919287494694,0.7480934292781223,175.1244725455909,-531.0,1.2458223566329707,177.5,-531.0,0.48300814370342876,-0.017081443535228946,0.2519065707218777,83.97036498081935,70.417888287091,TRACK
19.7,175.1595047801798,-532.2381584422972,0.4995862979403112,0.20626873753434063,0.7318782503127725,0.153141684067317,0.7477286597956904,175.1595047801798,-531.0,1.2381584422971628,177.5,-531.0,0.48658973077288703,-0.012996567167424145,0.25227134020430964,84.20167467231518,70.52686109481546,TRACK
19.752,175.19740407592815,-532.2296988743282,0.5016878464003953,0.21093484932570694,0.7308122763941912,0.15648149443509102,0.747377442413871,175.19740407592815,-531.0,1.2296988743281645,177.5,-531.0,0.49051428101951156,-0.011173565380883765,0.25262255758612895,84.20167467231518,70.52686109481546,TRACK
19.8,175.23233416748513,-532.2217398091535,0.5010321171251868,0.2155148073845591,0.7297265639259116,0.15974782161459875,0.7470075130878719,175.23233416748513,-531.0,1.2217398091535188,177.5,-531.0,0.49417687402594723,-0.006855243099239572,0.25299248691212806,87.48577891635185,67.58963834520415,TRACK
19.852,175.27012190209138,-532.2129681647363,0.5030227196742021,0.21991222841573976,0.7286627879400018,0.16287599839646988,0.7466445267877767,175.27012190209138,-531.0,1.2129681647362531,178.0,-531.0,0.41812919581921115,-0.08489352385499094,0.2533554732122233,87.48577891635185,67.58963834520415,TRACK
19.9,175.30495304614558,-532.2047357004463,0.5080378872806219,0.22417220186110826,0.7276079042229515,0.16589778440492334,0.7462810041520407,175.30495304614558,-531.0,1.2047357004463493,178.0,-531.0,0.4203716986380285,-0.08766618864259346,0.2537189958479593,47.52685179456987,107.96053386191343,TRACK
19.952,175.34257279637345,-532.1955667015611,0.5073917043552791,0.22937795333829805,0.7261549950478168,0.1695479754368564,0.7456859880724805,175.34257279637345,-531.0,1.1955667015611198,178.0,-531.0,0.4227676967745209,-0.08462400758075822,0.25431401192751946,47.52685179456987,107.96053386191343,TRACK
20.004,175.37718173646252,-532.1868556414572,0.5088670315875479,0.23538638333316048,0.7243576015972393,0.1737243306249385,0.7448987032092268,175.37718173646252,-531.0,1.186855641457214,178.0,-531.0,0.4249405954648162,-0.08392643612273165,0.2551012967907732,72.33196573240724,83.79733483907228,TRACK
20.048,175.41459507370138,-532.1772363192623,0.5157844855573788,0.24107161577211353,0.7226529801459181,0.17766625275655223,0.744172444452448,175.41459507370138,-531.0,1.177236319262306,178.0,-531.0,0.427285161269675,-0.0884993242877038,0.255827555547552,72.33196573240724,83.79733483907228,TRACK
20.1,175.449067533849,-532.168209401289,0.5141951190961005,0.24632625274332334,0.721086125671172,0.18130434118041217,0.7435297336128022,175.449067533849,-531.0,1.1682094012890047,178.0,-531.0,0.4294486480096632,-0.08474647108643729,0.25647026638719783,70.71307833607224,86.53053614455104,TRACK
20.152,175.48634147245758,-532.1582622296198,0.5153212868995325,0.2513809637835041,0.7195882607825594,0.1847999387713804,0.7429389493262382,175.48634147245758,-531.0,1.1582622296198224,178.0,-531.0,0.4317884479927992,-0.0835328389067333,0.25706105067376184,70.71307833607224,86.53053614455104,TRACK
20.2,175.52067629626183,-532.1489134198183,0.5134900712552268,0.2564342245751876,0.7180904597479504,0.18828836500406698,0.7423654199765285,175.52067629626183,-531.0,1.1489134198183137,178.0,-531.0,0.43393960088016714,-0.07955047037505969,0.2576345800234715,74.75638960627653,83.02419922741625,TRACK
20.252,175.55780504869404,-532.1386242255824,0.5144189413242248,0.2612943525900034,0.7166638632837364,0.1916416292253978,0.7418447323995331,175.55780504869404,-531.0,1.1386242255823618,178.0,-531.0,0.4362684133323024,-0.07815052799192246,0.2581552676004669,74.75638960627653,83.02419922741625,TRACK
20.3,175.592017535937,-532.1289815359415,0.5183147676724633,0.26598811893527047,0.7152975639477267,0.19487833762753964,0.7413691195794613,175.592017535937,-531.0,1.1289815359415343,178.0,-531.0,0.43841818743485417,-0.07989658023760915,0.2586308804205387,76.08781809755355,82.22443004009348,TRACK
20.352,175.629022509865,-532.1183891622544,0.5191280021881348,0.2704632953148784,0.7140153564659709,0.19796574235205794,0.7409509865127577,175.629022509865,-531.0,1.1183891622544024,178.0,-531.0,0.4407520738191629,-0.07837592836897189,0.2590490134872423,76.08781809755355,82.22443004009348,TRACK
20.4,175.6631370667959,-532.1084942094583,0.5229305710889562,0.2746041913841461,0.7128619593241544,0.2008284300005248,0.7406107151182382,175.6631370667959,-531.0,1.1084942094582857,178.0,-531.0,0.4429190059389408,-0.08001156515001545,0.25938928488176183,74.31024362047755,84.39231426117409,TRACK
20.452,175.70004455335646,-532.0976426308001,0.5236477630715886,0.27857677881195914,0.7117760484874722,0.20357795123796552,0.7403169087834532,175.70004455335646,-531.0,1.0976426308001237,178.0,-531.0,0.4452785999666317,-0.07836916310495684,0.25968309121654676,74.31024362047755,84.39231426117409,TRACK
20.496,175.73407210726114,-532.0875124062449,0.5213642839832953,0.2823456757750505,0.7107720120718141,0.2061918890201819,0.7400756368387802,175.73407210726114,-531.0,1.087512406244855,178.0,-531.0,0.4474722759372604,-0.07389200804603485,0.2599243631612198,74.42413880336642,84.49580923138302,TRACK
20.552,175.77089131416574,-532.0764159035989,0.5251046146251005,0.28597512046962653,0.7098233927814622,0.2087127264416641,0.7398717801879586,175.77089131416574,-531.0,1.0764159035988996,178.5,-531.0,0.37568706733644536,-0.14941754728865514,0.2601282198120414,74.42413880336642,84.49580923138302,TRACK
20.596,175.80483181837684,-532.0660506941146,0.5195304441461841,0.28962124259565164,0.7088680485138968,0.2112429246771183,0.7396739034399166,175.80483181837684,-531.0,1.0660506941145513,178.5,-531.0,0.37665688851535484,-0.14287355563082926,0.26032609656008343,37.610572424553354,121.45861048002304,TRACK
20.652,175.84148588603136,-532.0545785860928,0.5199182310094814,0.29441302958130655,0.7074743022856398,0.21452401272488258,0.7392837347258077,175.84148588603136,-531.0,1.0545785860928163,178.5,-531.0,0.3776407780442359,-0.14227745296524552,0.26071626527419234,37.610572424553354,121.45861048002304,TRACK
20.696,175.87520544471468,-532.0437500591041,0.5230443283414368,0.30011731948091463,0.7057300785515214,0.21839861756370188,0.7387509051947568,175.87520544471468,-531.0,1.043750059104127,178.5,-531.0,0.37847904070559674,-0.14456528763584003,0.26124909480524316,64.90750822399738,94.55775867660992,TRACK
20.748,175.91166906990705,-532.031860484296,0.5229295168624009,0.3053894248981876,0.7041527975455861,0.22198508570204084,0.7383146622988179,175.91166906990705,-531.0,1.0318604842959758,178.5,-531.0,0.37934949631162657,-0.1435800205507743,0.2616853377011821,64.90750822399738,94.55775867660992,TRACK
20.8,175.94527372717116,-532.0207499085532,0.525762912863001,0.3102582549216305,0.7027332776220662,0.2253049204976095,0.7379677273959113,175.94527372717116,-531.0,1.0207499085531708,178.5,-531.0,0.38012143265656706,-0.14564148020643397,0.2620322726040887,62.097822035917105,98.09391588234622,TRACK
20.852,175.98160723816915,-532.0085392471465,0.5223463113458151,0.3151387450482145,0.701329108325441,0.22863534240699043,0.7376561787053099,175.98160723816915,-531.0,1.008539247146473,178.5,-531.0,0.38091096980402583,-0.14143534154178927,0.26234382129469014,62.097822035917105,98.09391588234622,TRACK
20.9,176.0150834494,-531.9971092189473,0.5220203686473119,0.31999635865272746,0.6999612939699172,0.23195692818319635,0.7373939446376173,176.0150834494,-531.0,0.9971092189473438,178.5,-531.0,0.38159613395890263,-0.1404242346884093,0.2626060553623827,63.60941951307074,96.7873347596753,TRACK
20.952,176.05128711829818,-531.9845621347401,0.521555856216458,0.3247606955727911,0.6986533817411742,0.23522353163675863,0.7371883461192588,176.05128711829818,-531.0,0.9845621347401448,178.5,-531.0,0.38229244897245684,-0.1392634072440011,0.26281165388074124,63.60941951307074,96.7873347596753,TRACK
21.0,176.08464935987547,-531.9728279245,0.517888277694279,0.3294653495869612,0.6973910429662047,0.2384572452312379,0.7370319698715664,176.08464935987547,-531.0,0.9728279245000522,178.5,-531.0,0.3828910086511276,-0.13499726904315146,0.2629680301284336,63.97298289480167,96.58463977426351,TRACK
21.052,176.1207432299184,-531.959969966426,0.5201977044222819,0.33392869514971346,0.6962436878322957,0.24154115797564626,0.7369514257008608,176.1207432299184,-531.0,0.9599699664260015,178.5,-531.0,0.38349823431434454,-0.13669947010793732,0.2630485742991392,63.97298289480167,96.58463977426351,TRACK
21.1,176.15401818055543,-531.9479676305348,0.5196291683527932,0.33821547621181636,0.6951882454860389,0.24451878522434833,0.736936993907585,176.15401818055543,-531.0,0.9479676305347766,178.5,-531.0,0.3840198707005697,-0.13560929765222346,0.26306300609241495,64.45890315177896,96.11209202789239,TRACK
21.152,176.1900261525608,-531.934828978913,0.5155867939290584,0.34229536597511023,0.6942337096020361,0.24737044246583617,0.7369888597214668,176.1900261525608,-531.0,0.9348289789129467,178.5,-531.0,0.3845450369125421,-0.13104175701651627,0.26301114027853323,64.45890315177896,96.11209202789239,TRACK
21.2,176.22323388714108,-531.9225848531136,0.5147746047812367,0.3461298342643471,0.6933916425559268,0.25007087155663965,0.7371074621569799,176.22323388714108,-531.0,0.9225848531135625,178.5,-531.0,0.38499588044645877,-0.12977872433477794,0.26289253784302014,66.33383772236732,94.07751173806514,TRACK
21.252,176.2591737287254,-531.9091899727125,0.520318978258774,0.3498502873164928,0.6926073475557407,0.2527039153650479,0.7372680697880682,176.2591737287254,-531.0,0.909189972712511,179.0,-531.0,0.32029886532043816,-0.20002011293833588,0.26273193021193175,66.33383772236732,94.07751173806514,TRACK
21.3,176.29231849872636,-531.8967077621135,0.5162401663500749,0.3534639761764941,0.6918753905016524,0.25527366393865536,0.7374660666650904,176.29231849872636,-531.0,0.8967077621134649,179.0,-531.0,0.31980391636965455,-0.1964362499804203,0.2625339333349096,28.45889782516018,131.6762456485343,TRACK
21.352,176.32811635836407,-531.8829250794773,0.5152304114613098,0.35838489897382353,0.690666136002976,0.25869593776487043,0.7375251179704506,176.32811635836407,-531.0,0.8829250794773316,179.0,-531.0,0.3191536949387575,-0.19607671652255226,0.2624748820295494,28.45889782516018,131.6762456485343,TRACK
21.4,176.36105671732759,-531.8699568365325,0.5106713169027257,0.36421891525028394,0.6891231058442391,0.26271246435295825,0.7375015213101697,176.36105671732759,-531.0,0.8699568365325376,179.0,-531.0,0.3184418742125924,-0.1922294426901333,0.26249847868983034,53.103410500284006,106.90148801370958,TRACK
21.452,176.39669056168717,-531.855748632183,0.5091546832446865,0.36953654027578514,0.6877732019882236,0.2663952464897104,0.737562475133766,176.39669056168717,-531.0,0.8557486321830083,179.0,-531.0,0.3175889252721184,-0.19156575797256808,0.26243752486623395,53.103410500284006,106.90148801370958,TRACK
21.5,176.42953268265032,-531.8424800570366,0.5105888925848228,0.37458614562340564,0.6865263799820103,0.26990693732757187,0.7376775889429971,176.42953268265032,-531.0,0.842480057036596,179.0,-531.0,0.3167204659168574,-0.1938684266679654,0.26232241105700294,53.99707091181939,106.09860571109091,TRACK
21.552,176.46505551559372,-531.827934674655,0.5089099799368046,0.37950705804032536,0.6853381379534998,0.27334112144666234,0.7378371988503218,176.46505551559372,-531.0,0.8279346746550118,179.0,-531.0,0.31568613607866713,-0.1932238438581375,0.26216280114967816,53.99707091181939,106.09860571109091,TRACK
21.6,176.4977971949069,-531.8143533783503,0.5035197569899639,0.38430251475355837,0.6842112013283413,0.2767020144951732,0.738044018232557,176.4977971949069,-531.0,0.8143533783503472,179.0,-531.0,0.31464300173673726,-0.1888767552532266,0.26195598176744295,51.32933225509495,108.49484234474409,TRACK
21.652,176.5332062472392,-531.7994566685271,0.5083821212578372,0.38917866152527125,0.6830674407924486,0.28012262553977996,0.7382748905455508,176.5332062472392,-531.0,0.7994566685271138,179.0,-531.0,0.31340622372613725,-0.19497589753169997,0.26172510945444916,51.32933225509495,108.49484234474409,TRACK
21.7,176.56584359094455,-531.7855497173935,0.5027867250125362,0.39395188050488816,0.6819744676999163,0.2834845586171527,0.7385476758943502,176.56584359094455,-531.0,0.7855497173934509,179.0,-531.0,0.3121678759986967,-0.19061884901383946,0.2614523241056498,50.6291817487839,108.87150008575838,TRACK
21.752,176.60115458482724,-531.7703239791979,0.5011213811894675,0.3985581289567997,0.680953555138431,0.2867458932636258,0.7388646368308764,176.60115458482724,-531.0,0.7703239791978831,179.0,-531.0,0.31072112600800783,-0.19040025518145964,0.26113536316912356,50.6291817487839,108.87150008575838,TRACK
21.8,176.63370932647766,-531.7561250323567,0.5017578687266631,0.40301556086191337,0.6799981353742476,0.2899188180046207,0.7392228250978523,176.63370932647766,-531.0,0.7561250323567492,179.0,-531.0,0.30928581320073983,-0.19247205552592322,0.2607771749021477,53.198081024639045,105.90094971390448,TRACK
21.852,176.66894840988144,-531.7406128692737,0.4935142784814228,0.4070997849022385,0.6791849262879396,0.2928560216849425,0.7396328910573714,176.66894840988144,-531.0,0.7406128692737184,179.0,-531.0,0.30762991765863545,-0.18588436082278736,0.2603671089426286,53.198081024639045,105.90094971390448,TRACK
21.9,176.70144916290914,-531.7261704825933,0.49438372623252347,0.4109762939996659,0.6784548595808504,0.2956654836402174,0.7400804515085336,176.70144916290914,-531.0,0.7261704825932611,179.0,-531.0,0.3060024235567665,-0.18838130267575698,0.25991954849146637,53.58807804060422,104.99764621985398,TRACK
21.952,176.73662824629875,-531.710391409598,0.488335994010235,0.414711511161291,0.6777779507729735,0.298387863373062,0.7405526771016039,176.73662824629875,-531.0,0.7103914095979462,179.0,-531.0,0.304127233147254,-0.184208760862981,0.2594473228983961,53.58807804060422,104.99764621985398,TRACK
22.0,176.76907538404274,-531.6957071672225,0.4860499400282998,0.4183099483501847,0.6771493807190083,0.3010247118467286,0.7410446416718378,176.76907538404274,-531.0,0.6957071672225084,179.5,-531.0,0.2494456478720446,-0.23660429215625522,0.2589553583281622,52.49554122964424,105.50714652123679,TRACK
22.052,176.80418879456306,-531.6796544582797,0.48680149079384294,0.4219854974580263,0.676487360584925,0.3037131421228379,0.7415367972860722,176.80418879456306,-531.0,0.6796544582797424,179.5,-531.0,0.24696826427675103,-0.2398332265170919,0.25846320271392775,52.49554122964424,105.50714652123679,TRACK
22.1,176.8365688776087,-531.6647085136693,0.4848363564194911,0.4256494094992866,0.6758215565879677,0.3063943884974676,0.7420325448736873,176.8365688776087,-531.0,0.6647085136693249,179.5,-531.0,0.2445725055377434,-0.24026385088174768,0.2579674551263127,22.660528635837096,134.76790544006343,TRACK
22.148,176.87155657569687,-531.6482748706258,0.4823693910836799,0.4303672344279259,0.6747781335295,0.30976741147045816,0.7424832514600339,176.87155657569687,-531.0,0.6482748706257553,179.5,-531.0,0.24181223507715366,-0.24055715600652622,0.2575167485399661,22.660528635837096,134.76790544006343,TRACK
22.196,176.90377339647029,-531.6328901364346,0.4761455034921871,0.43567548983829957,0.6735201049336583,0.3135291709326891,0.7429198293056832,176.90377339647029,-531.0,0.6328901364346393,179.5,-531.0,0.2391094936452648,-0.2370360098469223,0.25708017069431677,40.23968252513622,116.68692237468251,TRACK
22.252,176.93863764588983,-531.6160849431094,0.4732560206185406,0.44040025649961223,0.672451285453795,0.31690583925690263,0.7433841821451295,176.93863764588983,-531.0,0.6160849431093993,179.5,-531.0,0.23604622337948689,-0.23720979723905372,0.25661581785487053,40.23968252513622,116.68692237468251,TRACK
22.296,176.97078291607684,-531.600440361869,0.4733455266704303,0.44479384636741637,0.6714859306586143,0.3200638670615254,0.7438643922589945,176.97078291607684,-531.0,0.6004403618690048,179.5,-531.0,0.23308671974818024,-0.24025880692225005,0.2561356077410055,41.75352646948785,114.70028705441048,TRACK
22.352,177.00556689997438,-531.5833506962065,0.47029747897090807,0.4489557612422159,0.670588823469238,0.32306810939544617,0.7443536615549122,177.00556689997438,-531.0,0.5833506962064803,179.5,-531.0,0.22973232557521558,-0.24056515339569248,0.2556463384450878,41.75352646948785,114.70028705441048,TRACK
22.396,177.03763922904528,-531.5674475994401,0.47025584809151927,0.4529392861644011,0.669743468063657,0.3259543516950214,0.7448506913488477,177.03763922904528,-531.0,0.5674475994401291,179.5,-531.0,0.22649441030484185,-0.24376143778667742,0.25514930865115226,38.40095116257811,117.48453086682736,TRACK
22.452,177.07233265607692,-531.5500571673836,0.4670798754719947,0.4570450522399436,0.6688467054158698,0.3289213135979181,0.7453490094476837,177.07233265607692,-531.0,0.5500571673835566,179.5,-531.0,0.22281634983075888,-0.24426352564123582,0.2546509905523163,38.40095116257811,117.48453086682736,TRACK
22.5,177.10431489416473,-531.5338648379524,0.4596518704298531,0.4611182987125196,0.6679541779105798,0.3318679226077584,0.7458546117335385,177.10431489416473,-531.0,0.5338648379523647,179.5,-531.0,0.2192616981032177,-0.24039017232663543,0.2541453882664615,37.091839499808366,118.23270358373796,TRACK
22.552,177.1389181827549,-531.5161766525339,0.45686104378085934,0.46512252420306033,0.6670769657680656,0.33476924385787993,0.7463659456938705,177.1389181827549,-531.0,0.5161766525338862,179.5,-531.0,0.21523239834134136,-0.24162864543951798,0.2536340543061295,37.091839499808366,118.23270358373796,TRACK
22.6,177.1708210087801,-531.4997183368359,0.44979127039562816,0.4690319922498042,0.6662248008496692,0.33760856047180765,0.746883542040543,177.1708210087801,-531.0,0.49971833683594014,179.5,-531.0,0.2113431229076614,-0.23844814748796675,0.25311645795945703,39.16957719284089,115.58431410949679,TRACK
22.648,177.20535482783274,-531.4817777119537,0.4487949055382216,0.47257180835117957,0.6654852872526561,0.3401997702450421,0.7473998603321582,177.20535482783274,-531.0,0.4817777119536686,179.5,-531.0,0.2069513838655549,-0.2418435216726667,0.2526001396678418,39.16957719284089,115.58431410949679,TRACK
22.696,177.2372076691383,-531.4651177599347,0.4458441467947581,0.4758410386497663,0.6648257379005393,0.3426086674639546,0.7479130703473654,177.2372076691383,-531.0,0.465117759934742,179.5,-531.0,0.20272669581470829,-0.2431174509800498,0.2520869296526346,37.6714747622077,116.50475635523168,TRACK
22.752,177.2716881497476,-531.4469642070975,0.4422555140820086,0.47891497795561044,0.6642168875826848,0.34488300871766264,0.7484172388796081,177.2716881497476,-531.0,0.4469642070974942,180.0,-531.0,0.16238201602428667,-0.2798734980577219,0.2515827611203919,37.6714747622077,116.50475635523168,TRACK
22.8,177.30349574821395,-531.4301209232567,0.434291753007612,0.48174702776925793,0.6636713824124927,0.34698956700553524,0.7489068456383597,177.30349574821395,-531.0,0.4301209232567089,180.0,-531.0,0.1581780099295247,-0.27611374307808734,0.25109315436164026,17.536851304164003,136.08780600762984,TRACK
22.852,177.33789034106834,-531.4116954159808,0.43797609642695323,0.48527190121451974,0.6628884658573353,0.3495610559873983,0.7494091339380089,177.33789034106834,-531.0,0.41169541598083015,180.0,-531.0,0.1534345511758237,-0.2845415452511295,0.2505908660619911,17.536851304164003,136.08780600762984,TRACK
22.9,177.3695898792371,-531.3945427766308,0.4303095108162441,0.4890262803149265,0.662019968621196,0.35228601498557555,0.7499172455728875,177.3695898792371,-531.0,0.3945427766308285,180.0,-531.0,0.14888297945714216,-0.2814265313591019,0.2500827544271125,27.190439206566744,125.90120466796287,TRACK
22.952,177.40389909134998,-531.3758535014166,0.42623827857911034,0.49244725418363894,0.6612403688250268,0.3547791082979235,0.7504045849063872,177.40389909134998,-531.0,0.3758535014166,180.0,-531.0,0.143777176858107,-0.28246110172100336,0.24959541509361283,27.190439206566744,125.90120466796287,TRACK
22.996,177.43553336162736,-531.3584917365846,0.4182896338540545,0.49577462482414,0.6604727938421682,0.3572026222936785,0.7508781690655013,177.43553336162736,-531.0,0.35849173658459677,180.0,-531.0,0.13889186381909002,-0.27939777003496447,0.2491218309344987,29.275133139246222,123.26682303758453,TRACK
23.052,177.46976996325066,-531.3395786101871,0.4140363831495828,0.4989028815196287,0.6597459807695658,0.3594815937046907,0.7513266768550553,177.46976996325066,-531.0,0.3395786101871181,180.0,-531.0,0.13341140360842457,-0.2806249795411582,0.24867332314494472,29.275133139246222,123.26682303758453,TRACK
23.1,177.501337197813,-531.3220161484685,0.412814795619631,0.5019873448448152,0.6590126395173113,0.3617226526063576,0.7517585626064749,177.501337197813,-531.0,0.32201614846849225,180.0,-531.0,0.12816892763525584,-0.2846458679843752,0.2482414373935251,29.039062465278924,123.03256240940831,TRACK
23.152,177.53549731159922,-531.3028827523173,0.4038752130449743,0.5049948913249338,0.6582820584780804,0.3639021982889694,0.7521702456450157,177.53549731159922,-531.0,0.3028827523172595,180.0,-531.0,0.12228492067400967,-0.28159029237096467,0.24782975435498433,29.039062465278924,123.03256240940831,TRACK
23.2,177.56700215029153,-531.2851411796534,0.39942756720602696,0.5077551883547922,0.6576061201422153,0.36590206289549954,0.7525490873555557,177.56700215029153,-531.0,0.2851411796533512,180.0,-531.0,0.11666526515827134,-0.2827623020477556,0.2474509126444443,27.457029494262684,124.19009956331473,TRACK
23.252,177.6011021311802,-531.2658367195893,0.40264290592723606,0.5103386915139541,0.6569630802277157,0.3677702066978862,0.7528980101693017,177.6011021311802,-531.0,0.2658367195892879,180.0,-531.0,0.11036588623795843,-0.29227701968927766,0.2471019898306983,27.457029494262684,124.19009956331473,TRACK
23.296,177.63256068532246,-531.2479638129332,0.3942361872521165,0.5125544250068242,0.6564112927686641,0.36937391205410475,0.7532017473296131,177.63256068532246,-531.0,0.24796381293322156,180.0,-531.0,0.10435874185675588,-0.28987744539536064,0.2467982526703869,21.806486022926876,129.49877865828302,TRACK
23.352,177.66661680045516,-531.2285364080007,0.38962126484987897,0.5146053429566834,0.6558911921543413,0.3708544221890146,0.7534761166770921,177.66661680045516,-531.0,0.22853640800065023,180.0,-531.0,0.09763069721275147,-0.2919905676371275,0.24652388332290787,21.806486022926876,129.49877865828302,TRACK
23.4,177.69803257959262,-531.2105485298274,0.38724408888738315,0.5164980070600498,0.6554026644443179,0.3722169861027691,0.7537228517858141,177.69803257959262,-531.0,0.21054852982740613,180.0,-531.0,0.0912108155067745,-0.29603327338060864,0.2462771482141859,25.10211444751524,125.96081306133016,TRACK
23.452,177.7320548743208,-531.1910305497278,0.378543290674086,0.5180195900062258,0.6550079464053521,0.3733120608681859,0.7539212854428563,177.7320548743208,-531.0,0.19103054972777045,180.0,-531.0,0.08403231898813547,-0.29451097168595053,0.2460787145571437,25.10211444751524,125.96081306133016,TRACK
23.496,177.763444606732,-531.1729741507303,0.37451094099321636,0.5194165298691202,0.6546386306619179,0.3743140822543358,0.7540973205951713,177.763444606732,-531.0,0.17297415073028333,180.5,-531.0,0.06312473637520373,-0.31138620461801264,0.24590267940482868,23.340578971907945,127.54470506512419,TRACK
23.552,177.79742810662924,-531.1533574563298,0.3696209875219012,0.5208524383353169,0.6542502053923878,0.3753395965455888,0.754269941062871,177.79742810662924,-531.0,0.15335745632978615,180.5,-531.0,0.05668421644705785,-0.31293677107484336,0.24573005893712896,23.340578971907945,127.54470506512419,TRACK
23.6,177.8287794657979,-531.1352049508173,0.36780265193265915,0.522247534430846,0.653866294109908,0.37633275711652936,0.7544318886764751,177.8287794657979,-531.0,0.13520495081729678,180.5,-531.0,0.05057226267420201,-0.31723038925845715,0.24556811132352485,14.282730985670042,136.45956944991607,TRACK
23.652,177.86270711512302,-531.1154471517798,0.3627832021832187,0.5240312185110709,0.6533722693212055,0.37760147795511667,0.7546377928992362,177.86270711512302,-531.0,0.11544715177979015,180.5,-531.0,0.04374694053011418,-0.3190362616531045,0.24536220710076384,14.282730985670042,136.45956944991607,TRACK
23.7,177.89400233896944,-531.0971512233061,0.35366047130853184,0.5257840063405756,0.6528863156056604,0.37884877245795356,0.7548423236001226,177.89400233896944,-531.0,0.09715122330612758,180.5,-531.0,0.0372626022354164,-0.31639786907311546,0.2451576763998774,16.829355625490727,133.70075447836376,TRACK
23.752,177.9278926899837,-531.0773005544607,0.3484212693496611,0.5272120104001347,0.6524842369704599,0.3798619731723372,0.7550038398295101,177.9278926899837,-531.0,0.07730055446074857,180.5,-531.0,0.030044350784360012,-0.3183769185653011,0.24499616017048986,16.829355625490727,133.70075447836376,TRACK
23.8,177.95916578716387,-531.0589552254172,0.33907989860087207,0.5283704682126634,0.6521477543028003,0.38067830683783327,0.7551242723811128,177.95916578716387,-531.0,0.05895522541720766,180.5,-531.0,0.023198935356420865,-0.3158809632444512,0.2448757276188872,18.79440809518149,131.53514841656397,TRACK
23.852,177.99304382194447,-531.0390884546122,0.3359124329309558,0.5290720171193395,0.65192127439701,0.3811595490938866,0.7551714705130727,177.99304382194447,-531.0,0.0390884546121697,180.5,-531.0,0.01559073421910795,-0.32032169871184785,0.24482852948692735,18.79440809518149,131.53514841656397,TRACK
23.9,178.0243128788368,-531.0207538198592,0.33136995050531914,0.529509797084284,0.6517523681980548,0.38144375198449576,0.7551691766616155,178.0243128788368,-531.0,0.02075381985923741,180.5,-531.0,0.00838285805178573,-0.3229870924535334,0.24483082333838446,17.27598575054045,133.06186569372872,TRACK
23.952,178.05818282908695,-531.0008915778126,0.32586725519704474,0.5298141075894576,0.6516098583200192,0.38162660641163937,0.7551385794548573,178.05818282908695,-531.0,0.0008915778125810903,180.5,-531.0,0.000365128799805382,-0.32550212639723936,0.2448614205451427,17.27598575054045,133.06186569372872,TRACK
24.0,178.08944642194086,-530.9825684873147,0.32345526753664644,0.529922648919047,0.6515101058011727,0.3816631623815374,0.755070981749485,178.08944642194086,-531.0,0.017431512685334383,180.5,-531.0,-0.0072312057320416765,-0.3306864732686881,0.24492901825051505,14.997702894956873,135.4598755659988,TRACK
24.052,178.12330938394845,-530.9627146580749,0.3178399103347491,0.5300492778703886,0.6514053515141529,0.3817125985079524,0.7550055892779671,178.12330938394845,-531.0,0.03728534192509869,180.5,-531.0,-0.015686637271079645,-0.3335265476058288,0.24499441072203287,14.997702894956873,135.4598755659988,TRACK
24.1,178.1545680079128,-530.9444006645656,0.3070970185052717,0.5300239833541667,0.6513409448907911,0.38165272503554587,0.7549197500518094,178.1545680079128,-531.0,0.055599335434408204,180.5,-531.0,-0.02370093208827119,-0.3307979505935429,0.24508024994819055,12.315086847889987,138.26641807343077,TRACK
24.152,178.18843200293057,-530.9245714579822,0.30228880967841376,0.5299210812464269,0.6513023498756265,0.3815400848150945,0.7548295087463278,178.18843200293057,-531.0,0.07542854201778937,180.5,-531.0,-0.03261932494049198,-0.33490813461890573,0.24517049125367218,12.315086847889987,138.26641807343077,TRACK
24.2,178.21969449870554,-530.9062845922881,0.2986337143678435,0.5296955997837021,0.6513022257783045,0.3813427841493552,0.7547296922253393,178.21969449870554,-531.0,0.09371540771189757,180.5,-531.0,-0.041074627293291664,-0.3397083416611351,0.24527030777466075,14.006545546896767,136.6937103457698,TRACK
24.252,178.25357648834893,-530.8865233381317,0.2885696745022208,0.5291034441401407,0.6513983001248735,0.3808812511342451,0.754579533827391,178.25357648834893,-531.0,0.1134766618682761,181.0,-531.0,-0.04129448812401424,-0.3298641626262351,0.24542046617260904,14.006545546896767,136.6937103457698,TRACK
24.3,178.28486599583667,-530.8683274949544,0.2835952995611579,0.5282728321869101,0.6515615538459426,0.380250836405034,0.7544025165896964,178.28486599583667,-531.0,0.1316725050455716,181.0,-531.0,-0.04845780210676301,-0.3320531016679209,0.24559748341030363,16.85341087059099,134.0218781133011,TRACK
24.352,178.31878514141587,-530.848684975316,0.27240021573087875,0.527096064322307,0.6518169513983578,0.3793723104602621,0.7541808059571701,178.31878514141587,-531.0,0.1513150246839814,181.0,-531.0,-0.056375447695484526,-0.3287756634263633,0.24581919404282992,16.85341087059099,134.0218781133011,TRACK
24.4,178.35011873692287,-530.8306265106153,0.2747238578953346,0.5256048119101584,0.6521551523140989,0.3782683069087637,0.7539185995195027,178.35011873692287,-531.0,0.16937348938472496,181.0,-531.0,-0.06383055755655927,-0.33855441545189385,0.24608140048049731,15.586592096723997,135.5835402244483,TRACK
24.452,178.3840870865318,-530.8111296796329,0.2686584560188583,0.524015211829017,0.6525339713719247,0.3771030695641846,0.7536625961722833,178.3840870865318,-531.0,0.18887032036707296,181.0,-531.0,-0.07207547070897623,-0.34073392672783454,0.24633740382771674,15.586592096723997,135.5835402244483,TRACK
24.496,178.41546935690792,-530.7932073750386,0.2583456980365564,0.5222245719996558,0.6529761362176891,0.37580046621698754,0.7533948665067258,178.41546935690792,-531.0,0.20679262496139472,181.0,-531.0,-0.07984158611784327,-0.33818728415439964,0.24660513349327418,8.896664061476898,142.61923864586043,TRACK
24.552,178.44949096744483,-530.7738460910305,0.25218325481593795,0.520529778832447,0.6534260979245538,0.37458663771122547,0.7531804661571551,178.44949096744483,-531.0,0.22615390896953613,181.0,-531.0,-0.08843881094699313,-0.3406220657629311,0.24681953384284494,8.896664061476898,142.61923864586043,TRACK
24.596,178.480922924344,-530.7560368027719,0.24170492383513276,0.518769176943785,0.6539183160406232,0.37334070806461456,0.7529890094494024,178.480922924344,-531.0,0.24396319722814042,181.0,-531.0,-0.09654517397708826,-0.33825009781222104,0.2470109905505976,12.722676492272328,139.04030024413441,TRACK
24.652,178.51501638287294,-530.7368546481293,0.237535989176904,0.5165733450731136,0.6545221070636201,0.37178211648974274,0.7527424066548886,178.51501638287294,-531.0,0.2631453518706621,181.0,-531.0,-0.10550102411299275,-0.3430370132898968,0.24725759334511144,12.722676492272328,139.04030024413441,TRACK
24.7,178.546525696097,-530.7192440726294,0.2311800965829436,0.5141520625163625,0.6551947785168234,0.3700688220719925,0.7524833093600557,178.546525696097,-531.0,0.28075592737059196,181.0,-531.0,-0.11393638666561395,-0.3451164832485576,0.2475166906399443,11.226546602646238,140.75519852674282,TRACK
24.752,178.58070278969106,-530.7002653305495,0.220498897015577,0.5116180665134966,0.6559147359959097,0.3682862675766675,0.75223594422371,178.58070278969106,-531.0,0.29973466945045857,181.0,-531.0,-0.12326515411839513,-0.3437640511339721,0.24776405577629002,11.226546602646238,140.75519852674282,TRACK
24.8,178.6122935398675,-530.6828503363602,0.222626841312614,0.5088893180969664,0.6566937984338328,0.3663704065557263,0.7519800660265294,178.6122935398675,-531.0,0.31714966363983876,181.0,-531.0,-0.13205309564685172,-0.35467993695946576,0.24801993397347055,11.487201689702502,140.80796145157046,TRACK
24.852,178.6465638978265,-530.6640911035395,0.21614917298874728,0.5060725292877478,0.6575168398598927,0.3644048313235239,0.7517441558078558,178.6465638978265,-531.0,0.33590889646052347,181.0,-531.0,-0.14177368567642776,-0.35792285866517504,0.2482558441921442,11.487201689702502,140.80796145157046,TRACK
24.9,178.6782455347044,-530.6468843401327,0.20531489634051847,0.5030883944321219,0.6583978814768983,0.3623291235345987,0.7515119187974455,178.6782455347044,-531.0,0.3531156598672851,181.0,-531.0,-0.15093333782472348,-0.356248234165242,0.2484880812025545,4.203353083077971,148.35504837326,TRACK
24.948,178.71261316014048,-530.6283248331865,0.19872902772943843,0.5003128199054424,0.6592791787798068,0.36043368858914293,0.7513730627608044,178.71261316014048,-531.0,0.3716751668134748,181.0,-531.0,-0.16108117328499846,-0.3598102010144369,0.2486269372391956,4.203353083077971,148.35504837326,TRACK
25.0,178.74438547490308,-530.6112865416954,0.19417144472931258,0.49748620664829624,0.6602045946842141,0.3585194397053769,0.7512697887502231,178.74438547490308,-531.0,0.38871345830455084,181.0,-531.0,-0.17065530317319788,-0.36482674790251046,0.2487302112497769,7.654539859268837,145.04693900258928,TRACK
25.052,178.7788685752135,-530.5929749849267,0.18096173510022773,0.4942240594048017,0.6612307770955806,0.3562884986748012,0.7511109337949816,178.7788685752135,-531.0,0.40702501507325906,181.5,-531.0,-0.14847850893547648,-0.3294402440357042,0.24888906620501838,7.654539859268837,145.04693900258928,TRACK
25.1,178.81075663299012,-530.576195901038,0.1762570831468746,0.49077890084493614,0.662317093066687,0.35393501082752055,0.7509553406546781,178.81075663299012,-531.0,0.4238040989620231,181.5,-531.0,-0.15630680165594504,-0.3325638848028196,0.24904465934532194,23.72517444731183,129.06535455466957,TRACK
25.152,178.8453793874149,-530.5582306324475,0.16508336215599995,0.4865341283263034,0.6635438806601914,0.3509778340893395,0.7506503324342368,178.8453793874149,-531.0,0.4417693675525243,181.5,-531.0,-0.164904051195627,-0.32998741335162696,0.24934966756576316,23.72517444731183,129.06535455466957,TRACK
25.2,178.8774071799851,-530.5418246593017,0.15834420359322054,0.4819385761283206,0.6648395099202065,0.347762479679282,0.7503001507554315,178.8774071799851,-531.0,0.4581753406982898,181.5,-531.0,-0.1729576649674242,-0.33130186856064475,0.24969984924456845,13.250326326493543,139.89429826271706,TRACK
25.252,178.91216878252322,-530.5241738170614,0.16040574927368834,0.4777072124672967,0.6661180062238861,0.34484935763970953,0.7500895131117388,178.91216878252322,-531.0,0.47582618293859014,181.5,-531.0,-0.18183955955823045,-0.3422453088319188,0.24991048688826123,13.250326326493543,139.89429826271706,TRACK
25.3,178.94432211509348,-530.5080136336569,0.14928152666922934,0.47351429459883587,0.6674280873703319,0.34198675312368226,0.7499434586173132,178.94432211509348,-531.0,0.4919863663430988,181.5,-531.0,-0.19018066304899905,-0.3394621897182284,0.25005654138268685,6.952763176975907,146.55132068863853,TRACK
25.352,178.97922648185008,-530.490632774885,0.1446678652216824,0.4694886553566864,0.6687614945754731,0.33927793895703284,0.7499009644544755,178.97922648185008,-531.0,0.5093672251150565,181.5,-531.0,-0.19938306129206082,-0.34405092651374325,0.2500990355455245,6.952763176975907,146.55132068863853,TRACK
25.4,179.01151785336876,-530.4747274861048,0.1378394384041426,0.46535355830131075,0.6701528887977848,0.33650672434377005,0.7498944391663337,179.01151785336876,-531.0,0.5252725138951746,181.5,-531.0,-0.2080277772366305,-0.34586721564077305,0.2501055608336663,9.717133153345543,143.70205963981599,TRACK
25.452,179.0465851667995,-530.4576918023997,0.12652453578200462,0.4607584541596491,0.6716293719639395,0.3333926265308684,0.749824417253684,179.0465851667995,-531.0,0.5423081976002777,181.5,-531.0,-0.2175441678270001,-0.3440687036090047,0.250175582746316,9.717133153345543,143.70205963981599,TRACK
25.496,179.0790331121265,-530.4421384962972,0.12076606072971652,0.4559354118698043,0.6731586931192266,0.33011473090957427,0.74974553128744,179.0790331121265,-531.0,0.5578615037028385,181.5,-531.0,-0.2264760016960683,-0.3472420624257848,0.25025446871255996,9.978443244301829,143.4261181327218,TRACK
25.552,179.11427002193767,-530.4254701709435,0.10820213218244334,0.45100419376928863,0.674724658871947,0.3267652265099201,0.7496858532385046,179.11427002193767,-531.0,0.5745298290564733,181.5,-531.0,-0.23631951735796344,-0.34452164954040676,0.25031414676149544,9.978443244301829,143.4261181327218,TRACK
25.6,179.1468752141906,-530.4102463274056,0.11017234797939279,0.4460436072149225,0.6763172217777063,0.3234045896953739,0.7496635999627754,179.1468752141906,-531.0,0.5897536725943837,181.5,-531.0,-0.2455675208567979,-0.3557398688361907,0.25033640003722457,9.483106548966546,144.02914901243582,TRACK
25.652,179.18228173857463,-530.3939022253617,0.10318675348897566,0.4412913870077983,0.6779193390480176,0.3202213624439313,0.7497441905215062,179.18228173857463,-531.0,0.6060977746383287,181.5,-531.0,-0.2557784003942775,-0.3589651538832532,0.2502558094784938,9.483106548966546,144.02914901243582,TRACK
25.7,179.21504433436607,-530.3789521651336,0.09050623849483808,0.4366699074406536,0.6795414980271313,0.3171547414184719,0.749909179531212,179.21504433436607,-531.0,0.621047834866431,181.5,-531.0,-0.26538749973575926,-0.35589373823059733,0.25009082046878806,1.7626647828427764,151.61769326747412,TRACK
25.752,179.25062021230195,-530.3628516292396,0.08675271982321987,0.4325776176378002,0.681154998286085,0.31451957351622084,0.7502630830681607,179.25062021230195,-531.0,0.6371483707604284,182.0,-531.0,-0.22772278754400577,-0.3144755073672256,0.2497369169318393,1.7626647828427764,151.61769326747412,TRACK
25.8,179.28354049638202,-530.348106523615,0.0729444742600931,0.4285593405166779,0.6827944869697411,0.31195411796469563,0.7506821452195351,179.28354049638202,-531.0,0.6518934763849984,182.0,-531.0,-0.2355252082930994,-0.3084696825531925,0.24931785478046486,29.005907778036928,123.8554486192185,TRACK
25.852,179.31930397560663,-530.3324330777899,0.06579053525111522,0.4231273051949948,0.684532142080614,0.30826452357667483,0.7507404811500631,179.31930397560663,-531.0,0.6675669222100851,182.0,-531.0,-0.24406312219040072,-0.30985365744151594,0.2492595188499369,29.005907778036928,123.8554486192185,TRACK
25.9,179.35240294592376,-530.3181942247197,0.06095369035997722,0.4172237094421664,0.6862925509147918,0.3041969106283582,0.750688501228685,179.35240294592376,-531.0,0.6818057752802815,182.0,-531.0,-0.2520424807580344,-0.31299617111801165,0.24931149877131498,16.24747695482548,136.37215397843033,TRACK
25.952,179.3883490172079,-530.302946290082,0.05516519082481186,0.41160875704756766,0.6880348686609535,0.30035832120082434,0.7507377049328701,179.3883490172079,-531.0,0.6970537099180092,182.0,-531.0,-0.2608216735415799,-0.3159868643663918,0.24926229506712994,16.24747695482548,136.37215397843033,TRACK
26.0,179.4216129938917,-530.2890490095974,0.04253634291718633,0.4060553234700457,0.6897724946156596,0.29656724564720105,0.7508250298964982,179.4216129938917,-531.0,0.7109509904025799,182.0,-531.0,-0.2690492075652144,-0.3115855504824007,0.24917497010350176,11.372308651514643,141.4922019253259,TRACK
26.052,179.45773962839078,-530.2741588731841,0.038988200589917595,0.40076543934940256,0.6915121613978601,0.2929907816834663,0.7510210832677261,179.45773962839078,-531.0,0.725841126815908,182.0,-531.0,-0.2781109147761151,-0.3170991153660327,0.2489789167322739,11.372308651514643,141.4922019253259,TRACK
26.1,179.49117366654693,-530.2605887606231,0.03203380744741602,0.39544122813453597,0.6932727664638212,0.289392745517885,0.7512491529970462,179.49117366654693,-531.0,0.7394112393768637,182.0,-531.0,-0.2866093924262319,-0.3186431998736479,0.2487508470029538,12.38321941545177,140.180300041416,TRACK
26.148,179.52748742537827,-530.2460892894832,0.026226263271551534,0.3899944165816339,0.6950468287970479,0.28569787879796527,0.7514741327354454,179.52748742537827,-531.0,0.7539107105168341,182.0,-531.0,-0.29596152635634926,-0.3221877896279008,0.2485258672645546,12.38321941545177,140.180300041416,TRACK
26.2,179.56109372470138,-530.2328809012982,0.021503437320407937,0.384562809396519,0.696826371282441,0.2820147850670647,0.751730889821003,179.56109372470138,-531.0,0.7671190987017553,182.0,-531.0,-0.3047368898033756,-0.32624032712378354,0.248269110178997,9.652125081148597,142.57605170778885,TRACK
26.252,179.59759307733313,-530.2187497910995,0.0076712444900353125,0.37924770637339394,0.6986058609703709,0.27842285201573647,0.7520435050625263,179.59759307733313,-531.0,0.7812502089004738,182.0,-531.0,-0.31440806770095875,-0.32207931219099406,0.24795649493747374,9.652125081148597,142.57605170778885,TRACK
26.3,179.6313704656019,-530.2058575844549,0.002899063024972559,0.37412133297805367,0.7003872657571066,0.27498052726090627,0.7524337927069743,179.6313704656019,-531.0,0.7941424155451386,182.0,-531.0,-0.32349709161593865,-0.3263961546409112,0.2475662072930257,10.908044882077178,140.94780320928305,TRACK
26.352,179.66805544050902,-530.1920542316288,-0.0029673876959610546,0.3691315720924983,0.7021698230785871,0.27164452520239407,0.7528832635373485,179.66805544050902,-531.0,0.8079457683711553,182.0,-531.0,-0.33352542570181337,-0.3305580380058523,0.24711673646265153,10.908044882077178,140.94780320928305,TRACK
26.4,179.702004219875,-530.1794631308377,-0.006578544519295848,0.36423480529114743,0.7039535678779654,0.2683790513170679,0.7533776880914158,179.702004219875,-531.0,0.8205368691623107,182.0,-531.0,-0.3429560490963759,-0.33637750457708004,0.2466223119085842,5.87942289107815,145.37719980579786,TRACK
26.452,179.73887472055884,-530.1659449082163,-0.013648890902533404,0.3597432279947602,0.7057366506465543,0.26543442023108693,0.7540024214213307,179.73887472055884,-531.0,0.834055091783739,182.0,-531.0,-0.35338321321127375,-0.33973432230874034,0.24599757857866933,5.87942289107815,145.37719980579786,TRACK
26.5,179.77299405021816,-530.1536031759645,-0.026595260827767527,0.35530379708858667,0.7075156016861368,0.2625241708195703,0.7546504269486628,179.77299405021816,-531.0,0.8463968240355371,182.5,-531.0,-0.30094854264108395,-0.2743532818133164,0.2453495730513372,3.2472564922130687,147.25179445536637,TRACK
26.552,179.81004745223183,-530.1403738202338,-0.03257471741248241,0.35096499804215564,0.7092830392649154,0.2596844515277275,0.7553267135181518,179.81004745223183,-531.0,0.8596261797662237,182.5,-531.0,-0.3093121780687575,-0.2767374606562751,0.24467328648184816,3.2472564922130687,147.25179445536637,TRACK
26.6,179.8443328465791,-530.1283028451021,-0.04446418826805254,0.346602307982316,0.7110316426377612,0.256812420494839,0.7559885026589829,179.8443328465791,-531.0,0.8716971548979018,182.5,-531.0,-0.3171599007878471,-0.2726957125197946,0.24401149734101713,38.19576616772903,111.47044684806625,TRACK
26.652,179.8815531074172,-530.1155615532113,-0.05165605892870917,0.3407249726278258,0.7126915541248176,0.2526867687408126,0.7561612621772691,179.8815531074172,-531.0,0.8844384467887494,182.5,-531.0,-0.3257401589720764,-0.27408410004336725,0.2438387378227309,38.19576616772903,111.47044684806625,TRACK
26.7,179.91598039670413,-530.104051394146,-0.05515544812043372,0.33439807995982096,0.714281827898296,0.2481746428653559,0.7561674305516457,179.91598039670413,-531.0,0.8959486058539596,182.5,-531.0,-0.33375577377638094,-0.2786003256559472,0.2438325694483543,18.336349016449198,131.11873861102904,TRACK
26.752,179.95335750423604,-530.0917380896551,-0.06782775429679222,0.3287388655656814,0.7158598734448258,0.24419152885913248,0.7563629163139891,179.95335750423604,-531.0,0.9082619103448906,182.5,-531.0,-0.3425874175576149,-0.2747596632608227,0.2436370836860109,18.336349016449198,131.11873861102904,TRACK
26.8,179.9879332938744,-530.0805240208634,-0.0653260648720495,0.3234461576695577,0.7174240505187858,0.24049374536438578,0.7566601019098148,179.9879332938744,-531.0,0.9194759791365641,182.5,-531.0,-0.35087791846221905,-0.28555185359016955,0.2433398980901852,16.956913540744424,132.70793583895534,TRACK
26.852,180.02547170681243,-530.068535763332,-0.07212726021007132,0.31842779229533286,0.718988027612439,0.23701112941021035,0.7570456124397847,180.02547170681243,-531.0,0.9314642366680346,182.5,-531.0,-0.36001583310453783,-0.2878885728944665,0.24295438756021526,16.956913540744424,132.70793583895534,TRACK
26.9,180.06019647929546,-530.0576427311408,-0.0835957962653271,0.31336414384065936,0.720543683970196,0.23348559384355813,0.7574290217847615,180.06019647929546,-531.0,0.9423572688591548,182.5,-531.0,-0.3685910159570831,-0.284995219691756,0.24257097821523854,9.812507180912107,139.23280216453895,TRACK
26.952,180.0978943443909,-530.046010321915,-0.0879665532464009,0.3084364135943668,0.7220890250307743,0.23006069809540047,0.7578525482427549,180.0978943443909,-531.0,0.9539896780850086,182.5,-531.0,-0.3780447014439527,-0.2900781481975518,0.24214745175724506,9.812507180912107,139.23280216453895,TRACK
27.0,180.13276303274844,-530.0354403472929,-0.10192242552383513,0.30349469391635076,0.723608718877031,0.226612185381186,0.7582629231329296,180.13276303274844,-531.0,0.9645596527070666,182.5,-531.0,-0.38692273493679336,-0.28500030941295823,0.24173707686707036,12.506016073099616,136.03219994628125,TRACK
27.052,180.17060953345165,-530.024197540227,-0.10878130040681523,0.29833336237621744,0.7250817296955274,0.22297066036486995,0.7585904231677355,180.17060953345165,-531.0,0.9758024597730355,182.5,-531.0,-0.39670016225337246,-0.28791886184655724,0.2414095768322645,12.506016073099616,136.03219994628125,TRACK
27.1,180.20561249177334,-530.0139881742381,-0.11206815761432254,0.2932417647333846,0.7265330287310272,0.21937422290611658,0.7589303601205727,180.20561249177334,-531.0,0.9860118257619206,182.5,-531.0,-0.4058866072573771,-0.29381844964305454,0.2410696398794273,13.894568344576705,134.2725291604468,TRACK
27.152,180.24360625337397,-530.0030961314793,-0.1189311703436966,0.2883195523261362,0.7279737102178825,0.2159050711499222,0.7593159569748568,180.24360625337397,-531.0,0.9969038685206897,182.5,-531.0,-0.4160247109965776,-0.297093540652881,0.24068404302514324,13.894568344576705,134.2725291604468,TRACK
27.196,180.27874648181876,-529.9931835978381,-0.12219439085455397,0.28363175948918984,0.7294137440515497,0.21261718738139984,0.7597700167690726,180.27874648181876,-531.0,1.0068164021619168,183.0,-531.0,-0.3543645981785901,-0.23217020732403615,0.24022998323092737,7.9607947454928905,139.81323117170945,TRACK
27.252,180.3168962437726,-529.9825433129927,-0.12905796546561277,0.27955274233157906,0.730896177553534,0.20981847364200362,0.7604163426990685,180.3168962437726,-531.0,1.017456687007325,183.0,-531.0,-0.3624555045125959,-0.23339753904698313,0.23958365730093145,7.9607947454928905,139.81323117170945,TRACK
27.3,180.35218376158983,-529.9728311473043,-0.14187332498339944,0.2757053319094153,0.7323873328271497,0.2071998826783315,0.7611327063446824,180.35218376158983,-531.0,1.027168852695695,183.0,-531.0,-0.37005858905339706,-0.22818526406999762,0.23886729365531756,43.32934151484845,103.64906945547797,TRACK
27.352,180.39046201228945,-529.9625984480788,-0.14756988467601337,0.2706305107126723,0.7336938383543178,0.20355386083580068,0.7614071333394851,180.39046201228945,-531.0,1.0374015519212207,183.0,-531.0,-0.3783858161931304,-0.23081593151711702,0.23859286666051494,43.32934151484845,103.64906945547797,TRACK
27.396,180.42584083681456,-529.9533936454247,-0.158969017447131,0.2649962393097474,0.7348715904259169,0.19942836222897875,0.7614511974358233,180.42584083681456,-531.0,1.0466063545752604,183.0,-531.0,-0.38616746327112567,-0.22719844582399468,0.23854880256417665,23.102150175682446,123.38648285232432,TRACK
27.452,180.46422459138844,-529.9436065118127,-0.16547651656978957,0.25962759703203,0.7360187280241376,0.19550337322196226,0.761541290373303,180.46422459138844,-531.0,1.0563934881872683,183.0,-531.0,-0.3947307694331239,-0.22925425286333434,0.23845870962669702,23.102150175682446,123.38648285232432,TRACK
27.496,180.49970430604498,-529.9347499972534,-0.16825697983872523,0.2543746077072166,0.7371184259195762,0.19165594458905566,0.7616269263402371,180.49970430604498,-531.0,1.0652500027465521,183.0,-531.0,-0.40275933967847516,-0.23450235983974993,0.2383730736597629,23.021249721897924,123.82768538764259,TRACK
27.552,180.5381896460151,-529.9253672967614,-0.17466958721113438,0.24903983743656508,0.7381629189543224,0.18772915575661497,0.7616605089147375,180.5381896460151,-531.0,1.074632703238649,183.0,-531.0,-0.41158869631058026,-0.23691910909944588,0.23833949108526253,23.021249721897924,123.82768538764259,TRACK
27.596,180.5737555750982,-529.9169197677636,-0.17734073329933664,0.24349507920195684,0.7391407968846117,0.1836205168503841,0.7616072556295803,180.5737555750982,-531.0,1.083080232236398,183.0,-531.0,-0.4198577559738109,-0.24251702267447428,0.23839274437041968,18.289902478509752,128.50098682717677,TRACK
27.652,180.61233329354405,-529.9079682413804,-0.18368543101112955,0.23807327781294652,0.7400992382836084,0.1796039943009237,0.7615802500569612,180.61233329354405,-531.0,1.0920317586195551,183.0,-531.0,-0.428960569947263,-0.24527513893613345,0.23841974994303883,18.289902478509752,128.50098682717677,TRACK
27.7,180.64798608723316,-529.89989169953,-0.1948128589259699,0.23271829603365138,0.7410327922007803,0.1756340472882067,0.76156215615255,180.64798608723316,-531.0,1.1001083004699694,183.0,-531.0,-0.43750026972577194,-0.24268741079980205,0.23843784384745004,16.351719011689624,130.58443876970134,TRACK
27.752,180.68666074806637,-529.8913184073602,-0.1984971242839091,0.22761824286324114,0.7419815320771077,0.17186698188012126,0.7616264526682841,180.68666074806637,-531.0,1.1086815926397549,183.0,-531.0,-0.4469150747188761,-0.248417950434967,0.2383735473317159,16.351719011689624,130.58443876970134,TRACK
27.8,180.72241186359898,-529.8835452133752,-0.21234200676786696,0.22288207433169915,0.7429732132753558,0.16839307769626072,0.7618171855903004,180.72241186359898,-531.0,1.1164547866247858,183.0,-531.0,-0.45577022090387537,-0.2434282141360084,0.23818281440969957,17.21852149911534,129.62811636865922,TRACK
27.852,180.7611974259032,-529.8752773295109,-0.21873098742433464,0.2183791630875269,0.7439892579842619,0.16510471881982425,0.762088960799555,180.7611974259032,-531.0,1.1247226704890636,183.0,-531.0,-0.4655473111287399,-0.2468163237044053,0.23791103920044498,17.21852149911534,129.62811636865922,TRACK
27.9,180.79705314043747,-529.8677743716152,-0.22136960976902897,0.21413977768919196,0.7450409361688944,0.1620271352229578,0.7624557620714668,180.79705314043747,-531.0,1.1322256283848446,183.0,-531.0,-0.47475279922492775,-0.25338318945589877,0.2375442379285332,18.62551769701092,127.75557760334438,TRACK
27.948,180.83595031529703,-529.8597986702928,-0.2277564174028166,0.20997174963871765,0.7460845162183194,0.15900024294939868,0.762838896883668,180.83595031529703,-531.0,1.1402013297072244,183.0,-531.0,-0.4849221194221663,-0.2571657020193497,0.23716110311633198,18.62551769701092,127.75557760334438,TRACK
28.0,180.87189850164177,-529.8525967182546,-0.23036425353026033,0.20568186675552788,0.7470771276389792,0.15586439152858175,0.7631631170253727,180.87189850164177,-531.0,1.147403281745369,183.0,-531.0,-0.49448853238679175,-0.26412427885653145,0.23683688297462735,12.223436196788683,133.5992342300832,TRACK
28.052,180.91089129480065,-529.8449468954361,-0.23674581868211297,0.2014934985944094,0.7480516253808966,0.15280104654122412,0.7634981297024208,180.91089129480065,-531.0,1.1550531045638763,183.0,-531.0,-0.5050614364470469,-0.26831561776493396,0.2365018702975792,12.223436196788683,133.5992342300832,TRACK
28.1,180.94691949909299,-529.8380585118894,-0.24802067881040224,0.19708822732086603,0.7489392127958554,0.14954847694696186,0.7637242247175557,180.94691949909299,-531.0,1.1619414881106422,183.0,-531.0,-0.5150065814982282,-0.26698590268782596,0.23627577528244426,9.477097151049875,136.0287068664881,TRACK
28.152,180.98598492488867,-529.8307840549827,-0.25448559572464147,0.19254188242493359,0.7497508542497962,0.14616920073341044,0.7638663356185709,180.98598492488867,-531.0,1.1692159450172994,183.0,-531.0,-0.5259876333171126,-0.27150203759247116,0.23613366438142913,9.477097151049875,136.0287068664881,TRACK
28.2,181.02207470323057,-529.8242431437753,-0.26587959734262845,0.18790406696809867,0.7504926890054227,0.14270412469710042,0.763939620294795,181.02207470323057,-531.0,1.175756856224666,183.0,-531.0,-0.53632084012328,-0.2704412427806515,0.236060379705205,11.242647249122662,134.20799218492073,TRACK
28.252,181.06119828291045,-529.8173581390349,-0.2724406112793849,0.18310673772935393,0.7511520341604181,0.13909905911357565,0.7639227229698144,181.06119828291045,-531.0,1.1826418609650773,183.0,-531.0,-0.5477297940616992,-0.2752891827823143,0.23607727703018555,11.242647249122662,134.20799218492073,TRACK
28.3,181.0973412620664,-529.8111649001586,-0.27632415328938875,0.17841627692896495,0.751791378549763,0.13557342189710048,0.7639178159898107,181.0973412620664,-531.0,1.1888350998414126,183.0,-531.0,-0.5584758645550874,-0.2821517112656986,0.23608218401018932,10.14672918192614,135.43090445667497,TRACK
28.352,181.13653254266924,-529.8046104289908,-0.28183514535137055,0.1739680565010993,0.7524518616533584,0.13223935709304083,0.7639836723844206,181.13653254266924,-531.0,1.1953895710091729,183.0,-531.0,-0.5703671685033525,-0.2885320231519819,0.23601632761557945,10.14672918192614,135.43090445667497,TRACK
28.4,181.1727416882614,-529.7987054807135,-0.2945197208055803,0.16965757334135148,0.7531187300174743,0.12901249663290684,0.7640890300158675,181.1727416882614,-531.0,1.2012945192865345,183.0,-531.0,-0.581580732393357,-0.28706101158777664,0.23591096998413252,4.265511678360923,135.43090445667497,TRACK
28.452,181.21201416852483,-529.7924295663404,-0.291340250959915,0.16573757636638714,0.7538611762844609,0.12609985416863784,0.7643349045610457,181.21201416852483,-531.0,1.2075704336596118,183.0,-531.0,-0.594010893123961,-0.30267064216404604,0.2356650954389543,4.265511678360923,141.27626400709124,TRACK
28.5,181.2482989935801,-529.7867803942297,-0.30417118612941074,0.16178446923440898,0.7545866139462957,0.12315678518332078,0.7645708284283586,181.2482989935801,-531.0,1.2132196057702913,183.0,-531.0,-0.605738952873814,-0.3015677667444032,0.23542917157164145,0.8882284067659327,144.31311795896465,TRACK
28.552,181.28764315968624,-529.7808158379139,-0.30986611773761696,0.15781644888664093,0.7552978017025287,0.12019796249475484,0.7648021439853335,181.28764315968624,-531.0,1.2191841620860941,183.0,-531.0,-0.6187289457142,-0.30886282797658304,0.23519785601466647,0.8882284067659327,144.31311795896465,TRACK
28.6,181.32398263303534,-529.7754873918904,-0.3217536300510091,0.15353665024334667,0.7559188976105027,0.11698192787667432,0.7649170878039142,181.32398263303534,-531.0,1.2245126081096487,183.0,-531.0,-0.6309746308597148,-0.30922100080870574,0.2350829121960858,1.9241498336310485,142.96124064356482,TRACK
28.652,181.3633605784154,-529.7699452968893,-0.3260768661030968,0.1487375587580482,0.7563911465818989,0.11334081562679132,0.7648357386487806,181.3633605784154,-531.0,1.2300547031106817,183.0,-531.0,-0.6445073434471215,-0.3184304773440247,0.23516426135121937,1.9241498336310485,142.96124064356482,TRACK
28.7,181.3997222852121,-529.7650299757282,-0.33194566623453103,0.1437086129000923,0.7567916906708264,0.10951241362371757,0.7646741997779839,181.3997222852121,-531.0,1.2349700242717745,183.0,-531.0,-0.657259063635425,-0.32531339740089393,0.2353258002220161,-1.1687053193530659,146.25537619339462,TRACK
28.752,181.4391506084252,-529.759862241418,-0.33904706039322874,0.1390237257077358,0.7572975436395122,0.10596589594362643,0.7646753171808113,181.4391506084252,-531.0,1.2401377585820228,183.0,-531.0,-0.6713951302453378,-0.3323480698521091,0.23532468281918872,-1.1687053193530659,146.25537619339462,TRACK
28.8,181.4755644371494,-529.7552847298416,-0.34237876144584667,0.13413403244165117,0.757760904479579,0.10225552094106669,0.7646291780468742,181.4755644371494,-531.0,1.2447152701583946,183.0,-531.0,-0.6847266202257715,-0.3423478587799248,0.23537082195312575,-5.413378669198011,150.6866708996814,TRACK
28.852,181.51504985750734,-529.7504921325055,-0.35590124234235665,0.12946098188089186,0.7583118403209967,0.09872395529673576,0.7647112308057524,181.51504985750734,-531.0,1.249507867494458,183.0,-531.0,-0.6995080062615786,-0.34360676391922196,0.23528876919424757,-5.413378669198011,150.6866708996814,TRACK
28.9,181.5515237376589,-529.7462497069434,-0.3620332382583782,0.12467632594742965,0.7588580723137925,0.09510492399983808,0.7647944302129953,181.5515237376589,-531.0,1.2537502930565552,183.0,-531.0,-0.7134612062702583,-0.35142796801188014,0.2352055697870047,-7.005132341921652,152.15915575493324,TRACK
28.952,181.59106670127025,-529.7418468117631,-0.366871883778312,0.11984896808696689,0.7594123097726735,0.09145307200579655,0.7648991571531272,181.59106670127025,-531.0,1.2581531882368608,183.0,-531.0,-0.7289246351324219,-0.3620527513541099,0.23510084284687283,-7.005132341921652,152.15915575493324,TRACK
29.0,181.62759454315147,-529.7379642159194,-0.3820950835326582,0.11496310021449939,0.7599668484028377,0.08775509149756106,0.7650167101149405,181.62759454315147,-531.0,1.262035784080581,183.0,-531.0,-0.7435277409452159,-0.3614326574125577,0.23498328988505945,-13.242889481203648,158.21644041347344,TRACK
29.052,181.66720101553128,-529.7339416206556,-0.3897265816603148,0.11014969247859839,0.7605604770951291,0.08411596990277818,0.7651978408959708,181.66720101553128,-531.0,1.266058379344372,183.0,-531.0,-0.7597230570885404,-0.36999647542822556,0.23480215910402924,-13.242889481203648,158.21644041347344,TRACK
29.1,181.7037878046422,-529.7304130495094,-0.3936296928660778,0.10524625893430929,0.7611429807122332,0.08040454504496555,0.765378029441263,181.7037878046422,-531.0,1.269586950490634,183.0,-531.0,-0.7750215564490409,-0.3813918635829631,0.23462197055873701,-11.695048419949387,158.21644041347344,TRACK
29.152,181.7434438789109,-529.7268129392437,-0.40147632555774454,0.10009576796594624,0.7616588219639535,0.07649446568274582,0.765490407748919,181.7434438789109,-531.0,1.2731870607562996,183.0,-531.0,-0.7919722299661832,-0.3904959044084387,0.23450959225108103,-11.695048419949387,156.44807532574907,TRACK
29.2,181.7800623330261,-529.7237096766618,-0.40556627733493045,0.0946520476263919,0.7620877955332424,0.07234935902036378,0.7655143616231994,181.7800623330261,-531.0,1.2762903233382303,183.0,-531.0,-0.8079694535163464,-0.40240317618141597,0.2344856383768006,-20.108329986565153,164.70343125620275,TRACK
29.252,181.81976462303027,-529.7205465718406,-0.413599595483487,0.08934795385791798,0.762584019047671,0.06831721196726094,0.7656380525795974,181.81976462303027,-531.0,1.2794534281593997,183.0,-531.0,-0.8257139505209946,-0.4121143550375076,0.23436194742040262,-20.108329986565153,164.70343125620275,TRACK
29.3,181.85643440968238,-529.7178331061473,-0.4269733704683718,0.08392629458212801,0.7630634733859607,0.06419187512583321,0.7657587487244383,181.85643440968238,-531.0,1.2821668938527182,183.0,-531.0,-0.8424740226380811,-0.41550065216970933,0.23424125127556172,-24.88572583957928,169.47301124552388,TRACK
29.352,181.8961904043501,-529.7151073093896,-0.4352834849754683,0.07850910389525988,0.7635796833490529,0.060071427777572295,0.7659389722808704,181.8961904043501,-531.0,1.284892690610377,183.0,-531.0,-0.8610615894788267,-0.4257781045033584,0.23406102771912962,-24.88572583957928,169.47301124552388,TRACK
29.4,181.9329173522159,-529.7127921928596,-0.4489854182835175,0.07306102954694,0.7641274556982609,0.05592748608656368,0.7661714248468553,181.9329173522159,-531.0,1.287207807140362,183.0,-531.0,-0.8786266966166371,-0.42964127833311955,0.2338285751531447,-25.30861717831381,169.65260011501152,TRACK
29.452,181.97273113454756,-529.7105176377945,-0.45758535713041226,0.06745999898503166,0.764660227282355,0.051662371202319105,0.7664034601864407,181.97273113454756,-531.0,1.28948236220549,183.0,-531.0,-0.8981001074910219,-0.4405147503606096,0.23359653981355932,-25.30861717831381,169.65260011501152,TRACK
29.5,182.00950887234305,-529.7086338453672,-0.4624799455832438,0.061756860111078,0.7652001524923175,0.047316527730519184,0.7666616771241008,182.00950887234305,-531.0,1.291366154632783,183.0,-531.0,-0.9164972210497022,-0.4540172754664584,0.23333832287589917,-28.74151933510518,172.74695696541102,TRACK
29.552,182.04938418047493,-529.7068237735472,-0.4713231131072213,0.056014092815601144,0.7657715961615287,0.042938918736684144,0.7669745029856279,182.04938418047493,-531.0,1.2931762264528288,183.0,-531.0,-0.9368986237263307,-0.4655755106191094,0.23302549701437214,-28.74151933510518,172.74695696541102,TRACK
29.6,182.08621636249333,-529.7053819679354,-0.47646833547721545,0.05009830828729791,0.7663195313891558,0.03842346309794216,0.7672822079945124,182.08621636249333,-531.0,1.2946180320645908,183.0,-531.0,-0.9561665692119783,-0.47969823373476284,0.2327177920054876,-37.00502193981934,180.6421618535383,TRACK
29.652,182.12615952262394,-529.70404348959,-0.48557466775133756,0.04428158739024392,0.7669558885897166,0.03398423987666431,0.7677084496099,182.12615952262394,-531.0,1.295956510409951,183.0,-531.0,-0.9775399083877726,-0.49196524063643504,0.23229155039009997,-37.00502193981934,180.6421618535383,TRACK
29.7,182.16305939449168,-529.7030371158044,-0.5017742629365975,0.038319630410087055,0.7675828932856403,0.029427898107121115,0.7681467953794755,182.16305939449168,-531.0,1.2969628841956364,183.0,-531.0,-0.9977265554594414,-0.4959522925228439,0.2318532046205245,-42.594589419478524,185.7452135360517,TRACK
29.752,182.20306994706593,-529.7021917642454,-0.5074443609602262,0.03229416958471774,0.768230676808469,0.024818000031797776,0.7686314499909411,182.20306994706593,-531.0,1.2978082357545873,183.0,-531.0,-1.020103844439567,-0.5126594834793408,0.23136855000905887,-42.594589419478524,185.7452135360517,TRACK
29.8,182.24003489224583,-529.7016430739886,-0.5170935260344525,0.02617809064837233,0.7688859985289573,0.02013256647634258,0.7691495296538874,182.24003489224583,-531.0,1.2983569260113654,183.0,-531.0,-1.0412346663947782,-0.5241411403603258,0.2308504703461126,-44.85676676323277,187.40356916895388,TRACK
29.848,182.28011037813005,-529.7013106089177,-0.5344936039985,0.01991110480091962,0.7695147463414339,0.015323913879699468,0.7696673094094056,182.28011037813005,-531.0,1.2986893910823483,183.0,-531.0,-1.064642398698073,-0.5301487946995731,0.23033269059059436,-44.85676676323277,187.40356916895388,TRACK
29.9,182.31713326363158,-529.7012449958667,-0.5406608367051984,0.013553757659488203,0.7701431252372533,0.010438972518624232,0.7702138699721319,182.31713326363158,-531.0,1.2987550041333407,183.0,-531.0,-1.086733634844526,-0.5460727981393276,0.22978613002786807,-47.36000303899577,189.27948270062546,TRACK
29.952,182.35727734977453,-529.7014326459293,-0.5507731284331991,0.007164315202593171,0.7707936112125773,0.0055223028690340355,0.7708133930563889,182.35727734977453,-531.0,1.2985673540706557,183.0,-531.0,-1.111198890507655,-0.5604257620744559,0.22918660694361115,-47.36000303899577,189.27948270062546,TRACK
30.0,182.39436127779203,-529.7018566861256,-0.5682648504674486,0.000644963005095778,0.7714194890824182,0.000497537100856091,0.7714196495289356,182.39436127779203,-531.0,1.2981433138744478,183.0,-531.0,-1.1342713263409916,-0.566006475873543,0.2285803504710644,-57.568585810332095,198.8014118085904,TRACK
30.052,182.43458786395448,-529.7025559200989,-0.5749664000445303,-0.0056760659891272585,0.7721785363046603,-0.004382983397472141,0.7721909753895535,182.43458786395448,-531.0,1.2974440799010836,183.0,-531.0,-1.1598227251123918,-0.5848563250678616,0.2278090246104465,-57.568585810332095,198.8014118085904,TRACK
30.1,182.4717605612399,-529.7034402700303,-0.5856333678964364,-0.012027520198317631,0.7729669663042618,-0.00929732412499929,0.7730228788551469,182.4717605612399,-531.0,1.2965597299696583,183.0,-531.0,-1.1839130678132492,-0.5982796999168128,0.22697712114485313,-60.61122382970402,200.96852004285532,TRACK
30.152,182.51207182813314,-529.7046642768377,-0.5946619092417715,-0.01845565876502712,0.773754362956124,-0.014281768038209193,0.7738861564157447,182.51207182813314,-531.0,1.2953357231623386,183.0,-531.0,-1.210552842370123,-0.6158909331283515,0.22611384358425535,-60.61122382970402,200.96852004285532,TRACK
30.2,182.54931754405,-529.7060467454523,-0.6112554518366675,-0.024995512981367967,0.7745236811486496,-0.019363649540204454,0.7747656959259173,182.54931754405,-531.0,1.2939532545476595,183.0,-531.0,-1.2356377941147896,-0.6243823422781221,0.22523430407408274,-69.1156722043598,208.37900034867766,TRACK
30.252,182.58970921804936,-529.7078140795824,-0.6224541706644033,-0.031566520967499866,0.7753074292807239,-0.024481890383976003,0.7756938654228598,182.58970921804936,-531.0,1.2921859204176371,183.0,-531.0,-1.2633475126011025,-0.6408933419366991,0.22430613457714021,-69.1156722043598,208.37900034867766,TRACK
30.3,182.6270333494034,-529.7096970246766,-0.6320397744923905,-0.03817606689597179,0.7761049534890051,-0.02964303672871129,0.7766708494958919,182.6270333494034,-531.0,1.2903029753233568,183.0,-531.0,-1.2894121575711064,-0.6573723830787159,0.22332915050410806,-72.29128729843349,210.50264271818332,TRACK
30.352,182.66751014470526,-529.7120126122397,-0.64934985056406,-0.04483194535444261,0.7769081881457346,-0.034853659394454735,0.7776895977066125,182.66751014470526,-531.0,1.2879873877602677,183.0,-531.0,-1.3181648826012666,-0.6688150320372066,0.2223104022933875,-72.29128729843349,210.50264271818332,TRACK
30.396,182.7049065321932,-529.7144156172068,-0.6497820384105215,-0.051616987714962516,0.7776723143943367,-0.0401767898244694,0.7787094471085115,182.7049065321932,-531.0,1.2855843827932176,183.0,-531.0,-1.345164554583365,-0.6953825161728435,0.22129055289148847,-79.04613103001319,210.50264271818332,TRACK
30.452,182.74546715002063,-529.717292552393,-0.6695059981174878,-0.058352966701790764,0.7784911628101179,-0.04547890021634226,0.7798184538329017,182.74546715002063,-531.0,1.282707447606981,183.0,-531.0,-1.3749069283955047,-0.7054009302780169,0.22018154616709829,-79.04613103001319,216.06376681730015,TRACK
30.5,182.7829513742199,-529.7202049282052,-0.6817352744817353,-0.06508775807399737,0.7793417239461979,-0.05079735877146395,0.7809954509096635,182.7829513742199,-531.0,1.2797950717947515,183.0,-531.0,-1.4027984678260876,-0.7210631933443523,0.2190045490903365,-89.3377348486145,225.11620401828014,TRACK
30.548,182.82361658393026,-529.7236279642827,-0.6904869682533765,-0.07172012707897157,0.7802802628463592,-0.05605794910765277,0.7822913665928697,182.82361658393026,-531.0,1.2763720357172588,183.0,-531.0,-1.4334748279738154,-0.7429878597204389,0.21770863340713031,-89.3377348486145,225.11620401828014,TRACK
30.596,182.86121620074266,-529.7270275171298,-0.71052293125534,-0.07819994588660474,0.7813460434405428,-0.061226073096741176,0.783741201945539,182.86121620074266,-531.0,1.2729724828701592,183.0,-531.0,-1.4622018179727583,-0.7516788867174182,0.21625879805446102,-97.42474476736764,231.66778179276912,TRACK
30.652,182.90201169391554,-529.7309779154068,-0.7219112283869942,-0.08464019045479702,0.782459978438429,-0.06638616668479672,0.7852711257807512,182.90201169391554,-531.0,1.269022084593189,183.0,-531.0,-1.4937336362312983,-0.7718224078443041,0.2147288742192488,-97.42474476736764,231.66778179276912,TRACK
30.7,182.9397300024877,-529.7348712318558,-0.7328677461521758,-0.09104062865743498,0.7836283193236018,-0.07153977411883142,0.7868870834668125,182.9397300024877,-531.0,1.2651287681442227,183.0,-531.0,-1.523192899793264,-0.7903251536410882,0.21311291653318754,-100.83403962611153,233.18018002024007,TRACK
30.752,182.98064733944588,-529.7393672442022,-0.7462211032945825,-0.0975058653773384,0.784763560163531,-0.07676247473960186,0.7885089237850691,182.98064733944588,-531.0,1.2606327557978148,183.0,-531.0,-1.5554459875307725,-0.80922488423619,0.2114910762149309,-100.83403962611153,233.18018002024007,TRACK
30.8,183.0184553174127,-529.7437896806721,-0.7561519637406611,-0.10415806892359032,0.7857794867810228,-0.08214254117372305,0.790061262761518,183.0,-531.0,1.2563458779837493,183.0,-531.0,-1.5854865339550523,-0.8293345702143913,0.209938737238482,-153.97320920130477,199.62487025524416,TRACK
30.852,183.05922274846125,-529.7486284918687,-0.7699494004536254,-0.10904954142597581,0.7851528369267562,-0.08596157327834779,0.7898445223046255,183.0,-531.0,1.2527721202589936,183.0,-531.0,-1.6180873128612745,-0.8481379124076491,0.21015547769537446,-153.97320920130477,199.62487025524416,TRACK
30.9,183.09650414831398,-529.7529722842527,-0.7899645333848948,-0.11146309514527092,0.7821928845952286,-0.08754850876440756,0.7870771563819371,183.0,-531.0,1.2507562410333162,183.0,-531.0,-1.6480297261807002,-0.8580651927958054,0.2129228436180629,-161.66777514614998,207.39956268619218,TRACK
30.952,183.13652108482773,-529.757533993857,-0.8042714759410483,-0.11217015196219601,0.7777701399832866,-0.08761034534140236,0.7826889313516967,183.0,-531.0,1.2499439119510343,183.0,-531.0,-1.6802364278522224,-0.8759649519111741,0.2173110686483033,-161.66777514614998,207.39956268619218,TRACK
31.0,183.17312039424323,-529.7615910008423,-0.8176916367432367,-0.1115581537554278,0.7724205554771162,-0.08652906707268834,0.7772520787827116,183.0,-531.0,1.250450926705166,183.0,-531.0,-1.7096888338504201,-0.8919971971071834,0.22274792121728837,-161.72589636411885,210.34227307174183,TRACK
31.052,183.21239050791675,-529.7658223294992,-0.8385984225524914,-0.11010216768138564,0.7663914338626934,-0.0847239903266678,0.7710602988320617,183.0,-531.0,1.2523195479652602,183.0,-531.0,-1.7412177621977512,-0.9026193396452598,0.22893970116793827,-161.72589636411885,210.34227307174183,TRACK
31.1,183.2482925789796,-529.7695709546188,-0.8511479766699082,-0.10801321549228914,0.7599403668440214,-0.08240431854242874,0.7643950764319901,183.0,-531.0,1.255230990891373,183.0,-531.0,-1.7699158059954385,-0.9187678293255304,0.23560492356800988,-164.77585459367126,216.42575340375745,TRACK
31.152,183.28682265952136,-529.7734671367376,-0.8664008170415509,-0.105523586721338,0.7532983190181641,-0.07978710977570869,0.7575119407124569,183.0,-531.0,1.2596230002177295,183.0,-531.0,-1.8005166083365998,-0.9341157912950488,0.24248805928754313,-164.77585459367126,216.42575340375745,TRACK
31.2,183.3220643871464,-529.7769324078944,-0.8906035977170728,-0.10294008312004121,0.7466148379611139,-0.07712922353888878,0.7505881916120266,183.0,-531.0,1.2647607696031047,183.0,-531.0,-1.8282764044687063,-0.9376728067516336,0.2494118083879734,-170.76021849984465,225.3605422673229,TRACK
31.252,183.35993766701645,-529.7805654220499,-0.8939958428019192,-0.10042483693180003,0.740215951492311,-0.07458697519323743,0.7439642946487042,183.0,-531.0,1.271446347290194,183.0,-531.0,-1.8578139189416005,-0.9638180761396813,0.25603570535129583,-170.76021849984465,225.3605422673229,TRACK
31.3,183.39465005524215,-529.7838483534487,-0.9187640037142133,-0.09831250124562055,0.7342515326157552,-0.07241957532488172,0.7378142774701649,183.0,-531.0,1.2785826111410112,183.0,-531.0,-1.884582507275311,-0.9658185035610978,0.2621857225298351,-174.38283147905335,231.59279677266025,TRACK
31.352,183.43203756010834,-529.7873799770991,-0.932228325735768,-0.09688637173041183,0.7289101635688205,-0.07084326776244129,0.7323447242529885,183.0,-531.0,1.287285428055667,183.0,-531.0,-1.9130586864763923,-0.9808303607406244,0.26765527574701153,-174.38283147905335,231.59279677266025,TRACK
31.4,183.46639954195524,-529.7906635926798,-0.9478174223128422,-0.09632740747748843,0.7243477239533656,-0.06999115432151619,0.7277213662382598,183.0,-531.0,1.296157042493734,183.0,-531.0,-1.9388847822762116,-0.9910673599633695,0.2722786337617402,-172.39312849667405,231.49944325017535,TRACK
31.452,183.50349307633442,-529.7943163954831,-0.9713899132575543,-0.09696216372775866,0.7204940404295643,-0.07008042302303898,0.7238942795640858,183.0,-531.0,1.306590307677831,183.0,-531.0,-1.9663821688500671,-0.9949922555925128,0.2761057204359142,-172.39312849667405,231.49944325017535,TRACK
31.5,183.5376451791506,-529.7978252411369,-0.9846316291089106,-0.09884448127359474,0.7173468759804112,-0.07113760785776752,0.7208655212524601,183.0,-531.0,1.3169231145026417,183.0,-531.0,-1.9913419490803488,-1.0067103199714382,0.27913447874753994,-173.54871376062292,233.72075262918983,TRACK
31.552,183.57457188555324,-529.8018226427153,-1.0015271770045664,-0.10197150250256948,0.7148206086358955,-0.07314503265391549,0.7185531979836527,183.0,-531.0,1.3288197135721873,183.0,-531.0,-2.0179409583436914,-1.016413781339125,0.2814468020163473,-173.54871376062292,233.72075262918983,TRACK
31.6,183.608595056679,-529.8057318611321,-1.0277660839422182,-0.10630041475837132,0.7127190184053755,-0.07604898884812304,0.7167648483997691,183.0,-531.0,1.3403970794242461,183.0,-531.0,-2.0420917580080094,-1.014325674065791,0.28323515160023094,-179.69756712600946,240.34695469803546,TRACK
31.652,183.64540193548538,-529.8102190001647,-1.0322888982701062,-0.11153667245492072,0.7110059693140888,-0.07963374008583537,0.7154516202793347,183.0,-531.0,1.3535591918705951,183.0,-531.0,-2.06782791684314,-1.0355390185730338,0.28454837972066527,-179.69756712600946,240.34695469803546,TRACK
31.7,183.67931999822312,-529.8146069722836,-1.058943386520066,-0.11751209248252506,0.7094730875168375,-0.08375756108968668,0.7144000216617905,183.0,-531.0,1.3662475215510734,183.0,-531.0,-2.0911832790789813,-1.0322398925589154,0.2855999783382095,-182.39218915379638,243.2418109770516,TRACK
31.752,183.71598803682588,-529.8196287153187,-1.0735704155319614,-0.12400367852957132,0.7079616128660304,-0.08824260821349827,0.7134398385261311,183.0,-531.0,1.380548890325145,183.0,-531.0,-2.1160390437873704,-1.042468628255409,0.28656016147386887,-182.39218915379638,243.2418109770516,TRACK
31.8,183.7497562877797,-529.82450223033,-1.097681364941287,-0.1307524289075076,0.7064018782344974,-0.09289374229656996,0.7124835864292505,183.0,-531.0,1.3942487215573234,183.0,-531.0,-2.138561630460932,-1.040880265519645,0.28751641357074953,-179.54289647591207,240.58675294965508,TRACK
31.852,183.78621867430905,-529.8300376677142,-1.1150442788060921,-0.1376999474755399,0.7045811301846908,-0.09763868411717017,0.7113141933410781,183.0,-531.0,1.409592729407977,183.0,-531.0,-2.1624845025866137,-1.0474402237805216,0.28868580665892185,-179.54289647591207,240.58675294965508,TRACK
31.9,183.81975431288993,-529.8353711161606,-1.1300042057656068,-0.1446810947442478,0.7025084326055667,-0.10235487293059119,0.7099257833707461,183.0,-531.0,1.4242041885118646,183.0,-531.0,-2.1841188951319377,-1.054114689366331,0.2900742166292539,-179.6036174366053,241.07714728087382,TRACK
31.952,183.85594270652612,-529.8413820047531,-1.1480456983816545,-0.15162310376848726,0.7002062075910856,-0.10698857139304983,0.7083327520013573,183.0,-531.0,1.4404976833599006,183.0,-531.0,-2.2070660996180256,-1.059020401236371,0.29166724799864274,-179.6036174366053,241.07714728087382,TRACK
32.004,183.88920416633528,-529.8471446537066,-1.1627151151936146,-0.1585649841283249,0.6976655127092766,-0.11156188669115669,0.7065289959980328,183.0,-531.0,1.455939387098722,183.0,-531.0,-2.2277943723979687,-1.0650792572043541,0.29347100400196724,-183.58281469694606,245.78247893225534,TRACK
32.052,183.92509805083216,-529.8536168677812,-1.1904917947027225,-0.16547369464140613,0.6950760366054576,-0.11607820569765497,0.7047019557948867,183.0,-531.0,1.4730922202935293,183.0,-531.0,-2.2497735054556434,-1.0592817107529209,0.2952980442051133,-183.58281469694606,245.78247893225534,TRACK
32.1,183.9581008230671,-529.859815730107,-1.20577952624665,-0.17250719857712912,0.6924446380066211,-0.1206508714960994,0.702877094161482,183.0,-531.0,1.4892875331759308,183.0,-531.0,-2.2696340632475995,-1.0638545370009496,0.29712290583851797,-179.4741292091118,242.48839867491765,TRACK
32.152,183.99370418492637,-529.8668002649038,-1.2238060266450463,-0.17989482324348843,0.6897270272186449,-0.12543435837361971,0.7010400490246409,183.0,-531.0,1.5071793678133922,183.0,-531.0,-2.2907020869791794,-1.066896060334133,0.2989599509753591,-179.4741292091118,242.48839867491765,TRACK
32.2,184.02643177464543,-529.8735202449529,-1.2492196419479722,-0.18777536580996537,0.6869612427269144,-0.13053218746814735,0.6992527447026048,183.0,-531.0,1.5239812421852992,183.0,-531.0,-2.3097568858183264,-1.0605372438703542,0.3007472552973952,-182.97029409101208,242.48839867491765,TRACK
32.252,184.06173787161703,-529.8811269379928,-1.2677680509088312,-0.1962884270170253,0.6841619989274658,-0.13604481731489942,0.6975570464805513,183.0,-531.0,1.5424539658969447,183.0,-531.0,-2.3299990235266455,-1.0622309726178143,0.3024429535194487,-182.97029409101208,246.69549794700993,TRACK
32.3,184.09420192589104,-529.8884744865856,-1.2860277541559832,-0.2054544805926307,0.6814223617175755,-0.14200500641014063,0.6960616760706643,183.0,-531.0,1.5597329327788523,183.0,-531.0,-2.3483407404351047,-1.0623129862791214,0.30393832392933573,-177.71521476566002,242.07963725375325,TRACK
32.352,184.1292179123217,-529.8968208066497,-1.311293178402169,-0.2154064653849399,0.6786090591689768,-0.14848040844423036,0.6946630023817084,183.0,-531.0,1.5786505079178565,183.0,-531.0,-2.3678579788036314,-1.0565648004014623,0.3053369976182916,-177.71521476566002,242.07963725375325,TRACK
32.4,184.16137772928502,-529.9049068402093,-1.3300034817541122,-0.22618953662594177,0.67559455381733,-0.15547292686088282,0.6932530794265012,183.0,-531.0,1.5962541334949427,183.0,-531.0,-2.3855613718178565,-1.0555578900637443,0.30674692057349884,-176.10366165541834,240.92111281441217,TRACK
32.452,184.19603931255253,-529.9140942488524,-1.3452419960537627,-0.23766883729361638,0.6724355781279481,-0.16289572986524992,0.6918848354607869,183.0,-531.0,1.6154570057870847,183.0,-531.0,-2.404420089658699,-1.0591780936049364,0.30811516453921306,-176.10366165541834,240.92111281441217,TRACK
32.5,184.22785205866828,-529.9229786306696,-1.3608549041829154,-0.24975778486833433,0.6690510662104819,-0.17066417516290577,0.6904749017027466,183.0,-531.0,1.6332775967269753,183.0,-531.0,-2.4215412177925413,-1.0606863136096258,0.3095250982972534,-179.07518111773084,244.4072537185524,TRACK
32.552,184.26211531369373,-529.9330396239038,-1.3792325508540593,-0.262261158448595,0.6655012557081177,-0.17864993754775127,0.6890629300251878,183.0,-531.0,1.6526764684049653,183.0,-531.0,-2.4397899408054906,-1.0605573899514313,0.3109370699748122,-179.07518111773084,244.4072537185524,TRACK
32.6,184.29355934795282,-529.9427222145108,-1.4050310575882472,-0.27497641147668167,0.6618552326828397,-0.18672468258197,0.6876906689166238,183.0,-531.0,1.6706681604570846,183.0,-531.0,-2.4563676137419037,-1.0513365561536565,0.3123093310833762,-178.6470958616006,244.53052807911544,TRACK
32.652,184.32740172173578,-529.9536335669899,-1.4238520852766463,-0.28784937365387053,0.6579911093983865,-0.1948128392104833,0.6862247025345044,183.0,-531.0,1.6902301745612764,183.0,-531.0,-2.474037996184986,-1.0501859109083398,0.3137752974654956,-178.6470958616006,244.53052807911544,TRACK
32.7,184.35843047800194,-529.9640844465828,-1.4391776271154129,-0.300758496319402,0.653945568882974,-0.2028326758516709,0.6846794150949957,183.0,-531.0,1.7083484414416994,183.0,-531.0,-2.490087146150368,-1.0509095190349553,0.31532058490500425,-172.55109755622678,238.98417049224972,TRACK
32.752,184.39178930178682,-529.9758089177556,-1.458023196152904,-0.31372711712561285,0.6495951644798584,-0.21075594912039886,0.6829289478454216,183.0,-531.0,1.7280176022012255,183.0,-531.0,-2.507189213778313,-1.0491660176254092,0.3170710521545784,-172.55109755622678,238.98417049224972,TRACK
32.8,184.4223183247564,-529.986997495506,-1.4733138066452915,-0.32680363670944246,0.6448443160650782,-0.2185747463584961,0.6808811289110012,183.0,-531.0,1.7461854114179747,183.0,-531.0,-2.522712833384789,-1.0493990267394975,0.31911887108899883,-175.10167172222563,242.25078244973164,TRACK
32.852,184.45511286555643,-529.9995099653685,-1.492124320713538,-0.3399201614223441,0.6398812915964198,-0.22629213228437045,0.6787165803698253,183.0,-531.0,1.7658804492107714,183.0,-531.0,-2.5392586710086236,-1.0471343502950856,0.3212834196301747,-175.10167172222563,242.25078244973164,TRACK
32.9,184.48511802977552,-530.0114230891937,-1.517630060045001,-0.3531508875969615,0.6347104953018685,-0.23395641387730082,0.6764562191603165,183.0,-531.0,1.784057137802374,183.0,-531.0,-2.554290449708715,-1.036660389663714,0.3235437808396835,-173.9017476528685,242.0249013985021,TRACK
32.948,184.51732647019472,-530.0247305416649,-1.5364538185237895,-0.3665973306322233,0.6293494016908108,-0.2416410606531036,0.6741446963391008,183.0,-531.0,1.8037267347119994,183.0,-531.0,-2.570327319504564,-1.0338735009807745,0.3258553036608992,-173.9017476528685,242.0249013985021,TRACK
33.0,184.54678437869515,-530.0373952709618,-1.5548404336413584,-0.3803183410979392,0.6238743605813425,-0.24941367388139524,0.6718827267535562,183.0,-531.0,1.8218533910669037,183.0,-531.0,-2.58491824924793,-1.0300778156065715,0.3281172732464438,-167.24398142941715,236.3116166679771,TRACK
33.052,184.57837128553595,-530.0515434857099,-1.580343485524825,-0.3945101639458952,0.6181225150371088,-0.2573472565193805,0.6695543697369561,183.0,-531.0,1.8414194727176547,183.0,-531.0,-2.6005055028667354,-1.0201620173419104,0.33044563026304385,-167.24398142941715,236.3116166679771,TRACK
33.1,184.60721906865516,-530.0650118262027,-1.5959734931576899,-0.4092198278550345,0.6121280533516419,-0.26548236616472487,0.6672193345853308,183.0,-531.0,1.8593966816657124,183.0,-531.0,-2.614705721410104,-1.018732228252414,0.3327806654146692,-164.10186568597072,234.05703559405782,TRACK
33.152,184.63812119337908,-530.0800594534113,-1.6146907129852883,-0.4245003276562935,0.6058783049357426,-0.2738456442185321,0.6648909363566866,183.0,-531.0,1.878758008221281,183.0,-531.0,-2.629900276681515,-1.0152095636962268,0.3351090636433134,-164.10186568597072,234.05703559405782,TRACK
33.2,184.6663025204246,-530.0943808793509,-1.6297409477873865,-0.44038698375411667,0.5993097412485495,-0.28242673288464004,0.6625232263123273,183.0,-531.0,1.8964994282252536,183.0,-531.0,-2.6437610900773505,-1.014020142289964,0.3374767736876727,-165.627398824485,236.49388272764037,TRACK
33.248,184.696462673343,-530.1103726908354,-1.6483560615962747,-0.4567906476694601,0.5925523610700092,-0.29121456905970533,0.6602455799490614,183.0,-531.0,1.915573635039244,183.0,-531.0,-2.6586150702249602,-1.0102590086286856,0.3397544200509386,-165.627398824485,236.49388272764037,TRACK
33.3,184.72394643457324,-530.1255784535491,-1.673677920608337,-0.47368486364288565,0.5855614603326161,-0.3001648230092786,0.6580130278338397,183.0,-531.0,1.9330298368559493,183.0,-531.0,-2.6721850788391,-0.998507158230763,0.34198697216616025,-164.2618592142698,236.02000070438874,TRACK
33.352,184.75332051817517,-530.142533427465,-1.6922419030766707,-0.49101630701575577,0.5783251273061607,-0.309227151697386,0.6558059043806828,183.0,-531.0,1.9517637568284307,183.0,-531.0,-2.6867409741467885,-0.9944990710701178,0.34419409561931724,-164.2618592142698,236.02000070438874,TRACK
33.4,184.780062794048,-530.1586274031065,-1.717522585248256,-0.508675123685824,0.5709070943217478,-0.31834955432274664,0.653667613611377,183.0,-531.0,1.9688909054483748,183.0,-531.0,-2.700051550759226,-0.9825289655109699,0.34633238638862296,-157.34143815624992,229.91833856699725,TRACK
33.452,184.80859743666937,-530.176534345184,-1.736020255117266,-0.5266831223585193,0.5631497058760268,-0.327454705062205,0.6514324025527369,183.0,-531.0,1.9872393848222158,183.0,-531.0,-2.7143348472608793,-0.9783145921436132,0.34856759744726307,-157.34143815624992,229.91833856699725,TRACK
33.5,184.8345263198698,-530.1934922373991,-1.750766297875858,-0.5449499319014983,0.5551120821559217,-0.3364968556925339,0.6491375490960638,183.0,-531.0,2.0039814344026516,183.0,-531.0,-2.7273981117562576,-0.9766318138803995,0.3508624509039362,-153.77661018820456,227.18426775678094,TRACK
33.552,184.86215923716767,-530.212319064767,-1.7691198107417103,-0.5634286836739006,0.5468136429062103,-0.34544198656093705,0.6467884709451206,183.0,-531.0,2.0218996711751998,183.0,-531.0,-2.7414229013925078,-0.9723030906507975,0.3532115290548794,-153.77661018820456,227.18426775678094,TRACK
33.6,184.88722926496618,-530.2301093748704,-1.7836867228597628,-0.5821110819981857,0.5382311539198033,-0.35425830243487005,0.6443537226507493,183.0,-531.0,2.0382261585033357,183.0,-531.0,-2.7542537397105646,-0.9705670168508018,0.3556462773492507,-155.55808082647567,229.908296696193,TRACK
33.652,184.9139248623846,-530.2498268124345,-1.8018943340567406,-0.6009114474294829,0.5295321557487099,-0.3629814186491819,0.6419967400668392,183.0,-531.0,2.055691657373737,183.0,-531.0,-2.7680404544170454,-0.9661461203603048,0.35800325993316084,-155.55808082647567,229.908296696193,TRACK
33.7,184.93813036983568,-530.2684344752656,-1.8298427140236584,-0.619860533718256,0.5206943930674891,-0.37161879693187005,0.6397055425779984,183.0,-531.0,2.071602627788269,183.0,-531.0,-2.7806675431763335,-0.9508248291526751,0.3602944574220016,-153.89062779503303,229.19012132631275,TRACK
33.748,184.96387053805802,-530.2890327234351,-1.8449433459978961,-0.6390051850749543,0.5117024877596308,-0.3801942729923933,0.6374849968396195,183.0,-531.0,2.0886028724002177,183.0,-531.0,-2.7942468914424476,-0.9493035454445515,0.36251500316038054,-153.89062779503303,229.19012132631275,TRACK
33.8,184.9871841219175,-530.3084550101603,-1.869793447185413,-0.6583534042533816,0.5026014993524597,-0.3887471181497749,0.6353995506931804,183.0,-531.0,2.1040758558981207,183.0,-531.0,-2.8066984749506445,-0.9369050277652315,0.36460044930681956,-146.80959420199818,222.92854899313417,TRACK
33.848,185.01192499044194,-530.3299339426246,-1.8878197937619243,-0.6780485211649595,0.49321605118595196,-0.39725536453806043,0.633303953723432,183.0,-531.0,2.120573198079092,183.0,-531.0,-2.8200996087687944,-0.9322798150068701,0.36669604627656804,-146.80959420199818,222.92854899313417,TRACK
33.9,185.0342774793689,-530.3501664507961,-1.901975929650556,-0.6981015221906656,0.4835773316966835,-0.4057446923668404,0.6312493890014835,183.0,-531.0,2.1355487596256033,183.0,-531.0,-2.832396011713014,-0.9304200820624577,0.36875061099851647,-143.21137623866807,220.07709210745813,TRACK
33.952,185.05795339589142,-530.3725253807418,-1.919831363624816,-0.7185366857584403,0.4736823960427942,-0.4142268477495766,0.6292526469689209,183.0,-531.0,2.151487061888657,183.0,-531.0,-2.8456444729489503,-0.9258131093241342,0.3707473530310791,-143.21137623866807,220.07709210745813,TRACK
34.0,185.07929327858918,-530.393568202461,-1.933781615250717,-0.7393767150965166,0.46349686876564045,-0.4226846927398665,0.6272891652437085,183.0,-531.0,2.165922450932288,183.0,-531.0,-2.857811283696071,-0.924029668445354,0.3727108347562915,-145.12802825165232,222.75116011954833,TRACK
34.052,185.10186201229402,-530.4168085350926,-1.9514683970319064,-0.7605176989459315,0.4531779030956568,-0.4311703660708285,0.625522258941941,183.0,-531.0,2.1812694018542222,183.0,-531.0,-2.8709369405783094,-0.919468543546403,0.374477741058059,-145.12802825165232,222.75116011954833,TRACK
34.1,185.12217920148956,-530.4386689779493,-1.978816851571666,-0.7819393082100116,0.4427118082296346,-0.4396598004426412,0.6239346802921086,183.0,-531.0,2.1951621989163663,183.0,-531.0,-2.8830077322775716,-0.9041908807059056,0.37606531970789137,-143.658156319277,221.9429717720746,TRACK
34.152,185.14362337629166,-530.4627889422881,-1.9934676814139236,-0.8036032565323138,0.4320984672864671,-0.44812478410623935,0.6225149858128539,183.0,-531.0,2.2099133240722426,183.0,-531.0,-2.8960410072248606,-0.902573325810937,0.3774850141871461,-143.658156319277,221.9429717720746,TRACK
34.2,185.16289674985393,-530.4854549962571,-2.0177896438302914,-0.8254192256730148,0.42139901929442425,-0.45655441985991396,0.6213043310294281,183.0,-531.0,2.223258624498166,183.0,-531.0,-2.908037803638015,-0.8902481598077236,0.37869566897057194,-136.79625474737986,215.5321142837039,TRACK
34.248,185.18318574562372,-530.510426427689,-2.035262311131216,-0.8474308400469445,0.4104699109918807,-0.4648373152392855,0.6201284362682857,183.0,-531.0,2.2374052566756686,183.0,-531.0,-2.9209947296461163,-0.8857324185149005,0.37987156373171427,-136.79625474737986,215.5321142837039,TRACK
34.3,185.20136456424515,-530.5338510184196,-2.0487479757478564,-0.8695604206922,0.3993593279260428,-0.47294856231575755,0.6190058282424186,183.0,-531.0,2.2501779524612555,183.0,-531.0,-2.9329206030568225,-0.8841726273089661,0.38099417175758143,-133.5085994560906,212.59409132748667,TRACK
34.348,185.2204572844216,-530.5596191008116,-2.066039510640222,-0.8917489979344948,0.3880922566472334,-0.4808555816052804,0.6179301659819616,183.0,-531.0,2.2637062283589158,183.0,-531.0,-2.945804414819704,-0.8797649041794817,0.3820698340180384,-133.5085994560906,212.59409132748667,TRACK
34.4,185.23751517391335,-530.5837497173374,-2.092895561840903,-0.9139897071892125,0.3766404110313929,-0.4885085402105793,0.6168456801182673,183.0,-531.0,2.275903875674284,183.0,-531.0,-2.9576628518018224,-0.8647672899609193,0.38315431988173265,-135.8065408641013,215.28210241561442,TRACK
34.452,185.25539545497227,-530.6102614660589,-2.0964245564367716,-0.9361499102831415,0.3651643127593031,-0.49597501368565133,0.6159027435508435,183.0,-531.0,2.2888217019130512,183.0,-531.0,-2.970479739680208,-0.8740551832434362,0.3840972564491565,-135.8065408641013,215.28210241561442,TRACK
34.5,185.27134509066954,-530.6350653097487,-2.12311718649148,-0.9582261468668435,0.3536562302527895,-0.5032451191339675,0.6150840423298065,183.0,-531.0,2.3004751355008017,183.0,-531.0,-2.9822851817045275,-0.8591679952130473,0.3849159576701935,-134.6503496102997,214.48616132405488,TRACK
34.552,185.2880207925052,-530.662285297331,-2.137286402724113,-0.9802165363775776,0.34211685048120277,-0.5103207823177487,0.6143868815726592,183.0,-531.0,2.312810058637526,183.0,-531.0,-2.9950495045288443,-0.8577631018047311,0.3856131184273408,-134.6503496102997,214.48616132405488,TRACK
34.6,185.3028624188185,-530.687729985326,-2.16104433531367,-1.0020857199739475,0.33059614468068405,-0.517242691803339,0.6138679117706803,183.0,-531.0,2.3239380116670794,183.0,-531.0,-3.0068139141921733,-0.8457695788785031,0.38613208822931966,-128.0149570504659,208.05203840666377,TRACK
34.652,185.31832322003007,-530.7156192633945,-2.1779362569954874,-1.0239513752679874,0.3189505791202547,-0.5239240443641889,0.6133725427373437,183.0,-531.0,2.335700099730884,183.0,-531.0,-3.019535854995991,-0.8415995980005038,0.38662745726265635,-128.0149570504659,208.05203840666377,TRACK
34.7,185.3320225119144,-530.7416541162312,-2.1935206325032515,-1.0458004082642518,0.30720854641811296,-0.5303880974375628,0.612934437681362,183.0,-531.0,2.346288897756593,183.0,-531.0,-3.0312606408964395,-0.8377400083931881,0.387065562318638,-124.99943716673715,205.14295703728698,TRACK
34.752,185.34623852639479,-530.7701621526846,-2.2074362286421008,-1.067635608635393,0.29537026802050226,-0.5366332779249133,0.6125511164033093,183.0,-531.0,2.357469121494009,183.0,-531.0,-3.0439440727447438,-0.836507844102643,0.3874488835966907,-124.99943716673715,205.14295703728698,TRACK
34.8,185.358774909863,-530.7967425801186,-2.220010912517546,-1.0894862513908103,0.28340180366907947,-0.5426272473570394,0.6121771899517043,183.0,-531.0,2.367516135982195,183.0,-531.0,-3.0556342353349493,-0.8356233228174035,0.38782281004829566,-127.65893001452973,207.92646765730194,TRACK
34.852,185.37173410296484,-530.8258259136131,-2.236542128202874,-1.1112323445835721,0.2714365105703326,-0.5484609169954254,0.6119535576676234,183.0,-531.0,2.3781209530919827,183.0,-531.0,-3.068286803181323,-0.8317446749784487,0.3880464423323766,-127.65893001452973,207.92646765730194,TRACK
34.9,185.3831203348223,-530.8529269930003,-2.2598310639333725,-1.132876335337866,0.2594583391647781,-0.5541116332453068,0.6118482915395992,183.0,-531.0,2.387654288131244,183.0,-531.0,-3.079956355755031,-0.8201252918216584,0.3881517084604008,-126.84458620738772,207.92646765730194,TRACK
34.952,185.394831223738,-530.8825504855288,-2.276257552018645,-1.15439825252838,0.2474712112358627,-0.5595614536279181,0.6118423169222065,183.0,-531.0,2.3977095275783546,183.0,-531.0,-3.0925889971052563,-0.816331445086611,0.3881576830777935,-126.84458620738772,207.1875258066341,TRACK
35.0,185.4050715997567,-530.9101321501207,-2.2994534105187556,-1.1757346929400536,0.23552569577289328,-0.564831249174331,0.6119695200033582,183.0,-531.0,2.4067500141057763,183.0,-531.0,-3.1042440524471284,-0.8047906419283728,0.38803047999664175,-120.48320028285733,200.76130604292817,TRACK
35.052,185.4155337929549,-530.9402401619,-2.3157703356516404,-1.1969735316527306,0.22351031031724317,-0.569790391246717,0.6120604126842359,183.0,-531.0,2.4162729032865564,183.0,-531.0,-3.11685789285612,-0.8010875572044798,0.38793958731576406,-120.48320028285733,200.76130604292817,TRACK
35.1,185.42461104778585,-530.968228706878,-2.327878860726261,-1.2180639441612604,0.21147001818182198,-0.5744468947751568,0.6121346285798902,183.0,-531.0,2.424819199056255,183.0,-531.0,-3.1284897375995575,-0.8006108768732965,0.3878653714201098,-117.75558279297331,197.93325785805223,TRACK
35.152,185.4338181992937,-530.9987445621612,-2.3440172103496044,-1.2389755092742436,0.19942672389035826,-0.5787856613944202,0.6121795978611323,183.0,-531.0,2.4338185230903,183.0,-531.0,-3.14107682306151,-0.7970596127119056,0.3878204021388677,-117.75558279297331,197.93325785805223,TRACK
35.2,185.44173669515058,-531.0270721929865,-2.3695628720259,-1.2597223738157532,0.18736640281841013,-0.582766321340757,0.6121460235876316,183.0,-531.0,2.441886768889577,183.0,-531.0,3.1305058382849578,-0.7831165968687284,0.3878539764123684,-46.279662039204695,275.34326314903257,TRACK
35.252,185.44925557268914,-531.0583254674914,-2.37188382104517,-1.2861286013610171,0.17239599141841774,-0.5891566872700871,0.6138615316276158,183.0,-531.0,2.4499499424492113,183.0,-531.0,3.1177836045369665,-0.7935178815974497,0.3861384683723842,-46.279662039204695,275.34326314903257,TRACK
35.3,185.45492833135725,-531.0880115521442,-2.3972800273506465,-1.3202231508856939,0.15342125971029283,-0.5994128806521061,0.6187357145201408,183.0,-531.0,2.4565054743296066,183.0,-531.0,3.1057570354043857,-0.780148244424554,0.38126428547985924,-46.64117353705379,273.9870575535641,TRACK
35.352,185.45967946857817,-531.1210774062591,-2.4105062199943945,-1.3588881266850612,0.1317026270294312,-0.6121770058899879,0.6261838935224091,183.0,-531.0,2.462657675449725,183.0,-531.0,3.092407482920106,-0.7802716042650859,0.3738161064775909,-46.64117353705379,273.9870575535641,TRACK
35.4,185.46274522837132,-531.1524466127674,-2.4331728349865283,-1.4001877293535896,0.1079612060608129,-0.6266488512849542,0.6358808102395117,183.0,-531.0,2.4674590228836557,183.0,-531.0,3.0797704458890687,-0.7702420263039897,0.3641191897604883,-47.05079667943262,262.2220308311759,TRACK
35.452,185.46460640103146,-531.1873051946895,-2.4473518581830223,-1.442672205831097,0.08270190761356168,-0.6419468239647033,0.6472521381357437,183.0,-531.0,2.471713565112862,183.0,-531.0,3.065740447318151,-0.7700930016784131,0.35274786186425633,-47.05079667943262,262.2220308311759,TRACK
35.5,185.4649593836079,-531.220259271891,-2.4604209568942434,-1.4853390955478742,0.05633007123528629,-0.6575555818376391,0.6599639536605075,183.0,-531.0,2.474780578089812,183.0,-531.0,3.052473196180327,-0.7702911541050153,0.34003604633949247,-54.18892441444132,253.33202126712752,TRACK
35.552,185.46388837117425,-531.256741115009,-2.476042603742854,-1.5271280140632473,0.02940580876881209,-0.6729619953352141,0.6736041484098065,183.0,-531.0,2.477228674495713,183.0,-531.0,3.0377657530946442,-0.769376950342088,0.32639585159019346,-54.18892441444132,253.33202126712752,TRACK
35.596,185.46157810723537,-531.2910512540325,-2.4873397950673004,-1.567497778621395,0.002268101145387818,-0.6876033940137408,0.6876071347375777,183.0,-531.0,2.4787249969478946,183.0,-531.0,3.0239014031456133,-0.7719441089666725,0.31239286526242227,-65.78160144592793,247.74302882393323,TRACK
35.652,185.45774226051722,-531.3288238511722,-2.50283090835698,-1.6055008677676053,-0.02434393331994733,-0.7011808407029234,0.7016033056210215,183.0,-531.0,2.479641535430473,183.0,-531.0,3.0085914532509688,-0.7717629455716377,0.29839669437897853,-65.78160144592793,247.74302882393323,TRACK
35.7,185.45304754020478,-531.3641299670468,-2.525142852887737,-1.6408655736648403,-0.05005589226952964,-0.7132079747093178,0.7149623819054158,183.0,-531.0,2.4799259802272733,183.0,-531.0,2.99422888986303,-0.7638135644288191,0.28503761809458417,-75.37549119725347,241.09171017333622,TRACK
35.752,185.44684763313137,-531.4027351241741,-2.5388530258252806,-1.673097119149758,-0.07426647373852369,-0.7234275873027405,0.7272296633060419,183.0,-531.0,2.4797699328776703,183.0,-531.0,2.978461823438939,-0.7658704579153666,0.2727703366939581,-75.37549119725347,241.09171017333622,TRACK
35.8,185.44022032799256,-531.4385972642099,-2.554255611103904,-1.7020509002364423,-0.09659730790051055,-0.7317227028408979,0.7380712389372824,183.0,-531.0,2.4793230546503047,183.0,-531.0,2.9637547181439587,-0.7651749779317232,0.26192876106271756,-77.98833424706282,230.8026113846235,TRACK
35.852,185.43219224367914,-531.477569663904,-2.576501358105167,-1.7278047991732943,-0.1168234330141428,-0.7379339855568938,0.7471240068028144,183.0,-531.0,2.4786350869166536,183.0,-531.0,2.9477057089902554,-0.758978240084164,0.25287599319718557,-77.98833424706282,230.8026113846235,TRACK
35.9,185.42411321836022,-531.5135761400209,-2.589284027399711,-1.7505175132031527,-0.13484479107632058,-0.742204312297565,0.7543542661598183,183.0,-531.0,2.477919560241507,183.0,-531.0,2.9328183017177607,-0.7610829780621149,0.24564573384018173,-80.39814313593878,225.16776289948882,TRACK
35.952,185.4147389066674,-531.5525441767392,-2.6045880710278206,-1.7705173271668198,-0.1507454429013073,-0.7447176655204509,0.7598214197387051,183.0,-531.0,2.477149380764431,183.0,-531.0,2.916643843713811,-0.7619533924379542,0.2401785802612949,-80.39814313593878,225.16776289948882,TRACK
36.0,185.40557461875326,-531.5884233318543,-2.6155043667036457,-1.7883143488001578,-0.1648074705930584,-0.7456853219695112,0.7636806281188855,183.0,-531.0,2.476495762940132,183.0,-531.0,2.901695006854151,-0.7659859336217893,0.23631937188111451,-85.89088417129858,227.31937768574323,TRACK
36.052,185.39514136091307,-531.6271779248498,-2.6307260434268516,-1.8043342527298265,-0.17734870673292719,-0.7455436813651055,0.766347143664851,183.0,-531.0,2.4758946439974774,183.0,-531.0,2.88548854886358,-0.7669707148891547,0.23365285633514898,-85.89088417129858,227.31937768574323,TRACK
36.096,185.3850531253015,-531.6628295578822,-2.652836195903298,-1.819179877538293,-0.1888367107107055,-0.7445632170822121,0.7681365031970893,183.0,-531.0,2.475443684132774,183.0,-531.0,2.870523273192006,-0.7598258380842822,0.23186349680291074,-87.73215400181417,228.69676195630623,TRACK
36.152,185.37361114965321,-531.7013214223697,-2.6680481174742643,-1.8334225058158382,-0.19975715959472048,-0.7430459482306335,0.7694284917984984,183.0,-531.0,2.4750518433424173,183.0,-531.0,2.8543006535192474,-0.7608365361860745,0.23057150820150163,-87.73215400181417,228.69676195630623,TRACK
36.2,185.36254812579224,-531.7367459201454,-2.681415975296553,-1.8474922915868146,-0.21051003605613916,-0.7412834959643334,0.770594378820311,183.0,-531.0,2.4747582099137104,183.0,-531.0,2.8393057411721028,-0.7624635907109303,0.229405621179689,-82.87242611591347,223.8866977013201,TRACK
36.252,185.3499648764092,-531.7749999735058,-2.7053857375091255,-1.8619210518011542,-0.22152647120705882,-0.7393134776875194,0.7717890875983322,183.0,-531.0,2.4744615332008877,183.0,-531.0,2.823032541039806,-0.7547670286306545,0.2282109124016678,-82.87242611591347,223.8866977013201,TRACK
36.296,185.33775482686102,-531.8102082671476,-2.7161670110602434,-1.8769197137543747,-0.23302381757336077,-0.7372809016346369,0.7732290911959055,183.0,-531.0,2.474173612878904,183.0,-531.0,2.8079719724930383,-0.7590463236263041,0.22677090880409445,-82.23247677049622,222.31277791677914,TRACK
36.352,185.32384385569242,-531.8482429822943,-2.7313089461961533,-1.8925695586240914,-0.24509701813440898,-0.7352354764733359,0.775012099365779,183.0,-531.0,2.473816165896521,183.0,-531.0,2.7916026185801277,-0.7602737424033048,0.22498790063422103,-82.23247677049622,222.31277791677914,TRACK
36.4,185.31034368403013,-531.883243637234,-2.7558734939695704,-1.9088814612182103,-0.2577518134915358,-0.7331161686431327,0.7771070158505594,183.0,-531.0,2.4734201545738927,183.0,-531.0,2.776437677725739,-0.7508741354842767,0.2228929841494406,-88.19692487412948,226.06624363999026,TRACK
36.452,185.2950045082955,-531.9210499013896,-2.7665460568482576,-1.9255570941631888,-0.2707831308294695,-0.7309907491262526,0.7795325389295623,183.0,-531.0,2.472929156677643,183.0,-531.0,2.759941848776818,-0.7566974015545105,0.2204674610704377,-88.19692487412948,226.06624363999026,TRACK
36.496,185.28019227610432,-531.9558259735976,-2.779130880741408,-1.942431175244332,-0.28401489476657726,-0.7287195134490608,0.7821103437052255,183.0,-531.0,2.4724239336751244,183.0,-531.0,2.744656321885587,-0.7593981045525915,0.21788965629477453,-86.0955954509885,220.81937808363628,TRACK
36.552,185.26346386069363,-531.9933262899964,-2.7922948714401303,-1.959321085616845,-0.29720478532402284,-0.7260736595029864,0.784546775816176,183.0,-531.0,2.471834494270221,183.0,-531.0,2.728047742168306,-0.7628426935711499,0.21545322418382395,-86.0955954509885,220.81937808363628,TRACK
36.6,185.2474305234896,-532.027749169051,-2.807361505354064,-1.9759895546769108,-0.3100928609065993,-0.7229480384504903,0.7866456945058882,183.0,-531.0,2.471277465684077,183.0,-531.0,2.7126849519581673,-0.7631388498673548,0.21335430549411183,-91.96385860245206,223.67760310281463,TRACK
36.652,185.2294751206032,-532.0647956017624,-2.8294029699195384,-1.9921968976880768,-0.32241403286313935,-0.719267214396135,0.7882234037963153,183.0,-531.0,2.470698076844124,183.0,-531.0,2.696025715805154,-0.7577566214548934,0.21177659620368472,-91.96385860245206,223.67760310281463,TRACK
36.696,185.21241564600248,-532.098748679373,-2.8419743161681947,-2.0077089506440453,-0.3339611236580124,-0.7150982136013659,0.789237281944275,183.0,-531.0,2.470229068548193,183.0,-531.0,2.680645874677455,-0.760565116333936,0.210762718055725,-87.97019271766047,218.3382587632585,TRACK
36.752,185.19345722189232,-532.1352283883697,-2.8570605478367495,-2.0225539550888287,-0.34467950804229475,-0.7103503417032544,0.7895578327280457,183.0,-531.0,2.4698174179546117,183.0,-531.0,2.6640021663526627,-0.762122592990174,0.2104421672719543,-87.97019271766047,218.3382587632585,TRACK
36.8,185.17555286046493,-532.1685908669464,-2.867644414476505,-2.0368200333857702,-0.35459431563551225,-0.7049957950621843,0.789149035186877,183.0,-531.0,2.4695414276718726,183.0,-531.0,2.6486712070650857,-0.766869685637996,0.21085096481312304,-91.68705050313667,222.5076842400602,TRACK
36.852,185.15575098039747,-532.2044054300205,-2.882696851637554,-2.050460408458491,-0.3637681902325381,-0.6993068259433857,0.7882622235246776,183.0,-531.0,2.469383471506115,183.0,-531.0,2.632098996413533,-0.7683894591284997,0.21173777647532244,-91.68705050313667,222.5076842400602,TRACK
36.9,185.13710907819282,-532.23715939189,-2.9072821304904592,-2.0636426864480986,-0.372379860560046,-0.6933804088283159,0.7870471090713959,183.0,-531.0,2.469372100967346,183.0,-531.0,2.6168369347154745,-0.7590662419736525,0.21295289092860414,-92.45887638045942,225.325499107285,TRACK
36.952,185.11651094899213,-532.2723190401938,-2.9198551209859676,-2.076590653989038,-0.3806881635994611,-0.6873487447060297,0.7857300902687162,183.0,-531.0,2.469496778139874,183.0,-531.0,2.6003354616471777,-0.7629947245464415,0.2142699097312838,-92.45887638045942,225.325499107285,TRACK
37.0,185.09710664969768,-532.3044886632944,-2.9419886847929515,-2.0894952615505322,-0.3889369886950112,-0.681346852500579,0.7845415951927527,183.0,-531.0,2.469726092681077,183.0,-531.0,2.5851231822553933,-0.7560734401312414,0.21545840480724732,-86.58228692539022,221.46923732692346,TRACK
37.052,185.07562178093957,-532.3390127933862,-2.9571080133543117,-2.1027549341897616,-0.39741873621594803,-0.6752494066668882,0.7835198868564,183.0,-531.0,2.470052841208623,183.0,-531.0,2.5686598609283062,-0.7574174328969683,0.21648011314360005,-86.58228692539022,221.46923732692346,TRACK
37.1,185.05532536980203,-532.3705793521839,-2.9702013798856854,-2.1165460567513366,-0.4063168430848979,-0.6690849388995606,0.7827950130377085,183.0,-531.0,2.4703947329090257,183.0,-531.0,2.553467977460536,-0.7595159498333643,0.2172049869622915,-84.95829190481358,220.89856104739005,TRACK
37.152,185.03279605579644,-532.4044434835068,-2.9923298910944833,-2.1309915627880205,-0.41574556150438413,-0.6628368634200055,0.7824302393306809,183.0,-531.0,2.470773421992875,183.0,-531.0,2.5370053155259487,-0.7538501005591538,0.2175697606693191,-84.95829190481358,220.89856104739005,TRACK
37.2,185.01146947172026,-532.4353804606869,-3.007396626404057,-2.146168502885843,-0.42574095719997374,-0.6564260864944864,0.7824005174257088,183.0,-531.0,2.471098238149266,183.0,-531.0,2.5217987374051503,-0.753989943370379,0.21759948257429118,-84.94508816638684,220.9171915447015,TRACK
37.252,184.98777264742023,-532.4685457159163,-3.0083239124222785,-2.1619451350473122,-0.43622947804558376,-0.649904635650016,0.7827337944379957,183.0,-531.0,2.4714098441108883,183.0,-531.0,2.5053049053647998,-0.7695564893925084,0.21726620556200427,-84.94508816638684,220.9171915447015,TRACK
37.296,184.96534305765243,-532.4988208154587,-3.03041647017041,-2.1782409469025974,-0.4470982527864946,-0.643193947335406,0.7833232420486688,183.0,-531.0,2.4716466517515743,183.0,-531.0,2.490060044348888,-0.7627087926602885,0.21667675795133123,-94.68699913389013,229.7859559391472,TRACK
37.352,184.9404527372366,-532.5312641560823,-3.045458310594729,-2.194720736183362,-0.45814486711011404,-0.6364447045811936,0.7841929489920111,183.0,-531.0,2.471867055719529,183.0,-531.0,2.473516680826571,-0.7642103157582856,0.21580705100798891,-94.68699913389013,229.7859559391472,TRACK
37.4,184.91694891103103,-532.5608980323879,-3.0676376911714103,-2.2110877285243467,-0.4691762297038457,-0.6297694060388846,0.7853253079467676,183.0,-531.0,2.472063064530377,183.0,-531.0,2.458215862736539,-0.7573317532716368,0.21467469205323242,-87.41273782815409,221.1229354355553,TRACK
37.452,184.89094069011938,-532.5926232240381,-3.082761513399753,-2.227376443022681,-0.48001988236667703,-0.622885057725055,0.7863872345126564,183.0,-531.0,2.4722672645356707,183.0,-531.0,2.44162177984973,-0.7588020139301026,0.21361276548734365,-87.41273782815409,221.1229354355553,TRACK
37.5,184.86645941008692,-532.621545485308,-3.093286171485684,-2.24346308469826,-0.4905222571083612,-0.615766775947927,0.7872615874536149,183.0,-531.0,2.4724644568577556,183.0,-531.0,2.4262954847181692,-0.7636036509757336,0.21273841254638515,-87.17685407530392,219.30677708253188,TRACK
37.552,184.83946234138875,-532.6524762811672,-3.108379051756874,-2.259216324844317,-0.500550506435009,-0.6084364534181181,0.787874182430394,183.0,-531.0,2.4727109748629257,183.0,-531.0,2.4096913202421666,-0.7651149351805451,0.21212581756960602,-87.17685407530392,219.30677708253188,TRACK
37.6,184.8141334812681,-532.6806429476583,-3.1330882619504528,-2.2746249290223712,-0.5100474342291701,-0.6008656378858537,0.7881547436612517,183.0,-531.0,2.472982208866736,183.0,-531.0,2.3943730893609785,-0.755723955868155,0.2118452563387483,-92.4636907365667,224.13369118988032,TRACK
37.652,184.78627764812978,-532.7107557066078,-3.1339204622559644,-2.289562269811831,-0.5190220168337951,-0.5932446960165736,0.7882405237679785,183.0,-531.0,2.473352567649641,183.0,-531.0,2.377787136393033,-0.7714777085305888,0.21175947623202152,-92.4636907365667,224.13369118988032,TRACK
37.7,184.76019606214075,-532.7381787409785,3.1270394911710993,-2.3041119504407668,-0.527542542111991,-0.5855686780305486,0.7881572244345832,183.0,-531.0,2.473773537081618,183.0,-531.0,2.3624879926647666,-0.7645514985063326,0.21184277556541675,-93.47994132795264,225.5162332278622,TRACK
37.752,184.73154812535637,-532.7674813547944,3.1119199277547773,-2.3183852460811263,-0.5357253038061296,-0.5778487721734186,0.7879789366731177,183.0,-531.0,2.4743179363151975,183.0,-531.0,2.34592536656212,-0.7659945611926573,0.2120210633268823,-93.47994132795264,225.5162332278622,TRACK
37.8,184.70473938010488,-532.7941618385785,3.0896209733168254,-2.3324569345127717,-0.5437018815994263,-0.5701468961714282,0.7878319740075735,183.0,-531.0,2.474904656161864,183.0,-531.0,2.330642755234842,-0.7589782180819835,0.21216802599242646,-88.30490968375177,220.80340954860662,TRACK
37.848,184.67529306409818,-532.8226441629472,3.0744574573401087,-2.346588181491027,-0.5516025807770205,-0.5623034349932274,0.7876868414065658,183.0,-531.0,2.4756087322799982,183.0,-531.0,2.3140942401171634,-0.7603632172229453,0.21231315859343425,-88.30490968375177,220.80340954860662,TRACK
37.9,184.64772705675068,-532.8485439635259,3.061426245330176,-2.3608572611515646,-0.5595438144139271,-0.5543499452987095,0.7876503933228051,183.0,-531.0,2.476311619856507,183.0,-531.0,2.2988200744325376,-0.7626061708976386,0.21234960667719494,-87.12079523390383,219.7955227072834,TRACK
37.952,184.6174315937392,-532.8761732182368,3.0488182142179006,-2.375333438819456,-0.5676152496385624,-0.5462936019211024,0.7877967828838726,183.0,-531.0,2.477117458913625,183.0,-531.0,2.282267954667923,-0.7665502595499776,0.21220321711612744,-87.12079523390383,219.7955227072834,TRACK
38.0,184.58905499376215,-532.9012692839405,3.023999671111519,-2.390096646616998,-0.5758626204311574,-0.5380829870046988,0.7881313713548891,183.0,-531.0,2.477886329768953,183.0,-531.0,2.266980563899536,-0.757019107211983,0.2118686286451109,-92.31859040486924,224.72905562199858,TRACK
38.052,184.55785491837733,-532.9280301959466,3.0135454289207164,-2.4050126069646587,-0.5843112106780588,-0.5298754646712058,0.7887886909588556,183.0,-531.0,2.478752182690765,183.0,-531.0,2.2503983632393108,-0.7631470656814057,0.21121130904114438,-92.31859040486924,224.72905562199858,TRACK
38.152,184.52862539766542,-532.9523333368505,2.9984064519946836,-2.4200829110000948,-0.5929342087983942,-0.5216294544609353,0.7897267019194619,183.0,-531.0,2.479576791423426,183.0,-531.0,2.2350687299719216,-0.763337722022762,0.21027329808053807,-92.31859040486924,224.72905562199858,TRACK
38.156,184.49649949681432,-532.9782118277923,2.987948069099289,-2.4353181360499163,-0.6016392606782797,-0.5132412959690804,0.7908137757256939,183.0,-531.0,2.4804904312620906,183.0,-531.0,2.218438765871084,-0.769509303228205,0.2091862242743061,-89.00510934644537,220.4226595648986,TRACK
38.2,184.46642797553463,-533.0016784088754,2.9728205850759526,-2.4506342892048085,-0.610337028771979,-0.5047173294440555,0.7919917116557135,183.0,-531.0,2.4813559720419796,183.0,-531.0,2.2030675875186043,-0.7697529975573483,0.20800828834428653,-94.24229426253838,224.0216470219225,TRACK
38.252,184.4334172421609,-533.0266418143266,2.9504591555144772,-2.4659028550516955,-0.6189066971787135,-0.4960891854449063,0.7931897501405666,183.0,-531.0,2.4823299606823297,183.0,-531.0,2.1863961162846235,-0.7640630392298537,0.20681024985943341,-94.24229426253838,224.0216470219225,TRACK
38.3,184.40256283839318,-533.0492724408269,2.9378224488436597,-2.4809501439873656,-0.6272693806392462,-0.4874729554376556,0.7944159855961271,183.0,-531.0,2.48328412638875,183.0,-531.0,2.1709891372042143,-0.7668333116394455,0.20558401440387286,-90.06039111966894,218.35420260143476,TRACK
38.352,184.36875052947707,-533.0733281104808,2.91288327203479,-2.4957889993327385,-0.6353079458893394,-0.4787705821663355,0.7955108147963945,183.0,-531.0,2.4843847257729035,183.0,-531.0,2.154288249415662,-0.758595022619128,0.20448918520360548,-90.06039111966894,218.35420260143476,TRACK
38.4,184.33720897700263,-533.0950933730996,2.897720902070888,-2.5104476970935723,-0.6429406516208294,-0.46990591833706824,0.796356863218256,183.0,-531.0,2.485466573941897,183.0,-531.0,2.1388723458084478,-0.7588485562624401,0.20364313678174395,-89.66147570145378,216.70562620493118,TRACK
38.448,184.3027049364848,-533.1182039769352,2.8970769251342947,-2.524816585844289,-0.650150157808268,-0.46099098811999334,0.7969993217223987,183.0,-531.0,2.486730431600087,183.0,-531.0,2.1221755424070374,-0.7749013827272573,0.20300067827760127,-89.66147570145378,216.70562620493118,TRACK
38.5,184.2705678852936,-533.1390982127508,2.8747010006465903,-2.538934950938302,-0.656930267511194,-0.45199794510010005,0.7974080001774763,183.0,-531.0,2.487987924997452,183.0,-531.0,2.106772873833111,-0.7679281268134792,0.20259199982252374,-100.10548332343686,226.75231459152613,TRACK
38.552,184.2354493065586,-533.1612837288818,2.8595658610112817,-2.552681509737621,-0.6633797230601275,-0.4431242536583567,0.7977667335428366,183.0,-531.0,2.4894743111358633,183.0,-531.0,2.090092421752739,-0.769473439258543,0.20223326645716344,-100.10548332343686,226.75231459152613,TRACK
38.6,184.202753089184,-533.181368561638,2.837100300346206,-2.566017530676004,-0.6696067383454782,-0.4344826703918635,0.7982157445882124,183.0,-531.0,2.490980488732165,183.0,-531.0,2.0746949379702007,-0.7624053623760054,0.20178425541178757,-91.92424143680111,218.51414740674753,TRACK
38.648,184.16704153097987,-533.2026669647951,2.821877645600785,-2.579264285719673,-0.675610637067728,-0.425768372388779,0.798579012900822,183.0,-531.0,2.492734982470334,183.0,-531.0,2.058023061519731,-0.763854584081054,0.201420987099178,-91.92424143680111,218.51414740674753,TRACK
38.7,184.13381066282525,-533.221889728269,2.8088917491332355,-2.5925407040355464,-0.6814553277214374,-0.41691542571711343,0.7988741051510015,183.0,-531.0,2.4944579739341664,183.0,-531.0,2.042642919882851,-0.7662488292503844,0.20112589484899845,-91.05131529087544,217.1714125852822,TRACK
38.752,184.09752187816136,-533.2422311424214,2.79623310767061,-2.6059052211785376,-0.6871973982566943,-0.4079083912028443,0.7991429908248351,183.0,-531.0,2.4964284025557464,183.0,-531.0,2.025990622290097,-0.7702424853805132,0.2008570091751649,-91.05131529087544,217.1714125852822,TRACK
38.8,184.06375902955008,-533.2605459885265,2.7858332598598188,-2.6194456099018026,-0.6928657466574244,-0.3986862071316476,0.7993832839434217,183.0,-531.0,2.4983297298780376,183.0,-531.0,2.010629015868594,-0.7752042439912246,0.20061671605657827,-96.30901199534557,222.2445406807386,TRACK
38.852,184.02688500508353,-533.2798972624262,2.760817351848137,-2.6330624542592758,-0.6985532846214544,-0.3893949935758704,0.7997531822239752,183.0,-531.0,2.5004848211664403,183.0,-531.0,1.9939898730880268,-0.7668274787601104,0.20024681777602482,-96.30901199534557,222.2445406807386,TRACK
38.9,183.9925710700735,-533.2973005413149,2.7456160634863798,-2.646786688556581,-0.7042654111187598,-0.38000565438821776,0.8002462537652353,183.0,-531.0,2.5025561145102735,183.0,-531.0,1.9786314072301598,-0.7669846562562199,0.19975374623476472,-92.60605070577262,218.1823156478188,TRACK
38.952,183.95510401393355,-533.3156399548159,2.732941330799263,-2.660671133662446,-0.7099546258614444,-0.370442035454819,0.8007889062755383,183.0,-531.0,2.5048776572462903,183.0,-531.0,1.9619959350423946,-0.7709453957568684,0.19921109372446166,-92.60605070577262,218.1823156478188,TRACK
39.0,183.92025411987493,-533.3320871920288,2.7104015673993347,-2.6746826396189127,-0.7155843176540622,-0.36071509438969906,0.8013590300190042,183.0,-531.0,2.5070896107581504,183.0,-531.0,1.9466435238839968,-0.7637580435153379,0.19864096998099579,-96.26012476838088,221.05067893299872,TRACK
39.052,183.88222441489944,-533.3493787676852,2.6951931339947937,-2.6887631489672987,-0.7210989745793741,-0.35085041673273565,0.801922531209193,183.0,-531.0,2.509561816790825,183.0,-531.0,1.9300174750574794,-0.7651756589373142,0.198077468790807,-96.26012476838088,221.05067893299872,TRACK
39.1,183.84687279033855,-533.3648620872352,2.6847896961982123,-2.702791938891644,-0.7264865958997302,-0.34095197592887805,0.8025154353106139,183.0,-531.0,2.511924802747555,183.0,-531.0,1.9146747541380182,-0.770114942060194,0.19748456468938613,-92.24847127760242,216.36547437565505,TRACK
39.152,183.80832788222526,-533.3811053276994,2.6695694418128397,-2.7168032309014287,-0.7316531688666178,-0.3309482874780445,0.803021250339749,183.0,-531.0,2.5145688590255872,183.0,-531.0,1.8980649695722474,-0.7715044722405924,0.19697874966025097,-92.24847127760242,216.36547437565505,TRACK
39.2,183.7725435869759,-533.3955931335367,2.6592001952465485,-2.730850557718888,-0.7365017126231865,-0.3207566377580532,0.8033178657061835,183.0,-531.0,2.5170796680331775,183.0,-531.0,1.882752093427122,-0.7764481018194265,0.19668213429381654,-97.72682677148623,221.25679682052925,TRACK
39.252,183.73356514285018,-533.4107551086042,2.644007828648102,-2.744779869392859,-0.7410810255897118,-0.3105435698046563,0.8035162694283909,183.0,-531.0,2.519892460496325,183.0,-531.0,1.8661828993531333,-0.7778249292949686,0.19648373057160906,-97.72682677148623,221.25679682052925,TRACK
39.3,183.6974031178661,-533.4242590107707,2.6214093877769855,-2.758584138890881,-0.7453840988090266,-0.3003192736701596,0.8036100552476412,183.0,-531.0,2.5225786132670396,183.0,-531.0,1.85090946020143,-0.7704999275755555,0.19638994475235882,-98.88232113276712,222.44579228106977,TRACK
39.352,183.6580428625872,-533.4383534751306,2.6084808871926644,-2.772288792210854,-0.7494244593722672,-0.290074114923488,0.8036043880256378,183.0,-531.0,2.5255866800970184,183.0,-531.0,1.8343886762786765,-0.7740922109139878,0.19639561197436217,-98.88232113276712,222.44579228106977,TRACK
39.4,183.6215453940521,-533.450873147324,2.593217126237631,-2.785889498695645,-0.7532532733269856,-0.27983745111072306,0.8035542874143381,183.0,-531.0,2.5284576051698915,183.0,-531.0,1.8191618642846143,-0.7740552619530168,0.1964457125856619,-94.77889070747554,222.44579228106977,TRACK
39.452,183.58184497074316,-533.4638842384804,2.570530154134686,-2.7995382507210707,-0.7568290153188917,-0.26946899523610784,0.8033702121824786,183.0,-531.0,2.5316534341436645,183.0,-531.0,1.8026973259534358,-0.7678328281812503,0.19662978781752138,-94.77889070747554,218.50007890529608,TRACK
39.496,183.5450555431643,-533.4753781850643,2.5578032927541705,-2.8132664154617597,-0.7601951027198425,-0.2589648740775104,0.8030936434845022,183.0,-531.0,2.5346760550860057,183.0,-531.0,1.78752863161351,-0.7702746611406606,0.19690635651549782,-92.63202974849658,216.6454441844093,TRACK
39.552,183.5050522952216,-533.4872584497347,2.542539905870213,-2.827133087556393,-0.7633794471515032,-0.24829048804708378,0.8027430141633085,183.0,-531.0,2.538017418514912,183.0,-531.0,1.771128437557764,-0.7714114683124491,0.1972569858366915,-92.63202974849658,216.6454441844093,TRACK
39.6,183.46799880461901,-533.4976808568318,2.5173216378697463,-2.8412152668851816,-0.7663783429589015,-0.2373855356474428,0.8023014751893798,183.0,-531.0,2.5411478791500968,183.0,-531.0,1.7560219157295849,-0.7612997221401614,0.19769852481062022,-96.28448399350575,220.84228458476449,TRACK
39.648,183.42771283698295,-533.5083852758426,2.5169571332724185,-2.8554402006116297,-0.769301474319888,-0.22634957228146535,0.8019095256091897,183.0,-531.0,2.544589350560074,183.0,-531.0,1.739685240964433,-0.7772718923079855,0.1980904743908103,-96.28448399350575,220.84228458476449,TRACK
39.7,183.39039469487307,-533.5177148075012,2.494270445787728,-2.869844181812918,-0.7721574111924734,-0.21515505699384008,0.8015726830484463,183.0,-531.0,2.5478021645519893,183.0,-531.0,1.7246303796913414,-0.7696400660963865,0.1984273169515537,-97.84828802801607,222.96937955218883,TRACK
39.752,183.34982660156402,-533.5272157320063,2.481377771834516,-2.8844338943672874,-0.774956791470625,-0.20379931736891116,0.8013065520800887,183.0,-531.0,2.551312996725809,183.0,-531.0,1.7083459555088707,-0.7730318163256453,0.19869344791991128,-97.84828802801607,222.96937955218883,TRACK
39.8,183.31224933921794,-533.5354239499397,2.4660993532851934,-2.899168529828567,-0.7777227857294086,-0.1923211453877208,0.8011492709888441,183.0,-531.0,2.5545790760456173,183.0,-531.0,1.6933339855713574,-0.772765367713836,0.19885072901115586,-93.60619364895345,218.94233067260708,TRACK
39.848,183.27142031750944,-533.5436838762413,2.440966662585704,-2.9141513240728694,-0.7803305337621246,-0.1806044023009007,0.800957983949188,183.0,-531.0,2.5581236582712013,183.0,-531.0,1.6770977426222529,-0.7638689199634512,0.19904201605081195,-93.60619364895345,218.94233067260708,TRACK
39.9,183.2336301736008,-533.5507184852639,2.4306127019460635,-2.929338162782073,-0.7827679796125169,-0.16868688561899592,0.8007377693642893,183.0,-531.0,2.561395683818463,183.0,-531.0,1.6621353366520109,-0.7684773652940526,0.1992622306357107,-90.24035518714658,215.63940809299618,TRACK
39.952,183.1925978197414,-533.557689496941,2.4153504691683376,-2.9447225819266794,-0.7849784915710702,-0.15656674655539288,0.8004401154091001,183.0,-531.0,2.564930697490909,183.0,-531.0,1.6459559673421813,-0.7693945018261563,0.1995598845908999,-90.24035518714658,215.63940809299618,TRACK
40.0,183.15465608356962,-533.5635128802016,2.4050696270696763,-2.9603139926335174,-0.7868945124403721,-0.1442305548702032,0.8000033916596464,183.0,-531.0,2.5681738241686083,183.0,-531.0,1.631053039625603,-0.7740165874440732,0.1999966083403536,-95.94850103730573,221.7183844531171,TRACK
40.052,183.1134786036477,-533.5691734281534,2.389857642668603,-2.975938048509386,-0.7886375479452746,-0.1318497026483646,0.7995833453227984,183.0,-531.0,2.5716783425255842,183.0,-531.0,1.6149369412401866,-0.7749207014284163,0.2004166546772016,-95.94850103730573,221.7183844531171,TRACK
40.096,183.07541005005515,-533.5738000008399,2.3671267569531653,-2.9915789888026825,-0.7901976094434447,-0.11943773256094521,0.7991730938472809,183.0,-531.0,2.5749044875437446,183.0,-531.0,1.600087057565419,-0.7670396993877464,0.20082690615271914,-96.65440555751765,223.0676008821331,TRACK
40.152,183.03411602111817,-533.57816125039,2.351879042693051,-3.0072460223920743,-0.7915690255218178,-0.10698909044433097,0.7987666665802132,183.0,-531.0,2.5783869639582297,183.0,-531.0,1.5840282493660094,-0.7678507933270418,0.20123333341978678,-96.65440555751765,223.0676008821331,TRACK
40.2,182.9959539081279,-533.5815885441845,2.3290914737700037,-3.022910672167892,-0.7927852738099501,-0.09453359270633191,0.7984015847428437,182.9959539081279,-531.0,2.5815885441844557,183.0,-531.0,1.5692290404167848,-0.7598624333532189,0.20159841525715627,-90.95236407321792,217.79473240892574,TRACK
40.252,182.95458996196285,-533.5846338118185,2.3162594493809485,-3.0387171069010943,-0.793721604087281,-0.08194382895012547,0.7979403335449925,182.95458996196285,-531.0,2.5846338118185486,183.0,-531.0,1.5532288995119043,-0.7630305498690442,0.2020596664550075,-90.95236407321792,217.79473240892574,TRACK
40.3,182.9163985497672,-533.5868234572697,2.3035570153572933,-3.0546649653776,-0.7943980899167722,-0.06922965356557693,0.7974089729845193,182.9163985497672,-531.0,2.586823457269702,183.0,-531.0,1.538489382170718,-0.7650676331865753,0.2025910270154807,-90.57171926793148,217.87378525102486,TRACK
40.352,182.87502323653555,-533.588517628664,2.2782519158940446,-3.07075133726724,-0.7948464436588665,-0.056402351510161604,0.7968450879895185,182.87502323653555,-531.0,2.5885176286640217,183.0,-531.0,1.5225525800270892,-0.7556993358669555,0.20315491201048153,-90.57171926793148,217.87378525102486,TRACK
40.4,182.836842197154,-533.5894465241045,2.27813353582539,-3.0870157165039074,-0.795053600535429,-0.04343472440146726,0.7962391619407958,182.836842197154,-531.0,2.58944652410446,183.0,-531.0,1.507870757014109,-0.7702627788112808,0.2037608380592042,-88.00736257447517,216.0485244767758,TRACK
40.448,182.79549648527927,-533.5897612557052,2.2629538894068566,-3.1034373951943546,-0.7950732856586868,-0.030350956635060086,0.7956523802118379,182.79549648527927,-531.0,2.5897612557051843,183.0,-531.0,1.491993685646548,-0.7709602037603085,0.20434761978816207,-88.00736257447517,216.0485244767758,TRACK
40.5,182.75736183960194,-533.5894007865398,2.2402472409195817,-3.1200832000220844,-0.7948627604086781,-0.017099700815492058,0.7950466701096753,182.75736183960194,-531.0,2.5894007865398407,183.0,-531.0,1.4773647817158901,-0.7628824592036916,0.20495332989032466,-97.97633048029,226.7233397024777,TRACK
40.552,182.71606922176002,-533.5883151502729,2.2250914681393636,-3.1368007480590263,-0.7945918758939399,-0.0038076383489623776,0.7946009988330287,182.71606922176002,-531.0,2.5883151502729334,183.0,-531.0,1.461536045694455,-0.7635554224449086,0.2053990011669713,-97.97633048029,226.7233397024777,TRACK
40.6,182.6779591484361,-533.5866805579709,2.2023183520927505,3.1297046361539382,-0.7943706706514098,0.009443937275442103,0.7944268061580204,182.6779591484361,-531.0,2.586680557970908,183.0,-531.0,1.446934004411854,-0.7553843476808966,0.20557319384197958,-88.83704009314845,226.7233397024777,TRACK
40.652,182.6367094052615,-533.5841976747588,2.189608051084387,3.1128213132347966,-0.79398343805998,0.022850273156702367,0.7943121772306414,182.6367094052615,-531.0,2.584197674758798,183.0,-531.0,1.4311300297817189,-0.7584780213026683,0.2056878227693586,-88.83704009314845,218.09109436732228,TRACK
40.7,182.59868556534752,-533.5812440427737,2.174417374480429,3.095756321094337,-0.7933464007784856,0.03638957744295417,0.7941805292089792,182.59868556534752,-531.0,2.581244042773733,183.0,-531.0,1.4165578999238178,-0.7578594745566112,0.2058194707910208,-88.77793409200024,217.8044884908653,TRACK
40.748,182.55756217133796,-533.5773281983177,2.1617752831569543,3.078569679752858,-0.7924672355703632,0.05000987071524638,0.7940436427687645,182.55756217133796,-531.0,2.577328198317673,183.0,-531.0,1.4007880877530314,-0.7609871954039229,0.2059563572312355,-88.77793409200024,217.8044884908653,TRACK
40.804,182.51968288561332,-533.5730506321169,2.136495713433735,3.061269881234127,-0.7913068281962841,0.06369700284583837,0.7938663643974382,182.51968288561332,-531.0,2.5730506321168605,183.0,-531.0,1.3862481479721114,-0.7502475654616234,0.20613363560256182,-91.68909356461704,220.85316496599444,TRACK
40.852,182.4787337942709,-533.5677088261247,2.136560415873531,3.043979042213998,-0.7899683223630534,0.07735751525884951,0.7937468963744804,182.4787337942709,-531.0,2.567708826124658,183.0,-531.0,1.3705098505356754,-0.7660505653378555,0.20625310362551963,-91.68909356461704,220.85316496599444,TRACK
40.9,182.4410276160539,-533.5621257512552,2.1112836321555744,3.0266900960616314,-0.7884202923683199,0.09099230584162696,0.7936536758186931,182.4410276160539,-531.0,2.5621257512551665,183.0,-531.0,1.355994663251685,-0.7552889689038893,0.20634632418130694,-93.3878043096157,222.72949951971992,TRACK
40.948,182.40028861888678,-533.5553762092819,2.09865379644069,3.0094355511219812,-0.7866779786642901,0.10457460823239109,0.7935981922876912,182.40028861888678,-531.0,2.555376209281917,183.0,-531.0,1.340281820514754,-0.758371975925936,0.20640180771230876,-93.3878043096157,222.72949951971992,TRACK
41.0,182.36278660571475,-533.5485063854868,2.0758560609649206,2.992270270488574,-0.7847928655111673,0.11806596052375795,0.7936242264394572,182.36278660571475,-531.0,2.548506385486803,183.0,-531.0,1.3257856090105609,-0.7500704519543597,0.20637577356054282,-87.73546191046441,217.08397463143834,TRACK
41.052,182.32230191176095,-533.5403645832024,2.060682481767748,2.975065887774437,-0.7826084949636096,0.13154346663928312,0.7935866304346907,182.32230191176095,-531.0,2.540364583202404,183.0,-531.0,1.3100956166162485,-0.7505868651514993,0.2064133695653093,-87.73546191046441,217.08397463143834,TRACK
41.1,182.28507467929074,-533.5322063473932,2.0506538548830813,2.957838385282852,-0.7801440918215514,0.1449903894244214,0.7935030037936331,182.28507467929074,-531.0,2.532206347393185,183.0,-531.0,1.2956255809180461,-0.7550282739650351,0.20649699620636686,-86.28443933146283,215.56981208608656,TRACK
41.152,182.24491323446406,-533.5226751399416,2.0253746991277435,2.940595662575446,-0.7774110767866631,0.15839611097300177,0.7933834572777343,182.24491323446406,-531.0,2.5226751399416116,183.0,-531.0,1.2799636322347634,-0.7454110668929801,0.2066165427222657,-86.28443933146283,215.56981208608656,TRACK
41.2,182.20801297501978,-533.5132374470079,2.0255933031789386,2.9233062240641763,-0.7743815916925323,0.17177398310746017,0.7932043562820755,182.20801297501978,-531.0,2.5132374470078958,183.0,-531.0,1.2655206769583163,-0.7600726262206223,0.20679564371792447,-86.082229116186,215.57653453658935,TRACK
41.252,182.1682254774971,-533.5023269839654,2.010544261900997,2.906031416415837,-0.771148498695214,0.1850888979596062,0.7930497507645935,182.1682254774971,-531.0,2.5023269839654176,183.0,-531.0,1.2498856357125723,-0.760658626188425,0.2069502492354065,-86.082229116186,215.57653453658935,TRACK
41.3,182.13168596402485,-533.4916221649713,1.9853570691863123,2.8887298252604774,-0.7676804765536307,0.19836375550572957,0.7928943773163903,182.13168596402485,-531.0,2.491622164971318,183.0,-531.0,1.2354642641373665,-0.7498928050489457,0.20710562268360966,-95.5582328176698,225.30236085119458,TRACK
41.352,182.09229122550644,-533.4793509876694,1.975482802940932,2.8715362600012484,-0.7641492036337794,0.21153090368803462,0.7928867060489889,182.09229122550644,-531.0,2.4793509876693633,183.0,-531.0,1.2198445982257342,-0.7556382047151977,0.20711329395101108,-95.5582328176698,225.30236085119458,TRACK
41.4,182.05608901516166,-533.4674116728321,1.960408825952364,2.8545424422414274,-0.7606714327926543,0.22455259141893397,0.7931235055020045,182.05608901516166,-531.0,2.4674116728320996,183.0,-531.0,1.20542202710362,-0.754986798848744,0.2068764944979955,-87.90846123863358,217.6558361867886,TRACK
41.452,182.01708073792406,-533.4538066222557,1.9349754649571758,2.8375389081081597,-0.7569921434913747,0.23753164022510798,0.7933841348399249,182.01708073792406,-531.0,2.4538066222556836,183.0,-531.0,1.1897993892133536,-0.7451760757438222,0.20661586516007513,-87.90846123863358,217.6558361867886,TRACK
41.5,181.98128180335465,-533.440630422201,1.9225626453224152,2.820504612931618,-0.753078791171358,0.25047202487820286,0.7936396543512055,181.98128180335465,-531.0,2.440630422201025,183.0,-531.0,1.1753808462993918,-0.7471817990230234,0.20636034564879446,-84.46489006230722,213.60375850140167,TRACK
41.552,181.94274387952905,-533.4256920088553,1.9100224556604153,2.8034411966980723,-0.7488910861644664,0.2633538290746051,0.7938470244479414,181.94274387952905,-531.0,2.4256920088553215,183.0,-531.0,1.1597653165197468,-0.7502571391406685,0.20615297555205858,-84.46489006230722,213.60375850140167,TRACK
41.6,181.9074166153409,-533.4112934650818,1.8848016216177002,2.7863255529105295,-0.7443738407120835,0.27616937058022717,0.7939533588209934,181.9074166153409,-531.0,2.411293465081826,183.0,-531.0,1.1453583764098114,-0.7394432452078887,0.20604664117900662,-90.67761326925438,219.57921662640513,TRACK
41.652,181.86939937371997,-533.3950512877311,1.8750090792893976,2.7693395580553197,-0.7397282766037634,0.2888324384299698,0.7941171832271205,181.86939937371997,-531.0,2.395051287731121,183.0,-531.0,1.129751985485374,-0.7452570938040237,0.20588281677287945,-90.67761326925438,219.57921662640513,TRACK
41.7,181.83454643599893,-533.3794730879307,1.8625025003825906,2.75249684623245,-0.7349593840083616,0.30133212519084174,0.7943339007079954,181.83454643599893,-531.0,2.3794730879307053,183.0,-531.0,1.1153461511565281,-0.7471563492260624,0.20566609929200463,-86.43369123458316,215.2842777952741,TRACK
41.752,181.7970691233179,-533.3619681738102,1.8474995740433597,2.735727835952518,-0.7299747426508577,0.3136874187238119,0.7945205608250765,181.7970691233179,-531.0,2.361968173810169,183.0,-531.0,1.0997429880139848,-0.7477565860293749,0.2054794391749235,-86.43369123458316,215.2842777952741,TRACK
41.8,181.76274199172175,-533.3452382747107,1.8352571346828837,2.7190460863095973,-0.7247855839449617,0.32588566977071703,0.7946795658983236,181.76274199172175,-531.0,2.3452382747107094,183.0,-531.0,1.0853432117826667,-0.749913922900217,0.20532043410167644,-89.52773845110332,218.08879519007834,TRACK
41.852,181.72585301075512,-533.3265057618274,1.809808639211392,2.7024697041904826,-0.7194018476088996,0.33790990668070514,0.7948094887305142,181.72585301075512,-531.0,2.326505761827434,183.0,-531.0,1.0697471891214434,-0.7400614500899485,0.20519051126948584,-89.52773845110332,218.08879519007834,TRACK
41.9,181.69207352482712,-533.3086645433225,1.8000765457179557,2.6860754078763427,-0.7139199525040638,0.3497336576076484,0.7949813393074259,181.69207352482712,-531.0,2.308664543322493,183.0,-531.0,1.0553511830862414,-0.7447253626317143,0.20501866069257413,-84.77017420101994,213.23021104999782,TRACK
41.952,181.65579365996072,-533.2887476509252,1.7748705810194743,2.6697745113698432,-0.7082393672668816,0.361382883965293,0.7951104263997959,181.65579365996072,-531.0,2.2887476509251883,183.0,-531.0,1.0397593310069173,-0.735111250012557,0.2048895736002041,-84.77017420101994,213.23021104999782,TRACK
42.0,181.62261634934882,-533.2698245854689,1.7754439982163979,2.6534844167041345,-0.7022734786019337,0.3728795601963344,0.7951271628864608,181.62261634934882,-531.0,2.269824585468882,183.0,-531.0,1.0253744054408773,-0.7500695927755205,0.2048728371135392,-84.8451624315623,213.1334798745728,TRACK
42.052,181.58701117378948,-533.2487529860034,1.7605435319418266,2.637284442254812,-0.6961279812022,0.38419978745291067,0.7951123460816794,181.58701117378948,-531.0,2.24875298600341,183.0,-531.0,1.0097964670128348,-0.7507470649289918,0.20488765391832064,-84.8451624315623,213.1334798745728,TRACK
42.1,181.55446863842752,-533.2287815537774,1.7379025669098183,2.621136959226924,-0.68977250812901,0.39535488849261924,0.7950418862082655,181.55446863842752,-531.0,2.2287815537773668,183.0,-531.0,0.9954237164927514,-0.7424788504170668,0.20495811379173445,-94.49690269591082,222.93570545196928,TRACK
42.152,181.51954792701406,-533.2065932614465,1.7258238824633159,2.605176921738193,-0.6833953801821661,0.40632495282392445,0.7950655400290543,181.51954792701406,-531.0,2.2065932614465282,183.0,-531.0,0.9798534723118806,-0.7459704101514353,0.20493445997094573,-94.49690269591082,222.93570545196928,TRACK
42.2,181.4876055610618,-533.185610947728,1.7003059097922049,2.58949006468512,-0.6771200821869711,0.41710725686621036,0.7952798686194347,181.4876055610618,-531.0,2.185610947728037,183.0,-531.0,0.9654746479945969,-0.7348312617976079,0.20472013138056533,-86.82097506958566,215.31023350854895,TRACK
42.248,181.45335316292562,-533.1623402453115,1.6853496349792763,2.573847917501687,-0.6706730408765575,0.42774944476666776,0.7954696193172943,181.45335316292562,-531.0,2.1623402453114977,183.0,-531.0,0.9498985294915406,-0.7354511054877356,0.20453038068270568,-86.82097506958566,215.31023350854895,TRACK
42.3,181.42207338598223,-533.1403674545123,1.6757168636414381,2.558216767797041,-0.6640191834486933,0.43825540534228685,0.7956062319386403,181.42207338598223,-531.0,2.1403674545123295,183.0,-531.0,0.9355232273692758,-0.7401936362721623,0.20439376806135967,-83.1882730200811,211.2266224985454,TRACK
42.352,181.3885693625744,-533.1160398172624,1.6608045358624637,2.5425785887087198,-0.6571203191020413,0.44860972573169566,0.7956492944745416,181.3885693625744,-531.0,2.11603981726239,183.0,-531.0,0.9199559162962385,-0.7408486195662252,0.20435070552545842,-83.1882730200811,211.2266224985454,TRACK
42.4,181.35801459028426,-533.0931088927695,1.6512570738807757,2.5268973483475987,-0.6499234220319601,0.45880097948651055,0.7955493657112139,181.35801459028426,-531.0,2.0931088927694645,183.0,-531.0,0.9055956273134874,-0.7456614465672883,0.20445063428878607,-89.45755879908097,217.51074468288772,TRACK
42.452,181.32529964347054,-533.0677645926897,1.6364068622944825,2.5113449122655758,-0.6426469817207618,0.46880727181821713,0.7954718104524163,181.32529964347054,-531.0,2.067764592689741,183.0,-531.0,0.8900426814496448,-0.7463641808448377,0.20452818954758367,-89.45755879908097,217.51074468288772,TRACK
42.5,181.29546017771912,-533.0439148697033,1.6112468127560808,2.495925163595991,-0.6352999758892743,0.478628956791609,0.7954192213193848,181.29546017771912,-531.0,2.043914869703258,183.0,-531.0,0.8756893160952598,-0.735557496660821,0.2045807786806152,-90.38269960707132,218.71457855643845,TRACK
42.552,181.26352793858845,-533.0175938130227,1.5988445693391444,2.480625194785766,-0.6278735169382984,0.48826978034138185,0.7953820036102709,181.26352793858845,-531.0,2.0175938130226996,183.0,-531.0,0.8601432636229898,-0.7387013057161547,0.2046179963897291,-90.38269960707132,218.71457855643845,TRACK
42.6,181.23441386032098,-532.9928592217055,1.5868216305344074,2.465471966124971,-0.6204079400435127,0.4977317522428184,0.7953885272366841,181.23441386032098,-531.0,1.9928592217055439,183.0,-531.0,0.8457945905056236,-0.7410270400287838,0.20461147276331593,-84.58958465900271,212.92645766533371,TRACK
42.652,181.20329460492994,-532.965598575294,1.564092156963171,2.4503228150495207,-0.6127216876987958,0.5070107590351801,0.7952910010517471,181.20329460492994,-531.0,1.9655985752940524,183.0,-531.0,0.8302589369536885,-0.7338332200094825,0.2047089989482529,-84.58958465900271,212.92645766533371,TRACK
42.7,181.17496614749749,-532.9400153272927,1.5517037899578692,2.4351864435866766,-0.6048307657824992,0.5161015100492946,0.7950981221913472,181.17496614749749,-531.0,1.9400153272927128,183.0,-531.0,0.8159278441044494,-0.7357759458534198,0.20490187780865277,-84.58514893863253,212.97271476733238,TRACK
42.752,181.14471237981326,-532.9118557841887,1.5368564487415968,2.420086298694686,-0.5967711264024761,0.5250013678092263,0.7948347082942708,181.14471237981326,-531.0,1.911855784188674,183.0,-531.0,0.8004132309768515,-0.7364432177647453,0.20516529170572917,-84.58514893863253,212.97271476733238,TRACK
42.8,181.11719920310466,-532.8854615331946,1.5116986735631013,2.404995360334897,-0.5885181456618049,0.5337089692408254,0.7944802525055698,181.11719920310466,-531.0,1.8854615331946434,183.0,-531.0,0.7861042543285057,-0.7255944192345956,0.20551974749443025,-87.3297335447105,216.15356657434177,TRACK
42.852,181.08783202706604,-532.856440710249,1.5126104157680738,2.3899981688446084,-0.5802004795554945,0.542243292140747,0.7941412873966831,181.08783202706604,-531.0,1.8564407102489895,183.0,-531.0,0.770612016548424,-0.7419983992196497,0.2058587126033169,-87.3297335447105,216.15356657434177,TRACK
42.9,181.06113633631284,-532.8292650339752,1.4899261619470614,2.3750556423879705,-0.571786390119818,0.5506141127214722,0.7937981966811885,181.06113633631284,-531.0,1.8292650339751617,183.0,-531.0,0.7563206694499353,-0.7336054924971261,0.20620180331881155,-89.08730828191271,218.4129689580771,TRACK
42.948,181.0326646250499,-532.799411511574,1.475101735266142,2.360170222904938,-0.5632976716938121,0.5588363432766332,0.7934748423878786,181.0326646250499,-531.0,1.7994115115740215,183.0,-531.0,0.7408470546481887,-0.7342546806179533,0.20652515761212142,-89.08730828191271,218.4129689580771,TRACK
43.0,181.00679333177024,-532.7714780011411,1.4632057470750808,2.3453747401417897,-0.5547883334318546,0.5669254700366929,0.7932178663446884,181.00679333177024,-531.0,1.7714780011410767,183.0,-531.0,0.7265691147248294,-0.7366366323502513,0.20678213365531162,-83.06518478112325,212.7439783215807,TRACK
43.052,180.97923917319164,-532.7408181097644,1.4404819118356964,2.3305135463059434,-0.5460730994712562,0.5748662090206829,0.7928852301814909,180.97923917319164,-531.0,1.7408181097644047,183.0,-531.0,0.7111135067049514,-0.729368405130745,0.20711476981850907,-83.06518478112325,212.7439783215807,TRACK
43.1,180.95424950899576,-532.7121557218585,1.4281420771301625,2.3155891680471763,-0.5371638160846417,0.5826596143440348,0.7924879756173933,180.95424950899576,-531.0,1.712155721858494,183.0,-531.0,0.6968588047717109,-0.7312832723584516,0.20751202438260674,-82.96068241052441,212.92505345043904,TRACK
43.152,180.927664332928,-532.6807213022826,1.4133537466479007,2.300626477102616,-0.5280951655264458,0.5903065733923866,0.7920519897346797,180.927664332928,-531.0,1.6807213022825636,183.0,-531.0,0.681428976082658,-0.7319247705652427,0.20794801026532028,-82.96068241052441,212.92505345043904,TRACK
43.2,180.90358480051194,-532.6513590909541,1.4040368521466469,2.2856026109635463,-0.5188417814593397,0.5977987303085103,0.7915555041476044,180.90358480051194,-531.0,1.651359090954088,183.0,-531.0,0.6671995928739767,-0.7368372592726702,0.20844449585239555,-85.61064931017289,216.15709742276107,TRACK
43.252,180.87798874116137,-532.6191795814241,1.3892890380787473,2.2706101029563888,-0.5095283266542777,0.6051620273063724,0.7911006225232458,180.87798874116137,-531.0,1.6191795814240777,183.0,-531.0,0.651794639692401,-0.7374943983863462,0.20889937747675424,-85.61064931017289,216.15709742276107,TRACK
43.3,180.8548212689162,-532.5891401509928,1.3666151251212422,2.2556196154050117,-0.5001228974463823,0.6123928313108442,0.7906629448703643,180.8548212689162,-531.0,1.5891401509927618,183.0,-531.0,0.6375845769689404,-0.7290305481523017,0.20933705512963574,-87.35263373119176,218.4825706572405,TRACK
43.352,180.83022276516908,-532.5562400320656,1.3518526457533,2.2406440809623955,-0.4906467354841887,0.6194984485156232,0.7902610624056811,180.83022276516908,-531.0,1.5562400320656025,183.0,-531.0,0.6221996250338413,-0.7296530207194587,0.20973893759431894,-87.35263373119176,218.4825706572405,TRACK
43.4,180.80797364528146,-532.5255451763588,1.3291360194487485,2.225727020155376,-0.4811535439119345,0.6264906477303437,0.78993624078947,180.80797364528146,-531.0,1.5255451763588326,183.0,-531.0,0.6080040317181724,-0.7211319877305761,0.21006375921053,-81.24906986244787,212.78442802477758,TRACK
43.452,180.7843936025424,-532.4919523521331,1.3173795361493914,2.2107189243571086,-0.4714616296711144,0.633324468697752,0.7895416080887903,180.7843936025424,-531.0,1.4919523521331257,183.0,-531.0,0.5926381784205087,-0.7247413577288827,0.21045839191120974,-81.24906986244787,212.78442802477758,TRACK
43.5,180.76311807337174,-532.460637798607,1.3050930015703937,2.1956286350132235,-0.461584126155552,0.6399961907817678,0.7890849318888035,180.76311807337174,-531.0,1.4606377986069674,183.0,-531.0,0.5784668453312696,-0.7266261562391241,0.21091506811119654,-81.13902498754312,213.00949366521593,TRACK
43.552,180.74060542673982,-532.4263902674967,1.2903692885989386,2.180483733620699,-0.4515571112544437,0.6465097526350467,0.7885928512082058,180.74060542673982,-531.0,1.4263902674966857,183.0,-531.0,0.5631277401729908,-0.7272415484259478,0.21140714879179423,-81.13902498754312,213.00949366521593,TRACK
43.6,180.72032936258032,-532.3944876332524,1.2811784145385487,2.1652627707384533,-0.4413584234784288,0.6528547139105095,0.7880460236880441,180.72032936258032,-531.0,1.3944876332524245,183.0,-531.0,0.5489822372638259,-0.7321961772747229,0.2119539763119559,-83.74018938797316,216.24905391579784,TRACK
43.652,180.6989015237344,-532.3596149756021,1.266496223673147,2.1500564867252807,-0.43110881364690756,0.6590753751498876,0.7875500995701855,180.6989015237344,-531.0,1.359614975602085,183.0,-531.0,0.5336679169395637,-0.7328283067335832,0.2124499004298145,-83.74018938797316,216.24905391579784,TRACK
43.7,180.6796252552126,-532.3271435572029,1.241391418128161,2.1348319179925603,-0.42077685350855765,0.66516975300792,0.7870857391448403,180.6796252552126,-531.0,1.3271435572029304,183.0,-531.0,0.5195407986185658,-0.7218506195095951,0.21291426085515974,-85.49061116049528,218.62103144641628,TRACK
43.752,180.6592890083243,-532.2916657616519,1.2291428947711218,2.1195999373455705,-0.41038353960579377,0.6711531941257454,0.7866773541704188,180.6592890083243,-531.0,1.2916657616518705,183.0,-531.0,0.5042442385508777,-0.7248986562202441,0.21332264582958116,-85.49061116049528,218.62103144641628,TRACK
43.8,180.64101750116592,-532.2586417794734,1.2175197184636062,2.1043998192216606,-0.3999790404402601,0.6770494462334684,0.7863708955935217,180.64101750116592,-531.0,1.2586417794733507,183.0,-531.0,0.4901281962161412,-0.727391522247465,0.2136291044064783,-79.34133169454844,212.8659427986238,TRACK
43.852,180.62179226540243,-532.222581589809,1.1917291111095494,2.089079144460439,-0.38938700161732365,0.6827949551002002,0.7860223837390472,180.62179226540243,-531.0,1.2225815898090104,183.0,-531.0,0.4748455817911203,-0.716883529318429,0.2139776162609528,-79.34133169454844,212.8659427986238,TRACK
43.9,180.6045784348804,-532.189040252908,1.1825965644965204,2.0736452617101704,-0.37861906527435024,0.6883889690520651,0.7856409926307231,180.6045784348804,-531.0,1.1890402529079438,183.0,-531.0,0.460747717885299,-0.7218488466112214,0.21435900736927693,-77.69788956319057,211.47262134805243,TRACK
43.952,180.58651451926013,-532.1524358201696,1.1575007337751806,2.0581067074486894,-0.3676864398724834,0.6938288194691353,0.785233563210358,180.58651451926013,-531.0,1.1524358201695577,183.0,-531.0,0.44548495493602747,-0.7120157788391531,0.21476643678964202,-77.69788956319057,211.47262134805243,TRACK
44.0,180.57039114248622,-532.118409977175,1.15889896009389,2.0424398393345955,-0.35656247489360293,0.6990938378234343,0.7847732109246273,180.57039114248622,-531.0,1.1184099771750198,183.0,-531.0,0.4314070430015655,-0.7274919170923244,0.21522678907537274,-77.58467859342333,211.8614037982054,TRACK
44.052,180.55351784384166,-532.0812949973247,1.144316517809113,2.02671702986236,-0.34533588801919224,0.7042233589625485,0.7843388393178669,180.55351784384166,-531.0,1.081294997324676,183.0,-531.0,0.4161641047812668,-0.7281524130278463,0.21566116068213315,-77.58467859342333,211.8614037982054,TRACK
44.1,180.53849977132558,-532.0468096392988,1.1217419877841923,2.010908422898107,-0.33397510597559144,0.709200918931198,0.7839038938698182,180.53849977132558,-531.0,1.0468096392987718,183.0,-531.0,0.40210187625008376,-0.7196401115341086,0.21609610613018182,-87.27031460026107,222.09315793956688,TRACK
44.148,180.52281592692702,-532.009202053693,1.1071778465257334,1.9951622918113856,-0.322648156182082,0.7141085773441145,0.7836152709870656,180.52281592692702,-531.0,1.0092020536930022,183.0,-531.0,0.38686841693362084,-0.7203094295921125,0.21638472901293437,-87.27031460026107,222.09315793956688,TRACK
44.2,180.50886326834086,-531.9742532965872,1.0845348105026427,1.9795759194950184,-0.31145943704245554,0.7190052625033159,0.7835659183695176,180.50886326834086,-531.0,0.9742532965872215,183.0,-531.0,0.37279995412669154,-0.7117348563759511,0.2164340816304824,-77.71201054761121,212.84635676614988,TRACK
44.252,180.494349550774,-531.9361598602071,1.069904060716014,1.963907413213179,-0.3001371177007658,0.7237515501086593,0.7835168126507628,180.494349550774,-531.0,0.9361598602071126,183.0,-531.0,0.35755981719775304,-0.712344243518261,0.21648318734923722,-77.71201054761121,212.84635676614988,TRACK
44.3,180.48151952032654,-531.9007934310603,1.060914959154983,1.9481193360866234,-0.28864143185147184,0.7283187200997542,0.7834296613155592,180.48151952032654,-531.0,0.900793431060265,183.0,-531.0,0.34349437220677276,-0.7174205869482102,0.21657033868444076,-76.32205281574822,211.19378460462116,TRACK
44.352,180.46823980695297,-531.8622704626079,1.035864460457314,1.9322427637959554,-0.27699961687176955,0.7326963788022306,0.7833088607037514,180.46823980695297,-531.0,0.862270462607853,183.0,-531.0,0.32825958012331274,-0.7076048803340012,0.2166911392962486,-76.32205281574822,211.19378460462116,TRACK
44.4,180.4565626190049,-531.8265302148529,1.0374371562570017,1.9162639735245013,-0.265195913087966,0.7368586194343678,0.7831280210497403,180.4565626190049,-531.0,0.8265302148529372,183.0,-531.0,0.31420098438845984,-0.7232361718685418,0.21687197895025967,-76.42472316871981,211.46640068962597,TRACK
44.452,180.44453720697132,-531.7876196441572,1.022931519838521,1.9002597952917315,-0.25331761681012144,0.7408561746229525,0.7829672320495374,180.44453720697132,-531.0,0.7876196441571892,183.0,-531.0,0.2989719448813314,-0.7239595749571895,0.21703276795046256,-76.42472316871981,211.46640068962597,TRACK
44.5,180.4340209357705,-531.7515353397098,1.000383876949403,1.88420141177332,-0.2413375950992801,0.744671233433864,0.7828020699463029,180.4340209357705,-531.0,0.7515353397097897,183.0,-531.0,0.28491604082791133,-0.7154678361214916,0.21719793005369714,-86.32577798834826,221.62323142987276,TRACK
44.552,180.4232430472331,-531.7122572475115,0.985893072630597,1.8682372682793027,-0.22941291735475577,0.7484080761435647,0.7827802597703469,180.4232430472331,-531.0,0.7122572475115021,183.0,-531.0,0.2696823210346375,-0.7162107515959595,0.21721974022965307,-86.32577798834826,221.62323142987276,TRACK
44.6,180.41384581869238,-531.6758218050883,0.9632728994256164,1.8524639374137244,-0.21763985438990496,0.7521403504959969,0.7829956660563966,180.41384581869238,-531.0,0.675821805088276,183.0,-531.0,0.2556069723546051,-0.7076659270710113,0.2170043339436034,-76.8874179578967,212.2093993142494,TRACK
44.652,180.40429283262708,-531.6361819043067,0.9487117848578686,1.83663612324211,-0.2057648500237382,0.7556982523139009,0.78321071370071,180.40429283262708,-531.0,0.6361819043066816,183.0,-531.0,0.24035218726703866,-0.7083595975908299,0.21678928629928995,-76.8874179578967,212.2093993142494,TRACK
44.7,180.39606382942,-531.5994486111573,0.9374301113818894,1.820713228461686,-0.19375030090036632,0.7590507932182693,0.7833883365127836,180.39606382942,-531.0,0.5994486111572996,183.0,-531.0,0.22626653886697878,-0.7111635725149106,0.2166116634872164,-75.66884990696148,210.4410033094086,TRACK
44.748,180.38779008801424,-531.5595112938419,0.9253458779977676,1.8047283270880223,-0.18162633966246247,0.7621918821380708,0.7835334022595073,180.38779008801424,-531.0,0.5595112938418652,183.0,-531.0,0.21100257060770458,-0.714343307390063,0.2164665977404927,-75.66884990696148,210.4410033094086,TRACK
44.8,180.38075155308002,-531.5225277532425,0.9165640724359089,1.788665950579313,-0.16937977134266044,0.7650963735937932,0.7836210613724373,180.38075155308002,-531.0,0.522527753242457,183.0,-531.0,0.196910223788355,-0.7196538486475539,0.21637893862756274,-81.4262703774271,216.07543478307116,TRACK
44.852,180.3737589159103,-531.4823292020935,0.9021081050766712,1.7726791081905389,-0.15716267847668589,0.7678798140307083,0.7837981349185524,180.3737589159103,-531.0,0.48232920209352415,183.0,-531.0,0.18163350335460404,-0.7204746017220671,0.21620186508144756,-81.4262703774271,216.07543478307116,TRACK
44.9,180.36788718097716,-531.4451055425687,0.8771062354322565,1.7567627852380538,-0.1449704748972009,0.7705443964881676,0.78406320252339,180.36788718097716,-531.0,0.44510554256874,183.0,-531.0,0.16752094494761022,-0.7095852904846462,0.21593679747661,-82.67317922928898,217.2060095769835,TRACK
44.952,180.36215762652475,-531.4046597701595,0.8650284143013104,1.7409091578604474,-0.13279511749751388,0.7730850181643262,0.7844074123447043,180.36215762652475,-531.0,0.4046597701594692,183.0,-531.0,0.1522189242026451,-0.7128094900986652,0.21559258765529565,-82.67317922928898,217.2060095769835,TRACK
45.0,180.35744715557578,-531.3672167829468,0.853818786822905,1.725148428121929,-0.12066401037624877,0.7755270435658621,0.7848579481040413,180.35744715557578,-531.0,0.36721678294679805,183.0,-531.0,0.13807862456652958,-0.7157401622563755,0.2151420518959587,-76.93238835720675,210.9552641333348,TRACK
45.052,180.35298798609935,-531.3265605719522,0.8278655324991966,1.7093394099131227,-0.10844524745132617,0.7777401523199147,0.7852643607253441,180.35298798609935,-531.0,0.3265605719522,183.0,-531.0,0.12274926697936947,-0.7051162655198271,0.2147356392746559,-76.93238835720675,210.9552641333348,TRACK
45.1,180.3494684026387,-531.2889569072354,0.8166916329641789,1.6934935631095767,-0.09615304024389072,0.7797244875680223,0.7856307552924326,180.3494684026387,-531.0,0.2889569072353879,183.0,-531.0,0.10858963104680479,-0.7081020019173742,0.21436924470756735,-75.79144213066954,209.21714339921115,TRACK
45.152,180.3463026401854,-531.2481506077684,0.7940826669652433,1.677630210553314,-0.08380749267117105,0.7814787017934014,0.7859597045552198,180.3463026401854,-531.0,0.24815060776836617,183.0,-531.0,0.09324012489464018,-0.7008425420706031,0.2140402954447802,-75.79144213066954,209.21714339921115,TRACK
45.2,180.34398243530345,-531.2104341609167,0.7959609261098389,1.6617264105726581,-0.07139303083384302,0.7829769144587517,0.7862250399389411,180.34398243530345,-531.0,0.21043416091674771,183.0,-531.0,0.07906404594800494,-0.716896880161834,0.2137749600610589,-76.28022113964843,209.4051135538501,TRACK
45.252,180.3421135846727,-531.1695246841771,0.7710021549808515,1.6458624975098355,-0.05898427236440043,0.7842872416844375,0.7865021435796224,180.3421135846727,-531.0,0.16952468417707678,183.0,-531.0,0.06369548405292834,-0.7073066709279231,0.21349785642037755,-76.28022113964843,209.4051135538501,TRACK
45.3,180.34098664810645,-531.1317279775174,0.759015725701595,1.6300060700572927,-0.04655702283234071,0.7853876931553683,0.7867664106549809,180.34098664810645,-531.0,0.13172797751735743,183.0,-531.0,0.049499703455327594,-0.7095160222462674,0.21323358934501913,-81.14994477158747,214.05377648283167,TRACK
45.352,180.3404042573869,-531.0907447328041,0.7446385454066822,1.6142381324449113,-0.03418200237650587,0.7863507630442795,0.7870933437825454,180.3404042573869,-531.0,0.09074473280406892,183.0,-531.0,0.03410651559492547,-0.7105320298117567,0.21290665621745464,-81.14994477158747,214.05377648283167,TRACK
45.4,180.34044581192106,-531.0528771764699,0.7220688895345585,1.5986270843476422,-0.021915299733117212,0.7872455942487101,0.7875505736309237,180.34044581192106,-531.0,0.05287717646990586,183.0,-531.0,0.01987935084675625,-0.7021895386878022,0.21244942636907627,-80.85160026851742,213.40532961530982,TRACK
45.452,180.34112347053906,-531.011829521287,0.7076612636400011,1.5830848962874857,-0.009683781051510021,0.7879919307617174,0.7880514314186814,180.34112347053906,-531.0,0.011829521287040734,183.0,-531.0,0.004449038195236457,-0.7032122254447647,0.2119485685813186,-80.85160026851742,213.40532961530982,TRACK
45.5,180.34232879564942,-530.9739204929997,0.6990390820429764,1.5676333591750407,0.0024943712462433274,0.7886147529236622,0.7886186977346928,180.34232879564942,-531.0,0.026079507000304147,183.0,-531.0,-0.009812602067438551,-0.7088516841104149,0.21138130226530716,-76.35379929157934,208.19426942639717,TRACK
45.552,180.34426850001975,-530.9328510545155,0.674035241243624,1.5521970603575923,0.014677043802659382,0.7890285022749033,0.7891649973338669,180.34426850001975,-531.0,0.06714894548451866,183.0,-531.0,-0.02527915241227813,-0.6993143936559022,0.2108350026661331,-76.35379929157934,208.19426942639717,TRACK
45.6,180.34665102246544,-530.8949594728683,0.6760651755551442,1.5367067030827783,0.026912637971519562,0.7891613093225445,0.7896200746018674,180.34665102246544,-531.0,0.10504052713167766,183.0,-531.0,-0.03956724362769982,-0.715632419182844,0.21037992539813255,-77.10871879992722,208.2574979955673,TRACK
45.652,180.3498647210195,-530.8539336141441,0.6617152055348059,1.5212559138724735,0.03912387802604819,0.7890904386263662,0.79005974341397,180.3498647210195,-531.0,0.14606638585587461,183.0,-531.0,-0.055060867041344455,-0.7167760725761504,0.20994025658603,-77.10871879992722,208.2574979955673,TRACK
45.7,180.3534159101615,-530.8160981906793,0.6391681568287367,1.5058205735458379,0.05132460821069111,0.7887920812046174,0.7904600956272826,180.3534159101615,-531.0,0.18390180932067324,183.0,-531.0,-0.06937496620933682,-0.7085431230380735,0.2095399043727174,-87.62218262186394,218.38940072074905,TRACK
45.752,180.357878796418,-530.7751361740275,0.6282554335783955,1.4905555066991432,0.06339965283265495,0.7884207340936045,0.790965719818501,180.357878796418,-531.0,0.22486382597253396,183.0,-531.0,-0.08490271291854905,-0.7131581464969445,0.20903428018149905,-87.62218262186394,218.38940072074905,TRACK
45.8,180.36255222454022,-530.7373388279207,0.602187244338336,1.475553265843672,0.07528685439916655,0.7880791258562865,0.7916671137894575,180.36255222454022,-531.0,0.2626611720793335,183.0,-531.0,-0.0992618500151708,-0.7014490943535068,0.20833288621054247,-80.21804035784844,210.480927219943,TRACK
45.852,180.36823205608488,-530.6964351140984,0.5877501339045913,1.460566975477592,0.08716609075616974,0.7875648902253598,0.7923738913501605,180.36823205608488,-531.0,0.30356488590155095,183.0,-531.0,-0.11483886494514106,-0.7025889988497324,0.20762610864983955,-80.21804035784844,210.480927219943,TRACK
45.9,180.37404361936282,-530.6587357796905,0.5767608561176975,1.4455868127436395,0.09903394122652248,0.7868081587047282,0.7930162672475156,180.37404361936282,-531.0,0.3412642203095402,183.0,-531.0,-0.12923376961063776,-0.7059946257283352,0.20698373275248438,-76.46499281462673,205.6983253574145,TRACK
45.952,180.3809558660369,-530.6179769677151,0.5647584671403393,1.4305897820834848,0.11089679902669686,0.7857634606845737,0.7935504496762416,180.3809558660369,-531.0,0.38202303228490564,183.0,-531.0,-0.14484206956696777,-0.709600536707307,0.20644955032375845,-76.46499281462673,205.6983253574145,TRACK
46.0,180.38790757512274,-530.5804497208613,0.5562481092949543,1.4155348759805315,0.12277246478482895,0.7843824244202665,0.793932532302813,180.38790757512274,-531.0,0.4195502791386616,183.0,-531.0,-0.15925823270744788,-0.7155063420024022,0.20606746769718698,-83.85808822086956,212.56123688216115,TRACK
46.052,180.39603969605636,-530.5398877085668,0.541894695663335,1.400605363954311,0.13453753147106873,0.7828621201635638,0.7943383703191726,180.39603969605636,-531.0,0.4601122914332336,183.0,-531.0,-0.17489188260043895,-0.716786578263774,0.20566162968082735,-83.85808822086956,212.56123688216115,TRACK
46.1,180.4040952722029,-530.5025351360015,0.5192499513643798,1.3858086386416615,0.1461879715247583,0.7812228863948248,0.7947830655251689,180.4040952722029,-531.0,0.4974648639985162,183.0,-531.0,-0.18933900785953695,-0.7085889592239167,0.20521693447483114,-85.37018370080358,213.8366302844314,TRACK
46.152,180.41341309896364,-530.4621736574423,0.5048507016675541,1.371123861031538,0.15773832314989117,0.7794586741508122,0.795259205101759,180.41341309896364,-531.0,0.5378263425576506,183.0,-531.0,-0.20500781220911107,-0.7098585138766651,0.20474079489824104,-85.37018370080358,213.8366302844314,TRACK
46.2,180.42255369724973,-530.4250141741863,0.49390752711522024,1.3565685962556835,0.16918010588343113,0.7776027036063868,0.7957938633105255,180.42255369724973,-531.0,0.5749858258136555,183.0,-531.0,-0.21948957395444516,-0.7133971010696654,0.20420613668947452,-79.69327189292702,207.58554016504561,TRACK
46.248,180.43304724855489,-530.384893148749,0.46770013966972535,1.341992772290177,0.1805967410705004,0.7754871208645459,0.796238317033329,180.43304724855489,-531.0,0.615106851250971,183.0,-531.0,-0.23519066822168616,-0.7028908078914116,0.20376168296667097,-79.69327189292702,207.58554016504561,TRACK
46.3,180.44327735063104,-530.3479949624818,0.45918109335768986,1.3273967412744463,0.19198237600109505,0.7731159034269439,0.7965961541626255,180.44327735063104,-531.0,0.6520050375181654,183.0,-531.0,-0.2496939506194973,-0.7088750439771871,0.20340384583737448,-78.66901125002622,205.99285201044572,TRACK
46.352,180.45494530001966,-530.308182003134,0.44478938016782643,1.3127925130910252,0.2033228191318342,0.7704971789918338,0.7968726821858624,180.45494530001966,-531.0,0.691817996866007,183.0,-531.0,-0.26541516038989377,-0.7102045405577202,0.20312731781413762,-78.66901125002622,205.99285201044572,TRACK
46.396,180.46625527500404,-530.271595090717,0.43633811731079075,1.2981505166974612,0.21462840003016642,0.7676027360517174,0.7970441082484655,180.46625527500404,-531.0,0.7284049092829719,183.0,-531.0,-0.27993279867756465,-0.7162709159883554,0.2029558917515345,-84.8473633605681,211.99677349611468,TRACK
46.452,180.4790792292003,-530.2321250302151,0.41127127914263695,1.2836143260553297,0.2258235363405226,0.7646056471964908,0.7972565868590261,180.4790792292003,-531.0,0.7678749697848843,183.0,-531.0,-0.2956725253674423,-0.7069438045100793,0.20274341314097388,-84.8473633605681,211.99677349611468,TRACK
46.5,180.4914403347322,-530.1958488969321,0.39928496072453035,1.2691712622475517,0.23691835979150483,0.7615071425326821,0.7975107756855625,180.4914403347322,-531.0,0.8041511030678521,183.0,-531.0,-0.3102134533013702,-0.7094984140259005,0.2024892243144375,-80.78001256788284,207.84505868707808,TRACK
46.552,180.50540018088597,-530.1567397239993,0.38843745975180743,1.2547311727046546,0.2479574368225282,0.7582144604635296,0.7977293140731381,180.50540018088597,-531.0,0.8432602760007057,183.0,-531.0,-0.325975430966804,-0.7144128907186114,0.20227068592686193,-80.78001256788284,207.84505868707808,TRACK
46.6,180.5188084019887,-530.1208234020144,0.362182746628809,1.2402899646688936,0.2589406128087578,0.7547292471080501,0.7979138283060767,180.5188084019887,-531.0,0.8791765979856336,183.0,-531.0,-0.3405327820799589,-0.7027155287087679,0.2020861716939233,-85.87597304019027,212.63582002023503,TRACK
46.652,180.5338936257018,-530.0821184122117,0.3477970295386741,1.22588355701275,0.2698465579331006,0.7510883650613611,0.7980920353937199,180.5338936257018,-531.0,0.9178815877883153,183.0,-531.0,-0.35631247746743233,-0.7041095070061064,0.20190796460628013,-85.87597304019027,212.63582002023503,TRACK
46.7,180.54832662293745,-530.0465742746927,0.33934042271582127,1.2115892653760545,0.2806408674997526,0.7473834400323532,0.798336584997586,180.54832662293745,-531.0,0.9534257253072838,183.0,-531.0,-0.37089029314684274,-0.710230715862664,0.20166341500241403,-78.14439941688747,204.76035928945842,TRACK
46.748,180.5645161400455,-530.0082952855308,0.3249359315348537,1.1972596547783385,0.2913844674866877,0.7434462784567712,0.7985094093645507,180.5645161400455,-531.0,0.9917047144691651,183.0,-531.0,-0.38668925937267046,-0.7116251909075242,0.20149059063544927,-78.14439941688747,204.76035928945842,TRACK
46.8,180.57997348787086,-529.9731974346479,0.31653115623568256,1.1827959921452016,0.3021097317596168,0.7391619103517622,0.7985177641973497,180.57997348787086,-531.0,1.0268025653521136,183.0,-531.0,-0.40127244985985094,-0.7178036060955335,0.20148223580265034,-85.57381131625542,211.93235513423187,TRACK
46.852,180.59726151715535,-529.9354163010224,0.30217579257573,1.1683912039663416,0.3127330612124115,0.7347513334384614,0.7985370934182601,180.59726151715535,-531.0,1.0645836989775717,183.0,-531.0,-0.4170768331845132,-0.7192526257602432,0.20146290658173993,-85.57381131625542,211.93235513423187,TRACK
46.9,180.61371484022098,-529.9007675024498,0.2794207772152255,1.1540603008240875,0.3232486371416382,0.7302358563274147,0.798582548820195,180.61371484022098,-531.0,1.099232497550247,183.0,-531.0,-0.4316717144706011,-0.7110924916858266,0.20141745117980503,-86.93769484871055,213.47849594842236,TRACK
46.952,180.63207182699247,-529.8634831217751,0.2685965163517918,1.1397832198395117,0.33366825587327315,0.7256058688463214,0.7986478459757699,180.63207182699247,-531.0,1.1365168782249384,183.0,-531.0,-0.4474895491578434,-0.7160860655096353,0.20135215402423012,-86.93769484871055,213.47849594842236,TRACK
47.0,180.64950351587635,-529.8293003326995,0.24218610999492937,1.125576958950094,0.3439904310958749,0.7208933184259407,0.7987594088564407,180.64950351587635,-531.0,1.1706996673004824,183.0,-531.0,-0.4620982870576438,-0.7042843970525732,0.2012405911435593,-82.82446844021989,209.26221351855872,TRACK
47.052,180.66891538477816,-529.7925493244999,0.22773189955062056,1.1113152452134898,0.3542505901283658,0.7159432121667767,0.7987916897752365,180.66891538477816,-531.0,1.2074506755001266,183.0,-531.0,-0.4779263937867714,-0.7056582933373919,0.2012083102247635,-82.82446844021989,209.26221351855872,TRACK
47.096,180.6873169349434,-529.7588937818393,0.21928478398779871,1.0970069302468828,0.3644408535382844,0.7107680864748334,0.7987542854212486,180.6873169349434,-531.0,1.2411062181606667,183.0,-531.0,-0.49253757792846165,-0.7118223619162604,0.2012457145787514,-78.52819630265145,204.87000069825712,TRACK
47.152,180.70777228410617,-529.7227443722145,0.20485768623211098,1.0826067126094516,0.37456678954932277,0.7053125902219944,0.7986026106637428,180.70777228410617,-531.0,1.2772556277855074,183.0,-531.0,-0.5083630009190736,-0.7132206871511846,0.20139738933625717,-78.52819630265145,204.87000069825712,TRACK
47.2,180.7271318206818,-529.6896838415615,0.1964818958912773,1.0680673263554898,0.38463170073762387,0.6995195529887912,0.79829139430784,180.7271318206818,-531.0,1.310316158438468,183.0,-531.0,-0.5229633661283504,-0.7194452620196277,0.20170860569215998,-85.75787306810281,212.37246943652826,TRACK
47.252,180.7486130003439,-529.6541860757912,0.18210557586505494,1.0535607222821886,0.3945954685898643,0.6936149790504205,0.7980020820742072,180.7486130003439,-531.0,1.3458139242087555,183.0,-531.0,-0.5387789394429224,-0.7208845153079774,0.2019979179257928,-85.75787306810281,212.37246943652826,TRACK
47.3,180.76890661855734,-529.6217148100174,0.15927604351503755,1.0390945554786557,0.4044613540563512,0.6876193826507678,0.7977527200342974,180.76890661855734,-531.0,1.3782851899826483,183.0,-531.0,-0.5533776779184275,-0.7126537214334651,0.20224727996570258,-86.9467098193853,214.10035270442285,TRACK
47.348,180.79139221471883,-529.5868649277321,0.1448493879983259,1.0246420609215314,0.4142452389158744,0.6815191141044471,0.7975383507105976,180.79139221471883,-531.0,1.4131350722678917,183.0,-531.0,-0.569193079118367,-0.714042467116693,0.20246164928940236,-86.9467098193853,214.10035270442285,TRACK
47.4,180.81260699324238,-529.5549988209108,0.13402588733179477,1.0102187211583038,0.42395049869625073,0.6753444530733835,0.7973858260853319,180.81260699324238,-531.0,1.4450011790892177,183.0,-531.0,-0.5837938140889832,-0.717819701420778,0.20261417391466807,-80.77595348001836,208.11550051133207,TRACK
47.452,180.8360857820027,-529.5208374256791,0.10747821360632992,0.9956738097532314,0.433598133116221,0.6689063624030328,0.7971468263156604,180.8360857820027,-531.0,1.479162574320867,183.0,-531.0,-0.5996061568358249,-0.7070843704421548,0.20285317368433964,-80.77595348001836,208.11550051133207,TRACK
47.5,180.85821272273262,-529.489648748478,0.0966738885349181,0.9810081095913742,0.44318106268119645,0.6622065734870701,0.7968230671163586,180.85821272273262,-531.0,1.5103512515220245,183.0,-531.0,-0.614195798040531,-0.7108696865754491,0.20317693288364136,-79.35450354437816,206.87294702795842,TRACK
47.552,180.8826708359699,-529.4562465531379,0.07378709560842389,0.9662320672006998,0.4526896067628856,0.6552567414015168,0.7964228005420678,180.8826708359699,-531.0,1.5437534468620697,183.0,-531.0,-0.6299930823441434,-0.7037801779525673,0.20357719945793218,-79.35450354437816,206.87294702795842,TRACK
47.6,180.90569297017194,-529.4257856508244,0.07632346803139156,0.951322727502122,0.4621179729524937,0.6480276279469673,0.7959226265839505,180.90569297017194,-531.0,1.574214349175577,183.0,-531.0,-0.6445649591001339,-0.7208884271315255,0.20407737341604948,-79.66727466284497,207.75272540937942,TRACK
47.652,180.93111137945945,-529.3931892955345,0.05107962896311147,0.9363476054050304,0.47146212954659816,0.640616503386086,0.7954030701520006,180.93111137945945,-531.0,1.606810704465488,183.0,-531.0,-0.6603426120811521,-0.7114222410442635,0.20459692984799938,-79.66727466284497,207.75272540937942,TRACK
47.7,180.9550115944424,-529.3634852774198,0.03910897532171597,0.921277995838497,0.4807227851225865,0.632992525953759,0.7948420812018805,180.9550115944424,-531.0,1.6365147225801593,183.0,-531.0,-0.6748971637074022,-0.7140061390291181,0.2051579187981195,-84.3589421484504,213.15550427049573,TRACK
47.752,180.981372809795,-529.3317192269486,0.02474520199316066,0.9061840724538011,0.4899010675106998,0.6252550969646908,0.7943217183411568,180.981372809795,-531.0,1.6682807730513787,183.0,-531.0,-0.6906581819201699,-0.7154033839133306,0.20567828165884317,-84.3589421484504,213.15550427049573,TRACK
47.8,181.0061355146988,-529.302771932513,0.01406110845673969,0.8911323621115995,0.4989970838054658,0.6174898349535033,0.7939091798922997,181.0061355146988,-531.0,1.6972280674870035,183.0,-531.0,-0.7052050343099976,-0.7192661427667373,0.2060908201077003,-83.57299531317074,212.99595155524298,TRACK
47.852,181.03342350705768,-529.2718366947339,-0.008840030527214493,0.8760302969193102,0.5080172838121622,0.6095863393098084,0.7935219377717416,181.03342350705768,-531.0,1.7281633052660936,183.0,-531.0,-0.7209597669065068,-0.7121197363792923,0.20647806222825837,-83.57299531317074,212.99595155524298,TRACK
47.9,181.05903493816885,-529.2436757437938,-0.023256728715244757,0.8608982462355079,0.5169612529968683,0.6015713878229672,0.793181613344222,181.05903493816885,-531.0,1.7563242562061987,183.0,-531.0,-0.7355001100437324,-0.7122433813284876,0.206818386655778,-80.40696030869822,210.12740732362977,TRACK
47.952,181.08723309315548,-529.2136121512132,-0.035270742304643665,0.8456831967173957,0.5258200883964096,0.5933725059930292,0.7928289198999084,181.08723309315548,-531.0,1.7863878487868305,183.0,-531.0,-0.7512471394646569,-0.7159763971600133,0.20717108010009155,-80.40696030869822,210.12740732362977,TRACK
48.0,181.11367415560562,-529.186289915267,-0.04356089066383117,0.8303293404925179,0.5345824711566441,0.5849167660027632,0.7924052256384201,181.11367415560562,-531.0,1.8137100847329748,183.0,-531.0,-0.7657749921299712,-0.7222141014661401,0.20759477436157991,-83.32587438138425,213.37364384044338,TRACK
48.052,181.1427599431577,-529.1571490868038,-0.06889547141218277,0.8149431719405007,0.5432483301600317,0.5763360894814004,0.7920113864461644,181.1427599431577,-531.0,1.84285091319623,183.0,-531.0,-0.7815093208726622,-0.7126138494604795,0.20798861355383558,-83.32587438138425,213.37364384044338,TRACK
48.1,181.17001058816544,-529.1306816520222,-0.08091643680703409,0.7995081739588147,0.5518140344521181,0.5676101701119227,0.79163124864599,181.17001058816544,-531.0,1.86931834797781,183.0,-531.0,-0.7960291941331827,-0.7151127573261487,0.20836875135401,-80.05248510025234,210.6133205471594,TRACK
48.152,181.19996208094184,-529.1024924864703,-0.09534299369886523,0.7839733289531324,0.5602757083889125,0.5586813787105904,0.7912229472965656,181.19996208094184,-531.0,1.8975075135297175,183.0,-531.0,-0.8117526812858067,-0.7164096875869415,0.20877705270343438,-80.05248510025234,210.6133205471594,TRACK
48.2,181.22800117451146,-529.0769247746625,-0.10601621180637766,0.7683574950009765,0.5686309343979132,0.549574128093408,0.7908051984046852,181.22800117451146,-531.0,1.9230752253374703,183.0,-531.0,-0.8262612961807575,-0.7202450843743798,0.20919480159531478,-82.92014042554395,213.90017939737692,TRACK
48.252,181.25879524526556,-529.0497241467987,-0.13273041037139044,0.7526725248513906,0.576877891280458,0.5403043323444086,0.7903903295197411,181.25879524526556,-531.0,1.9502758532013331,183.0,-531.0,-0.8419738325309812,-0.7092434221595908,0.20960967048025891,-82.92014042554395,213.90017939737692,TRACK
48.3,181.28760259149485,-529.0250708968233,-0.14341677735457892,0.7369917321662208,0.5850241955875292,0.5309610970942074,0.7900461986810138,181.28760259149485,-531.0,1.9749291031766916,183.0,-531.0,-0.856476607029884,-0.7130598296753051,0.20995380131898622,-77.71579382289573,209.1764863797392,TRACK
48.352,181.31921711276948,-528.9988762559191,-0.16640858382684098,0.7212229873994256,0.593055774172698,0.521434796120521,0.7896894312860135,181.31921711276948,-531.0,2.001123744080928,183.0,-531.0,-0.8721836918409445,-0.7057751080141035,0.21031056871398646,-77.71579382289573,209.1764863797392,TRACK
48.4,181.3487667748773,-528.9751903760942,-0.16367398313397996,0.7052977525104861,0.6009525394151414,0.5116421578676807,0.789253857980437,181.3487667748773,-531.0,2.024809623905753,183.0,-531.0,-0.8866750746124143,-0.7230010914784344,0.210746142019563,-78.13664438455422,209.9163485590702,TRACK
48.452,181.38117090823445,-528.9500631511647,-0.17805533605459645,0.6893069412318822,0.6087238943698728,0.5016929550242232,0.7888222871456925,181.38117090823445,-531.0,2.049936848835273,183.0,-531.0,-0.9023693175668701,-0.7243139815122737,0.21117771285430753,-78.13664438455422,209.9163485590702,TRACK
48.5,181.41143696367735,-528.9273704298877,-0.20100367140424158,0.6732351862329301,0.6163605189448441,0.4915681800775862,0.788377805990724,181.41143696367735,-531.0,2.0726295701123263,183.0,-531.0,-0.9168512603616613,-0.7158475889574197,0.21162219400927595,-88.5934015611279,220.93462578330468,TRACK
48.552,181.4446087904765,-528.9033102735789,-0.21160406794491138,0.6572392756339812,0.6239062484623552,0.4814626768211483,0.7880769734246494,181.4446087904765,-531.0,2.0966897264211184,183.0,-531.0,-0.9325433652703554,-0.720939297325444,0.21192302657535056,-88.5934015611279,220.93462578330468,TRACK
48.6,181.47558334851217,-528.8815675310728,-0.23843584032918355,0.6414150095897888,0.6313952138439215,0.47149157070691244,0.7880128281396711,181.47558334851217,-531.0,2.1184324689271534,183.0,-531.0,-0.9470390458357433,-0.7086032055065598,0.2119871718603289,-80.53178921602125,213.2214826588209,TRACK
48.652,181.5095110041651,-528.858552325887,-0.24913838232028881,0.6255349140789859,0.638766109739339,0.46137955586429935,0.7879677896469293,181.5095110041651,-531.0,2.14144767411301,183.0,-531.0,-0.9627469457172382,-0.7136085633969493,0.21203221035307074,-80.53178921602125,213.2214826588209,TRACK
48.7,181.54116417789558,-528.8378185386377,-0.2612006026117373,0.6095603113784022,0.646002363115384,0.4510805766708428,0.7879040168703041,181.54116417789558,-531.0,2.162181461362252,183.0,-531.0,-0.9772489751205895,-0.7160483725088522,0.2120959831296959,-77.9894603852691,210.41685767246568,TRACK
48.752,181.57580755613876,-528.815921689406,-0.28669801301220105,0.5934943019225025,0.6530781203540608,0.44058501389610616,0.787798315405044,181.57580755613876,-531.0,2.184078310594032,183.0,-531.0,-0.9929607120361034,-0.7062626990239023,0.21220168459495603,-77.9894603852691,210.41685767246568,TRACK
48.8,181.60810005795724,-528.796244271224,-0.28389616423296476,0.5773151242492742,0.6599669373233141,0.42986143327560555,0.7876148869705759,181.60810005795724,-531.0,2.2037557287759455,183.0,-531.0,-1.0074624781359351,-0.7235663139029704,0.2123851130294241,-76.55688855127534,209.10811776926863,TRACK
48.848,181.6434164937311,-528.7755073130546,-0.29831474129123037,0.5610841555030754,0.6666852885073236,0.41898561161573683,0.7874123549025036,181.6434164937311,-531.0,2.224492686945382,183.0,-531.0,-1.023173295961398,-0.7248585546701676,0.2125876450974964,-76.55688855127534,209.10811776926863,TRACK
48.9,181.6763133025367,-528.7569121154927,-0.32134162252927556,0.5447766967155655,0.6732180017371693,0.40793062977257066,0.7871657237009456,181.6763133025367,-531.0,2.243087884507304,183.0,-531.0,-1.0376746372249928,-0.7163330146957172,0.21283427629905438,-88.44744525528706,221.32081793157676,TRACK
48.952,181.71227356940528,-528.7373387429683,-0.3319091808739778,0.5285647999200269,0.6796319588984855,0.3968987628818236,0.7870376277747556,181.71227356940528,-531.0,2.2626612570317093,183.0,-531.0,-1.0533920318799375,-0.7214828510059597,0.2129623722252444,-88.44744525528706,221.32081793157676,TRACK
49.0,181.74576850532944,-528.7197744076437,-0.35885105706061005,0.5125948146452961,0.6859946810642916,0.38605747428136106,0.7871652151213256,181.74576850532944,-531.0,2.2802255923562598,183.0,-531.0,-1.0679169485401672,-0.7090658914795571,0.21283478487867435,-80.44038557402736,213.51431099592895,TRACK
49.052,181.78236382666128,-528.7013223067408,-0.3733492438392696,0.49663098784197,0.6922112055022855,0.3751341912831155,0.7873258629643538,181.78236382666128,-531.0,2.298677693259151,183.0,-531.0,-1.0836629505769735,-0.7103137067377039,0.2126741370356462,-80.44038557402736,213.51431099592895,TRACK
49.1,181.8164196293598,-528.6848317897553,-0.3815927534668391,0.4806289773669762,0.6982608449199389,0.3640805773534911,0.7874788088287572,181.8164196293598,-531.0,2.3151682102446784,183.0,-531.0,-1.0982061843923292,-0.7166134309254901,0.2125211911712428,-76.02930389073953,208.60859939890804,TRACK
49.152,181.85359711598406,-528.6675666077342,-0.3960670561119346,0.46456638777033815,0.7041026322457631,0.3528603311910593,0.7875728093729978,181.85359711598406,-531.0,2.3324333922657843,183.0,-531.0,-1.1139677112811481,-0.7179006551692135,0.21242719062700222,-76.02930389073953,208.60859939890804,TRACK
49.2,181.8881621128019,-528.6521964360933,-0.4042408402584414,0.4484081173325515,0.7097031460897831,0.3414333834893622,0.7875628933175622,181.8881621128019,-531.0,2.347803563906723,183.0,-531.0,-1.12851937081416,-0.7242785305557187,0.21243710668243776,-83.71119023032804,216.17549417075554,TRACK
49.252,181.9258765827842,-528.636137245842,-0.4186650123972382,0.4323514317790998,0.7151544390701241,0.33002240288278095,0.7876297722446939,181.9258765827842,-531.0,2.363862754158049,183.0,-531.0,-1.1442949347056852,-0.725629922308447,0.21237022775530612,-83.71119023032804,216.17549417075554,TRACK
49.3,181.96093324260562,-528.6218555708748,-0.44180057802857275,0.4164171733384374,0.7204718632600368,0.31865177517596216,0.7877935386712568,181.96093324260562,-531.0,2.3781444291252,183.0,-531.0,-1.1588700214442873,-0.7170694434157145,0.2122064613287432,-85.16279501712367,217.6920305850795,TRACK
49.352,181.99916703431984,-528.6069711526437,-0.45240992336225094,0.400593205989453,0.7256495399647338,0.30730723811200833,0.7880387004754654,181.99916703431984,-531.0,2.393028847356277,183.0,-531.0,-1.174675116784952,-0.7222651934227011,0.21196129952453457,-85.16279501712367,217.6920305850795,TRACK
49.4,182.03469262775747,-528.5937694168128,-0.4669159461216008,0.3848958066777883,0.7307129864597564,0.2960123618729379,0.7883938019559332,182.03469262775747,-531.0,2.4062305831871527,183.0,-531.0,-1.1892817900846973,-0.7223658439630964,0.21160619804406677,-81.06353155078172,213.18932185645008,TRACK
49.448,182.0734129949398,-528.5800675071213,-0.49401708001209643,0.36920511087688396,0.7355812972337,0.284632427372252,0.7887302856818884,182.0734129949398,-531.0,2.419932492878729,183.0,-531.0,-1.2051195358744855,-0.7111024558623891,0.2112697143181116,-81.06353155078172,213.18932185645008,TRACK
49.5,182.10936172072783,-528.5679753960297,-0.5022419370944804,0.3535345364976204,0.7402539687397303,0.2731827211677241,0.7890530637286215,182.10936172072783,-531.0,2.4320246039702624,183.0,-531.0,-1.2197517643111813,-0.7175098272167009,0.2109469362713785,-76.66675817333777,208.268657228969,TRACK
49.552,182.1485142950887,-528.5554873777783,-0.5167440033753716,0.33784733685690077,0.7446920224942765,0.26162273775932965,0.7893115134592317,182.1485142950887,-531.0,2.444512622221737,183.0,-531.0,-1.2356141823895541,-0.7188701790141825,0.21068848654076833,-76.66675817333777,208.268657228969,TRACK
49.6,182.18483124628526,-528.5445355401469,-0.5248972689062321,0.32210099363156114,0.7488609170962444,0.24991192893925873,0.7894609840773446,182.18483124628526,-531.0,2.4554644598531468,183.0,-531.0,-1.250262923063269,-0.7253656541570368,0.21053901592265545,-84.5145106345706,215.85243712334486,TRACK
49.652,182.22436886054925,-528.5332712339783,-0.5393477570891405,0.3064937633478675,0.7528781536586597,0.23826019917560826,0.7896793252755658,182.22436886054925,-531.0,2.4667287660216743,183.0,-531.0,-1.2661476360039279,-0.7267998789147874,0.21032067472443416,-84.5145106345706,215.85243712334486,TRACK
49.7,182.26103978303792,-528.5234216977077,-0.5625612775832463,0.29104429365208845,0.7567629430246537,0.2266886647707591,0.7899860142248627,182.26103978303792,-531.0,2.476578302292296,183.0,-531.0,-1.2808268839049648,-0.7182656063217185,0.2100139857751373,-86.08949610600436,217.3331418061683,TRACK
49.752,182.3009484369908,-528.5133434209843,-0.5770652668265708,0.27573648557101205,0.7605118530335715,0.21518218697035374,0.7903680485659202,182.3009484369908,-531.0,2.4866565790157438,183.0,-531.0,-1.2967483569257439,-0.7196830900991731,0.20963195143407976,-86.08949610600436,217.3331418061683,TRACK
49.8,182.33795128794844,-528.5045811419656,-0.6003545876259162,0.2605877266285289,0.7641451593712683,0.20376003937540238,0.7908451038204678,182.33795128794844,-531.0,2.4954188580344407,183.0,-531.0,-1.3114650275574227,-0.7111104399315065,0.2091548961795322,-80.05236162343923,210.754303916878,TRACK
49.852,182.37819231173296,-528.4956928024188,-0.6109861325996064,0.24544768153074795,0.7675473982948092,0.19226938792776613,0.7912626151684713,182.37819231173296,-531.0,2.50430719758117,183.0,-531.0,-1.3274227366352056,-0.7164366040355992,0.2087373848315287,-80.05236162343923,210.754303916878,TRACK
49.9,182.41546859478422,-528.4880486030497,-0.6230887651871537,0.23031603891521382,0.7707120394736879,0.18071405588614353,0.7916151955240069,182.41546859478422,-531.0,2.5119513969502805,183.0,-531.0,-1.3421649908651327,-0.719076225677979,0.20838480447599306,-81.02939810697448,211.1346594146575,TRACK
49.952,182.45598336942427,-528.4803709577081,-0.6376009717090669,0.21523781567115544,0.7736584241967559,0.16914059535581347,0.7919317510542979,182.45598336942427,-531.0,2.5196290422918537,183.0,-531.0,-1.3581491994943398,-0.7205482277852728,0.20806824894570208,-81.02939810697448,211.1346594146575,TRACK
50.0,182.49349157828433,-528.4738428538609,-0.6457420619539667,0.20020174554142775,0.7763753319991569,0.15754214420077095,0.792198323234894,182.49349157828433,-531.0,2.5261571461390986,183.0,-531.0,-1.3729147489064142,-0.7271726869524475,0.20780167676510597,-84.35854932454504,214.20977335902398,TRACK
50.052,182.53424380446742,-528.4673635558714,-0.6602376392319105,0.18530109059129793,0.7789377958779291,0.14601305327502379,0.7925048274766919,182.53424380446742,-531.0,2.5326364441285705,183.0,-531.0,-1.388926705115416,-0.7286890658835055,0.20749517252330807,-84.35854932454504,214.20977335902398,TRACK
50.1,182.57196162105464,-528.4619297721392,-0.6859578039718652,0.1705075497655491,0.7813353132691085,0.13452982434272912,0.7928323564279031,182.57196162105464,-531.0,2.5380702278607714,183.0,-531.0,-1.403721287418895,-0.7177634834470297,0.20716764357209694,-87.3402355130603,216.9247272108749,TRACK
50.152,182.61292586031246,-528.4566297880857,-0.69411992425916,0.15584575050821262,0.7835887947833116,0.12311735541378879,0.7932019178708836,182.61292586031246,-531.0,2.5433702119142936,183.0,-531.0,-1.41976578860948,-0.7256458643503201,0.20679808212911643,-87.3402355130603,216.9247272108749,TRACK
50.196,182.6508324448729,-528.4522708805431,-0.7214435700300137,0.14135089504905207,0.7857348956956226,0.1118099818504914,0.7936502997890306,182.6508324448729,-531.0,2.5477291194569034,183.0,-531.0,-1.4345943482724162,-0.7131507782424025,0.20634970021096943,-83.29245239101937,212.43042288822863,TRACK
50.252,182.69197742373254,-528.448138668802,-0.7360293941685296,0.1268934236040218,0.7876650399113295,0.10048945184470442,0.7940493341289101,182.69197742373254,-531.0,2.5518613311979834,183.0,-531.0,-1.4506724071400743,-0.7146430129715446,0.2059506658710899,-83.29245239101937,212.43042288822863,TRACK
50.3,182.73002090428605,-528.4448686737054,-0.7442195418175501,0.11247467581107781,0.7893826549784175,0.08916185794522018,0.7944021732680614,182.73002090428605,-531.0,2.5551313262945996,183.0,-531.0,-1.4655253940063226,-0.7213058521887725,0.2055978267319386,-78.88120211972395,207.47657883946258,TRACK
50.352,182.77128785981438,-528.4419230361234,-0.7700323586529305,0.09803575134696978,0.7908570802535706,0.07778161446632871,0.7946728263481715,182.77128785981438,-531.0,2.5580769638766014,183.0,-531.0,-1.4816255839717867,-0.7115932253188562,0.2053271736518285,-78.88120211972395,207.47657883946258,TRACK
50.4,182.80940845149138,-528.4397607790029,-0.784560879612116,0.08354605044158672,0.792019749809602,0.06632450757355023,0.7947919378009181,182.80940845149138,-531.0,2.5602392209971185,183.0,-531.0,-1.4964905184360893,-0.7119296388239733,0.20520806219908194,-81.06393143394364,209.42962908422214,TRACK
50.452,182.85073491900377,-528.4380102099625,-0.7926492684958264,0.06911491049033183,0.7929717533250304,0.05489360615615006,0.7948694921609455,182.85073491900377,-531.0,2.561989790037501,183.0,-531.0,-1.512600725557641,-0.7199514570618146,0.2051305078390545,-81.06393143394364,209.42962908422214,TRACK
50.5,182.8888991415179,-528.4369400493655,-0.8071357331511853,0.054730995125007564,0.7937124288267636,0.04348409835469383,0.7949026899462607,182.8888991415179,-531.0,2.5630599506345106,183.0,-531.0,-1.5274764847656945,-0.7203407516145093,0.20509731005373932,-86.34324202139418,214.81701191964385,TRACK
50.552,182.93026248970764,-528.4363615393006,-0.8192129490621669,0.040463439837835076,0.7943202300145467,0.03215848167496007,0.7949709401946722,182.93026248970764,-531.0,2.5636384606993943,183.0,-531.0,-1.5436004809038828,-0.7243875318417159,0.20502905980532782,-86.34324202139418,214.81701191964385,TRACK
50.6,182.96846400341383,-528.4363530607071,-0.8425780451209186,0.02636936589804883,0.7948608536170378,0.020964836166225843,0.795137284353012,182.96846400341383,-531.0,2.5636469392928802,183.0,-531.0,-1.5584957226944363,-0.7159176775735177,0.204862715646988,-85.87230861743474,214.33849883611413,TRACK
50.652,183.0098553362126,-528.43691809765,-0.8571169969057107,0.012352653886127211,0.7952550640736438,0.009824010238322795,0.7953157411443194,183.0,-531.0,2.563100849714209,183.0,-531.0,-1.5746414195459335,-0.7175244226402228,0.20468425885568065,-85.87230861743474,214.33849883611413,TRACK
50.7,183.04806401692113,-528.4379659933869,-0.865229590567496,-0.0015779584752450009,0.7955207551474943,-0.001255299759697578,0.7955217455531473,183.0,-531.0,2.5624848098602486,183.0,-531.0,-1.5895542275156158,-0.7243246369481198,0.20447825444685275,-81.00952494607114,209.16260950200578,TRACK
50.752,183.089438573192,-528.4396777193117,-0.8797811324259537,-0.015506079254545299,0.7955710811306504,-0.012337177029906997,0.7956667336696057,183.0,-531.0,2.5618839628998704,183.0,-531.0,-1.6057146729597949,-0.7259335405338412,0.20433326633039428,-81.00952494607114,209.16260950200578,TRACK
50.8,183.12759390912944,-528.4417969361234,-0.887857449056944,-0.02950318078349553,0.7953371939453969,-0.023471787654803275,0.795683465260307,183.0,-531.0,2.561383048603724,183.0,-531.0,-1.6206314104257669,-0.7327739613688229,0.20431653473969302,-87.73071111649824,215.6874752584112,TRACK
50.852,183.16889757448504,-528.4446602902976,-0.9023825553298592,-0.04340710801571762,0.7949746159579659,-0.034529238148282376,0.7957241408331258,183.0,-531.0,2.5609153485909495,183.0,-531.0,-1.6367962655798165,-0.7344137102499573,0.20427585916687419,-87.73071111649824,215.6874752584112,TRACK
50.9,183.20699049082327,-528.4478232319676,-0.9282558431384849,-0.057215577010830146,0.7944943486722544,-0.04550712114001834,0.7957965620349224,183.0,-531.0,2.560556837599094,183.0,-531.0,-1.6517227070934937,-0.7234668639550088,0.20420343796507756,-89.272172277728,217.34612876933195,TRACK
50.952,183.24821461439677,-528.4518112049922,-0.9404153002763653,-0.07095057139234928,0.793891389150907,-0.05642175486779251,0.7958938071063991,183.0,-531.0,2.5602493296168642,183.0,-531.0,-1.6678982384096321,-0.7274829381332668,0.20410619289360088,-89.272172277728,217.34612876933195,TRACK
51.0,183.2862253083469,-528.4560063114766,-0.9639452203687577,-0.08459871523839141,0.7931907130010918,-0.06726345877960467,0.7960376122258144,183.0,-531.0,2.5600446899195424,183.0,-531.0,-1.6828353887660485,-0.7188901683972908,0.20396238777418563,-82.95316141872547,210.87684265276113,TRACK
51.052,183.3273287287175,-528.461120184877,-0.9745455385458159,-0.09831671799346822,0.792231600560545,-0.07814154994042403,0.7960760081511153,183.0,-531.0,2.5598935158093443,183.0,-531.0,-1.6990154650851923,-0.7244699265393764,0.20392399184888466,-82.95316141872547,210.87684265276113,TRACK
51.1,183.36518788893645,-528.4663674158692,-0.9867267059580356,-0.11210984453270532,0.7910069169608038,-0.08905306677906427,0.796004014677434,183.0,-531.0,2.559815670237862,183.0,-531.0,-1.7139465225396013,-0.7272198165815658,0.20399598532256602,-83.74430170808498,211.56134883144958,TRACK
51.152,183.4061044633971,-528.4726194575544,-1.0126973833888182,-0.12593996713006156,0.7895545164327629,-0.09996554321082085,0.7958576783877934,183.0,-531.0,2.5597994533798256,183.0,-531.0,-1.7301164573544567,-0.7174190739656385,0.20414232161220658,-83.74430170808498,211.56134883144958,TRACK
51.2,183.44377111196968,-528.4789149632151,-1.0094385790889575,-0.13981975283531373,0.7878630815230296,-0.11088233186267565,0.7956275050212056,183.0,-531.0,2.5598442457539723,183.0,-531.0,-1.7450352533408686,-0.7355966742519111,0.2043724949787944,-80.93418154068624,209.0743834677141,TRACK
51.252,183.48445651679134,-528.4863023996165,-1.0240206523700062,-0.1537435093404746,0.785955073904982,-0.12179664533603704,0.7953362817149097,183.0,-531.0,2.55995580876608,183.0,-531.0,-1.761188599242753,-0.7371679468727468,0.20466371828509033,-80.93418154068624,209.0743834677141,TRACK
51.296,183.52188446962106,-528.4936494982281,-1.0475195895934117,-0.16776674380170292,0.783782954088285,-0.13274041351137247,0.794943857450656,183.0,-531.0,2.5601086378049893,183.0,-531.0,-1.7760877477371806,-0.7285681581437689,0.205056142549344,-93.26413954060949,221.84490649392615,TRACK
51.352,183.56231133240743,-528.5021649901787,-1.0620941049149928,-0.18170419091975468,0.7815628042964549,-0.14359707998809312,0.7946449134304236,183.0,-531.0,2.5603464161794207,183.0,-531.0,-1.7922244943016596,-0.7301303893866669,0.20535508656957635,-93.26413954060949,221.84490649392615,TRACK
51.4,183.59953252817508,-528.5105272016849,-1.0726558420108812,-0.19545609868731448,0.7794203752650801,-0.15431256089170511,0.7945492356218805,183.0,-531.0,2.560647196685004,183.0,-531.0,-1.8071232194786933,-0.7344673774678121,0.2054507643781195,-82.84808693283237,211.89551696443863,TRACK
51.452,183.63971337634953,-528.5201475843619,-1.100364187868331,-0.2092968588759811,0.7770712604811567,-0.16505574029008596,0.7944074151645879,183.0,-531.0,2.561035182738939,183.0,-531.0,-1.8232566354556072,-0.7228924475872762,0.2055925848354121,-82.84808693283237,211.89551696443863,TRACK
51.5,183.6766533228418,-528.5295520944701,-1.1109358671524623,-0.22329168225804522,0.7744500958187586,-0.17586078406082617,0.7941662082235512,183.0,-531.0,2.5614395509654226,183.0,-531.0,-1.838138701072867,-0.7272028339204046,0.20583379177644878,-81.48577169238386,210.4338975578205,TRACK
51.552,183.71649644155457,-528.5403080350146,-1.134544983280322,-0.23741799551977616,0.7715673997720689,-0.1867052633046246,0.7938356931611735,183.0,-531.0,2.5619234401859097,183.0,-531.0,-1.8542480501587062,-0.7197030668783841,0.20616430683882647,-81.48577169238386,210.4338975578205,TRACK
51.6,183.75309733133324,-528.5507622855195,-1.131201205459401,-0.25168836419168455,0.7684002978212925,-0.19758733107909696,0.7933976122316047,183.0,-531.0,2.5624053099568638,183.0,-531.0,-1.8691034341383757,-0.7379022286789747,0.20660238776839535,-81.99211435933117,211.42429401037467,TRACK
51.652,183.7925550747705,-528.5626538549812,-1.1457922337358957,-0.2660374069311034,0.7650411590268953,-0.20847117504042095,0.7929364450117986,183.0,-531.0,2.562966987142484,183.0,-531.0,-1.8851831754220842,-0.7393909416861886,0.2070635549882014,-81.99211435933117,211.42429401037467,TRACK
51.696,183.82878713879245,-528.5741549144261,-1.169359528511885,-0.28049055073922563,0.7614688868609254,-0.21936815556176392,0.79243753907282,183.0,-531.0,2.5635156525035563,183.0,-531.0,-1.9000120674591272,-0.7306525389472422,0.20756246092718,-92.90103017600359,222.99413617103846,TRACK
51.752,183.8678489711998,-528.5871726763568,-1.1839594529836281,-0.2949003048611717,0.7578709561244978,-0.23020885257147944,0.7920634456527694,183.0,-531.0,2.5641562999419327,183.0,-531.0,-1.9160697811650094,-0.7321103281813812,0.20793655434723057,-92.90103017600359,222.99413617103846,TRACK
51.8,183.90374494465522,-528.5996972378198,-1.19450595472594,-0.30918127650112887,0.7543575945933207,-0.2409606815059217,0.7919074633771418,183.0,-531.0,2.5648018003580395,183.0,-531.0,-1.9308927116083505,-0.7363867568824105,0.2080925366228582,-82.37921398234157,212.93950663958196,TRACK
51.852,183.94241716138322,-528.6138298190098,-1.222329326317733,-0.32359449925755723,0.7506262029241402,-0.25174758560373733,0.7917174643606288,183.0,-531.0,2.56553273974755,183.0,-531.0,-1.9469414165704226,-0.7246120902526896,0.20828253563937116,-82.37921398234157,212.93950663958196,TRACK
51.9,183.97789614992692,-528.6274005947009,-1.2304386878528315,-0.3381974002992823,0.7466079900318379,-0.2625895033904983,0.7914396616737434,183.0,-531.0,2.566224623462918,183.0,-531.0,-1.9617433216078992,-0.7313046337550677,0.20856033832625664,-80.9514780615713,211.43510312468882,TRACK
51.948,184.016082391535,-528.6426701810665,-1.2450991362612633,-0.3529591566674496,0.7423179735751337,-0.2734592392796291,0.7910852858194788,183.0,-531.0,2.566987982367789,183.0,-531.0,-1.9777642331628684,-0.7326650969016051,0.2089147141805212,-80.9514780615713,211.43510312468882,TRACK
52.0,184.05108521143652,-528.6572895998316,-1.2531477619269613,-0.3678868318291745,0.7377355779389833,-0.2843484340277459,0.790637600225917,183.0,-531.0,2.567697828942792,183.0,-531.0,-1.9925370417401433,-0.739389279813182,0.209362399774083,-87.35424534851067,218.33085907383384,TRACK
52.052,184.0887513593235,-528.6736882890709,-1.2677759507315804,-0.3828352326007686,0.7330502748997295,-0.295202275074737,0.7902576090996338,183.0,-531.0,2.5684831513627953,183.0,-531.0,-2.0085310335528206,-0.7407550828212401,0.20974239090036617,-87.35424534851067,218.33085907383384,TRACK
52.1,184.12328278726605,-528.6893419409853,-1.2914718859233134,-0.39780010506648755,0.7282743407658318,-0.3060226906741372,0.7899578486383596,183.0,-531.0,2.5692226228682142,183.0,-531.0,-2.0232873996551834,-0.73181551373187,0.2100421513616404,-88.59316541854027,220.12440175473648,TRACK
52.148,184.16042816910527,-528.706859746673,-1.3061573978869951,-0.4128020937561611,0.7233953146464156,-0.31682305645157566,0.7897326321937729,183.0,-531.0,2.57003613925596,183.0,-531.0,-2.0392668477528786,-0.7331094498658834,0.21026736780622712,-88.59316541854027,220.12440175473648,TRACK
52.2,184.1944714404256,-528.7235452581515,-1.3167216624098632,-0.42782300828017994,0.7184391412307856,-0.3276001745575776,0.7896053913332811,183.0,-531.0,2.5707991391154907,183.0,-531.0,-2.0540135067587215,-0.7372918443488583,0.21039460866671889,-81.89078670323637,213.55755688447607,TRACK
52.252,184.23105427704664,-528.7421843749329,-1.344665086636875,-0.4430113255398133,0.7132160729032389,-0.3383957071833936,0.7894230939665163,183.0,-531.0,2.5716193399941614,183.0,-531.0,-2.069978668426221,-0.7253135817893459,0.21057690603348367,-81.89078670323637,213.55755688447607,TRACK
52.296,184.2645348425814,-528.7599093140805,-1.352761606058742,-0.4583681380693597,0.7077195710781898,-0.3492015576202498,0.7891823104527278,183.0,-531.0,2.5723636308356315,183.0,-531.0,-2.084705012274191,-0.7319434062154491,0.2108176895472722,-80.36112058139089,213.55755688447607,TRACK
52.352,184.30048178709927,-528.7796724234225,-1.367451154010916,-0.4738718560880701,0.7019683093018088,-0.36000194071716063,0.7888985388401742,183.0,-531.0,2.573151263701234,183.0,-531.0,-2.1006468068741673,-0.7331956528632513,0.21110146115982575,-80.36112058139089,212.08907328062577,TRACK
52.4,184.3333491424598,-528.7984325114708,-1.3936365244193158,-0.48954002807033437,0.6959372005500821,-0.37079357015112346,0.7885533962737725,183.0,-531.0,2.5738530148878422,183.0,-531.0,-2.115349846869476,-0.7217133224501602,0.21144660372622748,-86.82173843784534,218.9473709238586,TRACK
52.448,184.36862921485238,-528.8193106400638,-1.3901362530711387,-0.5052218840093158,0.6898212060767549,-0.38154168612830786,0.7883066374240553,183.0,-531.0,2.574597446647993,183.0,-531.0,-2.1312725206413767,-0.741136267570238,0.21169336257594473,-86.82173843784534,218.9473709238586,TRACK
52.496,184.4008919808486,-528.8390931064928,-1.4139033196128712,-0.5209105907267308,0.6836331193390023,-0.39224924702802805,0.7881711195236917,183.0,-531.0,2.575270266285254,183.0,-531.0,-2.1459677335561866,-0.7320644139433155,0.21182888047630832,-88.13739145761838,220.62293115595003,TRACK
52.552,184.4355087626396,-528.8610758389823,-1.4286105511706393,-0.536619387974982,0.6773590973175743,-0.4029227100168107,0.7881383488742125,183.0,-531.0,2.5759817495860564,183.0,-531.0,-2.1618866266319277,-0.7332760754612884,0.21186165112578748,-88.13739145761838,220.62293115595003,TRACK
52.6,184.46715326889284,-528.8818749024543,-1.4524528453130854,-0.552326366262135,0.6710246046862134,-0.41355959932798536,0.7882293843105652,183.0,-531.0,2.576624272818169,183.0,-531.0,-2.1765831753808573,-0.7241303300677719,0.21177061568943478,-81.50232594749878,213.86580347335985,TRACK
52.652,184.50106754919983,-528.9049568469599,-1.46720474616395,-0.5681746812716012,0.6644351874199955,-0.42417298142727106,0.7882872804090807,183.0,-531.0,2.577287256081702,183.0,-531.0,-2.192500757547138,-0.7252960113831879,0.2117127195909193,-81.50232594749878,213.86580347335985,TRACK
52.7,184.53202088148697,-528.9267676997811,-1.4752741071014737,-0.5841610261610797,0.6575842530833862,-0.4347499064156675,0.7883048465103247,183.0,-531.0,2.577863485909059,183.0,-531.0,-2.207189677818833,-0.7319155707173595,0.21169515348967527,-80.10043574283414,212.22117626244307,TRACK
52.752,184.5651609562749,-528.9509380014924,-1.4899787533064655,-0.600261125897721,0.6504879601921454,-0.44527216222744975,0.788290482506066,183.0,-531.0,2.5784460228546906,183.0,-531.0,-2.223098030453833,-0.7331192771473676,0.21170951749393396,-80.10043574283414,212.22117626244307,TRACK
52.8,184.59537492459305,-528.9737450311566,-1.497979667413866,-0.6164828887690974,0.6431273597781018,-0.455728163415521,0.7882264648089633,183.0,-531.0,2.578939772228689,183.0,-531.0,-2.23777705405728,-0.739797386643414,0.2117735351910367,-86.75445684440167,218.94729043334172,TRACK
52.852,184.62771408904644,-528.998984085629,-1.5242231130600565,-0.6326684098276664,0.6357002369074307,-0.46610155747677745,0.7882673741101056,183.0,-531.0,2.5794413824016846,183.0,-531.0,-2.253681149855659,-0.7294580367956023,0.2117326258898944,-86.75445684440167,218.94729043334172,TRACK
52.9,184.65720186941644,-529.0227685323925,-1.5389211079046188,-0.6488070165251881,0.6282202191877725,-0.47639427001083406,0.7884238354435312,183.0,-531.0,2.5798764141901187,183.0,-531.0,-2.2683661379858777,-0.7294450300812589,0.21157616455646877,-82.25594428501653,214.47483060790978,TRACK
52.952,184.68873372377638,-529.049058371955,-1.551173785116943,-0.6649831872177251,0.6205767775870367,-0.4866071187156623,0.7886076495096082,183.0,-531.0,2.580309056267995,183.0,-531.0,-2.2842771712602317,-0.7331033861432887,0.21139235049039184,-82.25594428501653,214.47483060790978,TRACK
52.996,184.71744980047347,-529.0738045943657,-1.5750136727768675,-0.6812007345304701,0.612762964681211,-0.4967358322433889,0.7888123591320304,183.0,-531.0,2.5806709510964536,183.0,-531.0,-2.298966724648905,-0.7239530518720374,0.2111876408679696,-85.540047928529,217.3874879261732,TRACK
53.052,184.7481311505197,-529.1011247909233,-1.5854547217151957,-0.6974254746151848,0.6048050138923642,-0.5067642293269287,0.7890494844777853,183.0,-531.0,2.5810249086483577,183.0,-531.0,-2.3148843622793445,-0.7294296405641487,0.21095051552221467,-85.540047928529,217.3874879261732,TRACK
53.1,184.77606241712863,-529.1268103188663,-1.6001585277484855,-0.7135834584411245,0.5967887447201515,-0.5166870569800798,0.7893809730892875,183.0,-531.0,2.5813247163118564,183.0,-531.0,-2.3295851093222817,-0.7294265815737961,0.21061902691071255,-82.57957114403602,214.13235965702012,TRACK
53.152,184.8058839728885,-529.1551355734749,-1.6240272332200798,-0.7297337563169287,0.5886346939902796,-0.5264973392103444,0.7897406227139405,183.0,-531.0,2.5816160976785913,183.0,-531.0,-2.3455175088914015,-0.7214902756713217,0.21025937728605948,-82.57957114403602,214.13235965702012,TRACK
53.2,184.83299144553595,-529.18173618954,-1.6203825063652941,-0.7459320603855014,0.5802712058147226,-0.5361860959608568,0.7900697448956119,183.0,-531.0,2.5818483541518646,183.0,-531.0,-2.3602280496595194,-0.7398455432942252,0.20993025510438812,-79.94375569151286,210.9898025731349,TRACK
53.252,184.86189604895964,-529.2110372297373,-1.6350533861007508,-0.7621470633254148,0.5717264991312856,-0.5457395021641491,0.7903814231314455,183.0,-531.0,2.5820621004378745,183.0,-531.0,-2.3761688530826452,-0.7411154669818945,0.20961857686855445,-79.94375569151286,210.9898025731349,TRACK
53.296,184.88813578358332,-529.2385225167728,-1.6588743484231847,-0.7784137406696795,0.562953622733072,-0.5551442277077824,0.7906338564124105,183.0,-531.0,2.5822199095282583,183.0,-531.0,-2.390885148734206,-0.7320108003110215,0.20936614358758954,-92.88798212665695,223.60685044520937,TRACK
53.348,184.91611029898968,-529.2687676254617,-1.6692376896909062,-0.7945222542264714,0.5542098623192804,-0.5644165949543071,0.7910212792028859,183.0,-531.0,2.582371819189457,183.0,-531.0,-2.4068395346049383,-0.737601844914032,0.2089787207971141,-92.88798212665695,223.60685044520937,TRACK
53.4,184.94153652624993,-529.2971159712118,-1.6839600670011585,-0.8103582701234578,0.5456359842802148,-0.5735774744817738,0.7916500152051591,183.0,-531.0,2.582513910565529,183.0,-531.0,-2.4215854732127786,-0.7376254062116201,0.2083499847948409,-84.74469113690995,215.11186810958813,TRACK
53.452,184.96861766583908,-529.328281588849,-1.7121970516990965,-0.8261547257359363,0.53694029086291,-0.5825939386632504,0.7922881882996272,183.0,-531.0,2.5826532791753007,183.0,-531.0,-2.4375725729946374,-0.7253755212955408,0.20771181170037278,-84.74469113690995,215.11186810958813,TRACK
53.5,184.99317311774098,-529.3574612972684,-1.7201977527577788,-0.8419634779390921,0.528061359178933,-0.5914547673559392,0.792885578684573,183.0,-531.0,2.5827645009285116,183.0,-531.0,-2.452338897107291,-0.732141144349512,0.207114421315427,-80.09274663516752,209.44484081905895,TRACK
53.552,185.01927864488732,-529.3895047387934,-1.7349275468089937,-0.8578068007098137,0.5189501623359172,-0.6001226090461046,0.7933828942426088,183.0,-531.0,2.582862991346374,183.0,-531.0,-2.468341474198309,-0.7334139273893154,0.20661710575739123,-80.09274663516752,209.44484081905895,TRACK
53.596,185.04290100307614,-529.4194694512906,-1.7428532120231452,-0.8737155395446592,0.5095639673117959,-0.6085723911719686,0.7937353413319231,183.0,-531.0,2.582928826695194,183.0,-531.0,-2.483114251185009,-0.7402610391618636,0.20626465866807686,-88.5585013675208,217.39535341753344,TRACK
53.652,185.0679999148194,-529.4523437107708,-1.7575267030663009,-0.8894882006317985,0.5001515616400692,-0.6168411084554026,0.7941313101065149,183.0,-531.0,2.582995090449008,183.0,-531.0,-2.499127132512614,-0.741600429446313,0.20586868989348506,-88.5585013675208,217.39535341753344,TRACK
53.696,185.09071806007606,-529.4830627759935,-1.7814515174678827,-0.9050968022467731,0.4907516575624228,-0.6249399044114048,0.7945986870905345,183.0,-531.0,2.583060306749474,183.0,-531.0,-2.513918803487317,-0.7324672860194343,0.2054013129094655,-90.2476992635892,218.84813053908488,TRACK
53.752,185.1148396951703,-529.5167380730927,-1.7918546517751628,-0.9205620751762885,0.48134573670377423,-0.632871591419681,0.7951227386190001,183.0,-531.0,2.5831401201020334,183.0,-531.0,-2.5299551676862158,-0.738100515911053,0.20487726138099993,-90.2476992635892,218.84813053908488,TRACK
53.796,185.13665627962575,-529.5481822422618,-1.8201783982434814,-0.9358724295888141,0.47195399051179765,-0.6406469346138003,0.7957192117764086,183.0,-531.0,2.583229540507049,183.0,-531.0,-2.5447708452277764,-0.724592446984295,0.20428078822359141,-86.05972682813666,213.9913279923354,TRACK
53.852,185.1597820320235,-529.5826207496116,-1.834955744213093,-0.9511485344342409,0.46242419650971167,-0.6482181531227522,0.7962555566873768,183.0,-531.0,2.58333551155926,183.0,-531.0,-2.5608290856770353,-0.7258733414639422,0.2037444433126232,-86.05972682813666,213.9913279923354,TRACK
53.9,185.18065326664615,-529.6147449088204,-1.8429329033381692,-0.9663884500884306,0.45276181352153955,-0.6555804604274256,0.7967301926483951,183.0,-531.0,2.583443503731699,183.0,-531.0,-2.5756580827977924,-0.7327251794596232,0.20326980735160494,-81.24283270099804,208.47928689139374,TRACK
53.952,185.20273320620484,-529.6498934681131,-1.8693950706578912,-0.9816377508400691,0.44291015658790167,-0.6627041406708617,0.7970860586354681,183.0,-531.0,2.5835675383394157,183.0,-531.0,-2.5917248699125195,-0.7223297992546283,0.2029139413645319,-81.24283270099804,208.47928689139374,TRACK
54.0,185.2226093973529,-529.682644424845,-1.8655810725144344,-0.9969410535038771,0.43282216223671566,-0.6695667509394042,0.7972795357255923,183.0,-531.0,2.5836830774290913,183.0,-531.0,-2.606553101712626,-0.7409720291981918,0.2027204642744077,-83.61291206721296,210.54548024119248,TRACK
54.052,185.2436036732933,-529.7184486620343,-1.8802559883600287,-1.0121845128796572,0.42264203197585687,-0.6762084461160679,0.7974234444706202,183.0,-531.0,2.5838210608818826,183.0,-531.0,-2.622617210641275,-0.7423612222812463,0.2025765555293798,-83.61291206721296,210.54548024119248,TRACK
54.1,185.26248217595455,-529.7517877626393,-1.9066242052768934,-1.0273735675781404,0.41237306935582824,-0.6826330985532856,0.7975208433454303,183.0,-531.0,2.583961955217026,183.0,-531.0,-2.6374449191522995,-0.7308207138754061,0.20247915665456973,-95.1152029012459,222.11198805551226,TRACK
54.152,185.28241449530609,-529.7882180131741,-1.9188594358201334,-1.042358944432152,0.402202336870499,-0.6889151234281443,0.7977285046130078,183.0,-531.0,2.5841500560105164,183.0,-531.0,-2.653515253877265,-0.7346558180571316,0.20227149538699218,-95.1152029012459,222.11198805551226,TRACK
54.2,185.3003523915969,-529.8221350186059,-1.9428836090301582,-1.0570621880171314,0.3922286794196965,-0.6951063281686197,0.7981329114999456,183.0,-531.0,2.584373626223609,183.0,-531.0,-2.6683620719387733,-0.7254784629086151,0.20186708850005441,-84.56921622452245,211.41448215327586,TRACK
54.252,185.3192490312588,-529.8591700360042,-1.9576563321786848,-1.0717541000435236,0.38213756242407854,-0.7010932688754387,0.7984740999417982,183.0,-531.0,2.5846487335314063,183.0,-531.0,-2.6844490140931723,-0.7267926819144874,0.2015259000582018,-84.56921622452245,211.41448215327586,TRACK
54.3,185.3361818727354,-529.893611145877,-1.965568795401108,-1.0865011647670004,0.37185805134256,-0.7068437175913678,0.7986904603453526,183.0,-531.0,2.5849259252491397,183.0,-531.0,-2.6992966094661184,-0.7337278140650103,0.20130953965464737,-83.37196724230986,209.58360287739524,TRACK
54.348,185.35396788093934,-529.931184756585,-1.9802958135278603,-1.1012730321368929,0.3614212501298686,-0.7123477192768528,0.7987894548655302,183.0,-531.0,2.5852525619463647,183.0,-531.0,-2.7153772175914606,-0.7350814040636002,0.2012105451344698,-83.37196724230986,209.58360287739524,TRACK
54.396,185.36986222844598,-529.9660961810386,-1.9881415584920712,-1.116078111300754,0.3508200964870306,-0.7175884875035703,0.7987540156373745,183.0,-531.0,2.585576161840533,183.0,-531.0,-2.7302136449010024,-0.7420720864089312,0.20124598436262553,-90.24179569748765,216.49790857269386,TRACK
54.452,185.38653210318682,-530.0041631158932,-2.002831237745187,-1.1307696787224821,0.340234142703006,-0.7226522707068251,0.7987399928753912,183.0,-531.0,2.5859672425011153,183.0,-531.0,-2.7462844801001633,-0.7434532423549762,0.2012600071246088,-90.24179569748765,216.49790857269386,TRACK
54.5,185.40141486640078,-530.0395225374376,-2.029318527446551,-1.1453468642869016,0.3296723411920852,-0.7275530913873366,0.7987598846551702,183.0,-531.0,2.5863701043472043,183.0,-531.0,-2.761118041200301,-0.7317995137537503,0.20124011534482977,-91.71965444254442,218.18787935479008,TRACK
54.552,185.41698929556574,-530.0780592447903,-2.0416090239374176,-1.1598338495831753,0.3191149103851429,-0.7322911935065158,0.7988020518985384,183.0,-531.0,2.5868536895224605,183.0,-531.0,-2.7771863702268917,-0.7355773462894741,0.20119794810146163,-91.71965444254442,218.18787935479008,TRACK
54.6,185.43086148693192,-530.1138388566917,-2.0657183152205048,-1.174223714896782,0.30857608712870177,-0.7368822792267556,0.7988834051262289,183.0,-531.0,2.5873478970865755,183.0,-531.0,-2.792018370178549,-0.7263000549580441,0.2011165948737711,-84.91790811132695,211.29545771194847,TRACK
54.652,185.44531893708415,-530.1528026883224,-2.0805092640321656,-1.188671834655222,0.29788421727370457,-0.7412300405499614,0.7988472819722585,183.0,-531.0,2.5879196256793175,183.0,-531.0,-2.8080778631595202,-0.7275685991273546,0.20115271802774148,-84.91790811132695,211.29545771194847,TRACK
54.7,185.4581292272295,-530.1889431641096,-2.088395997411189,-1.203189997305881,0.2870331068711039,-0.7453238289724093,0.798683676103482,183.0,-531.0,2.5884768665770492,183.0,-531.0,-2.8228912484671915,-0.7344952510560026,0.201316323896518,-83.39319965666988,209.75438399574216,TRACK
54.752,185.47142195447455,-530.2282709647595,-2.1031390168689996,-1.217767197933804,0.2760417990001715,-0.7491668393607211,0.7984046768356156,183.0,-531.0,2.5891103068220156,183.0,-531.0,-2.838925409741892,-0.7357863928728925,0.20159532316438444,-83.39319965666988,209.75438399574216,TRACK
54.796,185.48314381259766,-530.2647218539064,-2.1109567167764642,-1.2324207929574018,0.26489905149779797,-0.7527461789470415,0.7979964394681248,183.0,-531.0,2.5897175803868837,183.0,-531.0,-2.853710537916965,-0.7427538211405009,0.20200356053187518,-90.05140351984457,216.9034271750351,TRACK
54.852,185.49526470846524,-530.3043738120795,-2.1374712473740893,-1.2470123772922574,0.25376733642844984,-0.7561731963266084,0.7976188086302815,183.0,-531.0,2.590413433919959,183.0,-531.0,-2.869716992799437,-0.7322457454253475,0.20238119136971855,-90.05140351984457,216.9034271750351,TRACK
54.9,185.50592137808562,-530.3411215256797,-2.149750954929784,-1.2615413960589865,0.24265365132705174,-0.7594646559472285,0.7972875003004829,183.0,-531.0,2.591092973451394,183.0,-531.0,-2.884483366888439,-0.7347324119586549,0.2027124996995171,-85.19433177625444,212.65285411650012,TRACK
54.952,185.51687514728042,-530.3810745870747,-2.1644922274123863,-1.2761158666607364,0.23145216601988639,-0.762566862678654,0.7969180166183107,183.0,-531.0,2.591858247235467,183.0,-531.0,-2.900466849392351,-0.7359746219799645,0.20308198338168926,-85.19433177625444,212.65285411650012,TRACK
55.0,185.52643482339158,-530.4180765716412,-2.1885966877561955,-1.2907548832128184,0.22014987955684578,-0.7654745982049795,0.7965031889239167,183.0,-531.0,2.5925870850018695,183.0,-531.0,-2.915207223843013,-0.7266105360868176,0.2034968110760833,-88.12466459581277,215.92577887289053,TRACK
55.052,185.53619173167334,-530.4582861960121,-2.1988621100140917,-1.3054413686446,0.20876891976224832,-0.7682001913293152,0.7960628089649036,183.0,-531.0,2.593399765797648,183.0,-531.0,-2.93116133833045,-0.7322992283163581,0.20393719103509644,-88.12466459581277,215.92577887289053,TRACK
55.1,185.544649899404,-530.4955151079492,-2.213603407009245,-1.3201159742994941,0.1973739375481275,-0.7707909405726279,0.7956601946133088,183.0,-531.0,2.5941758068496847,183.0,-531.0,-2.945877307265637,-0.7322739002563918,0.20433980538669116,-84.7138595614583,213.0639286101022,TRACK
55.152,185.55320788233433,-530.5359546911433,-2.237734331780246,-1.334852724194525,0.1858948675912726,-0.7732036136397142,0.7952362730297765,183.0,-531.0,2.5950353637448003,183.0,-531.0,-2.961805239424663,-0.7240709076444167,0.2047637269702235,-84.7138595614583,213.0639286101022,TRACK
55.2,185.56053720330002,-530.5733689032412,-2.233675622025731,-1.3497140100163074,0.1742746293090829,-0.7753943120798668,0.7947376835325151,183.0,-531.0,2.595836062274557,183.0,-531.0,-2.9764915144697968,-0.742815892444066,0.20526231646748494,-81.45557611738835,210.24603092021377,TRACK
55.252,185.56785491753442,-530.6139832633509,-2.2483819349384597,-1.3646862040045846,0.1625323548593903,-0.7773721882053785,0.7941815191575268,183.0,-531.0,2.596707106794863,183.0,-531.0,-2.992383369935952,-0.7440014349974922,0.20581848084247323,-81.45557611738835,210.24603092021377,TRACK
55.3,185.57402487443204,-530.6515343881554,-2.2724605551061927,-1.3798081857323723,0.15063529970377157,-0.7791022073664016,0.7935308708802982,183.0,-531.0,2.5975050215222177,183.0,-531.0,-3.0070329875880306,-0.7345724324818379,0.20646912911970183,-94.1417742902888,223.62841486676254,TRACK
55.348,185.58009642880694,-530.6922933501244,-2.287148127869104,-1.3948837921920172,0.1387791761769601,-0.7807556018872306,0.7929936756485814,183.0,-531.0,2.598380450265127,183.0,-531.0,-3.0228916243211157,-0.7357434964520118,0.20700632435141864,-94.1417742902888,223.62841486676254,TRACK
55.4,185.5851512686412,-530.7299993842528,-2.3113145502004184,-1.4098044890518184,0.12706467163982405,-0.782430973412976,0.792681309818084,183.0,-531.0,2.5992128451246685,183.0,-531.0,-3.0375270832270425,-0.726212533026624,0.20731869018191595,-82.90706661633493,213.11493319356202,TRACK
55.448,185.59000069448476,-530.7709060426889,-2.3260962229418642,-1.424845229759207,0.11523240282061417,-0.7839134106540118,0.7923375177681653,183.0,-531.0,2.600113004988048,183.0,-531.0,-3.0533690203714796,-0.7272727974296154,0.2076624822318347,-82.90706661633493,213.11493319356202,TRACK
55.5,185.5938853141526,-530.8087027940836,-2.3338855203590607,-1.440071772925915,0.10322641357809019,-0.7851450291780757,0.7919017674580834,183.0,-531.0,2.6009297652893193,183.0,-531.0,-3.067976633199606,-0.7340911128405452,0.20809823254191662,-81.2159792174412,211.51553056418555,TRACK
55.552,185.5974484058496,-530.8496765076159,-2.360503041813702,-1.455452334239139,0.09107951678635948,-0.7861288792789927,0.7913874482290465,183.0,-531.0,2.601794644742973,183.0,-531.0,-3.0837836129523044,-0.7232805711386026,0.2086125517709535,-81.2159792174412,211.51553056418555,TRACK
55.6,185.600135484368,-530.887509257508,-2.3752055819000333,-1.470988998404643,0.07879496677440552,-0.7868475728280289,0.7907829978283168,183.0,-531.0,2.602567713665871,183.0,-531.0,-3.0983561999359526,-0.7231506180359193,0.20921700217168315,-81.6215941192595,212.59300758568895,TRACK
55.652,185.60239749977197,-530.9285038359587,-2.382890793432689,-1.4866118936088588,0.06644183208394056,-0.7873759696028839,0.790174306440517,183.0,-531.0,2.6033794284145375,183.0,-531.0,-3.1141263713170986,-0.7312355778844095,0.209825693559483,-81.6215941192595,212.59300758568895,TRACK
55.7,185.60388170044908,-530.9663429776895,-2.3975469580098583,-1.5023378270539147,0.05400948745850158,-0.7877047886950923,0.7895542152814524,183.0,-531.0,2.604099211835909,183.0,-531.0,-3.1286676623783616,-0.7311207043685033,0.21044578471854758,-86.65810875645451,218.4305471271296,TRACK
55.752,185.60484159231237,-531.007335350969,-2.4097627141418267,-1.5180897471597898,0.041566977466316955,-0.7879183174180175,0.7890139976822497,183.0,-531.0,2.6048519206308587,183.0,-531.0,3.1387766160999466,-0.7346459769378129,0.21098600231775033,-86.65810875645451,218.4305471271296,TRACK
55.8,185.60513589184393,-531.045177674146,-2.433893812031414,-1.533806239918529,0.0291644694374029,-0.7880805128204103,0.7886199724612901,183.0,-531.0,2.6055275928714905,183.0,-531.0,3.124252619145824,-0.7250388760023476,0.21138002753870988,-85.48056384391401,217.86484804314028,TRACK
55.852,185.60480444507726,-531.0861626872064,-2.4440295060998123,-1.5495766502183124,0.01672601343560163,-0.7881129981631227,0.7882904651200052,183.0,-531.0,2.6062291161294513,183.0,-531.0,3.1085263394584244,-0.7306294616213496,0.21170953487999478,-85.48056384391401,217.86484804314028,TRACK
55.9,185.60389785210867,-531.1239802903624,-2.458735129667563,-1.5653887779147893,0.004261335003837018,-0.7880268051517507,0.7880383268684907,183.0,-531.0,2.6068477394382867,183.0,-531.0,3.094015238657806,-0.7304349388542173,0.21196167313150927,-82.18488393211511,214.74603516895684,TRACK
55.952,185.60225790577152,-531.1649182764384,-2.470987943034011,-1.5812917982822234,-0.00826823259370742,-0.7877615603983708,0.7878049502963913,183.0,-531.0,2.6074785226447776,183.0,-531.0,3.078302226431703,-0.7338951377138727,0.2121950497036087,-82.18488393211511,214.74603516895684,TRACK
56.0,185.60012955128286,-531.2026622984549,-2.4786530505528157,-1.5973296835142052,-0.02089360266573226,-0.7872618414630731,0.7875390464327355,183.0,-531.0,2.6080156615077006,183.0,-531.0,3.0638067649814964,-0.7407254916452741,0.21246095356726447,-85.13129997011859,217.8390463265895,TRACK
56.052,185.5971653420832,-531.2435046779949,-2.493337845840833,-1.6133987592430683,-0.03353224980736526,-0.7866208284701044,0.7873352142258956,183.0,-531.0,2.6085556046064178,183.0,-531.0,3.0481080757815393,-0.7417393855572136,0.21266478577410441,-85.13129997011859,217.8390463265895,TRACK
56.1,185.5938203499947,-531.2811537934464,-2.519971173601421,-1.629503114013316,-0.04618652968676913,-0.7858283386725439,0.7871844595679954,183.0,-531.0,2.6090135039159765,183.0,-531.0,3.033620495476266,-0.7295936381018988,0.21281554043200457,-87.98121456477958,220.93950198173485,TRACK
56.152,185.58953997432755,-531.3218813356742,-2.5322375566130835,-1.6456089913820637,-0.058831465132988967,-0.784916108209167,0.7871178045349494,183.0,-531.0,2.6094683122996054,183.0,-531.0,3.0179263722344865,-0.7330213783320163,0.2128821954650506,-87.98121456477958,220.93950198173485,TRACK
56.2,185.58498704929218,-531.3594212241056,-2.5423952598286017,-1.6616751637880915,-0.07143886405267769,-0.7839238234816525,0.7871721999151329,183.0,-531.0,2.609854720352435,183.0,-531.0,3.0034366265034063,-0.7373534208475778,0.21282780008486712,-80.87748477461437,213.8275535146815,TRACK
56.252,185.57938949550368,-531.4000009593447,-2.5712407497727,-1.6778505278784608,-0.08411110444148384,-0.7826833186026401,0.7871898469297022,183.0,-531.0,2.610220476701413,183.0,-531.0,2.9877423062574273,-0.7242022511494586,0.21281015307029783,-80.87748477461437,213.8275535146815,TRACK
56.3,185.5736057285833,-531.4373633472899,-2.5789166929884226,-1.6941406354632205,-0.09684551834812971,-0.7811782358589935,0.7871584914131887,183.0,-531.0,2.6105043849320237,183.0,-531.0,2.9732590028511687,-0.7310096113399949,0.21284150858681128,-79.297624082702,212.06134755889735,TRACK
56.352,185.56667246655937,-531.4777229654003,-2.60558091186191,-1.7105180841270795,-0.109615773625752,-0.7794171290515249,0.7870874658425794,183.0,-531.0,2.610752148761884,183.0,-531.0,2.957572939246574,-0.7200314560711014,0.21291253415742062,-79.297624082702,212.06134755889735,TRACK
56.4,185.55965533455154,-531.5148562181721,-2.6202517515571957,-1.726986424073797,-0.12241684041384232,-0.7773844353445925,0.7869640672438221,183.0,-531.0,2.6109217447270634,183.0,-531.0,2.9430984980491175,-0.719835057573273,0.21303593275617794,-79.9898741791952,212.8983446803243,TRACK
56.448,185.55139119080678,-531.554950602616,-2.615859864880772,-1.7434673400591207,-0.13519499070483867,-0.7751659321158408,0.7868671475063003,183.0,-531.0,2.6110471424067296,183.0,-531.0,2.9274195673027466,-0.7399058749960679,0.21313285249369973,-79.9898741791952,212.8983446803243,TRACK
56.5,185.54315195636968,-531.5918273766191,-2.640004250273567,-1.759971505395364,-0.14795449506198777,-0.772750999647717,0.7867875444270795,183.0,-531.0,2.611107335385278,183.0,-531.0,2.912948039392681,-0.7302330175133385,0.21321245557292046,-91.56036408602388,224.64986587139953,TRACK
56.552,185.53358009611728,-531.6316500092476,-2.6546413275193386,-1.7763310675709747,-0.16059640425841865,-0.7703251001547691,0.7868875173677546,183.0,-531.0,2.611131907358198,183.0,-531.0,2.8972623350053888,-0.7312816446548585,0.21311248263224536,-91.56036408602388,224.64986587139953,TRACK
56.6,185.52416004327253,-531.6683059240477,-2.678878111788222,-1.7924539090670932,-0.1730755480942417,-0.7679940271848094,0.7872547053779125,183.0,-531.0,2.611133227579703,183.0,-531.0,2.8827677412240664,-0.7215394541672975,0.21274529462208747,-80.58200499403623,213.53831499348232,TRACK
56.652,185.51330760003498,-531.7078652808224,-2.6889646352002523,-1.808605219157321,-0.18554439728325028,-0.76546101903832,0.7876276372946723,183.0,-531.0,2.6110894944806695,183.0,-531.0,2.8670574395247965,-0.7271632324545374,0.21237236270532767,-80.58200499403623,213.53831499348232,TRACK
56.7,185.5026886186749,-531.7442218870624,-2.701212929316509,-1.824851112508286,-0.19803393065127145,-0.762649916208374,0.7879418331208418,183.0,-531.0,2.610999145773058,183.0,-531.0,2.8525514108311207,-0.729420967031956,0.21205816687915824,-81.69521296869512,213.87940057847152,TRACK
56.752,185.4905402009173,-531.7834279901602,-2.7278967701139547,-1.8411167868258638,-0.21049025136871696,-0.7596096779248462,0.7882341078121108,183.0,-531.0,2.610852333654999,183.0,-531.0,2.8368308225383094,-0.7184577145273217,0.21176589218788922,-81.69521296869512,213.87940057847152,TRACK
56.8,185.4787348406125,-531.8194407212791,-2.7234508060008067,-1.8573913065556409,-0.22289941561221482,-0.7563391217259865,0.7885004860705562,183.0,-531.0,2.610672232540246,183.0,-531.0,2.8223146660944534,-0.7374198350843262,0.21149951392944377,-78.69011568934918,210.6082417401921,TRACK
56.852,185.46530896421137,-531.8582519040178,-2.738093980030009,-1.8736637858221854,-0.23525109592477178,-0.7528495437096654,0.788749335085398,183.0,-531.0,2.6104299683713403,183.0,-531.0,2.8065833199665517,-0.7385080071830252,0.21125066491460198,-78.69011568934918,210.6082417401921,TRACK
56.9,185.45232881587364,-531.8938737461884,-2.764701308161925,-1.8899758165794027,-0.2475601273137279,-0.74909480257189,0.7889417214698485,183.0,-531.0,2.610158404252348,183.0,-531.0,2.7920591265306656,-0.7264248724869962,0.21105827853015147,-92.06311350713074,223.74390592134236,TRACK
56.952,185.43764865948873,-531.9322655122222,-2.7768895912845526,-1.9061098066124713,-0.2597228276523726,-0.7453177392068078,0.7892746540844265,183.0,-531.0,2.6098371543807386,183.0,-531.0,2.7763112576787514,-0.7299844582162827,0.21072534591557346,-92.06311350713074,223.74390592134236,TRACK
57.004,185.42354019829253,-531.9675380242362,-2.801150115708249,-1.9219498871685965,-0.2716940341963406,-0.7416519305864213,0.7898514001762915,183.0,-531.0,2.609535767350715,183.0,-531.0,2.7617544913064065,-0.7202807001649312,0.21014859982370848,-81.15908668133854,212.54563466417267,TRACK
57.052,185.4076445883937,-532.0055289438426,-2.8111756908444927,-1.937767702715464,-0.28359080423890987,-0.7377818676164685,0.7904086464813729,183.0,-531.0,2.609183956896621,183.0,-531.0,2.7459723802356932,-0.7260372360994003,0.20959135351862712,-81.15908668133854,212.54563466417267,TRACK
57.1,185.39240795434114,-532.0403726790158,-2.825857637245726,-1.9536314514842326,-0.29543447938861195,-0.7336271162555701,0.7908794328575525,183.0,-531.0,2.6088294561426064,183.0,-531.0,2.7313966574611555,-0.7259310124727048,0.20912056714244753,-82.4077245027864,212.86166039568087,TRACK
57.152,185.37530073347307,-532.0778700086972,-2.8380789625655924,-1.9694670093016662,-0.30717716744537626,-0.7292434984217029,0.791298864014153,183.0,-531.0,2.6084204665058635,183.0,-531.0,2.715597617638743,-0.7295087269752507,0.20870113598584705,-82.4077245027864,212.86166039568087,TRACK
57.2,185.35896153350964,-532.1122413899013,-2.8647742699110297,-1.9852646654469777,-0.31880515857280245,-0.7246329285872973,0.7916625608967705,183.0,-531.0,2.6080223208377267,183.0,-531.0,2.701006986129795,-0.7174040511387609,0.20833743910322955,-85.69414096825253,215.7816554012148,TRACK
57.252,185.3406780185969,-532.1492198412395,-2.8722685704668467,-2.0009363167475165,-0.33028547267738884,-0.7199048260503997,0.7920552076922306,183.0,-531.0,2.607581222175307,183.0,-531.0,2.6851891999070503,-0.7257275368056888,0.2079447923077694,-85.69414096825253,215.7816554012148,TRACK
57.3,185.32326874587523,-532.1831088846807,-2.884486491232625,-2.0165031782314786,-0.3416281708357877,-0.7150457453578364,0.7924646522482564,183.0,-531.0,2.607167869273285,183.0,-531.0,2.6705778316091915,-0.7281209843377692,0.20753534775174365,-82.76258504551025,212.50166308318273,TRACK
57.352,185.30383717147413,-532.219540569366,-2.8944159133019975,-2.0320198618402854,-0.35284775412756597,-0.7099929967877676,0.7928376839432787,183.0,-531.0,2.606711513189656,183.0,-531.0,2.654740187090446,-0.7340292067871426,0.2071623160567213,-82.76258504551025,212.50166308318273,TRACK
57.4,185.2853789196503,-532.2529020427214,-2.923412134394678,-2.0474848188484933,-0.3639424597316739,-0.7047561911284881,0.7931805613663733,183.0,-531.0,2.6062847762739714,183.0,-531.0,2.6401131658442796,-0.7196600069406287,0.20681943863362673,-88.53094781590269,217.8261153424488,TRACK
57.452,185.26482707816356,-532.2887534174172,-2.933331884150001,-2.0628436005194875,-0.3748923011401557,-0.6993988539165658,0.7935382752671524,183.0,-531.0,2.6058256013953374,183.0,-531.0,2.624256939906702,-0.7255964831228834,0.20646172473284763,-88.53094781590269,217.8261153424488,TRACK
57.496,185.24535252468672,-532.3215855365509,-2.9455638976705925,-2.07802779526131,-0.38568194817638846,-0.6940101237287886,0.7939777181931384,183.0,-531.0,2.6054167210904007,183.0,-531.0,2.609607257320944,-0.7280141521880497,0.20602228180686155,-88.53094781590269,217.8261153424488,TRACK
57.552,185.2237127779655,-532.3568466490407,-2.960249215814104,-2.0931673482250597,-0.39634540770757876,-0.6884409914128897,0.7943806901407218,183.0,-531.0,2.6049820244869064,183.0,-531.0,2.5937274986839385,-0.7292085926815437,0.20561930985927823,-81.59116429831202,210.5422330154994,TRACK
57.6,185.2032404537407,-532.3890860218617,-2.9869912617201924,-2.1083698813618077,-0.4069018791489686,-0.6825654045713615,0.7946475135383161,183.0,-531.0,2.604578367630929,183.0,-531.0,2.5790665944738844,-0.7171274509855099,0.20535248646168391,-86.52092022830814,214.93645683710767,TRACK
57.652,185.1805351087929,-532.4236863198272,-2.982359028840811,-2.123490192555997,-0.4173106585955464,-0.6765541338932876,0.7949048256650258,183.0,-531.0,2.604153624105451,183.0,-531.0,2.563176663300179,-0.7376496150385963,0.20509517433497415,-86.52092022830814,214.93645683710767,TRACK
57.756,185.1590974215477,-532.4553202389711,-3.0066618982249276,-2.138517390080082,-0.42756839758332343,-0.6704241807884388,0.795162446798024,183.0,-531.0,2.603777769644118,183.0,-531.0,2.548502086275411,-0.7280213226792478,0.20483755320197605,-86.52092022830814,214.93645683710767,TRACK
57.76,185.13536214490784,-532.4892593934786,-3.0213374119090806,-2.1534306618006154,-0.4376761281204892,-0.664212334389845,0.7954485641964225,183.0,-531.0,2.6033949049212137,183.0,-531.0,2.532595566693114,-0.7292523285773918,0.20455143580357749,-89.75357553851651,218.0419370757298,TRACK
57.8,185.11298772072996,-532.5202842748845,-3.04570405809237,-2.168204470228375,-0.4476363262420673,-0.6579611109378897,0.7957958934790481,183.0,-531.0,2.603071528870587,183.0,-531.0,2.517902212699968,-0.7195790363872483,0.2042041065209519,-82.76850465331552,210.74766354182174,TRACK
57.852,185.08825025338754,-532.5535337292313,-3.0604215305385494,-2.1830015684428576,-0.4574657960928574,-0.6514691263668528,0.7960445824224057,183.0,-531.0,2.602740126987781,183.0,-531.0,2.5019809819577508,-0.7207827946832861,0.20395541757759428,-82.76850465331552,210.74766354182174,TRACK
57.9,185.0649622392978,-532.583878023254,-3.067892191839508,-2.197842706621837,-0.4671612035312941,-0.6447154093873836,0.7961768328621154,183.0,-531.0,2.602448585903821,183.0,-531.0,2.487284175658788,-0.7280089396812901,0.20382316713788462,-81.34729714241041,208.97191869922068,TRACK
57.952,185.03925133943295,-532.6163634700149,-3.082556343656711,-2.2127110192450252,-0.4767089160011434,-0.6377170616079644,0.796200000791812,183.0,-531.0,2.602148514704283,183.0,-531.0,2.471364303092333,-0.7292646604305428,0.20379999920818803,-81.34729714241041,208.97191869922068,TRACK
58.0,185.01508101048628,-532.6459787523597,-3.0899531782023995,-2.227619892527574,-0.48610277730351703,-0.630460857142822,0.7961010001824231,183.0,-531.0,2.6018834585818977,183.0,-531.0,2.456673392954725,-0.7365587360224612,0.20389899981757686,-88.47128299932889,216.23365932051144,TRACK
58.052,184.98843127286563,-532.6776758978122,-3.104573721151199,-2.242421242029894,-0.49534003923249026,-0.6231457284572445,0.7960353970530173,183.0,-531.0,2.601625519749108,183.0,-531.0,2.4407567501758427,-0.737854835852545,0.2039646029469827,-88.47128299932889,216.23365932051144,TRACK
58.1,184.96340842341618,-532.7065786941049,-3.1289054465009447,-2.257106891539925,-0.5044293027366279,-0.6157942797985382,0.7960223090416254,183.0,-531.0,2.601419511788598,183.0,-531.0,2.4260616822907104,-0.7282181783879311,0.2039776909583746,-89.97774325412365,217.9929024564708,TRACK
58.148,184.93584789355364,-532.7374996587955,3.1396067371044047,-2.2717036397274124,-0.5133826131612955,-0.6083881595942999,0.796051418082312,183.0,-531.0,2.6012328098981454,183.0,-531.0,2.4101386918610554,-0.7294680452433493,0.20394858191768805,-89.97774325412365,217.9929024564708,TRACK
58.2,184.90999513355194,-532.7656813772899,3.1152017036352246,-2.2862066640635974,-0.5222084069005464,-0.6009440010909374,0.7961377473055722,183.0,-531.0,2.6010982557951072,183.0,-531.0,2.3954361567470275,-0.7197655468881972,0.20386225269442781,-82.84426398599888,210.7590650127831,TRACK
58.252,184.88154901025118,-532.7957894285412,3.1052929400027027,-2.3007752213709205,-0.5308997559328307,-0.5932639456699058,0.7961260327871236,183.0,-531.0,2.6009779602367753,183.0,-531.0,2.3795113648142165,-0.7257815751884862,0.20387396721287643,-82.84426398599888,210.7590650127831,TRACK
58.3,184.85489315050293,-532.8231780117183,3.0930552671290767,-2.3154273537108927,-0.539450485353987,-0.5853299836849388,0.796001266298781,183.0,-531.0,2.6008857457019565,183.0,-531.0,2.3648170402715567,-0.72823822685752,0.20399873370121901,-83.75153174460053,211.595570445409,TRACK
58.352,184.8255928614765,-532.8524075417424,3.066225840969,-2.330116937895945,-0.5478562993117886,-0.5772017107117245,0.7958067224798678,183.0,-531.0,2.600808142977523,183.0,-531.0,2.3489040599980786,-0.7173217809709214,0.20419327752013217,-83.75153174460053,211.595570445409,TRACK
58.4,184.79816323203502,-532.8789719093203,3.0515668613331615,-2.344847968131866,-0.556114309230152,-0.5688796255511904,0.7955420499871718,183.0,-531.0,2.6007549759747373,183.0,-531.0,2.3342220390156148,-0.7173448223175467,0.20445795001282818,-80.40969797603553,208.62912228411682,TRACK
58.452,184.7680394773007,-532.9072891326853,3.0442159727416382,-2.3596284925974773,-0.5642303424805948,-0.5603684523340976,0.7952161226654557,183.0,-531.0,2.600714407418287,183.0,-531.0,2.318324928680708,-0.7258910440609303,0.20478387733454428,-80.40969797603553,208.62912228411682,TRACK
58.5,184.7398633959852,-532.9329867153882,3.0320474937712825,-2.37450734252936,-0.5722003155379538,-0.5516177012261406,0.7947926077963645,183.0,-531.0,2.600684963342627,183.0,-531.0,2.303661545461367,-0.7283859483099153,0.20520739220363549,-87.41326259194103,216.09523585357033,TRACK
58.552,184.70894359539759,-532.9603591729225,3.0223147319404866,-2.3893618176884543,-0.5800442475162857,-0.5427892007392887,0.794400053824224,183.0,-531.0,2.600672278298785,183.0,-531.0,2.2877827920589926,-0.734531939881494,0.20559994617577604,-87.41326259194103,216.09523585357033,TRACK
58.6,184.6800406110947,-532.9852057885114,2.9931031559744565,-2.404112055426039,-0.5877796880940361,-0.5339862191495868,0.7941197919568513,183.0,-531.0,2.600688077733782,183.0,-531.0,2.273126963632886,-0.7199761923415706,0.20588020804314866,-88.76168092308465,218.0070771260045,TRACK
58.652,184.6483426445884,-533.0116582923372,2.9784593788024054,-2.418824579854549,-0.5954084948996841,-0.5251367412746947,0.793901677057879,183.0,-531.0,2.6007311585586246,183.0,-531.0,2.2572520833705303,-0.7212072954318751,0.20609832294212105,-88.76168092308465,218.0070771260045,TRACK
58.7,184.61873025123816,-533.0356475963399,2.9686432785634143,-2.4334868836137744,-0.6029392231970157,-0.5162608901817515,0.7937638273445541,183.0,-531.0,2.6007977166165825,183.0,-531.0,2.2425985480029818,-0.7260447305604325,0.20623617265544592,-78.95067239370887,208.30936395310783,TRACK
58.752,184.586279285187,-533.0611409375675,2.956422799361574,-2.448257466431005,-0.6103304588839333,-0.5071593753424777,0.7935451474486154,183.0,-531.0,2.6008813765972,183.0,-531.0,2.2267315662720617,-0.7296912330895124,0.20645485255138463,-78.95067239370887,208.30936395310783,TRACK
58.8,184.55599345622122,-533.0841905728952,2.929603887891188,-2.463224105377465,-0.6175489678167829,-0.4977238515700926,0.7931555711670577,183.0,-531.0,2.600954820820306,183.0,-531.0,2.2120984034004287,-0.7175054844907591,0.2068444288329423,-87.6909433162866,217.17397702494765,TRACK
58.852,184.5228284238763,-533.1086569359338,2.9345076049491374,-2.4781874723355584,-0.6246330083256001,-0.4881979470498775,0.792782208802395,183.0,-531.0,2.601046036122269,183.0,-531.0,2.196253168519684,-0.7382544364294534,0.20721779119760497,-87.6909433162866,217.17397702494765,TRACK
58.9,184.49189034786778,-533.1307830782272,2.910113869764996,-2.4930805601835444,-0.6316015929736873,-0.4786651198048266,0.7924902959435329,183.0,-531.0,2.601148464913211,183.0,-531.0,2.181630064931739,-0.7284838048332571,0.20750970405646707,-88.99621800724361,219.10513250261914,TRACK
58.952,184.45802757173874,-533.154252640765,2.8954546291796066,-2.507933947963061,-0.6384635670706751,-0.46910053726216405,0.792269550428553,183.0,-531.0,2.6012783088691713,183.0,-531.0,2.16579089879106,-0.7296637303885465,0.20773044957144704,-88.99621800724361,219.10513250261914,TRACK
59.0,184.42645335921648,-533.1754547768874,2.8709847500073913,-2.522744648216882,-0.6452299515707313,-0.4595142584461124,0.7921332237188696,183.0,-531.0,2.6014174352268093,183.0,-531.0,2.15117060956001,-0.7198141404473812,0.20786677628113037,-81.63836880662184,211.90260330695372,TRACK
59.052,184.39191895168028,-533.197893808753,2.856279808454671,-2.537667024296455,-0.6518425961684723,-0.44971621323912303,0.7919238868917836,183.0,-531.0,2.6015717485015264,183.0,-531.0,2.1353395921847533,-0.7209402162699177,0.2080761131082164,-81.63836880662184,211.90260330695372,TRACK
59.1,184.35974668006315,-533.2181054756891,2.8464948011467115,-2.552713288456107,-0.6582871680510564,-0.4396922766813016,0.791625728355178,183.0,-531.0,2.601711539587856,183.0,-531.0,2.1207355913833434,-0.725759209763368,0.20837427164482203,-79.91980384355098,210.2896551150389,TRACK
59.152,184.32458363917888,-533.239450918988,2.834285749924976,-2.567859531241212,-0.6645609728773195,-0.4294712328166787,0.7912564859062624,183.0,-531.0,2.6018574587660934,183.0,-531.0,2.1049253209951218,-0.7293604289298541,0.2087435140937376,-79.91980384355098,210.2896551150389,TRACK
59.2,184.2918493704876,-533.2586356629961,2.8270169496697175,-2.5831139160230867,-0.6706520082442069,-0.41904505972282124,0.7908052087841169,183.0,-531.0,2.6019819088892535,183.0,-531.0,2.0903430036411077,-0.7366739460286098,0.20919479121588314,-86.89973049724193,217.79996820970013,TRACK
59.252,184.2560871322989,-533.2788748103642,2.800168628598825,-2.598324787991537,-0.6766311777827441,-0.40860431918205875,0.7904348426036755,183.0,-531.0,2.6021193833564302,183.0,-531.0,2.0745507291345007,-0.7256178994643245,0.20956515739632453,-86.89973049724193,217.79996820970013,TRACK
59.3,184.22280202794715,-533.2970571962085,2.787966235782828,-2.6134750809524894,-0.6825141514568687,-0.3981727042495903,0.7901690131537183,183.0,-531.0,2.602252209568625,183.0,-531.0,2.0599754322848423,-0.7279908034979856,0.20983098684628165,-81.90923455326862,213.33986573699718,TRACK
59.352,184.1864567425317,-533.3161965710576,2.773317805740561,-2.6286676274430745,-0.6882659272048046,-0.3876349730930278,0.7899182609080017,183.0,-531.0,2.602392391181238,183.0,-531.0,2.044190727530167,-0.7291270782103938,0.21008173909199834,-81.90923455326862,213.33986573699718,TRACK
59.4,184.15265017291244,-533.3333408449673,2.763617960379883,-2.643920681853557,-0.693879089490208,-0.3769730631020799,0.789668842703272,183.0,-531.0,2.6025145378859875,183.0,-531.0,2.0296254647424368,-0.7339924956374464,0.21033115729672802,-84.89925958139027,216.45960702299817,TRACK
59.452,184.11575461105414,-533.3513459434744,2.7342294978003934,-2.6592018486545848,-0.6993569206764361,-0.3662206540445509,0.7894413657434259,183.0,-531.0,2.6026402167764107,183.0,-531.0,2.013850847761278,-0.7203786500391152,0.21055863425657406,-84.89925958139027,216.45960702299817,TRACK
59.5,184.0814491473602,-533.3674472398629,2.726963813824198,-2.674448308015917,-0.704726004541423,-0.355448711295607,0.7892924222609929,183.0,-531.0,2.6027559800835602,183.0,-531.0,1.9992904625739538,-0.727673351250244,0.21070757773900706,-79.09072047512664,210.89343283858818,TRACK
59.552,184.04402914064076,-533.3843109912705,2.712324821208373,-2.6897568427546763,-0.7099373327942406,-0.34454768143127057,0.789128710208078,183.0,-531.0,2.602870674774343,183.0,-531.0,1.9835211150133678,-0.7288037061950052,0.21087128979192205,-79.09072047512664,210.89343283858818,TRACK
59.6,184.0092643053978,-533.3993270961105,2.705109294445836,-2.7051909140691217,-0.7149528566294461,-0.3334484240554313,0.788888736583085,183.0,-531.0,2.6029569632016734,183.0,-531.0,1.9689722479559708,-0.7361370464898651,0.211111263416915,-86.30217658953248,218.19373480852371,TRACK
59.652,183.97135844536822,-533.4150165938971,2.6905115826316055,-2.720578066937759,-0.7198549531620981,-0.3223438645845605,0.7887310825796813,183.0,-531.0,2.603044828309076,183.0,-531.0,1.9532116344677093,-0.7372999481638962,0.21126891742031872,-86.30217658953248,218.19373480852371,TRACK
59.7,183.93614680159337,-533.4289694825871,2.663609523946871,-2.735889829510755,-0.7246572887470252,-0.31126332534474777,0.7886780356006243,183.0,-531.0,2.6031257329359208,183.0,-531.0,1.9386613587447483,-0.7249481652021226,0.21132196439937567,-87.77430938697835,219.92778133480653,TRACK
59.752,183.8977662101187,-533.4435102493719,2.6513964876991203,-2.751140637806922,-0.7293581418419546,-0.30019170714075494,0.7887194432161727,183.0,-531.0,2.6032146486251344,183.0,-531.0,1.9228948004300062,-0.7285016872691141,0.2112805567838273,-87.77430938697835,219.92778133480653,TRACK
59.8,183.86212479852466,-533.456404292782,2.641672903690008,-2.7663162478584504,-0.7339680850705252,-0.2891436761737889,0.7888683130747405,183.0,-531.0,2.603301983602611,183.0,-531.0,1.9083352388560342,-0.7333376648339738,0.21113168692525952,-80.50356159099748,212.46782142320723,TRACK
59.852,183.82330262447377,-533.4697771741013,2.6121626263532334,-2.781564248611829,-0.7383823498691583,-0.27795316762324596,0.788965435231542,183.0,-531.0,2.6033875049975133,183.0,-531.0,1.8925627569510672,-0.7195998694021661,0.21103456476845806,-80.50356159099748,212.46782142320723,TRACK
59.9,183.78728440541897,-533.48156321902,2.604908011606292,-2.7968954781523627,-0.7425813746894969,-0.26660946982078737,0.7889915762756053,183.0,-531.0,2.603454002860219,183.0,-531.0,1.8780058288890427,-0.7269021827172493,0.21100842372439466,-78.94732744624908,210.64562869201217,TRACK
59.952,183.74807857013013,-533.4937227851908,2.577961696145926,-2.812284674367892,-0.7465633233769045,-0.255139389225397,0.7889568453000944,183.0,-531.0,2.603512027333034,183.0,-531.0,1.8622390435072231,-0.7157226526387028,0.21104315469990564,-78.94732744624908,210.64562869201217,TRACK
60.0,183.71172892408296,-533.5043787878013,2.5633502155946752,-2.827736861746503,-0.7503156626222651,-0.24354062203152588,0.78885082756868,183.0,-531.0,2.6035497256948146,183.0,-531.0,1.8476896897330128,-0.7156605258616624,0.21114917243132003,-79.82431297323035,211.6563637894502,TRACK
60.052,183.6721813752037,-533.5153127998609,2.5562026110221128,-2.8431793016340463,-0.7538906058533101,-0.2318957162599657,0.7887500673937172,183.0,-531.0,2.6035795133459754,183.0,-531.0,1.8319298978392358,-0.724272713182877,0.21124993260628278,-79.82431297323035,211.6563637894502,TRACK
60.1,183.63552910384786,-533.5248392969828,2.5440631396359477,-2.858624519360914,-0.7572850391077008,-0.22019625708280505,0.7886488585483585,183.0,-531.0,2.6035957284928637,183.0,-531.0,1.8173844250868378,-0.7266787145491098,0.21135114145164147,-85.4238790604402,217.47017960535072,TRACK
60.152,183.59566314105672,-533.5345564414108,2.5294969964020826,-2.8739889233960723,-0.7605638711296034,-0.2085314238308095,0.7886334743038446,183.0,-531.0,2.6036111330823974,183.0,-531.0,1.8016241319290986,-0.7278728644729839,0.21136652569615544,-85.4238790604402,217.47017960535072,TRACK
60.196,183.55871544777924,-533.5429789240856,2.505025095904509,-2.889215547637655,-0.7637767797158792,-0.19695936166004588,0.7887635636733554,183.0,-531.0,2.603632992556843,183.0,-531.0,1.7870690832803275,-0.7179560126241815,0.21123643632664457,-84.44402302755803,216.5087896271496,TRACK
60.252,183.51854053268997,-533.5515020446652,2.4904148704560414,-2.9043916514280226,-0.7668629891469281,-0.18539074282660045,0.7889540998367144,183.0,-531.0,2.6036603019543634,183.0,-531.0,1.7712952558074435,-0.7191196146485979,0.21104590016328562,-84.44402302755803,216.5087896271496,TRACK
60.3,183.48132453203004,-533.5588151815363,2.4832523029272227,-2.9195145866333894,-0.7698276144241492,-0.1738289391887895,0.7892091332653699,183.0,-531.0,2.603691310119997,183.0,-531.0,1.7567281379543471,-0.7265241649728755,0.2107908667346301,-78.92305852704453,210.58977449370292,TRACK
60.352,183.44088261624498,-533.5661252659032,2.456304998221502,-2.9346664858361846,-0.7725931517751874,-0.16219130140419907,0.789434098846196,183.0,-531.0,2.603723557064749,183.0,-531.0,1.740943842486782,-0.7153611557347201,0.21056590115380402,-78.92305852704453,210.58977449370292,TRACK
60.4,183.40345354260714,-533.5722968793664,2.4615226622594393,-2.94990435000996,-0.7751058772630999,-0.15042569408154746,0.7895676097762084,183.0,-531.0,2.603744610487029,183.0,-531.0,1.7263744574850115,-0.7351482047744278,0.21043239022379157,-80.05159879506095,211.37335819156107,TRACK
60.452,183.36280342702602,-533.5783651839835,2.4346340678121403,-2.9651392258902245,-0.7774253674016032,-0.13862105915263667,0.789687279826715,183.0,-531.0,2.603765225330408,183.0,-531.0,1.710589183869724,-0.7240448839424163,0.21031272017328495,-80.05159879506095,211.37335819156107,TRACK
60.5,183.3251961623,-533.5833946372231,2.4225124989901587,-2.9803750980973036,-0.7795461274383656,-0.12677678498848718,0.7897876410885205,183.0,-531.0,2.6037819408713747,183.0,-531.0,1.6960170964365489,-0.7264954025536099,0.2102123589114795,-85.80027759526294,217.097639938063,TRACK
60.548,183.28436311216825,-533.5882336747262,2.4079660506364577,-2.9955270584896247,-0.7815428202600994,-0.11497535497475186,0.7899547532306392,183.0,-531.0,2.6038079680630757,183.0,-531.0,1.6802250689653757,-0.727740981671082,0.21004524676936076,-85.80027759526294,217.097639938063,TRACK
60.6,183.24658476719722,-533.592146887713,2.383476603556849,-3.010539832848765,-0.7834699319161531,-0.10326782542933156,0.7902464033360762,183.0,-531.0,2.6038489846560213,183.0,-531.0,1.6656385509713136,-0.7178380525855352,0.2097535966639238,-84.91222347416515,216.05512793620528,TRACK
60.652,183.20557936493665,-533.5957795939868,2.368882267021198,-3.0254986401996,-0.7852533555762369,-0.09157499414064284,0.7905749882178152,183.0,-531.0,2.6039075590054868,183.0,-531.0,1.6498289074640404,-0.7190533595571578,0.20942501178218476,-84.91222347416515,216.05512793620528,TRACK
60.7,183.16766181591464,-533.598573958935,2.3617716751550506,-3.0404022219559614,-0.7868968094100481,-0.07989932393923543,0.7909427859369226,183.0,-531.0,2.60397717051651,183.0,-531.0,1.6352277201875651,-0.7265439549674855,0.20905721406307742,-79.45446450021998,210.07721919569607,TRACK
60.752,183.12653285741314,-533.6009861950957,2.347170178578915,-3.055330422141046,-0.7883124544920321,-0.06817076548825253,0.7912545602867048,183.0,-531.0,2.6040621634445986,183.0,-531.0,1.6194060350258908,-0.7277641435530242,0.20874543971329518,-79.45446450021998,210.07721919569607,TRACK
60.8,183.0885389289173,-533.6026367183118,2.340103376576329,-3.0703389564448686,-0.7894421573686616,-0.05634606268465394,0.7914504397692566,183.0,-531.0,2.6041422828714227,183.0,-531.0,1.6048021474997762,-0.7353012290765526,0.20854956023074345,-87.04002975154314,217.25868330007904,TRACK
60.852,183.0473403553393,-533.603818097951,2.3131636214814613,-3.085257420737078,-0.7904354936801173,-0.04457653447045127,0.791691440584478,183.0,-531.0,2.604248412970812,183.0,-531.0,1.58897545391504,-0.7241881675664212,0.20830855941552195,-87.04002975154314,217.25868330007904,TRACK
60.9,183.00927811687163,-533.6043540361086,2.3009963792499954,-3.1000624087664574,-0.7913202263854191,-0.03288262980462795,0.7920031363760747,183.0,-531.0,2.6043705628899625,183.0,-531.0,1.5743588522778422,-0.7266375269721532,0.20799686362392533,-82.36333575455632,212.4645308993214,TRACK
60.952,182.9680268526568,-533.6043249294286,2.291474554665832,-3.1148597459501453,-0.792010887057977,-0.021177799026737738,0.7922939759899607,182.9680268526568,-531.0,2.6043249294285715,183.0,-531.0,1.558520001071902,-0.7329545535939299,0.20770602401003935,-82.36333575455632,212.4645308993214,TRACK
61.0,182.92994433048895,-533.6037323304782,2.261829011595407,-3.1296757046889705,-0.7924921340616164,-0.009444535354528176,0.7925484097502171,182.92994433048895,-531.0,2.6037323304782376,183.0,-531.0,1.5438969520010588,-0.7179320595943481,0.20745159024978288,-88.28990180801654,217.97551413907385,TRACK
61.052,182.88868638809288,-533.6024840299478,2.252307035281097,3.1387381902916633,-0.7928175763443848,0.002263074820272426,0.7928208062785855,182.88868638809288,-531.0,2.6024840299478456,183.0,-531.0,1.528050317917702,-0.7242567173633951,0.20717919372141447,-88.28990180801654,217.97551413907385,TRACK
61.1,182.85059833465394,-533.600780453683,2.237664326322811,3.124076269231085,-0.7930568142827807,0.013892908897669512,0.793178494160042,182.85059833465394,-531.0,2.600780453683001,183.0,-531.0,1.513414454414009,-0.7242498719088022,0.20682150583995795,-81.01278644661595,210.44680426494534,TRACK
61.148,182.8093568175939,-533.5983252219484,2.213047556510496,3.1093798376071202,-0.7930740633417022,0.025555988997430924,0.7934857141240509,182.8093568175939,-531.0,2.5983252219483575,183.0,-531.0,1.497556002756221,-0.715491553754275,0.2065142858759491,-81.01278644661595,210.44680426494534,TRACK
61.2,182.77132877840663,-533.5954859272963,2.198425545328721,3.0945596990677537,-0.7927859269126909,0.03731458301961883,0.7936635962526835,182.77132877840663,-531.0,2.595485927296295,183.0,-531.0,1.4829197968062786,-0.7155057485224425,0.20633640374731654,-79.57894867731618,208.57703082105087,TRACK
61.252,182.73018510623368,-533.59179193937,2.1913800932046836,3.0796731514603857,-0.7922394151958001,0.04911785923619484,0.7937605779362754,182.73018510623368,-531.0,2.591791939369955,183.0,-531.0,1.467066367878103,-0.7243137253265806,0.2062394220637246,-79.57894867731618,208.57703082105087,TRACK
61.3,182.6922698644786,-533.5878090924473,2.1792441305861154,3.064708129747344,-0.7914209243414765,0.06096820064798185,0.7937658351023743,182.6922698644786,-531.0,2.587809092447287,183.0,-531.0,1.4524368240420904,-0.726807306544025,0.2062341648976257,-87.02256774409581,216.0670415393588,TRACK
61.352,182.65125700809267,-533.5828846742974,2.1646870477021674,3.049786855811235,-0.7904716726502621,0.07277445258415305,0.7938145792383926,182.65125700809267,-531.0,2.582884674297361,183.0,-531.0,1.4365872332187426,-0.7280998144834248,0.2061854207616074,-87.02256774409581,216.0670415393588,TRACK
61.4,182.61345025692427,-533.5777852555569,2.1552372218254296,3.03498292977496,-0.7894808144922703,0.08448665582865603,0.7939886343421347,182.61345025692427,-531.0,2.5777852555569325,183.0,-531.0,1.4219511650961478,-0.7332860567292818,0.20601136565786526,-86.01685691611,215.14354177425798,TRACK
61.452,182.57256420530354,-533.5716553114072,2.130638963766078,3.020197588801312,-0.788357107636438,0.09617556575799019,0.7942019067024202,182.57256420530354,-531.0,2.5716553114071985,183.0,-531.0,1.4060916412782534,-0.7245473224878245,0.2057980932975798,-86.01685691611,215.14354177425798,TRACK
61.5,182.5348953159057,-533.5654383866773,2.1160226956636805,3.0054240230503892,-0.7871011051563277,0.10784586056465911,0.7944550832987629,182.5348953159057,-531.0,2.5654383866773287,183.0,-531.0,1.3914479807276632,-0.7245747149360173,0.2055449167012371,-83.1161954389673,211.8607701841279,TRACK
61.552,182.4941826162031,-533.5580948800211,2.0913972567463244,2.9906111340981845,-0.7856435048113926,0.11952725801442257,0.7946838881346311,182.4941826162031,-531.0,2.5580948800211445,183.0,-531.0,1.3755824214608596,-0.7158148352854647,0.2053161118653689,-83.1161954389673,211.8607701841279,TRACK
61.6,182.4567069993672,-533.550750639185,2.076785888220404,2.9757120226463423,-0.7839279842223328,0.13124447380607254,0.7948384718617506,182.4567069993672,-531.0,2.5507506391850256,183.0,-531.0,1.3609389176675057,-0.7158469705528983,0.2051615281382494,-79.93325219355275,208.3645790179603,TRACK
61.652,182.4162355265197,-533.5421817573575,2.082222536495358,2.960736605757708,-0.7819573339104793,0.14298407412058398,0.7949224600604171,182.4162355265197,-531.0,2.5421817573575254,183.0,-531.0,1.3450781532712761,-0.737144383224082,0.2050775399395829,-79.93325219355275,208.3645790179603,TRACK
61.7,182.37901221490043,-533.5337034270137,2.05764742599059,2.9456498167132885,-0.7796922475989909,0.1547608069351913,0.7949030810917754,182.37901221490043,-531.0,2.5337034270137337,183.0,-531.0,1.3304432540354136,-0.7272041719551765,0.20509691890822457,-93.86213347207456,222.28551244716408,TRACK
61.752,182.338811970497,-533.5239197590465,2.043076619632345,2.9306653350968737,-0.7773785290393046,0.16644613582565299,0.7949979204643272,182.338811970497,-531.0,2.523919759046521,183.0,-531.0,1.314585092292739,-0.7284915273396062,0.20500207953567284,-93.86213347207456,222.28551244716408,TRACK
61.8,182.3018039853365,-533.5143476085669,2.0184071836273696,2.9158877658168225,-0.7751459356708892,0.17798691886698728,0.7953179017693879,182.3018039853365,-531.0,2.5143476085669363,183.0,-531.0,1.2999358322465973,-0.7184713513807723,0.20468209823061212,-82.29972013132102,210.7642311914782,TRACK
61.852,182.26186164544444,-533.5033752349506,2.0088856337076177,2.901037797390916,-0.7726875305365151,0.18954401198910092,0.7955959730463336,182.26186164544444,-531.0,2.5033752349505676,183.0,-531.0,1.2840642978161025,-0.7248213358915152,0.20440402695366644,-82.29972013132102,210.7642311914782,TRACK
61.896,182.22515301413014,-533.4926846600988,1.996680503166839,2.8860350318301795,-0.7699139981821453,0.20115571608703042,0.7957582463985544,182.22515301413014,-531.0,2.492684660098803,183.0,-531.0,1.2694168447937657,-0.7272636583730734,0.20424175360144559,-83.56517943117649,211.43567978244516,TRACK
61.952,182.18556798738928,-533.4804988502865,1.9820474015883078,2.870950442169256,-0.7668817788049958,0.2127710891932618,0.7958512417905758,182.18556798738928,-531.0,2.4804988502864944,183.0,-531.0,1.2535519354979794,-0.7284954660903284,0.20414875820942424,-83.56517943117649,211.43567978244516,TRACK
62.0,182.1492079376801,-533.4686946692826,1.9549389757497495,2.8557996989603023,-0.7635985186859631,0.22437336112881814,0.7958807089781986,182.1492079376801,-531.0,2.468694669282627,183.0,-531.0,1.238911352059567,-0.7160276236901826,0.20411929102180137,-86.66479853630173,214.5685240559536,TRACK
62.052,182.1100110269346,-533.4553108200001,1.9479287862894277,2.8406565841793885,-0.7601643979330103,0.23592628567357374,0.7959341204877353,182.1100110269346,-531.0,2.455310820000136,183.0,-531.0,1.22305136942262,-0.7248774168668077,0.20406587951226474,-86.66479853630173,214.5685240559536,TRACK
62.096,182.07401574212903,-533.442407571711,1.935733345854937,2.8255062347709616,-0.7565724770302588,0.24743827112953012,0.7960072933204019,182.07401574212903,-531.0,2.442407571710987,183.0,-531.0,1.2084118094243261,-0.7273215364306109,0.20399270667959812,-83.5553917350162,211.5008687336761,TRACK
62.152,182.03524017850887,-533.4278329510761,1.9210982205780902,2.8102928093008144,-0.7527614805899995,0.2589332843537355,0.7960504333308667,182.03524017850887,-531.0,2.427832951076084,183.0,-531.0,1.192555032848489,-0.7285431877296011,0.20394956666913333,-83.5553917350162,211.5008687336761,TRACK
62.2,181.99965980863985,-533.4138303828806,1.8964076538105816,2.7950158521000903,-0.7487351593451217,0.2704086945884226,0.7960685906054701,181.99965980863985,-531.0,2.413830382880633,183.0,-531.0,1.1779208388417084,-0.7184868149688732,0.20393140939452992,-86.69050595192613,214.55502122854267,TRACK
62.252,181.9613514329595,-533.3980695985956,1.8869747279869817,2.779702967405974,-0.7445226898843414,0.281847853400887,0.79608557845203,181.9613514329595,-531.0,2.3980695985956118,183.0,-531.0,1.1620692908366757,-0.7249054371503061,0.20391442154797002,-86.69050595192613,214.55502122854267,TRACK
62.3,181.9262083348663,-533.3829802152352,1.8723383602594792,2.7644084816383434,-0.7401915053545431,0.293227858380308,0.7961570457700708,181.9262083348663,-531.0,2.382980215235193,183.0,-531.0,1.1474363037377078,-0.7249020565217714,0.20384295422992915,-83.58365855711853,211.46996601950062,TRACK
62.352,181.88839072997246,-533.3660468404178,1.8601423633404568,2.7490677478926417,-0.7356660498812436,0.3045727461414195,0.796221762224569,181.88839072997246,-531.0,2.3660468404177664,183.0,-531.0,1.1315852558463124,-0.7285571074941444,0.20377823777543103,-83.58365855711853,211.46996601950062,TRACK
62.4,181.853734304637,-533.349874281214,1.8329951076689581,2.73362986845788,-0.7308860338272674,0.3158971958523042,0.7962320219578602,181.853734304637,-531.0,2.3498742812140563,183.0,-531.0,1.1169572897540276,-0.7160378179149305,0.20376797804213975,-86.7406062716209,214.50075339892527,TRACK
62.452,181.8164605898736,-533.3317737919516,1.8260158700619167,2.718185713385602,-0.7259566944336,0.3271633934935757,0.7962719436443755,181.8164605898736,-531.0,2.331773791951605,183.0,-531.0,1.1011107369507702,-0.7249051331111465,0.20372805635562452,-86.7406062716209,214.50075339892527,TRACK
62.5,181.78231189931304,-533.3145331246967,1.8138180753439817,2.7027326990332368,-0.720872720052554,0.33836940450443553,0.796336193087225,181.78231189931304,-531.0,2.314533124696709,183.0,-531.0,1.0864832568414566,-0.727334818502525,0.20366380691277497,-83.63398655338702,211.4101002323914,TRACK
62.552,181.7456140616102,-533.2952799309139,1.799180461673104,2.6872188634047647,-0.715571944880145,0.34952891723511104,0.79637533379877,181.7456140616102,-531.0,2.295279930913921,183.0,-531.0,1.0706390415302613,-0.7285414201428426,0.20362466620123,-83.63398655338702,211.4101002323914,TRACK
62.6,181.71202270296772,-533.2769792868476,1.789780861020712,2.6716482255413148,-0.710058754273622,0.36063599252000766,0.7963929643219476,181.71202270296772,-531.0,2.2769792868475633,183.0,-531.0,1.056015890450981,-0.7337649705697309,0.20360703567805238,-86.76654556972579,214.4587883033371,TRACK
62.652,181.67594566482077,-533.2565860643313,1.759825096760876,2.656050971628547,-0.7043644085745824,0.3716754697669778,0.7964118751582782,181.67594566482077,-531.0,2.256586064331259,183.0,-531.0,1.040175634664201,-0.7196494620966749,0.20358812484172184,-86.76654556972579,214.4587883033371,TRACK
62.7,181.6429325466648,-533.2372432479734,1.7504149620634841,2.640483437996396,-0.6985575187940376,0.3826304246244078,0.7964851843643652,181.6429325466648,-531.0,2.2372432479734243,183.0,-531.0,1.0255524880413718,-0.7248624740221123,0.20351481563563478,-80.95595942831568,208.66196906141317,TRACK
62.752,181.60750510738447,-533.215728666997,1.7382250539678041,2.6248491775608005,-0.6925163054491867,0.39351945565452784,0.7965151569754509,181.60750510738447,-531.0,2.2157286669970517,183.0,-531.0,1.0097134192058725,-0.7285116347619316,0.20348484302454906,-80.95595942831568,208.66196906141317,TRACK
62.8,181.5751354359106,-533.1953546331536,1.7313044651490948,2.6090870410854548,-0.6861644530389883,0.4043483096176138,0.7964415936557531,181.5751354359106,-531.0,2.1953546331535563,183.0,-531.0,0.9950989648883177,-0.736205500260777,0.20355840634424693,-88.53080503642127,216.14614549400443,TRACK
62.852,181.54041392856226,-533.1727349719849,1.704158880363063,2.5933687549274747,-0.679709347781458,0.41507412065561733,0.7964240849569587,181.54041392856226,-531.0,2.172734971984937,183.0,-531.0,0.9792664579825626,-0.7248924223805003,0.2035759150430413,-88.53080503642127,216.14614549400443,TRACK
62.896,181.5086821463973,-533.1513553616909,1.6919723714301707,2.5777250514201286,-0.6731886543441645,0.4256911701535771,0.7964897593092009,181.5086821463973,-531.0,2.1513553616908894,183.0,-531.0,0.9646492434840159,-0.7273231279461547,0.20351024069079915,-83.64855261550257,211.41251638218517,TRACK
62.952,181.4746716862005,-533.1276528957162,1.6773401848609024,2.5620416688372205,-0.6664891843405129,0.4362350892755531,0.7965606605639849,181.4746716862005,-531.0,2.12765289571621,183.0,-531.0,0.9488135676437058,-0.7285266172171966,0.2034393394360151,-83.64855261550257,211.41251638218517,TRACK
63.0,181.44362812213714,-533.1052808663172,1.6525844386654496,2.546316054098504,-0.6595772911167096,0.44668218906333235,0.796597251428391,181.44362812213714,-531.0,2.10528086631723,183.0,-531.0,0.9341975863917966,-0.718386852273653,0.203402748571609,-86.82251056782016,214.39593309213498,TRACK
63.052,181.41038282110634,-533.0805175262,1.6432230646615256,2.530583300571019,-0.6524916884716212,0.457019750603476,0.7966256686588818,181.41038282110634,-531.0,2.0805175261999693,183.0,-531.0,0.9183643702165529,-0.7248586944449726,0.20337433134111815,-86.82251056782016,214.39593309213498,TRACK
63.1,181.38004870642993,-533.0571792292362,1.631029853881641,2.514903148822346,-0.6453058503554112,0.46723791991959773,0.7967000152590138,181.38004870642993,-531.0,2.057179229236226,183.0,-531.0,0.9037471538195905,-0.7272827000620505,0.2032999847409862,-83.72116987905088,211.29508295522083,TRACK
63.152,181.34758684077696,-533.0313818085949,1.616396086142075,2.499211546498084,-0.6379421292414078,0.47734113303346304,0.7967588829418416,181.34758684077696,-531.0,2.031381808594915,183.0,-531.0,0.8879120606029431,-0.7284840255391318,0.2032411170581584,-83.72116987905088,211.29508295522083,TRACK
63.2,181.31800817054162,-533.0070997799678,1.6094866064902225,2.4834586039215134,-0.6303401878062481,0.48732819521110693,0.7967543675508348,181.31800817054162,-531.0,2.0070997799678025,183.0,-531.0,0.873297910080282,-0.7361886964099404,0.20324563244916516,-86.86535390974294,214.33138047127207,TRACK
63.252,181.28637873943433,-532.9802941171979,1.582277068473595,2.4677368512914564,-0.6226115237577806,0.4971860570692815,0.7967678989894637,181.28637873943433,-531.0,1.9802941171979,183.0,-531.0,0.8574656027215919,-0.7248114657520031,0.20323210101053635,-86.86535390974294,214.33138047127207,TRACK
63.3,181.2575710942174,-532.9550953294657,1.5676431678603269,2.452043658074689,-0.6147532368158882,0.5069120976420648,0.796794463404139,181.2575710942174,-531.0,1.9550953294657347,183.0,-531.0,0.8428507637842007,-0.7247924040761262,0.20320553659586105,-83.73580619360537,211.25981390576464,TRACK
63.352,181.2267997504777,-532.9273109496506,1.5554481035476606,2.4363294084414786,-0.6067044175629053,0.5165031122228156,0.7967846103095859,181.2267997504777,-531.0,1.9273109496506322,183.0,-531.0,0.8270198987109656,-0.728428204836695,0.20321538969041408,-83.73580619360537,211.25981390576464,TRACK
63.396,181.19880694699495,-532.9012224858936,1.53065791251324,2.420597373814537,-0.5984720634776765,0.5259554045062199,0.7967420525443158,181.19880694699495,-531.0,1.9012224858936406,183.0,-531.0,0.8124089362568678,-0.7182489762563722,0.20325794745568415,-86.82968820292274,214.34059823017566,TRACK
63.448,181.168931125772,-532.8724899851246,1.5213290746206483,2.4048794226692687,-0.590094099491971,0.5352628450282724,0.7966915083788709,181.168931125772,-531.0,1.8724899851246164,183.0,-531.0,0.7965818344411508,-0.7247472401794974,0.20330849162112907,-86.82968820292274,214.34059823017566,TRACK
63.5,181.14176567404525,-532.8455407125591,1.5091356801485831,2.3892325145406463,-0.5816425835106227,0.5444259617251603,0.7966854603626687,181.14176567404525,-531.0,1.8455407125591137,183.0,-531.0,0.7819709672083548,-0.7271647129402283,0.20331453963733126,-83.67418279046771,211.29198832214732,TRACK
63.552,181.11279842638615,-532.8158912842712,1.494501962275398,2.3735913624831686,-0.5730395385257986,0.5534403347516896,0.7966621095821756,181.11279842638615,-531.0,1.8158912842711743,183.0,-531.0,0.7661435890812803,-0.7283583731941178,0.20333789041782435,-83.67418279046771,211.29198832214732,TRACK
63.6,181.0865012560813,-532.7881114884751,1.4672584653861585,2.357906545316746,-0.564225900181303,0.5622972286015163,0.7965733109565921,181.0865012560813,-531.0,1.7881114884751241,183.0,-531.0,0.7515374047137751,-0.7157210606723834,0.20342668904340788,-86.76945293736401,214.3711545957653,TRACK
63.652,181.05848579598066,-532.7575791759841,1.4730101376245879,2.342267880347105,-0.5553124319491023,0.5709991480496441,0.7964997954492178,181.05848579598066,-531.0,1.7575791759841195,183.0,-531.0,0.7357147302332135,-0.7372954073913743,0.20350020455078222,-86.76945293736401,214.3711545957653,TRACK
63.7,181.03306723324445,-532.728999453049,1.4481902503273403,2.3266726824318305,-0.54629676738508,0.5795432593006393,0.7964361540363397,181.03306723324445,-531.0,1.7289994530490276,183.0,-531.0,0.721109800695807,-0.7270804496315333,0.20356384596366028,-90.117037025412,217.8754359478258,TRACK
63.752,181.00600802495134,-532.6976162629138,1.4388526513493973,2.3111522572945735,-0.5372221853885704,0.587936129070938,0.7964148217735466,181.00600802495134,-531.0,1.6976162629138116,183.0,-531.0,0.7052863571285289,-0.7335662942208684,0.2035851782264534,-90.117037025412,217.8754359478258,TRACK
63.8,180.98146846447904,-532.6682638511763,1.4086546258688,2.295735619827957,-0.5281287156131269,0.59618648614854,0.7964661113451811,180.98146846447904,-531.0,1.6682638511763344,183.0,-531.0,0.6906764705844426,-0.7179781552843574,0.20353388865481892,-85.22366661482769,212.98963810723976,TRACK
63.852,180.9553824862194,-532.6360617425895,1.393953076432533,2.280299550373031,-0.5188623649729418,0.6042661776386482,0.7964645423515956,180.9553824862194,-531.0,1.6360617425895043,183.0,-531.0,0.6748505993556073,-0.7191024770769257,0.20353545764840442,-85.22366661482769,212.98963810723976,TRACK
63.9,180.93177328427709,-532.6059733615698,1.3870237016432274,2.264831797360954,-0.5094109680618302,0.6121674604004927,0.7963972212124297,180.93177328427709,-531.0,1.605973361569795,183.0,-531.0,0.6602451092508581,-0.7267785923923693,0.20360277878757027,-79.02613747969562,206.69648044383572,TRACK
63.952,180.90672637423353,-532.5729973063383,1.3596976040208828,2.249275535678212,-0.49970210068722976,0.619863067164876,0.7961987261144531,180.90672637423353,-531.0,1.5729973063382658,183.0,-531.0,0.6444305515236038,-0.715267052497279,0.20380127388554692,-79.02613747969562,206.69648044383572,TRACK
64.0,180.88411293713276,-532.542219596195,1.3655095900615846,2.233596356335258,-0.4896960109731638,0.6273317967853722,0.7958312424258001,180.88411293713276,-531.0,1.5422195961949683,183.0,-531.0,0.6298442057244446,-0.73566538433714,0.20416875757419994,-81.6812057411025,209.65776472309304,TRACK
64.052,180.86015650931228,-532.5085179344067,1.3382787619199557,2.2179129189413143,-0.47954759438576355,0.6346037761010356,0.7954167762392658,180.86015650931228,-531.0,1.5085179344066546,183.0,-531.0,0.6140514014155853,-0.7242273605043703,0.20458322376073423,-81.6812057411025,209.65776472309304,TRACK
64.1,180.8385455603198,-532.4770859805172,1.3261395580689948,2.202244390093865,-0.4692857727542486,0.6416837849093444,0.7949762363273094,180.8385455603198,-531.0,1.477085980517245,183.0,-531.0,0.5994815353978519,-0.7266580226711429,0.2050237636726906,-87.24025791914937,215.90876953479972,TRACK
64.152,180.81566907580412,-532.442689597725,1.311574047402825,2.186662982253469,-0.45901209037653246,0.6486085751387998,0.7945974973880915,180.81566907580412,-531.0,1.442689597725007,183.0,-531.0,0.5837017765544046,-0.7278722708484204,0.2054025026119085,-87.24025791914937,215.90876953479972,TRACK
64.196,180.79503815683614,-532.4106245202609,1.2867560132715523,2.171218205102611,-0.4487916428862716,0.6554034303496639,0.7943346871682399,180.79503815683614,-531.0,1.4106245202608534,183.0,-531.0,0.5691358739700412,-0.7176201393015111,0.20566531283176015,-85.921948623876,215.0603008291211,TRACK
64.252,180.7732273187963,-532.3755569970596,1.2721466848600755,2.155818877575825,-0.4385182854519474,0.6620436358898566,0.7941033071949622,180.7732273187963,-531.0,1.3755569970595616,183.0,-531.0,0.5533584915678367,-0.7187881932922389,0.20589669280503775,-85.921948623876,215.0603008291211,TRACK
64.3,180.75359487770575,-532.3428894105322,1.262893103622071,2.1404609100920386,-0.42819010182902373,0.668529515090657,0.7939007972358376,180.75359487770575,-531.0,1.342889410532166,183.0,-531.0,0.5387964880583844,-0.7240966155636865,0.20609920276416238,-79.96240195082085,209.20799668972484,TRACK
64.352,180.73288728423123,-532.3071916189001,1.2507188529196256,2.1250580307487272,-0.41770159919046623,0.6748177823323782,0.7936332057810219,180.73288728423123,-531.0,1.3071916189001058,183.0,-531.0,0.5230274253658823,-0.7276914275537433,0.20636679421897808,-79.96240195082085,209.20799668972484,TRACK
64.396,180.714306526578,-532.2739693160518,1.2439518559141518,2.109555655706481,-0.4069907306951305,0.6808775167852119,0.7932437505176784,180.714306526578,-531.0,1.2739693160517618,183.0,-531.0,0.5084813904074187,-0.7354704655067331,0.20675624948232163,-87.45353460190721,216.94565997317426,TRACK
64.452,180.69473702950148,-532.2376877435221,1.2293809433553968,2.0941253281913106,-0.3962617437362015,0.6867732779370758,0.7928940060545867,180.69473702950148,-531.0,1.2376877435220877,183.0,-531.0,0.49272735406109097,-0.7366535892943058,0.2071059939454133,-87.45353460190721,216.94565997317426,TRACK
64.5,180.67718516182947,-532.2039344128377,1.2020928732580598,2.078797867377325,-0.3855525018702779,0.692520666899233,0.79261315014387,180.67718516182947,-531.0,1.2039344128377252,183.0,-531.0,0.4781868110647302,-0.7239060621933295,0.20738684985612998,-88.86756738670996,218.90291901967592,TRACK
64.552,180.6587276693393,-532.1670911374365,1.189899875366595,2.0635491913686796,-0.37484224874566197,0.6981220179157893,0.7923894644324332,180.6587276693393,-531.0,1.1670911374365005,183.0,-531.0,0.4624355587878193,-0.7274643165787757,0.2076105355675668,-88.86756738670996,218.90291901967592,TRACK
64.596,180.6422033169382,-532.1328321489098,1.1649706604039018,2.0483822511656276,-0.3641375312760061,0.7035844363195052,0.7922292601985994,180.6422033169382,-531.0,1.1328321489097561,183.0,-531.0,0.4478955463837259,-0.7170751140201759,0.2077707398014006,-81.06623394611933,211.2603555030082,TRACK
64.652,180.62488458447203,-532.0954672084396,1.1556837137681524,2.033140027748158,-0.35325778692867504,0.7088246752338823,0.7919744214595341,180.62488458447203,-531.0,1.0954672084395725,183.0,-531.0,0.4321509274504466,-0.7235327863177058,0.20802557854046588,-81.06623394611933,211.2603555030082,TRACK
64.7,180.6094469911862,-532.0607583965822,1.1434815330747778,2.017802909283306,-0.34218334587954097,0.7138211253622169,0.7915996723159373,180.6094469911862,-531.0,1.0607583965821732,183.0,-531.0,0.41762698282037714,-0.7258545502544007,0.2084003276840627,-81.9856984812655,212.3628974654044,TRACK
64.752,180.59331742742498,-532.0229305122765,1.1288549955653187,2.002428931908365,-0.33098354629140897,0.7185944912351832,0.7911562113446301,180.59331742742498,-531.0,1.0229305122765027,183.0,-531.0,0.40190246909168453,-0.7269525264736341,0.2088437886553699,-81.9856984812655,212.3628974654044,TRACK
64.8,180.57898082205978,-531.9878137806026,1.1220873438321104,1.9870314245426124,-0.31967705254400725,0.7231459210920927,0.7906538061094471,180.57898082205978,-531.0,0.9878137806025507,183.0,-531.0,0.3873972880549102,-0.7346900557772003,0.20934619389055287,-84.72961026444413,215.76146787289463,TRACK
64.852,180.56404011061446,-531.9495591114783,1.1074827820862576,1.9716805536071658,-0.3083525650355514,0.727528198584823,0.7901762993788675,180.56404011061446,-531.0,0.9495591114782655,183.0,-531.0,0.3716902870913751,-0.7357924949948825,0.20982370062113254,-84.72961026444413,215.76146787289463,TRACK
64.9,180.55079573156684,-531.9140594747334,1.0825796233371272,1.9563639106761823,-0.29700276449533547,0.7317448470110794,0.7897222063771158,180.55079573156684,-531.0,0.914059474733449,183.0,-531.0,0.3571975473615912,-0.7253820759755361,0.21027779362288423,-87.85810696005029,219.51124790044247,TRACK
64.948,180.5370365480316,-531.8754030934284,1.0679451965279787,1.9411077983003961,-0.285661686101402,0.7358213324180286,0.7893260619970298,180.5370365480316,-531.0,0.8754030934284174,183.0,-531.0,0.34150113587792985,-0.7264440606500489,0.21067393800297018,-87.85810696005029,219.51124790044247,TRACK
65.0,180.52487484747186,-531.839540529726,1.0429799308974625,1.9259368874852694,-0.2743591625473768,0.7397817264015674,0.7890183475632119,180.52487484747186,-531.0,0.8395405297260368,183.0,-531.0,0.3270132860628703,-0.7159666448345923,0.21098165243678813,-79.89320027956492,211.9485838900802,TRACK
65.052,180.5123079419547,-531.8005155480159,1.0337226597348,1.9106836419849516,-0.2629183966366776,0.7435262682866538,0.7886427549418548,180.5123079419547,-531.0,0.8005155480159374,183.0,-531.0,0.3113262381306095,-0.7223964216041905,0.21135724505814524,-79.89320027956492,211.9485838900802,TRACK
65.096,180.5012792534214,-531.7643451761082,1.0215208440189225,1.8953189077975212,-0.2513144783692852,0.7470343695467153,0.7881746737380517,180.5012792534214,-531.0,0.764345176108236,183.0,-531.0,0.29685586992641,-0.7246649740925125,0.21182532626194828,-80.75113922738866,213.09800768461372,TRACK
65.152,180.48994995814138,-531.725008886339,1.0068963695360515,1.879896882330091,-0.23960928301699297,0.7503358290369346,0.7876651984469426,180.48994995814138,-531.0,0.7250088863389692,183.0,-531.0,0.2811892964447056,-0.725707073091346,0.2123348015530574,-80.75113922738866,213.09800768461372,TRACK
65.2,180.48006578237548,-531.688567875727,0.9795406327431196,1.864428825172795,-0.22781814892076302,0.7534339912528152,0.787123807385363,180.48006578237548,-531.0,0.688567875727017,183.0,-531.0,0.2667369908558099,-0.7128036418873098,0.21287619261463697,-83.46084490306949,216.4948751934446,TRACK
65.252,180.46997224092004,-531.64895005034,0.9728148944420416,1.848982937218653,-0.21601909505622682,0.7563905344194473,0.7866326270809317,180.46997224092004,-531.0,0.6489500503399768,183.0,-531.0,0.2510861244880891,-0.7217287699539525,0.21336737291906827,-83.46084490306949,216.4948751934446,TRACK
65.3,180.461223543433,-531.6122572081337,0.958203050289471,1.833549626869764,-0.20420499762961863,0.7592058217937218,0.7861890109270118,180.461223543433,-531.0,0.6122572081336557,183.0,-531.0,0.23664370261393847,-0.7215593476755324,0.21381098907298823,-80.00830987082087,213.63853785618159,TRACK
65.352,180.45237064796737,-531.5723865327737,0.9514861815774367,1.8180702874713166,-0.19232004486247362,0.7618440990883366,0.7857438711002607,180.45237064796737,-531.0,0.5723865327737485,183.0,-531.0,0.22100429948990166,-0.7304818820875351,0.21425612889973933,-80.00830987082087,213.63853785618159,TRACK
65.4,180.44477852557918,-531.5354806862999,0.9211084284222658,1.802545280070701,-0.18036725490781855,0.7643037949456397,0.785297801863273,180.44477852557918,-531.0,0.535480686299934,183.0,-531.0,0.20657391825174914,-0.7145345101705167,0.21470219813672697,-85.64537270407737,219.69187704664694,TRACK
65.452,180.43717491194172,-531.4953910516577,0.9065088066971462,1.7870454487938499,-0.16841688440374147,0.7666315460371103,0.7849128450544768,180.43717491194172,-531.0,0.495391051657748,183.0,-531.0,0.19094388758960287,-0.7155649191075433,0.21508715494552322,-85.64537270407737,219.69187704664694,TRACK
65.5,180.4307204967931,-531.4582846030303,0.8997813979128169,1.7716395081145466,-0.15653441865448417,0.7688783594994064,0.7846508496968545,180.4307204967931,-531.0,0.45828460303027896,183.0,-531.0,0.17651448198662897,-0.7232669159261879,0.2153491503031455,-74.81620890243497,209.29084364574172,TRACK
65.552,180.42436251306353,-531.4180019790747,0.8851618668667105,1.7561405139348154,-0.1445414933821436,0.7709039795295165,0.7843374203514617,180.42436251306353,-531.0,0.4180019790746883,183.0,-531.0,0.16088797045919437,-0.7242738964075162,0.2156625796485383,-74.81620890243497,209.29084364574172,TRACK
65.6,180.4190960777881,-531.3807620807539,0.8785004685298202,1.7404519569304617,-0.13235306124831428,0.7726285119498203,0.7838827401465054,180.4190960777881,-531.0,0.38076208075392515,183.0,-531.0,0.14647393126286418,-0.7320265372669561,0.21611725985349461,-84.16899674151404,218.83080069531923,TRACK
65.652,180.41402132126493,-531.3403492280232,0.8511823153265395,1.7248030578820863,-0.12018650487130496,0.7742181184547292,0.7834912194126755,180.41402132126493,-531.0,0.34034922802322853,183.0,-531.0,0.13086117928055546,-0.720321136045984,0.21650878058732448,-84.16899674151404,218.83080069531923,TRACK
65.7,180.4099101686392,-531.302980764016,0.8366037931537976,1.709256955439462,-0.10809838272903152,0.7757201603819253,0.7832158243878835,180.4099101686392,-531.0,0.3029807640159561,183.0,-531.0,0.11644771566408224,-0.7201560774897153,0.2167841756121165,-78.93781164107189,214.20258454868315,TRACK
65.752,180.40608898259737,-531.2624447006383,0.8244521521582789,1.6936955886831953,-0.09598347020919232,0.7770569923671435,0.7829625763343162,180.40608898259737,-531.0,0.26244470063829795,183.0,-531.0,0.10083407856230828,-0.7236180735959706,0.2170374236656838,-78.93781164107189,214.20258454868315,TRACK
65.796,180.40315017469032,-531.2249879587365,0.7995296740748147,1.6780890628355918,-0.08381806329149555,0.7782091214058675,0.7827099746222923,180.40315017469032,-531.0,0.2249879587365058,183.0,-531.0,0.08642299503185237,-0.7131066790429623,0.2172900253777077,-81.88756097217018,217.28235551042033,TRACK
65.852,180.40060124506553,-531.1843739854528,0.7849625591903154,1.6624765704681095,-0.07163799822942969,0.7791992106310699,0.7824854073006104,180.40060124506553,-531.0,0.18437398545279393,183.0,-531.0,0.0708108829098357,-0.7141516762804797,0.21751459269938955,-81.88756097217018,217.28235551042033,TRACK
65.9,180.39882791544443,-531.1468524699388,0.7783198654459568,1.646917667260735,-0.05949522733633085,0.7800738708661328,0.7823393931561121,180.39882791544443,-531.0,0.14685246993883538,183.0,-531.0,0.05639640185430466,-0.7219234635916522,0.21766060684388788,-75.78090978560279,211.41224608545116,TRACK
65.952,180.39754555514398,-531.1061885408453,0.7637552178632587,1.6313093785317316,-0.04730316902164912,0.7807475388078168,0.7821792052681752,180.39754555514398,-531.0,0.10618854084532359,183.0,-531.0,0.04078060564479007,-0.7229746122184687,0.2178207947318248,-75.78090978560279,211.41224608545116,TRACK
66.004,180.39696027895656,-531.0686552126665,0.7571661031843168,1.6155899535390155,-0.03501469873069288,0.7811664181956649,0.7819507670204343,180.39696027895656,-531.0,0.06865521266649921,183.0,-531.0,0.026368902076066684,-0.7307972011082501,0.2180492329795657,-83.43949779732014,219.15271859124493,TRACK
66.052,180.39695732546502,-531.027987878452,0.7426471911212451,1.5999371457477782,-0.022779433444872873,0.7814806136555397,0.7818125428179752,180.39695732546502,-531.0,0.02798787845199513,183.0,-531.0,0.01075157172250505,-0.73189561939874,0.2181874571820248,-83.43949779732014,219.15271859124493,TRACK
66.1,180.39753088655794,-530.9904433928441,0.7177294409126925,1.5843864911413492,-0.010624415436619322,0.7817242731004109,0.7817964679875036,180.39753088655794,-531.0,0.009556607155900565,183.0,-531.0,-0.0036721143591627327,-0.7214015552718552,0.21820353201249643,-85.01423704666583,220.95990618475264,TRACK
66.152,180.39877498039715,-530.949769379961,0.7086754202819934,1.568919029212357,0.0014678384993045933,0.7818881719205333,0.7818895497057711,180.39877498039715,-531.0,0.05023062003897394,183.0,-531.0,-0.0193079712640115,-0.7279833915460049,0.21811045029422893,-85.01423704666583,220.95990618475264,TRACK
66.196,180.40049523101393,-530.9122260179904,0.6781657254212607,1.553537277014941,0.013497589105270186,0.7819809927841073,0.7820974734566484,180.40049523101393,-531.0,0.08777398200959396,183.0,-531.0,-0.033752831788563496,-0.7119185572098242,0.21790252654335163,-80.1688716522106,215.84730604115373,TRACK
66.252,180.402988385209,-530.8715780829663,0.663541716645077,1.5381248155767497,0.02555427846213489,0.7818795156644962,0.7822970012491851,180.402988385209,-531.0,0.12842191703373373,183.0,-531.0,-0.04940963425153212,-0.7129513508966091,0.2177029987508149,-80.1688716522106,215.84730604115373,TRACK
66.3,180.40587263894793,-530.8340908054969,0.6568837178176894,1.5226721568221777,0.037641297846727,0.7815664167294842,0.7824723196784356,180.40587263894793,-531.0,0.16590919450311503,183.0,-531.0,-0.06386869926322897,-0.7207524170809183,0.21752768032156444,-73.88616752771084,209.1728760688187,TRACK
66.352,180.40963576444028,-530.7935378033526,0.6294704076255357,1.507121425135931,0.04979557287583803,0.7809710699222542,0.7825569698964692,180.40963576444028,-531.0,0.20646219664740784,183.0,-531.0,-0.07953578658574063,-0.7090061942112764,0.21744303010353083,-73.88616752771084,209.1728760688187,TRACK
66.396,180.4137040408167,-530.756177033761,0.6357215906091835,1.491441032367296,0.062031637613988264,0.7800534737215434,0.7825160355737892,180.4137040408167,-531.0,0.24382296623900857,183.0,-531.0,-0.0939971489691948,-0.7297187395783783,0.21748396442621076,-76.86001287316505,212.0783815702958,TRACK
66.452,180.41874522846464,-530.7157797645904,0.6212185654207795,1.4757594750489773,0.07425163515643454,0.7789394542597929,0.7824704331321077,180.41874522846464,-531.0,0.28422023540963437,183.0,-531.0,-0.10966754916150405,-0.7308861145822835,0.21752956686789227,-76.86001287316505,212.0783815702958,TRACK
66.496,180.42398026450257,-530.6785664677909,0.5963372326271148,1.4601018873603582,0.08643570062825932,0.7776576010981802,0.7824464677464359,180.42398026450257,-531.0,0.32143353220908466,183.0,-531.0,-0.12413752839262147,-0.7204747610197363,0.2175535322535641,-89.37190721551592,224.81351326598116,TRACK
66.552,180.43026278707742,-530.6383161556446,0.5873987706414653,1.4446405397017619,0.09846941504677478,0.7763930032371364,0.7826124974565856,180.43026278707742,-531.0,0.36168384435541157,183.0,-531.0,-0.13982890363598072,-0.727227674277446,0.21738750254341443,-89.37190721551592,224.81351326598116,TRACK
66.6,180.43661313475795,-530.6012073308005,0.5568588344229608,1.429454169822685,0.11030973828423482,0.7752406332586677,0.7830493457092192,180.43661313475795,-531.0,0.39879266919945167,183.0,-531.0,-0.1543353832695694,-0.7111942176925302,0.21695065429078075,-80.32789613249379,215.57545679536418,TRACK
66.652,180.44410404113404,-530.5610867369242,0.5422512962734383,1.414297271282935,0.12212089203151441,0.7739488704015278,0.7835243239787605,180.44410404113404,-531.0,0.43891326307584677,183.0,-531.0,-0.1700669969616398,-0.712318293235078,0.21647567602123952,-80.32789613249379,215.57545679536418,TRACK
66.696,180.45158818232187,-530.5241441893506,0.5356384635088585,1.3990916829556252,0.13395044264841688,0.7724395084845443,0.7839678024980052,180.45158818232187,-531.0,0.4758558106493638,183.0,-531.0,-0.18460053613403563,-0.7202389996428941,0.21603219750199476,-74.27467632832797,208.63026305113078,TRACK
66.752,180.46031606378418,-530.4842449546563,0.5210604063804172,1.3837961061393573,0.1458131437177711,0.770638221726649,0.7843116355549439,180.46031606378418,-531.0,0.515755045343667,183.0,-531.0,-0.20035383588885353,-0.7214142422692706,0.21568836444505612,-74.27467632832797,208.63026305113078,TRACK
66.796,180.46894723619602,-530.4475468863524,0.5145310995649206,1.368384620381025,0.1577141755862072,0.768504925505374,0.7845212436300609,180.46894723619602,-531.0,0.5524531136476298,183.0,-531.0,-0.21489965924096258,-0.7294307588058832,0.21547875636993907,-84.10379377360229,218.08915661971074,TRACK
66.852,180.47890257101687,-530.4079162799198,0.500021512396658,1.35307463519244,0.16952127542526763,0.7662726679512195,0.7848001430115118,180.47890257101687,-531.0,0.5920837200801543,183.0,-531.0,-0.2306713053730981,-0.7306928177697561,0.2151998569884882,-84.10379377360229,218.08915661971074,TRACK
66.9,180.48864211745104,-530.3714458442203,0.47505455386160605,1.3379206295437938,0.1812063551088499,0.7640074944777523,0.7852026456590727,180.48864211745104,-531.0,0.6285541557797387,183.0,-531.0,-0.24524648627987766,-0.7203010401414838,0.21479735434092728,-85.94796262454544,219.81588968820085,TRACK
66.952,180.49978636628367,-530.3320621222201,0.4604898807262047,1.3228893659778929,0.1927934979635062,0.7616876156422803,0.785708187993371,180.49978636628367,-531.0,0.6679378777798775,183.0,-531.0,-0.2610557495699947,-0.7215456302961994,0.21429181200662895,-85.94796262454544,219.81588968820085,TRACK
67.0,180.5106166907647,-530.2958254293962,0.4514688700505041,1.3079811078392312,0.20428688968371478,0.759322835341576,0.7863232805709216,180.5106166907647,-531.0,0.7041745706037545,183.0,-531.0,-0.27566907469065316,-0.7271379447411572,0.2136767194290784,-78.49915214407766,211.65467994666716,TRACK
67.052,180.52294431442832,-530.2567262955181,0.42083799934326893,1.2930427166626175,0.21576086833801988,0.756727090228791,0.7868854055020396,180.52294431442832,-531.0,0.7432737044819078,183.0,-531.0,-0.2915149413713679,-0.7123529407146368,0.21311459449796044,-78.49915214407766,211.65467994666716,TRACK
67.1,180.53487260294185,-530.2207958583328,0.41184222894640854,1.2780475463716332,0.22722166816422903,0.7538653797911796,0.7873643993292017,180.53487260294185,-531.0,0.7792041416671509,183.0,-531.0,-0.30615286837910477,-0.7179950973255134,0.21263560067079834,-77.16726956846904,209.5384531944729,TRACK
67.152,180.5483849603273,-530.1820569462618,0.3997143454253431,1.263026606639888,0.23864264363189097,0.7507551742654607,0.7877713139268147,180.5483849603273,-531.0,0.8179430537381904,183.0,-531.0,-0.3220214682440219,-0.721735813669365,0.21222868607318535,-77.16726956846904,209.5384531944729,TRACK
67.2,180.5613996488546,-530.1464814047904,0.3932200133697239,1.247981007076321,0.2500164888723344,0.7473958531682866,0.7881045654233968,180.5613996488546,-531.0,0.8535185952096072,183.0,-531.0,-0.33667791448412615,-0.72989792785385,0.2118954345766032,-85.23570373912432,217.2669278662688,TRACK
67.252,180.576072296537,-530.1081250372791,0.3658284310093314,1.2330709977650762,0.2612689233216661,0.7439751628082585,0.7885179092254261,180.576072296537,-531.0,0.8918749627208626,183.0,-531.0,-0.35257221245975295,-0.7184006434690844,0.21148209077457392,-85.23570373912432,217.2669278662688,TRACK
67.3,180.59013911381916,-530.072886365958,0.3537062952660943,1.2183201813537543,0.2723953428414688,0.7405325008755358,0.7890422090450527,180.59013911381916,-531.0,0.9271136340420298,183.0,-531.0,-0.3672620562860944,-0.7209683515521887,0.21095779095494727,-80.57232014636745,212.26322989697516,TRACK
67.352,180.60594549647695,-530.0349116193609,0.3447679445751508,1.2036159258590016,0.2834460868897306,0.7369453815111853,0.7895759491675054,180.60594549647695,-531.0,0.9650883806391448,183.0,-531.0,-0.3831921037128678,-0.7279600482880186,0.2104240508324946,-80.57232014636745,212.26322989697516,TRACK
67.4,180.6210579771043,-530.0000545189558,0.33022862572665423,1.188923502475543,0.2944351277194253,0.7331808551021982,0.7900925330134091,180.6210579771043,-531.0,0.9999454810441648,183.0,-531.0,-0.39791018310100323,-0.7281388088276575,0.2099074669865909,-86.99155803125123,217.94229421558836,TRACK
67.452,180.6379864002082,-529.9625027520729,0.2995859743900784,1.1743229969441484,0.3053241423708546,0.7293198329134752,0.7906517884602787,180.6379864002082,-531.0,1.0374972479271491,183.0,-531.0,-0.4138722363450711,-0.7134582107351495,0.20934821153972127,-86.99155803125123,217.94229421558836,TRACK
67.5,180.65411844762326,-529.9280275330974,0.290613845908994,1.1598790167742503,0.3160902049424988,0.7254396964230321,0.7913126883899511,180.65411844762326,-531.0,1.0719724669025936,183.0,-531.0,-0.42862621514561644,-0.7192400610546104,0.20868731161004894,-76.62461502334921,206.97420008066868,TRACK
67.552,180.6721462640471,-529.8909166320242,0.2784640825943747,1.1454027545466123,0.32679970529604313,0.7213207137446872,0.7918974803967529,180.6721462640471,-531.0,1.1090833679758134,183.0,-531.0,-0.44462284829366616,-0.7230869308880409,0.2081025196032471,-76.62461502334921,206.97420008066868,TRACK
67.596,180.68929744321494,-529.8569063199604,0.27198180396633376,1.1307948229519666,0.33748048987472923,0.7168503227322315,0.7923177811001035,180.68929744321494,-531.0,1.1430936800395557,183.0,-531.0,-0.45939484570089306,-0.7313766496672268,0.20768221889989646,-86.79500252952391,216.37289099119778,TRACK
67.652,180.7084162338468,-529.8203076711911,0.25746113493203615,1.1162856398486067,0.3480464861330308,0.7122897688001443,0.7927755490975443,180.7084162338468,-531.0,1.1796923288088692,183.0,-531.0,-0.47541221287024615,-0.7328733478022823,0.20722445090245567,-86.79500252952391,216.37289099119778,TRACK
67.696,180.72655362528064,-529.7867453667442,0.23242304826778937,1.1019339706570381,0.35848202852487737,0.7077134863123973,0.7933270091732404,180.72655362528064,-531.0,1.213254633255815,183.0,-531.0,-0.49021409600977983,-0.7226371442775692,0.2066729908267596,-88.8150895435876,218.0960093088791,TRACK
67.752,180.74672812223625,-529.7506296346612,0.21784084299613138,1.0877112220444152,0.36880320189622073,0.7031004243538942,0.7939559234967207,180.74672812223625,-531.0,1.249370365338791,183.0,-531.0,-0.5062681550121051,-0.7241089980082365,0.20604407650327927,-88.8150895435876,218.0960093088791,TRACK
67.8,180.76583191919238,-529.717518303497,0.1927219003880456,1.0736074382439296,0.3790206007043248,0.6984520655694464,0.7946646485508799,180.76583191919238,-531.0,1.282481696503055,183.0,-531.0,-0.5211057318335204,-0.713827632221566,0.20533535144912007,-81.44127420345423,209.91932042974156,TRACK
67.852,180.78704794191577,-529.6819242443773,0.1780882183377186,1.0594689836718616,0.38916354340371206,0.6935692405405148,0.7952902331466667,180.78704794191577,-531.0,1.318075755622658,183.0,-531.0,-0.5371917708644115,-0.7152799892021301,0.2047097668533333,-81.44127420345423,209.91932042974156,TRACK
67.896,180.80710836322748,-529.6493400543693,0.17155002292559907,1.0452661931444645,0.39923020861030517,0.6884130584932672,0.7957997854806712,180.80710836322748,-531.0,1.3506599456306958,183.0,-531.0,-0.5520478868851314,-0.7235979098107305,0.2042002145193288,-80.1846853644023,207.8503276650435,TRACK
67.952,180.82934982096396,-529.6143462096717,0.14402955588428212,1.0310236950781597,0.4092017549768081,0.6830039811777415,0.7962038147238083,180.82934982096396,-531.0,1.3856537903283197,183.0,-531.0,-0.56814806952357,-0.7121776254078521,0.2037961852761917,-80.1846853644023,207.8503276650435,TRACK
68.004,180.85034488629498,-529.5823384877083,0.15049585433102375,1.0167417582425795,0.4190701587736185,0.6773422270819511,0.7965000254632031,180.85034488629498,-531.0,1.4176615122917156,183.0,-531.0,-0.5830129582177979,-0.7335088125488216,0.2034999745367969,-81.64998482037554,209.0260259722482,TRACK
68.052,180.8735858240711,-529.5479819716732,0.13596809566887094,1.0024838838070647,0.4288249920806778,0.6715182286089332,0.7967606950565977,180.8735858240711,-531.0,1.4520180283268473,183.0,-531.0,-0.5991216794305031,-0.735089775099374,0.20323930494340225,-81.64998482037554,209.0260259722482,TRACK
68.1,180.89549222741508,-529.5165696985414,0.11094206562319209,0.9882427017530026,0.43847043590220625,0.6655346735149772,0.7969897896528901,180.89549222741508,-531.0,1.4834303014586112,183.0,-531.0,-0.6139951726602022,-0.7249372382833943,0.20301021034710987,-94.59101915817365,221.84133500714518,TRACK
68.152,180.9197070335395,-529.4828421694116,0.09640808735697437,0.9741844399424134,0.44799005532779307,0.6596097530814743,0.7973582106135251,180.9197070335395,-531.0,1.5171578305884168,183.0,-531.0,-0.630121007568939,-0.7265290949259133,0.20264178938647492,-94.59101915817365,221.84133500714518,TRACK
68.2,180.94249989010888,-529.4519715052533,0.07127452099393028,0.9603783689085481,0.45739144844802954,0.6538449323240951,0.7979474497980973,180.94249989010888,-531.0,1.5480284947467453,183.0,-531.0,-0.6450246060151439,-0.7162991270090742,0.20205255020190271,-82.74725701925266,209.6481128224444,TRACK
68.252,180.96766843749398,-529.4188559821587,0.05663044731833722,0.9465438065736764,0.4667081258140784,0.6478921499165186,0.798486513739799,180.96766843749398,-531.0,1.581144017841325,183.0,-531.0,-0.6611785693773854,-0.7178090166957226,0.20151348626020105,-82.74725701925266,209.6481128224444,TRACK
68.3,180.99133728430377,-529.3886147812016,0.0501065741617317,0.9325859547137607,0.47594562310048516,0.641638654424635,0.7988894785891008,180.99133728430377,-531.0,1.611385218798432,183.0,-531.0,-0.6760918679485048,-0.7261984421102365,0.20111052141089925,-81.5183340611378,207.52918151389127,TRACK
68.352,181.01744326309543,-529.3562188149164,0.03550825459683771,0.9185442196731881,0.4850779738053268,0.6351148984494972,0.7991693030288366,181.01744326309543,-531.0,1.6437811850836397,183.0,-531.0,-0.6922476797521275,-0.7277559343489652,0.2008306969711634,-81.5183340611378,207.52918151389127,TRACK
68.4,181.0419633071109,-529.326664335297,0.029048433679748742,0.9044258472993864,0.49409267058629197,0.6283260978834635,0.7993254984100994,181.0419633071109,-531.0,1.6733356647030178,183.0,-531.0,-0.7071578108443801,-0.7362062445241289,0.20067450158990063,-89.62694710954193,215.48778041052915,TRACK
68.452,181.0689782842187,-529.2950096354414,0.0015116168907347571,0.8903771064074711,0.5029918125682096,0.621472443421642,0.7995178305973663,181.0689782842187,-531.0,1.7049903645586255,183.0,-531.0,-0.7233134238957697,-0.7248250407865044,0.20048216940263375,-89.62694710954193,215.48778041052915,TRACK
68.496,181.09432774521957,-529.2661224332345,-0.010654681463265094,0.8764194862069972,0.5117844979673509,0.6145929376491855,0.7997798768210845,181.09432774521957,-531.0,1.7338775667655,183.0,-531.0,-0.7382309922056198,-0.7275763107423547,0.20022012317891547,-84.82684372723953,210.66525454027845,TRACK
68.548,181.1222320016977,-529.2352097524088,-0.025265034079820836,0.8624371390379003,0.5204770345892966,0.607551530414398,0.8000095034708932,181.1222320016977,-531.0,1.764790247591236,183.0,-531.0,-0.7543920583551064,-0.7291270242752855,0.19999049652910683,-84.82684372723953,210.66525454027845,TRACK
68.6,181.14839318088207,-529.2070405018151,-0.05042407354822864,0.8483942092668033,0.529068670702357,0.6003092803484137,0.8001780366838304,181.14839318088207,-531.0,1.7929594981849277,183.0,-531.0,-0.7693078375523436,-0.7188837640041149,0.19982196331616964,-88.19445421631099,213.689707703267,TRACK
68.652,181.1771648708595,-529.1769238246079,-0.06503211908729889,0.8343295910818044,0.5375502415739362,0.5929094365054113,0.800313602354328,181.1771648708595,-531.0,1.8230761753920888,183.0,-531.0,-0.7854642775267063,-0.7204321584394074,0.19968639764567198,-88.19445421631099,213.689707703267,TRACK
68.7,181.2041154920673,-529.149491998499,-0.07152817130880118,0.820291583155294,0.5459226033298428,0.5854148657726398,0.8004636493270826,181.2041154920673,-531.0,1.850508001500998,183.0,-531.0,-0.8003771893943997,-0.7288490180855985,0.19953635067291742,-82.30829804080977,207.73124098242883,TRACK
68.752,181.233729947483,-529.1201965370161,-0.08614652051649975,0.8061773479686816,0.5541777574623854,0.5777006535024563,0.8005317182493168,181.233729947483,-531.0,1.8798034629838867,183.0,-531.0,-0.8165266464046324,-0.7303801258881326,0.1994682817506832,-82.30829804080977,207.73124098242883,TRACK
68.8,181.26144529044893,-529.0935647301477,-0.11373674507574272,0.7919255296836488,0.5623065848104754,0.5696956831920686,0.8004635324416086,181.26144529044893,-531.0,1.9064352698522953,183.0,-531.0,-0.8314235303028168,-0.7176867852270741,0.19953646755839138,-90.37233036379733,215.7188007040749,TRACK
68.848,181.29187656503012,-529.0651423532769,-0.10718660025236582,0.777695985240055,0.5703251667309452,0.5616066537822731,0.8004204078977513,181.29187656503012,-531.0,1.9348576467231169,183.0,-531.0,-0.8475566326039358,-0.74037003235157,0.19957959210224874,-90.37233036379733,215.7188007040749,TRACK
68.9,181.32033808461168,-529.039300171346,-0.1348173013192453,0.7635178270624957,0.5782432719906099,0.5534769015379337,0.8004386061019534,181.32033808461168,-531.0,1.9606998286540147,183.0,-531.0,-0.8624458854371515,-0.7276285841179062,0.1995613938980466,-92.1293038932551,217.7039910080614,TRACK
68.948,181.35156951889442,-529.0117371928162,-0.1470292454610942,0.7493597852614435,0.5860697036970173,0.5452800337962287,0.8005048487350505,181.35156951889442,-531.0,1.9882628071837871,183.0,-531.0,-0.8785730081262151,-0.7315437626651209,0.19949515126494954,-92.1293038932551,217.7039910080614,TRACK
69.0,181.38076262718474,-528.986697582651,-0.17230645620366514,0.7352121892424324,0.5938117220199315,0.5370125127555212,0.8006215086195694,181.38076262718474,-531.0,2.0133024173489957,183.0,-531.0,-0.8934575547400663,-0.7211510985364011,0.19937849138043062,-84.32745071602032,209.7564560763525,TRACK
69.052,181.41277280163223,-528.9600413268031,-0.1870120038474077,0.7209199248399291,0.601430716555666,0.5284752399596965,0.8006278699040652,181.41277280163223,-531.0,2.0399586731969066,183.0,-531.0,-0.9095721591883684,-0.7225601553409607,0.1993721300959348,-84.32745071602032,209.7564560763525,TRACK
69.1,181.44266709839218,-528.9358874901937,-0.19354768336034445,0.7064527610817769,0.6089092129691985,0.5196306312503125,0.8004913632091023,181.44266709839218,-531.0,2.0641125098062503,183.0,-531.0,-0.9244337783364432,-0.7308860949760988,0.1995086367908977,-82.6488454571151,207.99058882505216,TRACK
69.152,181.475419855276,-528.9102221482505,-0.20820606716281032,0.6918315985832736,0.6162422366863594,0.5105074041617822,0.8002326561570755,181.475419855276,-531.0,2.0897778517495453,183.0,-531.0,-0.9405175924788474,-0.732311525316037,0.1997673438429245,-82.6488454571151,207.99058882505216,TRACK
69.2,181.50598385188806,-528.8870071435092,-0.21467665113012524,0.6770546497937477,0.6234199291424956,0.5011058889434045,0.79984968586966,181.50598385188806,-531.0,2.1129928564907914,183.0,-531.0,-0.9553467275000499,-0.7406700763699247,0.20015031413034,-90.42853917162131,216.25044466865847,TRACK
69.252,181.53945177847237,-528.8623616090013,-0.2292930414777772,0.6622504590596617,0.6304878444139576,0.49160223315523444,0.7994921372952783,181.53945177847237,-531.0,2.1376383909987453,183.0,-531.0,-0.9713984858174548,-0.7421054443396776,0.20050786270472165,-90.42853917162131,216.25044466865847,TRACK
69.3,181.57067311045364,-528.840073286635,-0.254543680984161,0.6474609620880173,0.6374726445658337,0.48206046880522185,0.7992206629926857,181.57067311045364,-531.0,2.159926713365053,183.0,-531.0,-0.9862067831463509,-0.7316631021621899,0.20077933700731432,-91.97210097766477,218.37658027207146,TRACK
69.352,181.60484762864107,-528.8164339153952,-0.2692228738136678,0.6326545515523874,0.6443780144600617,0.47245045729834667,0.7990196869420104,181.60484762864107,-531.0,2.183566084604763,183.0,-531.0,-1.0022404735483028,-0.7330175997346351,0.20098031305798958,-91.97210097766477,218.37658027207146,TRACK
69.4,181.63671456824142,-528.7950843564785,-0.2945554040272471,0.6178227318765286,0.6512088106515731,0.46276666434535146,0.7988904184552219,181.63671456824142,-531.0,2.204915643521531,183.0,-531.0,-1.0170340673499854,-0.7224786633227382,0.2011095815447781,-83.96496177688579,210.49361595924307,TRACK
69.452,181.67157150907454,-528.7724986833649,-0.30357098543780325,0.6028147914017984,0.657899751761884,0.4528172854734191,0.7986711321888782,181.67157150907454,-531.0,2.2275013166350845,183.0,-531.0,-1.0330457384088183,-0.729474752971015,0.2013288678111218,-83.96496177688579,210.49361595924307,TRACK
69.5,181.70404577717719,-528.7521691766104,-0.31582302459077805,0.5876027003479357,0.6644263768936791,0.4425672223091236,0.7983283513532978,181.70404577717719,-531.0,2.247830823389563,183.0,-531.0,-1.047808858656818,-0.7319858340660399,0.20167164864670217,-85.07886666638885,211.73657154568647,TRACK
69.552,181.7395428362799,-528.7307126879462,-0.3435830617880029,0.5722430705512714,0.670799658172176,0.4320873682028282,0.7979170853944378,181.7395428362799,-531.0,2.269287312053848,183.0,-531.0,-1.0637847077552567,-0.7202016459672538,0.20208291460556216,-85.07886666638885,211.73657154568647,TRACK
69.6,181.77259389185252,-528.7114381661062,-0.33700754819572804,0.5567538283153469,0.6770170580290541,0.42140017774835914,0.7974523225050287,181.77259389185252,-531.0,2.288561833893823,183.0,-531.0,-1.078515055663658,-0.74150750746793,0.20254767749497127,-81.14622991982972,208.42445687363735,TRACK
69.652,181.80869905065578,-528.6911468630202,-0.3647282001005563,0.5411084048768666,0.6830765796638217,0.410486193999669,0.7969269283626694,181.80869905065578,-531.0,2.308853136979792,183.0,-531.0,-1.094453811929425,-0.7297256118288686,0.20307307163733057,-81.14622991982972,208.42445687363735,TRACK
69.696,181.8422936309295,-528.6729760951122,-0.3769128275577107,0.5252733948809358,0.6889602579440787,0.3993112087625121,0.7963138065296557,181.8422936309295,-531.0,2.327023904887824,183.0,-531.0,-1.1091465915755443,-0.7322337640178336,0.20368619347034433,-88.81198511270611,216.7548442363389,TRACK
69.752,181.87897728807636,-528.6538864760811,-0.39152790317364805,0.5093802551473323,0.6947333984598094,0.38804010609723416,0.7957572612772497,181.87897728807636,-531.0,2.346113523918916,183.0,-531.0,-1.125048685859139,-0.733520782685491,0.20424273872275034,-88.81198511270611,216.7548442363389,TRACK
69.8,181.9131064867002,-528.6368072257733,-0.4168040503199128,0.49350377671634166,0.7004354489643999,0.37676226912425287,0.79533617144049,181.9131064867002,-531.0,2.363192774226718,183.0,-531.0,-1.1397187641494275,-0.7229147138295147,0.20466382855951004,-87.2521973480017,215.92980416372575,TRACK
69.852,181.9503604738171,-528.6189072228798,-0.42571561854743,0.47755520902438,0.706031032036815,0.3653762636369848,0.7949714662981896,181.9503604738171,-531.0,2.381092777120216,183.0,-531.0,-1.1556004795417754,-0.7298848609943454,0.2050285337018104,-87.2521973480017,215.92980416372575,TRACK
69.9,181.98500209135537,-528.6029470995462,-0.4379443983485119,0.4615234886681163,0.7115152987070353,0.3538704706713218,0.7946561082048665,181.98500209135537,-531.0,2.3970529004537866,183.0,-531.0,-1.1702513532489047,-0.7323069549003929,0.20534389179513346,-83.99534784247334,212.91090198065325,TRACK
69.952,182.02279314725538,-528.5862814372393,-0.45262204458462696,0.44536537127011144,0.7168478204097148,0.342188533001897,0.7943322917672107,182.02279314725538,-531.0,2.413718562760664,183.0,-531.0,-1.1861113309912614,-0.7334892864066345,0.20566770823278935,-83.99534784247334,212.91090198065325,TRACK
70.0,182.05790802661173,-528.5714875810179,-0.45908410850261294,0.429051349825411,0.721997078572969,0.33029441473259813,0.7939610707531267,182.05790802661173,-531.0,2.428512418982109,183.0,-531.0,-1.2007385339020573,-0.7416544253994444,0.20603892924687328,-86.92543010984599,216.1184720425902,TRACK
70.052,182.09619548423186,-528.5560964997233,-0.4737480546881865,0.41266642778691365,0.7270021427463409,0.3182851859823917,0.7936230687005115,182.09619548423186,-531.0,2.443903500276747,183.0,-531.0,-1.216574697835337,-0.7428266431471504,0.20637693129948853,-86.92543010984599,216.1184720425902,TRACK
70.1,182.13175785789332,-528.5424801811962,-0.4990821672654269,0.3962213745170003,0.7318603674000244,0.3061710268150312,0.7933223147194772,182.13175785789332,-531.0,2.457519818803803,183.0,-531.0,-1.231184530226835,-0.7321023629614081,0.20667768528052277,-90.34771054793381,219.96660176919093,TRACK
70.152,182.17051782828048,-528.5283686885997,-0.5137817516000576,0.3797511660056411,0.7365936548774155,0.2939923675984977,0.793096289621783,182.17051782828048,-531.0,2.4716313114003015,183.0,-531.0,-1.2470061783494815,-0.7332244267494239,0.20690371037821698,-90.34771054793381,219.96660176919093,TRACK
70.2,182.20650841233615,-528.5159317182176,-0.5391836642250545,0.36328698329321185,0.7412172177428877,0.2817812813081698,0.7929714082955207,182.20650841233615,-531.0,2.4840682817823563,183.0,-531.0,-1.2616084552269018,-0.7224247910018473,0.2070285917044793,-82.18914577970536,212.0055082221349,TRACK
70.252,182.2457061551848,-528.503123042297,-0.5481698100461654,0.3466784198038919,0.7456221530141643,0.2693700746236584,0.7927878859873133,182.2457061551848,-531.0,2.496876957702966,183.0,-531.0,-1.2774186972381145,-0.7292488871919491,0.2072121140126867,-82.18914577970536,212.0055082221349,TRACK
70.3,182.28206577697782,-528.4919261517357,-0.5604334171696217,0.32990139518555583,0.7497766417000048,0.25673454218178804,0.7925134936316414,182.28206577697782,-531.0,2.508073848264303,183.0,-531.0,-1.292002160982384,-0.7315687438127623,0.20748650636835864,-83.28466121582413,213.16009335990765,TRACK
70.352,182.32163813866615,-528.4804752559866,-0.5751334656913385,0.3130265237995517,0.7537072515456432,0.24395078919117816,0.792203640852203,182.32163813866615,-531.0,2.519524744013438,183.0,-531.0,-1.3077911307445214,-0.7326576650531829,0.20779635914779704,-83.28466121582413,213.16009335990765,TRACK
70.4,182.3583252689735,-528.4705350208699,-0.5815916105524241,0.29608083548675396,0.7574200386623628,0.23104889403344123,0.791876698988783,182.3583252689735,-531.0,2.5294649791301254,183.0,-531.0,-1.3223571240103398,-0.7407655134579156,0.208123301011217,-86.13413370872547,216.47092420256917,TRACK
70.452,182.39823859520124,-528.4604429078819,-0.5962716059904691,0.279136968641279,0.760970413201951,0.21810946469476114,0.7916108313800306,182.39823859520124,-531.0,2.539557092118116,183.0,-531.0,-1.3381322454882678,-0.7418606394977987,0.20838916861996937,-86.13413370872547,216.47092420256917,TRACK
70.5,182.43523039864522,-528.4517528863736,-0.6240939439790361,0.2621967038115943,0.7643626686936268,0.20513589221628392,0.7914107805481385,182.43523039864522,-531.0,2.5482471136264166,183.0,-531.0,-1.3526912085108036,-0.7285972645317675,0.20858921945186149,-89.59934536265393,220.26675224416715,TRACK
70.552,182.47546073955436,-528.4430136300781,-0.6305728506690702,0.2452925554602393,0.7676168753854682,0.19216024731403145,0.791303499312583,182.47546073955436,-531.0,2.5569863699219013,183.0,-531.0,-1.368463726405788,-0.7378908757367177,0.20869650068741696,-89.59934536265393,220.26675224416715,TRACK
70.6,182.51273773448094,-528.4355648357113,-0.6617875899641672,0.22846121373710976,0.7707623903402095,0.1792182863456566,0.7913241159750076,182.51273773448094,-531.0,2.5644351642887386,183.0,-531.0,-1.3830270094895531,-0.721239419525386,0.20867588402499238,-84.48495189580139,215.17683152300162,TRACK
70.652,182.55325390597852,-528.4281806860146,-0.6765478317076856,0.21158747777791428,0.773700554185623,0.16619289369854978,0.7913486118412274,182.55325390597852,-531.0,2.5718193139854293,183.0,-531.0,-1.3988043525445204,-0.7222565208368348,0.2086513881587726,-84.48495189580139,215.17683152300162,TRACK
70.7,182.59076299123618,-528.4220029543857,-0.685517368835435,0.19465651260471187,0.7764091068910339,0.1530713406980842,0.7913544949050596,182.59076299123618,-531.0,2.5779970456143246,183.0,-531.0,-1.4133676761515286,-0.7278503073160936,0.2086455050949404,-77.81564863614129,208.30408039622984,TRACK
70.752,182.63149488467877,-528.4160147569513,-0.7109352460080549,0.1776121165045193,0.7788228945736166,0.13980154649273904,0.791270859765345,182.63149488467877,-531.0,2.583985243048687,183.0,-531.0,-1.4291403503682722,-0.7182051043602173,0.20872914023465505,-77.81564863614129,208.30408039622984,TRACK
70.8,182.66916414741567,-528.4111466154,-0.7256052163732174,0.1604312823806954,0.7809065889293896,0.12636787069891375,0.7910650664631274,182.66916414741567,-531.0,2.5888533846000428,183.0,-531.0,-1.4436928189467988,-0.7180876025735814,0.20893493353687265,-80.84738269169924,211.44087596752195,TRACK
70.852,182.71004640236814,-528.4065767482414,-0.7319806926190826,0.14324295449654084,0.7827583065225776,0.11289783721396074,0.7908580707545972,182.71004640236814,-531.0,2.5934232517586224,183.0,-531.0,-1.459455288323065,-0.7274745957039823,0.20914192924540276,-80.84738269169924,211.44087596752195,TRACK
70.9,182.74784462764336,-528.4030048473246,-0.7441601521313399,0.12608444463711643,0.7844049585381783,0.0994287050405057,0.7906814822451029,182.74784462764336,-531.0,2.5969951526753903,183.0,-531.0,-1.4740046826712079,-0.729844530539868,0.20931851775489707,-86.78538642858726,217.77587059769635,TRACK
70.952,182.78885961253644,-528.3998234853707,-0.7587737634428788,0.10904387183654954,0.7859256213686729,0.08604167142772122,0.7906214337758689,182.78885961253644,-531.0,2.600176514629311,183.0,-531.0,-1.489771773302981,-0.7309980098601021,0.2093785662241311,-86.78538642858726,217.77587059769635,TRACK
71.0,182.82678188841044,-528.397512223943,-0.7675811157047612,0.09217263907196044,0.7873682488041785,0.07278003433858725,0.7907247894326349,182.82678188841044,-531.0,2.602487776057046,183.0,-531.0,-1.504335687749964,-0.7367545720452029,0.2092752105673651,-85.5162411504931,216.5476941859299,TRACK
71.052,182.86791708214858,-528.3956890895101,-0.7987765602651322,0.07540018219893047,0.7886608580371014,0.059578119464003404,0.79090802329897,182.86791708214858,-531.0,2.6043109104898576,183.0,-531.0,-1.520122713623059,-0.7213461533579268,0.20909197670102997,-85.5162411504931,216.5476941859299,TRACK
71.1,182.9059277800536,-528.3946327520205,-0.8051718514948667,0.058717906388457496,0.7897908966148731,0.04642823851379538,0.7911543728674064,182.9059277800536,-531.0,2.6053672479795296,183.0,-531.0,-1.5347049194750633,-0.7295330679801966,0.20884562713259358,-79.56836082647806,210.1769076155074,TRACK
71.152,182.94712665736506,-528.3941739816948,-0.8198316191226129,0.042048979757301534,0.7906642185499299,0.033266232225653315,0.7913637271834376,182.94712665736506,-531.0,2.6058260183051516,183.0,-531.0,-1.5505086759541598,-0.7306770568315468,0.20863627281656238,-79.56836082647806,210.1769076155074,TRACK
71.2,182.9851559288876,-528.3943878806618,-0.8261778248178255,0.025351806859162645,0.7912285135759087,0.020063370979037837,0.7914828485511133,182.9851559288876,-531.0,2.6056121193381614,183.0,-531.0,-1.5650994272389565,-0.7389216024211309,0.20851715144888672,-87.76031978724073,218.0323451167406,TRACK
71.252,183.02636034063403,-528.3952894588215,-0.8539579070069689,0.008807958430428411,0.7916359205792298,0.006972876600323423,0.7916666291813796,183.0,-531.0,2.604843924477019,183.0,-531.0,-1.580916238521761,-0.726958331514792,0.20833337081862036,-87.76031978724073,218.0323451167406,TRACK
71.3,183.06439894405077,-528.3967294408251,-0.8661663087521676,-0.007535261788243299,0.7919281649568648,-0.0059674989860633715,0.7919506483967899,183.0,-531.0,2.6040669784515402,183.0,-531.0,-1.595528989423786,-0.7293626806716185,0.20804935160321014,-82.79025584432163,212.97300692944464,TRACK
71.352,183.10559108702193,-528.3989526717165,-0.8749761754602989,-0.02378684516817695,0.7920081156817222,-0.01884292841797549,0.7922322331596192,183.0,-531.0,2.603189712953909,183.0,-531.0,-1.6113696521438416,-0.7363934766835427,0.20776776684038079,-82.79025584432163,212.97300692944464,TRACK
71.4,183.14358541891377,-528.4016170184074,-0.9062054012822314,-0.03998062919249195,0.7918472785710935,-0.031675431425691264,0.79248056476891,183.0,-531.0,2.6023471888959935,183.0,-531.0,-1.6259997111949378,-0.7197943099127064,0.20751943523108995,-89.124431036132,218.8627427548769,TRACK
71.452,183.18471263094784,-528.4051530629259,-0.9208610801673891,-0.056022545385817295,0.7915185043774896,-0.04438933007091593,0.7927622313128463,183.0,-531.0,2.6014129589271944,183.0,-531.0,-1.6418608587028103,-0.7209997785354212,0.2072377686871537,-89.124431036132,218.8627427548769,TRACK
71.5,183.22264628021625,-528.4090041758733,-0.9272531679945808,-0.07184561763532636,0.79108655376085,-0.056934096453920835,0.7931326666329175,183.0,-531.0,2.6005443135497943,183.0,-531.0,-1.6565165272571136,-0.7292633592625328,0.20686733336708252,-78.17363242938085,207.63828381323378,TRACK
71.552,183.26367574702584,-528.4138235720908,-0.9419378652441601,-0.08763978529543293,0.7903661327013731,-0.06944540646667333,0.7934111722181924,183.0,-531.0,2.5995833158109916,183.0,-531.0,-1.672401060710874,-0.7304631954667138,0.20658882778180765,-78.17363242938085,207.63828381323378,TRACK
71.6,183.30146255461221,-528.4188762112047,-0.9697567811496968,-0.10349951712395755,0.789266791573257,-0.08198167440927337,0.7935131147115914,183.0,-531.0,2.5986688294044096,183.0,-531.0,-1.6870646389267863,-0.7173078577770895,0.20648688528840864,-88.37687559563,217.42407682945816,TRACK
71.652,183.34231797740267,-528.4249797959284,-0.9628885852927094,-0.11918933743608816,0.7880118371506601,-0.09436990862124177,0.7936424479214428,183.0,-531.0,2.5976740844513397,183.0,-531.0,-1.7029593887271464,-0.740070803434437,0.20635755207855722,-88.37687559563,217.42407682945816,TRACK
71.696,183.37995937496743,-528.4311815923422,-0.9882848057351761,-0.1346388595203587,0.7866762180575917,-0.1065618727881113,0.7938607590689347,183.0,-531.0,2.5967666699468888,183.0,-531.0,-1.7176437145862127,-0.7293589088510366,0.20613924093106528,-90.168571839473,217.42407682945816,TRACK
71.752,183.42065432524586,-528.4385088075732,-0.9971012832863146,-0.14988097842071246,0.785247860919253,-0.11858301213584711,0.7941512033898035,183.0,-531.0,2.5958018395533085,183.0,-531.0,-1.733565896027177,-0.7364646127408623,0.2058487966101965,-90.168571839473,219.30015352247867,TRACK
71.8,183.45813796017055,-528.44582750737,-1.0284353948435832,-0.16492884356462062,0.7837292809233207,-0.13044447724057243,0.7945107597881551,183.0,-531.0,2.594934972722201,183.0,-531.0,-1.7482774674587869,-0.7198420726152037,0.2054892402118449,-85.33072185383584,214.04166362229972,TRACK
71.852,183.49863342242472,-528.4543598617747,-1.043168465895294,-0.1799008892316417,0.7819896439262735,-0.14221821869939438,0.794816849933347,183.0,-531.0,2.594015999045228,183.0,-531.0,-1.7642247430053064,-0.7210562771100124,0.205183150066653,-85.33072185383584,214.04166362229972,TRACK
71.9,183.53589665996563,-528.4627901914904,-1.0520357926791717,-0.19482043932821708,0.7800043756212214,-0.1539129963314327,0.7950446757434271,183.0,-531.0,2.5931870049342076,183.0,-531.0,-1.7789518764218568,-0.7269160837426851,0.20495532425657292,-78.77907971292922,207.04414457127137,TRACK
71.952,183.57611615110426,-528.472523040526,-1.0642888816294924,-0.20974144307873369,0.7777109575869119,-0.1655530084317917,0.79513654937474,183.0,-531.0,2.592305846198567,183.0,-531.0,-1.7949084836331293,-0.7306196020036368,0.20486345062526,-78.77907971292922,207.04414457127137,TRACK
72.0,183.61308183663445,-528.4820609608554,-1.0706222566400299,-0.22471323739282023,0.77505357942246,-0.17715679121602684,0.7950425017881286,183.0,-531.0,2.5915027191302618,183.0,-531.0,-1.809634431872588,-0.7390121752325582,0.20495749821187137,-88.83043728177282,217.0948684796442,TRACK
72.052,183.65297150724598,-528.4929726791086,-1.0852599261453628,-0.23952111843790017,0.7722729942021667,-0.18859617176366122,0.7949679827375994,183.0,-531.0,2.5906674385129387,183.0,-531.0,-1.8255919121644253,-0.7403319860190625,0.2050320172624006,-88.83043728177282,217.0948684796442,TRACK
72.1,183.68965314029407,-528.5035674895363,-1.1107001604998108,-0.2541062381220858,0.7694476872071346,-0.1998413376819539,0.7949756622657836,183.0,-531.0,2.589941453627396,183.0,-531.0,-1.8403293645196754,-0.7296292040198646,0.20502433773421636,-90.5153001827163,219.1199612005159,TRACK
72.152,183.72923540970464,-528.515605010801,-1.125395372270853,-0.26850521168413616,0.7665601177173074,-0.21091864723634995,0.7950478537967284,183.0,-531.0,2.589208903337907,183.0,-531.0,-1.856303468313703,-0.73090809604285,0.20495214620327162,-90.5153001827163,219.1199612005159,TRACK
72.2,183.76562565004525,-528.5272271257197,-1.1509114153539501,-0.2827344238899516,0.7636095789998446,-0.22184170865274655,0.7951813207302407,183.0,-531.0,2.588588094653836,183.0,-531.0,-1.8710573840383988,-0.7201459686844487,0.20481867926975927,-82.50838970978624,210.94318268406323,TRACK
72.252,183.80485834676207,-528.5403742796182,-1.1656539359825944,-0.2969538847897326,0.7604124542516307,-0.23268756955613418,0.7952173323104378,183.0,-531.0,2.587963609233416,183.0,-531.0,-1.8870420325818953,-0.7213880965993009,0.20478266768956221,-82.50838970978624,210.94318268406323,TRACK
72.3,183.84087995671624,-528.5530215938526,-1.1720316105870556,-0.3112010909640289,0.756925667845979,-0.2434669198374184,0.7951179835088634,183.0,-531.0,2.5874277616503387,183.0,-531.0,-1.9017941332649706,-0.729762522677915,0.20488201649113658,-80.77606578421536,209.07216666800326,TRACK
72.352,183.8796821927219,-528.5672707912279,-1.186718491665598,-0.3254559080488441,0.7531705802918303,-0.25416155715118177,0.794898748363995,183.0,-531.0,2.5868923756903803,183.0,-531.0,-1.9177702728234987,-0.7310517811579007,0.205101251636005,-80.77606578421536,209.07216666800326,TRACK
72.396,183.91528339127123,-528.5809244424074,-1.1930229142124933,-0.3397150715644779,0.7491529499452085,-0.2647628853323988,0.794562475744447,183.0,-531.0,2.58643968413702,183.0,-531.0,-1.9325102014960185,-0.7394872872835252,0.20543752425555295,-88.71684937395852,217.435644806927,TRACK
72.452,183.95363150303984,-528.5962442240462,-1.207665042479861,-0.3538331633269252,0.7450617082147032,-0.2752097903427664,0.7942653069021213,183.0,-531.0,2.5860113831963445,183.0,-531.0,-1.9484767801973943,-0.7408117377175334,0.20573469309787873,-88.71684937395852,217.435644806927,TRACK
72.496,183.98882977621463,-528.610865211167,-1.2331337167148368,-0.36778411246125997,0.7409441855723569,-0.28549772814524277,0.7940448595070546,183.0,-531.0,2.5856816056004646,183.0,-531.0,-1.963215903855898,-0.7300821871410612,0.2059551404929454,-90.30907838259425,219.53608255758064,TRACK
72.552,184.02674003405164,-528.6272192917419,-1.247834448070038,-0.3816028168171819,0.7367789176018895,-0.29564906562506466,0.793883834970574,183.0,-531.0,2.5853981099641636,183.0,-531.0,-1.9791842499104308,-0.7313498018403928,0.20611616502942598,-90.30907838259425,219.53608255758064,TRACK
72.6,184.06152714308172,-528.6427856051963,-1.273379596781247,-0.3953050816622424,0.7325622997856058,-0.3056762615948616,0.7937792514104826,183.0,-531.0,2.585207840497349,183.0,-531.0,-1.9939256294692291,-0.7205460326879822,0.20622074858951744,-82.14066522358465,211.44992967510044,TRACK
72.652,184.09896057181447,-528.6601595300472,-1.2822303157928294,-0.40903528263474404,0.7281212651772263,-0.31562944884049826,0.7935883856122401,183.0,-531.0,2.585066297647294,183.0,-531.0,-2.0098895828276286,-0.7276592670347992,0.2064116143877599,-82.14066522358465,211.44992967510044,TRACK
72.7,184.13326097091112,-528.6766667121266,-1.2944979719177834,-0.42285433593488764,0.7233858991116,-0.3255240110753379,0.7932547137080717,183.0,-531.0,2.5849870395673475,183.0,-531.0,-2.0246151764955096,-0.7301172045777262,0.20674528629192834,-83.3071390962056,212.73541959878094,TRACK
72.752,184.17014049342797,-528.6950511737472,-1.3092017660084379,-0.4367021313829612,0.7184283898243918,-0.3353321757991718,0.7928347995842986,183.0,-531.0,2.5849599350868324,183.0,-531.0,-2.0405566498720944,-0.7313548838636565,0.2071652004157014,-83.3071390962056,212.73541959878094,TRACK
72.8,184.2039188514291,-528.7124789358247,-1.315523176601618,-0.4505572124941678,0.7132789804775149,-0.3450433460848935,0.7923520774684084,183.0,-531.0,2.5849899844819495,183.0,-531.0,-2.0552606984214354,-0.7397375218198174,0.2076479225315916,-86.11774929225771,216.19297849020342,TRACK
72.856,184.2402287922359,-528.7318484142277,-1.3434757381587774,-0.46436718799515403,0.7080251696638308,-0.35464966420579125,0.7918813201476449,183.0,-531.0,2.585087826966906,183.0,-531.0,-2.0711805942808215,-0.727704856122044,0.2081186798523551,-86.11774929225771,216.19297849020342,TRACK
72.896,184.27347953673987,-528.7501757150762,-1.3557236898214349,-0.47814109558260554,0.7026697056228529,-0.36415885042123775,0.7914268023893455,183.0,-531.0,2.5852387594819763,183.0,-531.0,-2.0858671551804786,-0.7301434653590437,0.20857319761065451,-82.69251482814747,213.3938346032071,TRACK
72.952,184.30919730724244,-528.7705138846271,-1.3644907705747813,-0.4919486091760072,0.6971433793452773,-0.3735947785970713,0.7909373868770826,183.0,-531.0,2.5854604866312134,183.0,-531.0,-2.1017652562054723,-0.737274485630691,0.2090626131229174,-82.69251482814747,213.3938346032071,TRACK
73.0,184.3418772313734,-528.7897310430718,-1.3959319052922892,-0.5058062419477024,0.691434310029235,-0.38296171974728627,0.7904056451452023,183.0,-531.0,2.5857152523119664,183.0,-531.0,-2.1164276528387305,-0.7204957475464413,0.20959435485479772,-88.59392071503565,219.80993328456174,TRACK
73.048,184.37697056938313,-528.811024275392,-1.4106223846288186,-0.5196430662867928,0.6856374611999446,-0.3922449507601674,0.7899081146548323,183.0,-531.0,2.58605156017245,183.0,-531.0,-2.1323011930002265,-0.7216788083714079,0.21009188534516765,-88.59392071503565,219.80993328456174,TRACK
73.1,184.4090840084616,-528.831112886938,-1.4169609188790107,-0.5334072197971695,0.67982484306055,-0.4014386771832179,0.7895028997925931,183.0,-531.0,2.5864239892385936,183.0,-531.0,-2.1469470216870112,-0.7299861028080006,0.21049710020740686,-77.05239672598348,208.8781593774263,TRACK
73.152,184.4435366515828,-528.853352921846,-1.4316802018569614,-0.5473316126882332,0.6737789382281663,-0.41062768281913264,0.7890457220575278,183.0,-531.0,2.586869100401139,183.0,-531.0,-2.1627997388746594,-0.7311195370176979,0.21095427794247223,-77.05239672598348,208.8781593774263,TRACK
73.2,184.47499778587758,-528.8743171284254,-1.437959994978728,-0.5614730192329919,0.6673604140810179,-0.41977200014122906,0.7884024697988684,183.0,-531.0,2.5873048020767087,183.0,-531.0,-2.1774122829818063,-0.7394522880030783,0.2115975302011316,-86.9070576491823,219.12289761013932,TRACK
73.248,184.50873250592284,-528.897492071681,-1.452608064957246,-0.5756172509025775,0.6608448848419429,-0.42883699508093975,0.7877925679846255,183.0,-531.0,2.5878201952748903,183.0,-531.0,-2.193228434710127,-0.740620369752881,0.2122074320153745,-86.9070576491823,219.12289761013932,TRACK
73.296,184.53955844891607,-528.9193081584942,-1.4781230411793307,-0.5896991000967148,0.6543216761395714,-0.43781967981595876,0.7872883384759657,183.0,-531.0,2.588342859232044,183.0,-531.0,-2.2078189804611816,-0.729695939281851,0.2127116615240343,-88.24935578084379,221.35295569543294,TRACK
73.352,184.57260885984607,-528.9434010029123,-1.4868847057011965,-0.6037624392978029,0.647763778442631,-0.44674616777126275,0.7868799470570992,183.0,-531.0,2.588956944579892,183.0,-531.0,-2.223617033948579,-0.7367323282473826,0.21312005294290082,-88.24935578084379,221.35295569543294,TRACK
73.4,184.60279621193774,-528.9660630254707,-1.5184126348564444,-0.6178241766910259,0.6411625649894833,-0.45562892353959605,0.7865666854817489,183.0,-531.0,2.589566626553441,183.0,-531.0,-2.238193586116099,-0.7197809512596547,0.2134333145182511,-82.92592756068305,216.35924256650569,TRACK
73.452,184.63512683784242,-528.9910701159406,-1.5331669045283016,-0.6320044918027392,0.6343656492939087,-0.4644757553866182,0.7862299309655236,183.0,-531.0,2.5902584919076053,183.0,-531.0,-2.253973205794619,-0.7208063012663173,0.21377006903447637,-82.92592756068305,216.35924256650569,TRACK
73.5,184.66461306236937,-529.0145726086829,-1.5395141485441366,-0.64632664561886,0.627341392550032,-0.473281583913867,0.7858452013460615,183.0,-531.0,2.5909184806942434,183.0,-531.0,-2.2685264168374824,-0.7290122682933458,0.2141547986539385,-75.86463334986806,209.5226225085129,TRACK
73.552,184.6961444967229,-529.040484635067,-1.5675384360010844,-0.6608587997520947,0.6200027133062187,-0.48204089943662626,0.7853450154147188,183.0,-531.0,2.5916416841785983,183.0,-531.0,-2.284274064867296,-0.7167356288662114,0.2146549845852812,-75.86463334986806,209.5226225085129,TRACK
73.596,184.72485013811905,-529.0648161063673,-1.560492503781465,-0.6756291592376951,0.6123137321627479,-0.4907435628655195,0.7847020779181214,183.0,-531.0,2.592304901269288,183.0,-531.0,-2.298789923346092,-0.7382974195646268,0.2152979220818786,-78.73252296155603,212.99660688375917,TRACK
73.652,184.7555187194953,-529.0916176193105,-1.5884077938005279,-0.6905141059456601,0.6044270697844412,-0.49937811451848957,0.7840348104186748,183.0,-531.0,2.5930231941548,183.0,-531.0,-2.3144971153076117,-0.7260893215070838,0.21596518958132516,-78.73252296155603,212.99660688375917,TRACK
73.7,184.78342982975065,-529.1167655591648,-1.6030099658966324,-0.7054953383737369,0.5963961076383383,-0.5079661692085169,0.7834015230177537,183.0,-531.0,2.5936834650342666,183.0,-531.0,-2.3289817523198,-0.7259717864231676,0.21659847698224632,-84.45062182520404,219.65136464432788,TRACK
73.752,184.81324393138516,-529.1444515299296,-1.6091929647049847,-0.7205004424908542,0.5883293078895633,-0.5165258901330165,0.782898696958628,183.0,-531.0,2.594400447017715,183.0,-531.0,-2.344664084750984,-0.7354711200459991,0.21710130304137198,-84.45062182520404,219.65136464432788,TRACK
73.8,184.84038021678987,-529.1704168277745,-1.62381981497634,-0.7354912728349998,0.5802827978708738,-0.5250721253721187,0.7825783426262467,183.0,-531.0,2.5950672296575066,183.0,-531.0,-2.359136485048746,-0.7353166700724059,0.2174216573737533,-85.93553197639346,221.6733501545782,TRACK
73.852,184.86935438783175,-529.1989890115507,-1.6553185447971634,-0.7505125175436246,0.5722022775517799,-0.5336096569085238,0.782403164859062,183.0,-531.0,2.5957901316980556,183.0,-531.0,-2.37481266452213,-0.7194941197249667,0.21759683514093797,-85.93553197639346,221.6733501545782,TRACK
73.9,184.89570669446047,-529.2257726252409,-1.66157731903677,-0.7655673543147803,0.5640837162430915,-0.5421434601483386,0.7823745716165817,183.0,-531.0,2.5964565563026163,183.0,-531.0,-2.389283635287409,-0.7277063162506392,0.21762542838341825,-74.58984341631074,210.27575145182183,TRACK
73.952,184.92379271089501,-529.2552269195681,-1.6895698547343374,-0.7808321378056935,0.5556949107905356,-0.5506433070683356,0.7823074111227981,183.0,-531.0,2.597154499965771,183.0,-531.0,-2.4049540723497222,-0.7153842176153848,0.2176925888772019,-74.58984341631074,210.27575145182183,TRACK
74.0,184.9492639959069,-529.2828153154579,-1.7041928083614135,-0.7963864894011533,0.5469298118921999,-0.5590835362907183,0.7821167557901902,183.0,-531.0,2.597759297272328,183.0,-531.0,-2.419408275759462,-0.7152154673980486,0.21788324420980976,-77.83233067592329,213.36833344504294,TRACK
74.052,184.97637101928194,-529.3131333658391,-1.6970445724576744,-0.8120898259501739,0.5379554966003538,-0.5674680992316146,0.7819310455328365,183.0,-531.0,2.5983766946504874,183.0,-531.0,-2.4350602213535053,-0.7380156488958309,0.21806895446716346,-77.83233067592329,213.36833344504294,TRACK
74.1,185.00094099106704,-529.3415139576119,-1.7224866119952156,-0.8278929136002616,0.5288271170566174,-0.5757960795107191,0.7817923285082348,183.0,-531.0,2.598911464926877,183.0,-531.0,-2.4495043120313778,-0.7270177000361622,0.21820767149176523,-90.7244311612233,226.60979520957707,TRACK
74.148,185.02709374006594,-529.3726906300509,-1.7370746911321684,-0.8436220561219566,0.5197657443485815,-0.584110439251863,0.7818832612617048,183.0,-531.0,2.599470103028433,183.0,-531.0,-2.4651591694688006,-0.7280844783366323,0.21811673873829518,-90.7244311612233,226.60979520957707,TRACK
74.2,185.0508218576132,-529.4018702279486,-1.7626153133838545,-0.8592003071251139,0.5108652576086052,-0.5924396868512694,0.7822838960300389,183.0,-531.0,2.599978665293428,183.0,-531.0,-2.479624688652946,-0.7170093752690916,0.2177161039699611,-78.16022489324139,213.90536435419523,TRACK
74.252,185.07603712379225,-529.4339068566001,-1.777307133305562,-0.8748968635681929,0.5017805551892932,-0.6007169508380483,0.782716155825493,183.0,-531.0,2.600495697586883,183.0,-531.0,-2.4953027496249147,-0.7179956163193528,0.21728384417450697,-78.16022489324139,213.90536435419523,TRACK
74.3,185.0988351628138,-529.4638646193873,-1.7859704371102352,-0.8908036246435237,0.4923930620718516,-0.6089080383685104,0.7830836013902229,183.0,-531.0,2.6009269401952992,183.0,-531.0,-2.509777180578681,-0.7238067434684459,0.21691639860977707,-76.6847690203364,211.52516545499574,TRACK
74.352,185.1230066204783,-529.4967280766867,-1.7981645784894875,-0.9068618083126031,0.4827479938576985,-0.6169865721470928,0.7834015929160805,183.0,-531.0,2.6013426506357487,183.0,-531.0,-2.5254602274138604,-0.7272956489243729,0.21659840708391953,-76.6847690203364,211.52516545499574,TRACK
74.396,185.1448237601965,-529.5274339371974,-1.804312600349003,-0.9230425699871652,0.4728695064526681,-0.6249381714527392,0.7836793274493613,183.0,-531.0,2.6016763387518567,183.0,-531.0,-2.5399388637306526,-0.7356262633816495,0.2163206725506387,-84.98854432744604,219.5264147525897,TRACK
74.452,185.16794019493756,-529.5611002688814,-1.8189029991545385,-0.9391831235607893,0.4629565668745337,-0.6328101208558727,0.7840774399699808,183.0,-531.0,2.6019986789080005,183.0,-531.0,-2.555634597753206,-0.7367315985986675,0.2159225600300192,-84.98854432744604,219.5264147525897,TRACK
74.5,185.18880511285334,-529.5925464800704,-1.8444146109515176,-0.9552398972944195,0.4530617949377241,-0.6406218684757338,0.7846409168540299,183.0,-531.0,2.602266941114077,183.0,-531.0,-2.5701373436548884,-0.7257227327033708,0.21535908314597008,-86.97133662869263,221.1420882796613,TRACK
74.552,185.21089320022037,-529.6270099048013,-1.8590620722202884,-0.9712308853837778,0.44315998552600877,-0.6483695732749772,0.785349524937902,183.0,-531.0,2.602527722099114,183.0,-531.0,-2.5858666181957055,-0.7268045459754171,0.214650475062098,-86.97133662869263,221.1420882796613,TRACK
74.6,185.23080478501734,-529.659185743432,-1.8846477474996342,-0.9871623214258819,0.4332426297365321,-0.6560557126441584,0.7861986226864432,183.0,-531.0,2.602743333383514,183.0,-531.0,-2.600405061132132,-0.715757313632498,0.21380137731355675,-79.2119927132952,212.38042988535352,TRACK
74.652,185.25183048155154,-529.6944221727415,-1.8933261523452265,-1.003174103444839,0.423126820616582,-0.663604487417369,0.7870242830088321,183.0,-531.0,2.602935646663908,183.0,-531.0,-2.616169658139023,-0.7228435057937965,0.2129757169911679,-79.2119927132952,212.38042988535352,TRACK
74.7,185.2707204050655,-529.7272880220463,-1.9055437129628106,-1.0192984256822721,0.4127714590234508,-0.6709897346688711,0.7877864567351678,183.0,-531.0,2.6030687537611525,183.0,-531.0,-2.6307327634847257,-0.7251890505219152,0.21221354326483222,-81.0150825827251,213.0576766736507,TRACK
74.752,185.29062285650238,-529.7632532840938,-1.933535242292881,-1.0354552987373866,0.402260256113475,-0.6782172067007455,0.7885378197102788,183.0,-531.0,2.603170280645476,183.0,-531.0,-2.6465234863792206,-0.7129882440863395,0.2114621802897212,-81.0150825827251,213.0576766736507,TRACK
74.8,185.30847288207008,-529.7967777690666,-1.94816456256617,-1.0516161112986688,0.39162560290487447,-0.6852905539485077,0.7892995351459793,183.0,-531.0,2.6032269943793467,183.0,-531.0,-2.661113515342789,-0.7129489527766191,0.21070046485402072,-77.60582374403982,208.89709017814602,TRACK
74.852,185.32723599132717,-529.8334386783952,-1.9542900124853857,-1.067798333647987,0.380846800349361,-0.6921949805473842,0.7900494772046492,183.0,-531.0,2.6032465646559437,183.0,-531.0,-2.676933772265312,-0.7226437597799265,0.20995052279535076,-77.60582374403982,208.89709017814602,TRACK
74.9,185.34401478061596,-529.8675857084369,-1.9664295796230455,-1.0840293435393569,0.3698957587911953,-0.6989154980765822,0.7907627620363462,183.0,-531.0,2.603222506717879,183.0,-531.0,-2.691549043608213,-0.7251194639851672,0.2092372379636538,-86.28032648493901,216.74054517924918,TRACK
74.952,185.36162260564137,-529.904909245372,-1.9809888031868816,-1.1001533908981074,0.3589464501160781,-0.7055111877360986,0.791573490000603,183.0,-531.0,2.6031682796830684,183.0,-531.0,-2.707402179195714,-0.7264133760088323,0.20842650999939705,-86.28032648493901,216.74054517924918,TRACK
75.0,185.3773621922488,-529.9396663473192,-1.9895194557321931,-1.1160945059583003,0.34808301158791244,-0.7120194737268393,0.7925487454550388,183.0,-531.0,2.6031055391861146,183.0,-531.0,-2.7220595395151315,-0.7325400837829383,0.20745125454496116,-85.45364379534742,215.0688004955067,TRACK
75.052,185.3938472712806,-529.9776383519254,-2.015041898629683,-1.1319300382021522,0.3372112202462335,-0.718393458156569,0.7935997528868742,183.0,-531.0,2.603022876901277,183.0,-531.0,-2.7379624817146317,-0.7229205830849486,0.20640024711312577,-85.45364379534742,215.0688004955067,TRACK
75.1,185.40853835969716,-530.0129753980881,-2.027221158029923,-1.1476784260335886,0.32630981286412614,-0.7246217094047184,0.7947041686766448,183.0,-531.0,2.602935764653454,183.0,-531.0,-2.75266466838884,-0.7254435103589172,0.20529583132335516,-85.45364379534742,215.0688004955067,TRACK
75.152,185.423875368958,-530.0515529695246,-2.0552001503139663,-1.1633740764517204,0.31533124838650417,-0.7306608419353784,0.7958008935322373,183.0,-531.0,2.6028299164292217,183.0,-531.0,-2.7686142126209017,-0.7134140623069354,0.20419910646776274,-83.08314814876886,211.32853180264695,TRACK
75.2,185.437489850392,-530.0874214619269,-2.0698085622271885,-1.1790463045636446,0.3042375719076084,-0.7364706376914304,0.7968371855917992,183.0,-531.0,2.602720952948241,183.0,-531.0,-2.7833544695810115,-0.7135459073538231,0.20316281440820083,-79.97352201449065,206.91879359967527,TRACK
75.252,185.45164433432635,-530.1265433422241,-2.07589637177488,-1.1946955992982617,0.29302498668259147,-0.7420262626538076,0.7977885793167951,183.0,-531.0,2.602592260621624,183.0,-531.0,-2.799339667485771,-0.7234432957108909,0.20221142068320486,-79.97352201449065,206.91879359967527,TRACK
75.3,185.4641530780496,-530.1628848517257,-2.090445282477729,-1.2103425131131171,0.2816758309924473,-0.7473072441745215,0.7986296957670705,183.0,-531.0,2.602462711266314,183.0,-531.0,-2.814107677545775,-0.7236623950680459,0.20137030423292945,-88.8031634414089,214.76261264316565,TRACK
75.352,185.4771188085396,-530.2025009850781,-2.102568783636645,-1.2258341182918229,0.270358629981489,-0.7523967601238601,0.7994965124691596,183.0,-531.0,2.6023301616862398,183.0,-531.0,-2.8301252766804468,-0.7275564930438017,0.20050348753084035,-88.8031634414089,214.76261264316565,TRACK
75.4,185.48855901478228,-530.2392947230733,-2.1280732981383816,-1.241101735757985,0.2591512800076241,-0.7573455669617277,0.80045717794656,183.0,-531.0,2.602229522620619,183.0,-531.0,-2.8449320907512337,-0.716858792612852,0.19954282205343998,-88.00696431927467,213.16816360975895,TRACK
75.448,185.5003729207546,-530.2793832130264,-2.1426695608594355,-1.2562295665613195,0.24796500681854822,-0.7621009932100105,0.8014265833238919,183.0,-531.0,2.602143980741823,183.0,-531.0,-2.8609929550347672,-0.7183233941753318,0.19857341667610806,-88.00696431927467,213.16816360975895,TRACK
75.5,185.51074096607147,-530.3165883891121,-2.1487753123091644,-1.2712441182971204,0.2367775848676414,-0.7666533878776896,0.8023845972101484,183.0,-531.0,2.6020898579038114,183.0,-531.0,-2.8758359187951483,-0.7270606064859839,0.19761540278985157,-82.45625422460682,206.44258408914249,TRACK
75.552,185.52137767470845,-530.3570888750273,-2.176753630560889,-1.2862303815713514,0.22549866137440047,-0.7709241265499049,0.8032270259262821,183.0,-531.0,2.602053053481385,183.0,-531.0,-2.89192863616022,-0.7151750055993311,0.19677297407371785,-82.45625422460682,206.44258408914249,TRACK
75.6,185.5306364846339,-530.3946347974173,-2.1913276954383654,-1.3012352674149,0.21408628559982468,-0.7748730330178906,0.8039036975784317,183.0,-531.0,2.602035365989132,183.0,-531.0,-2.9067904268727753,-0.71546273143441,0.19609630242156828,-84.34944896943789,207.41052989117344,TRACK
75.652,185.5400664618113,-530.435473977091,-2.1973647138867154,-1.316181671083083,0.20262708587240935,-0.778546565418783,0.8044827471453493,183.0,-531.0,2.6020429014449595,183.0,-531.0,-2.9228986434671644,-0.725533929580449,0.1955172528546507,-84.34944896943789,207.41052989117344,TRACK
75.696,185.54821722913195,-530.47331180835,-2.211902309400047,-1.3310587028535417,0.1911402841967533,-0.7819561204525944,0.8049782497410026,183.0,-531.0,2.6020783036005026,183.0,-531.0,-2.9377738192040517,-0.7258715098040045,0.19502175025899737,-90.95777263578415,213.6037820398972,TRACK
75.748,185.5564590666597,-530.514451733366,-2.224024153409259,-1.3457867497062563,0.17971509116466594,-0.7851748197477679,0.8054793675559071,183.0,-531.0,2.6021606558277512,183.0,-531.0,-2.95389827046075,-0.7298741170514909,0.1945206324440929,-90.95777263578415,213.6037820398972,TRACK
75.796,185.56353216709456,-530.5525611796041,-2.2495476011557036,-1.3603339864022326,0.16838949992792784,-0.7882450116562121,0.806030534214976,183.0,-531.0,2.6022871997006387,183.0,-531.0,-2.9687933848993295,-0.7192457837436259,0.19396946578502405,-89.97923127851213,212.2080233831602,TRACK
75.852,185.57060854136486,-530.5939750721326,-2.2641478521368836,-1.374785170974862,0.15708261715707544,-0.7911066111333991,0.8065510639704639,183.0,-531.0,2.602476611804171,183.0,-531.0,-2.984937879592564,-0.7207900274556804,0.19344893602953606,-89.97923127851213,212.2080233831602,TRACK
75.9,185.57659756882725,-530.6323103536819,-2.272681098463165,-1.3891677817028112,0.14577369306536547,-0.7937473918668647,0.8070222374168914,183.0,-531.0,2.6027006565673396,183.0,-531.0,-2.999846113208121,-0.7271650147449558,0.19297776258310861,-84.15690236941595,205.75779581749612,TRACK
75.952,185.58248505439687,-530.6739321191131,-2.2848585483272363,-1.4035708447738569,0.13438020721106284,-0.7960823028086104,0.8073444574251738,183.0,-531.0,2.60298853611176,183.0,-531.0,-3.015995972038301,-0.7311374237110648,0.1926555425748262,-84.15690236941595,205.75779581749612,TRACK
76.004,185.5873561283683,-530.712416278659,-2.31283761985092,-1.4180419525103387,0.12286538239552958,-0.798067160180916,0.8074695624916344,183.0,-531.0,2.6032894829014537,183.0,-531.0,-3.030897366252466,-0.7180597464015461,0.19253043750836563,-92.66605268671327,213.97131440116493,TRACK
76.052,185.59204009936374,-530.7541787934789,-2.305503181624561,-1.4324215049544093,0.11138922641104043,-0.7998375038667478,0.8075565567514388,183.0,-531.0,2.6036704749804827,183.0,-531.0,-3.0470384905436743,-0.7415353089191132,0.19244344324856122,-92.66605268671327,213.97131440116493,TRACK
76.096,185.59582405828223,-530.7927904029684,-2.3335272724733063,-1.446668998781418,0.09999436428117164,-0.8014373633745528,0.8076513606134461,183.0,-531.0,2.6040810967899657,183.0,-531.0,-3.0619373453703087,-0.7284100728970024,0.1923486393865539,-94.52688215609402,216.01000569679195,TRACK
76.152,185.59933878675332,-530.8346764257913,-2.3457426389355884,-1.4608200883200133,0.0886531630304716,-0.8028594398086708,0.807739229829281,183.0,-531.0,2.604590949172131,183.0,-531.0,-3.0780760430183105,-0.7323334040827221,0.19226077017071896,-94.52688215609402,216.01000569679195,TRACK
76.2,185.60204442465178,-530.873384176005,-2.371415349682699,-1.4748933083625961,0.07735316564606376,-0.8041026478504409,0.807814694416707,183.0,-531.0,2.6051231745826064,183.0,-531.0,-3.092970873528109,-0.7215555238454101,0.19218530558329305,-86.36555645178714,207.76305186427345,TRACK
76.252,185.60437395114528,-530.915334382991,-2.3861284862828085,-1.4890446464662297,0.06595906291463687,-0.8050238835087987,0.8077215182228124,183.0,-531.0,2.605749785399124,183.0,-531.0,-3.10909508925639,-0.7229666029735817,0.19227848177718765,-86.36555645178714,207.76305186427345,TRACK
76.3,185.60596062706276,-530.9540518880607,-2.394733663735376,-1.5033167497652986,0.054442902792804115,-0.8055806654140278,0.8074182547808878,183.0,-531.0,2.6063656725010986,183.0,-531.0,-3.123962551728201,-0.729228887992825,0.1925817452191122,-84.5139263596381,206.02272472037168,TRACK
76.352,185.6070663544909,-530.9959729383689,-2.420376081705012,-1.5176930328512912,0.04283028296635872,-0.805788348055358,0.8069258299253786,183.0,-531.0,2.607069464733134,183.0,-531.0,-3.14004798311324,-0.719671901408228,0.19307417007462135,-84.5139263596381,206.02272472037168,TRACK
76.4,185.60751847361254,-531.0346323932299,-2.4130481696012676,-1.5321682224150421,0.031136385856704647,-0.8056542845972586,0.8062557291667068,183.0,-531.0,2.6077484527637096,183.0,-531.0,3.1283116903457815,-0.7418254472325376,0.19374427083329315,-85.4970102507366,207.83802440798166,TRACK
76.452,185.6073950937585,-531.0764662919125,-2.427659735410449,-1.5466988884758266,0.019408209481552162,-0.805249603044393,0.8054834584263244,183.0,-531.0,2.608516104752804,183.0,-531.0,3.112274357465599,-0.7432512143035375,0.1945165415736756,-85.4970102507366,207.83802440798166,TRACK
76.496,185.60671443260867,-531.1150280087477,-2.4532387100030606,-1.5612859703832158,0.007652181945505092,-0.8045914272351273,0.8046278149982055,183.0,-531.0,2.6092511523360096,183.0,-531.0,3.097493679071788,-0.7324529181047374,0.19537218500179454,-98.22316412785158,221.68578224881276,TRACK
76.552,185.60538070417758,-531.1567587933129,-2.4678568068611093,-1.5757761037271603,-0.00400310002161763,-0.8038647084299351,0.8038746757231052,183.0,-531.0,2.6100923226931556,183.0,-531.0,3.081497773153579,-0.7338307271648983,0.19612532427689477,-98.22316412785158,221.68578224881276,TRACK
76.6,185.60361009075623,-531.1952467869093,-2.4935437802029536,-1.5901087070061304,-0.015512737878011683,-0.8031536804532138,0.8033034790550921,183.0,-531.0,2.6109206829174405,183.0,-531.0,3.0667419607972004,-0.7228995661794322,0.19669652094490786,-85.05404342584958,209.48645530097903,TRACK
76.652,185.6010812241503,-531.2368675681712,-2.508274121188726,-1.6045716139566808,-0.027104497160606845,-0.8021897661729982,0.8026475407792756,183.0,-531.0,2.611844133840798,183.0,-531.0,3.0507780968109683,-0.724133089179892,0.19735245922072442,-85.05404342584958,209.48645530097903,TRACK
76.7,185.59816945643104,-531.2751915580864,-2.514432499217724,-1.6192675843673257,-0.03884956277406132,-0.8008691078105556,0.8018108357792448,183.0,-531.0,2.6127026080235676,183.0,-531.0,3.0360686088553073,-0.7326841991065551,0.19818916422075517,-82.91837826223704,207.8327735525834,TRACK
76.752,185.5943869165173,-531.3165905591311,-2.5291132243058625,-1.6341633966486777,-0.0507116190687229,-0.7992120424934059,0.8008193036978148,183.0,-531.0,2.6136321575017125,183.0,-531.0,3.020163968203843,-0.7339081146698803,0.19918069630218516,-82.91837826223704,207.8327735525834,TRACK
76.796,185.59031354311375,-531.3546805851272,-2.5352046587539694,-1.6492377344804106,-0.06266423346216796,-0.7972276005089187,0.7996865968419186,183.0,-531.0,2.6144832317505284,183.0,-531.0,3.0055131442264837,-0.7424675041991335,0.20031340315808144,-90.53150763536969,216.75678276194907,TRACK
76.852,185.58528080384366,-531.3958184312826,-2.549844259927922,-1.664356048379707,-0.07460595837602524,-0.7950872894535082,0.7985798938589249,183.0,-531.0,2.615406099493063,183.0,-531.0,2.989667795790579,-0.7436732514610851,0.20142010614107508,-90.53150763536969,216.75678276194907,TRACK
76.9,185.58006703231192,-531.4336747328233,-2.57551800877068,-1.6794813161446176,-0.08651095703003991,-0.7928422702125786,0.7975481246433277,183.0,-531.0,2.616260626373486,183.0,-531.0,2.9750627241710403,-0.7326045742378664,0.2024518753566723,-91.62316832181668,219.2893724368486,TRACK
76.952,185.57380105371902,-531.474551092524,-2.5841127145125435,-1.6946497821742919,-0.09840697798323428,-0.7904768197778552,0.7965786439027251,183.0,-531.0,2.6171837160468745,183.0,-531.0,2.959262820940187,-0.7398097717268559,0.20342135609727485,-91.62316832181668,219.2893724368486,TRACK
77.0,185.56744612472548,-531.5121520862998,-2.6159677755915554,-1.7098733756741562,-0.1103025596003674,-0.7879838458038049,0.7956665104817138,183.0,-531.0,2.6180296718847784,183.0,-531.0,2.9446979178463706,-0.7225196137416603,0.20433348951828623,-85.8993530285924,214.54632463255248,TRACK
77.052,185.55993299834833,-531.5527193667956,-2.630723233924553,-1.7252612896978219,-0.12226578358642197,-0.7852385031095066,0.794700213037382,183.0,-531.0,2.6189226133018133,183.0,-531.0,2.9289452826793565,-0.7235167905756761,0.20529978696261797,-85.8993530285924,214.54632463255248,TRACK
77.1,185.55241375538046,-531.589995366241,-2.636910790689345,-1.7408323757369122,-0.13430057263860048,-0.7822091896443621,0.7936547487258838,183.0,-531.0,2.6197157309222088,183.0,-531.0,2.914430486550707,-0.7318440299395341,0.20634525127411618,-78.2666549493807,207.88525027529928,TRACK
77.208,185.54362666724947,-531.6301668158895,-2.651634621584258,-1.7566532173586207,-0.14643923463518635,-0.7788207305182042,0.7924684092917827,183.0,-531.0,2.620524153330971,183.0,-531.0,2.89873893844645,-0.7328117471488778,0.20753159070821725,-78.2666549493807,207.88525027529928,TRACK
77.252,185.52485165701933,-531.70675156678,-2.6723821761259874,-1.7888993566387725,-0.17090217616201867,-0.7711202611561462,0.7898316345794443,183.0,-531.0,2.6219026807071235,183.0,-531.0,2.868659939038814,-0.742143192014785,0.21016836542055573,-87.7682531932048,218.79429830064888,TRACK
77.3,185.5149797255086,-531.7432193078552,-2.6980752350886332,-1.8050540553000811,-0.18306924843771777,-0.7671387817579405,0.7886800746821285,183.0,-531.0,2.622498419310866,183.0,-531.0,2.854253744583351,-0.7308563275076025,0.21131992531787147,-88.68687140390628,221.3694078181379,TRACK
77.352,185.5036558847753,-531.7825075996279,-2.7127746127049828,-1.8212474070828306,-0.19521317026631463,-0.7630806335363218,0.7876548959561029,183.0,-531.0,2.623091865117471,183.0,-531.0,2.8386658901289183,-0.7317448043456851,0.21234510404389706,-88.68687140390628,221.3694078181379,TRACK
77.4,185.49262178282584,-531.8185673524684,-2.7385346520033726,-1.8374928137824962,-0.20734555405459987,-0.7589381095940219,0.7867523326818654,183.0,-531.0,2.623588356191774,183.0,-531.0,2.8242921421267,-0.7203585130495131,0.2132476673181346,-79.73476049665716,213.38220494368124,TRACK
77.452,185.4800282547544,-531.8573774142013,-2.75327386753988,-1.8539394180158073,-0.21953874138563725,-0.7545313405920386,0.7858211010814158,183.0,-531.0,2.624049575515417,183.0,-531.0,2.8087422950289036,-0.7211691446108031,0.21417889891858422,-79.73476049665716,213.38220494368124,TRACK
77.5,185.46780897297458,-531.8929474953744,-2.759402290331802,-1.8706204676066642,-0.2317991115450838,-0.7498105466052722,0.7848227085868421,183.0,-531.0,2.6243925690698973,183.0,-531.0,2.7944107474862716,-0.7293722693615123,0.2151772914131579,-77.29219836751221,211.77514050498277,TRACK
77.552,185.4539274868899,-531.931193538543,-2.774076851675668,-1.8875057316326684,-0.24410250192034566,-0.7448021458509811,0.7837833041778821,183.0,-531.0,2.6246678870169475,183.0,-531.0,2.7789082532160685,-0.7302002022878495,0.2162166958221179,-77.29219836751221,211.77514050498277,TRACK
77.6,185.4405201564223,-531.9662199792484,-2.8021789344537367,-1.904571657562319,-0.25642841090783897,-0.7395225249471173,0.7827190395185741,183.0,-531.0,2.624827552850357,183.0,-531.0,2.7646193549964537,-0.7163870177293958,0.21728096048142587,-84.85438682809611,220.562298523528,TRACK
77.652,185.4253608462648,-532.003878715351,-2.7947436641158534,-1.9216641803193666,-0.2687122854579681,-0.7341619034444389,0.7817928068390027,183.0,-531.0,2.6249090859930826,183.0,-531.0,2.7491535485688643,-0.739288094494869,0.21820719316099735,-84.85438682809611,220.562298523528,TRACK
77.7,185.41078637963275,-532.0383804332204,-2.8228630401548584,-1.9387290183925008,-0.2809351380729749,-0.7287802633697363,0.7810539188054457,183.0,-531.0,2.624904739665369,183.0,-531.0,2.734884825251239,-0.7254374417734883,0.21894608119455428,-86.02692489406833,222.80641368718557,TRACK
77.752,185.39436888366902,-532.0754712114493,-2.8350899835707817,-1.9557846595658848,-0.2931102164264448,-0.7233566400391189,0.7804860201581069,183.0,-531.0,2.6248125033492764,183.0,-531.0,2.719431763084686,-0.7286635605241187,0.21951397984189314,-86.02692489406833,222.80641368718557,TRACK
77.8,185.37863635016387,-532.1094416830707,-2.8608315041413124,-1.9728294109651625,-0.3052380308188592,-0.7178831715980338,0.7800810877862807,183.0,-531.0,2.624646973300541,183.0,-531.0,2.7051687179793626,-0.7171850850589117,0.2199189122137193,-77.33462380051574,214.48685043109847,TRACK
77.852,185.3609633252707,-532.1459232656734,-2.869391794738386,-1.9900008955532722,-0.3173577721979092,-0.7121731752109282,0.7796836455027356,183.0,-531.0,2.624364295231308,183.0,-531.0,2.689723395893178,-0.7240701165480221,0.2203163544972644,-77.33462380051574,214.48685043109847,TRACK
77.896,185.34406985445304,-532.1792851890101,-2.8816177167312595,-2.0073246822032655,-0.3294641099739962,-0.706176588216879,0.7792509053614176,183.0,-531.0,2.6240001980895666,183.0,-531.0,2.675473688875312,-0.7260939015730141,0.2207490946385824,-78.3857929666454,215.72400273876735,TRACK
77.952,185.3251472337156,-532.2150846158739,-2.896267672510956,-2.0247158943188963,-0.3415154649082048,-0.6999724631552613,0.7788416154438018,183.0,-531.0,2.6234977191125592,183.0,-531.0,2.6600415510171693,-0.7268760836514607,0.22115838455619818,-78.3857929666454,215.72400273876735,TRACK
78.0,185.30711233096866,-532.24780914213,-2.924381420372549,-2.042130788911673,-0.3534895513867169,-0.6935984383346884,0.7784816353645736,183.0,-531.0,2.6229363245970836,183.0,-531.0,2.6457990312386412,-0.7130048555683963,0.2215183646354264,-81.11710800010843,218.93885941341983,TRACK
78.052,185.28696643162579,-532.2829166347158,-2.9304002639265847,-2.0594965721794245,-0.3653656078245705,-0.687139415783345,0.778236856043258,183.0,-531.0,2.6222300720977225,183.0,-531.0,2.630367180947489,-0.7224178623055124,0.22176314395674201,-81.11710800010843,218.93885941341983,TRACK
78.096,185.2678139874846,-532.315004111245,-2.9425922731775658,-2.0767974863859298,-0.377140883615476,-0.680611803284851,0.7781180327334143,183.0,-531.0,2.6214911967088628,183.0,-531.0,2.616117092911569,-0.7244759410904518,0.2218819672665857,-77.77535469436181,215.80971078643324,TRACK
78.152,185.2464672003874,-532.3494065700994,-2.9572186782510665,-2.0940780066642155,-0.38882187211966335,-0.6739526836551343,0.7780711201712844,183.0,-531.0,2.6205940116400788,183.0,-531.0,2.6006737442110524,-0.7252928847174669,0.22192887982871556,-77.77535469436181,215.80971078643324,TRACK
78.2,185.22621512167967,-532.380823543035,-2.9656478029058495,-2.11134236615642,-0.4004056241216227,-0.6671513386981368,0.7780845536025903,183.0,-531.0,2.6196769695890114,183.0,-531.0,2.5864119465835036,-0.7311255576902331,0.22191544639740968,-80.80499563516385,218.70807448670456,TRACK
78.252,185.20369074413378,-532.414492606184,-2.9974823694030173,-2.128527292619743,-0.41187004300719654,-0.6602670644257844,0.7781963304283778,183.0,-531.0,2.6185954687064847,183.0,-531.0,2.57095087687835,-0.7147520608982187,0.22180366957162223,-80.80499563516385,218.70807448670456,TRACK
78.3,185.1823667591934,-532.4452374282264,-3.0059114682992414,-2.1455800960661784,-0.4232029181449468,-0.6533545859357677,0.7784426278729197,183.0,-531.0,2.6175247650363764,183.0,-531.0,2.5566651134796374,-0.720608725400707,0.22155737212708027,-74.50887708206922,212.1955904678556,TRACK
78.352,185.15869432295017,-532.4781627066297,-3.018074587802832,-2.1625959365505016,-0.434415602277482,-0.6462929316500278,0.7787242573612915,183.0,-531.0,2.6162809801717137,183.0,-531.0,2.5411760987020773,-0.7239346206746768,0.22127574263870853,-74.50887708206922,212.1955904678556,TRACK
78.4,185.1363210535922,-532.5081884034237,-3.024012270128794,-2.179617874892327,-0.44550856388212223,-0.6390277780282321,0.7789957519678848,183.0,-531.0,2.6150525624245087,183.0,-531.0,2.5268681346210373,-0.732304902429755,0.22100424803211516,-82.9976980382425,220.18974985441002,TRACK
78.452,185.11152971231806,-532.5403389641621,-3.0385606328293084,-2.196458058906141,-0.45644536356096843,-0.6317660606882942,0.7794040834855243,183.0,-531.0,2.6136567966199844,183.0,-531.0,2.5113479413063486,-0.7332767330439296,0.22059591651447574,-82.9976980382425,220.18974985441002,TRACK
78.5,185.08814268586585,-532.5696776027901,-3.0666214709901687,-2.213054606536099,-0.4672198875286723,-0.6245755127766883,0.7799929451364085,183.0,-531.0,2.612322272085863,183.0,-531.0,2.496998084272015,-0.7195657519174024,0.2200070548635915,-85.01289215074392,221.7537926467686,TRACK
78.552,185.06227042680868,-532.6010948099265,-3.0787918752722763,-2.2294181588883637,-0.47783313208608136,-0.617436054415395,0.7807379735937308,183.0,-531.0,2.6108358630261033,183.0,-531.0,2.481424236364433,-0.722969195542877,0.21926202640626924,-85.01289215074392,221.7537926467686,TRACK
78.6,185.03790024599036,-532.6297583346271,-3.104490507633509,-2.2455573781007545,-0.4882907709896055,-0.6103383029787397,0.7816269705662614,183.0,-531.0,2.6094347360863703,183.0,-531.0,2.4670198476434115,-0.7116749519026655,0.2183730294337386,-77.11950832052332,212.79477128038621,TRACK
78.652,185.010979701514,-532.6604223758306,-3.119138177978447,-2.261599063184588,-0.49858497358022014,-0.6031124819598611,0.7825162246086483,183.0,-531.0,2.6078807154585206,183.0,-531.0,2.451389121325209,-0.7126580078759304,0.21748377539135166,-77.11950832052332,212.79477128038621,TRACK
78.7,184.98566011238267,-532.6883523811466,-3.1275603328808006,-2.277600278880635,-0.508702236909738,-0.5956794020361534,0.7833338469944475,183.0,-531.0,2.606411296175456,183.0,-531.0,2.4369403538460013,-0.7186846204527839,0.21666615300555248,-75.80334924678635,210.27468039701353,TRACK
78.752,184.9577342615628,-532.7181980828216,-3.1397128825558105,-2.2935157520518197,-0.5186189114328814,-0.588076141828054,0.7840912726737853,183.0,-531.0,2.6047894522798836,183.0,-531.0,2.421265871472847,-0.7222065531509285,0.2159087273262147,-75.80334924678635,210.27468039701353,TRACK
78.8,184.93150931258907,-532.7453629384944,3.137562178616519,-2.309324434184371,-0.5283258786980746,-0.5803265648025572,0.7847975254278197,183.0,-531.0,2.6032710215588573,183.0,-531.0,2.4067775872337305,-0.7307845913827884,0.21520247457218034,-84.54000457718851,218.24742907826484,TRACK
78.848,184.90262512495798,-532.7743965530115,3.123026214012887,-2.3248606693384963,-0.5378246225168465,-0.5726308263710882,0.7855961990080043,183.0,-531.0,2.6016274701540767,183.0,-531.0,2.391053308151183,-0.7319729058617037,0.21440380099199574,-84.54000457718851,218.24742907826484,TRACK
78.9,184.87553386566597,-532.8008432360276,3.0973960314594278,-2.34007974615445,-0.5471264369734934,-0.5650504341340401,0.78652993023176,183.0,-531.0,2.6001276203306567,183.0,-531.0,2.376508063531372,-0.7208879679280558,0.21347006976824,-86.82417084178039,219.7388375744388,TRACK
78.952,184.84573007198586,-532.8291128692736,3.0890110652361624,-2.355005295493088,-0.5562346414951225,-0.5575591598040635,0.7875717066277969,183.0,-531.0,2.5985329297846236,183.0,-531.0,2.360716340437301,-0.7282947247988614,0.21242829337220315,-86.82417084178039,219.7388375744388,TRACK
79.0,184.8178068638053,-532.854858471025,3.057105547660582,-2.369658600108027,-0.565159243288459,-0.550141799976563,0.788708419097854,183.0,-531.0,2.597098716189018,183.0,-531.0,2.3461063533998305,-0.7109991942607516,0.21129158090214595,-82.34906855063718,213.93794709754854,TRACK
79.052,184.7871232555324,-532.8823541260488,3.042463457824258,-2.3841475161702816,-0.5738777945895537,-0.5426590787988681,0.7898193457530691,183.0,-531.0,2.5955859812993225,183.0,-531.0,2.330248152484191,-0.712215305340067,0.2101806542469309,-82.34906855063718,213.93794709754854,TRACK
79.1,184.75841020826022,-532.9073612638852,3.0364702021487147,-2.3985103085998154,-0.5823865361763252,-0.5350721146096022,0.7908705616927776,183.0,-531.0,2.5942308015061597,183.0,-531.0,2.31558389474868,-0.7208863074000345,0.20912943830722242,-75.93874460367485,206.15263075718147,TRACK
79.152,184.7268965873996,-532.9340297297499,3.021860016716577,-2.4128140136373792,-0.5906621581532898,-0.5272961639705587,0.791784711656122,183.0,-531.0,2.5928059740614837,183.0,-531.0,2.299675314202529,-0.7221847025140478,0.20821528834387804,-75.93874460367485,206.15263075718147,TRACK
79.196,184.69744282359534,-532.9582432849191,2.9938013876612883,-2.427093306323728,-0.5986974305390974,-0.5192996796898978,0.7925343971463622,183.0,-531.0,2.591530224077322,183.0,-531.0,2.284974109672515,-0.7088272779887732,0.2074656028536378,-86.89147095056876,216.1666963912054,TRACK
79.252,184.665147234611,-532.9840650150721,3.0014178407633594,-2.441135816163539,-0.6065274864758097,-0.511344898597389,0.7933153201421472,183.0,-531.0,2.5902180018225955,183.0,-531.0,2.2690223739171365,-0.7323954668462229,0.20668467985785277,-86.89147095056876,216.1666963912054,TRACK
79.3,184.6349844786019,-533.0075363038535,2.973344759226306,-2.454880447454189,-0.6141796287756578,-0.5035189981190882,0.7941964479081074,183.0,-531.0,2.5890879198201966,183.0,-531.0,2.2542703381787463,-0.7190744210475595,0.2058035520918926,-89.18073072554674,217.83386005670113,TRACK
79.352,184.60193534509258,-533.0325699432154,2.9673995114112692,-2.468371201224988,-0.6216628496321875,-0.4957829983288804,0.7951512309270398,183.0,-531.0,2.5879600893212586,183.0,-531.0,2.2382592596061825,-0.7291402518050867,0.20484876907296024,-89.18073072554674,217.83386005670113,TRACK
79.4,184.57109087989502,-533.0553153728189,2.9354655528965625,-2.481642222390963,-0.6289884109931259,-0.48811103977223086,0.796165063483186,183.0,-531.0,2.5870152366453008,183.0,-531.0,2.223452314430145,-0.7120132384664175,0.20383493651681395,-84.6968576746288,212.18479457757763,TRACK
79.452,184.53732400286052,-533.0795455983451,2.92703121736965,-2.494809116790081,-0.6361195241086057,-0.4803602322786763,0.7971160528473773,183.0,-531.0,2.5860926095883925,183.0,-531.0,2.207388054685571,-0.7196431626840791,0.2028839471526227,-84.6968576746288,212.18479457757763,TRACK
79.5,184.50584043183827,-533.1015232363103,2.9148314751565385,-2.5079129411638204,-0.6430453960411553,-0.47248776114379376,0.7979674591112103,183.0,-531.0,2.5853346628455993,183.0,-531.0,2.192541631964763,-0.7222898431917755,0.20203254088878975,-81.4367181182487,207.7779060702379,TRACK
79.552,184.47140646120616,-533.1248995501085,2.8866761155689886,-2.5209836251932995,-0.6497466174505246,-0.46445761838495325,0.7986811292150462,183.0,-531.0,2.584615072332898,183.0,-531.0,2.176443471890219,-0.7102326436787698,0.2013188707849538,-81.4367181182487,207.7779060702379,TRACK
79.596,184.43933128542506,-533.146068406041,2.894269236887512,-2.5340422409721106,-0.6562167914134398,-0.4562536931247472,0.7992420846169958,183.0,-531.0,2.584044146799849,183.0,-531.0,2.161574216886542,-0.7326950200009699,0.20075791538300425,-80.0453287584503,205.72770588506006,TRACK
79.652,184.40427984602252,-533.1685532544153,2.8797046277299305,-2.5470739336593398,-0.6624640642434719,-0.4479052261276336,0.7996735133830716,183.0,-531.0,2.5835295824085858,183.0,-531.0,2.1454580810100063,-0.7342465467199242,0.20032648661692842,-80.0453287584503,205.72770588506006,TRACK
79.7,184.3716547038598,-533.1888878714828,2.8516657880448193,-2.56009124007626,-0.6684933033613768,-0.4394116464337187,0.7999786820038376,183.0,-531.0,2.5831505454668022,183.0,-531.0,2.130577381854654,-0.7210884061901655,0.2000213179961624,-95.71121893346799,221.13763800865547,TRACK
79.752,184.33601590010227,-533.2104940381104,2.8395462011233805,-2.5728798456600583,-0.6743972109375737,-0.4310436917133289,0.8003813230493535,183.0,-531.0,2.5828709564838035,183.0,-531.0,2.1144426229740634,-0.7251035781493171,0.1996186769506465,-95.71121893346799,221.13763800865547,TRACK
79.8,184.30284466495056,-533.2300676764132,2.813834322607945,-2.5853669765439697,-0.6802317767573182,-0.4229028455720042,0.8009757093091627,183.0,-531.0,2.582751645507794,183.0,-531.0,2.09953024465044,-0.7143040779575052,0.19902429069083727,-83.14922393963369,208.33029409151246,TRACK
79.852,184.2666306809793,-533.2508309098018,2.799187769504724,-2.5978563081475707,-0.6858986239295887,-0.4146393820450993,0.8014878286357474,183.0,-531.0,2.5827491296131364,183.0,-531.0,2.0833674400844044,-0.7158203294203194,0.1985121713642526,-83.14922393963369,208.33029409151246,TRACK
79.896,184.2329592980614,-533.2695646252665,2.7932340510924636,-2.61047441846455,-0.6913546059972575,-0.4061156069260157,0.8018111232843489,183.0,-531.0,2.582849631499522,183.0,-531.0,2.068448660534247,-0.7247853905582167,0.1981888767156511,-81.78246728735937,206.15247007926703,TRACK
79.952,184.19623052225808,-533.2893828402033,2.778638087298499,-2.623189669776905,-0.6965934079590033,-0.39736697580715735,0.801961900263388,183.0,-531.0,2.5830681855884428,183.0,-531.0,2.052291092100739,-0.7263469951977601,0.19803809973661202,-81.78246728735937,206.15247007926703,TRACK
80.004,184.16210537815948,-533.307228769038,2.772750144771466,-2.635988534635972,-0.7016148908922696,-0.3884150986945627,0.8019537044092248,183.0,-531.0,2.5833686346752662,183.0,-531.0,2.037383735570294,-0.735366409201172,0.19804629559077525,-90.27270687141682,214.7023023287844,TRACK
80.052,184.12489494594638,-533.3260917343712,2.744656690653816,-2.648741984597147,-0.7065045112835062,-0.3794320808168269,0.8019459635268034,183.0,-531.0,2.583813343901918,183.0,-531.0,2.0212370168840845,-0.7234196737697314,0.19805403647319664,-90.27270687141682,214.7023023287844,TRACK
80.1,184.09032522148559,-533.3430745229156,2.730062299645718,-2.661422556361449,-0.7112988398609725,-0.3704636856671939,0.8019908864729617,183.0,-531.0,2.584338853274397,183.0,-531.0,2.0063331390088677,-0.7237291606368501,0.19800911352703832,-85.14261468029417,209.82931708042776,TRACK
80.152,184.05264609611189,-533.3609870621281,2.7178927823440007,-2.6741646123656055,-0.7159537436171932,-0.36136656346002743,0.8019822667530646,183.0,-531.0,2.5850190930040893,183.0,-531.0,1.9901937603392341,-0.7276990220047665,0.1980177332469354,-85.14261468029417,209.82931708042776,TRACK
80.2,184.01766377189122,-533.3770592202591,2.7095460744136273,-2.6870286720150487,-0.7204493807935071,-0.3520810859542941,0.8018780464462802,183.0,-531.0,2.5857397566728424,183.0,-531.0,1.9753056683332093,-0.734240406080418,0.19812195355371975,-88.34898393434568,212.989230289027,TRACK
80.252,183.97955336003108,-533.3939675566478,2.6775853595102923,-2.6999732626242405,-0.7248044850360276,-0.3426588161790262,0.8017210274363227,183.0,-531.0,2.586620468377683,183.0,-531.0,1.9591876811674358,-0.7183976783428565,0.19827897256367732,-88.34898393434568,212.989230289027,TRACK
80.3,183.9441821335883,-533.4091094115025,2.671655300429168,-2.712970044577989,-0.7290381080853239,-0.33313758883212163,0.8015467647826345,183.0,-531.0,2.5875254700152044,183.0,-531.0,1.9443192682489254,-0.7273360321802427,0.19845323521736546,-81.97320752475557,206.90803133801117,TRACK
80.352,183.9056691989586,-533.4249854093998,2.657047190425942,-2.726132291487393,-0.733096445647595,-0.32339711089574663,0.8012590654444124,183.0,-531.0,2.588588598782038,183.0,-531.0,1.928228535026463,-0.7288186553994791,0.1987409345555876,-81.97320752475557,206.90803133801117,TRACK
80.396,183.86995218620774,-533.439135442493,2.6511561758395676,-2.7395128217561573,-0.7369492409793194,-0.31338544672005786,0.8008149736336885,183.0,-531.0,2.589632891572318,183.0,-531.0,1.9133956542444572,-0.7377605215951104,0.19918502636631152,-90.26658279689946,215.5573915130156,TRACK
80.452,183.83107459661963,-533.4539296355424,2.623031583094221,-2.7529663012216323,-0.7406930904027273,-0.30327683973899405,0.8003768460496682,183.0,-531.0,2.5908407209513626,183.0,-531.0,1.8973429885611546,-0.7256885945330664,0.1996231539503318,-90.26658279689946,215.5573915130156,TRACK
80.5,183.7950179030778,-533.4670948228988,2.6108577741334673,-2.7664476215157374,-0.7443638991709953,-0.293126103637682,0.8000003293892177,183.0,-531.0,2.5920282273517943,183.0,-531.0,1.882537687997855,-0.7283200861356123,0.19999967061078228,-84.84592545356554,210.8352841366803,TRACK
80.552,183.75578254790221,-533.4808028744393,2.596236499359157,-2.7800965389240937,-0.7479206558351924,-0.2827976988867258,0.7995998036021342,183.0,-531.0,2.5933742810361586,183.0,-531.0,1.8665158932823005,-0.7297206060768564,0.20040019639786577,-84.84592545356554,210.8352841366803,TRACK
80.6,183.71941753563124,-533.4929305024694,2.5704962408172305,-2.793944183672199,-0.7513099741021516,-0.27224912532962425,0.7991159261509692,183.0,-531.0,2.594660687010211,183.0,-531.0,1.8517462427443439,-0.7187499980728866,0.20088407384903084,-87.7811238968373,214.14485490799143,TRACK
80.652,183.6798662850004,-533.5054953938281,2.555880581350051,-2.807947404611715,-0.7545618239508401,-0.26153331560929305,0.7986007897176215,183.0,-531.0,2.5960980979104544,183.0,-531.0,1.8357660460849063,-0.7201145352651446,0.2013992102823785,-87.7811238968373,214.14485490799143,TRACK
80.7,183.64321694340688,-533.5165620371943,2.5499430525313675,-2.8220717489520086,-0.7576999680207622,-0.2506909296906686,0.798094721049974,183.0,-531.0,2.5974627087473325,183.0,-531.0,1.8210325090560824,-0.7289105434752852,0.20190527895002597,-81.14580124513057,208.17187361948803,TRACK
80.752,183.6033771863275,-533.5279520144334,2.5353183340691667,-2.8364253734540608,-0.7606571903248251,-0.2396124126390759,0.7975045263091465,183.0,-531.0,2.59896237299777,183.0,-531.0,1.8050949209166203,-0.7302234131525465,0.20249547369085352,-81.14580124513057,208.17187361948803,TRACK
80.8,183.56648997239353,-533.537895699406,2.5294210969095885,-2.8510552641225444,-0.7633964419796265,-0.22825410447433497,0.7967898492303563,183.0,-531.0,2.600351028204846,183.0,-531.0,1.7904087242043107,-0.7390123727052778,0.20321015076964366,-89.23037658757619,216.90910653722216,TRACK
80.852,183.5264016039393,-533.5480604067326,2.5148343200926577,-2.865811404112399,-0.7660332441902273,-0.21678146722173872,0.7961162827975661,183.0,-531.0,2.6018667308277155,183.0,-531.0,1.7745194940800464,-0.7403148260126113,0.20388371720243392,-89.23037658757619,216.90910653722216,TRACK
80.9,183.48927874425263,-533.5568843831761,2.486643655300166,-2.8806416648625506,-0.7686091272722111,-0.20524944859481592,0.7955421589549017,183.0,-531.0,2.603277057577106,183.0,-531.0,1.7598680504439823,-0.7267756048561838,0.20445784104509834,-90.64462378315066,219.23540321149682,TRACK
80.952,183.44893825250543,-533.5658310492358,2.474432223621245,-2.8955762349967884,-0.7711184733331415,-0.1936300862194247,0.7950574257278381,183.0,-531.0,2.6048098832324245,183.0,-531.0,1.7440109157784067,-0.7304213078428381,0.2049425742721619,-90.64462378315066,219.23540321149682,TRACK
81.0,183.4115904465518,-533.5735180889221,2.465988588638934,-2.9106269285924,-0.7735547594117478,-0.18191088708847902,0.7946562380362243,183.0,-531.0,2.606223714438596,183.0,-531.0,1.7293862523637678,-0.7366023362751661,0.20534376196377568,-81.97638523610162,210.9830156977942,TRACK
81.052,183.37103352414815,-533.5812003761752,2.4401499725833697,-2.9259326742042426,-0.775789879026801,-0.1699497792721491,0.7941869199848803,183.0,-531.0,2.6077310555363233,183.0,-531.0,1.7135629464271669,-0.7265870261562029,0.20581308001511966,-81.97638523610162,210.9830156977942,TRACK
81.1,183.33352342090882,-533.5876801478291,2.427923612150941,-2.941527229819075,-0.7777745908209206,-0.15771569150378473,0.7936041541430888,183.0,-531.0,2.6090853607660525,183.0,-531.0,1.6989786073801798,-0.7289450047707611,0.20639584585691118,-83.07917364202741,212.46946497427433,TRACK
81.152,183.29281493788096,-533.594033998423,2.4132686179915566,-2.957341223518831,-0.77955288902875,-0.14528150155166214,0.7929750446805852,183.0,-531.0,2.610508182867988,183.0,-531.0,1.6832006687951846,-0.730067949196372,0.20702495531941478,-83.07917364202741,212.46946497427433,TRACK
81.2,183.2551782869425,-533.5992803557674,2.4073293897276224,-2.973335250528356,-0.7811432909615598,-0.13268766497809054,0.7923325422141855,183.0,-531.0,2.611776086498466,183.0,-531.0,1.6686554140867396,-0.7386739756408829,0.20766745778581452,-85.72983599139607,215.96013613344613,TRACK
81.252,183.21434226670883,-533.604293328116,2.3926916710253385,-2.9894576514664406,-0.7826009676210015,-0.11998814227438534,0.791745810729546,183.0,-531.0,2.6130989927990464,183.0,-531.0,1.6529146686644398,-0.7397770023608987,0.20825418927045403,-85.72983599139607,215.96013613344613,TRACK
81.3,183.17659424287973,-533.608298379375,2.366897203065805,-3.0056950951490524,-0.7839366360407967,-0.10719579124199444,0.7912316898272956,183.0,-531.0,2.614269680516643,183.0,-531.0,1.638397929340471,-0.728499273725334,0.20876831017270436,-89.25552481611507,220.17117951656272,TRACK
81.352,183.13564467458087,-533.6119631553628,2.3522294337173975,-3.02201016009303,-0.7851809077457075,-0.09434402576345341,0.7908285864115108,183.0,-531.0,2.615482938716075,183.0,-531.0,1.6226817943837069,-0.7295476393336906,0.20917141358848923,-89.25552481611507,220.17117951656272,TRACK
81.4,183.09779605960802,-533.6147232270057,2.3263747691546834,-3.038381586586146,-0.7863470742117944,-0.081449139142467,0.7905540357170395,183.0,-531.0,2.6165514753426775,183.0,-531.0,1.6081809700534804,-0.7181937991012031,0.20944596428296047,-80.57483432155298,211.83719344513776,TRACK
81.448,183.0567661593455,-533.6170177075549,2.317919061936615,-3.054947982423202,-0.7872883884661738,-0.06838555952344581,0.7902528654582657,183.0,-531.0,2.617633297179436,183.0,-531.0,1.5924840894507037,-0.725434972485911,0.20974713454173433,-80.57483432155298,211.83719344513776,TRACK
81.496,183.01888534071603,-533.6184818201302,2.305686393625259,-3.0717447776105624,-0.7879517550095895,-0.055126434552362824,0.7898777702968657,183.0,-531.0,2.618549922847848,183.0,-531.0,1.5780085262931716,-0.7276778673320876,0.21012222970313432,-81.76483746548186,213.17099383146208,TRACK
81.552,182.97784713445068,-533.6193600176867,2.27743101469908,-3.0886945627371007,-0.7883873367729168,-0.041743127550976956,0.7894916601723097,182.97784713445068,-531.0,2.619360017686745,183.0,-531.0,1.5623391703722984,-0.7150918443267817,0.21050833982769035,-81.76483746548186,213.17099383146208,TRACK
81.6,182.93997282789826,-533.6195167716705,2.285093221333238,-3.105752865694948,-0.7886185875138976,-0.028276030706588712,0.78912534523036,182.93997282789826,-531.0,2.6195167716705328,183.0,-531.0,1.5478849757287065,-0.7372082456045312,0.21087465476963996,-77.52133922109891,209.44045802886046,TRACK
81.652,182.89896509385062,-533.6189705655206,2.2704724719297245,-3.1229507097353295,-0.7886156764354151,-0.01470303241174346,0.7887527269567999,182.89896509385062,-531.0,2.6189705655206126,183.0,-531.0,1.5322373487784584,-0.738235123151266,0.21124727304320012,-77.52133922109891,209.44045802886046,TRACK
81.7,182.8611470887247,-533.6177995854474,2.2447397770703246,-3.1403006313087194,-0.7883564770595662,-0.0010185747005660994,0.7883571350702618,182.8611470887247,-531.0,2.6177995854474148,183.0,-531.0,1.5178041445628214,-0.7269356325075031,0.21164286492973816,-92.72022474721537,225.03475704141135,TRACK
81.752,182.8201946816253,-533.6158315439048,2.230152044150758,3.125625488323056,-0.7880729117192171,0.012584359904227896,0.7881733821309903,182.8201946816253,-531.0,2.6158315439048465,183.0,-531.0,1.5021669320110198,-0.7279851121397383,0.2118266178690097,-92.72022474721537,225.03475704141135,TRACK
81.8,182.78239529994823,-533.613383367139,2.204335838616858,3.108564708947066,-0.7878678840128224,0.02603112285521724,0.7882978003368686,182.78239529994823,-531.0,2.613383367139022,183.0,-531.0,1.4877224504292756,-0.7166133881875825,0.21170219966313142,-79.63243021610997,212.18494854082513,TRACK
81.848,182.7414866415409,-533.6100241862911,2.1896463065443776,3.0914353088979243,-0.787460863888515,0.039530100947868824,0.7884524342260572,182.7414866415409,-531.0,2.6100241862910707,183.0,-531.0,1.4720719751287379,-0.7175743314156398,0.21154756577394285,-79.63243021610997,212.18494854082513,TRACK
81.9,182.70378806457012,-533.6062586066159,2.183703236782768,3.0741350362780557,-0.7867350186060463,0.053151917413953795,0.7885284495982601,182.70378806457012,-531.0,2.6062586066159383,183.0,-531.0,1.457627850471762,-0.7260753863110061,0.21147155040173993,-77.9380470602657,209.9019437726306,TRACK
81.952,182.66303105537597,-533.6014609358075,2.1690724273015114,3.0567257933835768,-0.7857037855161484,0.0668407613759052,0.7885417718521426,182.66303105537597,-531.0,2.601460935807495,183.0,-531.0,1.441982893163287,-0.7270895341382244,0.21145822814785742,-77.9380470602657,209.9019437726306,TRACK
82.0,182.62549863563697,-533.5963711903474,2.1408885614261624,3.0392473454787647,-0.7843813545156532,0.08055922220723416,0.7885073858845237,182.62549863563697,-531.0,2.5963711903474405,183.0,-531.0,1.427544039580283,-0.7133445218458794,0.21149261411547626,-86.28501111504634,218.29588437308132,TRACK
82.048,182.58492604564896,-533.5901563313208,2.1486211156342,3.0218585766231847,-0.7829326207390981,0.09419427634459429,0.7885784997788579,182.58492604564896,-531.0,2.590156331320827,183.0,-531.0,1.4118967865449417,-0.7367243290892582,0.21142150022114214,-86.28501111504634,218.29588437308132,TRACK
82.096,182.54755308755904,-533.5837814894979,2.1228496488847535,3.004617155442943,-0.7814173562194697,0.10770950124923584,0.788805692969051,182.54755308755904,-531.0,2.5837814894979374,183.0,-531.0,1.3974435795715303,-0.7254060693132232,0.211194307030949,-88.11257825570179,220.12989937552396,TRACK
82.148,182.5071576153095,-533.5761883222093,2.108211580092356,2.987505954538728,-0.779813883222235,0.121119032562409,0.7891638058825274,182.5071576153095,-531.0,2.5761883222093047,183.0,-531.0,1.381773399718844,-0.7264381803735123,0.21083619411747256,-88.11257825570179,220.12989937552396,TRACK
82.2,182.4699603425068,-533.5685490068469,2.099816746470184,2.9705155366398164,-0.7781091382807992,0.13443071235001802,0.7896362754452338,182.4699603425068,-531.0,2.5685490068468653,183.0,-531.0,1.3672952124228723,-0.7325215340473117,0.21036372455476615,-79.90055425551802,211.31771052501605,TRACK
82.252,182.42979260865732,-533.5595841783875,2.0676874730313743,2.95351321784302,-0.7761306869463134,0.14772015458115895,0.7900633438460728,182.42979260865732,-531.0,2.5595841783874675,183.0,-531.0,1.3516021571044738,-0.7160853159269005,0.2099366561539272,-79.90055425551802,211.31771052501605,TRACK
82.3,182.39285487056043,-533.5506723687677,2.0593227234231968,2.936461086117216,-0.7738226201382905,0.16100004562215164,0.7903938651887576,182.39285487056043,-531.0,2.550672368767664,183.0,-531.0,1.3371116995418326,-0.7222110238813642,0.20960613481124235,-78.28096172324297,209.04376966317346,TRACK
82.352,182.35300470823705,-533.540334279204,2.0335382297382103,2.9193999379484716,-0.7712069494971898,0.17423332479450748,0.7906436684257387,182.35300470823705,-531.0,2.5403342792039894,183.0,-531.0,1.321409344474915,-0.7121288852632952,0.20935633157426126,-78.28096172324297,209.04376966317346,TRACK
82.4,182.31638483748998,-533.5301658483487,2.0189575309508467,2.902354726434463,-0.7683044080372474,0.18739646943623264,0.7908281103796387,182.31638483748998,-531.0,2.5301658483487017,183.0,-531.0,1.3069112222903294,-0.7120463086605173,0.20917188962036126,-79.74340016086677,210.34858054142302,TRACK
82.452,182.27689592261527,-533.518481833382,2.0267337610490124,2.885387992226379,-0.7651886384194109,0.2004501135633019,0.7910081544419707,182.27689592261527,-531.0,2.5184818333819976,183.0,-531.0,1.29119841841899,-0.7355353426300224,0.2089918455580293,-79.74340016086677,210.34858054142302,TRACK
82.5,182.24061959497814,-533.5070866300451,2.001032378928428,2.868518109766654,-0.7618875039933131,0.21338259814741758,0.7912045891760885,182.24061959497814,-531.0,2.507086630045137,183.0,-531.0,1.276687004984764,-0.724345373943664,0.2087954108239115,-93.20579706085816,223.71975490903458,TRACK
82.552,182.201488096872,-533.4941011693979,1.9927874173726696,2.851930006271431,-0.758611961002359,0.22610082776735435,0.791589345363445,182.201488096872,-531.0,2.4941011693979362,183.0,-531.0,1.2609480791943908,-0.7318393381782788,0.20841065463655495,-93.20579706085816,223.71975490903458,TRACK
82.6,182.16550849863418,-533.4815367990701,1.9781512683548832,2.83569224543424,-0.7554490118023423,0.23858073835584576,0.7922272263356998,182.16550849863418,-531.0,2.4815367990701134,183.0,-531.0,1.246396009905564,-0.7317552584493192,0.20777277366430025,-83.75444375501523,213.8386946013461,TRACK
82.648,182.1267184008933,-533.4672949750711,1.9460157601801353,2.819571420847938,-0.7521290540042807,0.2509359106936968,0.7928852030105298,182.1267184008933,-531.0,2.467294975071127,183.0,-531.0,1.2306132073663325,-0.7154025528138028,0.20711479698947022,-83.75444375501523,213.8386946013461,TRACK
82.7,182.09110818051104,-533.4535672059326,1.940092008742754,2.8034701120323895,-0.7485417420568046,0.2632066585860916,0.7934686412993844,182.09110818051104,-531.0,2.453567205932586,183.0,-531.0,1.2160321753712673,-0.7240598333714867,0.20653135870061556,-77.01540506853159,206.02423765638946,TRACK
82.752,182.05276869113425,-533.4380699974886,1.9118421342008833,2.7873449275197277,-0.7446063877577002,0.2753924618386889,0.7939015560679701,182.05276869113425,-531.0,2.438069997488583,183.0,-531.0,1.200228231848272,-0.7116139023526113,0.20609844393202992,-77.01540506853159,206.02423765638946,TRACK
82.8,182.0176179506642,-533.4231932368327,1.8972647575087764,2.7711867539713633,-0.7403016346365676,0.28748147997739926,0.7941612629532933,182.0176179506642,-531.0,2.4231932368327307,183.0,-531.0,1.1856365475689483,-0.7116282099398281,0.20583873704670674,-80.71029000160647,209.301385259074,TRACK
82.852,181.97979501698828,-533.4064711295133,1.9050667941194153,2.755117943006265,-0.7357735007170851,0.2994156074044959,0.7943628580912363,181.97979501698828,-531.0,2.4064711295133066,183.0,-531.0,1.1698218744773532,-0.7352449196420621,0.2056371419087637,-80.71029000160647,209.301385259074,TRACK
82.9,181.94512090234255,-533.3904865361485,1.8793655570115657,2.739185243696973,-0.7310848614245056,0.31117447143129306,0.7945530984614138,181.94512090234255,-531.0,2.390486536148501,183.0,-531.0,1.15521575194455,-0.7241498050670157,0.20544690153858625,-94.17393230454039,222.79243092641198,TRACK
82.952,181.90779255114992,-533.3725931487683,1.871138734233241,2.7235621833009174,-0.7264536775686496,0.3226996676435165,0.7949025230493684,181.90779255114992,-531.0,2.37259314876826,183.0,-531.0,1.1393742476534423,-0.7317644865797988,0.20509747695063163,-94.17393230454039,222.79243092641198,TRACK
83.0,181.87353826496226,-533.3555560388069,1.839020406438564,2.7083074108611807,-0.7219657272046403,0.33398371077010547,0.7954744686775902,181.87353826496226,-531.0,2.355556038806867,183.0,-531.0,1.124728280682505,-0.714292125756059,0.2045255313224098,-84.71319370089421,212.99495227843957,TRACK
83.052,181.83668351333293,-533.3365360984466,1.8243603110857074,2.6931828198489693,-0.7173385509573524,0.345108241348689,0.796036616580154,181.83668351333293,-531.0,2.3365360984465724,183.0,-531.0,1.1088455060214282,-0.7155148050642792,0.203963383419846,-84.71319370089421,212.99495227843957,TRACK
83.1,181.80292080076896,-533.3184630817216,1.818450115150336,2.67808595457405,-0.7124565039012898,0.3561027704964561,0.7964944777627151,181.80292080076896,-531.0,2.318463081721575,183.0,-531.0,1.0941746005657322,-0.7242755145846038,0.2035055222372849,-77.9245225851379,205.28083266669137,TRACK
83.148,181.76664796843954,-533.2983326456057,1.8038159186808727,2.6629698388636265,-0.7072407912914939,0.36696012083348933,0.7967742887096367,181.76664796843954,-531.0,2.298332645605683,183.0,-531.0,1.0782766542970057,-0.725539264383867,0.20322571129036326,-77.9245225851379,205.28083266669137,TRACK
83.196,181.73346399625677,-533.2792499473384,1.7979864851822671,2.647822723613669,-0.7016729781721535,0.37766875340757633,0.7968554797436057,181.73346399625677,-531.0,2.2792499473383714,183.0,-531.0,1.0636019308825808,-0.7343845542996863,0.2031445202563943,-88.5953558352626,215.74656486074804,TRACK
83.252,181.6978171823202,-533.2580505347864,1.7834232097697709,2.632852739787285,-0.6960179142312242,0.38817304342990444,0.7969436922244998,181.6978171823202,-531.0,2.2580505347864346,183.0,-531.0,1.047696997427907,-0.735726212341864,0.2030563077755002,-88.5953558352626,215.74656486074804,TRACK
83.3,181.6651815740086,-533.2380071187227,1.7552093449685904,2.6181334573440096,-0.6903796215222223,0.39846238702714265,0.797117491771781,181.6651815740086,-531.0,2.2380071187227486,183.0,-531.0,1.0330046957063523,-0.722204649262238,0.20288250822821896,-90.44562742288133,217.79159628096977,TRACK
83.348,181.63012228262153,-533.2157864751106,1.7430221908674943,2.603615532923784,-0.684722753710182,0.40856257588032197,0.7973510066830156,181.63012228262153,-531.0,2.2157864751105762,183.0,-531.0,1.017076212477576,-0.7259459783899183,0.20264899331698438,-90.44562742288133,217.79159628096977,TRACK
83.4,181.59803617639068,-533.1948137162565,1.7171694605320276,2.589268393444513,-0.6790309811782205,0.4184920409666826,0.7976331623950426,181.59803617639068,-531.0,2.1948137162564763,183.0,-531.0,1.0023618200709017,-0.7148076404611259,0.20236683760495744,-82.18463219174441,209.18584660403508,TRACK
83.452,181.56360589406358,-533.17159884572,1.7024994022743878,2.5749379943210546,-0.6731124226597764,0.4282737629312956,0.7978087173967486,181.56360589406358,-531.0,2.171598845720041,183.0,-531.0,0.9864171498980546,-0.7160822523763332,0.20219128260325137,-82.18463219174441,209.18584660403508,TRACK
83.5,181.5321479948466,-533.1497200246831,1.6966110549273767,2.560568522851985,-0.6669035898526168,0.43791101596621973,0.7978260813378277,181.5321479948466,-531.0,2.14972002468312,183.0,-531.0,0.971700148100263,-0.7249109068271138,0.20217391866217227,-80.46197134105907,207.185725921696,TRACK
83.552,181.49842991370002,-533.1255404286227,1.6683701504382402,2.5461855368007624,-0.6604359565062095,0.4473894415540264,0.7977048107290662,181.49842991370002,-531.0,2.125540428622685,183.0,-531.0,0.9557602411198148,-0.7126099093184254,0.20229518927093382,-80.46197134105907,207.185725921696,TRACK
83.6,181.46764787047456,-533.1027885440255,1.653794412197932,2.5318043486465895,-0.6537357702480535,0.45670229553098507,0.7974631302104738,181.46764787047456,-531.0,2.102788544025543,183.0,-531.0,0.9410515932121534,-0.7127428189857786,0.20253686978952623,-81.76300963010544,208.82858020962925,TRACK
83.652,181.43467198418776,-533.077680705129,1.661624253941376,2.5174708492098383,-0.6468813314377859,0.46585156159138363,0.7971656881726994,181.43467198418776,-531.0,2.077680705128955,183.0,-531.0,0.925121731381753,-0.7365025225596229,0.2028343118273006,-81.76300963010544,208.82858020962925,TRACK
83.7,181.40457902359694,-533.0540868635679,1.635898117342007,2.5031953359041754,-0.6399007030759549,0.4748419430835226,0.7968361065541877,181.40457902359694,-531.0,2.0540868635679317,183.0,-531.0,0.9104214916409963,-0.7254766257010108,0.20316389344581232,-95.01221293094694,222.59507758579275,TRACK
83.752,181.37232656080923,-533.0280829462822,1.6276761132758197,2.489144855341712,-0.6330193411474508,0.4836736293505106,0.7966515336054076,181.37232656080923,-531.0,2.028082946282211,183.0,-531.0,0.8944918016046933,-0.7331843116711264,0.20334846639459236,-95.01221293094694,222.59507758579275,TRACK
83.8,181.34286038980946,-533.0036753307915,1.5955161034503047,2.4753752555619637,-0.6263200686191457,0.4923600553646086,0.7966776339735739,181.34286038980946,-531.0,2.0036753307914523,183.0,-531.0,0.879777745999786,-0.7157383574505187,0.20332236602642606,-85.24517400919433,213.09837009859922,TRACK
83.852,181.31130423202677,-532.9768004603837,1.5808444846753074,2.4616389056349797,-0.6195052604474354,0.5009225868080955,0.7966870186569872,181.31130423202677,-531.0,1.9768004603837426,183.0,-531.0,0.8638360004189862,-0.7170084842563211,0.2033129813430128,-85.24517400919433,213.09837009859922,TRACK
83.9,181.2825356181416,-532.9515985622552,1.5749368799106782,2.447829489955826,-0.6124495622035726,0.5093635219459857,0.7965837455864677,181.2825356181416,-531.0,1.9515985622551852,183.0,-531.0,0.8491248292019963,-0.7258120507086819,0.20341625441353228,-78.12727566799103,205.68238459712072,TRACK
83.952,181.2517842622784,-532.9238785744892,1.5466494811992353,2.4338916790838327,-0.60507249528083,0.517663129997454,0.7962963271949275,181.2517842622784,-531.0,1.9238785744892084,183.0,-531.0,0.8331989576729192,-0.7134505235263161,0.2037036728050725,-78.12727566799103,205.68238459712072,TRACK
84.0,181.22379910354536,-532.8979139792466,1.5544606681892246,2.4198120504049947,-0.5973555710275517,0.5258062081423883,0.7958051562780483,181.22379910354536,-531.0,1.8979139792465958,183.0,-531.0,0.818513238220758,-0.7359474299684665,0.20419484372195174,-81.43064169084704,209.41676866605815,TRACK
84.048,181.19391102145678,-532.8693843884296,1.5262763234662364,2.405698392867908,-0.5894509044563725,0.5338001273301324,0.7952326355866572,181.19391102145678,-531.0,1.8693843884295802,183.0,-531.0,0.8026174839153418,-0.7236588395508946,0.20476736441334276,-81.43064169084704,209.41676866605815,TRACK
84.1,181.16671826614842,-532.8426851817427,1.5141590775335658,2.3915929896498382,-0.5814235953535057,0.5416517981898408,0.794632032903334,181.16671826614842,-531.0,1.842685181742695,183.0,-531.0,0.787956246099398,-0.7262028314341679,0.20536796709666605,-87.42596594124367,216.33861290750795,TRACK
84.152,181.13767930417163,-532.8133701210778,1.505965825744534,2.377561053050548,-0.573379888746643,0.5493865771447131,0.7940970393886987,181.13767930417163,-531.0,1.81337012107781,183.0,-531.0,0.7720815696851777,-0.7338842560593564,0.2059029606113013,-87.42596594124367,216.33861290750795,TRACK
84.2,181.1112568849446,-532.7859524601671,1.4913917766124882,2.363623803579642,-0.5653604012157518,0.5570217192846818,0.7936659114625616,181.1112568849446,-531.0,1.7859524601670955,183.0,-531.0,0.7574328924359851,-0.7339588841765031,0.2063340885374384,-89.00187105583403,218.57597916790036,TRACK
84.252,181.08305208578852,-532.7558666316725,1.465578214641535,2.3497406166840946,-0.5573242551099792,0.5645648862489576,0.7933119412432865,181.08305208578852,-531.0,1.7558666316724612,183.0,-531.0,0.7415685282175266,-0.7240096864240084,0.20668805875671348,-89.00187105583403,218.57597916790036,TRACK
84.3,181.05740748524323,-532.7277449711978,1.4533795204921425,2.335891526555802,-0.5492526447975632,0.5720209503561613,0.7930236033457542,181.05740748524323,-531.0,1.727744971197808,183.0,-531.0,0.7269287019258838,-0.7264508185662587,0.20697639665424583,-80.37972384848273,210.20830967563103,TRACK
84.348,181.03007810761832,-532.6969086766575,1.4387348101461956,2.3219289617357903,-0.5409619531322033,0.5793656002145087,0.7926565040725561,181.03007810761832,-531.0,1.696908676657472,183.0,-531.0,0.711080466637578,-0.7276543435086177,0.20734349592744394,-80.37972384848273,210.20830967563103,TRACK
84.4,181.00528936073414,-532.6681096786638,1.4104720656327137,2.307790974551541,-0.5323765488997659,0.5865803338435127,0.7921497824719714,181.00528936073414,-531.0,1.6681096786637681,183.0,-531.0,0.696466828329364,-0.7140052373033496,0.20785021752802857,-85.38871701552573,215.51233645694208,TRACK
84.452,180.9789021318761,-532.6365521931718,1.418285942326517,2.293598397676614,-0.5236511048677499,0.593683369347846,0.7916251781426777,180.9789021318761,-531.0,1.6365521931718376,183.0,-531.0,0.6806483486880521,-0.7376375936384649,0.20837482185732226,-85.38871701552573,215.51233645694208,TRACK
84.5,180.95497446856356,-532.6070952489551,1.3924568395461483,2.2793970832506956,-0.5148457631513634,0.600684408322792,0.7911307845337663,180.95497446856356,-531.0,1.6070952489551473,183.0,-531.0,0.6660567515041435,-0.7264000880420048,0.20886921546623372,-88.96558933593235,219.84733942201058,TRACK
84.552,180.9295170920131,-532.5748313324217,1.3778189566937225,2.2652035637551133,-0.5059974728303273,0.6076058420772534,0.7907074691926755,180.9295170920131,-531.0,1.5748313324216952,183.0,-531.0,0.6502574053431677,-0.7275615513505548,0.20929253080732446,-88.96558933593235,219.84733942201058,TRACK
84.6,180.90644747651953,-532.5447263784095,1.3694699788201306,2.25101765788363,-0.4971143036470269,0.6144590870228903,0.7903686484897237,180.90644747651953,-531.0,1.5447263784094503,183.0,-531.0,0.6356792347794429,-0.7337907440406877,0.20963135151027634,-80.22294970458302,211.55221606097018,TRACK
84.652,180.8819509694744,-532.5117725459348,1.3372429989167283,2.2366824732570745,-0.4880046332513153,0.6212030482209338,0.7899631315407893,180.8819509694744,-531.0,1.5117725459348321,183.0,-531.0,0.619899373913992,-0.7173436250027363,0.21003686845921066,-80.22294970458302,211.55221606097018,TRACK
84.7,180.85981599246333,-532.4810480072563,1.331361201224875,2.2221436769908833,-0.4786038856523534,0.6278150758747307,0.789438692272633,180.85981599246333,-531.0,1.4810480072562768,183.0,-531.0,0.6053494845683224,-0.7260117166565526,0.21056130772736703,-78.11545987548999,209.76653739129796,TRACK
84.748,180.836363747951,-532.4474394442138,1.3167340436654627,2.2074270633384265,-0.46894417143010314,0.6342912813349969,0.7888181447557213,180.836363747951,-531.0,1.4474394442138419,183.0,-531.0,0.5896056459586363,-0.7271283977068264,0.21118185524427868,-78.11545987548999,209.76653739129796,TRACK
84.8,180.81521057274296,-532.4161242775554,1.2884992157177897,2.1925567747690167,-0.4590556139881995,0.640629089752542,0.788122888495984,180.81521057274296,-531.0,1.4161242775553546,183.0,-531.0,0.575090679246619,-0.7134085364711706,0.211877111504016,-86.14482456479546,218.62913896637798,TRACK
84.852,180.7928159336795,-532.3818814988783,1.2963441655459955,2.1776700130360678,-0.44911929663485456,0.6468891494344888,0.7875110883447057,180.7928159336795,-531.0,1.3818814988783288,183.0,-531.0,0.5593780733924926,-0.736966092153503,0.21248891165529427,-86.14482456479546,218.62913896637798,TRACK
84.9,180.77261849061006,-532.349979177779,1.270520795412543,2.162817524373447,-0.43920056519394635,0.653099038481644,0.7870422418983175,180.77261849061006,-531.0,1.3499791777790051,183.0,-531.0,0.5448806579965978,-0.7256401374159452,0.2129577581016825,-87.59048463117281,220.876325556767,TRACK
84.952,180.7512561593202,-532.3151022729375,1.262221124224388,2.1479650022054653,-0.4292652895193107,0.6592627729850963,0.7866994932184056,180.7512561593202,-531.0,1.3151022729374517,183.0,-531.0,0.5291802694885954,-0.7330408547357925,0.2133005067815944,-87.59048463117281,220.876325556767,TRACK
85.0,180.7320196870006,-532.282618860302,1.2475454479116759,2.1330902213817815,-0.41928838218477016,0.6653790195736399,0.7864680458377824,180.7320196870006,-531.0,1.2826188603020228,183.0,-531.0,0.5146908582997595,-0.7328545896119164,0.2135319541622176,-82.20327590671745,215.6847110449994,TRACK
85.052,180.7117240881919,-532.2471252417271,1.2153045974440468,2.118092301390828,-0.409142440401726,0.6713957185157449,0.7862377168383321,180.7117240881919,-531.0,1.2471252417270762,183.0,-531.0,0.4990013463770471,-0.7163032510669998,0.2137622831616679,-82.20327590671745,215.6847110449994,TRACK
85.1,180.69350573913505,-532.2140901968525,1.2094019664167242,2.102937290859007,-0.3987847148005979,0.6772877525794228,0.7859694323271609,180.69350573913505,-531.0,1.2140901968524531,183.0,-531.0,0.4845274451016422,-0.724874521315082,0.21403056767283912,-74.80845311824042,208.36675740102953,TRACK
85.152,180.67435094501442,-532.1780210338784,1.1810884676053528,2.0875607007967907,-0.3881365635091862,0.6830102515019879,0.78559085762853,180.67435094501442,-531.0,1.1780210338783945,183.0,-531.0,0.4688613803908179,-0.7122270872145349,0.21440914237147002,-74.80845311824042,208.36675740102953,TRACK
85.2,180.6572226969319,-532.1444779996798,1.1889311926202446,2.071948154546113,-0.3771822418826317,0.688541287841083,0.785083147605058,180.6572226969319,-531.0,1.1444779996797934,183.0,-531.0,0.4544161383635075,-0.7345150542567371,0.21491685239494196,-78.02051470042227,212.02864308636128,TRACK
85.248,180.63926165836608,-532.107872795921,1.1743712413326883,2.0562128560860833,-0.36606006295527155,0.6939330162422924,0.7845654852986735,180.63926165836608,-531.0,1.1078727959210255,183.0,-531.0,0.43877984957508137,-0.7355913917576069,0.21543451470132646,-78.02051470042227,212.02864308636128,TRACK
85.3,180.6232303745268,-532.0738403953054,1.1461974984586332,2.0404089246311328,-0.35483381891569143,0.6992093817130081,0.784092340558037,180.6232303745268,-531.0,1.0738403953054103,183.0,-531.0,0.4243553470818558,-0.7218421513767774,0.215907659441963,-91.0770744395175,225.8413866946625,TRACK
85.352,180.60643273557102,-532.0366994981157,1.134066108938896,2.024706480697883,-0.3437030137283151,0.7044729061211226,0.7838455441633041,180.60643273557102,-531.0,1.036699498115695,183.0,-531.0,0.4087273792319247,-0.7253387297069712,0.2161544558366959,-91.0770744395175,225.8413866946625,TRACK
85.396,180.5914388391311,-532.0021583424187,1.108220796854849,2.0091707437784305,-0.33273745379790876,0.709769982602362,0.7838926210669882,180.5914388391311,-531.0,1.0021583424187384,183.0,-531.0,0.39429262555622796,-0.713928171298621,0.2161073789330118,-77.91294764693856,212.91871571439526,TRACK
85.452,180.5757875321796,-531.9644806992106,1.0935669115142528,1.9935306453123187,-0.3216246802191177,0.7149500102845443,0.7839617032304064,180.5757875321796,-531.0,0.9644806992106396,183.0,-531.0,0.37865432260187865,-0.7149125889123742,0.21603829676959363,-77.91294764693856,212.91871571439526,TRACK
85.5,180.56191063373575,-531.9294789101077,1.085293349970356,1.9776772346326508,-0.31024175996208925,0.7199388855604103,0.7839400159236293,180.56191063373575,-531.0,0.9294789101077185,183.0,-531.0,0.3642235545942926,-0.7210697953760634,0.21605998407637073,-76.16102116743068,210.679122147931,TRACK
85.552,180.54750183472345,-531.8913306233853,1.073133322033509,1.961665494925024,-0.2986394450196804,0.724727590091855,0.7838466673795396,180.54750183472345,-531.0,0.8913306233853291,183.0,-531.0,0.34859564954277955,-0.7245376724907295,0.21615333262046044,-76.16102116743068,210.679122147931,TRACK
85.6,180.5347830300458,-531.8559145173647,1.0449305028958837,1.945533940255963,-0.2868569233707607,0.7293153732936636,0.7837013514140538,180.5347830300458,-531.0,0.8559145173646812,183.0,-531.0,0.3341750218995231,-0.7107554809963607,0.21629864858594616,-84.5031517230155,219.20173645714556,TRACK
85.652,180.5216190422848,-531.8173242596156,1.0528211638507086,1.9294317993094046,-0.27506076396678114,0.7337971121058929,0.7836559357326005,180.5216190422848,-531.0,0.8173242596155887,183.0,-531.0,0.3185505309003615,-0.734270632950347,0.2163440642673995,-84.5031517230155,219.20173645714556,TRACK
85.7,180.51002771994445,-531.7814963313097,1.0270255320530626,1.913414020981276,-0.2633095553102341,0.7382134334329271,0.7837671817692445,180.51002771994445,-531.0,0.7814963313096541,183.0,-531.0,0.3041210634508274,-0.7229044686022352,0.21623281823075546,-86.27664148393788,221.1185653973064,TRACK
85.752,180.49807900140078,-531.7424645709352,1.0124238611870087,1.8974569618272688,-0.251575278072479,0.7425525034823975,0.7840116969568892,180.49807900140078,-531.0,0.7424645709352262,183.0,-531.0,0.28847965106270557,-0.7239442101243031,0.21598830304311079,-86.27664148393788,221.1185653973064,TRACK
85.8,180.48761336272614,-531.7062388434432,1.0041358913554235,1.8815414160215649,-0.239835879416399,0.7468050568928895,0.784371749909588,180.48761336272614,-531.0,0.7062388434432023,183.0,-531.0,0.2740310084556512,-0.7301048828997723,0.21562825009041198,-77.94756702792631,212.3167219677684,TRACK
85.852,180.47690857112647,-531.666803060458,0.9719147098907269,1.8655340423401454,-0.227944803541469,0.7508564416880943,0.7846937169915823,180.47690857112647,-531.0,0.6668030604580508,183.0,-531.0,0.2583730244389388,-0.7135416854517882,0.2153062830084177,-77.94756702792631,212.3167219677684,TRACK
85.9,180.46762483844677,-531.6302403417681,0.9636570273405783,1.8493910956463897,-0.2158580064248033,0.7546598442117822,0.7849243017026812,180.46762483844677,-531.0,0.630240341768058,183.0,-531.0,0.2439178764208871,-0.7197391509196912,0.21507569829731876,-76.2588205544573,210.08725146542628,TRACK
85.952,180.45821871304676,-531.5904685359657,0.951504338422277,1.8331527184067145,-0.20361816359924384,0.758223745484542,0.7850882783255243,180.45821871304676,-531.0,0.5904685359656696,183.0,-531.0,0.2282564872526753,-0.7232478511696017,0.2149117216744757,-76.2588205544573,210.08725146542628,TRACK
86.0,180.4501405309046,-531.5536174293125,0.9233091045379825,1.8168466474249216,-0.19125521779273233,0.7615514205779786,0.7852000538189505,180.4501405309046,-531.0,0.5536174293124532,183.0,-531.0,0.21379858946722521,-0.7095105150707574,0.21479994618104947,-84.7610446145891,218.51799684239546,TRACK
86.052,180.44202761399364,-531.5135404099332,0.9312153504196171,1.8006217147814936,-0.178922063081347,0.764757592274667,0.7854089887434643,180.44202761399364,-531.0,0.5135404099331708,183.0,-531.0,0.19812692628352466,-0.7330884241360924,0.21459101125653568,-84.7610446145891,218.51799684239546,TRACK
86.1,180.43511933958374,-531.4764022547344,0.902996422573362,1.7845327373376776,-0.1666721752418095,0.7678914833033175,0.7857715597612359,180.43511933958374,-531.0,0.47640225473435294,183.0,-531.0,0.18364768083667124,-0.7193487417366907,0.21422844023876408,-86.70454340102162,220.32240758235548,TRACK
86.152,180.42826395592667,-531.4360192902299,0.8908338289870837,1.76855523315378,-0.15447891929128588,0.770937879081175,0.7862626468983401,180.42826395592667,-531.0,0.43601929022986496,183.0,-531.0,0.16794575060830508,-0.7228880783787787,0.21373735310165987,-86.70454340102162,220.32240758235548,TRACK
86.2,180.42251664176746,-531.3986100331883,0.8649760413714981,1.7526658626830163,-0.14231879661689528,0.7738854539972533,0.7868629714118056,180.42251664176746,-531.0,0.39861003318833355,183.0,-531.0,0.15343533916655688,-0.7115407022049411,0.2131370285881944,-78.53861106709118,211.41653378336738,TRACK
86.252,180.41693741006725,-531.3579643980682,0.8503400442089233,1.7367292954031317,-0.130059738860094,0.7766019353296014,0.787417361778389,180.41693741006725,-531.0,0.35796439806824765,183.0,-531.0,0.1377043292531784,-0.7126357149557448,0.21258263822161105,-78.53861106709118,211.41653378336738,TRACK
86.296,180.4123951821447,-531.3203537731155,0.8445290667422195,1.7206953719857303,-0.11765924219426191,0.779035398244893,0.7878704519096442,180.4123951821447,-531.0,0.3203537731154711,183.0,-531.0,0.12317644001528809,-0.7213526267269315,0.21212954809035578,-77.00945656690057,209.09926144692287,TRACK
86.352,180.40813447321915,-531.2795233483397,0.8299522757696701,1.7046019433121153,-0.10515635596366846,0.7811931756191819,0.7882389465343232,180.40813447321915,-531.0,0.27952334833969417,183.0,-531.0,0.10743117197078315,-0.722521103798887,0.21176105346567675,-77.00945656690057,209.09926144692287,TRACK
86.4,180.40481156903925,-531.2417660952964,0.8242143311826655,1.688475663146338,-0.09258114102145941,0.7830888675932592,0.7885426064717926,180.40481156903925,-531.0,0.24176609529638426,183.0,-531.0,0.09289125578948453,-0.731323075393181,0.21145739352820736,-85.66056906131108,217.46701234488836,TRACK
86.452,180.4018559996328,-531.2007833400363,0.7960333834151347,1.6724649178672342,-0.08007099728430617,0.7848532320323139,0.7889270945009257,180.4018559996328,-531.0,0.2007833400363097,183.0,-531.0,0.07712623514143808,-0.7189071482736966,0.21107290549907431,-85.66056906131108,217.46701234488836,TRACK
86.5,180.39971285158447,-531.1628787378801,0.783900758937951,1.6566238999480634,-0.06767326942055937,0.7865423248768497,0.7894482251653666,180.39971285158447,-531.0,0.162878737880078,183.0,-531.0,0.06255701940147747,-0.7213437395364735,0.2105517748346334,-80.6719156177801,212.16723519227816,TRACK
86.552,180.3980334760564,-531.1217522886174,0.7693313723257402,1.64084213149205,-0.05529111425450809,0.7880651504382221,0.7900023978765651,180.3980334760564,-531.0,0.12175228861735832,183.0,-531.0,0.04675830529146377,-0.7225730670342765,0.20999760212343488,-80.6719156177801,212.16723519227816,TRACK
86.6,180.39708294298043,-531.0837471748667,0.7611517279834774,1.625052887230337,-0.042870194611114916,0.7893629688831454,0.7905262489190402,180.39708294298043,-531.0,0.08374717486674399,183.0,-531.0,0.03216325872686017,-0.7289884692566172,0.20947375108095978,-84.15929185898636,214.8665661510306,TRACK
86.652,180.39669459048423,-531.0425360712427,0.7289896596170502,1.6093360674297819,-0.03047953752935361,0.7904683580128091,0.7910557674573075,180.39669459048423,-531.0,0.04253607124269365,183.0,-531.0,0.016337801316217593,-0.7126518583008326,0.20894423254269245,-84.15929185898636,214.8665661510306,TRACK
86.7,180.39692342200837,-531.0044628208622,0.7232285739511554,1.5937170461282906,-0.018143136197224977,0.7914218833997149,0.7916298193695226,180.39692342200837,-531.0,0.004462820862158878,183.0,-531.0,0.001714439186063273,-0.7215141347650921,0.2083701806304774,-78.09775884433334,208.23638579954041,TRACK
86.752,180.39781631612328,-530.963204221852,0.7086712276469033,1.5780970202631577,-0.005783174293209247,0.7921263329318206,0.7921474436169816,180.39781631612328,-531.0,0.036795778147961755,183.0,-531.0,-0.014139403854913557,-0.7228106315018168,0.20785255638301836,-78.09775884433334,208.23638579954041,TRACK
86.8,180.3992408901253,-530.9251250927695,0.7029543061035491,1.5624329879286512,0.006628455474112052,0.7925424326327858,0.7925701508039942,180.3992408901253,-531.0,0.07487490723053725,183.0,-531.0,-0.028781685589596283,-0.7317359916931454,0.20742984919600582,-86.94900532267683,216.46737167494302,TRACK
86.852,180.40141726218488,-530.8838724829831,0.6747874804759162,1.5468896684059803,0.018957154151497797,0.7928143778504886,0.7930409897476807,180.40141726218488,-531.0,0.11612751701693469,183.0,-531.0,-0.04465907596777765,-0.7194465564436938,0.20695901025231933,-86.94900532267683,216.46737167494302,TRACK
86.9,180.4040003373039,-530.8457913618785,0.660237758285964,1.5315266029839179,0.031157072941326257,0.7930041869904907,0.7936160304446479,180.4040003373039,-531.0,0.1542086381215313,183.0,-531.0,-0.05933268821470268,-0.7195704465006667,0.2063839695553521,-82.03915062807343,211.1661307589625,TRACK
86.948,180.40742736432,-530.8045553671881,0.648106979048487,1.5162244880758504,0.04331862540485725,0.793002685806141,0.794184967751669,180.40742736432,-531.0,0.19544463281192748,183.0,-531.0,-0.07524404270274104,-0.723351021751228,0.20581503224833098,-82.03915062807343,211.1661307589625,TRACK
87.0,180.41117453905983,-530.7665243939903,0.639942266157909,1.500926655048235,0.05548025565773937,0.7927609253413159,0.794699907836831,180.41117453905983,-531.0,0.23347560600973338,183.0,-531.0,-0.08994259731150071,-0.7298848634694096,0.20530009216316902,-85.55137249278559,213.9218008512191,TRACK
87.052,180.41585820315788,-530.7253648434777,0.6077808060172025,1.4857009633531704,0.06758682837596008,0.7923300376142441,0.79520743700981,180.41585820315788,-531.0,0.2746351565223222,183.0,-531.0,-0.10587968605537079,-0.7136604920725733,0.20479256299019,-85.55137249278559,213.9218008512191,TRACK
87.1,180.420751507413,-530.6874136906326,0.5995998874364492,1.4705804537183762,0.07961178197129848,0.7917416806110754,0.7957342047728599,180.420751507413,-531.0,0.31258630936736154,183.0,-531.0,-0.1206046128187401,-0.7202045002551893,0.20426579522714006,-79.49638184916174,207.36563451962357,TRACK
87.152,180.42667600179752,-530.6463692353163,0.5874732413490915,1.4554615658731407,0.09162406279250299,0.7908928493337717,0.7961824338742325,180.42667600179752,-531.0,0.3536307646836576,183.0,-531.0,-0.1365663932144812,-0.7240396345635727,0.2038175661257675,-79.49638184916174,207.36563451962357,TRACK
87.2,180.43272278607589,-530.6085640921666,0.5593016638084698,1.4403009741675135,0.10364677617822543,0.7897428542004598,0.7965151787460348,180.43272278607589,-531.0,0.3914359078333973,183.0,-531.0,-0.15130591534710777,-0.7106075791555776,0.20348482125396516,-88.33133489428874,215.68801865796522,TRACK
87.252,180.43988337203024,-530.5676892271404,0.5672437750805381,1.4252585729397265,0.11556665613168712,0.7884521390607974,0.7968766702564497,180.43988337203024,-531.0,0.4323107728596369,183.0,-531.0,-0.1672855694108166,-0.7345293444913548,0.2031233297435503,-88.33133489428874,215.68801865796522,TRACK
87.3,180.44704614185983,-530.5300305410357,0.5414638092139152,1.4103915143540124,0.12734685649303118,0.7870884765695515,0.7973239566244289,180.44704614185983,-531.0,0.4699694589643286,183.0,-531.0,-0.18205029126668468,-0.7235141004805999,0.2026760433755711,-90.43797582860505,217.55484831975957,TRACK
87.352,180.4554007799837,-530.4893183034322,0.526883864530133,1.3956703624693285,0.13900859793886022,0.7856321859471023,0.7978353977462707,180.4554007799837,-531.0,0.5106816965677581,183.0,-531.0,-0.19806122979112337,-0.7249450943212564,0.20216460225372934,-90.43797582860505,217.55484831975957,TRACK
87.4,180.46365915753856,-530.4518227894647,0.5186289537699664,1.3810650335644044,0.1505729249977253,0.7840657102122677,0.7983929130904397,180.46365915753856,-531.0,0.5481772105353002,183.0,-531.0,-0.21285517796719475,-0.7314841317371612,0.2016070869095603,-82.33652073490933,208.79167615583177,TRACK
87.452,180.47320449806313,-530.4113250402772,0.4927611744919411,1.3664345033219119,0.16211988554850623,0.7822237157844196,0.7988471686285464,180.47320449806313,-531.0,0.5886749597227663,183.0,-531.0,-0.22889011455903094,-0.7216512890509721,0.20115283137145357,-82.33652073490933,208.79167615583177,TRACK
87.5,180.48257075290954,-530.3740773896486,0.48058998803880465,1.3517234481071854,0.1736735338616169,0.7800428677601786,0.7991428983026163,180.48257075290954,-531.0,0.6259226103513811,183.0,-531.0,-0.24369413984036092,-0.7242841278791656,0.2008571016973837,-84.10009246775242,209.9714977000345,TRACK
87.548,180.4933116104848,-530.3338789569158,0.4659998298689281,1.3370038017218504,0.1851820306896576,0.7775942382074033,0.7993404680007744,180.4933116104848,-531.0,0.6661210430842175,183.0,-531.0,-0.2597346885838061,-0.7257345184527342,0.2006595319992256,-84.10009246775242,209.9714977000345,TRACK
87.596,180.50376879049895,-530.2969211705046,0.4602273885780086,1.3223124592037994,0.1966185908848591,0.7749201140833726,0.7994748610760283,180.50376879049895,-531.0,0.7030788294954391,183.0,-531.0,-0.27454377341490843,-0.734771161992917,0.20052513892397172,-87.30758924112082,213.17024838896538,TRACK
87.652,180.5156783187254,-530.2570467821416,0.43197951828239267,1.3076883590114712,0.20796237021474134,0.7720833804431244,0.7996005839053743,180.5156783187254,-531.0,0.7429532178583713,183.0,-531.0,-0.2905912214429682,-0.7225707397253609,0.20039941609462575,-87.30758924112082,213.17024838896538,TRACK
87.7,180.52720310129055,-530.2203949329613,0.41981880489381873,1.2931393203214012,0.21921041351043896,0.7691072642278269,0.799736950052597,180.52720310129055,-531.0,0.7796050670386876,183.0,-531.0,-0.3054087832501828,-0.7252275881440016,0.20026304994740296,-84.3309692838638,210.1686404651058,TRACK
87.752,180.5402637991094,-530.1808739772154,0.40522361439995014,1.2786000925612966,0.23039531179324724,0.7659261546536029,0.7998280278152063,180.5402637991094,-531.0,0.8191260227846442,183.0,-531.0,-0.3214629188487694,-0.7266865332487196,0.20017197218479366,-84.3309692838638,210.1686404651058,TRACK
87.796,180.55284976864712,-530.1445776868788,0.3793987520592863,1.2640397078123244,0.24152964721151426,0.7625124508952079,0.7998511163037377,180.55284976864712,-531.0,0.8554223131211529,183.0,-531.0,-0.3362815010174343,-0.7156802530767206,0.20014888369626227,-87.56216969989396,213.2912163053502,TRACK
87.852,180.56705152189235,-530.1054595748454,0.36481314851490465,1.2495119342363488,0.2525829944534527,0.758928077922089,0.7998562349232451,180.56705152189235,-531.0,0.8945404251545597,183.0,-531.0,-0.3523355449635187,-0.7171486934784234,0.2001437650767549,-87.56216969989396,213.2912163053502,TRACK
87.9,180.5806787672505,-530.0695414766188,0.35902137759444774,1.2350393708761065,0.2635442771312596,0.7552060502183247,0.7998698420962006,180.5806787672505,-531.0,0.9304585233811622,183.0,-531.0,-0.36715595853319627,-0.726177336127644,0.2001301579037994,-81.22282624483574,207.03732088392212,TRACK
87.952,180.59600489589283,-530.0308617410254,0.3444269288286901,1.2205136475632392,0.2744604152279309,0.7512283068283283,0.7997952791228798,180.59600489589283,-531.0,0.9691382589745672,183.0,-531.0,-0.38320735964758346,-0.7276342884762735,0.20020472087712016,-81.22282624483574,207.03732088392212,TRACK
88.0,180.61067178371312,-529.995389716286,0.3386733947110512,1.2058900222921691,0.2853453269210489,0.7469485798300062,0.7995962334239346,180.61067178371312,-531.0,1.004610283713987,183.0,-531.0,-0.3980165827787451,-0.7366899774897963,0.2004037665760654,-89.7665979736228,215.6598296669534,TRACK
88.048,180.62711250737692,-529.9572022364625,0.32411619151011095,1.1913188645076833,0.2961331794665895,0.7425476910859545,0.7994197480160679,180.62711250737692,-531.0,1.0427977635374646,183.0,-531.0,-0.4140574184940297,-0.7381736100041407,0.20058025198393215,-89.7665979736228,215.6598296669534,TRACK
88.1,180.64279022964786,-529.9221699512642,0.29828748554904494,1.1768577761052998,0.3068032915455584,0.7380997454437335,0.7993243984311332,180.64279022964786,-531.0,1.077830048735791,183.0,-531.0,-0.42886520125384603,-0.727152686802891,0.20067560156886677,-91.56066757830865,217.8200138892177,TRACK
88.152,180.66031495272372,-529.8844603988616,0.2836656756186715,1.162470839386759,0.31737700636138627,0.73357912955582,0.7992912507257852,180.66031495272372,-531.0,1.11553960113838,183.0,-531.0,-0.4449082088128919,-0.7285738844315635,0.20070874927421478,-91.56066757830865,217.8200138892177,TRACK
88.2,180.6769878379061,-529.8498819131436,0.2753615799945386,1.1481299375038174,0.32786817525636935,0.7289612259053395,0.7993009503430837,180.6769878379061,-531.0,1.1501180868564234,183.0,-531.0,-0.45971812115549776,-0.7350797011500363,0.20069904965691632,-83.13114995243131,209.33602341527353,TRACK
88.252,180.69558950017299,-529.8127031780596,0.2430842244909932,1.1336927089338704,0.338317809943794,0.724066282980897,0.7992064330790497,180.69558950017299,-531.0,1.1872968219404356,183.0,-531.0,-0.47575566415896686,-0.7188398886499601,0.2007935669209503,-83.13114995243131,209.33602341527353,TRACK
88.3,180.7132569202346,-529.7786668460291,0.2347987785269876,1.119106204141797,0.348731514412829,0.7188246716599399,0.7989509232310115,180.7132569202346,-531.0,1.2213331539709316,183.0,-531.0,-0.49054846756519016,-0.7253472460921777,0.20104907676898853,-81.26478099774786,207.49420040586241,TRACK
88.348,180.73292976736715,-529.7421138900895,0.22261454265518688,1.1043977422064786,0.3590888785296489,0.7132655477105523,0.7985565504299086,180.73292976736715,-531.0,1.257886109910487,183.0,-531.0,-0.506559931026965,-0.7291744736821518,0.20144344957009142,-81.26478099774786,207.49420040586241,TRACK
88.4,180.75157648738565,-529.7086790250604,0.19435241105501722,1.0895918426096076,0.3693734378457926,0.707418496849093,0.7980461554761414,180.75157648738565,-531.0,1.2913209749395946,183.0,-531.0,-0.5213252264036929,-0.7156776374587102,0.20195384452385856,-89.51277321007689,216.3862552079592,TRACK
88.452,180.77229671190094,-529.6727776235055,0.18857240453838608,1.0748200766278613,0.37955578422191,0.7014660718795063,0.7975695852616083,180.77229671190094,-531.0,1.3272223764945466,183.0,-531.0,-0.5373112158869379,-0.725883620425324,0.20243041473839174,-89.51277321007689,216.3862552079592,TRACK
88.5,180.79189718899954,-529.6399279130006,0.1763916163218473,1.0601313150534664,0.3896314052549082,0.6954820858193158,0.797187533555625,180.79189718899954,-531.0,1.3600720869993665,183.0,-531.0,-0.5520620627441949,-0.7284536790660422,0.202812466444375,-84.02982553328968,211.61735554051006,TRACK
88.552,180.81364466222797,-529.6046777421594,0.16176409779237352,1.0453974757730635,0.3996376370685669,0.6893241210598942,0.7967923097249014,180.81364466222797,-531.0,1.3953222578405757,183.0,-531.0,-0.568032030681866,-0.7297961284742396,0.20320769027509855,-84.02982553328968,211.61735554051006,TRACK
88.6,180.83419165505296,-529.5724675970658,0.13590164118537398,1.0305593496403167,0.40958628677682396,0.6829263199963905,0.796334907472628,180.83419165505296,-531.0,1.4275324029341618,183.0,-531.0,-0.5827613220221403,-0.7186629632075142,0.20366509252737197,-86.9829058951795,214.89196964228017,TRACK
88.652,180.8569570087156,-529.5379308490795,0.12765331387978995,1.015677134914981,0.4194594283649583,0.6763609886746051,0.7958708431932576,180.8569570087156,-531.0,1.4620691509204562,183.0,-531.0,-0.5987066327776812,-0.7263599466574712,0.20412915680674237,-86.9829058951795,214.89196964228017,TRACK
88.696,180.87843355011466,-529.5063837684164,0.11546007662483372,1.0007815905409996,0.4292484094720851,0.6696654391404819,0.7954281849504261,180.87843355011466,-531.0,1.4936162315835873,183.0,-531.0,-0.6134160284853531,-0.7288761051101869,0.2045718150495739,-83.61934257475825,212.10864743531164,TRACK
88.748,180.9021985380566,-529.4725857817011,0.10082602207430223,0.9858058876053835,0.4389681157661238,0.6627689844865359,0.794956434942554,180.9021985380566,-531.0,1.5274142182988726,183.0,-531.0,-0.6293387041358474,-0.7301647262101496,0.20504356505744603,-83.61934257475825,212.10864743531164,TRACK
88.8,180.92459261711153,-529.4417498950386,0.0950087946897331,0.970724994129598,0.4486194350234276,0.6556448468306231,0.7944366322472112,180.92459261711153,-531.0,1.5582501049614166,183.0,-531.0,-0.6440234633054035,-0.7390322579951366,0.20556336775278883,-86.47576766382424,215.46477592026656,TRACK
88.848,180.94934340601372,-529.4087379281481,0.0803857612071519,0.9555931261088869,0.4581944811453723,0.6483650814337116,0.7939266095645242,180.94934340601372,-531.0,1.5912620718519292,183.0,-531.0,-0.6599200809999564,-0.7403058422071083,0.2060733904354758,-86.47576766382424,215.46477592026656,TRACK
88.9,180.97263891535937,-529.3786320347014,0.05450501887706549,0.9404332451194893,0.4676895017231394,0.6409594426475449,0.7934497319560262,180.97263891535937,-531.0,1.6213679652986457,183.0,-531.0,-0.6745842541835555,-0.729089273060621,0.2065502680439738,-90.14765690934786,219.76196327483336,TRACK
88.952,180.9983578776075,-529.3464144293929,0.03984848698554022,0.9252757594591234,0.4771065758671271,0.6334729042201882,0.7930438859967426,180.9983578776075,-531.0,1.653585570607106,183.0,-531.0,-0.6904628250601422,-0.7303113120456824,0.20695611400325742,-90.14765690934786,219.76196327483336,TRACK
89.0,181.02254011622793,-529.3170442473445,0.013905764916155361,0.9101262204876269,0.48644809758756724,0.6259149651794389,0.7927176642929951,181.02254011622793,-531.0,1.6829557526555163,183.0,-531.0,-0.7051146242139671,-0.7190203891301225,0.20728233570700494,-81.41298758901773,211.43858458075727,TRACK
89.052,181.04921201136278,-529.2856576310364,0.005555331051692481,0.8948402181478882,0.4957136345318723,0.6181007986708225,0.7923260722570646,181.04921201136278,-531.0,1.714342368963571,183.0,-531.0,-0.7209752375292293,-0.7265305685809218,0.20767392774293536,-81.41298758901773,211.43858458075727,TRACK
89.096,181.07426504748884,-529.2571052569599,-0.0066738238683226045,0.8793642048269733,0.5048922508649007,0.609959913444088,0.7918126552361645,181.07426504748884,-531.0,1.7428947430400967,183.0,-531.0,-0.73560053766034,-0.7289267137920173,0.2081873447638355,-82.61301182938477,211.43858458075727,TRACK
89.148,181.10186809133523,-529.22663291565,-0.021330681023206566,0.8637697674087099,0.5139696812590688,0.6015762410165344,0.7912387800210074,181.10186809133523,-531.0,1.7733670843499567,183.0,-531.0,-0.7514292496958602,-0.7300985686726537,0.20876121997899255,-82.61301182938477,212.9501097637301,TRACK
89.2,181.12776866958276,-529.1989322928653,-0.049659765702087855,0.8481051972938308,0.522938675873293,0.5930082644664112,0.7906476209093265,181.12776866958276,-531.0,1.8010677071347345,183.0,-531.0,-0.7660273685129786,-0.7163676028108907,0.2093523790906735,-85.31813564595869,216.4409187694427,TRACK
89.252,181.15627945963578,-529.1693866128787,-0.0418093426326438,0.8324107300459878,0.5318096877514517,0.5843205256587575,0.7900962097696856,181.15627945963578,-531.0,1.830613387121275,183.0,-531.0,-0.7818309596795378,-0.740021617046894,0.20990379023031436,-85.31813564595869,216.4409187694427,TRACK
89.3,181.1830100140863,-529.142543351678,-0.0677053958207734,0.8167050333968178,0.5405865899068361,0.5755404546001348,0.7896079255354721,181.1830100140863,-531.0,1.8574566483219996,183.0,-531.0,-0.796410713188301,-0.7287053173675276,0.2103920744645279,-88.93989641523974,220.7195528049408,TRACK
89.352,181.21241168443805,-529.1139271486865,-0.08237420387893037,0.8010182261073653,0.5492771415761677,0.5667103540869876,0.7892186032320095,181.21241168443805,-531.0,1.8860728513135427,183.0,-531.0,-0.8122000235487864,-0.729825819669856,0.21078139676799046,-88.93989641523974,220.7195528049408,TRACK
89.4,181.23995751486666,-529.087941743786,-0.1083273656615471,0.7853564732608294,0.5578851555664317,0.5578386408889016,0.7889358630903773,181.23995751486666,-531.0,1.9120582562139816,183.0,-531.0,-0.8267720340578633,-0.7184446683963162,0.21106413690962267,-80.20465054038522,212.33304895477096,TRACK
89.452,181.27023084962994,-529.0602855928294,-0.11668840405352321,0.7695754209836044,0.5663881812556684,0.5487422864784028,0.788615032088312,181.27023084962994,-531.0,1.9397144071706407,183.0,-531.0,-0.8425497005146322,-0.725861296461109,0.21138496791168804,-80.20465054038522,212.33304895477096,TRACK
89.496,181.29856684265795,-529.0352338594859,-0.128922711239273,0.7536191583863597,0.5747689336454052,0.5393513751739958,0.7881999955505941,181.29856684265795,-531.0,1.9647661405141434,183.0,-531.0,-0.8571022635119331,-0.7281795522726601,0.21180000444940594,-81.43539387528956,213.75711064951935,TRACK
89.552,181.32968146848663,-529.0086134968766,-0.14358486153958164,0.7375624129528054,0.5830251730240519,0.5297539114254327,0.7877547581895464,181.32968146848663,-531.0,1.9913865031234081,183.0,-531.0,-0.8728571277283137,-0.7292722661887321,0.21224524181045357,-81.43539387528956,213.75711064951935,TRACK
89.6,181.35878189377684,-528.9845224892241,-0.1494285199115548,0.721450335069327,0.5911569635401352,0.5200036398926273,0.7873184495765192,181.35878189377684,-531.0,2.015477510775895,183.0,-531.0,-0.8873920851678732,-0.7379635652563183,0.2126815504234808,-84.2112383872774,217.1365373022351,TRACK
89.652,181.39071409652271,-528.9589442357511,-0.17775719051110883,0.7053271433188223,0.5991803140137016,0.5101636873829762,0.7869460188766148,181.39071409652271,-531.0,2.041055764248881,183.0,-531.0,-0.9031331746647805,-0.7253759841536717,0.21305398112338525,-84.2112383872774,217.1365373022351,TRACK
89.7,181.42056120386,-528.9358144406111,-0.18996679406672978,0.6892133758587308,0.6071023617765298,0.5002611530280496,0.7866603453229317,181.42056120386,-531.0,2.064185559388875,183.0,-531.0,-0.9176611996744529,-0.7276944056077231,0.21333965467706828,-80.8564866660199,214.2007893962662,TRACK
89.752,181.4532902450137,-528.9112917930795,-0.204617066320522,0.6730524180462253,0.6149081583047802,0.4902260309311221,0.7864054962627475,181.4532902450137,-531.0,2.0887082069205007,183.0,-531.0,-0.9333963990948752,-0.7287793327743531,0.21359450373725253,-80.8564866660199,214.2007893962662,TRACK
89.8,181.48385871536655,-528.8891591721093,-0.2304972942789396,0.6568235994713727,0.6225853992209417,0.4800306146794734,0.7861564541188047,181.48385871536655,-531.0,2.1108408278906836,183.0,-531.0,-0.9479174276649124,-0.7174201333859728,0.21384354588119525,-83.82678910661852,217.3326578663347,TRACK
89.852,181.51735564691447,-528.8657250291459,-0.24512902407339343,0.6405943503629479,0.6301406256814769,0.46974970794930004,0.7859656457204067,181.51735564691447,-531.0,2.134274970854108,183.0,-531.0,-0.9636477984963617,-0.7185187744229683,0.21403435427959328,-83.82678910661852,217.3326578663347,TRACK
89.896,181.54862219484187,-528.8445937058574,-0.250966602281814,0.624399655426284,0.637576651996922,0.45941987581235477,0.7858566087162745,181.54862219484187,-531.0,2.155406294142608,183.0,-531.0,-0.978169896115298,-0.727203293833484,0.2141433912837255,-77.29687369057804,210.99381102415504,TRACK
89.952,181.58285802131203,-528.822263469451,-0.2792753449579677,0.608142097875223,0.6448582711933798,0.44892258739836594,0.7857313022929391,181.58285802131203,-531.0,2.177736530549055,183.0,-531.0,-0.9939005199592126,-0.7146251750012449,0.21426869770706092,-77.29687369057804,210.99381102415504,TRACK
90.0,181.61478606907912,-528.8021830707202,-0.27139086414039104,0.5917890866170916,0.6519665579106579,0.4382192558875627,0.7855549050604422,181.61478606907912,-531.0,2.1978169292798384,183.0,-531.0,-1.0084176711085149,-0.7370268069681238,0.21444509493955777,-78.66999930090263,212.39176604100174,TRACK
