time_s,north_m,east_m,body_yaw_rad,course_angle_rad,vx_mps,vy_mps,speed_mps,reference_north_m,reference_east_m,position_error_m,target_north_m,target_east_m,desired_heading_rad,heading_error_rad,speed_error_mps,left_thrust,right_thrust,controller_state
0.0,161.88570009337232,-531.8965275091105,0.5708019367777963,-2.605982925758027,-0.007838687635065414,-0.0028347405741426853,0.008335513059363425,163.0,-531.0,1.4301838540908829,166.5,-531.0,0.19190236524823354,-0.3788995715295628,0.9916644869406366,0.0,0.0,TRACK
0.052,161.88934147553283,-531.8941469268917,0.5707998179883256,-2.605982925758027,0.01941415604063655,0.014180568175979484,0.02404158831200191,163.0,-531.0,1.4258545104047256,166.5,-531.0,0.19155266806964882,-0.37924714991867675,0.9759584116879981,0.0,0.0,TRACK
0.096,161.89286646370894,-531.8918556777866,0.5707981776156505,-2.605982925758027,0.038322240210551736,0.02592439403947998,0.046267356754729934,163.0,-531.0,1.4216719794595658,166.5,-531.0,0.19121634676131227,-0.3795818308543383,0.9537326432452701,139.8954876115256,397.77141951523436,TRACK
0.152,161.89794488559897,-531.8885738858139,0.5702469620870252,0.5826616956587543,0.05909114193515959,0.038939840556987,0.07076774857097508,163.0,-531.0,1.4156585131054356,166.5,-531.0,0.19073484877629288,-0.3795121133107323,0.9292322514290249,139.8954876115256,397.77141951523436,TRACK
0.2,161.9044329661215,-531.8837209462596,0.5691575626440377,0.6161406347911543,0.08571816273463513,0.060696913945665176,0.10503198934195655,163.0,-531.0,1.407561663508659,166.5,-531.0,0.18997948616586385,-0.37917807647817386,0.8949680106580434,115.17544677005145,373.57855550136424,TRACK
0.252,161.91312857353063,-531.8766188847892,0.5671281941616706,0.6522474085295028,0.11424493256968911,0.08725533088462284,0.14375464300549678,163.0,-531.0,1.396334546892191,166.5,-531.0,0.18883765665295535,-0.3782905375087152,0.8562453569945032,115.17544677005145,373.57855550136424,TRACK
0.3,161.92279772736222,-531.868318583857,0.5640909345809388,0.6807278863974773,0.14476345285901263,0.11723899270567043,0.1862832217197883,163.0,-531.0,1.3835974484102664,166.5,-531.0,0.18747729955592768,-0.37661363502501116,0.8137167782802117,89.74894955925208,345.97224119581574,TRACK
0.352,161.9354567432154,-531.8572833102343,0.5595805138897323,0.6982288609917356,0.17930115875481778,0.15048122541163678,0.23408012459883945,163.0,-531.0,1.3668163810738292,166.5,-531.0,0.18565088407976063,-0.3739296298099717,0.7659198754011606,89.74894955925208,345.97224119581574,TRACK
0.4,161.94969190081358,-531.8450200115509,0.5552542754311065,0.704337201750279,0.2203437773439181,0.1872326827504345,0.2891495421129195,163.0,-531.0,1.3480378047881605,166.5,-531.0,0.183614421990531,-0.3716398534405755,0.7108504578870805,63.656037786850064,313.9639143232556,TRACK
0.452,161.96829241300637,-531.8293927348515,0.5512007383051889,0.7017375766455557,0.26841921041732936,0.22688483695704575,0.3514620915007588,163.0,-531.0,1.3237495434124316,166.5,-531.0,0.18101653046189825,-0.37018420784329065,0.6485379084992412,63.656037786850064,313.9639143232556,TRACK
0.5,161.98851218444008,-531.8128688034711,0.5444186081309272,0.6941975860129561,0.3219083201421098,0.26796214367034865,0.4188420669143963,163.0,-531.0,1.2976375814081391,166.5,-531.0,0.17826490695895564,-0.3661537011719716,0.5811579330856037,25.597229253194854,274.0435476868504,TRACK
0.552,162.01329918169296,-531.7929488612012,0.5394615003440315,0.686610340862813,0.3760759665251817,0.3082519278946278,0.48626369764625077,163.0,-531.0,1.2658382208355574,166.5,-531.0,0.1749268395948008,-0.3645346607492307,0.5137363023537492,25.597229253194854,274.0435476868504,TRACK
0.6,162.03828347914003,-531.7731130206841,0.5325360793123037,0.6800052152588538,0.42662654712630177,0.34500009023528416,0.5486668141734697,163.0,-531.0,1.2339377655483148,166.5,-531.0,0.171573414025775,-0.36096266528652876,0.45133318582653026,-12.980722660969107,229.86826151623956,TRACK
0.652,162.06668391270213,-531.7504109866378,0.5257004581578362,0.6777028576605971,0.46846401999236936,0.3770522108879615,0.6013542281907651,163.0,-531.0,1.1975790444374528,166.5,-531.0,0.16767697385739136,-0.35802348430044484,0.3986457718092349,-12.980722660969107,229.86826151623956,TRACK
0.7,162.0935330363116,-531.728878211684,0.5178626202194332,0.6770191461628783,0.5002764726475006,0.40209375444871986,0.6418379362824332,163.0,-531.0,1.16316198516204,166.5,-531.0,0.16392672261139402,-0.3539358976080392,0.35816206371756676,-36.966650328116685,200.70738660057773,TRACK
0.752,162.12271025396333,-531.7052384457238,0.5083141357727696,0.6784974477809724,0.5215648260305388,0.4204747497390572,0.669946925450359,163.0,-531.0,1.125610307268022,166.5,-531.0,0.15974032803691632,-0.34857380773585334,0.33005307454964095,-36.966650328116685,200.70738660057773,TRACK
0.8,162.14941948142084,-531.6833793475479,0.5003266608614978,0.6811962606266839,0.5337719204641357,0.43269784486316226,0.6871243613969722,163.0,-531.0,1.0910978651071461,166.5,-531.0,0.15580465107074726,-0.34452200979075054,0.3128756386030278,-39.38129305428639,189.1067947850836,TRACK
0.852,162.17800908714312,-531.6597386579422,0.49346276330814653,0.6846860982116527,0.5393817868170916,0.44037362535335645,0.6963200714160528,163.0,-531.0,1.0540038698233594,166.5,-531.0,0.15147762470385248,-0.341985138604294,0.3036799285839472,-39.38129305428639,189.1067947850836,TRACK
0.9,162.20412550044475,-531.637952206734,0.4842925667743023,0.6884263606051031,0.5410303417554394,0.4451023965393719,0.7005925878176986,163.0,-531.0,1.0199996260386992,166.5,-531.0,0.14742601386495188,-0.3368665529093504,0.2994074121823014,-35.04820551477664,191.81365793047848,TRACK
0.952,162.2323106225766,-531.6143030648494,0.475598978250932,0.6918378455708397,0.5413772749515291,0.44849347428129527,0.7030190255653472,163.0,-531.0,0.9832167796026142,166.5,-531.0,0.1429608150140337,-0.3326381632368983,0.29698097443465277,-35.04820551477664,191.81365793047848,TRACK
1.0,162.25837802484577,-531.5923432945596,0.46595545417365014,0.694740874221563,0.5419700369312453,0.45164408331313055,0.7054884116149701,163.0,-531.0,0.9491436838758035,166.5,-531.0,0.1387528348255808,-0.3272026193480694,0.2945115883850299,-27.356011182026137,190.5604238552571,TRACK
1.052,162.2867738620663,-531.5683852524098,0.4568723190495135,0.6968913765870236,0.5434063514511781,0.45482470708440575,0.7086296472572233,163.0,-531.0,0.9120051090804293,166.5,-531.0,0.1340954225642685,-0.322776896485245,0.2913703527427767,-27.356011182026137,190.5604238552571,TRACK
1.1,162.31311030020365,-531.5461152213853,0.4468712507294455,0.6986718151962191,0.5452506565281036,0.45802170249187585,0.7120970147373772,163.0,-531.0,0.8775302243883469,166.5,-531.0,0.12970234307641415,-0.31716890765303135,0.2879029852626228,-24.986075422124784,185.80623718758494,TRACK
1.152,162.34166911099146,-531.5218946665082,0.4375110740172128,0.7003339869806451,0.5466356916612466,0.46073707213907067,0.7149050489689192,163.0,-531.0,0.840103328378383,166.5,-531.0,0.12485298708446975,-0.31265808693274305,0.28509495103108085,-24.986075422124784,185.80623718758494,TRACK
1.2,162.36795174322071,-531.4995154216209,0.4272586464167196,0.7020981457987803,0.5469573929181204,0.4626610908599073,0.7163921235353349,163.0,-531.0,0.8056057691792256,166.5,-531.0,0.1203043168890341,-0.30695432952768553,0.2836078764646651,-23.280549539980157,180.45881947649934,TRACK
1.252,162.39627174278363,-531.4753148869607,0.4153102437471066,0.7038568566512591,0.5461376870702153,0.463617923117759,0.7163853375624244,163.0,-531.0,0.7683827498896807,166.5,-531.0,0.11531131716942307,-0.29999892657768357,0.2836146624375756,-23.280549539980157,180.45881947649934,TRACK
1.296,162.4222871678733,-531.4530351458153,0.405681489296035,0.7053733562839339,0.5446853045411326,0.46380809587870553,0.715402006417159,163.0,-531.0,0.7341613989769258,166.5,-531.0,0.11064654839774876,-0.2950349408982862,0.284597993582841,-16.902000452953658,175.84385022895054,TRACK
1.352,162.45047204163973,-531.4289555745274,0.39762735978590347,0.7059450295451475,0.54375132907197,0.46354929983567317,0.7145232405217318,163.0,-531.0,0.6971254276941644,166.5,-531.0,0.1055337598951957,-0.29209359989070777,0.2854767594782682,-16.902000452953658,175.84385022895054,TRACK
1.4,162.47667455072204,-531.4067098135425,0.38713707400580305,0.7052315723641899,0.5444983259552918,0.4635157187414283,0.7150701004017005,163.0,-531.0,0.6627838247074107,166.5,-531.0,0.10074573683332307,-0.28639133717248,0.2849298995982995,-15.118055358264385,176.92783083357375,TRACK
1.452,162.50551923876566,-531.3824958610214,0.377435493411872,0.7028005390999346,0.5480708506260723,0.46426374376631374,0.7182774401872162,163.0,-531.0,0.6251514271993757,166.5,-531.0,0.0954650202642812,-0.28197047314759077,0.2817225598127838,-15.118055358264385,176.92783083357375,TRACK
1.496,162.53277423965926,-531.3599527466579,0.366908230552635,0.6986225777876003,0.5549804344228069,0.4661483090156069,0.7247741224617757,163.0,-531.0,0.5898015691336662,166.5,-531.0,0.09048384978507025,-0.27642438076756476,0.27522587753822425,-13.019960760736538,170.06430381022852,TRACK
1.552,162.5630960839784,-531.3352963178679,0.35718702797810886,0.6929219552280318,0.5648266191382172,0.468953133100309,0.7341295190439523,163.0,-531.0,0.5507346480936136,166.5,-531.0,0.0849624841811499,-0.27222454379695893,0.2658704809560477,-13.019960760736538,170.06430381022852,TRACK
1.6,162.59178986632304,-531.3123368971959,0.34667220848033775,0.6864175679897213,0.5763627987028882,0.47223197891526925,0.7451155062397087,163.0,-531.0,0.5139940180454698,166.5,-531.0,0.07974864895473557,-0.2669235595256022,0.2548844937602913,-17.28131516458393,159.60854476478562,TRACK
1.652,162.62341270546506,-531.2873403010248,0.33698791043008064,0.6801268060812611,0.5874818518435287,0.47519710667766235,0.7556104925425027,163.0,-531.0,0.4736902352784413,166.5,-531.0,0.07398667560654197,-0.26300123482353865,0.24438950745749732,-17.28131516458393,159.60854476478562,TRACK
1.696,162.6528220316402,-531.2642908288482,0.3265317921544084,0.6746409504494122,0.5963062070586992,0.4769471872947155,0.7635834676347261,163.0,-531.0,0.4363280691494585,166.5,-531.0,0.06858956005153696,-0.2579422321028715,0.23641653236527393,-21.705025052254925,149.48430832324692,TRACK
1.752,162.6845635229933,-531.2394944769509,0.3145199883257561,0.6705886870461739,0.6012436879263456,0.4769141941271976,0.7674249936190944,163.0,-531.0,0.3960527433516575,166.5,-531.0,0.06268763199909515,-0.25183235632666096,0.23257500638090556,-21.705025052254925,149.48430832324692,TRACK
1.8,162.7134884306825,-531.2168923361036,0.30654964510026805,0.6680437032870591,0.6017191823858888,0.4748015031943254,0.766487078747407,163.0,-531.0,0.35934825004894444,166.5,-531.0,0.05721772880737546,-0.24933191629289259,0.23351292125259304,-17.738092449827818,144.03525062460488,TRACK
1.852,162.7442541711726,-531.1928021573638,0.29466487524280205,0.6667505685782146,0.5981945680033984,0.47076641090196475,0.7612212259404555,163.0,-531.0,0.32027894224680675,166.5,-531.0,0.05129022811352571,-0.24337464712927634,0.2387787740595445,-17.738092449827818,144.03525062460488,TRACK
1.9,162.77208062759019,-531.1709358752771,0.2867985738330912,0.6665028418764617,0.5917277139137725,0.4654398073014232,0.7528452042979389,163.0,-531.0,0.28489702310911474,166.5,-531.0,0.04582079499669543,-0.24097777883639576,0.24715479570206111,-9.870021740101336,148.8380364165825,TRACK
1.952,162.80173411591954,-531.1476101514728,0.2750831470560413,0.6665096177088886,0.5842138008761752,0.45953593881336374,0.7432893408325367,163.0,-531.0,0.24718033418544666,166.5,-531.0,0.039892167372708544,-0.23519097968333277,0.2567106591674633,-9.870021740101336,148.8380364165825,TRACK
2.0,162.82883813122592,-531.1263026618528,0.26732881885638804,0.6664142646712502,0.577372415511853,0.4540654720409779,0.7345300259987932,163.0,-531.0,0.21271753033858257,166.5,-531.0,0.034390438129896214,-0.2329383807264918,0.26546997400120675,0.7242950904604868,154.19113436456843,TRACK
2.052,162.8582261873581,-531.1034168407405,0.25808426368608095,0.664772501176859,0.573096294049281,0.44918173739065037,0.7281508054368292,163.0,-531.0,0.17548463436939302,166.5,-531.0,0.02838975199076243,-0.22969451169531852,0.2718491945631708,0.7242950904604868,154.19113436456843,TRACK
2.096,162.88561000050524,-531.0822883252296,0.24814959983189921,0.6621273699913309,0.5721862286632569,0.4460302215708678,0.7254929626305401,163.0,-531.0,0.14091288249659437,166.5,-531.0,0.022762931547503806,-0.2253866682843954,0.2745070373694599,4.792970565124548,157.1808934935143,TRACK
2.152,162.91577089377398,-531.0593461617319,0.23904874509286933,0.657971621657026,0.5749270610168866,0.44433805217829736,0.7266205544182728,163.0,-531.0,0.10303644621174382,166.5,-531.0,0.01655606758006663,-0.2224926775128027,0.2733794455817272,4.792970565124548,157.1808934935143,TRACK
2.196,162.94417149818614,-531.0380805729948,0.22926136630332297,0.6525722826158931,0.580790330166276,0.44388131845762,0.7309911302405296,163.0,-531.0,0.06757922502064323,166.5,-531.0,0.010708929650556098,-0.21855243665276688,0.26900886975947036,5.084083619639401,150.97816692676537,TRACK
2.252,162.97553363831074,-531.015009380672,0.21806664207138216,0.6460578508224217,0.588605042369809,0.44380972840045674,0.7371722803565337,163.0,-531.0,0.028703385905988497,166.5,-531.0,0.0042585992875498165,-0.21380804278383234,0.2628277196434663,5.084083619639401,150.97816692676537,TRACK
2.3,163.0049593937768,-530.9937660752153,0.2106674174735772,0.6386698112302822,0.5971560778137636,0.44337542574930455,0.7437587978829526,163.0049593937768,-531.0,0.00623392478473761,166.5,-531.0,-0.0017836468517060727,-0.21245106432528327,0.2562412021170474,2.8315243714124563,141.43734000114128,TRACK
2.352,163.03720120295517,-530.970908547659,0.20185977021329493,0.6308723309251528,0.6051636277410732,0.44204276990453006,0.7494163240586674,163.03720120295517,-531.0,0.029091452341049262,166.5,-531.0,-0.00840094087430316,-0.21026071108759808,0.2505836759413326,2.8315243714124563,141.43734000114128,TRACK
2.396,163.06716752883986,-530.9500424027761,0.19241456310018967,0.6228779135983215,0.6118608176075349,0.43947677354171244,0.753334915297303,163.06716752883986,-531.0,0.049957597223851735,166.5,-531.0,-0.014551852242533905,-0.2069664153427236,0.246665084702697,-2.2084319508846164,139.01154466025366,TRACK
2.452,163.0997168444186,-530.9276674129745,0.18377474611516398,0.6156130415158763,0.6167914632248392,0.4362607956976285,0.7554834154167557,163.0997168444186,-531.0,0.07233258702547118,166.5,-531.0,-0.0212693108276859,-0.20504405694284988,0.24451658458324432,-2.2084319508846164,139.01154466025366,TRACK
2.5,163.12977911448326,-530.9072951764244,0.17306437411093967,0.6085951674818401,0.6201185036509675,0.4321170753811835,0.7558254596176966,163.12977911448326,-531.0,0.0927048235755592,166.5,-531.0,-0.02750011231124811,-0.20056448642218777,0.24417454038230335,0.30789234755692974,136.41416256292302,TRACK
2.552,163.1623458710068,-530.8855423659174,0.1659811562096356,0.6017134134136434,0.6222763501277959,0.42728924664101114,0.7548535991988209,163.1623458710068,-531.0,0.11445763408255516,166.5,-531.0,-0.03427940521898479,-0.2002605614286204,0.2451464008011791,0.30789234755692974,136.41416256292302,TRACK
2.6,163.19239723751483,-530.8656564801208,0.15544692752039446,0.5957370522393185,0.6236041750373714,0.42273926091694963,0.7533861226785701,163.19239723751483,-531.0,0.1343435198791667,166.5,-531.0,-0.040594269250158396,-0.19604119677055287,0.24661387732142992,3.634362267308248,136.9563827320622,TRACK
2.652,163.22496906891828,-530.8442766777296,0.14848350158872403,0.5905464850147023,0.6245761943744952,0.4186830356910762,0.7519248013962714,163.22496906891828,-531.0,0.15572332227043262,166.5,-531.0,-0.04751287163654514,-0.19599637322526917,0.24807519860372862,3.634362267308248,136.9563827320622,TRACK
2.7,163.25506134531784,-530.8246191402969,0.13950195323733006,0.5863941993290667,0.6253973750901933,0.4154801836455019,0.7508299806026687,163.25506134531784,-531.0,0.17538085970306838,167.0,-531.0,-0.046797245610810764,-0.18629919884814083,0.2491700193973313,6.26213157677941,137.23530581555414,TRACK
2.752,163.28769749781853,-530.8034110017935,0.13128019247356715,0.5828543281658164,0.6261747048709367,0.41280920545032446,0.7500041340717616,163.28769749781853,-531.0,0.19658899820649367,167.0,-531.0,-0.05290666339290311,-0.18418685586647027,0.24999586592823841,6.26213157677941,137.23530581555414,TRACK
2.8,163.31784979163362,-530.7839341252414,0.12109502934585903,0.5795945008960551,0.6268740339011577,0.41034487506816353,0.7492355910354342,163.31784979163362,-531.0,0.21606587475855576,167.0,-531.0,-0.058612056423335356,-0.1797070857691944,0.25076440896456575,14.245883928489931,129.928345335463,TRACK
2.852,163.3505352715558,-530.7630467759806,0.11437694731738857,0.5757686910758636,0.6274665445888795,0.40731209651172984,0.7480758040085838,163.3505352715558,-531.0,0.2369532240194303,167.0,-531.0,-0.06483720460235118,-0.17921415191973974,0.25192419599141624,14.245883928489931,129.928345335463,TRACK
2.9,163.38071949060517,-530.74400466023,0.10443534918325881,0.5712492664856845,0.6279465178844619,0.40360162341414213,0.7464657391640636,163.38071949060517,-531.0,0.2559953397700383,167.0,-531.0,-0.07061340279832087,-0.17504875198157968,0.25353426083593644,13.202394512151443,132.1686539992217,TRACK
2.952,163.41345149869693,-530.7236698484336,0.09593356962847466,0.5659022446941373,0.6284768295501802,0.3992099807717109,0.7445480065309396,163.41345149869693,-531.0,0.2763301515664125,167.0,-531.0,-0.0768943494821603,-0.17282791911063494,0.25545199346906045,13.202394512151443,132.1686539992217,TRACK
3.0,163.44373570775088,-530.7051832884428,0.08945593354923953,0.5596859541926807,0.6293322968926376,0.3942843207681061,0.7426434309382463,163.44373570775088,-531.0,0.294816711557246,167.0,-531.0,-0.08271154239604653,-0.17216747594528606,0.25735656906175375,17.479581501518133,130.77718323310773,TRACK
3.052,163.47669696104543,-530.6854608116153,0.07984487908884863,0.5525436487914223,0.6309205824628241,0.3890322486843419,0.7412198539513258,163.47669696104543,-531.0,0.3145391883847424,167.0,-531.0,-0.08903791392743587,-0.1688827930162845,0.25878014604867416,17.479581501518133,130.77718323310773,TRACK
3.1,163.50734161866578,-530.6674856302806,0.07351102330230774,0.5448303185335975,0.6335490070825013,0.3839399922102782,0.7408064942977024,163.50734161866578,-531.0,0.3325143697194335,167.0,-531.0,-0.09491772486033787,-0.1684287481626456,0.2591935057022976,18.55109899754912,131.5714506191461,TRACK
3.148,163.54085913448347,-530.6482042745154,0.06598268776097838,0.5368311602401431,0.6374055187611685,0.3793393510486136,0.7417439845399338,163.54085913448347,-531.0,0.3517957254846351,167.0,-531.0,-0.10135185055003983,-0.1673345383110182,0.25825601546006616,18.55109899754912,131.5714506191461,TRACK
3.2,163.5721454519789,-530.6305359014278,0.05791048245875884,0.5288221105336313,0.642442985599031,0.3754024652781798,0.7440833291253955,163.5721454519789,-531.0,0.3694640985721662,167.0,-531.0,-0.1073684069264096,-0.16527888938516844,0.25591667087460446,16.84376827291863,131.17288514847888,TRACK
3.252,163.606421687655,-530.6115089324135,0.05052898656487326,0.5210329357730563,0.6482933730745838,0.37207774002748717,0.7474798607296278,163.606421687655,-531.0,0.3884910675865285,167.0,-531.0,-0.11398210327069977,-0.16451108983557303,0.2525201392703722,16.84376827291863,131.17288514847888,TRACK
3.3,163.63838330034244,-530.594066120964,0.042599181725951674,0.5134484527259221,0.6544441183443912,0.36903769783660956,0.7513227844675764,163.63838330034244,-531.0,0.4059338790359561,167.0,-531.0,-0.12017368547772406,-0.16277286720367573,0.2486772155324236,15.568059844383349,126.78223835007182,TRACK
3.352,163.67326678542355,-530.5753443471062,0.03534035735955898,0.5060782021022514,0.6601813649697859,0.3658864430213327,0.7547929012915877,163.67326678542355,-531.0,0.4246556528937617,167.0,-531.0,-0.12696282386422147,-0.16230318122378046,0.24520709870841229,15.568059844383349,126.78223835007182,TRACK
3.4,163.70560627259377,-530.558280340899,0.027544766312696645,0.49884119126350246,0.6649266478465421,0.36225123322464486,0.7572010320840928,163.70560627259377,-531.0,0.44171965910095423,167.0,-531.0,-0.13328727596998713,-0.16083204228268377,0.24279896791590716,13.652928400871886,124.00114041118705,TRACK
3.452,163.7406760886617,-530.5400760217597,0.02040820544247013,0.4918112122968905,0.6682491600190237,0.3579923727265022,0.7580999134655547,163.7406760886617,-531.0,0.45992397824034015,167.0,-531.0,-0.1401846723475574,-0.16059287779002754,0.24190008653444528,13.652928400871886,124.00114041118705,TRACK
3.5,163.7729952217351,-530.5235636583176,0.011563677016810825,0.48500882800729256,0.6700222993392438,0.3530976923706912,0.757369039484289,163.7729952217351,-531.0,0.47643634168241533,167.5,-531.0,-0.12714399535772167,-0.1387076723745325,0.24263096051571098,14.1423405880264,123.84820051568823,TRACK
3.552,163.80790292402295,-530.5059920469809,0.00571171479563648,0.478508466321412,0.6704701830464455,0.34778396096127756,0.7553038791481542,163.80790292402295,-531.0,0.4940079530191497,167.5,-531.0,-0.13301144686681993,-0.1387231616624564,0.24469612085184578,14.1423405880264,123.84820051568823,TRACK
3.6,163.84002144984595,-530.4900377681403,-0.0030032447803152174,0.4724339491284592,0.6700032031061914,0.34239285783740403,0.7524208671153539,163.84002144984595,-531.0,0.5099622318597312,167.5,-531.0,-0.13844342975383464,-0.13544018497351942,0.24757913288464606,33.700208192744114,109.05008311045349,TRACK
3.652,163.87475102195043,-530.4730767471083,-0.008730004091640708,0.4661387994299271,0.6692588173376482,0.3367160760788517,0.7491896158344206,163.87475102195043,-531.0,0.52692325289172,167.5,-531.0,-0.1443373912910925,-0.13560738719945178,0.25081038416557944,33.700208192744114,109.05008311045349,TRACK
3.7,163.90681269266614,-530.457654764472,-0.01601670797345456,0.45995276031769405,0.6688012469048257,0.33131740617446387,0.7463687637459275,163.90681269266614,-531.0,0.542345235528046,167.5,-531.0,-0.14980629069378895,-0.1337895827203344,0.25363123625407247,28.250738372534023,119.67747343904216,TRACK
3.748,163.94164120199076,-530.4411310699238,-0.022615537520371154,0.4540395967080659,0.6691434694038911,0.32657348885665954,0.7445825852582687,163.94164120199076,-531.0,0.5588689300761871,167.5,-531.0,-0.155785446818426,-0.13316990929805483,0.2554174147417313,28.250738372534023,119.67747343904216,TRACK
3.8,163.9739532250119,-530.4260395629678,-0.030751542590223613,0.44806545329810105,0.6705517563084047,0.3223150059774339,0.7439936968594018,163.9739532250119,-531.0,0.5739604370321558,167.5,-531.0,-0.16136207609748032,-0.1306105335072567,0.25600630314059825,29.687440547214358,120.14599661660566,TRACK
3.852,164.00919065132817,-530.4098976814311,-0.036110049487526164,0.44158104722188013,0.6730336264214238,0.3181520334598281,0.7444427302946791,164.00919065132817,-531.0,0.5901023185689382,167.5,-531.0,-0.16746140414460348,-0.1313513546570773,0.2555572697053209,29.687440547214358,120.14599661660566,TRACK
3.9,164.04195938664859,-530.3952304515035,-0.044054812937256216,0.4343048207300695,0.6764105522186319,0.3137473733040705,0.7456330527866359,164.04195938664859,-531.0,0.6047695484965061,167.5,-531.0,-0.1731369199874797,-0.1290821070502235,0.25436694721336406,28.96340582136206,118.81654928211107,TRACK
3.952,164.0777116799393,-530.3796429994576,-0.04929279557491206,0.42616538054991027,0.6803072945527768,0.308851335264325,0.7471326269922062,164.0777116799393,-531.0,0.6203570005424126,167.5,-531.0,-0.17932246823856762,-0.13002967266365556,0.2528673730077938,28.96340582136206,118.81654928211107,TRACK
4.0,164.11092333616153,-530.3655678527125,-0.05603621640956802,0.41727348253575675,0.684368068079667,0.3033846462713927,0.748599957387331,164.11092333616153,-531.0,0.6344321472874981,167.5,-531.0,-0.18505726651490026,-0.12902105010533224,0.251400042612669,27.765246515738063,117.23220039089458,TRACK
4.048,164.1470891775882,-530.3506681693292,-0.06219868948305173,0.40797653894957847,0.6882631769313616,0.29748635054096073,0.749802860409208,164.1470891775882,-531.0,0.6493318306708034,167.5,-531.0,-0.19129408710033916,-0.12909539761728742,0.25019713959079204,27.765246515738063,117.23220039089458,TRACK
4.1,164.18061009537885,-530.3372247172712,-0.06982300812654962,0.3986568082977534,0.6917944238954628,0.29139129910807204,0.7506586535361762,164.18061009537885,-531.0,0.6627752827288305,167.5,-531.0,-0.19707611728335778,-0.12725310915680815,0.24934134646382378,27.215292548450208,116.45315309761699,TRACK
4.152,164.2170432697098,-530.3229608547185,-0.07486030001626998,0.38972088427265456,0.6948896642979763,0.2854111116014685,0.7512197735508165,164.2170432697098,-531.0,0.6770391452814692,167.5,-531.0,-0.20337723763484813,-0.12851693761857816,0.24878022644918352,27.215292548450208,116.45315309761699,TRACK
4.2,164.25076490469607,-530.3100344968676,-0.0823522416188147,0.3814277576549557,0.6975652035686322,0.2797719152038788,0.7515780317216527,164.25076490469607,-531.0,0.6899655031323846,168.0,-531.0,-0.18199209576901343,-0.09963985415019873,0.24842196827834728,27.21692097540916,116.43681288912151,TRACK
4.252,164.28738508866826,-530.2962570455921,-0.08878737758320066,0.37386828100699304,0.699899389824735,0.2745845900058988,0.75183499050373,164.28738508866826,-531.0,0.7037429544078577,168.0,-531.0,-0.18733195732079042,-0.09854457973758976,0.24816500949626996,27.21692097540916,116.43681288912151,TRACK
4.3,164.321263120285,-530.2837339156482,-0.09370341314364873,0.36693693021354346,0.701961917258224,0.26979447267831813,0.7520236637025549,164.321263120285,-531.0,0.716266084351787,168.0,-531.0,-0.1922984448948822,-0.09859503175123348,0.2479763362974451,51.72377881456615,92.12728445527088,TRACK
4.352,164.35802725493448,-530.2704806898612,-0.09950335557841171,0.359609467756123,0.703726152512377,0.26457081157665285,0.7518166080023785,164.35802725493448,-531.0,0.7295193101388122,168.0,-531.0,-0.1976924969492956,-0.0981891413708839,0.24818339199762152,51.72377881456615,92.12728445527088,TRACK
4.4,164.39200988159803,-530.2585498194082,-0.10556776627563247,0.3519312301989255,0.7052119852213874,0.2589669579108674,0.7512574987243051,164.39200988159803,-531.0,0.7414501805917553,168.0,-531.0,-0.20268056822574798,-0.09711280195011551,0.24874250127569486,37.72193165556119,106.59000580344478,TRACK
4.448,164.4288669452401,-530.2459203149568,-0.11236187296377032,0.34431157194197765,0.7064641802923843,0.25333480260348373,0.7505132645372343,164.4288669452401,-531.0,0.7540796850431661,168.0,-531.0,-0.20810273267834123,-0.09574085971457091,0.24948673546276567,37.72193165556119,106.59000580344478,TRACK
4.5,164.46291568138983,-530.2345617311443,-0.11682445156175403,0.3365171753630826,0.7074737516152543,0.2474906286589938,0.7495136559787197,164.46291568138983,-531.0,0.7654382688557462,168.0,-531.0,-0.2131174895946381,-0.09629303803288408,0.25048634402128034,40.305467841122564,105.50536251324333,TRACK
4.552,164.49982467000726,-530.2226168770644,-0.12210950201341109,0.32830848854420713,0.7082838234749035,0.24126696493498234,0.7482484366606897,164.49982467000726,-531.0,0.7773831229355892,168.0,-531.0,-0.2185508882471949,-0.09644138623378382,0.25175156333931026,40.305467841122564,105.50536251324333,TRACK
4.6,164.53391858571837,-530.2119294126092,-0.12860581574983154,0.3197490049029529,0.7089859539855371,0.23475295552733558,0.7468400317856572,164.53391858571837,-531.0,0.7880705873908482,168.0,-531.0,-0.22356570803560818,-0.09495989228577664,0.25315996821434283,39.46380804829548,108.21235161953956,TRACK
4.652,164.57089866774004,-530.2007007760044,-0.1328778028131865,0.3110421777575771,0.7097452683133825,0.22816678285554542,0.7455188976088298,164.57089866774004,-531.0,0.7992992239956038,168.0,-531.0,-0.22900391602908346,-0.09612611321589695,0.25448110239117017,39.46380804829548,108.21235161953956,TRACK
4.7,164.60510106059127,-530.1906340645877,-0.1392121913630875,0.3023840622874071,0.7107268722772331,0.22171151293619495,0.744505662802799,164.60510106059127,-531.0,0.809365935412302,168.0,-531.0,-0.23403771275304905,-0.09482552138996156,0.25549433719720105,40.98676271256724,108.56016026250046,TRACK
4.752,164.6422620910315,-530.1800265336384,-0.1446328180903873,0.29387828444561154,0.7120947872510845,0.2155093263365133,0.7439914352787841,164.6422620910315,-531.0,0.8199734663616027,168.0,-531.0,-0.2395163321729337,-0.09488351408254639,0.2560085647212159,40.98676271256724,108.56016026250046,TRACK
4.8,164.6766965251735,-530.1704882501663,-0.1487601769684086,0.2855962085011878,0.7139460273318493,0.20963104576964453,0.7440860872865481,164.6766965251735,-531.0,0.8295117498337277,168.0,-531.0,-0.24460646335612224,-0.09584628638771364,0.2559139127134519,42.02942060284873,107.88272773692289,TRACK
4.852,164.71416627299305,-530.1604242833718,-0.15488314644560816,0.27746205579298416,0.7162651434742574,0.2039984177902988,0.7447490249856953,164.71416627299305,-531.0,0.8395757166282465,168.0,-531.0,-0.25016131018897336,-0.0952781637433652,0.2552509750143047,42.02942060284873,107.88272773692289,TRACK
4.896,164.7489155679982,-530.1513898999206,-0.15892006411889548,0.26935222379528273,0.7189526193375296,0.19847468422865128,0.7458452045377496,164.7489155679982,-531.0,0.8486101000794406,168.0,-531.0,-0.25532670262821994,-0.09640663850932446,0.2541547954622504,40.37028855723668,108.10017085235151,TRACK
4.952,164.78672334663997,-530.1418948541176,-0.16372233169887718,0.2611700521146356,0.7217946357351117,0.19291750688396073,0.7471309528043297,164.78672334663997,-531.0,0.8581051458824049,168.5,-531.0,-0.2271044110727102,-0.06338207937383303,0.25286904719567027,40.37028855723668,108.10017085235151,TRACK
5.004,164.82174820066393,-530.1334244102867,-0.1688803368127969,0.2527843573665129,0.7245560738191905,0.18716003240823326,0.7483384139808213,164.82174820066393,-531.0,0.8665755897133067,168.5,-531.0,-0.2313751944613487,-0.06249485764855178,0.25166158601917865,65.83816141540444,80.63019530048831,TRACK
5.052,164.85976935443514,-530.1246832488076,-0.17466654513459723,0.24338603396742217,0.726873059904091,0.1804887617898303,0.748946352115265,164.85976935443514,-531.0,0.8753167511923721,168.5,-531.0,-0.23597647781911535,-0.06130993268451812,0.25105364788473505,65.83816141540444,80.63019530048831,TRACK
5.1,164.89489761071934,-530.1170220080445,-0.17906716246719068,0.23335621153278605,0.7286110243432542,0.17318090906119327,0.7489096421183182,164.89489761071934,-531.0,0.8829779919554994,168.5,-531.0,-0.24019607082889696,-0.061128908361706286,0.25109035788168177,51.80302135777983,94.08442359185622,TRACK
5.152,164.93296287702995,-530.1090932047647,-0.18262417287286503,0.22356729178374948,0.7298056890676063,0.16593453604234498,0.7484321038324264,164.93296287702995,-531.0,0.8909067952353098,168.5,-531.0,-0.24475371890001685,-0.062129546027151816,0.2515678961675736,51.80302135777983,94.08442359185622,TRACK
5.196,164.96808664849976,-530.1020927206336,-0.18715482239150139,0.21419356762034283,0.7304845315279965,0.15890264521708802,0.7475678574274474,164.96808664849976,-531.0,0.89790727936645,168.5,-531.0,-0.24895292091448556,-0.06179809852298418,0.25243214257255264,50.91434144116406,96.56821971841703,TRACK
5.252,165.0061170060276,-530.0948292159014,-0.19125313939734312,0.20530107758844462,0.7307885057767696,0.15217569354962632,0.7464645215164304,165.0061170060276,-531.0,0.9051707840985728,168.5,-531.0,-0.2534995694067434,-0.06224643000940028,0.2535354784835696,50.91434144116406,96.56821971841703,TRACK
5.3,165.0412065710983,-530.0884031788469,-0.19561591024058078,0.19686391224506408,0.7308739407285902,0.14577072099670296,0.7452689583875324,165.0412065710983,-531.0,0.9115968211531253,168.5,-531.0,-0.2576989897334639,-0.06208307949288311,0.2547310416124676,52.18344435971034,97.25104592109855,TRACK
5.352,165.07921822370713,-530.0817356571345,-0.2005562416358373,0.18875809913760558,0.7309157232638794,0.13962851863526982,0.7441329973402872,165.07921822370713,-531.0,0.918264342865541,168.5,-531.0,-0.2622544479806494,-0.0616982063448121,0.25586700265971285,52.18344435971034,97.25104592109855,TRACK
5.4,165.1143228939807,-530.0758500396292,-0.20379650651320858,0.18085071300073483,0.7310667741996264,0.13367449808844564,0.743187392100973,165.1143228939807,-531.0,0.9241499603707553,168.5,-531.0,-0.266467425081084,-0.06267091856787543,0.25681260789902705,53.48515441984483,97.55069027830729,TRACK
5.448,165.1523924663459,-530.0697743432154,-0.20763075699938316,0.17295662825556882,0.7314309095340066,0.12778253423538763,0.7425089571697854,165.1523924663459,-531.0,0.9302256567846143,168.5,-531.0,-0.2710396608996091,-0.06340890390022597,0.2574910428302146,53.48515441984483,97.55069027830729,TRACK
5.5,165.1875866351641,-530.0644521127218,-0.2117197486863067,0.1649593254317568,0.732054238829871,0.12186657793522207,0.7421286084004735,165.1875866351641,-531.0,0.935547887278176,168.5,-531.0,-0.275267041951535,-0.06354729326522832,0.25787139159952654,52.13726192014515,99.56839686641707,TRACK
5.552,165.22578352088985,-530.0590017507343,-0.21636686126410098,0.1568317211777808,0.7329296783934313,0.1158984044201002,0.7420366255226379,165.22578352088985,-531.0,0.9409982492657036,168.5,-531.0,-0.27985419147927754,-0.06348733021517655,0.25796337447736206,52.13726192014515,99.56839686641707,TRACK
5.6,165.26111149458038,-530.0542681904078,-0.21943080943119408,0.14855535184766744,0.7340040991158292,0.10984950692035544,0.742178503925764,165.26111149458038,-531.0,0.9457318095921892,169.0,-531.0,-0.2477481637082669,-0.028317354277072826,0.257821496074236,52.798954476406266,98.71774474072424,TRACK
5.652,165.2994555336313,-530.0494662960914,-0.22307181487746797,0.14015817502869884,0.7351875426525802,0.10372262201256381,0.7424682519735781,165.2994555336313,-531.0,0.9505337039086044,169.0,-531.0,-0.2514276443359209,-0.02835582945845294,0.25753174802642187,52.798954476406266,98.71774474072424,TRACK
5.7,165.33491152227504,-530.0453290003519,-0.22697154359167904,0.13175108602654523,0.7364051532514996,0.09758748574199837,0.7428430972344088,165.33491152227504,-531.0,0.9546709996481013,169.0,-531.0,-0.2548147388515237,-0.02784319525984469,0.2571569027655912,81.50463944460235,69.4509054127923,TRACK
5.752,165.37335915737444,-530.0412413841178,-0.23129426346901005,0.12270435652506685,0.7374455089363753,0.09094466730779535,0.7430321737059272,165.37335915737444,-531.0,0.958758615882175,169.0,-531.0,-0.25845274466140994,-0.027158481192399886,0.2569678262940728,81.50463944460235,69.4509054127923,TRACK
5.8,165.40886965193695,-530.0378376472349,-0.23450466702334927,0.11320259860294574,0.7382702703269879,0.08393294852112268,0.7430260640759065,165.40886965193695,-531.0,0.9621623527650627,169.0,-531.0,-0.2617790902903399,-0.027274423266990644,0.25697393592409346,65.35483319244284,85.3575264124014,TRACK
5.852,165.4473643767965,-530.0344830425119,-0.23706294689633145,0.1040051176687496,0.738974785344008,0.0771354867902678,0.7429896477721571,165.4473643767965,-531.0,0.9655169574881484,169.0,-531.0,-0.2653653345293332,-0.028302387633001747,0.25701035222784285,65.35483319244284,85.3575264124014,TRACK
5.9,165.4829181660328,-530.031659926132,-0.2402938999651494,0.09533639677508138,0.7395799903216487,0.0707232900170125,0.7429537979141101,165.4829181660328,-531.0,0.9683400738680348,169.0,-531.0,-0.26866820829853244,-0.02837430833338303,0.2570462020858899,64.0614885896423,87.11588415001668,TRACK
5.952,165.52144920602427,-530.0288907259228,-0.24319060796345626,0.08708034030080289,0.7400705321132853,0.06460898607279689,0.7428853973418754,165.52144920602427,-531.0,0.9711092740772074,169.0,-531.0,-0.2722394783523559,-0.02904887038889964,0.2571146026581246,64.0614885896423,87.11588415001668,TRACK
6.0,165.55702049078252,-530.0266040371536,-0.24671219870888272,0.07907309357512296,0.740419797235861,0.05866961322296548,0.7427406005157695,165.55702049078252,-531.0,0.973395962846439,169.0,-531.0,-0.27552831119117704,-0.02881611248229432,0.2572593994842305,64.1082548698358,87.29209304921721,TRACK
6.052,165.59554940859462,-530.0244235518464,-0.24968113497174294,0.07118849291335434,0.7406021227078399,0.052811592008246616,0.7424827057984609,165.59554940859462,-531.0,0.9755764481535607,169.0,-531.0,-0.27908058020596144,-0.029399445234218502,0.2575172942015391,64.1082548698358,87.29209304921721,TRACK
6.1,165.6310994802599,-530.0226855717542,-0.25191582576470184,0.06337656949402128,0.7406106523194591,0.047000306311203444,0.7421005101213728,165.6310994802599,-531.0,0.9773144282457906,169.0,-531.0,-0.282348672847996,-0.030432847083294134,0.2578994898786272,64.43101895386268,87.4767409455596,TRACK
6.152,165.66958978674674,-530.021095893367,-0.25454407778582677,0.055650561657981754,0.7404662945921149,0.04124995747751005,0.7416143825593413,165.66958978674674,-531.0,0.9789041066329673,169.0,-531.0,-0.2858777952542527,-0.03133371746842595,0.2583856174406587,64.43101895386268,87.4767409455596,TRACK
6.204,165.7050968105217,-530.0198879806247,-0.2573290422828889,0.048084713376488356,0.7402084731772504,0.035620169439667976,0.7410650310426925,165.7050968105217,-531.0,0.9801120193752695,169.0,-531.0,-0.2891277140759747,-0.03179867179308582,0.2589349689573075,63.42745857573267,89.32917756273186,TRACK
6.252,165.74354289136002,-530.0188403611922,-0.2598486495719783,0.040799215796352324,0.7399072055154905,0.030204394777501923,0.7405234488101086,165.74354289136002,-531.0,0.9811596388077533,169.0,-531.0,-0.2926459626312987,-0.03279731305932043,0.25947655118989144,63.42745857573267,89.32917756273186,TRACK
6.3,165.77902042609617,-530.0180977658707,-0.2625334305556808,0.03385212083409236,0.7396300410361284,0.025047614158170695,0.740054038958049,165.77902042609617,-531.0,0.9819022341292793,169.5,-531.0,-0.25800148038843357,0.004531950167247223,0.259945961041951,63.578443200030264,90.02699873132907,TRACK
6.352,165.8174527242377,-530.0175232319557,-0.26497361893961197,0.027240969456246,0.7394384564723329,0.02014800440011504,0.7397128990300853,165.8174527242377,-531.0,0.9824767680443074,169.5,-531.0,-0.2607200635278447,0.004253555411767251,0.2602871009699147,63.578443200030264,90.02699873132907,TRACK
6.396,165.85293683037386,-530.0171979692157,-0.2675796299114677,0.02091724841849088,0.7393732706164622,0.015467910339491579,0.7395350495766613,165.85293683037386,-531.0,0.9828020307843417,169.5,-531.0,-0.2632249171575026,0.004354712753965095,0.2604649504233387,95.04106744185698,59.00436649221716,TRACK
6.452,165.89137678829366,-530.0171344139736,-0.2698718805471647,0.014176771953314751,0.7393231118993012,0.010481917388221367,0.7393974130199538,165.89137678829366,-531.0,0.982865586026378,169.5,-531.0,-0.26591558041808927,0.003956300129075441,0.26060258698004624,95.04106744185698,59.00436649221716,TRACK
6.5,165.92684850779958,-530.0174008054865,-0.2724126725068978,0.0065891303181057105,0.7392079774652186,0.004870808187278221,0.7392240247182287,165.92684850779958,-531.0,0.9825991945134547,169.5,-531.0,-0.2683616664934227,0.0040510060134751336,0.2607759752817713,76.88489383892437,77.21941968709078,TRACK
6.552,165.96527486336433,-530.0180111063297,-0.27396421079274225,-0.0012741680099231354,0.7391241170382259,-0.0009417688149480291,0.7391247170241554,165.96527486336433,-531.0,0.981988893670291,169.5,-531.0,-0.2709785772368465,0.0029856335558957614,0.2608752829758446,76.88489383892437,77.21941968709078,TRACK
6.6,166.00075638064726,-530.0188224645708,-0.27589122453747317,-0.008831946401963407,0.7391500729295586,-0.00652830357102838,0.7391789019305728,166.00075638064726,-531.0,0.9811775354291967,169.5,-531.0,-0.27337683551014147,0.0025143890273316982,0.2608210980694272,76.3616100352232,78.00738605907169,TRACK
6.652,166.0392040552953,-530.0199604933878,-0.2775864018404002,-0.01610077852383722,0.7392299729198659,-0.011903206666142353,0.7393258004371568,166.0392040552953,-531.0,0.9800395066122292,169.5,-531.0,-0.27595810057155373,0.0016283012688464438,0.2606741995628432,76.3616100352232,78.00738605907169,TRACK
6.7,166.07469768078613,-530.0212380690119,-0.27934071255318704,-0.023061749454479436,0.7393071682685449,-0.017052739925811924,0.7395038099916943,166.07469768078613,-531.0,0.9787619309880711,169.5,-531.0,-0.2783277634432626,0.0010129491099244436,0.2604961900083057,75.60595452436041,78.54843116906906,TRACK
6.752,166.11314372128487,-530.0228511148448,-0.28126816414301126,-0.029668952136815068,0.7393210858083884,-0.021941320211472486,0.7396465976758879,166.11314372128487,-531.0,0.9771488851552022,169.5,-531.0,-0.2808843654556018,0.00038379868740945344,0.2603534023241121,75.60595452436041,78.54843116906906,TRACK
6.8,166.14861880479705,-530.0245358497909,-0.2825010173612532,-0.03589537576171331,0.7392311897184458,-0.026546383786384638,0.73970768709314,166.14861880479705,-531.0,0.9754641502090635,169.5,-531.0,-0.2832379783456671,-0.0007369609844138925,0.26029231290685995,75.18705944892037,78.86609897946693,TRACK
6.852,166.18702677024993,-530.026557560146,-0.2842785071096525,-0.04173781858173978,0.7390154254036538,-0.03086281531246253,0.7396595922135767,166.18702677024993,-531.0,0.9734424398540114,169.5,-531.0,-0.28578431849501496,-0.0015058113853624322,0.2603404077864233,75.18705944892037,78.86609897946693,TRACK
6.9,166.22245249074686,-530.028594240929,-0.28564337113912663,-0.04722751152406394,0.7386725718025002,-0.03491162732929862,0.739497119707778,166.22245249074686,-531.0,0.9714057590709899,169.5,-531.0,-0.28813414043459556,-0.002490769295468931,0.260502880292222,74.37470900644824,79.96329144379202,TRACK
6.952,166.26079765851563,-530.0309757625822,-0.287072217663233,-0.05240452953761309,0.7382296470383307,-0.03872203042985188,0.7392444841910887,166.26079765851563,-531.0,0.9690242374177842,170.0,-531.0,-0.253574209216691,0.033498008446541994,0.2607555158089113,74.37470900644824,79.96329144379202,TRACK
7.0,166.29616275808496,-530.0333305195629,-0.28835065839221374,-0.05732939279131055,0.7377197882679669,-0.04233942276373187,0.7389337674799413,166.29616275808496,-531.0,0.9666694804370763,170.0,-531.0,-0.2552964118910829,0.03305424650113087,0.26106623252005867,104.43097557018787,79.96329144379202,TRACK
7.048,166.33443141745136,-530.0360951199642,-0.28931091727040403,-0.062499962402779996,0.7370953773402992,-0.04612851211281585,0.7385373619026868,166.33443141745136,-531.0,0.9639048800357841,170.0,-531.0,-0.2571404056058517,0.032170511664552315,0.2614626380973132,104.43097557018787,50.48867461796668,TRACK
7.1,166.36969733222617,-530.0389196810206,-0.29032206129111615,-0.06858989535131921,0.7362592905041936,-0.050579290576246536,0.7379945849997376,166.36969733222617,-531.0,0.9610803189793842,170.0,-531.0,-0.2588012283879974,0.031520832903118745,0.2620054150002624,86.7278356846736,68.86558581500482,TRACK
7.152,166.40785144136515,-530.0422503209544,-0.29107711095810407,-0.0750507540492077,0.735375042647828,-0.055294307659610784,0.7374509568838125,166.40785144136515,-531.0,0.9577496790456053,170.0,-531.0,-0.2605616896592371,0.030515421298866974,0.26254904311618754,86.7278356846736,68.86558581500482,TRACK
7.2,166.44304831056365,-530.0455087902163,-0.29179760941285027,-0.08108768752142674,0.7346376156268226,-0.05970097168036821,0.737059449646664,166.44304831056365,-531.0,0.9544912097836686,170.0,-531.0,-0.26216890926468966,0.029628700148160603,0.26294055035333597,86.47399512907295,70.04674590391518,TRACK
7.252,166.48116526218493,-530.0492205037186,-0.29251469794346807,-0.08667894358300056,0.734070855300635,-0.06378831862693779,0.7368371395329212,166.48116526218493,-531.0,0.9507794962813705,170.0,-531.0,-0.2638956799802985,0.02861901796316957,0.2631628604670788,86.47399512907295,70.04674590391518,TRACK
7.3,166.5163468869694,-530.0527964123629,-0.2930084506781978,-0.09179350809665501,0.7336787366654096,-0.06753674097204741,0.7367806322210682,166.5163468869694,-531.0,0.947203587637091,170.0,-531.0,-0.2654814348276163,0.027527015850581482,0.26321936777893185,85.83393774355693,70.92260958702454,TRACK
7.352,166.55446140318614,-530.0568178787263,-0.29347114718944,-0.09645922913999992,0.7334311918298828,-0.07096644369306476,0.736856532358534,166.55446140318614,-531.0,0.9431821212737077,170.0,-531.0,-0.26719452615469613,0.026276621034743874,0.263143467641466,85.83393774355693,70.92260958702454,TRACK
7.4,166.58964666565336,-530.0606573290024,-0.29383748129908804,-0.1007422715486268,0.7332894801795936,-0.07412417999728851,0.7370263603171389,166.58964666565336,-531.0,0.9393426709975756,170.0,-531.0,-0.268773852618635,0.02506362868045303,0.26297363968286114,84.72794852219788,71.83447960967258,TRACK
7.452,166.62776454429445,-530.0649503682416,-0.2941030503490629,-0.10473818663918712,0.733200806816372,-0.07707617341593598,0.7372409101675126,166.62776454429445,-531.0,0.9350496317583747,170.0,-531.0,-0.2704836200605849,0.023619430288478016,0.2627590898324874,84.72794852219788,71.83447960967258,TRACK
7.5,166.66294702095632,-530.0690367003186,-0.2944416028189929,-0.10855205477799405,0.7331194167568014,-0.07989568411521268,0.7374601003214143,166.66294702095632,-531.0,0.9309632996813662,170.0,-531.0,-0.27206045506705634,0.02238114775193656,0.2625398996785857,83.54561179011081,72.75754865656121,TRACK
7.552,166.70105286732294,-530.0735975046977,-0.29463211520099875,-0.11225309202174316,0.7330092791287834,-0.08262991645678944,0.7376518869917942,166.70105286732294,-531.0,0.9264024953023409,170.0,-531.0,-0.2737667244573433,0.020865390743655454,0.2623481130082058,83.54561179011081,72.75754865656121,TRACK
7.596,166.73621567566124,-530.0779293054768,-0.29484395498055305,-0.11586719375137085,0.7328515089004732,-0.08529549304481844,0.7377985194017802,166.73621567566124,-531.0,0.9220706945231996,170.0,-531.0,-0.2753400922078337,0.01950386277271937,0.2622014805982198,82.51388619463724,73.6866455830213,TRACK
7.652,166.77429325108676,-530.0827470043968,-0.2950077881415234,-0.11936367704355559,0.7326448538416824,-0.0878688901327404,0.7378952660871729,166.77429325108676,-531.0,0.9172529956032349,170.5,-531.0,-0.24139495660818464,0.05361283153333876,0.26210473391282707,82.51388619463724,73.6866455830213,TRACK
7.7,166.80942636077856,-530.0872989354618,-0.2951572396917115,-0.12268249341409874,0.7323980798331265,-0.09030594260238842,0.7379445172996115,166.80942636077856,-531.0,0.9127010645381688,170.5,-531.0,-0.24244154626266276,0.05271569342904872,0.2620554827003885,110.884792048235,45.403646548795194,TRACK
7.752,166.84745961722084,-530.092366345012,-0.2951746332791245,-0.12610305215740028,0.7320518240991514,-0.09280642697160277,0.7379111776183704,166.84745961722084,-531.0,0.9076336549879898,170.5,-531.0,-0.2435605655291006,0.05161406775002392,0.26208882238162956,110.884792048235,45.403646548795194,TRACK
7.8,166.88251688688206,-530.0972404178948,-0.2950076670430908,-0.1303161652437085,0.7314596102775344,-0.09586429230185042,0.7377147985542225,166.88251688688206,-531.0,0.9027595821052046,170.5,-531.0,-0.24455942723083166,0.05044823981225913,0.2622852014457775,93.50821980954538,63.02365495587131,TRACK
7.852,166.92044827317795,-530.1027033240957,-0.2945786801437782,-0.13476560139410249,0.7307561544412324,-0.0990813509640186,0.7374426563215566,166.92044827317795,-531.0,0.897296675904272,170.5,-531.0,-0.24561189721304033,0.04896678293073786,0.2625573436784434,93.50821980954538,63.02365495587131,TRACK
7.9,166.95543755637516,-530.1078479698959,-0.2942310531075887,-0.13869142738636084,0.7301216903664252,-0.10191592041984407,0.7372004731269168,166.95543755637516,-531.0,0.8921520301040573,170.5,-531.0,-0.246574218222078,0.047656834885510674,0.26279952687308317,92.62057279623947,64.55183916368885,TRACK
7.952,166.99332275778355,-530.113517735884,-0.2937559363620543,-0.14214170813637825,0.7295756466792389,-0.10440723473089805,0.7370084768112117,166.99332275778355,-531.0,0.8864822641160117,170.5,-531.0,-0.24761067682503304,0.04614525953702128,0.26299152318878827,92.62057279623947,64.55183916368885,TRACK
8.0,167.02828153396024,-530.1188293826087,-0.2931786079701475,-0.14516664177544308,0.729131913296566,-0.10659545994304627,0.7368825816016963,167.02828153396024,-531.0,0.8811706173912626,170.5,-531.0,-0.24856504022067286,0.04461356774947464,0.2631174183983037,91.7622390398898,65.76912134745609,TRACK
8.052,167.06614494407475,-530.1246656442793,-0.2925936192436662,-0.14788566323104455,0.7287856194135169,-0.10856957943775591,0.7368282246516041,167.06614494407475,-531.0,0.8753343557207245,170.5,-531.0,-0.24959730802629157,0.042996311217374655,0.26317177534839586,91.7622390398898,65.76912134745609,TRACK
8.1,167.10109176944712,-530.1301288004697,-0.2918019970009089,-0.15040123929922972,0.7285312542923376,-0.11040574052319804,0.7368495206086806,167.10109176944712,-531.0,0.8698711995302801,170.5,-531.0,-0.25054886196235465,0.04125313503855427,0.2631504793913194,90.59259722893769,67.04676120224964,TRACK
8.152,167.1389489656812,-530.1361342235009,-0.29106984081971743,-0.15282433048901947,0.728353366865598,-0.11218484789612151,0.7369423770702349,167.1389489656812,-531.0,0.8638657764990967,170.5,-531.0,-0.25157708639668375,0.03949275442303368,0.2630576229297651,90.59259722893769,67.04676120224964,TRACK
8.2,167.17389499929004,-530.1417594755575,-0.29048223061899914,-0.1551970084348853,0.7282445168603773,-0.11393761404500452,0.7371036943547853,167.17389499929004,-531.0,0.8582405244425217,170.5,-531.0,-0.2525235074903014,0.03795872312869775,0.2628963056452147,89.19755053305776,68.36719537739076,TRACK
8.252,167.2117558482354,-530.1479424674931,-0.2895687082259933,-0.15753712814585885,0.728191573091544,-0.11567574100340647,0.737322076285679,167.2117558482354,-531.0,0.8520575325069331,170.5,-531.0,-0.253545799883752,0.03602290834224131,0.26267792371432097,89.19755053305776,68.36719537739076,TRACK
8.3,167.2467090393549,-530.1537256076965,-0.2889431764982113,-0.15978960052503507,0.7281915410890777,-0.11735796230235625,0.7375878332981416,167.2467090393549,-531.0,0.846274392303485,170.5,-531.0,-0.25448861820688945,0.034454558291321824,0.2624121667018584,87.93571921673222,69.42268678547572,TRACK
8.352,167.28458098564522,-530.1600640036722,-0.288178851749749,-0.1619042578885761,0.7282318325081563,-0.11894495610232278,0.7378817686190456,167.28458098564522,-531.0,0.8399359963277675,171.0,-531.0,-0.22233040178996002,0.06584844995978897,0.26211823138095436,87.93571921673222,69.42268678547572,TRACK
8.4,167.31954619954755,-530.1659706545101,-0.28720941009075407,-0.16381153248470337,0.7283053758347535,-0.12038355049297067,0.7381875911305305,167.31954619954755,-531.0,0.8340293454898529,171.0,-531.0,-0.22284677600197553,0.06436263408877854,0.26181240886946955,114.07165438921142,43.02441151918141,TRACK
8.448,167.35742212047495,-530.1724498972387,-0.28648672333249126,-0.16577759233540904,0.7283325774578184,-0.12185959541660113,0.7384565690556533,167.35742212047495,-531.0,0.827550102761279,171.0,-531.0,-0.22339606503810214,0.06309065829438912,0.26154343094434673,114.07165438921142,43.02441151918141,TRACK
8.5,167.3923551908346,-530.1785817071001,-0.2853600640413918,-0.16857254964879806,0.7281364800533063,-0.123919850593195,0.738606026888123,167.3923551908346,-531.0,0.8214182928999207,171.0,-531.0,-0.2238716689659286,0.06148839507546319,0.26139397311187695,97.27039476272499,59.638278929446656,TRACK
8.548,167.430169636584,-530.1853688027692,-0.28418559953884737,-0.17173039631622233,0.7278090199633352,-0.12623027758142058,0.7386745240755721,167.430169636584,-531.0,0.814631197230824,171.0,-531.0,-0.22435706367986616,0.05982853585898121,0.2613254759244279,97.27039476272499,59.638278929446656,TRACK
8.6,167.46506195445565,-530.1917107012302,-0.28285411459187504,-0.17455290253850628,0.7274990141236288,-0.1282926900399174,0.7387244613985178,167.46506195445565,-531.0,0.8082892987697505,171.0,-531.0,-0.2247927504273566,0.05806136416451843,0.2612755386014822,96.02333490604627,61.08274212116828,TRACK
8.652,167.50284958939932,-530.1986563087044,-0.28157753119588724,-0.17708176299490022,0.7272142097627481,-0.1301395296016758,0.7387670837590178,167.50284958939932,-531.0,0.8013436912956422,171.0,-531.0,-0.2252532486420059,0.05632428255388133,0.2612329162409822,96.02333490604627,61.08274212116828,TRACK
8.696,167.53772222945574,-530.2051282517377,-0.2799290379623227,-0.17932852531213583,0.7269689034238509,-0.13178194552611733,0.7388168025376283,167.53772222945574,-531.0,0.7948717482622669,171.0,-531.0,-0.22567000672197438,0.05425903124034834,0.26118319746237173,94.79636517514469,62.458784519397014,TRACK
8.752,167.57549478529864,-530.212201435466,-0.2788025183141003,-0.1813535944356472,0.7267681438604425,-0.13326623199376866,0.7388855280218782,167.57549478529864,-531.0,0.7877985645340004,171.0,-531.0,-0.22611341814137487,0.052689100172725434,0.26111447197812176,94.79636517514469,62.458784519397014,TRACK
8.8,167.6103591755113,-530.2187845080716,-0.2773117766624025,-0.1831980821006303,0.7266188054765041,-0.13462462187860974,0.7389848965222905,167.6103591755113,-531.0,0.7812154919283785,171.0,-531.0,-0.22651612089976852,0.05079565576263395,0.2610151034777095,93.53282270152121,63.78042274661727,TRACK
8.852,167.64812820361658,-530.2259767684089,-0.2759138576234019,-0.1849404267280911,0.7265168358068592,-0.13591544879920917,0.7391209115788169,167.64812820361658,-531.0,0.7740232315910589,171.0,-531.0,-0.22694453749885693,0.048969320124544996,0.2608790884211831,93.53282270152121,63.78042274661727,TRACK
8.9,167.68299352401297,-530.2326724652611,-0.2743829116028518,-0.18661913458539006,0.7264622378314833,-0.13716783126639914,0.7392985844227311,167.68299352401297,-531.0,0.7673275347389108,171.0,-531.0,-0.22733246506955557,0.04705044653329621,0.2607014155772689,92.2072043805875,65.0535053231467,TRACK
8.952,167.72076730269944,-530.2399909071739,-0.27260156854905215,-0.1882838964746409,0.726447041903254,-0.13841783396730084,0.7395165998476216,167.72076730269944,-531.0,0.760009092826067,171.0,-531.0,-0.22774340500735546,0.044858163541696694,0.26048340015237836,92.2072043805875,65.0535053231467,TRACK
8.996,167.75564004241838,-530.2468056280059,-0.2714096347419339,-0.18993029048564544,0.726470971021016,-0.13966226481153943,0.7397740330320512,167.75564004241838,-531.0,0.753194371994141,171.5,-531.0,-0.19850528513862892,0.072904349603305,0.26022596696794875,90.54432248582052,66.55343723816813,TRACK
9.052,167.793424912913,-530.2542517987981,-0.2699788389220412,-0.1915568773144064,0.7265273748774432,-0.14089892938312226,0.7400638720729577,167.793424912913,-531.0,0.7457482012018772,171.5,-531.0,-0.19854532601434674,0.07143351290769448,0.25993612792704235,90.54432248582052,66.55343723816813,TRACK
9.1,167.82831065226588,-530.2611788070485,-0.26843477222389134,-0.19311783900883345,0.7266179764518086,-0.14209373925809604,0.7403811953576812,167.82831065226588,-531.0,0.738821192951491,171.5,-531.0,-0.19856937208355382,0.06986540014033751,0.2596188046423188,114.3230470262235,42.53246630423085,TRACK
9.152,167.86610411667732,-530.2687657719644,-0.26695261937151216,-0.19486816337314813,0.726680772078344,-0.14342704052825717,0.7406998450540357,167.86610411667732,-531.0,0.7312342280356461,171.5,-531.0,-0.19857409982256244,0.06837851954894972,0.25930015494596426,114.3230470262235,42.53246630423085,TRACK
9.2,167.90096967832034,-530.2759200312562,-0.2651771409656054,-0.1975013486589644,0.7265705554979185,-0.14539405034635006,0.7409751696195163,167.90096967832034,-531.0,0.7240799687438084,171.5,-531.0,-0.1985371405108362,0.0666400004547692,0.25902483038048374,98.81526538519809,57.78071849184771,TRACK
9.252,167.93872049744644,-530.2838216356712,-0.2629775948783952,-0.2005936215671132,0.7263629128839482,-0.1476900085952959,0.7412256200726824,167.93872049744644,-531.0,0.7161783643288118,171.5,-531.0,-0.19845439269750043,0.0645232021808948,0.25877437992731755,98.81526538519809,57.78071849184771,TRACK
9.3,167.97356224211484,-530.2912000619225,-0.26148083475295003,-0.20342798404709483,0.7261902815816361,-0.14979953033605764,0.7414797531642515,167.97356224211484,-531.0,0.7087999380775045,171.5,-531.0,-0.1983530833180021,0.06312775143494792,0.2585202468357485,97.0759533303071,59.42167979595189,TRACK
9.352,168.0113037554488,-530.2992729723456,-0.25966013136167065,-0.20598342354373744,0.7260530996990144,-0.15170659179734747,0.7417331013088967,168.0113037554488,-531.0,0.7007270276543522,171.5,-531.0,-0.19821890194002556,0.061441229421645094,0.2582668986911033,97.0759533303071,59.42167979595189,TRACK
9.4,168.04614034930393,-530.3067873902894,-0.2576661434484755,-0.2082480311677163,0.72595134499793,-0.15340191550814114,0.7419821446543512,168.04614034930393,-531.0,0.6932126097105993,171.5,-531.0,-0.1980749412611065,0.05959120218736899,0.2580178553456488,96.34273646877479,60.01977259798461,TRACK
9.452,168.08387744031035,-530.3149924267767,-0.2558083719200599,-0.21029538730857397,0.7258680252534071,-0.15493745220642519,0.742219646857653,168.08387744031035,-531.0,0.6850075732232881,171.5,-531.0,-0.19789738897219017,0.05791098294786973,0.25778035314234704,96.34273646877479,60.01977259798461,TRACK
9.5,168.1187080963345,-530.3226263555218,-0.25378118846964726,-0.21220944678059042,0.7257877499241805,-0.1563734077006903,0.7424422540345688,168.1187080963345,-531.0,0.6773736444781662,171.5,-531.0,-0.19771268743445036,0.056068501035196894,0.25755774596543124,94.87150667060473,61.36848586062487,TRACK
9.548,168.1564351965666,-530.3309668047784,-0.2519007309323391,-0.21408791105147085,0.7256944428591101,-0.15778035423251924,0.7426486817993643,168.1564351965666,-531.0,0.6690331952215729,171.5,-531.0,-0.19748765082701272,0.05441308010532639,0.2573513182006357,94.87150667060473,61.36848586062487,TRACK
9.596,168.19125332991325,-530.3387345621483,-0.24986056939183054,-0.21598330195654203,0.7255836101777229,-0.15919712773950903,0.7428427160839953,168.19125332991325,-531.0,0.6612654378517391,171.5,-531.0,-0.19725493323072918,0.052605636161101366,0.2571572839160047,93.66856406424132,62.49887714611445,TRACK
9.652,168.228964098144,-530.3472311154158,-0.2479776235190052,-0.21795287107309938,0.7254518250916447,-0.16066647233110443,0.743030326339457,168.228964098144,-531.0,0.6527688845842476,171.5,-531.0,-0.1969727293979264,0.05100489412107881,0.256969673660543,93.66856406424132,62.49887714611445,TRACK
9.696,168.26376625068116,-530.3551506480298,-0.24594328288638923,-0.21998231902114027,0.725309381893084,-0.1621797989930024,0.7432200122867644,168.26376625068116,-531.0,0.6448493519701515,172.0,-531.0,-0.17090964531706143,0.0750336375693278,0.2567799877132356,92.5338660933124,63.581778692301626,TRACK
9.752,168.3014612572018,-530.3638130338495,-0.2436071297822886,-0.2220476455024857,0.7251674882732391,-0.16372138928548083,0.7434195177408824,168.3014612572018,-531.0,0.6361869661504898,172.0,-531.0,-0.17034339457681563,0.07326373520547297,0.25658048225911756,92.5338660933124,63.581778692301626,TRACK
9.8,168.33625229578357,-530.3718801945125,-0.24175063765051874,-0.22407892392306733,0.725043523703031,-0.16524194953673252,0.7436349999498463,168.33625229578357,-531.0,0.6281198054874721,172.0,-531.0,-0.1697912055456487,0.07195943210487005,0.2563650000501537,112.49432579869361,43.537323413633715,TRACK
9.852,168.37393434775572,-530.3807142415884,-0.24015963736094004,-0.22624981068737907,0.7249074863733986,-0.1668671994403727,0.743865260681847,168.37393434775572,-531.0,0.6192857584115927,172.0,-531.0,-0.16915518894205295,0.07100444841888709,0.256134739318153,112.49432579869361,43.537323413633715,TRACK
9.9,168.40869601594454,-530.3890162582385,-0.23796640113482437,-0.22911650184887825,0.7246603633528634,-0.16899921770972287,0.7441057571348325,168.40869601594454,-531.0,0.6109837417615154,172.0,-531.0,-0.16851520263044528,0.06945119850437909,0.2558942428651675,99.79244445505225,56.09901546786952,TRACK
9.952,168.44633488477004,-530.3981545294589,-0.23585622198243675,-0.23229064696061488,0.7243677763509727,-0.17135708626416213,0.7443600784758653,168.44633488477004,-531.0,0.6018454705410932,172.0,-531.0,-0.16776717795378288,0.06808904402865387,0.25563992152413473,99.79244445505225,56.09901546786952,TRACK
10.0,168.4810708044293,-530.4066786368395,-0.23318347874764833,-0.23521566962952234,0.7241218021435326,-0.1735370557218744,0.7446257409250733,168.4810708044293,-531.0,0.5933213631604985,172.0,-531.0,-0.167037428972002,0.06614604977564634,0.2553742590749267,98.41017067509685,57.31762036849964,TRACK
10.052,168.51869368374457,-530.4160014793036,-0.23138497416891024,-0.23790851019310544,0.7239100898615227,-0.17554898742018693,0.7448914452372043,168.51869368374457,-531.0,0.5839985206963547,172.0,-531.0,-0.16620516830067816,0.06517980586823208,0.2551085547627957,98.41017067509685,57.31762036849964,TRACK
10.1,168.5534157329091,-530.4246813117635,-0.2286698131263205,-0.24037821198853376,0.7237231669012418,-0.17739728684284356,0.7451476495895057,168.5534157329091,-531.0,0.5753186882365071,172.0,-531.0,-0.16539934343489837,0.06327046969142214,0.25485235041049425,97.3433202913022,58.2067562305734,TRACK
10.152,168.59102236169323,-530.4341626660328,-0.22685115842067827,-0.24268750067670877,0.7235415983791047,-0.17912504402946777,0.7453846161436044,168.59102236169323,-531.0,0.565837333967238,172.0,-531.0,-0.16448484156761656,0.06236631685306171,0.2546153838563956,97.3433202913022,58.2067562305734,TRACK
10.2,168.6257263640279,-530.4429858819817,-0.22448088217369697,-0.2448865594112371,0.7233520559701105,-0.18076722824691988,0.7455970679155465,168.6257263640279,-531.0,0.5570141180182873,172.0,-531.0,-0.1636013316201784,0.06087955055351857,0.2544029320844535,96.38137777985244,59.04962974945627,TRACK
10.252,168.6633092778729,-530.4526241560174,-0.22174161168065343,-0.24704245367225003,0.723140756491143,-0.18237169667728742,0.7457828031320748,168.6633092778729,-531.0,0.5473758439826497,172.0,-531.0,-0.16259924295793696,0.05914236872271647,0.2542171968679252,96.38137777985244,59.04962974945627,TRACK
10.3,168.69798762501276,-530.4615952973712,-0.21955061766663705,-0.24917956530304444,0.722904439613948,-0.183956175212191,0.7459428283804694,168.69798762501276,-531.0,0.5384047026287817,172.0,-531.0,-0.16163112560957096,0.05791949205706609,0.25405717161953056,95.07267420532185,60.315753759713346,TRACK
10.352,168.73554005240254,-530.4713948304657,-0.21718274612239674,-0.2513096397785011,0.7226446085649207,-0.18552990971596267,0.746080811767171,168.73554005240254,-531.0,0.5286051695343303,172.0,-531.0,-0.1605338830975763,0.056648863024820445,0.253919188232829,95.07267420532185,60.315753759713346,TRACK
10.4,168.77018973627892,-530.4805103079007,-0.21536796804842084,-0.2533881736409744,0.7223729404991448,-0.18706146427883613,0.7462001451242979,168.77018973627892,-531.0,0.5194896920993415,172.5,-531.0,-0.1383901644992172,0.07697780354920364,0.2537998548757021,94.52904767395779,60.74612977045796,TRACK
10.452,168.8077119176692,-530.4904563454065,-0.21319854647607062,-0.2553920184605669,0.722095555297435,-0.18853443499382888,0.7463023677831615,168.8077119176692,-531.0,0.5095436545934717,172.5,-531.0,-0.1371359510296077,0.0760625954464629,0.2536976322168385,94.52904767395779,60.74612977045796,TRACK
10.496,168.84233497899132,-530.4996961334425,-0.2108599101255153,-0.2572818607807759,0.7218219330838078,-0.18992083717503888,0.7463891930314324,168.84233497899132,-531.0,0.5003038665574877,172.5,-531.0,-0.13593872029948276,0.07492118982603255,0.25361080696856764,111.7026882025921,43.48929325721357,TRACK
10.552,168.8798264651096,-530.5097822203663,-0.2086665181524554,-0.25921408124224604,0.7215307976852378,-0.19133566768949006,0.7464690413798006,168.8798264651096,-531.0,0.4902177796336673,172.5,-531.0,-0.13459410214417616,0.07407241600827924,0.25353095862019936,111.7026882025921,43.48929325721357,TRACK
10.6,168.91440766420925,-530.519214079333,-0.20617462590681135,-0.2616838543208819,0.7211495952636715,-0.19314215562999137,0.7465658919548609,168.91440766420925,-531.0,0.4807859206670173,172.5,-531.0,-0.1332932218046931,0.07288140410211824,0.2534341080451391,100.63876162298692,54.489298802732606,TRACK
10.652,168.9518454844216,-530.5295491821793,-0.20320534791979705,-0.26436840729050326,0.7207325652737216,-0.19510559339409822,0.7466737059919163,168.9518454844216,-531.0,0.4704508178207334,172.5,-531.0,-0.13182139185674513,0.07138395606305192,0.2533262940080837,100.63876162298692,54.489298802732606,TRACK
10.7,168.98638881333724,-530.5391566022395,-0.20120872973597503,-0.26678482390182473,0.720354607437838,-0.19687274031183322,0.7467728144052996,168.98638881333724,-531.0,0.4608433977605273,172.5,-531.0,-0.1304150398629845,0.07079368987299053,0.25322718559470037,99.32947941334112,55.666682006616895,TRACK
10.752,169.02379623410138,-530.5496276994096,-0.19819541471728774,-0.26893779092826453,0.7200112115162991,-0.19844581984776305,0.746858010684909,169.02379623410138,-531.0,0.4503723005904021,172.5,-531.0,-0.12884097393557054,0.06935444078171721,0.253141989315091,99.32947941334112,55.666682006616895,TRACK
10.8,169.05831426296888,-530.5593408308471,-0.195774360462887,-0.27081486763683954,0.7197012479777476,-0.19981469963266513,0.7469242267660218,169.05831426296888,-531.0,0.4406591691529229,172.5,-531.0,-0.12734301678058596,0.06843134368230103,0.25307577323397823,98.9215047283021,55.98353573728034,TRACK
10.852,169.09569626978478,-530.5699085266169,-0.19375104487694594,-0.2724568696818719,0.7194154724464263,-0.20100827628907356,0.7469691754898721,169.09569626978478,-531.0,0.4300914733830723,172.5,-531.0,-0.12567177264605245,0.0680792722308935,0.2530308245101279,98.9215047283021,55.98353573728034,TRACK
10.9,169.13019114451268,-530.5797007389643,-0.19070820937693833,-0.27390628838741704,0.7191451853144308,-0.2020569279544024,0.7469918337540897,169.13019114451268,-531.0,0.42029926103566595,172.5,-531.0,-0.12408417277528311,0.06662403660165522,0.25300816624591027,98.84945256685468,56.03147116880446,TRACK
10.952,169.16754753014558,-530.5903477472134,-0.18867475932889266,-0.2752166001196551,0.7188815814450835,-0.20299955869292138,0.7469936739829227,169.16754753014558,-531.0,0.4096522527866,172.5,-531.0,-0.12231451222864,0.06636024710025266,0.2530063260170773,98.84945256685468,56.03147116880446,TRACK
11.0,169.20201769093597,-530.6002104960904,-0.18602589974804928,-0.2764282632990228,0.7186179503692417,-0.20386559037871493,0.7469758614127714,169.20201769093597,-531.0,0.3997895039095738,172.5,-531.0,-0.1206338502929514,0.06539204945509788,0.2530241385872286,98.07341674154824,56.83794564760046,TRACK
11.052,169.23934650405658,-530.610930306564,-0.18357763889520617,-0.27755484382185064,0.7183532945133424,-0.20466520424137755,0.7469399584741317,169.23934650405658,-531.0,0.3890696934359994,172.5,-531.0,-0.1187611009664046,0.06481653792880157,0.25306004152586825,98.07341674154824,56.83794564760046,TRACK
11.096,169.2737915672878,-530.6208523950695,-0.1809257246030449,-0.2785724899487159,0.7180915608278624,-0.2053809447762004,0.74688474493014,169.2737915672878,-531.0,0.3791476049304947,173.0,-531.0,-0.10140259019279302,0.07952313441025188,0.25311525506986,97.67598444257987,57.304581131678844,TRACK
11.152,169.31109455199058,-530.6316243849443,-0.17847916091201044,-0.27946488029289956,0.7178372961915123,-0.20600139210797436,0.7468111925741099,169.31109455199058,-531.0,0.3683756150556974,173.0,-531.0,-0.09953044388669009,0.07894871702532034,0.2531888074258901,97.67598444257987,57.304581131678844,TRACK
11.2,169.34551783104664,-530.6415809825357,-0.17583199820131856,-0.28019676555231393,0.717597318974897,-0.2065010956411013,0.7467185645883831,169.34551783104664,-531.0,0.3584190174642572,173.0,-531.0,-0.09776388998372797,0.0780681082175906,0.25328143541161685,110.13360359954832,44.955868779263156,TRACK
11.252,169.38279792816758,-530.6523869788858,-0.17272866267133824,-0.2808725188138245,0.717361987955398,-0.20695837990768,0.7466190412635698,169.38279792816758,-531.0,0.3476130211141708,173.0,-531.0,-0.09580576711803412,0.07692289555330412,0.2533809587364302,110.13360359954832,44.955868779263156,TRACK
11.3,169.4171942065845,-530.6624132840943,-0.17059254592799247,-0.2818391697795731,0.7170914889610553,-0.2076314224186257,0.7465460542498132,169.4171942065845,-531.0,0.33758671590567246,173.0,-531.0,-0.09394674768475121,0.07664579824324126,0.25345394575018676,101.69902894489101,53.52832509515124,TRACK
11.352,169.4544432928354,-530.6733155737937,-0.16732980464948932,-0.2828519897058339,0.7168244714365795,-0.20834122062577454,0.7464873656413544,169.4544432928354,-531.0,0.3266844262062705,173.0,-531.0,-0.0918796845782574,0.07545012007123192,0.25351263435864557,101.69902894489101,53.52832509515124,TRACK
11.4,169.48882150860305,-530.6833812668319,-0.1651426348155718,-0.283544733078765,0.7166103964061934,-0.20881747181029614,0.7464148958660226,169.48882150860305,-531.0,0.3166187331680703,173.0,-531.0,-0.08993126044182694,0.07521137437374485,0.2535851041339774,101.49619022864805,53.77298767396455,TRACK
11.452,169.52606083346166,-530.6942781725455,-0.16250691467680858,-0.28393879209403183,0.7164460595969364,-0.20907591436434295,0.7463294810465838,169.52606083346166,-531.0,0.3057218274544766,173.0,-531.0,-0.08777822865434445,0.07472868602246413,0.2536705189534162,101.49619022864805,53.77298767396455,TRACK
11.5,169.5604339711855,-530.7043217691376,-0.15963956948471347,-0.2840579338501511,0.7163274013076224,-0.20913390282035244,0.7462318240151676,169.5604339711855,-531.0,0.2956782308624497,173.0,-531.0,-0.08575300156913457,0.0738865679155789,0.25376817598483237,101.6738189224489,53.69553964225761,TRACK
11.552,169.59767147364337,-530.7151802106671,-0.15698204077353958,-0.283943997897934,0.7162498466241782,-0.20902270097433337,0.7461262174134913,169.59767147364337,-531.0,0.2848197893329143,173.0,-531.0,-0.08351846134490182,0.07346357942863777,0.2538737825865087,101.6738189224489,53.69553964225761,TRACK
11.6,169.6320455012113,-530.7251797775177,-0.15364577932350046,-0.28364579468797335,0.7162063513219097,-0.20877826391921928,0.7460160193715454,169.6320455012113,-531.0,0.2748202224822762,173.0,-531.0,-0.0814181724846813,0.07222760683881915,0.2539839806284546,101.05678360882159,54.44744711711347,TRACK
11.648,169.66928623241913,-530.7359838213177,-0.15141502918089622,-0.28319667382463043,0.7161928961041631,-0.20842539712456187,0.7459044245723442,169.66928623241913,-531.0,0.2640161786822546,173.0,-531.0,-0.07910175110413134,0.07231327807676488,0.2540955754276558,101.05678360882159,54.44744711711347,TRACK
11.7,169.7036654020997,-530.7459257247858,-0.1480629261747366,-0.2826045795566482,0.7162068280551401,-0.20796955425234537,0.7457905577631861,169.7036654020997,-531.0,0.2540742752141796,173.0,-531.0,-0.0769257193819023,0.07113720679283429,0.25420944223681385,100.79577914830021,54.83991456150959,TRACK
11.752,169.74091388246563,-530.7566588215469,-0.14515369550792978,-0.281885257369923,0.7162453637758561,-0.20742220769450717,0.7456751258928191,169.74091388246563,-531.0,0.243341178453079,173.0,-531.0,-0.07452717505012484,0.07062652045780494,0.25432487410718085,100.79577914830021,54.83991456150959,TRACK
11.8,169.77530224087434,-530.7665263886439,-0.14291424394676078,-0.2810286593033204,0.7163079331844486,-0.20677544508364587,0.7455555913763349,169.77530224087434,-531.0,0.23347361135608935,173.5,-531.0,-0.06260066308270079,0.08031358086405999,0.25444440862366513,100.03616333720733,55.72953786177449,TRACK
11.852,169.81256336889146,-530.7771658156305,-0.14022731031609204,-0.2800164223951014,0.7163962105312871,-0.20601556709869873,0.7454300398767054,169.81256336889146,-531.0,0.22283418436950342,173.5,-531.0,-0.06035724708463885,0.07987006323145318,0.2545699601232946,100.03616333720733,55.72953786177449,TRACK
11.9,169.84696647340152,-530.7869308843739,-0.13732044961058465,-0.2788100331663286,0.716513507231206,-0.2051137448679448,0.7452940724160604,169.84696647340152,-531.0,0.2130691156261264,173.5,-531.0,-0.05826061711245688,0.07905983249812777,0.2547059275839396,108.5514572545767,47.35713766617364,TRACK
11.952,169.88424582938114,-530.7974510926522,-0.13461882309031245,-0.2774933956959914,0.71665252187081,-0.204133028345084,0.7451584599030777,169.88424582938114,-531.0,0.20254890734781839,173.5,-531.0,-0.05595995337079626,0.07865886971951619,0.2548415400969223,108.5514572545767,47.35713766617364,TRACK
12.004,169.91866401773785,-530.8071297202666,-0.1311696453747362,-0.2763156039410688,0.7167900959837055,-0.2032597947796581,0.745052069236908,169.91866401773785,-531.0,0.1928702797333699,173.5,-531.0,-0.05380230868479995,0.07736733668993623,0.25494793076309197,103.16815102353058,52.90334570994501,TRACK
12.052,169.95595992086336,-530.8175706476433,-0.1288397141355384,-0.27514168716844545,0.7169436795803477,-0.20239433933412956,0.7449642328895442,169.95595992086336,-531.0,0.18242935235673485,173.5,-531.0,-0.05142957696709738,0.07741013716844103,0.25503576711045584,103.16815102353058,52.90334570994501,TRACK
12.1,169.99039995192715,-530.8271440849113,-0.12533210864673364,-0.27373760558584187,0.7171386182339615,-0.20136263398001508,0.7448722763842706,169.99039995192715,-531.0,0.17285591508868947,173.5,-531.0,-0.049212544186148774,0.07611956446058486,0.25512772361572944,102.76864873466266,53.37054610121069,TRACK
12.152,170.0277259657959,-530.8374382710443,-0.12298682809314564,-0.27211539332040585,0.7173728875071244,-0.20017350336697745,0.7447773433587508,170.0277259657959,-531.0,0.16256172895566579,173.5,-531.0,-0.04678291908927061,0.07620390900387503,0.2552226566412492,102.76864873466266,53.37054610121069,TRACK
12.2,170.06219706467974,-530.8468630329387,-0.11993185938003426,-0.27028620767183587,0.7176441395743081,-0.1988349993349502,0.7446801112060658,170.06219706467974,-531.0,0.1531369670613003,173.5,-531.0,-0.04451558236784301,0.07541627701219125,0.2553198887939342,102.43793043532216,53.80040777401646,TRACK
12.252,170.09956006126126,-530.8569844315466,-0.11710705732062478,-0.2682771027298432,0.7179503984835325,-0.19736754789016947,0.7445849338005983,170.09956006126126,-531.0,0.14301556845339292,173.5,-531.0,-0.04203318835171092,0.07507386896891385,0.2554150661994017,102.43793043532216,53.80040777401646,TRACK
12.3,170.13406811359192,-530.8662411767694,-0.11404366575642876,-0.2661082260191022,0.7182889739253941,-0.19578600671183488,0.7444939291135706,170.13406811359192,-531.0,0.13375882323055066,173.5,-531.0,-0.039718117955974075,0.07432554780045468,0.2555060708864294,102.15405893606642,54.192976978368236,TRACK
12.352,170.17147385353937,-530.8761734832697,-0.11121398879900601,-0.2638097681121052,0.7186572365439279,-0.19411296734493072,0.7444112221940298,170.17147385353937,-531.0,0.12382651673033251,173.5,-531.0,-0.03718445793883233,0.07402953086017369,0.2555887778059702,102.15405893606642,54.192976978368236,TRACK
12.4,170.20602364944665,-530.8852505280981,-0.10767630167862398,-0.26139787655260255,0.7190527989108144,-0.19236021398182007,0.7443382158297448,170.20602364944665,-531.0,0.11474947190185958,173.5,-531.0,-0.03482207371736808,0.0728542279612559,0.2556617841702552,101.89251449794483,54.540654332135574,TRACK
12.452,170.24347683192795,-530.8949830192539,-0.10461098712536399,-0.2588910919453688,0.7194730475315537,-0.19054129109819723,0.7442764605559612,170.24347683192795,-531.0,0.10501698074608612,173.5,-531.0,-0.032237019064843435,0.07237396806052054,0.2557235394440388,101.89251449794483,54.540654332135574,TRACK
12.496,170.27807237056905,-530.9038704983103,-0.10225424249666082,-0.25629018431389944,0.7199166168201915,-0.18865637400006174,0.7442252096137846,170.27807237056905,-531.0,0.09612950168968837,174.0,-531.0,-0.025822139620368438,0.07643210287629237,0.2557747903862154,101.06971596189061,55.417884444693925,TRACK
12.548,170.31557719248462,-530.9133903904446,-0.09942944976242174,-0.2535922918130786,0.7203821022879635,-0.18670284015806704,0.7441829908160457,170.31557719248462,-531.0,0.08660960955535302,174.0,-531.0,-0.02350263976863853,0.0759268099937832,0.25581700918395434,101.06971596189061,55.417884444693925,TRACK
12.6,170.35022238759177,-530.9220724386015,-0.09590766275811302,-0.25077500838621697,0.7208695808101142,-0.18466344724648942,0.7441461827398611,170.35022238759177,-531.0,0.07792756139849644,174.0,-531.0,-0.021348074066590284,0.07455958869152274,0.2558538172601389,104.82357313680009,51.69454534054491,TRACK
12.652,170.3877825601848,-530.9313645139288,-0.0928471274804894,-0.2478867173347226,0.72137408151814,-0.1825740554129739,0.7441195140540797,170.3877825601848,-531.0,0.06863548607122993,174.0,-531.0,-0.01899864253999819,0.0738484849404912,0.2558804859459203,104.82357313680009,51.69454534054491,TRACK
12.7,170.4224787469197,-530.939846862526,-0.0900026995687111,-0.2450465224036017,0.7218861812620372,-0.18052359453987635,0.7441158692587362,170.4224787469197,-531.0,0.060153137474003415,174.0,-531.0,-0.016812610018594996,0.0731900895501161,0.2558841307412638,101.40911732679474,55.12873768348088,TRACK
12.752,170.4600947455647,-530.9489276072001,-0.08691605928879031,-0.24218616626780112,0.7224106240848016,-0.17846073329558965,0.744127235840076,170.4600947455647,-531.0,0.051072392799937916,174.0,-531.0,-0.014426614808922385,0.07248944447986794,0.255872764159924,101.40911732679474,55.12873768348088,TRACK
12.8,170.49484502612168,-530.9571969225834,-0.08407251269676785,-0.23918751675213615,0.7229543680497483,-0.17629656797912477,0.7441394346246066,170.49484502612168,-531.0,0.04280307741657907,174.0,-531.0,-0.012210858101659108,0.07186165459510875,0.25586056537539337,101.28399929052864,55.213522409730075,TRACK
12.848,170.53252166784154,-530.9660311459677,-0.08170695741202438,-0.2360816941086105,0.7235131200390568,-0.17405388811901495,0.7441545476834749,170.53252166784154,-531.0,0.03396885403230954,174.0,-531.0,-0.009796100849210525,0.07191085656281386,0.2558454523165251,101.28399929052864,55.213522409730075,TRACK
12.9,170.56732858994317,-530.9740699893916,-0.07816537116816535,-0.2328943206899355,0.7240840016831593,-0.17175159391030415,0.7441748796514348,170.56732858994317,-531.0,0.025930010608362863,174.0,-531.0,-0.0075537429391236656,0.07061162822904168,0.2558251203485652,101.46136644882642,55.01119489201644,TRACK
12.952,170.60506718696138,-530.9826533679825,-0.07580786106549509,-0.22965449522211967,0.7246643887165871,-0.1694112765570766,0.7442033706579695,170.60506718696138,-531.0,0.017346632017506636,174.0,-531.0,-0.005109521164381975,0.07069833990111311,0.2557966293420305,101.46136644882642,55.01119489201644,TRACK
13.0,170.63993172587686,-530.990461976279,-0.07274628389002656,-0.22639187022147084,0.7252524489245288,-0.1670550985907463,0.7442435895835383,170.63993172587686,-531.0,0.009538023721006539,174.0,-531.0,-0.0028386322313290733,0.06990765165869749,0.2557564104164617,100.73184750747194,55.70294038005872,TRACK
13.052,170.6777331356076,-530.9987978152017,-0.06922057250515357,-0.22311929017133506,0.7258466572963587,-0.1646924222173815,0.7442962876732127,170.6777331356076,-531.0,0.0012021847983305634,174.0,-531.0,-0.0003618567667588448,0.06885871573839472,0.25570371232678735,100.73184750747194,55.70294038005872,TRACK
13.1,170.7126561653616,-531.0063765699339,-0.06687597506484222,-0.2198217959940055,0.7264474191988648,-0.16231182769698071,0.7443594442680401,170.7126561653616,-531.0,0.006376569933877363,174.0,-531.0,0.0019397307544428393,0.06881570581928506,0.2556405557319599,99.7744236353367,56.58687692430273,TRACK
13.148,170.7505214089505,-531.0144605614732,-0.06407056091892249,-0.21650110874272174,0.7270530389429914,-0.15991416951799692,0.7444317719233037,170.7505214089505,-531.0,0.014460561473242706,174.5,-531.0,0.0038566668477076644,0.06792722776663015,0.2555682280766963,99.7744236353367,56.58687692430273,TRACK
13.2,170.78550352910023,-531.0218048628332,-0.06058015043808873,-0.21315363892676972,0.7276624347379909,-0.15749640760279368,0.7445117442570037,170.78550352910023,-531.0,0.021804862833164407,174.5,-531.0,0.0058701394788904,0.06645028991697913,0.2554882557429963,99.85761497985526,56.407543484078516,TRACK
13.252,170.82343279005286,-531.0296323045542,-0.05826283353381312,-0.2097784585553747,0.7282736851455158,-0.15505736883329235,0.7445974403024319,170.82343279005286,-531.0,0.029632304554183975,174.5,-531.0,0.008059600504817799,0.06632243403863092,0.2554025596975681,99.85761497985526,56.407543484078516,TRACK
13.3,170.8584735426252,-531.0367420946493,-0.05479656775116015,-0.20641921382903494,0.72888338285125,-0.15262950918518303,0.7446923880843631,170.8584735426252,-531.0,0.03674209464929845,174.5,-531.0,0.010089408476402332,0.06488597622756248,0.2553076119156369,98.94083283769017,57.21784624889817,TRACK
13.352,170.89646549052577,-531.0443215177747,-0.05249560632577266,-0.20309199316458598,0.7294892327994253,-0.15022452893002744,0.7447965828751787,170.89646549052577,-531.0,0.044321517774733366,174.5,-531.0,0.01229883685704776,0.06479444318282042,0.2552034171248213,98.94083283769017,57.21784624889817,TRACK
13.4,170.9315636827341,-531.0511995175443,-0.049061820135664735,-0.19973815682593155,0.7300923195053188,-0.147798025457746,0.7449020414322041,170.9315636827341,-531.0,0.05119951754431895,174.5,-531.0,0.014346901579361396,0.06340872171502614,0.25509795856779593,98.40315017766687,57.628958293389296,TRACK
13.452,170.9696170694279,-531.058526327529,-0.046102650839357155,-0.19640323976776494,0.7306885719636769,-0.1453837837518921,0.7450115662030585,170.9696170694279,-531.0,0.05852632752896625,174.5,-531.0,0.016576379398873537,0.0626790302382307,0.25498843379694147,98.40315017766687,57.628958293389296,TRACK
13.496,171.00477075627072,-531.0651765236487,-0.043838827122799406,-0.19309904220743163,0.7312765383386071,-0.14299047281170157,0.7451252584897456,171.00477075627072,-531.0,0.06517652364868809,174.5,-531.0,0.01864512060936972,0.06248394773216913,0.25487474151025435,97.34404305909877,58.56171281543331,TRACK
13.552,171.04288251199327,-531.0722604279823,-0.041133543908243204,-0.18983453869600847,0.7318511826680538,-0.14062393265009163,0.7452390515845279,171.04288251199327,-531.0,0.07226042798231447,174.5,-531.0,0.020898886916078663,0.06203243082432187,0.25476094841547214,97.34404305909877,58.56171281543331,TRACK
13.6,171.07808850822408,-531.0786889044088,-0.03822314536525795,-0.18660372012076942,0.7324136579172584,-0.13827986349865343,0.7453529948641416,171.07808850822408,-531.0,0.0786889044087502,174.5,-531.0,0.022991546926234056,0.061214692291492005,0.25464700513585836,97.77715211679882,57.99706221374498,TRACK
13.652,171.11625508941833,-531.085544055132,-0.03555959283128285,-0.1834921935695414,0.7329593279921123,-0.1360223488344896,0.7454739806814858,171.11625508941833,-531.0,0.08554405513200436,174.5,-531.0,0.025275498002027948,0.0608350908333108,0.25452601931851415,97.77715211679882,57.99706221374498,TRACK
13.7,171.15151022086428,-531.0917642323577,-0.032685436347170256,-0.1803915763941457,0.7334922299882609,-0.1337699856799161,0.7455905448179696,171.15151022086428,-531.0,0.09176423235771836,174.5,-531.0,0.02739780516999576,0.060083241517166014,0.2544094551820304,97.04424701921783,58.59689238440134,TRACK
13.752,171.1897289081666,-531.0983901268602,-0.030044704691085666,-0.17733518362791173,0.7340111140271045,-0.13154785753544437,0.7457058095103434,171.1897289081666,-531.0,0.09839012686018123,174.5,-531.0,0.029713931467023835,0.0597586361581095,0.2542941904896566,97.04424701921783,58.59689238440134,TRACK
13.8,171.22502999749094,-531.1044142806885,-0.02676806029531753,-0.17442481172879729,0.7345110004409978,-0.12943222906287782,0.745827802973998,171.22502999749094,-531.0,0.104414280688502,174.5,-531.0,0.031871718920640814,0.058639779215958344,0.254172197026002,96.68104428237638,58.834070224426085,TRACK
13.852,171.2632964951293,-531.1108324101784,-0.024593523097377945,-0.17153658897583113,0.734995115160329,-0.12732989738078387,0.7459428410250656,171.2632964951293,-531.0,0.11083241017843193,175.0,-531.0,0.029651784199396833,0.05424530729677478,0.2540571589749344,96.68104428237638,58.834070224426085,TRACK
13.9,171.29864025346816,-531.1166704375647,-0.021785876020400826,-0.16879303994690031,0.7354617294083579,-0.12533338298920352,0.7460646167161735,171.29864025346816,-531.0,0.1166704375647214,175.0,-531.0,0.03151053354328685,0.05329640956368768,0.2539353832838265,92.59871026292033,62.78330791928964,TRACK
13.948,171.33695102342244,-531.1229002275471,-0.019218338861134443,-0.1661350009562351,0.7359110757307745,-0.12339797767066732,0.7461850791033255,171.33695102342244,-531.0,0.12290022754712027,175.0,-531.0,0.03353876606191316,0.0527571049230476,0.25381492089667446,92.59871026292033,62.78330791928964,TRACK
14.0,171.37233417694037,-531.1285448156386,-0.0160626682392353,-0.1633551694803559,0.7363443602932191,-0.1213671403198861,0.746279438069318,171.37233417694037,-531.0,0.12854481563863374,175.0,-531.0,0.03541976072353682,0.05148242896277212,0.25372056193068204,93.98031318171034,61.2657410738159,TRACK
14.052,171.41068551113116,-531.1345626381524,-0.013367367943524,-0.16065558242262934,0.7367578143209308,-0.11939321581964193,0.7463690889544601,171.41068551113116,-531.0,0.13456263815237435,175.0,-531.0,0.03747223872200586,0.05083960666552986,0.2536309110455399,93.98031318171034,61.2657410738159,TRACK
14.1,171.4461037933222,-531.1400284337063,-0.01131640793134281,-0.15801527831406303,0.7371508869516455,-0.11746034953038967,0.7464505099773187,171.4461037933222,-531.0,0.140028433706334,175.0,-531.0,0.039381014445984915,0.050697422377327724,0.25354949002268135,93.09092128895072,62.083365893970935,TRACK
14.152,171.48449091348434,-531.1458589482484,-0.008269850754339503,-0.1554667334125651,0.7375229237636607,-0.1155930750737769,0.7465265046077804,171.48449091348434,-531.0,0.14585894824836032,175.0,-531.0,0.04146635255717656,0.04973620331151606,0.25347349539221964,93.09092128895072,62.083365893970935,TRACK
14.2,171.51993997716335,-531.1511701028883,-0.006262884362447041,-0.1531044546303565,0.7378726564391631,-0.11386266804731529,0.7466061641156202,171.51993997716335,-531.0,0.1511701028882726,175.0,-531.0,0.04341164415958832,0.04967452852203536,0.2533938358843798,93.07946897465436,62.02165621723942,TRACK
14.252,171.55835806311003,-531.156842929275,-0.0038776991739737365,-0.15082780978578622,0.7382004974804649,-0.11219321952565932,0.7466775026662706,171.55835806311003,-531.0,0.15684292927494425,175.0,-531.0,0.0455406137982485,0.04941831297222224,0.25332249733372936,93.07946897465436,62.02165621723942,TRACK
14.3,171.59383375646203,-531.1620190000793,-0.000930106767934813,-0.14874650779679446,0.7385072540539537,-0.11066777564039754,0.7467531860363933,171.59383375646203,-531.0,0.16201900007934,175.0,-531.0,0.04753055532727011,0.04846066209520492,0.2532468139636067,93.31776017101667,61.7035097320758,TRACK
14.352,171.6322785250769,-531.167565765938,0.0010185263394943966,-0.14683636558099342,0.738792580812151,-0.10926805513787036,0.7468292879478492,171.6322785250769,-531.0,0.16756576593797945,175.0,-531.0,0.04971542073614147,0.048696894396647074,0.2531707120521508,93.31776017101667,61.7035097320758,TRACK
14.4,171.6677766282634,-531.1726247811017,0.0035293506919356066,-0.14498997615691803,0.7390555132626759,-0.10791288807520505,0.7468923905735612,171.6677766282634,-531.0,0.17262478110171742,175.0,-531.0,0.05175841599238877,0.048229065300453164,0.25310760942643884,92.84100930352277,62.09632064025318,TRACK
14.452,171.7062432561958,-531.1780524914033,0.005828235104576862,-0.14330496238500162,0.7392960793195454,-0.1066760427400622,0.7469527903367998,171.7062432561958,-531.0,0.17805249140326396,175.0,-531.0,0.054005007792174535,0.04817677268759767,0.25304720966320016,92.84100930352277,62.09632064025318,TRACK
14.5,171.74175950824755,-531.1830064609513,0.008675436351358366,-0.14165467492802336,0.739515122768482,-0.10546212240237632,0.7469972396635055,171.74175950824755,-531.0,0.18300646095133288,175.0,-531.0,0.05610831293976276,0.047432876588404393,0.2530027603364945,92.74063389042514,62.14305538846337,TRACK
14.552,171.7802436609679,-531.1883162445959,0.010555827392189077,-0.14006307067623733,0.7397127808018269,-0.10428930793812446,0.7470282844924846,171.7802436609679,-531.0,0.18831624459585328,175.5,-531.0,0.050582777554484065,0.04002695016229499,0.2529717155075154,92.74063389042514,62.14305538846337,TRACK
14.6,171.81577413233327,-531.1931783337683,0.012984593015213264,-0.13864022217379407,0.739889661227058,-0.10324078370877897,0.7470578091496625,171.81577413233327,-531.0,0.1931783337682873,175.5,-531.0,0.052385927519613684,0.03940133450440042,0.25294219085033753,86.27243116665082,68.59403743977057,TRACK
14.652,171.8542715449175,-531.1983895557371,0.015192209133532364,-0.13720779702050925,0.7400454798837853,-0.1021820418930612,0.7470665847043739,171.8542715449175,-531.0,0.19838955573709427,175.5,-531.0,0.054363368280745755,0.03917115914721339,0.2529334152956261,86.27243116665082,68.59403743977057,TRACK
14.7,171.88981234084767,-531.2031418573865,0.01787145416980418,-0.13570905817012566,0.7401811989152112,-0.10107052675760109,0.7470498367623263,171.88981234084767,-531.0,0.20314185738652668,175.5,-531.0,0.05620978368462898,0.0383383295148248,0.2529501632376737,89.51711584274305,65.34712257379316,TRACK
14.752,171.9283191414852,-531.2082359947685,0.020140179273272052,-0.1342458426601143,0.7402981682012694,-0.0999833055405327,0.7470194369820417,171.9283191414852,-531.0,0.20823599476852905,175.5,-531.0,0.05823603603574872,0.03809585676247667,0.25298056301795835,89.51711584274305,65.34712257379316,TRACK
14.8,171.96386690904743,-531.2128936529998,0.02220395419829391,-0.1328590413927037,0.7403962811387907,-0.09895123987110313,0.7469792507132844,171.96386690904743,-531.0,0.21289365299981,175.5,-531.0,0.06013263148303225,0.03792867728473834,0.2530207492867156,89.08453238941618,65.8489605193125,TRACK
14.848,172.00237995836812,-531.2179065490358,0.023901677086477946,-0.1316601327523867,0.7404800300910723,-0.09805895231213106,0.7469445984088968,172.00237995836812,-531.0,0.21790654903577433,175.5,-531.0,0.06222095860577981,0.03831928151930186,0.2530554015911032,89.08453238941618,65.8489605193125,TRACK
14.896,172.03793255481784,-531.2224969653367,0.026411199553654008,-0.1305212320961246,0.7405497020050643,-0.09721010453079798,0.7469027149252292,172.03793255481784,-531.0,0.22249696533674523,175.5,-531.0,0.06417881872050832,0.03776761916685431,0.2530972850747708,89.82152767489171,65.1671892674891,TRACK
14.952,172.07644956691104,-531.2274344224161,0.028554495510379585,-0.1294617111038792,0.7406064261613342,-0.09641945213285825,0.7468564716336495,172.07644956691104,-531.0,0.22743442241608136,175.5,-531.0,0.06633485754407223,0.037780362033692644,0.25314352836635046,89.82152767489171,65.1671892674891,TRACK
15.0,172.11200496103066,-531.2319728566761,0.030511765127321677,-0.12858532314072071,0.7406522591271418,-0.09576539369874532,0.7468177686560588,172.11200496103066,-531.0,0.23197285667606593,175.5,-531.0,0.06836237154631658,0.0378506064189949,0.25318223134394124,89.30134066853057,65.74261475020916,TRACK
15.052,172.1505237765413,-531.2368586948573,0.03212655458554759,-0.12773975472384008,0.740685226677254,-0.09513295520126588,0.7467696326065095,172.1505237765413,-531.0,0.23685869485734656,175.5,-531.0,0.07059762335887028,0.03847106877332269,0.2532303673934905,89.30134066853057,65.74261475020916,TRACK
15.1,172.18607990468345,-531.2413480101148,0.034521122336664156,-0.1269893110555423,0.7407088317101327,-0.09457101130010265,0.7467216680609408,172.18607990468345,-531.0,0.24134801011484797,175.5,-531.0,0.07270020183131674,0.03817907949465259,0.25327833193905924,90.15966536348472,64.93143269824986,TRACK
15.148,172.22459889183511,-531.2461899527597,0.03609973973983127,-0.1263095424623953,0.7407231541323873,-0.09406115591594591,0.7466714753625427,172.22459889183511,-531.0,0.24618995275966427,175.5,-531.0,0.07502223128902884,0.038922491549197566,0.25332852463745725,90.15966536348472,64.93143269824986,TRACK
15.2,172.26015392764418,-531.2506329594237,0.03811723809841827,-0.12561225445177976,0.7407255196271831,-0.09353667493717024,0.7466079325759017,172.26015392764418,-531.0,0.25063295942368313,176.0,-531.0,0.06691685769948855,0.028799619601070275,0.25339206742409826,90.23173926584977,64.91911954926019,TRACK
15.252,172.2986708954429,-531.2554287645206,0.03997728872495965,-0.12500394977577325,0.7407204094798776,-0.09307829609236232,0.7465455741101779,172.2986708954429,-531.0,0.2554287645206159,176.0,-531.0,0.06890077292164355,0.028923484196683905,0.25345442588982214,90.23173926584977,64.91911954926019,TRACK
15.3,172.3342235852274,-531.2598313518189,0.0423286525472728,-0.12437461865436167,0.7407066291737521,-0.092603091509941,0.7464728012855798,172.3342235852274,-531.0,0.25983135181888883,176.0,-531.0,0.0707619606357708,0.028433308088497998,0.2535271987144202,81.81814829555111,73.41606584597724,TRACK
15.352,172.37273666776892,-531.26456187543,0.04384505595976096,-0.12361957119488953,0.7406819799155292,-0.09203207224849115,0.7463777178439479,172.37273666776892,-531.0,0.2645618754299903,176.0,-531.0,0.07280812092550196,0.028963064965740998,0.2536222821560521,81.81814829555111,73.41606584597724,TRACK
15.4,172.40828406199213,-531.2688803899216,0.04580735538102365,-0.12266580931103335,0.7406430364893807,-0.0913100151295474,0.746250377797672,172.40828406199213,-531.0,0.26888038992160546,176.0,-531.0,0.07472188488962793,0.028914529508604278,0.253749622202328,86.75285617304955,68.59500700296847,TRACK
15.452,172.44679014759046,-531.2735062731632,0.04751964525589946,-0.12157947442514848,0.7405935498606764,-0.09048726242190641,0.7461010325390585,172.44679014759046,-531.0,0.27350627316320697,176.0,-531.0,0.07682293370490276,0.029303288449003297,0.25389896746094154,86.75285617304955,68.59500700296847,TRACK
15.5,172.48233191404393,-531.2777488881912,0.049263364396224585,-0.12060967234049215,0.7405445211326148,-0.08975245515365099,0.7459635989682352,172.48233191404393,-531.0,0.27774888819124044,176.0,-531.0,0.07879476725920587,0.029531402862981282,0.25403640103176484,87.12127833939951,68.43402386963584,TRACK
15.552,172.52083352590148,-531.2823160659883,0.05091395964704493,-0.11972151185385052,0.7404994031620523,-0.08907971563785162,0.7458381606095763,172.52083352590148,-531.0,0.2823160659883115,176.0,-531.0,0.08096734398797019,0.030053384340925256,0.2541618393904237,87.12127833939951,68.43402386963584,TRACK
15.596,172.55637141658943,-531.2864962441486,0.05257855573083714,-0.11880004652862902,0.7404550649882783,-0.08838228091645739,0.7457111577861706,172.55637141658943,-531.0,0.2864962441485659,176.0,-531.0,0.08300487889056968,0.030426323159732538,0.2542888422138294,87.64710448011728,68.0458790289875,TRACK
15.652,172.59486946511564,-531.2909960747567,0.05417745938937669,-0.11794510620972645,0.740417272707242,-0.08773580399635042,0.7455972834084875,172.59486946511564,-531.0,0.2909960747566629,176.0,-531.0,0.0852509968244879,0.031073537435111216,0.2544027165915125,87.64710448011728,68.0458790289875,TRACK
15.7,172.63040481678166,-531.295113534482,0.05601153957503624,-0.11703882210712033,0.7403831664911655,-0.08705141642799623,0.7454831871515315,172.63040481678166,-531.0,0.2951135344819704,176.0,-531.0,0.08735839697146824,0.031346857396432004,0.2545168128484685,88.189006544338,67.62540630362788,TRACK
15.748,172.66890038719086,-531.2995328631869,0.057588308222608076,-0.11608070872161984,0.7403538590503898,-0.0863289023457829,0.7453700530548784,172.66890038719086,-531.0,0.2995328631868688,176.0,-531.0,0.08967893136584446,0.03209062314323638,0.25462994694512164,88.189006544338,67.62540630362788,TRACK
15.8,172.70443452313208,-531.3035819994479,0.059421786313424985,-0.11516411038547997,0.7403330829541346,-0.08563873842842036,0.7452697949306579,172.70443452313208,-531.0,0.3035819994479425,176.0,-531.0,0.09185908657685407,0.032437300263429086,0.2547302050693421,88.59609219822781,67.33646960371192,TRACK
15.852,172.74292939432152,-531.3079224524977,0.060985931064384546,-0.11415487424695989,0.7403165984645133,-0.08487976781323173,0.7451665860370388,172.74292939432152,-531.0,0.307922452497678,176.0,-531.0,0.09425953555849573,0.03327360449411118,0.2548334139629612,88.59609219822781,67.33646960371192,TRACK
15.9,172.77846374698922,-531.3118935393849,0.0625128003799833,-0.11315298748493907,0.7403104438705604,-0.08412769096436734,0.7450751785496698,172.77846374698922,-531.0,0.31189353938486875,176.5,-531.0,0.08361234737083405,0.021099546990850745,0.25492482145033024,89.13241474964836,66.90008989868521,TRACK
15.952,172.81696041685026,-531.3161543115497,0.06460798649187205,-0.11213027000311065,0.7403139895036646,-0.08336127331297913,0.744992553615936,172.81696041685026,-531.0,0.316154311549667,176.5,-531.0,0.08563068102347006,0.02102269453159801,0.25500744638406403,89.13241474964836,66.90008989868521,TRACK
16.0,172.85249649621102,-531.3200384046994,0.06554087733375757,-0.11098866538312807,0.740321338516216,-0.08250634020359685,0.7449046787584525,172.85249649621102,-531.0,0.32003840469940315,176.5,-531.0,0.0875176385253148,0.021976761191557226,0.25509532124154755,78.50661652155738,77.60675629900807,TRACK
16.052,172.890994206201,-531.3241788134668,0.06703695109437291,-0.10964116263248645,0.7403280718911003,-0.08149725706674901,0.7448002799001877,172.890994206201,-531.0,0.32417881346680133,176.5,-531.0,0.08958454131826346,0.02254759022389055,0.2551997200998123,78.50661652155738,77.60675629900807,TRACK
16.1,172.92652881039797,-531.3279034764287,0.06900146907947402,-0.10782025013455658,0.7403197356655353,-0.08013221785703675,0.7446438634371304,172.92652881039797,-531.0,0.32790347642867346,176.5,-531.0,0.09150424510948181,0.02250277603000779,0.2553561365628696,85.75574702669918,70.47269585269781,TRACK
16.152,172.96502423289527,-531.3318483723037,0.07028033569728764,-0.10582617053914431,0.7403116334529272,-0.07863812538155283,0.744476506942473,172.96502423289527,-531.0,0.33184837230373887,176.5,-531.0,0.09360139791392878,0.02332106221664114,0.255523493057527,85.75574702669918,70.47269585269781,TRACK
16.2,173.00055991360588,-531.3354266519017,0.07183336643478433,-0.10391268344853066,0.74031690025927,-0.07720640356636484,0.7443318759539633,173.00055991360588,-531.0,0.33542665190168464,176.5,-531.0,0.0955595820392286,0.023726215604444267,0.25566812404603667,85.77996353406304,70.69332414530182,TRACK
16.252,173.03905886779566,-531.3392218171841,0.07318171241224247,-0.10193522614721423,0.7403335614458705,-0.07572854402687076,0.7441966101666657,173.03905886779566,-531.0,0.33922181718412503,176.5,-531.0,0.09770225593676994,0.02452054352452747,0.2558033898333343,85.77996353406304,70.69332414530182,TRACK
16.3,173.07459987966132,-531.3426566396117,0.07460772031526419,-0.0999790725436113,0.7403700264602487,-0.07426913381876818,0.7440858017184171,173.07459987966132,-531.0,0.3426566396117323,176.5,-531.0,0.0997023631398465,0.025094642824582306,0.2559141982815829,86.46274173185454,70.14236175388955,TRACK
16.352,173.11310739612898,-531.3463018243118,0.0762668335467569,-0.098019961516606,0.7404257241930339,-0.07280983400194345,0.7439969925840891,173.11310739612898,-531.0,0.34630182431180856,176.5,-531.0,0.10189355404493043,0.025626720498173536,0.25600300741591087,86.46274173185454,70.14236175388955,TRACK
16.4,173.14865720756433,-531.3495862688054,0.07756914559652306,-0.09595831271900854,0.7404940957748734,-0.071275466533777,0.7439164590241668,173.14865720756433,-531.0,0.3495862688054103,176.5,-531.0,0.10393640660713571,0.026367261010612653,0.2560835409758332,86.8311570915606,69.84312839739597,TRACK
16.452,173.1871758150492,-531.3530645499454,0.07811986175655594,-0.09389316752317198,0.7405810203248282,-0.06974056092015934,0.743857508870363,173.1871758150492,-531.0,0.35306454994542946,176.5,-531.0,0.10617431982965325,0.02805445807309731,0.25614249112963705,86.8311570915606,69.84312839739597,TRACK
16.5,173.22273730835818,-531.3561895431993,0.07976781184732729,-0.09170853723453481,0.740680218589197,-0.06811777374106151,0.743805900291722,173.22273730835818,-531.0,0.3561895431993207,176.5,-531.0,0.10826013771389492,0.028492325866567636,0.256194099708278,88.32268920893134,68.39789086628065,TRACK
16.552,173.2612693070084,-531.3594796242998,0.08104086374024466,-0.08942344947732221,0.7407921329979772,-0.06642132956920685,0.7437639258080712,173.2612693070084,-531.0,0.3594796242997518,177.0,-531.0,0.0958555132671676,0.014814649526922935,0.25623607419192884,88.32268920893134,68.39789086628065,TRACK
16.6,173.29684526957834,-531.3624385323803,0.08271492264302481,-0.08716851998978829,0.7409229468544611,-0.06474923564092538,0.7437467826428446,173.29684526957834,-531.0,0.3624385323803381,177.0,-531.0,0.09756218300548367,0.014847260362458856,0.25625321735715545,76.25214623895046,80.49667856891965,TRACK
16.652,173.33539184664372,-531.3655183854131,0.083971189220718,-0.08456533010380544,0.7410480303185043,-0.0628167831948809,0.7437056753110652,173.33539184664372,-531.0,0.365518385413111,177.0,-531.0,0.099414021536485,0.015442832315767,0.25629432468893476,76.25214623895046,80.49667856891965,TRACK
16.7,173.3709778672207,-531.3682281565237,0.08511994699906111,-0.08156809409396451,0.7411626197474549,-0.060589656758355884,0.7436350821585852,173.3709778672207,-531.0,0.36822815652374175,177.0,-531.0,0.10112150703722764,0.016001560038166524,0.2563649178414148,83.18984973036127,73.57312903492205,TRACK
16.748,173.40953596717426,-531.3710345920209,0.08604073927819322,-0.07844950149460543,0.7412813756003027,-0.058272746585472456,0.7435682825447114,173.40953596717426,-531.0,0.37103459202091926,177.0,-531.0,0.1029733863445209,0.016932647066327675,0.2564317174552886,83.18984973036127,73.57312903492205,TRACK
16.8,173.44513449540023,-531.3735069309363,0.08772841260778175,-0.07526132973827082,0.7414054957878191,-0.05590475653844662,0.7435102225174882,173.44513449540023,-531.0,0.37350693093628706,177.0,-531.0,0.10468511818359473,0.016956705575812983,0.2564897774825118,84.17329538224594,72.70541208050095,TRACK
16.852,173.48370839186668,-531.3760680266734,0.08854375127869864,-0.07212409740279359,0.7415455677094094,-0.053576236134078636,0.7434784745154125,173.48370839186668,-531.0,0.3760680266733516,177.0,-531.0,0.10654518013021316,0.018001428851514525,0.2565215254845875,84.17329538224594,72.70541208050095,TRACK
16.896,173.51932331378987,-531.3783151092009,0.08941781983210274,-0.0689343576331259,0.7416967580343409,-0.051209530250613325,0.7434625053539284,173.51932331378987,-531.0,0.37831510920091205,177.0,-531.0,0.10826510695314073,0.01884728712103799,0.25653749464607156,84.34746250510908,72.55655846033953,TRACK
16.952,173.5579156304252,-531.380622120806,0.09034588383765584,-0.06570507277007212,0.7418588700755896,-0.04881415738970605,0.7434631161473295,173.5579156304252,-531.0,0.38062212080603786,177.0,-531.0,0.11013153220806719,0.019785648370411357,0.2565368838526705,84.34746250510908,72.55655846033953,TRACK
17.0,173.5935492643861,-531.3826427206812,0.09192910471381133,-0.06253350388333997,0.7420368465139253,-0.046462743060041556,0.7434900591648783,173.5935492643861,-531.0,0.38264272068124683,177.0,-531.0,0.11185995607702913,0.019930851363217802,0.2565099408351217,84.34746250510908,72.55655846033953,TRACK
17.052,173.6321627427012,-531.384704121485,0.09295051206607585,-0.059313621745273486,0.7422223619703945,-0.04407559609131352,0.74352988694451,173.6321627427012,-531.0,0.3847041214850151,177.0,-531.0,0.11373585940060423,0.020785347334528373,0.25647011305548995,85.2880111892516,71.58673187665072,TRACK
17.1,173.66781691584643,-531.3864980439791,0.093830123324679,-0.056148538603357195,0.7424228811312963,-0.041729822312385485,0.7435947232851495,173.66781691584643,-531.0,0.3864980439791452,177.0,-531.0,0.11547344050036744,0.021643317175688445,0.25640527671485047,85.21117674928975,71.58519344120175,TRACK
17.152,173.70645415102223,-531.3883205942257,0.09531498803651606,-0.05299341449112787,0.7426331864186032,-0.03939154962382924,0.7436771771084645,173.70645415102223,-531.0,0.3883205942256609,177.0,-531.0,0.11736168066798443,0.02204669263146837,0.2563228228915355,85.21117674928975,71.58519344120175,TRACK
17.2,173.74212925171935,-531.3898794370577,0.09632040974602352,-0.049728694951350266,0.742842513755264,-0.03697106957275778,0.7437619647626472,173.74212925171935,-531.0,0.3898794370577434,177.0,-531.0,0.11910663752338348,0.02278622777735996,0.2562380352373528,85.70825118376348,70.96624497647542,TRACK
17.252,173.78078892757748,-531.3914435349336,0.0963201372283764,-0.04647542787134615,0.7430569906783215,-0.034558777079117246,0.7438602022350217,173.78078892757748,-531.0,0.3914435349336145,177.5,-531.0,0.10486301276261445,0.008542875534238048,0.2561397977649783,85.70825118376348,70.96624497647542,TRACK
17.3,173.81648472011665,-531.3927623219956,0.09797856958338592,-0.04313306488047257,0.7432688645390323,-0.03207936076197814,0.7439608123954107,173.81648472011665,-531.0,0.3927623219956331,177.5,-531.0,0.10622567941113394,0.008247109827748011,0.2560391876045893,73.91064905448275,82.64500160578103,TRACK
17.348,173.85516283354505,-531.3940262481896,0.09877654982597493,-0.03946897446718501,0.7434582177184739,-0.02935878003134277,0.7440376734131535,173.85516283354505,-531.0,0.39402624818956156,177.5,-531.0,0.10768710407513933,0.008910554249164399,0.2559623265868465,73.91064905448275,82.64500160578103,TRACK
17.4,173.89087143667572,-531.3950310299365,0.10017830684648033,-0.035500035320977716,0.7436230726781685,-0.026409740591726925,0.7440918952773529,173.89087143667572,-531.0,0.3950310299364901,177.5,-531.0,0.10901933031842727,0.008841023471946943,0.25590810472264713,80.70622604039696,75.75456111436415,TRACK
17.448,173.92956252917278,-531.3959531703957,0.10101064590785547,-0.031414515495271765,0.7437758121248562,-0.02337304601410939,0.7441429687781557,173.92956252917278,-531.0,0.3959531703957282,177.5,-531.0,0.11044637087350964,0.009435724965654174,0.25585703122184433,80.70622604039696,75.75456111436415,TRACK
17.5,173.96528584597493,-531.3966735113829,0.10141828762476335,-0.0274752123705921,0.743936796230162,-0.02044496627407153,0.7442176787950857,173.96528584597493,-531.0,0.3966735113829145,177.5,-531.0,0.11175465740296349,0.010336369778200141,0.2557823212049143,80.95141255420526,75.48799975584822,TRACK
17.552,174.00399543378327,-531.39731364256,0.10286247670992799,-0.023645240924631893,0.7441042201057515,-0.017597803308484126,0.7443122819492318,174.00399543378327,-531.0,0.39731364255999324,177.5,-531.0,0.1131623892843555,0.010299912574427514,0.2556877180507682,80.95141255420526,75.48799975584822,TRACK
17.6,174.03973497343253,-531.3977667789102,0.10252629192878282,-0.019805705313280842,0.744268553011223,-0.014742691370637488,0.744414552484212,174.03973497343253,-531.0,0.39776677891018153,177.5,-531.0,0.11445033573441955,0.011924043805636733,0.25558544751578804,81.3476929442481,74.96608707514743,TRACK
17.652,174.07846182026202,-531.3981202536307,0.10325333648733648,-0.01606703110574638,0.7444360285019449,-0.011961906163880152,0.7445321267284724,174.07846182026202,-531.0,0.39812025363073644,177.5,-531.0,0.11583620443054143,0.012582867943204956,0.25546787327152765,81.3476929442481,74.96608707514743,TRACK
17.7,174.11421694681644,-531.3983115982759,0.10464701448133829,-0.012315367743537512,0.7445978829855879,-0.00917046037737376,0.7446543524952717,174.11421694681644,-531.0,0.3983115982758818,177.5,-531.0,0.1171041359476162,0.01245712146627792,0.2553456475047283,82.73879312885937,73.4283773288101,TRACK
17.752,174.15295940665322,-531.3983769823891,0.1052403996162552,-0.008594404163085838,0.7447551805343654,-0.006400884622691104,0.7447826865983984,174.15295940665322,-531.0,0.39837698238909525,177.5,-531.0,0.11846632330657283,0.013225923690317637,0.2552173134016016,82.73879312885937,73.4283773288101,TRACK
17.8,174.1887296043987,-531.3983190716482,0.10652937455018896,-0.005018393601536148,0.7449152259081052,-0.0037383091856381446,0.7449246060812402,174.1887296043987,-531.0,0.3983190716481886,177.5,-531.0,0.11971669153915024,0.013187316988961278,0.2550753939187598,82.08809806240113,73.92560055861857,TRACK
17.852,174.2274875657156,-531.3981182616086,0.10724106640639385,-0.0014472469359827877,0.7450657903193348,-0.0010782949349834533,0.7450665705989914,174.2274875657156,-531.0,0.39811826160860164,177.5,-531.0,0.12106034080252553,0.01381927439613169,0.2549334294010086,82.08809806240113,73.92560055861857,TRACK
17.9,174.26327105100904,-531.3978153321469,0.1075773850605537,0.002023535347569979,0.7452140106389848,0.0015079689502573972,0.7452155363537424,174.26327105100904,-531.0,0.39781533214693354,178.0,-531.0,0.10606135508982095,-0.0015160299707327463,0.2547844636462576,82.18076788590878,73.65979539560482,TRACK
17.952,174.3020433518674,-531.3973626273576,0.10814989140161813,0.005403041372051572,0.7453565165389627,0.004027231284658941,0.745367396214053,174.3020433518674,-531.0,0.3973626273575519,178.0,-531.0,0.10704391401468169,-0.0011059773869364353,0.254632603785947,82.18076788590878,73.65979539560482,TRACK
18.0,174.33783784908078,-531.3968230656671,0.1095693459888829,0.008788709049941744,0.7454832779311851,0.006552004327546531,0.7455120699463776,174.33783784908078,-531.0,0.3968230656671494,178.0,-531.0,0.10793646426148269,-0.0016328817274002122,0.25448793005362236,69.50642641466517,86.15997967953082,TRACK
18.052,174.37661706620315,-531.3960876332046,0.10968638228075213,0.012350632165723923,0.745578092055826,0.009208829003037544,0.7456349602085547,174.37661706620315,-531.0,0.3960876332046155,178.0,-531.0,0.10888199165913123,-0.0008043906216208957,0.2543650397914453,69.50642641466517,86.15997967953082,TRACK
18.1,174.4124113016046,-531.3952439131564,0.11014381157594944,0.01627733217943116,0.745625392971879,0.012137864203706878,0.7457241811768589,174.4124113016046,-531.0,0.39524391315637786,178.0,-531.0,0.10972728919032905,-0.00041652238562038535,0.2542758188231411,76.91690795711388,78.61909071724078,TRACK
18.152,174.45118786185017,-531.3941761050928,0.11063590231192966,0.020216824292919818,0.7456525840076474,0.015076781391034234,0.7458049915188251,174.45118786185017,-531.0,0.39417610509281076,178.0,-531.0,0.11061926695087525,-1.6635361054409548e-05,0.25419500848117493,76.91690795711388,78.61909071724078,TRACK
18.2,174.48698267307964,-531.3930725432582,0.11173718772685826,0.023928969645008548,0.7456780114864962,0.017846712948213675,0.7458915484019852,174.48698267307964,-531.0,0.3930725432581994,178.0,-531.0,0.11142683634707745,-0.0003103513797808044,0.25410845159801476,77.39797634066238,78.09386834275568,TRACK
18.252,174.525759930963,-531.3917434092597,0.11167983017770533,0.02754659385720072,0.7456914816811988,0.020546457637176347,0.745974492039331,174.525759930963,-531.0,0.391743409259675,178.0,-531.0,0.11228232303640978,0.0006024928587044509,0.25402550796066903,77.39797634066238,78.09386834275568,TRACK
18.296,174.56155466546815,-531.3904065282161,0.11202156585601908,0.03097199386134726,0.7457027355261234,0.023103288406971408,0.7460605415824907,174.56155466546815,-531.0,0.39040652821609,178.0,-531.0,0.11305740881779294,0.001035842961773864,0.2539394584175093,77.48030275091809,77.91851966214035,TRACK
18.352,174.60033196448208,-531.3888436829195,0.11241548317917727,0.03423098509294609,0.7457078291472781,0.025536288499175545,0.7461449379858174,174.60033196448208,-531.0,0.3888436829195143,178.0,-531.0,0.1138820720333755,0.0014665888541982308,0.2538550620141826,77.48030275091809,77.91851966214035,TRACK
18.4,174.63612439804805,-531.3872907266838,0.11218361480879002,0.037427002481739025,0.7456965836976279,0.027922226743412777,0.7462191673259432,174.63612439804805,-531.0,0.38729072668377285,178.0,-531.0,0.11462759554581221,0.0024439807370221917,0.2537808326740568,77.84562858866063,77.45890305767519,TRACK
18.452,174.6748980103389,-531.3855054985637,0.11253279815806017,0.040431561307666966,0.7456790159763993,0.03016540588369085,0.7462889162915787,174.6748980103389,-531.0,0.38550549856370253,178.0,-531.0,0.11542263261801274,0.00288983445995257,0.2537110837084213,77.84562858866063,77.45890305767519,TRACK
18.5,174.71068629208992,-531.3837591872402,0.11360960888446825,0.04334591475690909,0.7456475814858888,0.032341033891387094,0.7463486171012305,174.71068629208992,-531.0,0.38375918724022995,178.0,-531.0,0.11614340287439293,0.0025337939899246764,0.25365138289876954,78.56752561795857,76.67117567079627,TRACK
18.552,174.7494536090302,-531.3817681071856,0.11388848022800602,0.04613536069845462,0.7456047919870423,0.034423172396959426,0.7463989955994792,174.7494536090302,-531.0,0.3817681071856214,178.0,-531.0,0.11691177199954537,0.0030232917715393576,0.2536010044005208,78.56752561795857,76.67117567079627,TRACK
18.6,174.78523633578098,-531.3798537870852,0.11491865779779986,0.048694914525014,0.7455588306825793,0.03633364612393635,0.746443637423104,174.78523633578098,-531.0,0.37985378708515327,178.5,-531.0,0.10190099114519516,-0.013017666652604704,0.25355636257689596,77.96698678088585,77.22830799729,TRACK
18.652,174.8239963030043,-531.3776903037,0.11463791267536137,0.051167771229524595,0.745497634715982,0.038178777380774506,0.7464746093534692,174.8239963030043,-531.0,0.37769030369997836,178.5,-531.0,0.10238554173422379,-0.012252370941137583,0.2535253906465308,77.96698678088585,77.22830799729,TRACK
18.7,174.85977091754054,-531.3756227952564,0.11494374193506186,0.053464134712019766,0.7454300268922294,0.03989178769866603,0.7464966709358758,174.85977091754054,-531.0,0.3756227952563904,178.5,-531.0,0.10282267821039254,-0.012121063724669326,0.2535033290641242,65.30024270036581,89.87090216931882,TRACK
18.752,174.898517709534,-531.3732743748532,0.1151573715299905,0.05593906309256154,0.7453252328204567,0.04173633779505652,0.7464928831351382,174.898517709534,-531.0,0.3732743748531675,178.5,-531.0,0.10327590042506202,-0.011881471104928487,0.2535071168648618,65.30024270036581,89.87090216931882,TRACK
18.796,174.93427243822921,-531.3709888228786,0.11462736061437218,0.05870286231199856,0.745172964735962,0.0437941027143534,0.7464587535865184,174.93427243822921,-531.0,0.370988822878644,178.5,-531.0,0.10366995257864757,-0.010957408035724606,0.25354124641348164,73.01090851010403,82.1792384809726,TRACK
18.852,174.97299822911035,-531.3684289560375,0.11471866613086967,0.06125884109983743,0.7450167887782955,0.04569603973343946,0.7464168698581534,174.97299822911035,-531.0,0.36842895603751913,178.5,-531.0,0.10408205383101175,-0.01063661229985792,0.25358313014184664,73.01090851010403,82.1792384809726,TRACK
18.9,175.00873653563337,-531.3659908314837,0.11551888998514959,0.06365857474831596,0.7448527311029912,0.04748041736489928,0.7463645095157794,175.00873653563337,-531.0,0.3659908314837139,178.5,-531.0,0.10444898515993037,-0.011069904825219218,0.2536354904842206,73.9007317751595,81.37903665623594,TRACK
18.952,175.04744346181906,-531.3632745343297,0.11555895991367658,0.06589913752966822,0.7446816630051746,0.049145040593302464,0.7463015571677911,175.04744346181906,-531.0,0.36327453432966195,178.5,-531.0,0.10483326110171866,-0.010725698811957923,0.2536984428322089,73.9007317751595,81.37903665623594,TRACK
19.0,175.0831647434488,-531.3607134543813,0.11482116825618505,0.06788489832142101,0.744510759503616,0.050618817675700804,0.7462295462654484,175.0831647434488,-531.0,0.36071345438131175,178.5,-531.0,0.10517987484680562,-0.009641293409379428,0.25377045373455165,73.26493240184988,82.09821978727555,TRACK
19.052,175.1218521958902,-531.3578754728323,0.11556579311735615,0.06975370838421689,0.7443283081867353,0.052004030376465435,0.746142780936413,175.1218521958902,-531.0,0.35787547283234744,178.5,-531.0,0.10554470445785881,-0.010021088659497343,0.25385721906358705,73.26493240184988,82.09821978727555,TRACK
19.1,175.15755472197873,-531.355212199781,0.1155356955827267,0.0713999225175083,0.7441443197168847,0.05322231907728453,0.7460451620477606,175.15755472197873,-531.0,0.3552121997810218,178.5,-531.0,0.10587576043864387,-0.009659935144082823,0.2539548379522394,73.94224943493332,81.530318753989,TRACK
19.152,175.19622291423838,-531.3522894744007,0.11548227726938642,0.07281402616463534,0.7439604864866944,0.054266697460339144,0.7459370482197348,175.19622291423838,-531.0,0.3522894744006635,178.5,-531.0,0.1062309201463634,-0.009251357123023024,0.25406295178026517,73.94224943493332,81.530318753989,TRACK
19.2,175.2319066665933,-531.3495559121777,0.11618649939727121,0.07408829935017844,0.7437683438042693,0.05520557789151362,0.7458143234583804,175.2319066665933,-531.0,0.34955591217772053,178.5,-531.0,0.10655508372034973,-0.009631415676921481,0.2541856765416196,74.30280041499195,81.30679834021701,TRACK
19.252,175.27055459097218,-531.3465737787506,0.11451532204408264,0.0751101916246448,0.7435796837153237,0.05595567754311044,0.7456820930419943,175.27055459097218,-531.0,0.3465737787505532,179.0,-531.0,0.09266291109289923,-0.021852410951183412,0.2543179069580057,74.30280041499195,81.30679834021701,TRACK
19.3,175.30621983456933,-531.3437983314337,0.11520760181725764,0.07600330811130011,0.7433858623108445,0.056608827088178194,0.7455381275212805,175.30621983456933,-531.0,0.3437983314337316,179.0,-531.0,0.09280755110806127,-0.022400050709196373,0.25446187247871954,63.62564927510253,92.14921995583025,TRACK
19.352,175.3448426653439,-531.3407375039227,0.11506417553705961,0.07708107712879625,0.7431621714846451,0.057397461239284436,0.7453753964832005,175.3448426653439,-531.0,0.3407375039226963,179.0,-531.0,0.09295238658012367,-0.02211178895693594,0.2546246035167995,63.62564927510253,92.14921995583025,TRACK
19.396,175.38048118988812,-531.3378681184213,0.11564681590206383,0.07822129930154688,0.7429196529333393,0.05823095242000237,0.7451982652518281,175.38048118988812,-531.0,0.3378681184212837,179.0,-531.0,0.09307642720036653,-0.022570388701697294,0.2548017347481719,69.60857469285295,86.36131950163713,TRACK
19.452,175.4190769931305,-531.3347302204429,0.11444192795468133,0.07923646911559122,0.7426772193072422,0.058970586235151216,0.745014752953829,175.4190769931305,-531.0,0.334730220442907,179.0,-531.0,0.09320512311528295,-0.021236804839398382,0.254985247046171,69.60857469285295,86.36131950163713,TRACK
19.5,175.45469367892244,-531.3318216128944,0.11416044464232189,0.08002251877157948,0.742445193116022,0.05953947776090829,0.7448287146674253,175.45469367892244,-531.0,0.3318216128943732,179.0,-531.0,0.09332275687328706,-0.02083768776903483,0.2551712853325747,70.5656285681397,85.63010021519968,TRACK
19.552,175.49326774702996,-531.3286629263099,0.11379649012324156,0.08061075364205883,0.7422225262491218,0.059961051016985865,0.7446405885463737,175.49326774702996,-531.0,0.328662926309903,179.0,-531.0,0.09345042886575163,-0.02034606125748993,0.2553594114536263,70.5656285681397,85.63010021519968,TRACK
19.6,175.52886353453604,-531.3257341196045,0.114177027682421,0.0811298695964108,0.74199725929377,0.060330565388109866,0.7444459079876221,175.52886353453604,-531.0,0.3257341196044763,179.0,-531.0,0.09356675982675074,-0.02061026785567026,0.2555540920123779,70.97996137055279,85.42855586287865,TRACK
19.648,175.56741525845985,-531.3225632124773,0.1120802751595038,0.08145735093376139,0.7417809757203936,0.060557511627171406,0.7442487676544545,175.56741525845985,-531.0,0.3225632124773483,179.0,-531.0,0.0936957910526729,-0.01838448410683091,0.25575123234554553,70.97996137055279,85.42855586287865,TRACK
19.696,175.60299131120064,-531.3196352952085,0.11248574447211744,0.0816874700052875,0.7415663521198865,0.060711779309582534,0.7440474277513034,175.60299131120064,-531.0,0.3196352952085135,179.0,-531.0,0.0938169443519207,-0.01866880012019674,0.2559525722486966,72.2752714237703,84.35784811934187,TRACK
19.752,175.6415221004538,-531.3164730561407,0.11203094098744182,0.08175724352804413,0.7413599796204373,0.06074695796924419,0.7438446156861878,175.6415221004538,-531.0,0.3164730561406941,179.0,-531.0,0.09395366507691448,-0.018077275910527338,0.25615538431381224,72.2752714237703,84.35784811934187,TRACK
19.8,175.67708146130082,-531.313580984744,0.11053715059436509,0.08154558040083155,0.7411709929293384,0.060573543280746295,0.7436421148008266,175.67708146130082,-531.0,0.3135809847440214,179.0,-531.0,0.0940904974725319,-0.016446653121833188,0.25635788519917335,71.69077718610792,85.1710326500732,TRACK
19.852,175.71559525413574,-531.3104710671768,0.11092452251387819,0.08120546749342408,0.7409885971775687,0.060304940604413965,0.7434384890550684,175.71559525413574,-531.0,0.3104710671767634,179.0,-531.0,0.09424880860272565,-0.016675713911152537,0.2565615109449316,71.69077718610792,85.1710326500732,TRACK
19.9,175.75113956356597,-531.307633075102,0.11050965763664489,0.08066998906251589,0.7408198444275658,0.0598919036047626,0.7432368949501127,175.75113956356597,-531.0,0.30763307510198956,179.5,-531.0,0.0818769682463455,-0.028632689390299393,0.2567631050498873,72.8073137465905,84.27902460053079,TRACK
19.952,175.78963899787607,-531.3045978359967,0.11081492518706093,0.07997236968019389,0.7406637067343245,0.05935923132118068,0.7430385217581057,175.78963899787607,-531.0,0.3045978359966739,179.5,-531.0,0.08191017546001995,-0.028904749727040976,0.2569614782418943,72.8073137465905,84.27902460053079,TRACK
20.0,175.8251696060797,-531.3018244306998,0.10850320359164956,0.0792469935310612,0.7405087608621173,0.058806247315482535,0.7428400902192059,175.8251696060797,-531.0,0.30182443069975307,179.5,-531.0,0.08194894693746994,-0.02655425665417961,0.25715990978079406,62.15582191493607,95.14753261350202,TRACK
20.052,175.86365049920215,-531.2988236717342,0.1087522615691432,0.07874884742498307,0.7403367059615114,0.058421476869187736,0.7426382074425731,175.86365049920215,-531.0,0.2988236717342261,179.5,-531.0,0.08199259418539026,-0.026759667383752933,0.25736179255742686,62.15582191493607,95.14753261350202,TRACK
20.1,175.89916031431923,-531.2960427614875,0.10822439740198075,0.07854087398792994,0.7401445941036863,0.058251430514335574,0.7424333298942586,175.89916031431923,-531.0,0.2960427614874561,179.5,-531.0,0.08203043347485471,-0.026193963927126043,0.2575666701057414,69.95229291657748,87.57156619867996,TRACK
20.152,175.93762139357915,-531.2930503600679,0.10754331349602753,0.07822815206921568,0.739966635032228,0.05800459323502152,0.7422365888295179,175.93762139357915,-531.0,0.29305036006792307,179.5,-531.0,0.08207774272643094,-0.025465570769596588,0.25776341117048207,69.95229291657748,87.57156619867996,TRACK
20.2,175.97311831188875,-531.2903201950717,0.10776827277477885,0.07771510150750478,0.7398100087784907,0.05761043870042829,0.7420497366996948,175.97311831188875,-531.0,0.29032019507167206,179.5,-531.0,0.08213122477418176,-0.025637048000597087,0.25795026330030524,70.08785713689113,87.65770958418872,TRACK
20.252,176.01156673321486,-531.2873867490861,0.10588635405941527,0.07716689216965858,0.7396639569394464,0.05719113313530898,0.7418716835845804,176.01156673321486,-531.0,0.28738674908606754,179.5,-531.0,0.08219713696728388,-0.023689217092131384,0.25812831641541956,70.08785713689113,87.65770958418872,TRACK
20.3,176.04705313396238,-531.2847108002479,0.10527207216195378,0.07650160448313417,0.739536577461266,0.05668636348276332,0.7417059344565223,176.04705313396238,-531.0,0.2847108002479217,179.5,-531.0,0.08226833663619604,-0.02300373552575774,0.25829406554347767,71.01339363033759,86.9144067531644,TRACK
20.352,176.08549298114602,-531.2818505854165,0.10452537387802563,0.07572108026019767,0.7394285160089344,0.0560975822447609,0.741553416161562,176.08549298114602,-531.0,0.28185058541646413,179.5,-531.0,0.08235831453596011,-0.022167059342065518,0.258446583838438,71.01339363033759,86.9144067531644,TRACK
20.4,176.12097208200782,-531.2792391970416,0.10460408864865765,0.07493386128365774,0.7393303125231558,0.05550480202546683,0.7414108807290823,176.12097208200782,-531.0,0.27923919704164746,179.5,-531.0,0.0824515619883582,-0.02215252666029946,0.25858911927091766,71.48075780087447,86.59857758771489,TRACK
20.452,176.15940558954642,-531.2764541080219,0.10191310223939132,0.07402584121416579,0.7392517731113756,0.054823912795752786,0.7412818933864155,176.15940558954642,-531.0,0.27645410802188053,179.5,-531.0,0.08256781625927344,-0.01934528598011788,0.2587181066135845,71.48075780087447,86.59857758771489,TRACK
20.5,176.19488047294254,-531.2739160244822,0.10211203877418827,0.07311554213531123,0.7391846772857755,0.054142402460607156,0.7411648850817761,176.19488047294254,-531.0,0.27391602448221875,179.5,-531.0,0.08268731745254998,-0.01942472132163829,0.25883511491822386,73.12966215164269,85.07542634849358,TRACK
20.552,176.2333102201976,-531.2712053560406,0.1013420008325272,0.07217201507480342,0.7391318006063903,0.053437445341180265,0.7410609821278114,176.2333102201976,-531.0,0.27120535604058205,179.5,-531.0,0.0828315017723179,-0.018510499060209296,0.25893901787218865,73.12966215164269,85.07542634849358,TRACK
20.596,176.26878400809676,-531.2687492506582,0.10157317452891057,0.07110645276818617,0.7390987071587793,0.05264344121848609,0.7409711403469795,176.26878400809676,-531.0,0.2687492506581748,180.0,-531.0,0.07190308526175085,-0.02967008926715972,0.25902885965302047,72.49698209910463,85.80404375163928,TRACK
20.652,176.30721322698216,-531.2661231707913,0.10082136478989501,0.07009969201294067,0.7390723636895388,0.05189377435768917,0.7408919776773998,176.30721322698216,-531.0,0.2661231707912748,180.0,-531.0,0.0719413053738302,-0.028880059416064807,0.2591080223226002,72.49698209910463,85.80404375163928,TRACK
20.696,176.3426868163472,-531.2637355283409,0.09880184116375879,0.06908715068270382,0.7390586255182927,0.05114084619959153,0.7408259161928653,176.3426868163472,-531.0,0.2637355283409306,180.0,-531.0,0.07198721697302662,-0.02681462419073216,0.2591740838071347,63.57717314678001,94.79056465049058,TRACK
20.752,176.38111430458466,-531.2611544439644,0.09814323612692344,0.06838017641727898,0.7390346620313331,0.05061423333320581,0.74076584174736,176.38111430458466,-531.0,0.2611544439644149,180.0,-531.0,0.07203944530134597,-0.02610379082557747,0.25923415825263996,63.57717314678001,94.79056465049058,TRACK
20.8,176.41658263872802,-531.258760754398,0.09818280091889808,0.06803222615807507,0.7389958001156894,0.05035323808796534,0.7407092824952117,176.41658263872802,-531.0,0.2587607543980539,180.0,-531.0,0.07208549045861574,-0.02609731046028234,0.25929071750478827,70.9070634007503,87.50837255912279,TRACK
20.852,176.45500717031007,-531.2561890564718,0.09611930057749028,0.06761109942121535,0.7389739249543974,0.050039110029773556,0.740666169265938,176.45500717031007,-531.0,0.25618905647183965,180.0,-531.0,0.07214244608657641,-0.02397685449091387,0.259333830734062,70.9070634007503,87.50837255912279,TRACK
20.9,176.4904767969026,-531.2538302101881,0.09537705564749309,0.06718916770151052,0.7389657451243347,0.04972534233840144,0.740636876031591,176.4904767969026,-531.0,0.2538302101880845,180.0,-531.0,0.07220040400738444,-0.023176651640108653,0.259363123968409,71.3333742262187,87.1235087638795,TRACK
20.952,176.52890356219112,-531.2512865031988,0.09448184532374926,0.06680790141377375,0.7389694237726674,0.04944257725553851,0.7406216157502953,176.52890356219112,-531.0,0.2512865031987985,180.0,-531.0,0.0722679115178188,-0.022213933805930453,0.2593783842497047,71.3333742262187,87.1235087638795,TRACK
21.0,176.5643769601408,-531.248955524173,0.09222188950340927,0.06639083653117347,0.738990318835378,0.049134397279430746,0.7406219550677839,176.5643769601408,-531.0,0.2489555241729704,180.0,-531.0,0.07233655827999703,-0.01988533122341224,0.25937804493221606,71.75190800696406,86.7015625492029,TRACK
21.052,176.60280893002874,-531.2464366950927,0.0937586432784643,0.06606025158433353,0.7390204276425809,0.04889101550260355,0.7406358915620408,176.60280893002874,-531.0,0.2464366950927115,180.0,-531.0,0.07241446828026567,-0.02134417499819863,0.2593641084379592,71.75190800696406,86.7015625492029,TRACK
21.1,176.6382885426498,-531.2441255810272,0.09149404754040691,0.06570569650924483,0.739068786662898,0.04863103347090339,0.7406670296670538,176.6382885426498,-531.0,0.2441255810272196,180.0,-531.0,0.07249218087861176,-0.019001866661795153,0.2593329703329462,71.59363329140845,86.82216539223322,TRACK
21.152,176.67672966329926,-531.2416349691904,0.09169099848884121,0.06535361602848651,0.7391330233945044,0.04837390527323604,0.7407142910621375,176.67672966329926,-531.0,0.24163496919038607,180.0,-531.0,0.07258226677506506,-0.019108731713776153,0.2592857089378625,71.59363329140845,86.82216539223322,TRACK
21.2,176.71221787774684,-531.2393368966857,0.08860312783777258,0.06511279073514067,0.7392046955533916,0.04819981710760894,0.7407744625035271,176.71221787774684,-531.0,0.23933689668569968,180.0,-531.0,0.07266767060113558,-0.015935457236637002,0.2592255374964729,72.9745847803688,85.36556586390562,TRACK
21.252,176.75066953652362,-531.2368593106211,0.08770238289921761,0.06484395759380113,0.7392922938764892,0.048005941170331204,0.7408492870839591,176.75066953652362,-531.0,0.23685931062107102,180.5,-531.0,0.06308992217214261,-0.024612460727075,0.25915071291604086,72.9745847803688,85.36556586390562,TRACK
21.3,176.78616885938976,-531.2345732113009,0.08778358887775206,0.06465688754693637,0.7393892202520097,0.047873335970103716,0.7409374300990478,176.78616885938976,-531.0,0.23457321130092623,180.5,-531.0,0.06307826284675545,-0.024705326030996608,0.2590625699009522,67.30210117868526,90.93506606311476,TRACK
21.352,176.82463097324182,-531.2320752892429,0.08561059343263966,0.0647258666355059,0.7394826056296162,0.047930605309877986,0.7410343223860403,176.82463097324182,-531.0,0.23207528924285725,180.5,-531.0,0.06305967874059956,-0.022550914692040097,0.2589656776139597,67.30210117868526,90.93506606311476,TRACK
21.4,176.86013909488668,-531.2297502178651,0.08467726674492893,0.06495719982015861,0.7395770806529761,0.04810853891421296,0.7411401282778035,176.86013909488668,-531.0,0.22975021786510297,180.5,-531.0,0.06303697497404177,-0.02164029177088715,0.2588598717221965,71.59978803658439,86.51017791853877,TRACK
21.452,176.89861173500148,-531.227211447512,0.08487877195074445,0.06528498055523882,0.7396755647356018,0.048358427670955065,0.7412546651412985,176.89861173500148,-531.0,0.22721144751199063,180.5,-531.0,0.06300645442027987,-0.021872317530464577,0.25874533485870155,71.59978803658439,86.51017791853877,TRACK
21.5,176.93413131862962,-531.2248573773446,0.0839457107367183,0.06559780885945309,0.7397860810333664,0.04859807295653489,0.7413806164081951,176.93413131862962,-531.0,0.22485737734461964,180.5,-531.0,0.06297485127426021,-0.020970859462458094,0.2586193835918049,71.08856391178574,86.88223398076136,TRACK
21.552,176.97261764652447,-531.2222892608479,0.08417759793388524,0.06595893444796436,0.7399035442716044,0.048874146918889375,0.7415159722236139,176.97261764652447,-531.0,0.22228926084790146,180.5,-531.0,0.06293496967579838,-0.021242628258086857,0.2584840277763861,71.08856391178574,86.88223398076136,TRACK
21.6,177.00814899428747,-531.219888718936,0.08325287914184942,0.06648404900166044,0.7400200478817247,0.04927214693839611,0.7416585573771728,177.00814899428747,-531.0,0.2198887189359766,180.5,-531.0,0.0628889245995665,-0.020363954542282917,0.2583414426228272,71.1940679781911,86.61214862870352,TRACK
21.652,177.04664830441487,-531.2172638442819,0.07996234467942685,0.06704089408457692,0.7401430031345113,0.04969432106632367,0.7418094031725508,177.04664830441487,-531.0,0.21726384428188794,180.5,-531.0,0.06283109491202533,-0.01713124976740152,0.25819059682744916,71.1940679781911,86.61214862870352,TRACK
21.7,177.08219236468875,-531.2148084625536,0.0800533366578462,0.06771648227086599,0.7402683915344697,0.05020513379516867,0.7419688989199087,177.08219236468875,-531.0,0.21480846255360575,180.5,-531.0,0.06276722272137185,-0.017286113936474348,0.2580311010800913,74.18638440403066,83.4420506171742,TRACK
21.752,177.12070606893474,-531.2121200616035,0.07928396164608276,0.06840775155598686,0.7404013099992361,0.050728343361708554,0.7421370929072393,177.12070606893474,-531.0,0.21212006160351393,180.5,-531.0,0.0626882800120634,-0.016595681634019352,0.2578629070927607,74.18638440403066,83.4420506171742,TRACK
21.796,177.15626559667695,-531.2096254920372,0.07959007460843437,0.06897830854514654,0.7405490746197623,0.051162992939758824,0.7423143429617537,177.15626559667695,-531.0,0.20962549203716208,180.5,-531.0,0.06261008887353592,-0.01697998573489845,0.2576856570382463,72.53605514882318,84.89466064343702,TRACK
21.848,177.1947964579086,-531.2068926034704,0.07870826057645086,0.06961923456458934,0.740699233715967,0.05165038768745721,0.7424978904856804,177.1947964579086,-531.0,0.20689260347035088,180.5,-531.0,0.06251446076145525,-0.016193799814995608,0.2575021095143196,72.53605514882318,84.89466064343702,TRACK
21.9,177.23037154724486,-531.2043453097888,0.07645256303153047,0.07027126996120105,0.7408561949921986,0.05214676842498532,0.7426891591476797,177.23037154724486,-531.0,0.20434530978877774,180.5,-531.0,0.062416839331702396,-0.014035723699828077,0.25731084085232026,72.498296612039,84.71706104387796,TRACK
21.952,177.26891980670885,-531.2015551078244,0.07667766212797189,0.0709662803938391,0.7410159654448721,0.05267560500538801,0.7428858461478988,177.26891980670885,-531.0,0.20155510782444708,181.0,-531.0,0.053968121579599786,-0.022709540548372105,0.25711415385210123,72.498296612039,84.71706104387796,TRACK
21.996,177.30450982565208,-531.1989381617869,0.07330783868516022,0.0718178955954921,0.7411709323335236,0.053321041443649644,0.7430864582245998,177.30450982565208,-531.0,0.19893816178694124,181.0,-531.0,0.05378077450604964,-0.019527064179110577,0.25691354177540016,66.8177576892044,90.17030964127471,TRACK
22.052,177.3430723479332,-531.1960463272225,0.07242104075486601,0.07287991902527664,0.7413165444474459,0.05412294804544747,0.7432896559058468,177.3430723479332,-531.0,0.19604632722246151,181.0,-531.0,0.053558302917702506,-0.018862737837163503,0.25671034409415316,66.8177576892044,90.17030964127471,TRACK
22.1,177.3786737727007,-531.1933092204106,0.07277160471819877,0.0742284991367508,0.741449476153793,0.05513798673281879,0.7434968212909068,177.3786737727007,-531.0,0.1933092204105833,181.0,-531.0,0.05333016401575353,-0.019441440702445238,0.2565031787090932,73.02560651983656,83.73217340532356,TRACK
22.148,177.4172490138205,-531.1902905753495,0.07184770461572153,0.07558223677613876,0.7415832054987255,0.05615749467184243,0.7437064709181862,177.4172490138205,-531.0,0.19029057534953608,181.0,-531.0,0.05306311895532312,-0.01878458566039841,0.2562935290818138,73.02560651983656,83.73217340532356,TRACK
22.2,177.45286431699245,-531.1874687036545,0.07222565508942447,0.0768024855085353,0.7417240025362236,0.05707851931277666,0.743916966673899,177.45286431699245,-531.0,0.18746870365453105,181.0,-531.0,0.05280160290078857,-0.019424052188635896,0.25608303332610105,71.1070367331075,85.41474162248285,TRACK
22.252,177.49145416421146,-531.1843569203755,0.07133362660621145,0.07808443139516111,0.7418599579303786,0.05804573270039326,0.7441273441187258,177.49145416421146,-531.0,0.18435692037553508,181.0,-531.0,0.0524968292877037,-0.01883679731850775,0.25587265588127417,71.1070367331075,85.41474162248285,TRACK
22.3,177.52708207153108,-531.1814391500516,0.0689832730560247,0.07935520178350712,0.741995796860313,0.059005134867471325,0.744338208410061,177.52708207153108,-531.0,0.18143915005157396,181.0,-531.0,0.05219655288790216,-0.016786720168122535,0.25566179158993896,70.90707029702862,85.38100726586659,TRACK
22.352,177.56568566348017,-531.178228586685,0.06808227521240329,0.08062332746093918,0.7421291368472688,0.059962898784967855,0.7445476512543495,177.56568566348017,-531.0,0.17822858668500885,181.0,-531.0,0.0518498958833358,-0.016232379329067487,0.2554523487456505,70.90707029702862,85.38100726586659,TRACK
22.4,177.6013250169636,-531.1752098205764,0.0657039819382279,0.08198138236628147,0.742254224767533,0.06098772041915748,0.7447555546803103,177.6013250169636,-531.0,0.17520982057635592,181.0,-531.0,0.051506793996295264,-0.014197187941932643,0.2552444453196897,72.96118088350292,83.09585100759381,TRACK
22.452,177.6399406546338,-531.171895074716,0.06479828180624693,0.08325889552971749,0.7423781919558364,0.061952807717407174,0.7449587440091476,177.6399406546338,-531.0,0.17189507471596244,181.0,-531.0,0.05111378466995039,-0.01368449713629654,0.25504125599085237,72.96118088350292,83.09585100759381,TRACK
22.5,177.6755912059157,-531.1687885333234,0.06510734915566951,0.08454061342470644,0.7424977612019573,0.062921189336819,0.7451590444042658,177.6755912059157,-531.0,0.16878853332343624,181.0,-531.0,0.05072893579483881,-0.014378413360830705,0.25484095559573416,73.6873134599767,82.14812721003875,TRACK
22.552,177.71421803031072,-531.1653737469018,0.06273997216695837,0.08581337750232437,0.742611785901533,0.06388291244557122,0.745354473430188,177.71421803031072,-531.0,0.1653737469017642,181.0,-531.0,0.05028767067580055,-0.012452301491157822,0.254645526569812,73.6873134599767,82.14812721003875,TRACK
22.6,177.74987872660662,-531.1621858746934,0.06490731303045359,0.08698439311759645,0.74272357132697,0.06476879460920537,0.7455422859635918,177.74987872660662,-531.0,0.16218587469336398,181.0,-531.0,0.04986012490633369,-0.015047188124119905,0.25445771403640816,73.36250560642492,82.26291593760558,TRACK
22.652,177.78851544527734,-531.1586821393524,0.062429399758397564,0.08819325428103655,0.7428251585692759,0.06568255052146033,0.7457234163189956,177.78851544527734,-531.0,0.15868213935243602,181.5,-531.0,0.04272833580008917,-0.019701063958308396,0.25427658368100436,73.36250560642492,82.26291593760558,TRACK
22.7,177.82418430915584,-531.1554099048757,0.061747648378535074,0.08934522457222152,0.7429218188507589,0.06655370089861108,0.7458969258736904,177.82418430915584,-531.0,0.15540990487568251,181.5,-531.0,0.04225386088308505,-0.019493787495450027,0.2541030741263096,66.69508571325241,88.74084898621655,TRACK
22.752,177.86282826522543,-531.1518031659393,0.06092637153926028,0.09064697919460597,0.7430027327214025,0.0675360330403344,0.7460657991023962,177.86282826522543,-531.0,0.1518031659393273,181.5,-531.0,0.041712386666962045,-0.019213984872298237,0.25393420089760377,66.69508571325241,88.74084898621655,TRACK
22.8,177.89850074068463,-531.148403342051,0.06133800103069187,0.09217804645541912,0.7430635764921893,0.06868880399539247,0.7462316198766179,177.89850074068463,-531.0,0.14840334205098316,181.5,-531.0,0.041182691937358774,-0.020155309093333094,0.2537683801233821,70.51676672600281,84.74418477409769,TRACK
22.848,177.93714817861542,-531.1446708688887,0.057643063903977776,0.09361390542288207,0.7431183107925587,0.06977013811211444,0.7463864253906078,177.93714817861542,-531.0,0.14467086888873837,181.5,-531.0,0.040583062062467604,-0.017060001841510172,0.25361357460939216,70.51676672600281,84.74418477409769,TRACK
22.9,177.97282406791217,-531.141173780639,0.058036487229554234,0.09504865965065726,0.7431635948040096,0.07085019159424133,0.7465332399102929,177.97282406791217,-531.0,0.14117378063895103,181.5,-531.0,0.04000324067671899,-0.018033246552835246,0.25346676008970714,71.97123869863829,83.12426968164051,TRACK
22.952,178.0114739191002,-531.1373335172389,0.05731185720660448,0.09644446487089893,0.7431995657728626,0.07190055126765141,0.7466694608979021,178.0114739191002,-531.0,0.1373335172388579,181.5,-531.0,0.039346885911835584,-0.017964971294768893,0.2533305391020979,71.97123869863829,83.12426968164051,TRACK
23.0,178.04715157938452,-531.1337529351055,0.057892383660200546,0.09769778804348642,0.7432293239921084,0.07284376971331423,0.7467904946019418,178.04715157938452,-531.0,0.1337529351054627,181.5,-531.0,0.03871762609412107,-0.019174757566079476,0.2532095053980582,70.11193118738773,84.84684843009624,TRACK
23.052,178.08580178176436,-531.1298214965634,0.05704245409144382,0.09898334499912954,0.7432446535361127,0.07381005588517116,0.7469006221444646,178.08580178176436,-531.0,0.1298214965634088,181.5,-531.0,0.038005697413131645,-0.019036756678312172,0.2530993778555354,70.11193118738773,84.84684843009624,TRACK
23.096,178.12147837265377,-531.1261533838727,0.05458129132802769,0.10019895182465224,0.7432508333670707,0.07472319136143349,0.7469975613267305,178.12147837265377,-531.0,0.12615338387274733,181.5,-531.0,0.03732247902742065,-0.017258812300607045,0.25300243867326955,69.61415346140728,85.24368727864689,TRACK
23.152,178.16012683884887,-531.122139235625,0.053713278255243635,0.101351755965372,0.7432469487709934,0.07558837989852506,0.7470807386307556,178.16012683884887,-531.0,0.1221392356250135,181.5,-531.0,0.03655373275413607,-0.017159545501107563,0.25291926136924436,69.61415346140728,85.24368727864689,TRACK
23.2,178.19580021364388,-531.1183909762796,0.051212476387978656,0.10251947421588534,0.7432288745814378,0.0764635046613327,0.7471518102478801,178.19580021364388,-531.0,0.11839097627955653,181.5,-531.0,0.03581513184211373,-0.015397344545864923,0.25284818975211987,71.64146462130968,83.1431113418568,TRACK
23.252,178.23444441570592,-531.1143042073786,0.050327964644304,0.10351452980049185,0.7432039746647778,0.07720837640162775,0.7472036411475115,178.23444441570592,-531.0,0.11430420737860914,181.5,-531.0,0.03498870453289205,-0.01533926011141195,0.2527963588524885,71.64146462130968,83.1431113418568,TRACK
23.296,178.2701133982303,-531.1105032818102,0.050952653818279625,0.10444069522688595,0.7431689144390681,0.07790052693052824,0.7472406088299784,178.2701133982303,-531.0,0.11050328181022451,182.0,-531.0,0.029617782006880665,-0.02133487181139896,0.25275939117002155,72.21139804152021,82.53452964811568,TRACK
23.352,178.30875147341894,-531.1063584074398,0.050094975613007575,0.10528948252896406,0.7431237620011701,0.07853353538299176,0.7472619633237887,178.30875147341894,-531.0,0.10635840743975677,182.0,-531.0,0.02880569743228124,-0.021289278180726335,0.2527380366762113,72.21139804152021,82.53452964811568,TRACK
23.4,178.3444141431914,-531.102519351884,0.05076947886237271,0.10597082746827041,0.74307074572488,0.07903991142645402,0.7472626317101846,178.3444141431914,-531.0,0.1025193518839842,182.0,-531.0,0.02803722617384731,-0.022732252688525398,0.2527373682898154,66.42436431647513,88.32219269459398,TRACK
23.452,178.38304325033317,-531.0983196534858,0.048111124004675876,0.10678363356960728,0.7429995904831858,0.0796431431844732,0.7472559278550316,178.38304325033317,-531.0,0.09831965348575977,182.0,-531.0,0.027176285043381296,-0.02093483896129458,0.2527440721449684,66.42436431647513,88.32219269459398,TRACK
23.5,178.41869587475418,-531.0944142138586,0.04722655275227683,0.10759657380610428,0.7429167868839044,0.08024520701785354,0.7472380112676568,178.41869587475418,-531.0,0.09441421385861304,182.0,-531.0,0.026356976863070793,-0.020869575889206037,0.25276198873234323,69.61310301101707,85.16939221934103,TRACK
23.552,178.45731441687556,-531.09016914367,0.04787412005070579,0.10825695903342913,0.7428284065223156,0.08073197236969802,0.7472025782203808,178.45731441687556,-531.0,0.09016914366998208,182.0,-531.0,0.025446706505429503,-0.02242741354527629,0.25279742177961917,69.61310301101707,85.16939221934103,TRACK
23.6,178.4929566953755,-531.0862334737257,0.04698014728182387,0.10885850006150613,0.7427300783016271,0.08117337538434664,0.7471526524648288,178.4929566953755,-531.0,0.08623347372565604,182.0,-531.0,0.024583700161258215,-0.022396447120565655,0.25284734753517124,68.23544890659572,86.60038814329569,TRACK
23.652,178.5315629165174,-531.0819596363167,0.044359812993186136,0.10934698407063898,0.7426241162741671,0.0815289073293605,0.7470860330660098,178.5315629165174,-531.0,0.08195963631669656,182.0,-531.0,0.023625738189779984,-0.020734074803406152,0.25291396693399015,68.23544890659572,86.60038814329569,TRACK
23.7,178.5671929539261,-531.077999120041,0.04359126771851529,0.10982122619857643,0.7425080316833834,0.08187255427437633,0.747008227704182,178.5671929539261,-531.0,0.07799912004099951,182.0,-531.0,0.02271776425731184,-0.020873503461203452,0.25299177229581804,70.39928299664616,84.53272665826982,TRACK
23.752,178.60578525948782,-531.0737044545539,0.04076931310162801,0.11017315049553027,0.7423861234133831,0.08212356259551877,0.746914610762255,178.60578525948782,-531.0,0.07370445455387653,182.0,-531.0,0.02171131730210649,-0.019057995799521523,0.25308538923774504,70.39928299664616,84.53272665826982,TRACK
23.8,178.6414025100342,-531.0697505748433,0.04332518061386148,0.11030766354447781,0.7422600987860457,0.08221068857682932,0.7467989365057685,178.6414025100342,-531.0,0.06975057484328318,182.0,-531.0,0.020764783464955295,-0.022560397148906185,0.25320106349423155,71.01937444209926,84.03479587589794,TRACK
23.852,178.67998031390508,-531.065474840145,0.04241208810664743,0.11033421239565318,0.7421273594956961,0.08221593112078429,0.7466675813520443,178.67998031390508,-531.0,0.06547484014504334,182.0,-531.0,0.019718664349656877,-0.02269342375699055,0.25333241864795575,71.01937444209926,84.03479587589794,TRACK
23.9,178.71558381418455,-531.0615492197812,0.03974286543509775,0.11015284077637352,0.7419916398767413,0.08206467038133619,0.7465160438810228,178.71558381418455,-531.0,0.06154921978122729,182.0,-531.0,0.01873758162266835,-0.0210052838124294,0.2534839561189772,67.29626787830196,87.93218235802033,TRACK
23.952,178.75414636019485,-531.0573114466565,0.03882362791526428,0.10990844968937011,0.7418501640660972,0.08186550870267455,0.7463535539139898,178.75414636019485,-531.0,0.057311446656513,182.5,-531.0,0.015298775873450637,-0.02352485204181364,0.25364644608601017,67.29626787830196,87.93218235802033,TRACK
24.0,178.7897346200151,-531.0534079990515,0.03610180897768034,0.1096769964102896,0.7417003344990232,0.08167521944328483,0.7461837760679815,178.7897346200151,-531.0,0.053407999051501065,182.5,-531.0,0.014393663314749424,-0.021708145662930917,0.2538162239320185,68.4720656652772,86.96317641877485,TRACK
24.048,178.82828070193167,-531.0492088795766,0.035137556456257046,0.10926864933940011,0.7415499995550889,0.08135219679643321,0.7459990494389105,178.82828070193167,-531.0,0.049208879576553954,182.5,-531.0,0.013401333175334117,-0.02173622328092293,0.2540009505610895,68.4720656652772,86.96317641877485,TRACK
24.1,178.8638541808478,-531.0453557614497,0.0358065202833413,0.10878765567909145,0.7413974501408425,0.0809745809256895,0.7458063165671326,178.8638541808478,-531.0,0.045355761449741294,182.5,-531.0,0.01247293470076811,-0.023333585582573195,0.2541936834328674,70.45389009247879,85.19698116766335,TRACK
24.152,178.90238433178612,-531.0412169947191,0.034835968590286814,0.10816439703030022,0.7412458969841436,0.0804905613656757,0.7456032525846364,178.90238433178612,-531.0,0.041216994719093236,182.5,-531.0,0.011456251951230859,-0.023379716639055956,0.25439674741536356,70.45389009247879,85.19698116766335,TRACK
24.196,178.93794354946706,-531.0374415154571,0.03553049506472639,0.10732965599250177,0.7410957952965638,0.07984840117313238,0.745384964280976,178.93794354946706,-531.0,0.037441515457089736,182.5,-531.0,0.010510820688475525,-0.02501967437625087,0.254615035719024,68.34998823296011,87.53965230143775,TRACK
24.252,178.9764579355314,-531.0333848768774,0.03257476825005878,0.10649406591475997,0.7409437116066595,0.07920575889473531,0.7451651736437658,178.9764579355314,-531.0,0.03338487687744873,182.5,-531.0,0.009474522316463844,-0.02310024593359494,0.2548348263562342,68.34998823296011,87.53965230143775,TRACK
24.296,179.01200265943126,-531.0296831103284,0.03175442261219663,0.10554111981891881,0.7407936909806998,0.07847579103511484,0.7449387507543124,179.01200265943126,-531.0,0.029683110328392104,182.5,-531.0,0.008509867095025202,-0.02324455551717143,0.2550612492456876,69.50464410542763,86.64753889381025,TRACK
24.352,179.05050237770052,-531.02572882274,0.030764629125764387,0.10442509290933906,0.7406486182575054,0.07762466140234157,0.7447052865292284,179.05050237770052,-531.0,0.025728822740006763,182.5,-531.0,0.007458577582579983,-0.023306051543184405,0.2552947134707716,69.50464410542763,86.64753889381025,TRACK
24.396,179.0860338425274,-531.0221267441353,0.027908669767322536,0.10323820083174612,0.740505199563348,0.07672118640392288,0.7444689993704099,179.0860338425274,-531.0,0.022126744135334775,182.5,-531.0,0.006481152214200103,-0.021427517553122433,0.2555310006295901,69.32901980451,87.08733249554693,TRACK
24.452,179.12451967843737,-531.0182910489657,0.028440616288984533,0.1018736285402655,0.7403676598793978,0.07568595018898108,0.7442261987133378,179.12451967843737,-531.0,0.018291048965693335,182.5,-531.0,0.00541874583684885,-0.023021870452135683,0.25577380128666216,69.32901980451,87.08733249554693,TRACK
24.5,179.16003903426542,-531.0148069680677,0.02760588850333434,0.10044062017732401,0.7402342818345375,0.07460062417099902,0.74398390112273,179.16003903426542,-531.0,0.01480696806765991,182.5,-531.0,0.004433246740202151,-0.02317264176313219,0.25601609887726995,69.79683280779656,86.8929351905582,TRACK
24.552,179.1985123411701,-531.0110994912307,0.026598906751596374,0.09891121690010155,0.7401072335123956,0.07344457672946969,0.7437424439605035,179.1985123411701,-531.0,0.011099491230652347,182.5,-531.0,0.003361953930899995,-0.023236952820696377,0.2562575560394965,69.79683280779656,86.8929351905582,TRACK
24.6,179.23402099039362,-531.0077509599382,0.02351663006178617,0.09720166258952759,0.7399869357045177,0.07215534888146585,0.7434965093297803,179.23402099039362,-531.0,0.007750959938221058,182.5,-531.0,0.002373237967425436,-0.021143392094360735,0.2565034906702197,69.61351558190664,87.34487105605758,TRACK
24.652,179.27248328063254,-531.0041946031096,0.026319043710942625,0.09545258382231596,0.7398723078930128,0.07083799388888938,0.74325571196267,179.27248328063254,-531.0,0.004194603109567652,183.0,-531.0,0.0011253071829855144,-0.02519373652795711,0.25674428803732996,69.61351558190664,87.34487105605758,TRACK
24.7,179.30798254654866,-531.0009881132572,0.02338961648063642,0.09357367062026863,0.7397658141021434,0.06942535120113402,0.7430163787586433,179.30798254654866,-531.0,0.000988113257221812,183.0,-531.0,0.00026763503859001276,-0.02312198144204641,0.25698362124135665,68.23678836632928,88.99099922160877,TRACK
24.752,179.34643577540598,-530.9975937023007,0.022364679680517474,0.09163993646345342,0.73966758878298,0.06797347510335179,0.7427843127137606,179.34643577540598,-531.0,0.0024062976992809126,183.0,-531.0,-0.0006586164094644404,-0.023023296089981913,0.25721568728623945,68.23678836632928,88.99099922160877,TRACK
24.8,179.3819271268507,-530.9945259382372,0.01938433908050885,0.08974492041208706,0.7395750369934404,0.06655187178042014,0.7425633892007646,179.3819271268507,-531.0,0.005474061762811289,183.0,-531.0,-0.0015129760449409146,-0.020897315125449765,0.2574366107992354,71.09606497331643,86.38340510500237,TRACK
24.852,179.42037289446392,-530.9912960046264,0.018329851271346342,0.08767088612321569,0.7394933637500465,0.0649986544221562,0.7423444349539164,179.42037289446392,-531.0,0.008703995373593898,183.0,-531.0,-0.002431532101888972,-0.020761383373235315,0.25765556504608356,71.09606497331643,86.38340510500237,TRACK
24.896,179.45585868616257,-530.9883950072865,0.019069015022814995,0.08553653008220835,0.7394212509068444,0.0634022309778909,0.7421345088227715,179.45585868616257,-531.0,0.011604992713500906,183.0,-531.0,-0.0032744042098405523,-0.022343419232655547,0.25786549117722846,72.01969305160104,85.6859059964158,TRACK
24.952,179.49429944771046,-530.9853428609922,0.018037157600474973,0.0833312014805268,0.739359708123303,0.06175474250107017,0.7419342465593223,179.49429944771046,-531.0,0.014657139007795195,183.0,-531.0,-0.00418092001480551,-0.022218077615280482,0.2580657534406777,72.01969305160104,85.6859059964158,TRACK
25.0,179.52978169664306,-530.9826208930222,0.014866397785250118,0.08096366854117952,0.7393085420803314,0.05998826574061898,0.741738304538408,179.52978169664306,-531.0,0.01737910697784173,183.0,-531.0,-0.00500803124381805,-0.01987442902906817,0.25826169546159194,69.8266654736091,88.08965035268167,TRACK
25.052,179.56821948967095,-530.9797600440066,0.015658653739382355,0.07862928928287652,0.7392664669630549,0.05824808725893628,0.7415576503855665,179.56821948967095,-531.0,0.020239955993361036,183.0,-531.0,-0.005897731880425998,-0.021556385619808355,0.25844234961443346,69.8266654736091,88.08965035268167,TRACK
25.096,179.60370003484866,-530.9772079136848,0.014803926208940998,0.0762423851934157,0.7392355121134109,0.05647054031530467,0.7413892798611802,179.60370003484866,-531.0,0.022792086315234883,183.0,-531.0,-0.006710757119948079,-0.021514683328889075,0.2586107201388198,71.16989185853647,86.93667398532186,TRACK
25.152,179.64213747035694,-530.9745440827619,0.013778108475409612,0.07377583566871294,0.7392165911025637,0.05463548241657416,0.7412328949123794,179.64213747035694,-531.0,0.02545591723810503,183.0,-531.0,-0.007580843279888041,-0.021358951755297652,0.2587671050876206,71.16989185853647,86.93667398532186,TRACK
25.2,179.6776186016453,-530.9721698555411,0.010740139878850474,0.07134058930499315,0.73920736652756,0.05282513705576125,0.7410924543088875,179.6776186016453,-531.0,0.027830144458903305,183.0,-531.0,-0.008376369306148265,-0.01911650918499874,0.2589075456911125,71.08587408620639,87.17316090476154,TRACK
25.252,179.7160576736758,-530.9696976797768,0.011394234285167393,0.06885114564638382,0.7392093115252181,0.0509759836536251,0.7409648825383303,179.7160576736758,-531.0,0.030302320223199786,183.0,-531.0,-0.009227159682667666,-0.020621393967835057,0.25903511746166974,71.08587408620639,87.17316090476154,TRACK
25.3,179.75154145472223,-530.9674969058428,0.010546448684930487,0.06643380105416047,0.7392219559548847,0.04918169931001154,0.7408562206749606,179.75154145472223,-531.0,0.032503094157164014,183.0,-531.0,-0.01000536380497179,-0.020551812489902278,0.2591437793250394,71.65500696648958,86.72278184809763,TRACK
25.352,179.7899845172093,-530.9652002595946,0.007315054938444865,0.06406719298194864,0.7392456534951312,0.04742630045341069,0.7407654083352845,179.7899845172093,-531.0,0.034799740405446755,183.0,-531.0,-0.010840563662317537,-0.018155618600762403,0.2592345916647155,71.65500696648958,86.72278184809763,TRACK
25.4,179.82547300375143,-530.9631695996129,0.010400394960497161,0.06164940245924692,0.7392798891415822,0.045633990994191874,0.7406869889658168,179.82547300375143,-531.0,0.03683040038708896,183.0,-531.0,-0.011601334015927502,-0.02200172897642466,0.25931301103418325,73.3652537330998,85.08758850329711,TRACK
25.452,179.86392304340742,-530.9610588771834,0.007180650411888534,0.05926648210014731,0.7393302717804647,0.04386887972944065,0.7406306295176375,179.86392304340742,-531.0,0.03894112281659545,183.0,-531.0,-0.012416507042165908,-0.019597157454054444,0.2593693704823625,73.3652537330998,85.08758850329711,TRACK
25.5,179.8994190449798,-530.9592036993513,0.006194904793602074,0.05679939745479815,0.7393896881225027,0.042042110183290786,0.7405839924887357,179.8994190449798,-531.0,0.040796300648707984,183.0,-531.0,-0.013156871961153945,-0.01935177675475602,0.25941600751126426,71.0016499819657,87.49258554618069,TRACK
25.552,179.93787745866223,-530.9572871240817,0.007129383722917382,0.054347621286318544,0.7394580047575527,0.04022739747186023,0.7405514055805849,179.93787745866223,-531.0,0.04271287591825512,183.0,-531.0,-0.013947876177997212,-0.021077259900914594,0.25944859441941515,71.0016499819657,87.49258554618069,TRACK
25.6,179.9733818674819,-530.9555889633803,0.006154775548670388,0.05205362120519751,0.7395340174024356,0.038530230138436414,0.7405370629009104,179.9733818674819,-531.0,0.04441103661974921,183.0,-531.0,-0.014672432295608264,-0.020827207844278654,0.25946293709908963,70.4851538696293,88.02453053276389,TRACK
25.652,180.01185018888654,-530.9538321103917,0.0013107738510982347,0.049808281971434706,0.7396185053813474,0.036869621628584245,0.7405369015123914,180.01185018888654,-531.0,0.046167889608341284,183.0,-531.0,-0.015449097078064793,-0.016759870929163027,0.2594630984876086,70.4851538696293,88.02453053276389,TRACK
25.7,180.0473647569577,-530.9522744990871,0.002249960102644666,0.04771587403143134,0.7397124206834588,0.03532283648737128,0.7405553106223031,180.0473647569577,-531.0,0.04772550091286121,183.0,-531.0,-0.01616228937891655,-0.018412249481561217,0.25944468937769694,74.74539197533127,83.73947537474788,TRACK
25.752,180.08584509244452,-530.9506638110505,-0.001017413564909475,0.04565669571568588,0.7398153315285465,0.03380101319414312,0.740587086882862,180.08584509244452,-531.0,0.04933618894949632,183.0,-531.0,-0.016928227136669124,-0.01591081357175965,0.259412913117138,74.74539197533127,83.73947537474788,TRACK
25.8,180.12137147606373,-530.9492600512193,-0.0019863285502610406,0.04349903799405478,0.7399265127169785,0.0322064073452978,0.740627097057352,180.12137147606373,-531.0,0.05073994878068788,183.0,-531.0,-0.017624606482391596,-0.015638277932130556,0.25937290294264803,73.32238928248782,85.10207206200448,TRACK
25.852,180.15986531266108,-530.9478111195892,0.0013222616236290285,0.04144208065975221,0.7400453642097665,0.030686589207672,0.7406813132822823,180.15986531266108,-531.0,0.052188880410767524,183.0,-531.0,-0.01837342708476685,-0.01969568870839588,0.25931868671771774,73.32238928248782,85.10207206200448,TRACK
25.9,180.19540499411087,-530.9465426304279,-0.0017428081970845,0.03942396692368883,0.7401729973077489,0.02919568311991609,0.7407485766819775,180.19540499411087,-531.0,0.05345736957212921,183.0,-531.0,-0.019058330005673068,-0.017315521808588568,0.25925142331802253,69.7527191069781,88.59756110487783,TRACK
25.952,180.23391420484177,-530.9452294062916,-0.0026761085850661726,0.037556103337412654,0.7403090589387276,0.027816202637730263,0.7408314544320642,180.23391420484177,-531.0,0.054770593708440174,183.0,-531.0,-0.01979817022267517,-0.017122061637608998,0.2591685455679358,69.7527191069781,88.59756110487783,TRACK
26.0,180.26946880403398,-530.9440567394466,-0.005781822033173123,0.0359506235487874,0.7404531740867131,0.02663122745875364,0.7409319302682589,180.26946880403398,-531.0,0.05594326055336296,183.0,-531.0,-0.020485184356060355,-0.014703362322887232,0.2590680697317411,73.64885034731483,84.59045626634452,TRACK
26.052,180.3079948102761,-530.9428470741459,-0.0067415482212129785,0.03435338578340482,0.7406042205553621,0.025452275833904532,0.7410414494814312,180.3079948102761,-531.0,0.0571529258540977,183.0,-531.0,-0.021227426074792992,-0.014485877853580013,0.25895855051856875,73.64885034731483,84.59045626634452,TRACK
26.1,180.3435656908474,-530.9417795739641,-0.005822449450561873,0.032829757279747004,0.7407637475266997,0.02432783478405016,0.7411631218531317,180.3435656908474,-531.0,0.05822042603585942,183.0,-531.0,-0.021913249114443353,-0.01609079966388148,0.2588368781468683,74.50040526389438,83.59298845016028,TRACK
26.152,180.38211019240077,-530.9406739622152,-0.008925625545475713,0.03137551536319926,0.7409305809630526,0.023254710150481372,0.7412954251514234,180.38211019240077,-531.0,0.05932603778478551,183.0,-531.0,-0.0226578998816463,-0.013732274336170587,0.25870457484857656,74.50040526389438,83.59298845016028,TRACK
26.2,180.4176985898503,-530.9397065789074,-0.00983341588841724,0.029905115476656783,0.7411036090287122,0.02216939821756941,0.7414351229424672,180.4176985898503,-531.0,0.0602934210926378,183.0,-531.0,-0.023344473990172258,-0.013511058101755017,0.25856487705753284,73.76225379719583,84.16906510891022,TRACK
26.252,180.45626260390566,-530.9386996551447,-0.006325795299206849,0.028574402089887214,0.7412828250874852,0.021187480321146326,0.7415855554769404,180.45626260390566,-531.0,0.06130034485533997,183.0,-531.0,-0.024093871707901334,-0.017768076408694485,0.2584144445230596,73.76225379719583,84.16906510891022,TRACK
26.3,180.49186970864704,-530.9378116764175,-0.00940073102107042,0.027299425664355045,0.7414689750461411,0.02024670709441816,0.7417453539484707,180.49186970864704,-531.0,0.062188323582518024,183.0,-531.0,-0.024789615003199737,-0.015388883982129316,0.25825464605152926,69.98033418355666,87.77297696668128,TRACK
26.352,180.5304546724015,-530.9368801363505,-0.008346181793825957,0.026192409855295327,0.7416613205888558,0.019430340831376017,0.7419157988629363,180.5304546724015,-531.0,0.06311986364949007,183.0,-531.0,-0.025553741973364477,-0.01720756017953852,0.25808420113706365,69.98033418355666,87.77297696668128,TRACK
26.396,180.56608164953738,-530.9360304323417,-0.013389862651934425,0.02537061329910517,0.7418598999985341,0.018825479938103663,0.7420987197945668,180.56608164953738,-531.0,0.06396956765831874,183.0,-531.0,-0.02627649538147883,-0.012886632729544406,0.25790128020543324,72.2934094486782,87.77297696668128,TRACK
26.452,180.60468833418918,-530.9351343144805,-0.014294463924240608,0.024613097983746147,0.7420616201553525,0.018268124487092096,0.7422864490746565,180.60468833418918,-531.0,0.06486568551952132,183.0,-531.0,-0.02707365275096512,-0.012779188826724512,0.25771355092534354,72.2934094486782,85.25781003224239,TRACK
26.496,180.64033562508223,-530.9343203852941,-0.01309671694627923,0.02398831674047213,0.7422682158628313,0.01780918123405663,0.742481832246701,180.64033562508223,-531.0,0.06567961470591399,183.0,-531.0,-0.02782711878748366,-0.01473040184120443,0.25751816775329905,75.55762296134388,81.76911648568817,TRACK
26.552,180.67896462623372,-530.9334572029004,-0.01397763443650324,0.023411724927009485,0.7424772326766511,0.017385849298104737,0.7426807583336156,180.67896462623372,-531.0,0.06654279709960065,183.0,-531.0,-0.028661594521960838,-0.014683960085457597,0.2573192416663844,75.55762296134388,81.76911648568817,TRACK
26.596,180.71463223562978,-530.9326886034012,-0.012713055832119347,0.02275826237388209,0.742686519752731,0.01690517339227886,0.742878894241751,180.71463223562978,-531.0,0.06731139659882501,183.0,-531.0,-0.029444688842183857,-0.01673163301006451,0.257121105758249,71.72730743311479,85.37041804345768,TRACK
26.652,180.75328328593218,-530.9318631825892,-0.01595619005208393,0.022265985188415816,0.7428975379516223,0.016544079708966368,0.743081730678395,180.75328328593218,-531.0,0.06813681741084565,183.0,-531.0,-0.030317992038674038,-0.014361801986590109,0.256918269321605,71.72730743311479,85.37041804345768,TRACK
26.7,180.78897163067379,-530.9311072404563,-0.016661042093844225,0.021885202595153842,0.7431109134094044,0.016265729862896962,0.7432889099106296,180.78897163067379,-531.0,0.06889275954370078,183.0,-531.0,-0.031148617676684604,-0.01448757558284038,0.25671109008937043,72.80139659726478,84.07226114644044,TRACK
26.752,180.827645167535,-530.9302944059611,-0.017504397990073528,0.02158038629251261,0.743324745666572,0.01604372582054739,0.7434978672857636,180.827645167535,-531.0,0.0697055940388509,183.0,-531.0,-0.03207656710550402,-0.014572169115430494,0.2565021327142364,72.80139659726478,84.07226114644044,TRACK
26.796,180.86335418909013,-530.929539813772,-0.02064083009920159,0.02142216031152854,0.743539366856123,0.01593065649624343,0.7437100079205641,180.86335418909013,-531.0,0.07046018622804695,183.0,-531.0,-0.03296506192147329,-0.0123242318222717,0.2562899920794359,72.35193783410236,84.28499754462842,TRACK
26.852,180.90204984312595,-530.928723479423,-0.019454083087186325,0.02130694643958081,0.7437521060052694,0.015849484840806373,0.7439209644558974,180.90204984312595,-531.0,0.07127652057704381,183.0,-531.0,-0.03396130051251183,-0.014507217425325507,0.2560790355441026,72.35193783410236,84.28499754462842,TRACK
26.896,180.9377792314334,-530.9279585929265,-0.020145183491986574,0.021341108328174454,0.7439656586453229,0.015879462516302345,0.7441351077414476,180.9377792314334,-531.0,0.07204140707347051,183.0,-531.0,-0.034919696142988586,-0.014774512651002013,0.25586489225855236,72.38740310650533,84.01313651119875,TRACK
26.948,180.97649701292644,-530.9271152149694,-0.020973973475055363,0.021494543441340903,0.7441781304764034,0.015998233039512484,0.7443500744540443,180.97649701292644,-531.0,0.07288478503062379,183.0,-531.0,-0.03600354945751427,-0.01502957598245891,0.25564992554595567,72.38740310650533,84.01313651119875,TRACK
27.0,181.01224621588742,-530.9263299582706,-0.019602916371676438,0.021658302743571077,0.7443870564000896,0.016124681571135824,0.7445616798437593,181.01224621588742,-531.0,0.0736700417294287,183.0,-531.0,-0.03704499989657431,-0.017442083524897872,0.2554383201562407,71.80407515908688,84.35723961196085,TRACK
27.052,181.05098495340732,-530.9254584814862,-0.020418174736791528,0.02195041412348757,0.7445930891978949,0.01634675214679552,0.7447725053914203,181.05098495340732,-531.0,0.0745415185137972,183.0,-531.0,-0.03822710637500197,-0.017808931638210443,0.25522749460857974,71.80407515908688,84.35723961196085,TRACK
27.096,181.08675318004921,-530.9246411419159,-0.023587658849306914,0.022264388282791498,0.744795493909084,0.016585156595446158,0.7449801307193178,181.08675318004921,-531.0,0.07535885808408693,183.0,-531.0,-0.03936759371707832,-0.015779934867771406,0.2550198692806822,69.64988478305186,86.28231345592154,TRACK
27.152,181.12551202488245,-530.9237335245347,-0.024418258145642247,0.022666524062087787,0.7449939112646335,0.0168893149300323,0.7451853304918062,181.12551202488245,-531.0,0.0762664754653315,183.0,-531.0,-0.0406641357397268,-0.01624587759408455,0.25481466950819376,69.64988478305186,86.28231345592154,TRACK
27.2,181.1612985103348,-530.92286296087,-0.023170162988827018,0.02324616965214096,0.7451891654120617,0.0173259147592478,0.7453905550580647,181.1612985103348,-531.0,0.07713703912997971,183.0,-531.0,-0.04192732453725581,-0.018757161548428793,0.25460944494193527,72.17072468792148,83.5391272549052,TRACK
27.252,181.20007612573778,-530.921900927339,-0.028497222196327332,0.02379164371599709,0.7453761381148092,0.01773707028281236,0.7455871450965101,181.20007612573778,-531.0,0.07809907266096161,183.0,-531.0,-0.04336300908498242,-0.014865786888655086,0.25441285490348986,72.17072468792148,83.5391272549052,TRACK
27.3,181.23587904680883,-530.9209882128022,-0.027101685720194,0.024385379220164073,0.7455574559177083,0.018184305848479985,0.745779182502218,181.23587904680883,-531.0,0.0790117871978282,183.0,-531.0,-0.04475827945646923,-0.01765659373627523,0.254220817497782,72.44161372831472,83.05266385644485,TRACK
27.352,181.27467386111906,-530.9199718894317,-0.030486253691622608,0.02501778303443305,0.7457312888191614,0.018660436871755105,0.7459647223750814,181.27467386111906,-531.0,0.08002811056826431,183.0,-531.0,-0.04635111534419796,-0.015864861652575352,0.2540352776249186,72.44161372831472,83.05266385644485,TRACK
27.4,181.31049135902336,-530.919016689826,-0.026507329932795143,0.02559357845565377,0.7458945932846825,0.01909428109194011,0.7461389521139745,181.31049135902336,-531.0,0.08098331017401961,183.0,-531.0,-0.04789639529177319,-0.021389065358978047,0.2538610478860255,70.85034513263334,84.44840139779431,TRACK
27.452,181.34930090361544,-530.9179489817582,-0.027330190114696062,0.026262696299449002,0.746049574235593,0.01959777932000592,0.7463069342913714,181.34930090361544,-531.0,0.08205101824182748,183.0,-531.0,-0.049665951872618,-0.022335761757921936,0.2536930657086286,70.85034513263334,84.44840139779431,TRACK
27.5,181.3851312508689,-530.9169392291661,-0.030723984925056014,0.026931929297618448,0.746195171976333,0.02010133587496287,0.7464658722170406,181.3851312508689,-531.0,0.08306077083386754,183.0,-531.0,-0.05138971172551764,-0.020665726800461623,0.25353412778295936,65.91361981113226,89.21470005486162,TRACK
27.548,181.4239540213131,-530.9158019976843,-0.03143784564936536,0.027755657273534302,0.7463339705436488,0.020720310984919898,0.7466215419305552,181.4239540213131,-531.0,0.08419800231570207,183.0,-531.0,-0.05337283162776325,-0.021934985978397888,0.2533784580694448,65.91361981113226,89.21470005486162,TRACK
27.6,181.45979619677016,-530.9147029251361,-0.03477704541052784,0.02877068369805251,0.7464662768943411,0.021482272804054507,0.7467753280507645,181.45979619677016,-531.0,0.08529707486388816,183.0,-531.0,-0.05532386891756133,-0.02054682350703349,0.2532246719492355,69.2950988219695,85.67405417171898,TRACK
27.652,181.49862999890857,-530.9134835602403,-0.03569994407628197,0.0296875022850217,0.7465844405283337,0.022170741044770466,0.746913561663918,181.49862999890857,-531.0,0.08651643975974821,183.0,-531.0,-0.05756133845920462,-0.02186139438292265,0.253086438336082,69.2950988219695,85.67405417171898,TRACK
27.7,181.53448079042968,-530.9123244033577,-0.03431236165643692,0.03060971467740156,0.7466919078515455,0.02286316728082722,0.7470418526890524,181.53448079042968,-531.0,0.08767559664227065,183.0,-531.0,-0.059754399716850946,-0.025442038060414028,0.25295814731094757,69.084433680638,85.73544229281015,TRACK
27.752,181.57332301879873,-530.9110307047223,-0.0352438090293512,0.031549557734618,0.7467878156644121,0.02356864570181959,0.747159636680838,181.57332301879873,-531.0,0.0889692952777068,183.0,-531.0,-0.06228055357024772,-0.027036744540896517,0.25284036331916204,69.084433680638,85.73544229281015,TRACK
27.796,181.60917993165643,-530.9098099451478,-0.03384825352484255,0.03241868970757211,0.7468687364358912,0.024220991603534248,0.7472613772299511,181.60917993165643,-531.0,0.09019005485220077,183.0,-531.0,-0.06475600674623716,-0.030907753221394607,0.2527386227700489,64.72452384262597,89.9831997891685,TRACK
27.852,181.64802789853138,-530.9084337420611,-0.03479849275617353,0.03346609832580136,0.7469413788032138,0.025006549933499135,0.7473598536903241,181.64802789853138,-531.0,0.09156625793889361,183.0,-531.0,-0.06762464620087097,-0.03282615344469744,0.2526401463096759,64.72452384262597,89.9831997891685,TRACK
27.9,181.68388950897508,-530.9071238151555,-0.03847001261103733,0.03453206507757105,0.7470028057074348,0.025805807810149003,0.7474484139066147,181.68388950897508,-531.0,0.09287618484449922,183.0,-531.0,-0.07045188981082712,-0.03198187719978979,0.25255158609338535,62.412171379521425,92.20859572350446,TRACK
27.952,181.7227411720648,-530.9056581789596,-0.0393384113794244,0.03564317110872953,0.7470534021981927,0.026638634087575296,0.7475281951618591,181.7227411720648,-531.0,0.09434182104041611,183.0,-531.0,-0.07372884136040588,-0.03439042998098148,0.2524718048381409,62.412171379521425,92.20859572350446,TRACK
28.0,181.7586052637894,-530.9042570584919,-0.03824411747286227,0.03683495414434964,0.7470937135875159,0.02753161556706374,0.7476008338262591,181.7586052637894,-531.0,0.09574294150809237,183.0,-531.0,-0.07697292173531366,-0.038728804262451386,0.2523991661737409,63.884113599487605,90.66015463458201,TRACK
28.052,181.79745761818913,-530.9027066942533,-0.04192473978826783,0.03790185615322762,0.74711714536848,0.028330694032222187,0.7476541025955076,181.79745761818913,-531.0,0.09729330574668893,183.0,-531.0,-0.080730499330586,-0.03880575954231817,0.2523458974044924,63.884113599487605,90.66015463458201,TRACK
28.096,181.8333206792765,-530.9012396133808,-0.04289102842197967,0.03894608348755414,0.747127631585004,0.029112415816578092,0.7476946105412923,181.8333206792765,-531.0,0.09876038661923303,183.0,-531.0,-0.08444951070285173,-0.041558482280872056,0.25230538945870773,60.974413302826335,93.5220623355131,TRACK
28.152,181.87217133783105,-530.8996022738249,-0.04687412279005244,0.040056880199157575,0.7471277777242548,0.029943624983461384,0.7477275820272605,181.87217133783105,-531.0,0.1003977261750606,183.0,-531.0,-0.08878457257623998,-0.04191044978618754,0.25227241797273947,60.974413302826335,93.5220623355131,TRACK
28.196,181.90803142960746,-530.8980566172845,-0.04294435133342156,0.04111353217840857,0.7471128913904574,0.03073376851321368,0.7477447672895032,181.90803142960746,-531.0,0.10194338271548986,183.0,-531.0,-0.09308762027669697,-0.05014326894327541,0.25225523271049677,60.5419571745977,93.9406466061583,TRACK
28.252,181.94687739215794,-530.8963371943127,-0.044224343454417614,0.042205620511024874,0.7470865888781989,0.03154998876726062,0.7477524811546112,181.94687739215794,-531.0,0.10366280568734965,183.0,-531.0,-0.0981176689386164,-0.053893325484198784,0.25224751884538876,60.5419571745977,93.9406466061583,TRACK
28.3,181.9827318996681,-530.8947211854454,-0.0481679218185056,0.04319791355585585,0.7470454000323424,0.03229089068904708,0.7477429580617757,181.9827318996681,-531.0,0.10527881455459465,183.0,-531.0,-0.10312458192003104,-0.054956660101525445,0.2522570419382243,52.169355793814276,102.32416420183458,TRACK
28.352,182.02157144743117,-530.8929133609001,-0.04956577102607796,0.04435796413986846,0.7469995430417229,0.033157128771793644,0.7477350550114206,182.02157144743117,-531.0,0.10708663909986171,183.0,-531.0,-0.1090136802610958,-0.05944790923501784,0.25226494498857943,52.169355793814276,102.32416420183458,TRACK
28.4,182.05742044977237,-530.8911879776506,-0.0489142170813035,0.04566488333436335,0.7469486783816732,0.034133053229633975,0.7477281547854844,182.05742044977237,-531.0,0.10881202234941156,183.0,-531.0,-0.1149319310922352,-0.0660177140109317,0.2522718452145156,0.0,102.32416420183458,BRAKE
28.452,182.09573658884835,-530.8890374910914,-0.055249629683278505,0.04927436310704307,0.7434137308826071,0.036660913363313036,0.7443171352544758,182.09573658884835,-531.0,0.11096250890864212,183.0,-531.0,-0.12209997012056363,-0.06685034043728513,0.25568286474552415,0.0,0.0,BRAKE
28.5,182.13008905371348,-530.8871223841816,-0.05428024624407768,0.05146551736283068,0.7337056480485556,0.03779391490338421,0.7346784044614864,182.13008905371348,-531.0,0.1128776158184337,183.0,-531.0,-0.1290366920869831,-0.07475644584290542,0.26532159553851364,-398.5298791279834,-398.5298791279834,BRAKE
28.552,182.16347977742151,-530.8847883210739,-0.05852829720355723,0.057338717375839635,0.701653926958743,0.04027608483515531,0.7028089329442773,182.16347977742151,-531.0,0.11521167892612993,183.0,-531.0,-0.136866246528982,-0.07833794932542476,0.29719106705572274,-398.5298791279834,-398.5298791279834,BRAKE
28.6,182.18801627683,-530.8825745213677,-0.05446928749970903,0.06655135022571809,0.6349870273768075,0.04232174466699991,0.6363958320169084,182.18801627683,-531.0,0.11742547863229902,183.0,-531.0,-0.1436198749177069,-0.08915058741799786,0.3636041679830916,-378.7032246863992,-378.7032246863992,BRAKE
28.652,182.20775829055765,-530.8801398440384,-0.05566926288301444,0.0802793215128793,0.545620506346327,0.04389638528877243,0.5473834392699898,182.20775829055765,-531.0,0.11986015596164634,183.0,-531.0,-0.15015367607106084,-0.0944844131880464,0.4526165607300102,-378.7032246863992,-378.7032246863992,BRAKE
28.7,182.21948462558544,-530.8777649589503,-0.059478661905260966,0.10379176569924171,0.4401578553694037,0.04584952087177993,0.4425393950910638,182.21948462558544,-531.0,0.12223504104974836,183.0,-531.0,-0.15534630255757048,-0.09586764065230952,0.5574606049089361,-296.8466402604506,-296.8466402604506,BRAKE
28.752,182.22543981524188,-530.8749086544818,-0.060556188040709065,0.14918818136211143,0.3261856132931224,0.04902731479642952,0.32984955952003114,182.22543981524188,-531.0,0.1250913455181717,183.0,-531.0,-0.16011732104989104,-0.09956113300918198,0.6701504404799689,-296.8466402604506,-296.8466402604506,BRAKE
28.796,182.22492426565813,-530.8718640131374,-0.06426118758882682,0.2540095283727708,0.20826143292566576,0.05406826442092426,0.21516552154502488,182.22492426565813,-531.0,0.12813598686261685,183.0,-531.0,-0.1638387075132952,-0.0995775199244684,0.7848344784549751,-180.34761133247005,-180.34761133247005,BRAKE
28.852,182.21867325859375,-530.8680668163609,-0.06523478618586576,0.5768281508680355,0.09329584539144453,0.060702427100255724,0.11130543303525746,182.21867325859375,-531.0,0.1319331836391484,183.0,-531.0,-0.16727991632979886,-0.1020451301439331,0.8886945669647426,-180.34761133247005,-180.34761133247005,BRAKE
28.9,182.20842973766818,-530.8641099815104,-0.06376192690461702,1.773652308373558,-0.014050040577846729,0.06830849839963826,0.06973847283854531,182.20842973766818,-531.0,0.13589001848959015,183.0,-531.0,-0.17001421374410539,-0.10625228683948837,0.9302615271614547,-55.94397916584839,-55.94397916584839,BRAKE
28.952,182.1938327457197,-530.859509291954,-0.06447817173953686,2.5296199778749022,-0.1073815106442088,0.075366703665999,0.1311904297184472,182.1938327457197,-531.0,0.1404907080459452,183.0,-531.0,-0.1725371992379004,-0.10805902749836353,0.8688095702815528,-55.94397916584839,-55.94397916584839,BRAKE
29.004,182.1783594265765,-530.8551220724353,-0.06272631357047764,2.724227558433315,-0.1826242673379902,0.08097849970730858,0.19977272195068146,182.1783594265765,-531.0,0.14487792756472118,183.0,-531.0,-0.1745335461080598,-0.11180723253758215,0.8002272780493185,0.0,0.0,BRAKE
29.052,182.1605811445925,-530.8506894758631,-0.06349067434595934,2.808501748966047,-0.23836728712349586,0.08247080943033422,0.25223084263965345,182.1605811445925,-531.0,0.14931052413692214,183.0,-531.0,-0.17603259178291203,-0.11254191743695269,0.7477691573603465,0.0,0.0,BRAKE
29.1,182.14427694200077,-530.8467271991345,-0.06704530362023076,2.8489617303425456,-0.27382354719493934,0.08249762727534699,0.28598110690127987,182.14427694200077,-531.0,0.1532728008654658,183.0,-531.0,-0.17723554101506045,-0.1101902373948297,0.7140188930987201,0.0,0.0,BRAKE
29.152,182.12746202424952,-530.8426144286872,-0.06511775607245962,2.8692846576472433,-0.29116263669472375,0.08130556650930902,0.3023016310780069,182.12746202424952,-531.0,0.1573855713128296,183.0,-531.0,-0.17845784839551973,-0.11334009232306011,0.6976983689219931,0.0,0.0,BRAKE
29.196,182.11324791126717,-530.8390002216414,-0.07100022055395461,2.877501756693499,-0.2929002876812718,0.07920221127303148,0.3034197897209569,182.11324791126717,-531.0,0.1609997783585868,183.0,-531.0,-0.17960473563278004,-0.10860451507882543,0.696580210279043,0.0,0.0,BRAKE
29.248,182.09963173715184,-530.8352987050819,-0.07162755906371232,2.877065669567861,-0.2820325127690691,0.07639549109363805,0.2921961829289925,182.09963173715184,-531.0,0.16470129491813168,183.0,-531.0,-0.18092622799830585,-0.10929866893459353,0.7078038170710075,0.0,0.0,BRAKE
29.3,182.0888194674104,-530.8320622480592,-0.06957891768682489,2.869110118107198,-0.2621606001646323,0.07325623500134526,0.2722033362125683,182.0888194674104,-531.0,0.16793775194082627,183.0,-531.0,-0.1822624670550121,-0.1126835493681872,0.7277966637874317,0.0,0.0,BRAKE
29.352,182.07889451305442,-530.8287339817105,-0.0701361114320671,2.8545653015903953,-0.23720696750293996,0.07001834548262416,0.24732511828778114,182.07889451305442,-531.0,0.17126601828954335,183.0,-531.0,-0.18383595628806004,-0.11369984485599294,0.7526748817122189,0.0,0.0,BRAKE
29.396,182.07109511235325,-530.8258166824194,-0.06799889472304899,2.835132675204093,-0.21105515898963945,0.06678389856119703,0.2213693051061376,182.07109511235325,-531.0,0.17418331758062777,183.0,-531.0,-0.18536214680752847,-0.11736325208447948,0.7786306948938624,0.0,0.0,BRAKE
29.452,182.06365843505554,-530.8227951164276,-0.06849271976219364,2.813446049698416,-0.1872404120778112,0.06374699747065395,0.19779446807631426,182.06365843505554,-531.0,0.17720488357235809,183.0,-531.0,-0.18704029076785827,-0.11854757100566464,0.8022055319236857,0.0,0.0,BRAKE
29.5,182.05725233646544,-530.8201275356613,-0.07173065173990478,2.7946900239919854,-0.16841740340342867,0.060886658110505226,0.17908547374094522,182.05725233646544,-531.0,0.1798724643387004,183.0,-531.0,-0.18853008053019174,-0.11679942879028696,0.8209145262590548,0.0,0.0,BRAKE
29.548,182.0502921892844,-530.8173527672634,-0.07218310518784898,2.7848805858468517,-0.1563184567000467,0.05825265352691593,0.16681975766680424,182.0502921892844,-531.0,0.1826472327365991,183.0,-531.0,-0.18999957440021253,-0.11781646921236355,0.8331802423331958,0.0,0.0,BRAKE
29.6,182.0434551387892,-530.8148731707563,-0.06996560405546726,2.7877689921297693,-0.15146049004914336,0.05594461599010411,0.16146231790794677,182.0434551387892,-531.0,0.18512682924369983,183.0,-531.0,-0.19117349013494644,-0.12120788607947919,0.8385376820920533,0.0,0.0,BRAKE
29.652,182.03529019961329,-530.8122664663965,-0.0758093445146273,2.803657330479662,-0.1534056399082803,0.05390912589207171,0.16260222695312693,182.03529019961329,-531.0,0.18773353360347755,183.0,-531.0,-0.19219890654609048,-0.11638956203146318,0.8373977730468731,0.0,0.0,BRAKE
29.7,182.026914649757,-530.8099080016757,-0.07352946007111538,2.8274573960340685,-0.16078538364244288,0.05223807041921897,0.16905843839977588,182.026914649757,-531.0,0.19009199832430568,183.0,-531.0,-0.1929202114851198,-0.11939075141400443,0.8309415616002241,0.0,0.0,BRAKE
29.752,182.01693859382812,-530.8073899541419,-0.07669494299114166,2.8533133624882008,-0.17165702965818186,0.05090314263487854,0.1790454293222162,182.01693859382812,-531.0,0.1926100458581459,183.0,-531.0,-0.19347790139869647,-0.11678295840755482,0.8209545706777838,0.0,0.0,BRAKE
29.8,182.00703522511316,-530.8051029022299,-0.07141561517216233,2.8771689579186464,-0.1837891328243883,0.04976346290386402,0.19040705760166796,182.00703522511316,-531.0,0.19489709777008102,183.0,-531.0,-0.1938141245112978,-0.12239850933913546,0.809592942398332,0.0,0.0,BRAKE
29.852,181.99582517448263,-530.8026617409607,-0.07460397486723667,2.896380568050771,-0.19491520019514869,0.048777144045516314,0.2009257202260376,181.99582517448263,-531.0,0.19733825903927027,183.0,-531.0,-0.19404508968802164,-0.11944111482078497,0.7990742797739624,0.0,0.0,BRAKE
29.9,181.9853361388398,-530.800467800952,-0.07486120928394047,2.9109862722272632,-0.20317743168907856,0.04770262285996471,0.20870220165463088,181.9853361388398,-531.0,0.1995321990480079,183.0,-531.0,-0.1941709655345488,-0.11930975625060833,0.7912977983453691,0.0,0.0,BRAKE
29.952,181.9741721204391,-530.7981844252024,-0.07515512552969739,2.9214092704009373,-0.20720776214110861,0.046375580096564735,0.21233405548997347,181.9741721204391,-531.0,0.2018155747975925,183.0,-531.0,-0.19425354298071068,-0.1190984174510133,0.7876659445100265,0.0,0.0,BRAKE
30.0,181.9643375948115,-530.7961844665709,-0.07827965101453116,2.9281859972679394,-0.20639512809304938,0.044727158750587984,0.21118586039421902,181.9643375948115,-531.0,0.203815533429065,183.0,-531.0,-0.1943141231191261,-0.11603447210459494,0.788814139605781,0.0,0.0,BRAKE
30.052,181.95443901780828,-530.7941756609404,-0.07855614306314984,2.9325536657686704,-0.20078187078210824,0.0425934603166967,0.20524999999150603,181.95443901780828,-531.0,0.2058243390596317,183.0,-531.0,-0.1943700982332426,-0.11581395517009277,0.7947500000084939,0.0,0.0,BRAKE
30.1,181.94613338280712,-530.7924777344396,-0.07604542685665128,2.9348925412089777,-0.19107013789185956,0.04006646327426122,0.19522581559138624,181.94613338280712,-531.0,0.20752226556044207,183.0,-531.0,-0.1944275717222738,-0.11838214486562251,0.8047741844086138,0.0,0.0,BRAKE
30.148,181.93807477802667,-530.7908148354243,-0.07624732199361506,2.935866519598636,-0.17843619872885488,0.037235790654238134,0.18227995260710828,181.93807477802667,-531.0,0.20918516457572878,183.0,-531.0,-0.19449650179615957,-0.11824917980254451,0.8177200473928917,0.0,0.0,BRAKE
30.2,181.93143916451217,-530.7894433479303,-0.07939934485957734,2.9364286645479076,-0.16436821105035096,0.03420369356898945,0.16788925355023188,181.93143916451217,-531.0,0.21055665206972662,183.0,-531.0,-0.19455448159604496,-0.11515513673646763,0.8321107464497681,0.0,0.0,BRAKE
30.252,181.92495675526283,-530.7881014513065,-0.07385848448271148,2.9367305323737236,-0.1504709378994659,0.03126439732608863,0.15368463063204615,181.92495675526283,-531.0,0.21189854869351166,183.0,-531.0,-0.19461228766940847,-0.12075380318669698,0.8463153693679538,0.0,0.0,BRAKE
30.3,181.9194158493468,-530.7869754140943,-0.07699011309294934,2.938007156549809,-0.13820854860574275,0.028532546267599733,0.14112302825626538,181.9194158493468,-531.0,0.21302458590571405,183.0,-531.0,-0.19464247356998363,-0.11765236047703428,0.8588769717437346,0.0,0.0,BRAKE
30.352,181.91363040160974,-530.7858435087059,-0.07716000195317685,2.941141077675591,-0.12877607020851983,0.02616474903455033,0.13140726901656025,181.91363040160974,-531.0,0.2141564912941476,183.0,-531.0,-0.19463482836872323,-0.11747482641554638,0.8685927309834398,0.0,0.0,BRAKE
30.396,181.90826186680587,-530.7848450635366,-0.0802631428123617,2.946409851024474,-0.1228500119137152,0.024287416231326183,0.12522780847077716,181.90826186680587,-531.0,0.2151549364633638,183.0,-531.0,-0.1945820520679387,-0.11431890925557699,0.8747721915292228,0.0,0.0,BRAKE
30.452,181.9022023787173,-530.7838043464476,-0.07759663841695995,2.9548668316500977,-0.12063752372465436,0.022791647111209762,0.12277162256995083,181.9022023787173,-531.0,0.2161956535524041,183.0,-531.0,-0.19444748569454673,-0.11685084727758678,0.8772283774300491,0.0,0.0,BRAKE
30.5,181.8962558217353,-530.7828656935196,-0.07776896693961732,2.9655727972253247,-0.12177470174808333,0.02165891488874112,0.12368583823539533,181.8962558217353,-531.0,0.21713430648037502,183.0,-531.0,-0.19424475052266837,-0.11647578358305105,0.8763141617646046,0.0,0.0,BRAKE
30.552,181.8893709071179,-530.7818749506605,-0.07790489637308551,2.977754268243167,-0.12549432759963086,0.020746756229521532,0.12719769712432163,181.8893709071179,-531.0,0.2181250493395055,183.0,-531.0,-0.19392946585387014,-0.11602456948078463,0.8728023028756784,0.0,0.0,BRAKE
30.6,181.88262936418585,-530.7810010502931,-0.081034875880581,2.990845496884055,-0.1307283968192723,0.01985758172831939,0.13222797467644284,181.88262936418585,-531.0,0.21899894970692912,183.0,-531.0,-0.19354155599351433,-0.11250668011293333,0.8677720253235571,0.0,0.0,BRAKE
30.652,181.87501099732827,-530.7800992168809,-0.075286670129304,3.0031998339033175,-0.13625092716617762,0.018977460705334452,0.13756619922228552,181.87501099732827,-531.0,0.2199007831191011,183.0,-531.0,-0.19303532068214224,-0.11774865055283824,0.8624338007777145,0.0,0.0,BRAKE
30.7,181.86782995049586,-530.7793249939322,-0.07840543357857177,3.01468750770331,-0.14092490247770637,0.01798072512632595,0.14206735942650422,181.86782995049586,-531.0,0.22067500606783597,183.0,-531.0,-0.192499756829142,-0.11409432325057023,0.8579326405734957,0.0,0.0,BRAKE
30.752,181.86007640168276,-530.7785541629471,-0.07559393815074711,3.024762020188467,-0.14378853439098416,0.016875756808486485,0.14477545990314247,181.86007640168276,-531.0,0.22144583705289733,183.0,-531.0,-0.1918739033151225,-0.11627996516437539,0.8552245400968576,0.0,0.0,BRAKE
30.8,181.8531109834606,-530.7778970956348,-0.08163221608489701,3.0327685982680532,-0.14425205522409423,0.015760357744500353,0.14511045555923863,181.8531109834606,-531.0,0.22210290436521518,183.0,-531.0,-0.19128899566963548,-0.10965677958473846,0.8548895444407614,0.0,0.0,BRAKE
30.852,181.8459301319984,-530.7772517409915,-0.08176832660936785,3.0392886691185397,-0.1420964899682232,0.01458796571015079,0.142843344979211,181.8459301319984,-531.0,0.22274825900854012,183.0,-531.0,-0.19066649135177713,-0.10889816474240928,0.857156655020789,0.0,0.0,BRAKE
30.9,181.83973847555973,-530.7767056427318,-0.07892363158458449,3.0439899935026347,-0.1375102133445705,0.013464144188090638,0.13816780360412115,181.83973847555973,-531.0,0.22329435726817337,183.0,-531.0,-0.19012720135537647,-0.11120356977079199,0.8618321963958788,0.0,0.0,BRAKE
30.952,181.8335551148412,-530.7761651126607,-0.08206743643422154,3.0472942428835093,-0.1310004127409537,0.012389876893356466,0.13158501885751567,181.8335551148412,-531.0,0.2238348873393079,183.0,-531.0,-0.1895902385904426,-0.10752280215622106,0.8684149811424844,0.0,0.0,BRAKE
31.0,181.82832175408316,-530.7757204654299,-0.08218787373147873,3.050244137933423,-0.12331019047566891,0.011295639371779298,0.12382646948032976,181.82832175408316,-531.0,0.22427953457008698,183.0,-531.0,-0.18912954811951485,-0.10694167438803612,0.8761735305196703,0.0,0.0,BRAKE
31.052,181.82310334112447,-530.7752861177692,-0.07625887857173086,3.0527737320115196,-0.11527555718503447,0.010265659462138657,0.11573174952670831,181.82310334112447,-531.0,0.22471388223084432,183.0,-531.0,-0.18866677081144095,-0.1124078922397101,0.8842682504732917,0.0,0.0,BRAKE
31.096,181.81860859686637,-530.7749346640169,-0.07938439485942506,3.0560537014556677,-0.10770328905222307,0.009235362260716182,0.10809852167700247,181.81860859686637,-531.0,0.22506533598311762,183.0,-531.0,-0.1882528728425538,-0.10886847798312874,0.8919014783229975,0.0,0.0,BRAKE
31.152,181.81396208712212,-530.7746007095344,-0.07647316632059264,3.0603087193648886,-0.10128172270099808,0.008250756024560147,0.10161723440567887,181.81396208712212,-531.0,0.22539929046558882,183.0,-531.0,-0.1878043328380098,-0.11133116651741715,0.8983827655943212,0.0,0.0,BRAKE
31.2,181.809762956201,-530.774317010849,-0.08262542472261125,3.064694403565308,-0.09645178272206348,0.0074316276636254945,0.09673766319275501,181.809762956201,-531.0,0.2256829891509824,183.0,-531.0,-0.18738724628665374,-0.10476182156404248,0.903262336807245,0.0,0.0,BRAKE
31.252,181.80519584269993,-530.7740313543507,-0.08272459657342734,3.06943975653,-0.09343384579585547,0.006753245951108194,0.09367758467787189,181.80519584269993,-531.0,0.2259686456493455,183.0,-531.0,-0.1869183561727576,-0.10419375959933025,0.9063224153221281,0.0,0.0,BRAKE
31.3,181.80088648896225,-530.7737641023473,-0.07976841243823807,3.072921402177446,-0.09215437077124025,0.00633832239278188,0.09237208660086693,181.80088648896225,-531.0,0.2262358976527139,183.0,-531.0,-0.18647729092226448,-0.10670887848402641,0.9076279133991331,0.0,0.0,BRAKE
31.348,181.79606709476465,-530.7734553099724,-0.07985157406095733,3.0745671938244072,-0.092338571177438,0.006198319770852053,0.09254637159323167,181.79606709476465,-531.0,0.2265446900275947,183.0,-531.0,-0.1859956262504329,-0.10614405218947556,0.9074536284067684,0.0,0.0,BRAKE
31.4,181.791469505882,-530.7731507858405,-0.07686197989885701,3.0748848657283507,-0.09354415686806533,0.006249396313073656,0.09375267590013137,181.791469505882,-531.0,0.22684921415952886,183.0,-531.0,-0.1855475771650476,-0.10868559726619059,0.9062473240998686,0.0,0.0,BRAKE
31.452,181.78635591418828,-530.7727844379731,-0.07693018446618982,3.073145178606076,-0.09522210759501118,0.006527910557046204,0.0954456043570194,181.78635591418828,-531.0,0.22721556202691318,183.0,-531.0,-0.18507515009784317,-0.10814496563165335,0.9045543956429806,0.0,0.0,BRAKE
31.5,181.7815647062977,-530.7724222662473,-0.08009671595866341,3.070618821954879,-0.09683026080554469,0.006883977362580248,0.0970746545293792,181.7815647062977,-531.0,0.22757773375269608,183.0,-531.0,-0.1846510350722733,-0.10455431911360988,0.9029253454706208,0.0,0.0,BRAKE
31.552,181.7763755000006,-530.7720102887055,-0.07707893228213925,3.067672901872925,-0.09786701960026256,0.007247511047996581,0.09813500874728145,181.7763755000006,-531.0,0.2279897112945264,183.0,-531.0,-0.18421093718604176,-0.10713200490390251,0.9018649912527186,0.0,0.0,BRAKE
31.6,181.7716647276911,-530.7716116921841,-0.07713847052248046,3.0639916911877214,-0.09796294416356242,0.007617315149272691,0.09825864806355006,181.7716647276911,-531.0,0.2283883078158624,183.0,-531.0,-0.18383393352380142,-0.10669546300132096,0.9017413519364499,0.0,0.0,BRAKE
31.652,181.76672876628606,-530.7711793128623,-0.08342972172939489,3.0606388658882926,-0.09689873085561561,0.007861500282654206,0.09721711386439738,181.76672876628606,-531.0,0.22882068713772696,183.0,-531.0,-0.1834534871844976,-0.10002376545510272,0.9027828861356026,0.0,0.0,BRAKE
31.7,181.76238896247796,-530.7707770243896,-0.0803762652634894,3.0567975333384405,-0.0946285778236027,0.008043328629972726,0.09496979981218963,181.76238896247796,-531.0,0.2292229756103552,183.0,-531.0,-0.18313874286515094,-0.10276247760166154,0.9050302001878103,0.0,0.0,BRAKE
31.752,181.75796792657937,-530.7703400057877,-0.08043755300713307,3.0523156093341512,-0.09126554797968355,0.008169634968617672,0.09163047082467916,181.75796792657937,-531.0,0.2296599942122839,183.0,-531.0,-0.18284150727047763,-0.10240395426334456,0.9083695291753209,0.0,0.0,BRAKE
31.8,181.75416233218854,-530.7699415013678,-0.07735290783140059,3.0475119556601094,-0.0870717319532382,0.008216024124538989,0.08745850191806151,181.75416233218854,-531.0,0.230058498632161,183.0,-531.0,-0.1826046392619675,-0.1052517314305669,0.9125414980819385,0.0,0.0,BRAKE
31.848,181.7503303564901,-530.7694981461883,-0.07740087166651533,3.04089469561273,-0.08238876989366783,0.008324537081614994,0.08280825636502033,181.7503303564901,-531.0,0.2305018538116883,183.0,-531.0,-0.18240013771612357,-0.10499926604960824,0.9171917436349797,0.0,0.0,BRAKE
31.9,181.74703081763948,-530.7690781637175,-0.08061845665270972,3.032847714126949,-0.07761183788336812,0.008473321286087694,0.07807300784042767,181.74703081763948,-531.0,0.23092183628250496,183.0,-531.0,-0.18225454984183867,-0.10163609318912895,0.9219269921595723,0.0,0.0,BRAKE
31.952,181.74366091387034,-530.768601483613,-0.08067083569151356,3.0229656897055017,-0.0731297392241742,0.008716082616231843,0.0736473275494006,181.74366091387034,-531.0,0.23139851638700293,183.0,-531.0,-0.1821433922518511,-0.10147255656033755,0.9263526724505994,0.0,0.0,BRAKE
32.0,181.74068200444572,-530.7681252508584,-0.0775462234846307,3.010404581413402,-0.06925554505028328,0.009137984203104224,0.06985580344901918,181.74068200444572,-531.0,0.23187474914163886,183.0,-531.0,-0.18208775819981396,-0.10454153471518327,0.9301441965509808,0.0,0.0,BRAKE
32.052,181.73753069227004,-530.7675743133269,-0.0807861341734386,2.996930383868626,-0.06622685931126299,0.009647923116731596,0.06692592408551551,181.73753069227004,-531.0,0.23242568667308205,183.0,-531.0,-0.18206530690983852,-0.10127917273639991,0.9330740759144844,0.0,0.0,BRAKE
32.096,181.7346395048657,-530.7670225389884,-0.08082378126522283,2.9824226268198197,-0.0641290333756652,0.010294504577675563,0.0649500557828626,181.7346395048657,-531.0,0.23297746101161465,183.0,-531.0,-0.1820802085332582,-0.10125642726803538,0.9350499442171374,0.0,0.0,BRAKE
32.152,181.7314821259305,-530.766377997469,-0.08086939707068819,2.9681005919965457,-0.06293546068100672,0.011029688201976827,0.06389464948619226,181.7314821259305,-531.0,0.23362200253097853,183.0,-531.0,-0.18212840154638235,-0.10125900447569416,0.9361053505138077,0.0,0.0,BRAKE
32.2,181.72852118661137,-530.7657495763295,-0.07769657784897843,2.9557328725885306,-0.06249823197803392,0.011751534806669687,0.06359345540771087,181.72852118661137,-531.0,0.2342504236704599,183.0,-531.0,-0.18219161912381357,-0.10449504127483514,0.9364065445922891,0.0,0.0,BRAKE
32.252,181.72526074948902,-530.7650241539754,-0.07773082221028482,2.9440844830131505,-0.06256910064769278,0.012521148084583461,0.06380965056491986,181.72526074948902,-531.0,0.2349758460245539,183.0,-531.0,-0.18228625805141277,-0.10455543584112795,0.9361903494350802,0.0,0.0,BRAKE
32.296,181.72221715353785,-530.7643226964107,-0.08100672520702279,2.9338029635338376,-0.06286280256494489,0.013253540998220056,0.06424475305665625,181.72221715353785,-531.0,0.23567730358934114,183.0,-531.0,-0.18239254115212386,-0.10138581594510107,0.9357552469433438,0.0,0.0,BRAKE
32.352,181.7189163451763,-530.7635282453588,-0.08104701245524537,2.923758104156484,-0.06307780102385768,0.013962068344244728,0.06460455351176682,181.7189163451763,-531.0,0.23647175464122938,183.0,-531.0,-0.1825326802372827,-0.10148566778203733,0.9353954464882331,0.0,0.0,BRAKE
32.4,181.71590555560286,-530.7627543039771,-0.08434602116173329,2.9119187280505288,-0.06295424463848827,0.014718666998514277,0.06465196111654914,181.71590555560286,-531.0,0.23724569602291012,183.0,-531.0,-0.18269699234151815,-0.09835097117978486,0.9353480388834509,0.0,0.0,BRAKE
32.452,181.712728078846,-530.7618822035346,-0.08113601708942686,2.898725937119684,-0.06230712180157955,0.015437040373600417,0.06419096231318736,181.712728078846,-531.0,0.2381177964654171,183.0,-531.0,-0.18291110338044062,-0.10177508629101376,0.9358090376868127,0.0,0.0,BRAKE
32.5,181.70991088771515,-530.7610392939789,-0.08116464610424856,2.8824817904736153,-0.061041647833435755,0.016180291752949265,0.06314970001062356,181.70991088771515,-531.0,0.2389607060210892,183.0,-531.0,-0.18315227207295895,-0.10198762596871039,0.9368502999893764,0.0,0.0,BRAKE
32.552,181.70701569324387,-530.7600888494378,-0.08119954808321284,2.8631300983861174,-0.059163956956109445,0.016914412512232014,0.06153430874998371,181.70701569324387,-531.0,0.23991115056219314,183.0,-531.0,-0.18346195225321496,-0.10226240417000212,0.9384656912500163,0.0,0.0,BRAKE
32.6,181.70450247602994,-530.7591900737928,-0.08453713728484069,2.841863118458572,-0.05678211420638274,0.017547940544810948,0.05943179882109335,181.70450247602994,-531.0,0.24080992620724828,183.0,-531.0,-0.1837846345957238,-0.09924749731088311,0.9405682011789066,0.0,0.0,BRAKE
32.652,181.70195462370978,-530.7581884998069,-0.07796684176263181,2.8177059298582914,-0.054057380235244326,0.018147524720302628,0.057022215068969206,181.70195462370978,-531.0,0.24181150019308006,183.0,-531.0,-0.18417776638810412,-0.10621092462547231,0.9429777849310308,0.0,0.0,BRAKE
32.696,181.69975157610077,-530.7572504679056,-0.08130357855925618,2.7925268141635193,-0.05120118596864352,0.018635707015479487,0.05448716381463078,181.69975157610077,-531.0,0.24274953209442174,183.0,-531.0,-0.1845699181820729,-0.10326633962281673,0.9455128361853692,0.0,0.0,BRAKE
32.752,181.69750107567526,-530.7562215240093,-0.08133373728249714,2.767020029379754,-0.048428369897432356,0.01903879347709219,0.05203635909617333,181.69750107567526,-531.0,0.24377847599066627,183.0,-531.0,-0.1850215370800538,-0.10368779979755667,0.9479636409038267,0.0,0.0,BRAKE
32.8,181.69552058164123,-530.755250946098,-0.07803838350977821,2.767020029379754,-0.04591954276479652,0.019452346363261,0.04986981237947712,181.69552058164123,-531.0,0.24474905390195545,183.0,-531.0,-0.18546581619143945,-0.10742743268166124,0.9501301876205229,0.0,0.0,BRAKE
32.852,181.69344384285765,-530.7541842985123,-0.08473112823712102,2.767020029379754,-0.04382575230202396,0.01982338388622956,0.048100552112623235,181.69344384285765,-531.0,0.24581570148768606,183.0,-531.0,-0.18596630952593973,-0.10123518128881871,0.9518994478873768,0.0,0.0,BRAKE
32.9,181.69156113359676,-530.7531741301482,-0.08142187083769992,2.767020029379754,-0.04221482735692081,0.020251010514514122,0.046820882901047384,181.69156113359676,-531.0,0.24682586985181842,183.0,-531.0,-0.18645045325139803,-0.10502858241369811,0.9531791170989526,0.0,0.0,RECOVER
32.952,181.68953112863562,-530.7520494402481,-0.08481406788362311,2.767020029379754,-0.04110313271276304,0.020733185007864828,0.04603620835139838,181.68953112863562,-531.0,0.24795055975187097,183.0,-531.0,-0.18699696323134346,-0.10218289534772035,0.9539637916486017,0.0,0.0,RECOVER
33.0,181.6876483070566,-530.7509909660055,-0.08484829075567002,2.767020029379754,-0.040445943610291024,0.021194611607800787,0.045662741001087144,181.6876483070566,-531.0,0.24900903399452545,183.0,-531.0,-0.1875135117499348,-0.10266522099426478,0.9543372589989129,0.0,0.0,RECOVER
33.048,181.68559067579704,-530.7498141124931,-0.0781278119776798,2.767020029379754,-0.040139304516810186,0.021697626955009368,0.04562839886049003,181.68559067579704,-531.0,0.2501858875068592,183.0,-531.0,-0.18809097302321423,-0.10996316104553443,0.95437160113951,0.0,0.0,RECOVER
33.1,181.68367499800908,-530.7487122163785,-0.08152885490327422,2.767020029379754,-0.04005903180648947,0.022138116689854076,0.04576922808882547,181.68367499800908,-531.0,0.2512877836214784,183.0,-531.0,-0.1886314277145539,-0.10710257281127969,0.9542307719111746,42.96759969800682,117.73903208919405,RECOVER
33.152,181.68222331421373,-530.7477405964055,-0.08165033788780329,2.767020029379754,-0.03580931929678118,0.020929525666870917,0.04147713096561807,181.68222331421373,-531.0,0.2522594035945076,183.0,-531.0,-0.18913986543762512,-0.10748952754982183,0.9585228690343819,42.96759969800682,117.73903208919405,RECOVER
33.2,181.6819961650882,-530.7466850036216,-0.08545720681971658,2.767020029379754,-0.02493235324983505,0.02130122239960565,0.03279274789175225,181.6819961650882,-531.0,0.25331499637843535,183.0,-531.0,-0.18988052645084613,-0.10442331963112955,0.9672072521082478,42.78837660065678,113.50841813942853,RECOVER
33.252,181.68301992007557,-530.7453362941242,-0.08284997182255839,2.767020029379754,-0.009315371043637223,0.022923646946039544,0.024744084686795408,181.68301992007557,-531.0,0.2546637058758279,183.0,-531.0,-0.19101197212440074,-0.10816200030184235,0.9752559153132045,42.78837660065678,113.50841813942853,RECOVER
33.3,181.68521154683185,-530.7439191427466,-0.08371154730229335,2.767020029379754,0.009925620586221621,0.02523376597665998,0.027115694521558344,181.68521154683185,-531.0,0.256080857253437,183.0,-531.0,-0.1923613343707098,-0.10864978706841644,0.9728843054784416,28.32679395755205,102.57659264654066,RECOVER
33.352,181.68892712775488,-530.7422399312543,-0.08829483028965535,2.767020029379754,0.03146037113219749,0.027704332928978843,0.041919983478232746,181.68892712775488,-531.0,0.25776006874571067,183.0,-531.0,-0.1941265091514017,-0.10583167886174635,0.9580800165217672,28.32679395755205,102.57659264654066,RECOVER
33.4,181.69357712568808,-530.7406814331446,-0.08956467034795157,0.4954167873130858,0.054355476165508634,0.02937186512051725,0.0617836891892758,181.69357712568808,-531.0,0.259318566855427,183.0,-531.0,-0.19594814319138915,-0.10638347284343758,0.9382163108107242,16.077654186282302,85.86060998187004,RECOVER
33.452,181.69985039151112,-530.7390498196656,-0.08385894914308345,0.3699216825124308,0.07755496408573626,0.03007372612885982,0.08318173752461237,181.69985039151112,-531.0,0.2609501803343619,183.0,-531.0,-0.19807605346569845,-0.114217104322615,0.9168182624753877,16.077654186282302,85.86060998187004,RECOVER
33.5,181.7066791367945,-530.7376910079583,-0.08927732318313875,0.2859068527830235,0.100203661013644,0.029455924016091282,0.10444340639877188,181.7066791367945,-531.0,0.26230899204165326,183.0,-531.0,-0.2001038801403164,-0.11082655695717766,0.8955565936012281,-6.019778153303982,79.86798535268599,RECOVER
33.552,181.7150406816907,-530.7362423842102,-0.0877342328380395,0.23365807533861443,0.12141200876802706,0.028896702761540178,0.12480342664997737,181.7150406816907,-531.0,0.2637576157898138,183.0,-531.0,-0.20245322569877208,-0.11471899286073259,0.8751965733500227,-6.019778153303982,79.86798535268599,RECOVER
33.6,181.7234674628394,-530.7350052411089,-0.09630604470889903,0.19555264782645074,0.1403630849084828,0.027803691908797733,0.14309032423188262,181.7234674628394,-531.0,0.26499475889113455,183.0,-531.0,-0.2046823974038713,-0.10837635269497228,0.8569096757681174,-13.802076230526946,64.81930205417608,RECOVER
33.648,181.7331462080042,-530.7336962010085,-0.0984228514290948,0.17024417661826727,0.15638140533814793,0.026883246570396035,0.158675306464802,181.7331462080042,-531.0,0.26630379899154377,183.0,-531.0,-0.20719215426672785,-0.10876930283763306,0.841324693535198,-13.802076230526946,64.81930205417608,RECOVER
33.7,181.74239448692106,-530.7324636182433,-0.09738410329148572,0.15524169546698796,0.16908328057187655,0.02646169293345029,0.17114139464738545,181.74239448692106,-531.0,0.2675363817567131,183.0,-531.0,-0.20960998015853644,-0.11222587686705071,0.8288586053526146,-15.85620300641665,52.498835207781156,RECOVER
33.752,181.75256227697028,-530.731002726586,-0.09976706388297461,0.15043519791097595,0.17834118077995478,0.027033025023201596,0.18037838341634388,181.75256227697028,-531.0,0.2689972734140156,183.0,-531.0,-0.2123876515554702,-0.1126205876724956,0.8196216165836561,-15.85620300641665,52.498835207781156,RECOVER
33.8,181.76193388749186,-530.7295233909618,-0.09894246324992051,0.1527084200488249,0.18425642756018973,0.028358288524435088,0.18642591993947236,181.76193388749186,-531.0,0.2704766090381554,183.0,-531.0,-0.2150876224645869,-0.1161451592146664,0.8135740800605277,-24.657027662623054,55.8345289477369,RECOVER
33.852,181.77196366469477,-530.7277267106881,-0.1015184610237152,0.16157971235302362,0.18727479370288946,0.030525927844915007,0.18974635866664943,181.77196366469477,-531.0,0.2722732893118973,183.0,-531.0,-0.21818493039180187,-0.11666646936808667,0.8102536413333505,-24.657027662623054,55.8345289477369,RECOVER
33.9,181.7810425275729,-530.7259337881524,-0.10843719627021664,0.17338884191176476,0.18792865772665435,0.03291524658897994,0.19078939659466235,181.7810425275729,-531.0,0.27406621184763935,183.0,-531.0,-0.22115887779456941,-0.11272168152435277,0.8092106034053377,-25.073351083783347,58.384580946352884,RECOVER
33.952,181.79067667137727,-530.7239126330371,-0.1108063330595932,0.18502019320291666,0.18699882620553387,0.03499883894313494,0.19024584024260546,181.79067667137727,-531.0,0.2760873669628836,183.0,-531.0,-0.22445229828941354,-0.11364596522982034,0.8097541597573945,-25.073351083783347,58.384580946352884,RECOVER
34.0,181.79941229408797,-530.7220267643808,-0.11095742678108111,0.19454469212583292,0.18524648596579868,0.03650037093232142,0.1888082033198608,181.79941229408797,-531.0,0.2779732356192426,183.0,-531.0,-0.22752195117341953,-0.11656452439233841,0.8111917966801392,-17.825410352135037,56.76298308241802,RECOVER
34.052,181.8087807873867,-530.7200541888169,-0.12060989354475704,0.19901298956594562,0.1834673823114823,0.03700219201656924,0.18716154141879326,181.8087807873867,-531.0,0.27994581118309725,183.0,-531.0,-0.23081935592459313,-0.11020946237983609,0.8128384585812067,-17.825410352135037,56.76298308241802,RECOVER
34.1,181.81743241672174,-530.718305748635,-0.12097183560534974,0.19914964848651703,0.18233859573718963,0.036800467803990405,0.18601515509765004,181.81743241672174,-531.0,0.2816942513650247,183.0,-531.0,-0.23384764399941052,-0.11287580839406078,0.8139848449023499,-14.490669855226386,57.38522464047223,RECOVER
34.152,181.82691759350087,-530.7164930532404,-0.12363640239474605,0.1955421307489047,0.1823626232424992,0.036121138459454985,0.185905521702538,181.82691759350087,-531.0,0.28350694675964405,183.0,-531.0,-0.2371299693567319,-0.11349356696198584,0.814094478297462,-14.490669855226386,57.38522464047223,RECOVER
34.2,181.8358714360479,-530.7148666000722,-0.12357678280430084,0.1899227026013452,0.18382414034648215,0.035338294349480145,0.18719003611745383,181.8358714360479,-531.0,0.28513339992775855,183.0,-531.0,-0.2402039833880516,-0.11662720058375076,0.8128099638825461,-19.328320104864694,61.31556291916342,RECOVER
34.252,181.84586359934193,-530.7130884400782,-0.1268841560863183,0.18495686498825814,0.18674063647339312,0.03493827590247376,0.18998091597190844,181.84586359934193,-531.0,0.28691155992180484,183.0,-531.0,-0.24365507510198808,-0.11677091901566977,0.8100190840280915,-19.328320104864694,61.31556291916342,RECOVER
34.3,181.85539924017007,-530.7114174045604,-0.13472700012442518,0.1807823268497524,0.1909121280796221,0.034894513320582285,0.1940749023129223,181.85539924017007,-531.0,0.28858259543960685,183.0,-531.0,-0.24697776682213804,-0.11225076669771286,0.8059250976870778,-23.004409114843796,59.888483277715665,RECOVER
34.352,181.86606691063673,-530.7095600794494,-0.13762820864007685,0.1777054947720523,0.19589451139273384,0.035182660367155776,0.19902884008180463,181.86606691063673,-531.0,0.2904399205506252,183.0,-531.0,-0.2507443678895472,-0.11311615924947033,0.8009711599181953,-23.004409114843796,59.888483277715665,RECOVER
34.396,181.87619560528546,-530.7078235756114,-0.14509228694347587,0.1748034882443211,0.20118649755224766,0.03553073639034515,0.2042998776939936,181.87619560528546,-531.0,0.29217642438857183,183.0,-531.0,-0.25435745799282655,-0.10926517104935068,0.7957001223060064,-21.75166800487346,51.970475991595656,RECOVER
34.452,181.8873975041528,-530.7059700608678,-0.14871289740813867,0.17084941195036968,0.20616861963145067,0.035570558658923696,0.20921463706931626,181.8873975041528,-531.0,0.29402993913220143,183.0,-531.0,-0.2583655891641888,-0.10965269175605011,0.7907853629306838,-21.75166800487346,51.970475991595656,RECOVER
34.5,181.8978661912357,-530.7043281715019,-0.14965182575159286,0.1653136993388456,0.2103437794065231,0.03509297308829375,0.2132510780633846,181.8978661912357,-531.0,0.29567182849814344,183.0,-531.0,-0.2621007056265177,-0.11244887987492486,0.7867489219366154,-23.511717553712735,48.06760237316934,RECOVER
34.552,181.90924431246057,-530.7026425550137,-0.15271978090514304,0.1587778269303813,0.21330696485862238,0.03415592810106417,0.2160242779912541,181.90924431246057,-531.0,0.2973574449863463,183.0,-531.0,-0.2661484705709004,-0.11342868966575737,0.7839757220087459,-23.511717553712735,48.06760237316934,RECOVER
34.6,181.91969080010773,-530.7011930470918,-0.1530816964376307,0.15138112892236646,0.21482183291862994,0.032770681862497646,0.217307012054956,181.91969080010773,-531.0,0.29880695290819403,183.0,-531.0,-0.2698474579221188,-0.11676576148448808,0.7826929879450439,-29.62178002705368,51.56235997015765,RECOVER
34.652,181.9308740881818,-530.699685554748,-0.15681536446587008,0.14530008180286405,0.2149063226649508,0.03144752629363937,0.2171950147479474,181.9308740881818,-531.0,0.3003144452519564,183.0,-531.0,-0.2738404565668627,-0.1170250921009926,0.7828049852520527,-29.62178002705368,51.56235997015765,RECOVER
34.7,181.94102353715942,-530.698320803815,-0.16459214890768226,0.1412745518269647,0.21369550852732008,0.030392200977478436,0.215845908566749,181.94102353715942,-531.0,0.3016791961849776,183.0,-531.0,-0.27752640533444745,-0.11293425642676519,0.784154091433251,-29.899099067436715,53.583587627026226,RECOVER
34.752,181.95181586964668,-530.6968247109954,-0.16573066803996908,0.14006385629662224,0.21154277997621154,0.029824786151854334,0.21363488860452473,181.95181586964668,-531.0,0.3031752890045709,183.0,-531.0,-0.281554926444743,-0.11582425840477392,0.7863651113954753,-29.899099067436715,53.583587627026226,RECOVER
34.796,181.96160060197,-530.6953810607239,-0.17636377897158576,0.14225853549907028,0.20884981350868892,0.029912727562017585,0.21098107941901717,181.96160060197,-531.0,0.3046189392761107,183.0,-531.0,-0.28534873513477355,-0.10898495616318779,0.7890189205809828,-24.810418924606118,53.23771021040502,RECOVER
34.852,181.9720479098557,-530.6937605230984,-0.17761874967530322,0.14623174085668572,0.20607079724207963,0.030350737702417925,0.20829388074321162,181.9720479098557,-531.0,0.3062394769016237,183.0,-531.0,-0.28954029006104126,-0.11192154038573804,0.7917061192567884,-24.810418924606118,53.23771021040502,RECOVER
34.896,181.98160394512018,-530.6922090510113,-0.18093833336105591,0.15127604246809784,0.2036254420109601,0.031040796807935207,0.20597779419304013,181.98160394512018,-531.0,0.3077909489886679,183.0,-531.0,-0.2935024063943343,-0.11256407303327837,0.7940222058069599,-19.788368527543078,53.01698363585573,RECOVER
34.952,181.99192893384603,-530.690519563632,-0.18966270116602035,0.15503904124664916,0.20185165373105723,0.031548067593393875,0.20430215535534613,181.99192893384603,-531.0,0.30948043636794864,183.0,-531.0,-0.2978687504572253,-0.10820604929120492,0.7956978446446539,-19.788368527543078,53.01698363585573,RECOVER
35.0,182.0014967783308,-530.6889965535149,-0.19368508070092783,0.15601711259085077,0.20096910762658546,0.03161152603974587,0.20344009142444766,182.0014967783308,-531.0,0.31100344648507416,183.0,-531.0,-0.3019459090933282,-0.10826082839240037,0.7965599085755524,-17.46072064842627,53.0262175648741,RECOVER
35.048,182.01196317792105,-530.6874305688756,-0.18957255844919296,0.15339194442521978,0.2010768402763184,0.031087773152174456,0.20346583333589233,182.01196317792105,-531.0,0.31256943112441604,183.0,-531.0,-0.30639215105969314,-0.11681959261050018,0.7965341666641077,-17.46072064842627,53.0262175648741,RECOVER
35.1,182.0217625100158,-530.6860969350649,-0.1983277857118533,0.14699515833235616,0.2021534093705482,0.02993146575153684,0.20435726941357352,182.0217625100158,-531.0,0.3139030649350616,183.0,-531.0,-0.3105067628686107,-0.11217897715675737,0.7956427305864264,-27.316900740731516,60.992926410628456,RECOVER
35.152,182.03255779283066,-530.6847557515692,-0.2016962776758264,0.13868358950108778,0.20406027349852868,0.0284826493441512,0.20603848313835987,182.03255779283066,-531.0,0.3152442484307585,183.0,-531.0,-0.31500349789699084,-0.11330722022116443,0.7939615168616401,-27.316900740731516,60.992926410628456,RECOVER
35.196,182.04269859094146,-530.6835884529213,-0.20989352658642502,0.1300820170330261,0.20658249733193432,0.027025274714945473,0.2083427312802559,182.04269859094146,-531.0,0.316411547078701,183.0,-531.0,-0.31922045663320286,-0.10932693004677785,0.7916572687197441,-21.794651247313773,52.411273231449975,RECOVER
35.252,182.05385519634734,-530.6824021629607,-0.21403737835916248,0.12143673172157733,0.20937115965153524,0.02555107253048356,0.2109244883869265,182.05385519634734,-531.0,0.31759783703932953,183.0,-531.0,-0.3238572177977606,-0.10981983943859813,0.7890755116130734,-21.794651247313773,52.411273231449975,RECOVER
35.3,182.06428552838005,-530.6813521857317,-0.2147534102501778,0.11388065270664645,0.21214575817869744,0.024264281105872112,0.21352886936149676,182.06428552838005,-531.0,0.3186478142682745,183.0,-531.0,-0.3282220962556726,-0.11346868600549481,0.7864711306385033,-22.578041726514037,49.30778862303561,RECOVER
35.352,182.0756818309001,-530.680225977474,-0.22372143772097153,0.10838975743663878,0.2146006251625806,0.023352030607099672,0.21586742610603699,182.0756818309001,-531.0,0.3197740225259622,183.0,-531.0,-0.333068199507904,-0.10934676178693248,0.7841325738939631,-22.578041726514037,49.30778862303561,RECOVER
35.4,182.0862388696174,-530.679192462716,-0.2278693465718233,0.10455104111283225,0.21646881366938478,0.022714865005700316,0.21765732788872055,182.0862388696174,-531.0,0.320807537284054,183.0,-531.0,-0.3376408028782247,-0.10977145630640137,0.7823426721112794,-25.216778885489852,49.29278059444706,RECOVER
35.452,182.09766429258303,-530.6780532181602,-0.22371794081019503,0.10272524247298864,0.2176066142306849,0.022432654455546555,0.21875982844860722,182.09766429258303,-531.0,0.3219467818397561,183.0,-531.0,-0.3427133480567807,-0.1189954072465857,0.7812401715513928,-25.216778885489852,49.29278059444706,RECOVER
35.496,182.10815146073966,-530.6769994253011,-0.23201573154233635,0.10182095603055209,0.21791323372536514,0.022265131660556412,0.2190477425597158,182.10815146073966,-531.0,0.3230005746988809,183.0,-531.0,-0.3474750756818609,-0.11545934413952458,0.7809522574402842,-33.81457040617258,57.084296369846186,RECOVER
35.552,182.11941642938567,-530.6758434446018,-0.23618966292847765,0.1019738166992192,0.21746550626958588,0.022252974901634595,0.21860110088711832,182.11941642938567,-531.0,0.32415655539819,183.0,-531.0,-0.3527214198166923,-0.11653175688821465,0.7813988991128817,-33.81457040617258,57.084296369846186,RECOVER
35.6,182.12970929987992,-530.6747579899062,-0.24460795641608235,0.10304735567583041,0.2164047597624982,0.02237920750823665,0.2175588402629534,182.12970929987992,-531.0,0.3252420100938025,183.0,-531.0,-0.3576449512339328,-0.11303699481785046,0.7824411597370466,-25.79883765200823,51.722932857421625,RECOVER
35.652,182.14074421336724,-530.6736035696682,-0.24889125586410568,0.10345816730590579,0.2149365500102902,0.022316621097533403,0.2160919991752051,182.14074421336724,-531.0,0.32639643033178345,183.0,-531.0,-0.36302418857454616,-0.11413293271044048,0.783908000824795,-25.79883765200823,51.722932857421625,RECOVER
35.7,182.15084479606037,-530.6725499636434,-0.25040623232816794,0.10362295452664025,0.2133588396440708,0.022188347644312992,0.2145094805024925,182.15084479606037,-531.0,0.32745003635659486,183.0,-531.0,-0.3680474703069701,-0.11764123797880216,0.7854905194975075,-23.466540936268782,52.51466591700775,RECOVER
35.752,182.16173374584525,-530.6714175845906,-0.25397901902570474,0.10362225921914049,0.21197425393614155,0.02204420805508852,0.21311741233545384,182.16173374584525,-531.0,0.32858241540941435,183.0,-531.0,-0.37357229039447765,-0.1195932713687729,0.7868825876645462,-23.466540936268782,52.51466591700775,RECOVER
35.8,182.17177820033487,-530.670371362468,-0.2632121392826259,0.10367871925556735,0.2110240790452858,0.02195743821286669,0.21216335930075883,182.17177820033487,-531.0,0.32962863753198235,183.0,-531.0,-0.3787772583482353,-0.1155651190656094,0.7878366406992412,-28.310359619625537,59.02218452169404,RECOVER
35.852,182.18270635783836,-530.669203558578,-0.259059922913159,0.10464902071099288,0.21072055765289735,0.02213255332864368,0.21187969070770632,182.18270635783836,-531.0,0.33079644142196685,183.0,-531.0,-0.3845911634141171,-0.1255312405009581,0.7881203092922937,-28.310359619625537,59.02218452169404,RECOVER
35.9,182.19287568395626,-530.6680943575052,-0.26837320175916046,0.10605246578162822,0.21111969875076136,0.022474084153048607,0.21231253297704905,182.19287568395626,-531.0,0.33190564249480303,183.0,-531.0,-0.39014119488287724,-0.12176799312371678,0.787687467022951,-30.512906351144657,61.3483406567857,RECOVER
35.952,182.20401184113967,-530.6668641799027,-0.2720370659996174,0.10745472878018365,0.21218270830713626,0.022888196254443518,0.2134136153864912,182.20401184113967,-531.0,0.3331358200972545,183.0,-531.0,-0.3963680284447545,-0.12433096244513708,0.7865863846135088,-30.512906351144657,61.3483406567857,RECOVER
35.996,182.21441985509074,-530.66570955441,-0.28074989105302306,0.10853034956389582,0.2138105287928127,0.023296471783322108,0.21507595825710812,182.21441985509074,-531.0,0.33429044558999976,183.0,-531.0,-0.4023221995954742,-0.12157230854245116,0.7849240417428919,-27.170532906783194,56.99138943070321,RECOVER
36.052,182.2258291967934,-530.6644777479281,-0.2824489177139376,0.10818080295938695,0.21577048979092167,0.02343371182567837,0.21703926629654638,182.2258291967934,-531.0,0.3355222520718826,183.0,-531.0,-0.4089602857245324,-0.12651136801059482,0.7829607337034536,-27.170532906783194,56.99138943070321,RECOVER
36.1,182.2364762766625,-530.6633698389066,-0.2869488632835284,0.10657917906645033,0.21788577574296542,0.023310415968248056,0.21912915543972367,182.2364762766625,-531.0,0.3366301610933533,183.0,-531.0,-0.4152524780659874,-0.128303614782459,0.7808708445602763,-30.797631327458028,58.15058737263724,RECOVER
36.152,182.2481139499946,-530.6621936090526,-0.29071583320497196,0.10449657437143095,0.21995624781439266,0.023068702089525994,0.22116264596147744,182.2481139499946,-531.0,0.3378063909474349,183.0,-531.0,-0.42225393483484686,-0.1315381016298749,0.7788373540385225,-30.797631327458028,58.15058737263724,RECOVER
36.2,182.2589234291849,-530.6611320638854,-0.2917093809223752,0.10215017670206666,0.2217906801752894,0.02273508986905267,0.2229528876780281,182.2589234291849,-531.0,0.3388679361146387,183.0,-531.0,-0.4288785591582235,-0.1371691782358483,0.7770471123219719,-35.07499807696364,60.077947467439685,RECOVER
36.252,182.2706807909021,-530.6599681308865,-0.29628998878622737,0.10091873268830416,0.22330003059510145,0.022611972830601814,0.2244419857759798,182.2706807909021,-531.0,0.3400318691135453,183.0,-531.0,-0.4362700710167481,-0.13998008223052072,0.7755580142240202,-35.07499807696364,60.077947467439685,RECOVER
36.296,182.2815483124495,-530.6588668058007,-0.3052613239384039,0.10094607640108104,0.22438736450325794,0.022728277756862085,0.22553550487342566,182.2815483124495,-531.0,0.3411331941993012,183.0,-531.0,-0.4432991497248809,-0.138037825786477,0.7744644951265743,-40.2439353062576,63.98816856079405,RECOVER
36.352,182.29331728247996,-530.657606745235,-0.3071744815137305,0.1029579311981617,0.2250660082859804,0.023254557426852125,0.22626418745993312,182.29331728247996,-531.0,0.34239325476505655,183.0,-531.0,-0.4511771749563868,-0.14400269344265632,0.7737358125400668,-40.2439353062576,63.98816856079405,RECOVER
36.4,182.3041636953427,-530.656354060677,-0.31194817944443676,0.10718141729313838,0.22538133251008446,0.02424962056233012,0.22668213238241394,182.3041636953427,-531.0,0.3436459393229825,183.0,-531.0,-0.4587238115987715,-0.14677563215433476,0.773317867617586,-39.035117805412085,63.685624277151604,RECOVER
36.452,182.31588489537668,-530.6549069000257,-0.32117377847401585,0.11266998636111576,0.2253905586679244,0.025502757749330522,0.22682877813333147,182.31588489537668,-531.0,0.34509309997429227,183.0,-531.0,-0.4671910557530829,-0.14601727727906705,0.7731712218666685,-39.035117805412085,63.685624277151604,RECOVER
36.5,182.32667982067196,-530.6534836410083,-0.3260780957601155,0.11911682319782002,0.22521686007884065,0.02695472287248271,0.22682414145964364,182.32667982067196,-531.0,0.34651635899172106,183.0,-531.0,-0.47528956031107433,-0.14921146455095885,0.7731758585403563,-37.72787405520094,64.4523559883444,RECOVER
36.552,182.3383575504362,-530.6518654217072,-0.335448539692738,0.12561754896193614,0.22499106323366064,0.02841243054774152,0.22677796353403326,182.3383575504362,-531.0,0.3481345782928429,183.0,-531.0,-0.48436159189463035,-0.14891305220189233,0.7732220364659668,-37.72787405520094,64.4523559883444,RECOVER
36.6,182.34913404053412,-530.6503235386934,-0.3316080099756129,0.13139152365930082,0.22482276473257817,0.029710976831037142,0.22677746291519937,182.34913404053412,-531.0,0.34967646130655794,183.0,-531.0,-0.4930001531241222,-0.1613921431485093,0.7732225370848006,-37.72787405520094,64.4523559883444,BRAKE
36.652,182.36071148130614,-530.6486500190689,-0.3365361889810077,0.135626690933787,0.22405987919551001,0.030576209336159045,0.22613653849494372,182.36071148130614,-531.0,0.35134998093110426,183.0,-531.0,-0.5025324665355898,-0.16599627755458213,0.7738634615050562,0.0,0.0,BRAKE
36.696,182.3711883343897,-530.6472164104835,-0.3455748485030918,0.1357521202008207,0.22203264187803656,0.030327932004030944,0.22409434959182162,182.3711883343897,-531.0,0.3527835895165481,183.0,-531.0,-0.5112737524958768,-0.16569890399278503,0.7759056504081784,-108.4242737856204,-108.4242737856204,BRAKE
36.752,182.38160489321726,-530.6452078811571,-0.3469383831399017,0.15375370830373214,0.21443267086774773,0.03323210319120273,0.2169924953033781,182.38160489321726,-531.0,0.3547921188428518,183.0,-531.0,-0.5208796752792135,-0.1739412921393118,0.7830075046966218,-108.4242737856204,-108.4242737856204,BRAKE
36.8,182.38962875531922,-530.6430463055871,-0.3583911382107638,0.1866083565124542,0.19788856389086765,0.03736235560615335,0.20138477930377624,182.38962875531922,-531.0,0.3569536944129368,183.0,-531.0,-0.5291785379480076,-0.17078739973724383,0.7986152206962238,-103.26704602246917,-103.26704602246917,BRAKE
36.852,182.39654894573064,-530.640413718097,-0.36223300384601664,0.2353047313401078,0.17520577122132033,0.04200487001965707,0.1801706729038495,182.39654894573064,-531.0,0.35958628190303443,183.0,-531.0,-0.5373868654071651,-0.17515386156114843,0.8198293270961505,-103.26704602246917,-103.26704602246917,BRAKE
36.9,182.401253584048,-530.6376508728857,-0.3626617867516244,0.309878139882933,0.14818840569119676,0.047448911844710666,0.15559949491095992,182.401253584048,-531.0,0.36234912711427114,183.0,-531.0,-0.5442193412646634,-0.181557554513039,0.8444005050890401,-81.52728377335218,-81.52728377335218,BRAKE
36.952,182.40461579956389,-530.6342274526138,-0.3654655228970096,0.425335072512978,0.11895276044086106,0.053884044529353387,0.130588090848064,182.40461579956389,-531.0,0.36577254738620013,183.0,-531.0,-0.5509020897659175,-0.18543656686890786,0.869411909151936,-81.52728377335218,-81.52728377335218,BRAKE
37.0,182.40619290234054,-530.630588407131,-0.36483573652717566,0.606071587156769,0.08881900203296889,0.061559335589698776,0.10806649305116589,182.40619290234054,-531.0,0.369411592869028,183.0,-531.0,-0.5565162998447587,-0.19168056331758304,0.8919335069488341,-51.288648832768274,-51.288648832768274,BRAKE
37.052,182.40645278902915,-530.6261272117524,-0.37262184986558133,0.8667428037945916,0.05948158864861466,0.07004084471972144,0.0918900392709413,182.40645278902915,-531.0,0.3738727882475814,183.0,-531.0,-0.562112017533686,-0.18949016766810467,0.9081099607290587,-51.288648832768274,-51.288648832768274,BRAKE
37.1,182.40556853787135,-530.6214910763072,-0.3749507646121326,1.1850557984184975,0.03221536792931136,0.07933170335611987,0.08562329757842957,182.40556853787135,-531.0,0.3785089236928343,183.0,-531.0,-0.5670097833794674,-0.19205901876733478,0.9143767024215704,0.0,0.0,BRAKE
37.152,182.40375390682732,-530.6163137266088,-0.37760020325825505,1.4701560266657292,0.008726126357715119,0.08641315322792154,0.08685262420907647,182.40375390682732,-531.0,0.383686273391163,183.0,-531.0,-0.5717944886806287,-0.1941942854223736,0.9131473757909235,0.0,0.0,BRAKE
37.2,182.40179035384347,-530.6112732211989,-0.37659245994911217,1.6635703888440325,-0.008645591708075218,0.09292223487914669,0.09332356610694881,182.40179035384347,-531.0,0.3887267788011286,183.0,-531.0,-0.5762465409466808,-0.19965408099756865,0.9066764338930512,0.0,0.0,BRAKE
37.252,182.39951411596198,-530.605638285336,-0.3832206885734626,1.7806292826538275,-0.020940466504885808,0.09832690559462408,0.10053200237365394,182.39951411596198,-531.0,0.39436171466400083,183.0,-531.0,-0.581097163652727,-0.19787647507926442,0.8994679976263461,0.0,0.0,BRAKE
37.3,182.39742224587343,-530.600426400237,-0.3854081128156111,1.8467877486767639,-0.02886452262384601,0.10191581748349779,0.10592447554570261,182.39742224587343,-531.0,0.3995735997630163,183.0,-531.0,-0.5855342525856626,-0.2001261397700515,0.8940755244542974,0.0,0.0,BRAKE
37.352,182.39530683802354,-530.5949617335832,-0.39177873522430073,1.8807785334280815,-0.0330002617720356,0.10302669153394156,0.1081827918176122,182.39530683802354,-531.0,0.4050382664167955,183.0,-531.0,-0.5901855782476466,-0.19840684302334588,0.8918172081823879,0.0,0.0,BRAKE
37.4,182.39359178409646,-530.5902339782776,-0.3851212419205681,1.8938084184154502,-0.033955771703490095,0.10144056526681615,0.10697281296493388,182.39359178409646,-531.0,0.409766021722362,183.0,-531.0,-0.594248506813803,-0.2091272648932349,0.8930271870350661,0.0,0.0,BRAKE
37.452,182.39207562417326,-530.5855289193933,-0.391565146642644,1.8901582935024448,-0.032276174167260266,0.09760503299139395,0.10280318032106993,182.39207562417326,-531.0,0.4144710806067451,183.0,-531.0,-0.5983932769330553,-0.2068281302904113,0.8971968196789301,0.0,0.0,BRAKE
37.5,182.39102910183183,-530.5815716503504,-0.3932919066563656,1.8713813799058499,-0.028610405281615126,0.09229835821534155,0.09663095890875645,182.39102910183183,-531.0,0.4184283496496164,183.0,-531.0,-0.6020206362718116,-0.20872872961544597,0.9033690410912436,0.0,0.0,BRAKE
37.552,182.39028373359017,-530.5776171259297,-0.39466007735537034,1.836967817259066,-0.02361366505965273,0.08661092413309142,0.08977225271060976,182.39028373359017,-531.0,0.4223828740703084,183.0,-531.0,-0.6058457412125188,-0.21118566385714843,0.9102277472893903,0.0,0.0,BRAKE
37.6,182.38992454583405,-530.5741476128449,-0.39241286650618723,1.7875444174581971,-0.017967959677132862,0.08159563359678315,0.08355055354107213,182.38992454583405,-531.0,0.42585238715514606,183.0,-531.0,-0.6094041554186167,-0.21699128891242947,0.9164494464589279,0.0,0.0,BRAKE
37.652,182.3898098904073,-530.5704570037248,-0.39816513389481245,1.7293319568104688,-0.012450893008688867,0.07787780014626787,0.07886682757874731,182.3898098904073,-531.0,0.42954299627524506,183.0,-531.0,-0.6133716914300353,-0.2152065575352229,0.9211331724212527,0.0,0.0,BRAKE
37.696,182.38985863567294,-530.5670117422592,-0.3993093133969772,1.6726007297184748,-0.00773764622699101,0.07574226828153569,0.07613647203256922,182.38985863567294,-531.0,0.43298825774081706,183.0,-531.0,-0.6171747240592144,-0.2178654106622372,0.9238635279674308,0.0,0.0,BRAKE
37.748,182.3899431851023,-530.5631879676446,-0.40061613214029457,1.6302223651372372,-0.004460387349833243,0.0749694189043605,0.07510198949540577,182.3899431851023,-531.0,0.43681203235541943,183.0,-531.0,-0.6213960034612137,-0.22077987132091914,0.9248980105045942,0.0,0.0,BRAKE
37.796,182.38992263247144,-530.5595875231822,-0.39773959028481976,1.6114378187906793,-0.003049114710832283,0.07498336315903628,0.07504533197447882,182.38992263247144,-531.0,0.4404124768177553,183.0,-531.0,-0.6252706841217972,-0.22753109383697745,0.9249546680255212,0.0,0.0,BRAKE
37.852,182.38967829393036,-530.5556486217938,-0.3988968621270759,1.6189512512447788,-0.0036265108962330967,0.07525102232170273,0.07533835637802234,182.38967829393036,-531.0,0.44435137820619275,183.0,-531.0,-0.6293116088722607,-0.23041474674518475,0.9246616436219777,0.0,0.0,BRAKE
37.9,182.38917389310475,-530.5520397461045,-0.4044887530723005,1.650849849257054,-0.00603515476925442,0.07522788307719365,0.07546957986741926,182.38917389310475,-531.0,0.4479602538955305,183.0,-531.0,-0.6327713072243277,-0.22828255415202725,0.9245304201325808,0.0,0.0,BRAKE
37.952,182.38830113240525,-530.548208253391,-0.40136184452731727,1.7012283664203085,-0.00979720146208873,0.07468701726422693,0.0753268591162255,182.38830113240525,-531.0,0.45179174660904664,183.0,-531.0,-0.6361555380290068,-0.23479369350168955,0.9246731408837745,0.0,0.0,BRAKE
38.0,182.3872277359803,-530.544754502806,-0.4106659041340339,1.7609958769601586,-0.014195029882229992,0.07373015923723453,0.07508418777948765,182.3872277359803,-531.0,0.45524549719402785,183.0,-531.0,-0.638959459226007,-0.22829355509197313,0.9249158122205123,0.0,0.0,BRAKE
38.052,182.38585469225833,-530.5411014736964,-0.4075707624269842,1.8201874809308989,-0.018468409859780884,0.07251229943429809,0.0748272392381154,182.38585469225833,-531.0,0.45889852630364203,183.0,-531.0,-0.6417162622808898,-0.23414549985390565,0.9251727607618846,0.0,0.0,BRAKE
38.1,182.38450036927483,-530.5377771124479,-0.40829591239748697,1.868255323357625,-0.021879738163561056,0.0713731287357484,0.07465149996909443,182.38450036927483,-531.0,0.46222288755211594,183.0,-531.0,-0.6441227935504625,-0.23582688115297556,0.9253485000309056,0.0,0.0,BRAKE
38.152,182.3830623661408,-530.534197548693,-0.413603167256958,1.8977148777332227,-0.02390069705466667,0.07048575125927554,0.07442771291853201,182.3830623661408,-531.0,0.46580245130701314,183.0,-531.0,-0.6467084450771455,-0.23310527782018753,0.925572287081468,0.0,0.0,BRAKE
38.2,182.38185554846518,-530.5309104279954,-0.4056934700647754,1.906330058686294,-0.024335165303513963,0.0697843267382672,0.0739057002447212,182.38185554846518,-531.0,0.46908957200457735,183.0,-531.0,-0.6491520282079256,-0.2434585581431502,0.9260942997552788,0.0,0.0,BRAKE
38.252,182.38075675628443,-530.5273768254801,-0.41089672274491784,1.8947019106681073,-0.023213574048522947,0.06914367546355732,0.0729363961045238,182.38075675628443,-531.0,0.47262317451986746,183.0,-531.0,-0.6519127953279125,-0.24101607258299462,0.9270636038954762,0.0,0.0,BRAKE
38.3,182.3799600626246,-530.5241889453773,-0.4114788908600882,1.8681831694483952,-0.020898047734411253,0.06818834813433527,0.07131885599474402,182.3799600626246,-531.0,0.4758110546226817,183.0,-531.0,-0.654536714772932,-0.24305782391284375,0.928681144005256,0.0,0.0,BRAKE
38.352,182.3793219107128,-530.5208759994418,-0.41214279355765737,1.8329866040765561,-0.017878984279872952,0.06662110085302746,0.06897846879823587,182.3793219107128,-531.0,0.4791240005581585,183.0,-531.0,-0.6573932156477029,-0.24525042209004555,0.9310215312017641,0.0,0.0,BRAKE
38.4,182.3789036816013,-530.5179903277781,-0.41714018689566745,1.7949680758346986,-0.014670927053396312,0.06434507143606473,0.06599639625554071,182.3789036816013,-531.0,0.4820096722219205,183.0,-531.0,-0.6599736412830699,-0.24283345438740245,0.9340036037444592,0.0,0.0,BRAKE
38.448,182.37856721927764,-530.5150906882762,-0.4177435965902323,1.7608535861636694,-0.011800752840010753,0.061341100772708976,0.062465897989212156,182.37856721927764,-531.0,0.4849093117237544,183.0,-531.0,-0.6626181014136628,-0.24487450482343054,0.9375341020107878,0.0,0.0,BRAKE
38.5,182.37830425016898,-530.5126104023243,-0.4140283863462258,1.7347435988328068,-0.009587972429993973,0.05795713390187242,0.05874486007675815,182.37830425016898,-531.0,0.4873895976757012,183.0,-531.0,-0.6648886226196729,-0.25086023627344706,0.9412551399232418,0.0,0.0,BRAKE
38.552,182.37800642527273,-530.5100926337261,-0.4190372027170828,1.7204735790825907,-0.008236772727336885,0.05461865644705521,0.0552362386214272,182.37800642527273,-531.0,0.48990736627388287,183.0,-531.0,-0.6671591307980587,-0.24812192808097588,0.9447637613785728,0.0,0.0,BRAKE
38.596,182.37767031888674,-530.5078691738969,-0.410760625549615,1.7205834910113167,-0.007804678003924257,0.05171485461201275,0.052300470230071124,182.37767031888674,-531.0,0.4921308261031072,183.0,-531.0,-0.669098556221736,-0.25833793067212096,0.9476995297699289,0.0,0.0,BRAKE
38.652,182.37720880538404,-530.5054840944974,-0.4112322113305682,1.7340122550160577,-0.008179381586105237,0.04966807453263369,0.050337062994481235,182.37720880538404,-531.0,0.49451590550256697,183.0,-531.0,-0.671091080302149,-0.25985886897158084,0.9496629370055187,0.0,0.0,BRAKE
38.696,182.3766719881302,-530.5032559927566,-0.41608494971616783,1.7340122550160577,-0.009230890506923979,0.04853082363952772,0.04940091277174706,182.3766719881302,-531.0,0.49674400724336465,183.0,-531.0,-0.6728614905167027,-0.2567765408005349,0.9505990872282529,0.0,0.0,BRAKE
38.748,182.37596349265615,-530.5007828380858,-0.4165160137608208,1.7340122550160577,-0.010768798366331888,0.04819126872710333,0.04937980761184271,182.37596349265615,-531.0,0.49921716191420273,183.0,-531.0,-0.6747291737650801,-0.2582131600042593,0.9506201923881573,0.0,0.0,BRAKE
38.8,182.375198597675,-530.4984447751451,-0.4213435496936875,1.7340122550160577,-0.012577078175738526,0.04837270028174531,0.04998100667239708,182.375198597675,-531.0,0.5015552248548829,183.0,-531.0,-0.6764115321368928,-0.2550679824432053,0.9500189933276029,0.0,0.0,HOLD
38.852,182.37425866363125,-530.4959025523045,-0.4174402805097394,1.8610352296258403,-0.014501579954805256,0.04855337045632771,0.05067273037694936,182.37425866363125,-531.0,0.5040974476954716,183.0,-531.0,-0.6781464809452634,-0.260706200435524,0.9493272696230506,0.0,0.0,HOLD
38.896,182.3733112019017,-530.4935955143847,-0.41774344790087214,1.8963985060208894,-0.016334602081839126,0.04838184229571604,0.051064879213600034,182.3733112019017,-531.0,0.5064044856153487,183.0,-531.0,-0.6796385445371891,-0.26189509663631694,0.9489351207864,0.0,0.0,HOLD
38.952,182.37222876624242,-530.491202316903,-0.42259038086309664,1.9308479900749145,-0.01790311598309333,0.047556257464777665,0.05081455683128913,182.37222876624242,-531.0,0.5087976830969865,183.0,-531.0,-0.6811001881953858,-0.2585098073322891,0.9491854431687109,0.0,0.0,HOLD
39.0,182.3712085690496,-530.4891406976873,-0.42292670903815277,1.9308479900749145,-0.019075963253289564,0.04594420746685872,0.04974698557499349,182.3712085690496,-531.0,0.5108593023127241,183.0,-531.0,-0.6822842371450258,-0.25935752810687307,0.9502530144250065,0.0,0.0,HOLD
39.052,182.37012613813613,-530.4870784206042,-0.418843274939589,1.9308479900749145,-0.019684968801458872,0.0437444459893139,0.04796951690007322,182.37012613813613,-531.0,0.5129215793957655,183.0,-531.0,-0.683414434970361,-0.264571160030772,0.9520304830999268,0.0,0.0,HOLD
39.096,182.36918066807547,-530.4853323434817,-0.4191399276020009,1.9308479900749145,-0.019689282246570627,0.0411657022450643,0.0456320378321461,182.36918066807547,-531.0,0.514667656518327,183.0,-531.0,-0.6843441746780443,-0.2652042470760434,0.9543679621678539,0.0,0.0,HOLD
39.152,182.3682457669901,-530.4835811007852,-0.4193778474569516,1.9308479900749145,-0.01909063691950914,0.03854491691659802,0.04301352157287252,182.3682457669901,-531.0,0.5164188992148411,183.0,-531.0,-0.6852828285222867,-0.2659049810653351,0.9569864784271275,0.0,0.0,HOLD
39.2,182.36748271972084,-530.482051661989,-0.4241242095537874,1.9308479900749145,-0.017972800336032616,0.03620635388462309,0.04042179626807121,182.36748271972084,-531.0,0.5179483380110241,183.0,-531.0,-0.6861405706188198,-0.26201636106503245,0.9595782037319288,0.0,0.0,HOLD
39.252,182.36675688296447,-530.4804635887979,-0.4199921921482597,1.9308479900749145,-0.016567759924782075,0.0342230841958779,0.03802249545733897,182.36675688296447,-531.0,0.5195364112021252,183.0,-531.0,-0.6870792044749079,-0.26708701232664817,0.9619775045426611,0.0,0.0,HOLD
39.3,182.36616228358352,-530.4790363246846,-0.42019418709606216,1.9308479900749145,-0.015104664437174814,0.03265213888692859,0.035976562671424406,182.36616228358352,-531.0,0.5209636753154427,183.0,-531.0,-0.6879644125213946,-0.26777022542533246,0.9640234373285756,0.0,0.0,HOLD
39.352,182.3655607378816,-530.4775303533299,-0.4249656091981553,1.9308479900749145,-0.013866897185588277,0.03136023593258596,0.03428928747149949,182.3655607378816,-531.0,0.5224696466700607,183.0,-531.0,-0.6889152348514614,-0.26394962565330615,0.9657107125285005,0.0,0.0,HOLD
39.4,182.36499922013678,-530.476195540621,-0.42519394676246725,1.9308479900749145,-0.013107883393230664,0.0301171626921502,0.03284600577963744,182.36499922013678,-531.0,0.5238044593789937,183.0,-531.0,-0.6897333392927528,-0.2645393925302856,0.9671539942203625,0.0,0.0,HOLD
39.452,182.36434275088257,-530.4748181270586,-0.4163858390520714,1.9308479900749145,-0.012938667262782144,0.028847208573804073,0.031615985719846626,182.36434275088257,-531.0,0.5251818729414026,183.0,-531.0,-0.6905153774943287,-0.2741295384422573,0.9683840142801534,0.0,0.0,HOLD
39.5,182.36365802571572,-530.4736287451218,-0.42110026716168614,1.9308479900749145,-0.013402921395748252,0.027423262195450174,0.030523328969511387,182.36365802571572,-531.0,0.5263712548781996,183.0,-531.0,-0.6910975672185422,-0.26999730005685607,0.9694766710304886,0.0,0.0,HOLD
39.552,182.36281333900516,-530.4724298109521,-0.41682413258883194,1.9308479900749145,-0.014397290228344975,0.025894869646035795,0.02962813257538152,182.36281333900516,-531.0,0.5275701890478786,183.0,-531.0,-0.6915635053993149,-0.27473937281048294,0.9703718674246185,0.0,0.0,HOLD
39.596,182.36194306354145,-530.4713868676401,-0.42601120989020647,1.9308479900749145,-0.015703997237985726,0.02443646025305595,0.02904748042343512,182.36194306354145,-531.0,0.5286131323598511,183.0,-531.0,-0.6918631926080879,-0.26585198271788146,0.9709525195765649,0.0,0.0,HOLD
39.652,182.36091638037368,-530.4703120625002,-0.4261939715587981,1.9308479900749145,-0.01711796568003509,0.023117964529727725,0.02876569194406087,182.36091638037368,-531.0,0.5296879374998298,183.0,-531.0,-0.692071210268654,-0.2658772387098559,0.9712343080559391,0.0,0.0,HOLD
39.7,182.35992084254124,-530.4693416503713,-0.42187297395894774,1.9308479900749145,-0.01838580772021465,0.022102598716985486,0.028750005140326374,182.35992084254124,-531.0,0.5306583496286521,183.0,-531.0,-0.6922057469051004,-0.27033277294615266,0.9712499948596737,0.0,0.0,HOLD
39.752,182.35882344168118,-530.4682969466066,-0.4220036580254174,1.9308479900749145,-0.019337126960859666,0.021398349120788814,0.028841182780800948,182.35882344168118,-531.0,0.5317030533933575,183.0,-531.0,-0.6923304272542798,-0.27032676922886245,0.971158817219199,0.0,0.0,HOLD
39.8,182.35781665542805,-530.4673427153815,-0.4176140425695118,1.9308479900749145,-0.01991028228695612,0.020866862945136993,0.028841728622213507,182.35781665542805,-531.0,0.5326572846184945,183.0,-531.0,-0.6924405320681309,-0.27482648949861915,0.9711582713777865,0.0,0.0,HOLD
39.852,182.3567589060222,-530.4663229342607,-0.41775097401781397,1.9308479900749145,-0.02006115064124913,0.020427372304455155,0.02863088025743728,182.3567589060222,-531.0,0.5336770657393117,183.0,-531.0,-0.6925716987547005,-0.2748207247368865,0.9713691197425627,0.0,0.0,HOLD
39.9,182.35582122862314,-530.465422421846,-0.42248574729841515,1.9308479900749145,-0.019876978951662464,0.01984402835478936,0.028087003286048812,182.35582122862314,-531.0,0.5345775781539714,183.0,-531.0,-0.6926843682480937,-0.2701986209496785,0.9719129967139511,0.0,0.0,HOLD
39.952,182.35485135231332,-530.464517391199,-0.418046871518266,1.9308479900749145,-0.019448049942397773,0.018990170862373673,0.027181854902565868,182.35485135231332,-531.0,0.5354826088009759,183.0,-531.0,-0.692776307522395,-0.2747294360041291,0.9728181450974341,0.0,0.0,HOLD
40.0,182.35399944560527,-530.4637586649718,-0.42732206537796746,1.9308479900749145,-0.018853052208755577,0.017875989800675212,0.02598054250665116,182.35399944560527,-531.0,0.536241335028194,183.0,-531.0,-0.6928236285858743,-0.26550156320790685,0.9740194574933488,0.0,0.0,HOLD
40.048,182.35311369080864,-530.4630365845835,-0.42745127234834857,1.9308479900749145,-0.018216295066835954,0.016479549830151326,0.024564384147917742,182.35311369080864,-531.0,0.5369634154164942,183.0,-531.0,-0.6928115662015635,-0.2653602938532149,0.9754356158520823,0.0,0.0,HOLD
40.1,182.3523272900747,-530.4624481144082,-0.42297959286798315,1.9308479900749145,-0.017574763811781448,0.015002635751381329,0.023107388483524657,182.3523272900747,-531.0,0.5375518855918244,183.0,-531.0,-0.6927527841697844,-0.2697731913018012,0.9768926115164753,0.0,0.0,HOLD
40.148,182.35150194897088,-530.461873506812,-0.4230905234434723,1.9308479900749145,-0.0169787769841368,0.0136192643663285,0.021766102769145392,182.35150194897088,-531.0,0.5381264931879741,183.0,-531.0,-0.6926519700161158,-0.26956144657264347,0.9782338972308546,0.0,0.0,HOLD
40.2,182.3507549038674,-530.4613813089342,-0.4185841371602232,1.9308479900749145,-0.016483408919234457,0.012441464697517569,0.02065170243389813,182.3507549038674,-531.0,0.5386186910658353,183.0,-531.0,-0.6925354728661635,-0.27395133570594027,0.9793482975661019,0.0,0.0,HOLD
40.248,182.34995792545746,-530.4608506916073,-0.4186777355284659,1.9308479900749145,-0.016078493556695873,0.011658414830132934,0.01986042777495425,182.34995792545746,-531.0,0.5391493083926662,183.0,-531.0,-0.6924164906926238,-0.2737387551641579,0.9801395722250458,0.0,0.0,HOLD
40.3,182.3492228137569,-530.4603498782997,-0.42342848059882066,1.9308479900749145,-0.015811210295028903,0.011229733341326504,0.019393330861688717,182.3492228137569,-531.0,0.5396501217003333,183.0,-531.0,-0.6923173495501163,-0.2688888689512956,0.9806066691383113,0.0,0.0,HOLD
40.352,182.34841804268538,-530.4597842729594,-0.42350726724890375,1.9308479900749145,-0.01569401505782857,0.011106285693007874,0.019226328056341422,182.34841804268538,-531.0,0.5402157270406178,183.0,-531.0,-0.6922248184483704,-0.2687175511994666,0.9807736719436586,0.0,0.0,HOLD
40.4,182.34766300638617,-530.4592353169243,-0.4189610052372581,1.9308479900749145,-0.015706582802665563,0.011221890123190043,0.019303563434608127,182.34766300638617,-531.0,0.5407646830757358,183.0,-531.0,-0.692154832401219,-0.2731938271639609,0.9806964365653918,0.0,0.0,HOLD
40.448,182.34682215351958,-530.4586316842237,-0.42835282091333826,1.9308479900749145,-0.015868865423768575,0.011357140987403994,0.019514239448296455,182.34682215351958,-531.0,0.5413683157762534,183.0,-531.0,-0.6920700692076395,-0.2637172482943012,0.9804857605517036,0.0,0.0,HOLD
40.5,182.34602709638196,-530.4580733891047,-0.4237776183189226,1.9308479900749145,-0.01611205415394846,0.011453043551544986,0.019767915814606102,182.34602709638196,-531.0,0.5419266108953025,183.0,-531.0,-0.6919788147168436,-0.26820119639792106,0.9802320841853939,0.0,0.0,HOLD
40.552,182.34515011584392,-530.4574815138083,-0.42385663609349233,1.9308479900749145,-0.016375588821477483,0.011428254342209655,0.01996909879189174,182.34515011584392,-531.0,0.5425184861917387,183.0,-531.0,-0.6918567135738963,-0.268000077480404,0.9800309012081082,0.0,0.0,HOLD
40.596,182.34433275881707,-530.4569607934367,-0.41925055737335243,1.9308479900749145,-0.016604027721384876,0.011225284698559867,0.020042473727966807,182.34433275881707,-531.0,0.5430392065633214,183.0,-531.0,-0.6917152197578029,-0.2724646623844505,0.9799575262720331,0.0,0.0,HOLD
40.652,182.3434585886045,-530.456414442556,-0.41931557109636763,1.9308479900749145,-0.016676455988114437,0.010973796750775207,0.01996317608625547,182.3434585886045,-531.0,0.5435855574439756,183.0,-531.0,-0.691554698069995,-0.2722391269736274,0.9800368239137446,0.0,0.0,HOLD
40.7,182.34267513345233,-530.4559255629608,-0.42408933262194504,1.9308479900749145,-0.016552390210209062,0.010697714936305091,0.019708443026517083,182.34267513345233,-531.0,0.5440744370391712,183.0,-531.0,-0.6914104612016212,-0.26732112857967616,0.9802915569734829,0.0,0.0,HOLD
40.748,182.34186853918905,-530.4553993586076,-0.4241568846795165,1.9308479900749145,-0.016188053485643422,0.010495274778643768,0.01929258583843255,182.34186853918905,-531.0,0.5446006413924351,183.0,-531.0,-0.6912829280609957,-0.26712604338147916,0.9807074141615675,0.0,0.0,HOLD
40.8,182.34117680442344,-530.4548982716271,-0.42894896272092686,1.9308479900749145,-0.015566134098241029,0.010475687838354949,0.018762850701614608,182.34117680442344,-531.0,0.5451017283728561,183.0,-531.0,-0.6912186693605101,-0.26226970663958327,0.9812371492983853,0.0,0.0,HOLD
40.852,182.34048571430046,-530.4543392554855,-0.42430508303273706,1.9308479900749145,-0.014769555299328666,0.010571805740751984,0.01816322769664368,182.34048571430046,-531.0,0.545660744514521,183.0,-531.0,-0.6912071635341877,-0.2669020805014506,0.9818367723033563,0.0,0.0,HOLD
40.9,182.33990249147777,-530.4537997753706,-0.4243536630525111,1.9308479900749145,-0.013852877359964998,0.010805382902392531,0.017568679825688317,182.33990249147777,-531.0,0.5462002246293878,183.0,-531.0,-0.6912583687081734,-0.26690470565566227,0.9824313201743117,0.0,0.0,HOLD
40.948,182.33932068054108,-530.4531943059048,-0.424411598604606,1.9308479900749145,-0.012920405434803509,0.011098774136915254,0.01703289945787149,182.33932068054108,-531.0,0.5468056940951556,183.0,-531.0,-0.691369808629791,-0.26695821002518505,0.9829671005421285,0.0,0.0,HOLD
41.0,182.33881473810996,-530.4526295057941,-0.419717145021316,1.9308479900749145,-0.01208742709286088,0.011332537329788674,0.016569016146297917,182.33881473810996,-531.0,0.547370494205893,183.0,-531.0,-0.6915008977954873,-0.27178375277417127,0.9834309838537021,0.0,0.0,HOLD
41.052,182.3382906317851,-530.4520088106478,-0.4197629880559053,1.9308479900749145,-0.011384466335381795,0.011543905056546289,0.016213198873016896,182.3382906317851,-531.0,0.5479911893521603,183.0,-531.0,-0.6916683821650109,-0.27190539410910564,0.9837868011269831,0.0,0.0,HOLD
41.1,182.33781591536854,-530.451436308227,-0.4245834768245147,1.9308479900749145,-0.010861376988763783,0.011678035105257317,0.015948229181061754,182.33781591536854,-531.0,0.5485636917729835,183.0,-531.0,-0.6918290383310225,-0.2672455615065078,0.9840517708189382,0.0,0.0,HOLD
41.152,182.33730513772215,-530.4508117869248,-0.42463360929950245,1.9308479900749145,-0.01049782150873642,0.0117942315836063,0.01578949508619656,182.33730513772215,-531.0,0.5491882130752401,183.0,-531.0,-0.692009224345054,-0.2673756150455515,0.9842105049138035,0.0,0.0,HOLD
41.196,182.3368389464078,-530.4502151118287,-0.42947421193568314,1.9308479900749145,-0.010222895647881926,0.012017006438132458,0.0157770732127857,182.3368389464078,-531.0,0.5497848881713026,183.0,-531.0,-0.6921972268929685,-0.26272301495728534,0.9842229267872143,0.0,0.0,HOLD
41.252,182.33633896632782,-530.4495427267346,-0.4295289355482028,1.9308479900749145,-0.010010132709446316,0.01233672308703819,0.015887022798088637,182.33633896632782,-531.0,0.5504572732653514,183.0,-531.0,-0.6924274776466924,-0.2628985420984896,0.9841129772019114,0.0,0.0,HOLD
41.3,182.33589064703833,-530.4488809201465,-0.424780424877502,1.9308479900749145,-0.00977558108033487,0.01284454304510486,0.0161413838160101,182.33589064703833,-531.0,0.5511190798534926,183.0,-531.0,-0.6926860877532416,-0.2679056628757396,0.98385861618399,0.0,0.0,HOLD
41.352,182.33542558760564,-530.448113352183,-0.42482403411388203,1.9308479900749145,-0.009484335422210938,0.013515275810711477,0.016511065945014208,182.33542558760564,-531.0,0.5518866478170139,183.0,-531.0,-0.6930260530252312,-0.2682020189113492,0.9834889340549858,0.0,0.0,HOLD
41.4,182.33501687863978,-530.4473657570702,-0.4297004558467603,1.9308479900749145,-0.009144987567195183,0.014236143641015449,0.01692036002488656,182.33501687863978,-531.0,0.5526342429297983,183.0,-531.0,-0.6933892388295579,-0.26368878298279763,0.9830796399751134,0.0,0.0,HOLD
41.452,182.33460386836518,-530.4465122321681,-0.42492020859315005,1.9308479900749145,-0.008724118766939027,0.014998372515683586,0.017351121761398323,182.33460386836518,-531.0,0.553487767831939,183.0,-531.0,-0.6938426823083282,-0.2689224737151782,0.9826488782386017,0.0,0.0,HOLD
41.5,182.33424867027463,-530.4457013633804,-0.4249591374895283,1.9308479900749145,-0.00826066327540547,0.015661527045163222,0.01770655209621601,182.33424867027463,-531.0,0.5542986366195919,183.0,-531.0,-0.6943000810724674,-0.26934094358293914,0.982293447903784,0.0,0.0,HOLD
41.548,182.33389306957903,-530.4448095321825,-0.42015206384777715,1.9308479900749145,-0.007762897349390943,0.01618270256534733,0.017948326873992462,182.33389306957903,-531.0,0.5551904678175106,183.0,-531.0,-0.694828072632993,-0.2746760087852158,0.9820516731260075,0.0,0.0,HOLD
41.6,182.3335955238961,-530.4439745801894,-0.42018038330593566,1.9308479900749145,-0.007215487215210976,0.016606948283510076,0.018106738719163407,182.3335955238961,-531.0,0.5560254198105667,183.0,-531.0,-0.6953475710197263,-0.2751671877137907,0.9818932612808366,0.0,0.0,HOLD
41.652,182.33330353716826,-530.4430691364016,-0.4299290513081626,1.9308479900749145,-0.0066553619733638065,0.016888849571497097,0.01815288084148504,182.33330353716826,-531.0,0.5569308635983816,183.0,-531.0,-0.6959325374947931,-0.2660034861866305,0.981847119158515,0.0,0.0,HOLD
41.7,182.3330663600927,-530.4422233743335,-0.42510224084960324,1.9308479900749145,-0.0060554014587599556,0.017144767301648392,0.018182709717047787,182.3330663600927,-531.0,0.55777662566652,183.0,-531.0,-0.6965042092713152,-0.27140196842171194,0.9818172902829522,0.0,0.0,HOLD
41.752,182.33284517094538,-530.4412899869752,-0.43002526765163784,1.9308479900749145,-0.00542478405509462,0.01742651365743081,0.018251346807757265,182.33284517094538,-531.0,0.5587100130247791,183.0,-531.0,-0.6971639293101128,-0.267138661658475,0.9817486531922427,0.0,0.0,HOLD
41.8,182.3326703794572,-530.4404123236069,-0.4300646248371405,1.9308479900749145,-0.004800630903773029,0.017726862604724475,0.018365394492932615,182.3326703794572,-531.0,0.5595876763931074,183.0,-531.0,-0.6978076892497048,-0.26774306441256435,0.9816346055070674,0.0,0.0,HOLD
41.852,182.33251452068808,-530.4394288541284,-0.4203045066017015,1.9308479900749145,-0.004169459494986072,0.018141966798062223,0.018614922825043394,182.33251452068808,-531.0,0.5605711458715632,183.0,-531.0,-0.6985573472864942,-0.2782528406847927,0.9813850771749566,0.0,0.0,HOLD
41.9,182.33239467410843,-530.4384949483707,-0.4252330678844818,1.9308479900749145,-0.003584029981693091,0.018602007902214026,0.01894412755720643,182.33239467410843,-531.0,0.5615050516292968,183.0,-531.0,-0.6992888047321779,-0.27405573684769613,0.9810558724427936,0.0,0.0,HOLD
41.952,182.3322851141269,-530.4374557127987,-0.42526140768222365,1.9308479900749145,-0.003067042440668582,0.019086159947748423,0.019331017843970306,182.3322851141269,-531.0,0.5625442872012627,183.0,-531.0,-0.7001189598599815,-0.27485755217775787,0.9806689821560297,0.0,0.0,HOLD
42.004,182.33219993824727,-530.436468214541,-0.43021144532015576,1.9308479900749145,-0.002614651708758298,0.019606512095100753,0.01978008392533876,182.33219993824727,-531.0,0.563531785458963,183.0,-531.0,-0.7009204313910363,-0.27070898607088056,0.9802199160746612,0.0,0.0,HOLD
42.052,182.33211507638376,-530.4353833045597,-0.43024565385798885,1.9308479900749145,-0.0022707092304932626,0.020046511582688054,0.02017470562472458,182.33211507638376,-531.0,0.5646166954403498,183.0,-531.0,-0.7018059150005354,-0.2715602611425465,0.9798252943752754,0.0,0.0,HOLD
42.1,182.33204293968672,-530.434367433802,-0.42534341929007574,1.9308479900749145,-0.002001957749088277,0.020437623470085528,0.02053543980376669,182.33204293968672,-531.0,0.565632566198019,183.0,-531.0,-0.7026390545547632,-0.2772956352646874,0.9794645601962333,0.0,0.0,HOLD
42.148,182.3319695366426,-530.4332571906674,-0.42536783120111665,1.9308479900749145,-0.0017953314877588778,0.02075724558443388,0.020834741644749,182.3319695366426,-531.0,0.5667428093325952,183.0,-531.0,-0.7035520568172711,-0.2781842256161544,0.979165258355251,0.0,0.0,HOLD
42.2,182.331903612244,-530.4322331755128,-0.4303531430070118,1.9308479900749145,-0.0016476642068194017,0.020958986798829873,0.021023651561323943,182.331903612244,-531.0,0.5677668244871938,183.0,-531.0,-0.7043940335772065,-0.27404089057019476,0.9789763484386761,0.0,0.0,HOLD
42.252,182.33184106767112,-530.4311168036866,-0.4254214966495664,1.9308479900749145,-0.0014919548210585427,0.021137382557409188,0.021189970990219548,182.33184106767112,-531.0,0.5688831963134362,183.0,-531.0,-0.7053172783399555,-0.2798957816903891,0.9788100290097804,0.0,0.0,HOLD
42.3,182.33179229709435,-530.4300857888242,-0.42544314453082666,1.9308479900749145,-0.0013253894226230298,0.02125711536735876,0.021298394560689334,182.33179229709435,-531.0,0.569914211175842,183.0,-531.0,-0.7061751360876443,-0.2807319915568176,0.9787016054393106,0.0,0.0,HOLD
42.348,182.33175354813986,-530.4289666592183,-0.4254619025083058,1.9308479900749145,-0.0011223133953433806,0.021349728105109204,0.02137920666253678,182.33175354813986,-531.0,0.5710333407816961,183.0,-531.0,-0.707115236912574,-0.28165333440426826,0.9786207933374632,0.0,0.0,HOLD
42.4,182.33173660471675,-530.4279244921897,-0.42049829506887976,1.9308479900749145,-0.0008530495004502943,0.021476457851660337,0.02149339282906171,182.33173660471675,-531.0,0.5720755078102684,183.0,-531.0,-0.7080033829177921,-0.2875050878489123,0.9785066071709383,0.0,0.0,HOLD
42.448,182.33173566266842,-530.4267963919058,-0.43049732638946203,1.9308479900749145,-0.0005608228852122013,0.02155268028400932,0.021559975643151867,182.33173566266842,-531.0,0.573203608094218,183.0,-531.0,-0.7089760574382853,-0.27847873104882326,0.9784400243568482,0.0,0.0,HOLD
42.5,182.33175267569712,-530.4257535170119,-0.425522301179196,1.9308479900749145,-0.00024048154114586273,0.021613538285736367,0.02161487609496348,182.33175267569712,-531.0,0.5742464829880873,183.0,-531.0,-0.7098870335090858,-0.2843647323298898,0.9783851239050365,0.0,0.0,HOLD
42.552,182.33178666378782,-530.4246291849918,-0.4255404151708943,1.9308479900749145,7.24529933938573e-05,0.021616419252056783,0.021616540674144483,182.33178666378782,-531.0,0.5753708150082275,183.0,-531.0,-0.7108791985204045,-0.2853387833495102,0.9783834593258555,0.0,0.0,HOLD
42.6,182.33182464312603,-530.4236098880613,-0.4205404820181664,1.9308479900749145,0.00032402712009832403,0.021483045965457914,0.02148548946448595,182.33182464312603,-531.0,0.5763901119387356,183.0,-531.0,-0.7117826044842477,-0.2912421224660813,0.9785145105355141,0.0,0.0,HOLD
42.652,182.33187160791246,-530.4225232755193,-0.425580495153385,1.9308479900749145,0.0005267267675299589,0.021277718140603762,0.021284236663752145,182.33187160791246,-531.0,0.5774767244806753,183.0,-531.0,-0.7127490333494687,-0.28716853819608373,0.9787157633362479,0.0,0.0,HOLD
42.7,182.33191332617798,-530.4215464978668,-0.42559545274827126,1.9308479900749145,0.0006465680849868369,0.02095285384136544,0.020962827442550444,182.33191332617798,-531.0,0.5784535021332431,183.0,-531.0,-0.713616145609279,-0.28802069286100773,0.9790371725574496,0.0,0.0,HOLD
42.752,182.33195384295612,-530.4205168592626,-0.4256114219939207,1.9308479900749145,0.0006929783388916688,0.02054961483223727,0.02056129589134593,182.33195384295612,-531.0,0.5794831407373522,183.0,-531.0,-0.7145263304161642,-0.2889149084222435,0.9794387041086541,0.0,0.0,HOLD
42.8,182.3319885840527,-530.4195840139871,-0.4306797698861655,1.9308479900749145,0.0007037564162076163,0.020159246441786464,0.02017152671946359,182.3319885840527,-531.0,0.5804159860128948,183.0,-531.0,-0.7153483497923022,-0.2846685799061367,0.9798284732805365,0.0,0.0,HOLD
42.852,182.3320188917481,-530.4185982235529,-0.4307027126317387,1.9308479900749145,0.0006614357741680266,0.019738638109947425,0.019749717256680364,182.3320188917481,-531.0,0.5814017764471373,183.0,-531.0,-0.7162110940721279,-0.2855083814403892,0.9802502827433196,0.0,0.0,HOLD
42.9,182.3320430725701,-530.4177028661862,-0.42565806410946605,1.9308479900749145,0.000606251746822055,0.019358762236478755,0.019368252799595545,182.3320430725701,-531.0,0.5822971338137677,183.0,-531.0,-0.7169911579428334,-0.29133309383336736,0.9806317472004045,0.0,0.0,HOLD
42.952,182.33206450476246,-530.4167498585942,-0.4256724826872471,1.9308479900749145,0.0005383187763813806,0.01899766963055592,0.019005295012094695,182.33206450476246,-531.0,0.583250141405756,183.0,-531.0,-0.7178171527956229,-0.29214467010837575,0.9809947049879053,0.0,0.0,HOLD
43.004,182.3320756772498,-530.415896175804,-0.4307767374651145,1.9308479900749145,0.00043137325822503004,0.018573255605021967,0.018578264360735952,182.3320756772498,-531.0,0.5841038241959495,183.0,-531.0,-0.71855014045564,-0.2877734029905255,0.981421735639264,0.0,0.0,HOLD
43.052,182.33208080591584,-530.4149972449023,-0.4206097922318619,1.9308479900749145,0.00031491248537140483,0.018123112597098104,0.01812584839615897,182.33208080591584,-531.0,0.585002755097662,183.0,-531.0,-0.7193160666492175,-0.29870627441735564,0.9818741516038411,0.0,0.0,HOLD
43.1,182.3320747431112,-530.414204525357,-0.4257176818530142,1.9308479900749145,0.00016048516506512181,0.017560269872608277,0.017561003202751255,182.3320747431112,-531.0,0.5857954746429641,183.0,-531.0,-0.7199827980384039,-0.29426511618538975,0.9824389967972488,0.0,0.0,HOLD
43.152,182.33205564270594,-530.4133917645431,-0.42062315772867076,1.9308479900749145,-2.4245062781361092e-05,0.016884680895468063,0.01688469830245283,182.33205564270594,-531.0,0.5866082354568789,183.0,-531.0,-0.7206560002334413,-0.3000328425047706,0.9831153016975471,0.0,0.0,HOLD
43.2,182.33202940140046,-530.4126806705384,-0.430861978572985,1.9308479900749145,-0.00020710214324444495,0.016160103033094658,0.016161430052380004,182.33202940140046,-531.0,0.587319329461593,183.0,-531.0,-0.7212372340270502,-0.2903752554540652,0.98383856994762,0.0,0.0,HOLD
43.252,182.33198847252558,-530.411962645244,-0.42576193503114346,1.9308479900749145,-0.0004100992048097752,0.015336929530095012,0.015342411439173635,182.33198847252558,-531.0,0.5880373547560112,183.0,-531.0,-0.7218127699204817,-0.29605083488933825,0.9846575885608264,0.0,0.0,HOLD
43.3,182.33194331669335,-530.4113408633011,-0.42577150864985414,1.9308479900749145,-0.0005958257597700677,0.014502830861311284,0.014515064978421853,182.33194331669335,-531.0,0.5886591366988796,183.0,-531.0,-0.7223034221298941,-0.29653191348003993,0.9854849350215782,0.0,0.0,HOLD
43.352,182.33188721854683,-530.4107103922471,-0.4257844802283486,1.9308479900749145,-0.000764870422416833,0.01367039523116421,0.013691776091483723,182.33188721854683,-531.0,0.5892896077529031,183.0,-531.0,-0.7227927741480108,-0.2970082939196622,0.9863082239085162,0.0,0.0,HOLD
43.4,182.33182580664666,-530.4101738199056,-0.4206496025527078,1.9308479900749145,-0.0009449608799225694,0.012798263557045695,0.012833101773935558,182.33182580664666,-531.0,0.5898261800944056,183.0,-531.0,-0.7231986983281558,-0.302549095775448,0.9871668982260644,0.0,0.0,HOLD
43.452,182.33175196303085,-530.409632871431,-0.4258144938449153,1.9308479900749145,-0.001111248909123988,0.011959870660499613,0.012011385446896153,182.33175196303085,-531.0,0.590367128569028,183.0,-531.0,-0.7235987044477209,-0.2977842106028056,0.9879886145531038,0.0,0.0,HOLD
43.5,182.33167254464044,-530.4091783272447,-0.42582643634644124,1.9308479900749145,-0.001301404221028031,0.011088300620764994,0.011164410580185902,182.33167254464044,-531.0,0.5908216727552826,183.0,-531.0,-0.7239216349842947,-0.2980951986378535,0.9888355894198141,0.0,0.0,HOLD
43.552,182.3315721694322,-530.4087359062368,-0.42066634520227986,1.9308479900749145,-0.0015215151067818687,0.01018522911092403,0.010298247436441782,182.3315721694322,-531.0,0.5912640937632432,183.0,-531.0,-0.7242185700877057,-0.3035522248854259,0.9897017525635582,0.0,0.0,HOLD
43.6,182.33146717257134,-530.4083686426181,-0.43103410922763447,1.9308479900749145,-0.0017545869299166533,0.009298362807826387,0.009462458781976456,182.33146717257134,-531.0,0.591631357381857,183.0,-531.0,-0.7244487869786205,-0.293414677750986,0.9905375412180235,0.0,0.0,HOLD
43.652,182.3313341776549,-530.4080255122028,-0.43105452999531835,1.9308479900749145,-0.0020356395958788407,0.008353467466737869,0.008597921102345482,182.3313341776549,-531.0,0.591974487797188,183.0,-531.0,-0.7246378229149423,-0.29358329291962393,0.9914020788976545,0.0,0.0,HOLD
43.7,182.3311956142917,-530.4077534682941,-0.42587800842776163,1.9308479900749145,-0.0023335235940482296,0.007413407354275376,0.007771997231368781,182.3311956142917,-531.0,0.5922465317058823,183.0,-531.0,-0.7247630175792357,-0.29888500915147403,0.9922280027686312,0.0,0.0,HOLD
43.752,182.3310278324023,-530.407507454878,-0.42589061900198977,1.9308479900749145,-0.002646091514705459,0.006474574311930395,0.0069944201207037295,182.3310278324023,-531.0,0.5924925451220133,183.0,-531.0,-0.7248446479612886,-0.2989540289592988,0.9930055798792963,0.0,0.0,HOLD
43.796,182.3310278324023,-530.407507454878,-0.42589061900198977,1.9308479900749145,-0.002646091514705459,0.006474574311930395,0.0069944201207037295,182.3310278324023,-531.0,0.5924925451220133,183.0,-531.0,-0.7248446479612886,-0.2989540289592988,0.9930055798792963,0.0,0.0,SUCCESS
