time_s,north_m,east_m,body_yaw_rad,course_angle_rad,vx_mps,vy_mps,speed_mps,reference_north_m,reference_east_m,position_error_m,target_north_m,target_east_m,desired_heading_rad,heading_error_rad,speed_error_mps,left_thrust,right_thrust,controller_state
0.0,161.88934147553283,-531.8941469268917,0.5708002937932077,-2.605982925758027,0.01941415604063655,0.014180568175979484,0.02404158831200191,163.0,-531.000000000002,1.4258545104034421,164.46709118367755,-525.7856479662065,1.171474569114582,0.6006742753213743,0.9759584116879981,0.0,0.0,TRACK
0.048,161.89286646370894,-531.8918556777866,0.5707981776156505,-2.605982925758027,0.038322240210551736,0.02592439403947998,0.046267356754729934,163.0,-531.000000000002,1.4216719794582822,164.46709118367755,-525.7856479662065,1.1718302297930345,0.601032052177384,0.9537326432452701,535.4185532909897,-264.58144670901027,TRACK
0.1,161.89756814062503,-531.889973180042,0.5718300493247117,0.48108698698566676,0.05655535845666032,0.029521514021550323,0.06379677390186696,163.0,-531.000000000002,1.4168303588487405,164.46709118367755,-525.7856479662065,1.1723739547803027,0.600543905455591,0.936203226098133,535.4185532909897,-264.58144670901027,TRACK
0.148,161.9033480349438,-531.8891522485164,0.5758720083303116,0.3088405973220434,0.0789060457379164,0.025174943154807276,0.08282476572162419,163.0,-531.000000000002,1.411820545784703,164.46709118367755,-525.7856479662065,1.1731305442257165,0.5972585358954049,0.9171752342783758,512.3467345619565,-287.65326543804355,TRACK
0.2,161.91083304699242,-531.8893644501859,0.5821469200189958,0.14585951880717418,0.10166881851842705,0.014935432583134572,0.10275999126789673,163.0,-531.000000000002,1.4061485614168328,164.46709118367755,-525.7856479662065,1.1741858123713955,0.5920388923523997,0.8972400087321033,512.3467345619565,-287.65326543804355,TRACK
0.248,161.91887416653356,-531.8904860086377,0.5915025727167945,0.012267077235583243,0.12471789535773867,0.0015300008012266771,0.1247272797944203,163.0,-531.000000000002,1.4006421382224605,164.46709118367755,-525.7856479662065,1.1753724800085454,0.5838699072917509,0.8752727202055797,509.01897653549327,-290.98102346450673,TRACK
0.3,161.9292043131914,-531.8923432127011,0.6023215586183259,-0.07625412499818653,0.1505964652565207,-0.011505911444479829,0.1510353645538907,163.0,-531.000000000002,1.3938722366623117,164.46709118367755,-525.7856479662065,1.1769222010319478,0.5746006424136219,0.8489646354461093,509.01897653549327,-290.98102346450673,TRACK
0.348,161.94071996397838,-531.8942162450512,0.6162122169391927,-0.11570672413167227,0.1818559894051024,-0.02113636999165442,0.1830801655530517,163.0,-531.000000000002,1.386252822404265,164.46709118367755,-525.7856479662065,1.1786396062238849,0.5624273892846922,0.8169198344469483,499.4179803479704,-300.5820196520296,TRACK
0.396,161.95575686796906,-531.8959843238871,0.6308680830253557,-0.116324174666811,0.21941632381979198,-0.025639171120692496,0.22090923533059448,163.0,-531.000000000002,1.3759475380411617,164.46709118367755,-525.7856479662065,1.1808452551613917,0.549977172136036,0.7790907646694055,499.4179803479704,-300.5820196520296,TRACK
0.448,161.97216128124674,-531.8971053402562,0.6485514420650351,-0.09444025849754391,0.2622361239659751,-0.024839538919786495,0.2634099227562353,163.0,-531.000000000002,1.364276520094384,164.46709118367755,-525.7856479662065,1.1832083530002953,0.5346569109352601,0.7365900772437647,462.01895052700394,-300.49585410378353,TRACK
0.5,161.99244807811283,-531.8976809030755,0.6663406981604468,-0.06511865024659413,0.30699922871501617,-0.020019680812619883,0.3076512864453097,163.0,-531.000000000002,1.3494413210811897,164.46709118367755,-525.7856479662065,1.1860896938853696,0.5197489957249227,0.6923487135546903,462.01895052700394,-300.49585410378353,TRACK
0.548,162.01312271729782,-531.8976954814145,0.6902481635662198,-0.03743330548299971,0.3503020760553053,-0.013119092916783318,0.3505476502383322,163.0,-531.000000000002,1.3340854352184617,164.46709118367755,-525.7856479662065,1.1890001377103183,0.49875197414409855,0.6494523497616678,415.28103541109954,-291.40677769741035,TRACK
0.6,162.0370833380638,-531.8973276678189,0.7070453000912512,-0.015557131632146745,0.38896975843780657,-0.006051741963779781,0.3890168332604153,163.0,-531.000000000002,1.3162087377251261,164.46709118367755,-525.7856479662065,1.1923600612919611,0.48531476120070993,0.6109831667395846,415.28103541109954,-291.40677769741035,TRACK
0.648,162.06021370578642,-531.8967987767357,0.729699336857209,-0.00018300535506090667,0.42148927429530936,-7.713479515788308e-05,0.4214892813533497,163.0,-531.000000000002,1.2990174458962254,164.46709118367755,-525.7856479662065,1.1956027874580575,0.4659034506008485,0.5785107186466503,378.52172041684935,-269.4960940288637,TRACK
0.696,162.08603416563284,-531.8961059740728,0.7512775827290236,0.010301943704682386,0.44775958495051205,0.004612957229664833,0.44778334637350853,163.0,-531.000000000002,1.2799763525768064,164.46709118367755,-525.7856479662065,1.1992274506723268,0.44794986794330327,0.5522166536264914,378.52172041684935,-269.4960940288637,TRACK
0.748,162.1104052046564,-531.8953675312096,0.7751672160300827,0.01788164650069076,0.468749223097879,0.0083829014107017,0.46882417513490776,163.0,-531.000000000002,1.2621655659393811,164.46709118367755,-525.7856479662065,1.20265417718258,0.4274869611524974,0.5311758248650922,352.47443158033684,-235.57994985914772,TRACK
0.8,162.13736904776144,-531.894318424997,0.7975661298284343,0.025726195572869752,0.48617440052838723,0.01251017773237545,0.48633532904368804,163.0,-531.000000000002,1.2425528580488754,164.46709118367755,-525.7856479662065,1.2064443697760234,0.4088782399475891,0.513664670956312,352.47443158033684,-235.57994985914772,TRACK
0.848,162.16284267405206,-531.8929401904161,0.8220314266798032,0.0362191968117571,0.5017585520458843,0.018181242678423117,0.5020878430479213,163.0,-531.000000000002,1.2239994166848964,164.46709118367755,-525.7856479662065,1.2100154525496996,0.38798402586989633,0.4979121569520787,328.1508157447166,-200.30815108208083,TRACK
0.9,162.19116384900022,-531.8907531632767,0.8447032232196182,0.05130924267776776,0.5167663517501383,0.026538182717509996,0.5174473281823916,163.0,-531.000000000002,1.2031862353966511,164.46709118367755,-525.7856479662065,1.2139638538739832,0.369260630654365,0.4825526718176084,328.1508157447166,-200.30815108208083,TRACK
0.948,162.218014434327,-531.8879274706886,0.8729822420773412,0.07107621665471163,0.5316836466452859,0.03785382722120165,0.5330294666763947,163.0,-531.000000000002,1.1831807208202818,164.46709118367755,-525.7856479662065,1.217680628760692,0.34469838668335084,0.4669705333236053,299.5379259077462,-171.23887356139005,TRACK
1.0,162.24777731811562,-531.8839295243961,0.8917277644962999,0.09408341376746948,0.5459214727429406,0.05151424158589753,0.548346579717601,163.0,-531.000000000002,1.16067668505781,164.46709118367755,-525.7856479662065,1.2217708905206561,0.33004312602435626,0.45165342028239897,299.5379259077462,-171.23887356139005,TRACK
1.048,162.27571320321331,-531.8794377908185,0.9158760134259337,0.11803563798583198,0.5585481194535712,0.06623648103371513,0.5624617970714549,163.0,-531.000000000002,1.1392989914485647,164.46709118367755,-525.7856479662065,1.2255874649703644,0.3097114515444307,0.43753820292854506,268.7685920533655,-147.0916161838091,TRACK
1.1,162.30622327131658,-531.8738742835533,0.9378979607230005,0.14068757927608677,0.5684125052629737,0.08050039618812078,0.5740845668764964,163.0,-531.000000000002,1.1157877991423109,164.46709118367755,-525.7856479662065,1.2297401241697707,0.2918421634467703,0.42591543312350355,268.7685920533655,-147.0916161838091,TRACK
1.148,162.33441243690012,-531.8682713042514,0.9613711522801517,0.1606522228327688,0.5750141274675851,0.0931803149319507,0.5825150795285267,163.0,-531.000000000002,1.094030101019195,164.46709118367755,-525.7856479662065,1.2335708346089378,0.2721996823287861,0.41748492047147334,242.48761742302332,-121.30221850698958,TRACK
1.2,162.36482211555762,-531.8618253390811,0.9826539304493392,0.17781555550233077,0.5784397122793565,0.1039535087367319,0.5877064171170012,163.0,-531.000000000002,1.0706044367381302,164.46709118367755,-525.7856479662065,1.2377023955485362,0.255048465099197,0.4122935828829988,242.48761742302332,-121.30221850698958,TRACK
1.248,162.39272166891294,-531.8555749368012,1.0086492656314165,0.1928471578260357,0.5794200561974979,0.11314563063629635,0.5903639007053165,163.0,-531.000000000002,1.0491879926337047,164.46709118367755,-525.7856479662065,1.241494129434536,0.23284486380311953,0.4096360992946835,222.65089875539135,-91.92766917777746,TRACK
1.3,162.42279954170226,-531.8483846053307,1.0255790989320186,0.2075484700257638,0.5790702572257215,0.12194112173424451,0.5917702256562669,163.0,-531.000000000002,1.0261173459296766,164.46709118367755,-525.7856479662065,1.2455791716105253,0.22000007267850674,0.4082297743437331,222.65089875539135,-91.92766917777746,TRACK
1.348,162.45052797051815,-531.841193402844,1.0470671694283946,0.22380797027861038,0.5785821273125906,0.13169758059232653,0.593381437845367,163.0,-531.000000000002,1.004751637056551,164.46709118367755,-525.7856479662065,1.2493359046435577,0.2022687352151631,0.406618562154633,204.48891710343275,-64.11119210097098,TRACK
1.4,162.48067038666795,-531.8325301407451,1.0663713325517743,0.24363517652633415,0.5789600299153025,0.14391384535861224,0.5965785037406481,163.0,-531.000000000002,0.9812286596554836,164.46709118367755,-525.7856479662065,1.253399075768877,0.1870277432171028,0.40342149625935186,204.48891710343275,-64.11119210097098,TRACK
1.448,162.5086917845996,-531.8234684347502,1.0866634522580632,0.2682718906366465,0.5806467126964779,0.15961893902921032,0.6021866908708934,163.0,-531.000000000002,0.9588972966624476,164.46709118367755,-525.7856479662065,1.2571475978704496,0.17048414561238645,0.3978133091291066,183.06526255890384,-43.268472313033826,TRACK
1.5,162.53931970919555,-531.8123086610607,1.1092710256763545,0.29741252771961796,0.5835698557255284,0.1788661717409033,0.6103661883695397,163.0,-531.000000000002,0.933847788007524,164.46709118367755,-525.7856479662065,1.2612077711177856,0.1519367454414311,0.3896338116304603,183.06526255890384,-43.268472313033826,TRACK
1.548,162.56776987911192,-531.8006844146521,1.123844816570072,0.3300609727322625,0.5867695618617795,0.20102314169420182,0.6202490001798244,163.0,-531.000000000002,0.9099002194012352,164.46709118367755,-525.7856479662065,1.2649422315181469,0.14109741494807482,0.37975099982017557,149.44172396122877,-20.739560228642873,TRACK
1.6,162.59864185117104,-531.7867723979405,1.140786101581665,0.3637557168941477,0.589192334838829,0.2243036161218102,0.6304440654317806,163.0,-531.000000000002,0.8832322286857426,164.46709118367755,-525.7856479662065,1.2689596033432042,0.1281735017615393,0.36955593456821945,149.44172396122877,-20.739560228642873,TRACK
1.648,162.6269598930769,-531.7728970033844,1.1584081863747744,0.39676039534498486,0.5894607398754854,0.24697210245049525,0.6391081154572931,163.0,-531.000000000002,0.8582125023621017,164.46709118367755,-525.7856479662065,1.2726177126686442,0.11420952629386982,0.36089188454270693,141.45600105247138,-23.029994534104134,TRACK
1.7,162.65727416146092,-531.757065358899,1.1740546476043618,0.4268920385298816,0.5871878258114949,0.2670910121675503,0.6450791823969496,163.0,-531.000000000002,0.8310288551212339,164.46709118367755,-525.7856479662065,1.276516269788301,0.10246162218393917,0.3549208176030504,141.45600105247138,-23.029994534104134,TRACK
1.748,162.68482118863096,-531.7419985693325,1.1903835158795277,0.45288307119906446,0.5825358265590438,0.2834711651646642,0.6478455762792864,163.0,-531.000000000002,0.8061634821948042,164.46709118367755,-525.7856479662065,1.2800536229867117,0.08967010710718393,0.3521544237207136,121.64356726388574,-0.6514174482740884,TRACK
1.796,162.71418201553288,-531.7254131089412,1.2048799845762237,0.47435473514235577,0.5762692375647723,0.2958891638369184,0.6477936642478025,163.0,-531.000000000002,0.7796897452612989,164.46709118367755,-525.7856479662065,1.2838279030359836,0.0789479184597599,0.3522063357521975,121.64356726388574,-0.6514174482740884,TRACK
1.848,162.74073974168914,-531.7099274237005,1.2199204639477261,0.492954531030391,0.5682250909731335,0.3052444113742424,0.6450224063446428,163.0,-531.000000000002,0.7557862319852924,164.46709118367755,-525.7856479662065,1.2872454423420872,0.06732497839436102,0.3549775936553572,113.39141041803724,19.718562947416032,TRACK
1.9,162.76905296894503,-531.692959134551,1.2364354574159426,0.5092168438930602,0.5599161079702781,0.3126185058997182,0.6412771461665824,163.0,-531.000000000002,0.7304306218306323,164.46709118367755,-525.7856479662065,1.2908955616248419,0.05446010420889924,0.3587228538334176,113.39141041803724,19.718562947416032,TRACK
1.948,162.79472092770087,-531.6769713597399,1.2490020320621524,0.5257699311822697,0.5511076694419584,0.319779553498632,0.6371645204760944,163.0,-531.000000000002,0.7074105734503431,164.46709118367755,-525.7856479662065,1.2942025468983802,0.04520051483622778,0.3628354795239056,100.3247916587849,44.84051952574458,TRACK
2.0,162.82211564203178,-531.6591119709408,1.261946757807908,0.543799914407908,0.5426074854414755,0.32806413438369536,0.6340733076908729,163.0,-531.000000000002,0.6826942471154389,164.46709118367755,-525.7856479662065,1.2977235857133256,0.035776827905417585,0.3659266923091271,100.3247916587849,44.84051952574458,TRACK
2.048,162.84702884449268,-531.6419349089259,1.2714249120924546,0.5646590520012768,0.5343536334810814,0.338491097874469,0.6325425115790221,163.0,-531.000000000002,0.6599095405526,164.46709118367755,-525.7856479662065,1.3009093731907844,0.029484461098329806,0.3674574884209779,95.98255942626022,53.14787457704054,TRACK
2.1,162.87367684830147,-531.6224480406858,1.2848999894543331,0.5880725413701444,0.5266914258603126,0.35118082677335993,0.6330338309821915,163.0,-531.000000000002,0.6351370733991488,164.46709118367755,-525.7856479662065,1.304295564815886,0.019395575361552897,0.36696616901780854,95.98255942626022,53.14787457704054,TRACK
2.148,162.89797589933082,-531.6035916908659,1.2934084316400312,0.6134217403319332,0.5195300072315123,0.36576175483934237,0.6353684676761434,163.0,-531.000000000002,0.6121534500410859,164.46709118367755,-525.7856479662065,1.3073615879367566,0.013953156296725444,0.3646315323238566,84.69965094033664,60.05141124895452,TRACK
2.2,162.92397175813238,-531.5822648599479,1.3031335301875346,0.6394832053536906,0.5126666312494793,0.38129111797778414,0.6389131329417467,163.0,-531.000000000002,0.5872075107568815,164.46709118367755,-525.7856479662065,1.310620003043877,0.007486472856342408,0.3610868670582533,84.69965094033664,60.05141124895452,TRACK
2.248,162.94763137982926,-531.5618288076403,1.3130776254382015,0.6653283329986568,0.5057513851852388,0.39685210809567506,0.6428655063983205,163.0,-531.000000000002,0.5642641947446008,164.46709118367755,-525.7856479662065,1.3135677838314561,0.0004901583932546139,0.3571344936016795,78.08671011884506,59.635419116659094,TRACK
2.3,162.9728664005479,-531.5390099100506,1.3238370322545823,0.6900461519063935,0.4985895013612484,0.4115426040388326,0.646497336271946,163.0,-531.000000000002,0.5396924266188765,164.46709118367755,-525.7856479662065,1.3166968061318,-0.007140226122782201,0.35350266372805395,78.08671011884506,59.635419116659094,TRACK
2.348,162.99576965869363,-531.5174274240136,1.3306079339913937,0.7132377288288976,0.4910860998641057,0.42487498664506806,0.6493722443686557,163.0,-531.000000000002,0.5174447167638203,164.46709118367755,-525.7856479662065,1.3195260884399083,-0.011081845551485392,0.3506277556313443,62.65397753382389,72.61275504573034,TRACK
2.4,163.02011591259216,-531.4935590070705,1.3383036025626502,0.7351593460505891,0.48307498153637896,0.43682154766681236,0.6512868049426475,163.0,-531.000000000002,0.4939687676339904,164.46709118367755,-525.7856479662065,1.322523005408389,-0.015780597154261278,0.34871319505735254,62.65397753382389,72.61275504573034,TRACK
2.444,163.0421311640424,-531.4711096887922,1.3460882121431808,0.7562359538499249,0.4745266131565544,0.44762695176263145,0.6523384049234994,163.0,-531.000000000002,0.4729898242621708,164.46709118367755,-525.7856479662065,1.3252227007375992,-0.02086551140558157,0.34766159507650063,65.14059993443156,72.79254389321254,TRACK
2.5,163.0655056852185,-531.4463335755239,1.352803428672578,0.7766803889088334,0.46577080646797375,0.4577198194902449,0.6530312988762552,163.0,-531.000000000002,0.45111490269561766,164.46709118367755,-525.7856479662065,1.3280778026535456,-0.0247256260190325,0.3469687011237448,65.14059993443156,72.79254389321254,TRACK
2.548,163.0866622505349,-531.4230236694804,1.359611189782674,0.7967208385891593,0.4570176463029545,0.4674859475695492,0.6537646672980207,163.0,-531.000000000002,0.4318094146804491,164.46709118367755,-525.7856479662065,1.330650902279626,-0.02896028750304791,0.34623533270197926,59.979692223016265,81.6907768287896,TRACK
2.6,163.10913108361504,-531.3972673339665,1.3654764560906574,0.816648058928423,0.4482940004439202,0.4772258164941788,0.6547610180535713,163.0,-531.000000000002,0.4119841356729966,164.46709118367755,-525.7856479662065,1.333369850063155,-0.03210660602750237,0.34523898194642866,59.979692223016265,81.6907768287896,TRACK
2.648,163.12947431162712,-531.3730281351307,1.371376294279367,0.8363042121434947,0.439727137876637,0.4869409388993449,0.6561032188317281,163.0,-531.000000000002,0.3948589456614131,164.46709118367755,-525.7856479662065,1.3358190739640312,-0.035557220315335814,0.34389678116827194,56.83269584793874,85.6275061893217,TRACK
2.7,163.1510895207978,-531.3463037794934,1.376422205853479,0.8554329307131219,0.43130962442244236,0.49638708092005,0.6575926750076803,163.0,-531.000000000002,0.37782846767401185,164.46709118367755,-525.7856479662065,1.3384089539356818,-0.03801325191779714,0.34240732499231974,56.83269584793874,85.6275061893217,TRACK
2.748,163.17065947505645,-531.3212631483182,1.381468574661911,0.8737079302886271,0.4230488390106259,0.5052395382506476,0.6589668513665662,163.0,-531.000000000002,0.36377832108652347,164.46709118367755,-525.7856479662065,1.340744237644805,-0.04072433701710598,0.3410331486334338,53.94239353868393,87.91003138952682,TRACK
2.8,163.1914384174194,-531.2938079810781,1.3857579104581177,0.8909908476507955,0.414840011261295,0.5132000947480567,0.6598989105860729,163.0,-531.000000000002,0.35067334858529153,164.46709118367755,-525.7856479662065,1.3432152498147205,-0.04254266064339718,0.34010108941392714,53.94239353868393,87.91003138952682,TRACK
2.848,163.21022821409048,-531.2682206358793,1.3900198889582818,0.9072540451755763,0.4066549413798477,0.5201544536608284,0.6602491173881584,163.0,-531.000000000002,0.34079056839951377,164.46709118367755,-525.7856479662065,1.3454432876022806,-0.044576601356001166,0.3397508826118416,52.78917910240646,90.17283958693343,TRACK
2.9,163.230155835856,-531.2402664078901,1.3936172411602115,0.9227338971620853,0.3984539353187537,0.5262538524991431,0.660082309898691,163.0,-531.000000000002,0.3327155775403405,164.46709118367755,-525.7856479662065,1.3477992908694911,-0.04581795029072033,0.339917690101309,52.78917910240646,90.17283958693343,TRACK
2.944,163.2481596517996,-531.2142410204478,1.3971654490658696,0.937727599330173,0.3902728825458427,0.5318334542241535,0.6596663898385576,163.0,-531.000000000002,0.32784512749612993,164.46709118367755,-525.7856479662065,1.3499205956184888,-0.04724485344738083,0.34033361016144237,53.46107392425299,92.74400115300077,TRACK
3.0,163.2672546903166,-531.1857560672414,1.4001363982211004,0.9526049030286315,0.38220167136543176,0.5374173918274414,0.6594661254629681,163.0,-531.000000000002,0.32546948553199406,164.46709118367755,-525.7856479662065,1.3521604738708772,-0.04797592435022313,0.3405338745370319,53.46107392425299,92.74400115300077,TRACK
3.048,163.28452187114647,-531.1591274418192,1.403041831873651,0.9676481877272031,0.37433761327193854,0.543488365057876,0.6599304900240741,163.0,-531.000000000002,0.3259972973813894,164.46709118367755,-525.7856479662065,1.3541743403558553,-0.04886749151779579,0.3400695099759259,54.243957695005285,94.13918891464544,TRACK
3.1,163.30286879911995,-531.1298382090238,1.4060149640072477,0.9829563539610928,0.3668083869098125,0.5504065041801587,0.6614345867515561,163.0,-531.000000000002,0.329526129468256,164.46709118367755,-525.7856479662065,1.356299378485951,-0.049715585521296735,0.3385654132484439,54.243957695005285,94.13918891464544,TRACK
3.148,163.31949884601974,-531.1023373936889,1.4077842837074879,0.9984647608329421,0.35968621013569285,0.5582910062004631,0.6641257541807148,163.0,-531.000000000002,0.3354883824435158,164.46709118367755,-525.7856479662065,1.3582105733370629,-0.04957371037042502,0.33587424581928516,52.44592915124923,94.11075610044796,TRACK
3.2,163.33720372812354,-531.0720239325899,1.410135792753631,1.0139274688065465,0.35296351228685474,0.5669220652736578,0.667820237114766,163.0,-531.000000000002,0.3448098042774226,164.46709118367755,-525.7856479662065,1.360228886110973,-0.04990690664265807,0.332179762885234,52.44592915124923,94.11075610044796,TRACK
3.248,163.35327577868836,-531.0435825933527,1.4115104278790596,1.0289890023734132,0.3466183183549037,0.575884107699471,0.672150849229544,163.0,-531.000000000002,0.3559539552400408,164.46709118367755,-525.7856479662065,1.3620471384475052,-0.049463289431554314,0.32784915077045595,51.70446345378272,90.01158120090085,TRACK
3.3,163.37040071101387,-531.0123498758844,1.4129722992210847,1.0432563989542731,0.34056587450627057,0.5845448837332081,0.6765189102877248,163.0,-531.000000000002,0.37060653819636213,164.46709118367755,-525.7856479662065,1.3639721602824524,-0.04900013893863231,0.3234810897122752,51.70446345378272,90.01158120090085,TRACK
3.348,163.38594276488118,-530.9832205758875,1.4143447286447524,1.0564911810610398,0.334695294544856,0.5923553202376992,0.680371784838536,163.00065807125878,-530.9736121754956,0.3854044842730719,164.46709118367755,-525.7856479662065,1.3657105939622105,-0.04863413468254185,0.319628215161464,51.89530807770129,86.36037519134456,TRACK
3.4,163.4024851981239,-530.9514465810109,1.4154327295822595,1.0685900459753253,0.32889524212640214,0.5988943852079829,0.6832617104207087,163.00146025449047,-530.9414456432905,0.40114962815824096,164.46709118367755,-525.7856479662065,1.367554412158892,-0.047878317423367456,0.3167382895792913,51.89530807770129,86.36037519134456,TRACK
3.448,163.41747437957645,-530.9220001100415,1.4164378696959545,1.0796187977217804,0.3230780221402268,0.6039952012040705,0.6849741684673857,163.00220346356969,-530.9116438999504,0.41540002981288554,164.46709118367755,-525.7856479662065,1.3692209888583742,-0.047216880837580355,0.3150258315326143,53.46388085293413,85.99214363912824,TRACK
3.5,163.4334058561258,-530.8900271708369,1.4172166011802332,1.089755034986142,0.31723180655026695,0.6077993561981765,0.6856063567981731,163.00301022534583,-530.8792937739076,0.43052944708129864,164.46709118367755,-525.7856479662065,1.3709889459384614,-0.04622765524177175,0.31439364320182694,53.46388085293413,85.99214363912824,TRACK
3.544,163.44782974610345,-530.8604653994166,1.4179128384668092,1.0992372322960466,0.3113748720113688,0.6106241648016624,0.6854313835533241,163.00375595670067,-530.8493908905075,0.4442118584438311,164.46709118367755,-525.7856479662065,1.3725865561287103,-0.04532628233809888,0.3145686164466759,57.60664847605481,86.61976535327386,TRACK
3.6,163.4631722502506,-530.8283645155523,1.418431566074207,1.1082249161698217,0.3056605216440186,0.6129693485158044,0.6849523901057527,163.0045655411647,-530.8169275782532,0.45874929662440006,164.46709118367755,-525.7856479662065,1.3742826921756666,-0.0441488738985405,0.3150476098942473,57.60664847605481,86.61976535327386,TRACK
3.648,163.47708803606915,-530.7986225384955,1.4189326441229477,1.1169484875695312,0.30014861066213216,0.6152986592411153,0.6846032636106275,163.00531544796758,-530.7868572646722,0.47191926910457027,164.46709118367755,-525.7856479662065,1.3758171557886048,-0.04311548833434298,0.3153967363893725,61.67446418553419,86.785631776478,TRACK
3.696,163.49192971142276,-530.7662282642449,1.4191847557364865,1.1254342774189423,0.29499248873351913,0.6179825128856159,0.6847794934441421,163.0061320332986,-530.7541132265128,0.4859487197329287,164.46709118367755,-525.7856479662065,1.377449461178394,-0.04173529455809244,0.31522050655585787,61.67446418553419,86.785631776478,TRACK
3.744,163.5054355235103,-530.736115486875,1.4194283846665308,1.133768463256022,0.29022499748179714,0.6212609683647693,0.6857082032299453,163.00689092672167,-530.7236825608377,0.4986996016009931,164.7376122568391,-525.3667994193652,1.3452172543136374,-0.0742111303528934,0.3142917967700547,64.12056297105674,86.785631776478,TRACK
3.8,163.51988271791237,-530.7032352750117,1.4195779396819672,1.14186768399529,0.2858869799155382,0.6251287477473931,0.6873989500613535,163.00771937786257,-530.690462718721,0.5123225791287755,164.7376122568391,-525.3667994193652,1.3464462108424031,-0.07313172883956409,0.31260104993864646,64.12056297105674,85.05979807840778,TRACK
3.844,163.5330599963852,-530.6726362810932,1.419672705641612,1.149717128967107,0.2819108591427757,0.6294513500247826,0.689697567453039,163.0084901850363,-530.6595543267246,0.5247329077813979,164.7376122568391,-525.3667994193652,1.3475562576366318,-0.0721164480049803,0.310302432546961,-2.963303188857921,149.8430648558715,TRACK
3.896,163.5468340446677,-530.6391848588605,1.4195316922300572,1.1604427883010702,0.27595199880578236,0.6342971810054481,0.6917242365830221,163.00933245403377,-530.6257804060506,0.537668707745886,164.7376122568391,-525.3667994193652,1.3486711921094097,-0.07086050012064748,0.30827576341697793,-2.963303188857921,149.8430648558715,TRACK
3.948,163.55919157500364,-530.6080680997104,1.4186803321851331,1.1718158216336922,0.26947579125670773,0.6391862031230853,0.6936686560140474,163.01011565593498,-530.59437500117,0.549246634808742,164.7376122568391,-525.3667994193652,1.3496389324532554,-0.06904139973187773,0.30633134398595263,40.120126521956244,105.03228536227584,TRACK
4.0,163.5725003637374,-530.5741802325359,1.4178301144862775,1.1805329726240983,0.2647376500248096,0.6435624457044262,0.6958869483340818,163.01096851324766,-530.5601765024591,0.5617064389612112,164.7376122568391,-525.3667994193652,1.3506792058893522,-0.0671509085969253,0.3041130516659182,40.120126521956244,105.03228536227584,TRACK
4.044,163.58460769047076,-530.5427468760736,1.4165763900321033,1.1884870077178737,0.26036206328029216,0.6475171472458012,0.697901755244183,163.0117594501742,-530.5284609328539,0.5730263471992771,164.7376122568391,-525.3667994193652,1.351613034015398,-0.06496335601670533,0.30209824475581704,44.54246813906992,100.7281658392541,TRACK
4.1,163.59747843069368,-530.5085404274591,1.4152893553913213,1.1963729726630823,0.2558653234018594,0.6511218575377361,0.6995904066544438,163.01517644262637,-530.4649029260911,0.5839347881679874,164.7376122568391,-525.3667994193652,1.352586183300613,-0.0627031720907083,0.30040959334555617,44.54246813906992,100.7281658392541,TRACK
4.148,163.60908865095033,-530.4768277800222,1.4137829774268253,1.2046183208361434,0.2509703162492259,0.654467261627373,0.7009375836551132,163.01760454333038,-530.4325021739203,0.5931426547832034,164.7376122568391,-525.3667994193652,1.3534402881446184,-0.060342689282206985,0.29906241634488684,48.83679031453165,96.9528255633318,TRACK
4.2,163.6213732298875,-530.4423290725534,1.41230524844977,1.2130754045629046,0.24581537148525368,0.6576065587897142,0.7020481344051013,163.02024403039948,-530.397280666739,0.602814791908363,164.7376122568391,-525.3667994193652,1.3543169651557732,-0.057988283293996856,0.2979518655948987,48.83679031453165,96.9528255633318,TRACK
4.248,163.63246301393195,-530.4103594411056,1.4106339838347182,1.2214361207755398,0.24064300012292056,0.6605561591872245,0.7030245322521383,163.02268837542192,-530.364663149203,0.6114844731174174,164.7376122568391,-525.3667994193652,1.3550847240013544,-0.055549259833363784,0.29697546774786165,53.29451483246922,94.11084711955252,TRACK
4.3,163.64427582678016,-530.3756047127436,1.409039253493054,1.2290581195224097,0.23592726732743508,0.6632875597545983,0.7039972033991334,163.02534430683937,-530.3292222074429,0.6206670308419664,164.7376122568391,-525.3667994193652,1.3558844616839967,-0.053154791809057356,0.2960027966008666,53.29451483246922,94.11084711955252,TRACK
4.348,163.65505432436643,-530.3434302977377,1.4072752831107864,1.2355457130471967,0.23194593532940527,0.6657420232584919,0.7049903250741409,163.02780217415832,-530.2964242474,0.6290109925184494,164.7376122568391,-525.3667994193652,1.356604856864432,-0.05067042624635443,0.29500967492585906,57.372934971114546,91.06399778161335,TRACK
4.4,163.66666652759127,-530.3085014082237,1.40562435288343,1.2405613805487163,0.22892391813132443,0.6678306099233549,0.7059772544800558,163.03046996394028,-530.2608250667624,0.6379804864856534,164.7376122568391,-525.3667994193652,1.357380594597824,-0.04824375828560612,0.29402274551994423,57.372934971114546,91.06399778161335,TRACK
4.448,163.67735400875657,-530.2762133005947,1.4038290248471617,1.2442740705687392,0.2267300969489447,0.6695240145785145,0.7068726497466208,163.03293579547324,-530.2279208316696,0.6462251899811388,165.02867492776977,-524.9619558967465,1.321791461924071,-0.08203756292309072,0.2931273502533792,61.199631027984964,87.72868714520422,TRACK
4.5,163.6889082028452,-530.2412038749684,1.401764026839381,1.2469906793102017,0.22514317707491247,0.6708309742684344,0.707604159273617,163.03560926294045,-530.1922458875872,0.6551308185462491,165.02867492776977,-524.9619558967465,1.3222633401505444,-0.07950068668883659,0.292395840726383,61.199631027984964,87.72868714520422,TRACK
4.548,163.69952321115014,-530.208864040551,1.4004021837931158,1.2493221642834678,0.22374416732220334,0.6718514259011463,0.7081283717632768,163.0380785444813,-530.1592956153385,0.6632993862824754,165.02867492776977,-524.9619558967465,1.3226945212319074,-0.07770766256120831,0.2918716282367232,-7.144697113971418,157.02861390720017,TRACK
4.6,163.71057092257337,-530.1737331278902,1.3986054989521317,1.255200169272371,0.21979330487733256,0.6731614928223087,0.7081352217533451,163.04075823680355,-530.1235376063385,0.6716908696729599,165.02867492776977,-524.9619558967465,1.3230819065808772,-0.0755235923712545,0.2918647782466549,-7.144697113971418,157.02861390720017,TRACK
4.648,163.7204313153765,-530.1412174534435,1.3961733406991055,1.262604267058284,0.21476434569301295,0.6746484298416839,0.7080072231755814,163.0432364079268,-530.0904687108566,0.679093791423496,165.02867492776977,-524.9619558967465,1.323378976740958,-0.07279436395814742,0.2919927768244186,41.00819153745891,110.85145039069104,TRACK
4.7,163.73106962335996,-530.105928828944,1.3936246131149723,1.2679950289829913,0.21120082074304541,0.6760410673742169,0.708263588968829,163.04592556676488,-530.0545843799817,0.6870652303288219,165.02867492776977,-524.9619558967465,1.3236941707690209,-0.06993044234595147,0.291736411031171,41.00819153745891,110.85145039069104,TRACK
4.748,163.740740435861,-530.073253542738,1.3907756634238373,1.2732699608939861,0.20779687463641283,0.6776839890451203,0.7088265867733573,163.05187204748745,-529.9869271338893,0.6942563686168803,165.02867492776977,-524.9619558967465,1.3239568969891422,-0.06681876643469509,0.2911734132266427,47.6794143024908,105.59203788877083,TRACK
4.8,163.751031152537,-530.0377177259244,1.3874101636172602,1.278760547215559,0.20433240767902697,0.6796779752788867,0.709728034466101,163.05641551877144,-529.9506710937878,0.7000485660565512,165.02867492776977,-524.9619558967465,1.3242044974628042,-0.063205666154456,0.290271965533899,47.6794143024908,105.59203788877083,TRACK
4.848,163.76034764334509,-530.0047732193761,1.3851416772490974,1.2845325838009214,0.2007488104670192,0.6820110441788101,0.7109424373926444,163.06062421471276,-529.9170864974991,0.705196311512276,165.02867492776977,-524.9619558967465,1.324395444998764,-0.060746232250333376,0.2890575626073556,53.55924482441486,99.06267672759824,TRACK
4.9,163.77028480319856,-529.9689411465064,1.381730197857647,1.2900611379661209,0.1973714565865931,0.6844845922627324,0.7123725492466652,163.06519877121525,-529.880582403243,0.7106008584353499,165.02867492776977,-524.9619558967465,1.3245691988873545,-0.05716099897029259,0.28762745075333485,53.55924482441486,99.06267672759824,TRACK
4.952,163.77935601658115,-529.9357564394574,1.3794682278932318,1.2949448914175459,0.19443571102928803,0.6868868072032951,0.7138758516950979,163.06943331046003,-529.8467915822887,0.7154753625928526,165.02867492776977,-524.9619558967465,1.3247074426179772,-0.05476078527525452,0.28612414830490207,56.579239655867454,95.21201508669556,TRACK
5.0,163.78913965419844,-529.8997286694924,1.3761069674971633,1.2986994062222466,0.19223461920848484,0.6889710302151459,0.7152868161080216,163.0740296381534,-529.8101137580538,0.7207032450322919,165.02867492776977,-524.9619558967465,1.3248473107689411,-0.05125965672822219,0.2847131838919784,56.579239655867454,95.21201508669556,TRACK
5.048,163.7981737298376,-529.8664384957927,1.373456300043644,1.3011937712490835,0.1908259706877528,0.690572019533471,0.716452556176234,163.0782766155364,-529.7762236831128,0.7255277855506858,165.02867492776977,-524.9619558967465,1.324977207709623,-0.048479092334021034,0.28354744382376595,60.5868553695079,91.17414189993778,TRACK
5.1,163.80800180824792,-529.8303755851892,1.3706374237835983,1.3024346867377248,0.1901874087088241,0.6916029417588059,0.7172767105384167,163.082877965951,-529.7395057785141,0.7307953943701473,165.33955556880917,-524.5721239031359,1.2873708410013338,-0.08326658278226451,0.2827232894615833,60.5868553695079,91.17414189993778,TRACK
5.144,163.8171068507357,-529.7971100630921,1.3685132419061035,1.30285407600434,0.1900127504675319,0.6921030107684024,0.7177126325033745,163.08712299909513,-529.7056312182309,0.7356934162497002,165.33955556880917,-524.5721239031359,1.2872677969822783,-0.08124544492382513,0.28228736749662553,-10.303860741015143,163.4412771564138,TRACK
5.2,163.82661165470782,-529.7610270006982,1.3658277115760447,1.306486090276433,0.18748292992384316,0.6927337231123439,0.7176558089710682,163.09172183754995,-529.6689333585954,0.7406377537488039,165.33955556880917,-524.5721239031359,1.287088565830749,-0.07873914574529572,0.2823441910289318,-10.303860741015143,163.4412771564138,TRACK
5.248,163.83513611384834,-529.7276941287805,1.3618907412142731,1.3113608825272762,0.1840214190167688,0.6933291110892261,0.7173347467819481,163.09596620362095,-529.6350641214293,0.7449513235423173,165.33955556880917,-524.5721239031359,1.2868750408273286,-0.0750157003869445,0.2826652532180519,40.13923229845074,115.48162332107327,TRACK
5.296,163.84441884673873,-529.6916095848695,1.3590539057832531,1.3140348062021827,0.18209385527703909,0.6935406600704141,0.7170472922343135,163.10056179134318,-529.5983922020241,0.7496751291901634,165.33955556880917,-524.5721239031359,1.2866506066579964,-0.07240329912525678,0.2829527077656865,40.13923229845074,115.48162332107327,TRACK
5.348,163.85289259821067,-529.6582805470024,1.35531773250287,1.3167602612978058,0.1801487770796327,0.6938256634936181,0.7168316630880966,163.10480490036466,-529.5645329958751,0.7539388615868805,165.33955556880917,-524.5721239031359,1.2864223713781966,-0.06889536112467343,0.28316833691190335,47.962028179032316,109.80922982828322,TRACK
5.396,163.86191469219756,-529.62211933787,1.3518402538358343,1.3200959088798827,0.17782233770580003,0.6943794350465403,0.7167869862118788,163.11506791243116,-529.4904301001421,0.758368095175944,165.33955556880917,-524.5721239031359,1.2861400459562224,-0.06570020787961184,0.28321301378812125,47.962028179032316,109.80922982828322,TRACK
5.448,163.87006468911093,-529.588665086808,1.3480748743662971,1.324206635207097,0.17501158033545888,0.6952838801076222,0.7169719152024193,163.12103467877992,-529.4565908866265,0.7605850055911259,165.33955556880917,-524.5721239031359,1.2858391568615843,-0.062235717504712795,0.2830280847975807,53.55864008331167,104.9701561721536,TRACK
5.5,163.87873404730485,-529.5523377398731,1.3437544671984913,1.3285255339109097,0.17210897660015553,0.6964455110545518,0.7173965776991055,163.12750843411865,-529.4198763956693,0.7628144791594083,165.33955556880917,-524.5721239031359,1.2854745246679187,-0.05827994253057267,0.2826034223008945,53.55864008331167,104.9701561721536,TRACK
5.548,163.88664080671091,-529.5187323661712,1.3409042696627247,1.332448882949555,0.16952428879268666,0.6977287654285002,0.7180277951423922,163.13349370945258,-529.3859322124824,0.7647656052205921,165.33955556880917,-524.5721239031359,1.2851114841141436,-0.055792785548581136,0.28197220485760777,59.770180408938955,98.76860758757084,TRACK
5.6,163.895205079455,-529.4822731194784,1.3366973171155763,1.3351248076270275,0.16783493118502402,0.6989224733458298,0.7187914773240803,163.13998685226431,-529.349107769702,0.766868685670568,165.33955556880917,-524.5721239031359,1.2847094667801486,-0.05198785033542763,0.28120852267591967,59.770180408938955,98.76860758757084,TRACK
5.648,163.9031786712962,-529.4485903647957,1.333410290237039,1.3362556811319641,0.16723347911229586,0.6999030272359433,0.7196049500038478,163.14598737576983,-529.3150771098369,0.7688721917656801,165.33955556880917,-524.5721239031359,1.284344416372998,-0.04906587386404104,0.28039504999615217,62.77220332054415,95.63866245767713,TRACK
5.7,163.91194730841036,-529.4120921934116,1.3307289024037807,1.3358209916677,0.16772143430684855,0.7005977366347815,0.7203941061000744,163.1524933374356,-529.2781799677227,0.7711697726300436,165.33955556880917,-524.5721239031359,1.2839676439372194,-0.04676125846656132,0.27960589389992563,62.77220332054415,95.63866245767713,TRACK
5.744,163.9201665019758,-529.3784027337456,1.3273271588891609,1.3343064149389774,0.16895055204753964,0.701040838877141,0.721112020986153,163.15850241335895,-529.2441008046859,0.7734139848992375,165.66948128170066,-524.1982726222919,1.2451235609130094,-0.08220359797615151,0.278887979013847,65.33291353848517,93.44874814650535,TRACK
5.8,163.9291779004318,-529.3419064280731,1.3242720739902993,1.3323499116074857,0.1704715022846258,0.7013247565271614,0.7217457635546325,163.16501537611938,-529.2071639573908,0.7759509629925705,165.66948128170066,-524.1982726222919,1.2445454582244453,-0.07972661576585405,0.2782542364453675,65.33291353848517,93.44874814650535,TRACK
5.848,163.93753882362358,-529.3082089976872,1.3205733114209401,1.330681653394026,0.17177154142512469,0.7015715216400454,0.7222936123349646,163.1710300887873,-529.173052826787,0.7783333675956083,165.66948128170066,-524.1982726222919,1.2440116894167446,-0.07656162200419558,0.2777063876650354,-6.859054138234882,166.5212207639526,TRACK
5.9,163.94621949984378,-529.2715876735485,1.3171605209020822,1.3332650854851487,0.17007913033148697,0.7025111707684859,0.722806236573,163.17755445846893,-529.136051287627,0.7805229386382395,165.66948128170066,-524.1982726222919,1.243352089247278,-0.07380843165480422,0.277193763427,-6.859054138234882,166.5212207639526,TRACK
5.952,163.95395576353363,-529.237694482912,1.3136013585350235,1.337863639921765,0.1669616907872888,0.7037701093905925,0.723303928554378,163.18358381232258,-529.1018571227327,0.7822561803100171,165.66948128170066,-524.1982726222919,1.242680406093478,-0.0709209524415455,0.276696071445622,46.83925369657682,113.81842112839205,TRACK
6.0,163.96238283417824,-529.2009716893244,1.310489996807251,1.3404426180364757,0.16524576681203001,0.7046232202512919,0.7237403166651671,163.19011788715815,-529.0648005429096,0.7841783786307083,165.66948128170066,-524.1982726222919,1.2419507740497413,-0.06853922275750968,0.27625968333483286,46.83925369657682,113.81842112839205,TRACK
6.048,163.9701142760994,-529.1670484341532,1.3058193708649377,1.3426398122950722,0.16378484576955155,0.7053621621200279,0.7241279275476097,163.20427516614254,-528.9922506548729,0.7855340896363697,165.66948128170066,-524.1982726222919,1.2412579264372248,-0.06456144442771294,0.2758720724523903,50.14636221714737,111.37788024582038,TRACK
6.1,163.97841482672894,-529.1302663351461,1.302710516389446,1.3448139247738957,0.1623292405259725,0.7060572256184822,0.724477458709246,163.21266574993038,-528.9554891053467,0.7854417411076267,165.66948128170066,-524.1982726222919,1.2404813403015709,-0.06222917608787504,0.27552254129075404,50.14636221714737,111.37788024582038,TRACK
6.148,163.98600545417898,-529.0962844745263,1.2980674572988873,1.3469917384669778,0.16086233149844253,0.7067215970043339,0.7247979755542029,163.22041369251917,-528.9215431508808,0.7852803803169691,165.66948128170066,-524.1982726222919,1.2397396435980061,-0.05832781370088114,0.2752020244457971,56.42721917550702,106.08343380567163,TRACK
6.2,163.99419363371052,-529.0594482225163,1.294999481163656,1.348769376540378,0.1596732623209184,0.707305349659004,0.7251044120376394,163.2288104602422,-528.8847545077642,0.7850664278915054,165.66948128170066,-524.1982726222919,1.2389170073295575,-0.05608247383409859,0.2748955879623606,56.42721917550702,106.08343380567163,TRACK
6.248,164.00175165094407,-529.0254294765938,1.2904630488453663,1.3499623466479385,0.1588981628365599,0.7078018329631081,0.7254185418768736,163.23656479008417,-528.8507805689136,0.7848650667385515,165.66948128170066,-524.1982726222919,1.238145847668696,-0.05231720117667038,0.2745814581231264,61.05728862152429,102.38336503399981,TRACK
6.3,164.00999299490493,-528.9885655757378,1.287490389354922,1.3502738717431555,0.1587543901957159,0.708193601033841,0.7257693386687625,163.2449701884663,-528.8139541124086,0.7846967933521654,165.66948128170066,-524.1982726222919,1.2373078463049276,-0.05018254304999448,0.2742306613312375,61.05728862152429,102.38336503399981,TRACK
6.348,164.01767542658462,-528.9545266490787,1.2836993302753341,1.349764472058811,0.1592080846249044,0.7085263475608036,0.7261933622650261,163.25273505680676,-528.7799340013795,0.7846122366790601,165.66948128170066,-524.1982726222919,1.236536598672296,-0.04716273160303808,0.27380663773497393,65.33798358046556,98.87584965107575,TRACK
6.4,164.02610437420714,-528.9176360519684,1.279437414445698,1.3485037496346874,0.16021855631160764,0.7088442218492385,0.7267256130312376,163.2611555360257,-528.7430414714114,0.7846209228633891,166.01763181913816,-523.8413315074039,1.196929547975869,-0.08250786646982888,0.2732743869687624,65.33798358046556,98.87584965107575,TRACK
6.448,164.03397839525914,-528.8835592005765,1.2766709272728,1.346824889258502,0.161556798440073,0.709225785601184,0.7273938507327533,163.2689381184848,-528.7089437497573,0.7847147129701055,166.01763181913816,-523.8413315074039,1.1959854714338845,-0.08068545583891562,0.2726061492672467,-6.6511037708932434,171.30857706762794,TRACK
6.5,164.04223280845954,-528.8464943633702,1.2732394872018682,1.34852507595434,0.16057046937338615,0.7104716264527038,0.7283905598160507,163.27738775550526,-528.6719234711139,0.7845144686057703,166.01763181913816,-523.8413315074039,1.194891236962093,-0.07834825023977521,0.2716094401839493,-6.6511037708932434,171.30857706762794,TRACK
6.548,164.04968788773377,-528.8121649356782,1.2684038437621168,1.3514842286633182,0.15873075813390997,0.7121253007817612,0.7296011907825258,163.28520438819984,-528.6376765656308,0.7841436171655152,166.01763181913816,-523.8413315074039,1.1938309909694313,-0.07457285279268544,0.27039880921747417,42.13737426182118,122.3579730809794,TRACK
6.6,164.05790254032576,-528.7749487100536,1.2649867835593875,1.3522100890729731,0.15846592369465362,0.7133752718272115,0.7307637972881167,163.29368489893773,-528.6005210203931,0.7838709219820561,166.01763181913816,-523.8413315074039,1.1926891721643282,-0.0722976113950593,0.2692362027118833,42.13737426182118,122.3579730809794,TRACK
6.648,164.0654879940243,-528.740537577877,1.2605186866829754,1.352778795284239,0.15831345028670438,0.7146084321421713,0.7319346690998951,163.30152571231937,-528.5661681723979,0.7836089952488751,166.01763181913816,-523.8413315074039,1.1916171528934907,-0.06890153378948471,0.26806533090010487,48.597510813753885,115.5335006592233,TRACK
6.7,164.07366720076317,-528.7031916339824,1.256379343920144,1.3536247090770144,0.15795609573646696,0.7158624109521731,0.733081932388574,163.32078070103594,-528.4913622179973,0.7821187780306165,166.01763181913816,-523.8413315074039,1.190428160466902,-0.06595118345324202,0.266918067611426,48.597510813753885,115.5335006592233,TRACK
6.748,164.0811345084731,-528.6686486415199,1.251921008811206,1.355124582533432,0.15712058094694697,0.7171865538249897,0.7341957708571134,163.33033442825132,-528.4574062529625,0.7799513492420227,166.01763181913816,-523.8413315074039,1.189295565774494,-0.06262544303671214,0.2658042291428866,53.654419124670994,110.8609857898733,TRACK
6.8,164.08915019666463,-528.6311607930218,1.24783421286793,1.3568872523798536,0.1560801250585344,0.718493317185199,0.7352507410931857,163.3406961574781,-528.4205784780645,0.7775142186142883,166.01763181913816,-523.8413315074039,1.1880332717311628,-0.05980094113676726,0.26474925890681433,53.654419124670994,110.8609857898733,TRACK
6.848,164.0965226889124,-528.596512078656,1.2434601500792233,1.3583809983738449,0.15520983726125231,0.7196675317539301,0.7362142689757231,163.35027049310807,-528.3865492663701,0.7752268843930532,166.01763181913816,-523.8413315074039,1.186843512057141,-0.05661663802208228,0.26378573102427694,58.02524579460946,106.99919116757157,TRACK
6.9,164.10454289830307,-528.5589481254397,1.2394808675390259,1.3591055071157603,0.15486857281092412,0.7206181961348087,0.7370718143065017,163.36065239582504,-528.3496497906257,0.7727734937437436,166.01763181913816,-523.8413315074039,1.1855402178098142,-0.05394064972921164,0.2629281856934983,58.02524579460946,106.99919116757157,TRACK
6.948,164.11204307013168,-528.5242682939516,1.2352468852399858,1.3586503772351384,0.15535332524405066,0.7212755987543368,0.737816471097529,163.37024421011589,-528.3155584560777,0.7706006392069031,166.01763181913816,-523.8413315074039,1.184337217644109,-0.050909667595876895,0.262183528902471,62.22095749682087,103.59401947422434,TRACK
7.0,164.12033118113584,-528.4867065748524,1.2314133374946619,1.3568878984987132,0.15676502393665087,0.7216484023583115,0.7384793086851941,163.38064518216396,-528.2785912039016,0.7684057422358559,166.38314162403026,-523.5021879703237,1.144647762442023,-0.08676557505263882,0.26152069131480593,62.22095749682087,103.59401947422434,TRACK
7.048,164.12813569231068,-528.4520369008353,1.2273547757252998,1.3542546070808994,0.15880515954202762,0.7218711679075571,0.739132641515303,163.39025667290193,-528.2444299351032,0.7665286031871965,166.38314162403026,-523.5021879703237,1.143319507397569,-0.08403526832773078,0.260867358484697,-10.467597112830475,177.2452972688083,TRACK
7.1,164.1363945088553,-528.4143408452378,1.2224729322902186,1.3545563543427745,0.15881154198335487,0.7229397102769834,0.7401776344652002,163.4006905199575,-528.2073458382047,0.7642691228989786,166.38314162403026,-523.5021879703237,1.141817681804237,-0.08065525048598166,0.25982236553479976,-10.467597112830475,177.2452972688083,TRACK
7.148,164.14390753319697,-528.3794318417359,1.2188754153863905,1.3560508601378904,0.15800997144723883,0.7244556288811468,0.7414870931407607,163.4103430262166,-528.1730387915785,0.7620465714473384,166.38314162403026,-523.5021879703237,1.1403851765834025,-0.078490238802988,0.25851290685923933,43.01731498754918,123.95261471212777,TRACK
7.2,164.15223592052368,-528.3415981813554,1.2143488772564734,1.3553731353672818,0.15876293460127527,0.725545795949561,0.7427128458720038,163.4208178525952,-528.1358090455077,0.7598167927370096,166.38314162403026,-523.5021879703237,1.1388431794473708,-0.07550569780910266,0.2572871541279962,43.01731498754918,123.95261471212777,TRACK
7.248,164.15996099432476,-528.3066068049759,1.2086811600147698,1.3547191856288507,0.1595245706237274,0.7267502201342579,0.7440523980862349,163.43050738970803,-528.1013703834035,0.7577760553278241,166.38314162403026,-523.5021879703237,1.1374012348485856,-0.0712799251661842,0.2559476019137651,45.10276882123327,121.29023303248869,TRACK
7.3,164.1682687341039,-528.2685868681596,1.2037743381728776,1.3550523877887415,0.1596084501880097,0.7282910639664832,0.74557543630732,163.4524569254562,-528.028086890953,0.7551336202526266,166.38314162403026,-523.5021879703237,1.135797887188861,-0.06797645098401661,0.25442456369267996,45.10276882123327,121.29023303248869,TRACK
7.348,164.17585094797886,-528.2333749799311,1.200005668153879,1.3563357177499977,0.1590324687938523,0.7301425432439644,0.7472613060940811,163.46385656451957,-527.9941575893761,0.7511064917982867,166.38314162403026,-523.5021879703237,1.1342727199388096,-0.06573294821506948,0.25273869390591885,53.369684475056644,112.84161099064842,TRACK
7.4,164.18401078142693,-528.1951162846591,1.1955161481743937,1.3578573273506263,0.15829306061651538,0.7321031020548694,0.7490204570488754,163.4762346314654,-527.9573161451857,0.7466565373637026,166.38314162403026,-523.5021879703237,1.132578448266163,-0.06293769990823073,0.25097954295112457,53.369684475056644,112.84161099064842,TRACK
7.444,164.19153715105753,-528.1597139596421,1.190725416067266,1.3590744171967102,0.15777026795716936,0.7340089695846452,0.7507733512066006,163.48768609932424,-527.9232325830377,0.7425158210481257,166.38314162403026,-523.5021879703237,1.1309840598765468,-0.059741356190719186,0.2492266487933994,53.465410945997405,112.14427924203585,TRACK
7.5,164.19977370488863,-528.1213060127047,1.1852811241967265,1.3592403716453711,0.15798901726608042,0.735620857692985,0.7523952258285965,163.5001170077128,-527.8862338642848,0.738091057299685,166.38314162403026,-523.5021879703237,1.1292420366353664,-0.05603908756136011,0.24760477417140347,53.465410945997405,112.14427924203585,TRACK
7.548,164.207528369764,-528.085834872139,1.1817038379019231,1.3579490395482028,0.1592372926058141,0.7367972907922404,0.7538081739243844,163.51161240797953,-527.8520195439692,0.7341448314560053,166.38314162403026,-523.5021879703237,1.1276362235664577,-0.054067614335465475,0.24619182607561563,60.7554835647233,104.89404508791242,TRACK
7.6,164.2161717666567,-528.0474242621548,1.1764311393005387,1.3549682684816964,0.16168095004845076,0.7374511908318615,0.7549668790535783,163.52408538796374,-527.8148956054747,0.7301048772263883,166.7651019814115,-523.1816851753206,1.0882492074992978,-0.0881819318012409,0.2450331209464217,60.7554835647233,104.89404508791242,TRACK
7.648,164.2243820348878,-528.0119892648173,1.1729987286638022,1.3508094137560178,0.16495915671677558,0.7377234629596964,0.7559414204724836,163.5356160900654,-527.7805762145864,0.726602041398383,166.7651019814115,-523.1816851753206,1.0865689623971484,-0.08642976626665377,0.24405857952751642,-11.884447497588724,178.49682561914153,TRACK
7.7,164.23314011014546,-527.9734591677151,1.167662023811857,1.349573207714172,0.16617203533082564,0.7388574429580959,0.7573133211165409,163.54813677573023,-527.7433102873488,0.7226327388749021,166.7651019814115,-523.1816851753206,1.0846895730126522,-0.08297245079920468,0.24268667888345907,-11.884447497588724,178.49682561914153,TRACK
7.748,164.2411547692817,-527.9377804594969,1.1637548269378528,1.3496634527561024,0.166452045833531,0.740414585346719,0.7588939594938952,163.55972121332084,-527.7088309609046,0.7188668611746879,166.7651019814115,-523.1816851753206,1.0829098799625891,-0.08084494697526368,0.24110604050610485,39.066141560540174,128.00055144420935,TRACK
7.796,164.2500340879765,-527.8991211993647,1.158872351619407,1.3480364675103578,0.16795847485291782,0.741476039057815,0.7602609853016165,163.5722931917653,-527.6714123684659,0.7149713519200906,166.7651019814115,-523.1816851753206,1.0809872122701387,-0.07788513934926833,0.23973901469838355,39.066141560540174,128.00055144420935,TRACK
7.848,164.25825492992874,-527.8633594840846,1.1527605452612784,1.3469149306899157,0.16911664788946074,0.7427219326379134,0.761732439781033,163.58392360326644,-527.6367962076303,0.7113744839083566,166.7651019814115,-523.1816851753206,1.0791851309555147,-0.07357541430576364,0.238267560218967,42.18351317705681,124.35886018686055,TRACK
7.896,164.26710410624142,-527.8244971534807,1.148681159518436,1.3469124970648958,0.1694875847711862,0.7443426352795828,0.763395048507995,163.5965538316794,-527.5992042429702,0.7073857266311581,166.7651019814115,-523.1816851753206,1.077185258873928,-0.07149590064450817,0.236604951492005,42.18351317705681,124.35886018686055,TRACK
7.948,164.27519277430676,-527.7884973823473,1.1425686371092756,1.3479206935247197,0.1691468014110469,0.7463210441131145,0.7652488100700827,163.62180862184985,-527.5320629991552,0.701904155540435,166.7651019814115,-523.1816851753206,1.075288255885097,-0.06728038122417868,0.23475118992991728,48.24221315643118,118.11665973393119,TRACK
8.0,164.28392043350576,-527.749378049312,1.1385436968393452,1.3491046973275123,0.16868928091042462,0.7484118817955594,0.7671873423791913,163.63627748991829,-527.4951969245586,0.6957366071722303,166.7651019814115,-523.1816851753206,1.0731870092387852,-0.06535668760056002,0.23281265762080872,48.24221315643118,118.11665973393119,TRACK
8.048,164.29201549262933,-527.7131857388463,1.133329557858095,1.3496832510848598,0.16867450536785256,0.7503699869795677,0.7690944065072937,163.64966648180635,-527.4610823295961,0.690049549424393,166.7651019814115,-523.1816851753206,1.071218516154791,-0.06211104170330417,0.23090559349270634,51.84958766103992,113.6731559802677,TRACK
8.1,164.30093663004317,-527.6739392505921,1.1285831946440665,1.3488399893860643,0.16968454569761499,0.7518995470938847,0.7708085196523161,163.66420441795512,-527.4240402724009,0.6840156498293851,166.7651019814115,-523.1816851753206,1.0690774145667536,-0.059505780077312886,0.22919148034768388,51.84958766103992,113.6731559802677,TRACK
8.144,164.30938721946575,-527.6377136099384,1.1235064715632737,1.3463035719712761,0.17191383590976164,0.7528800020442332,0.7722581592028233,163.6776521990597,-527.3897758849577,0.6786473690187219,166.7651019814115,-523.1816851753206,1.0671094101918979,-0.05639706137137579,0.22774184079717674,55.63221267202648,109.89429970637441,TRACK
8.2,164.31883291880465,-527.5984995124375,1.1189053207905388,1.342133790680768,0.17532081581469117,0.7533130422003012,0.7734454912965758,163.6922491349668,-527.3525834988299,0.6731136040203043,166.7651019814115,-523.1816851753206,1.0649992191617845,-0.05390610162875431,0.2265545087034242,55.63221267202648,109.89429970637441,TRACK
8.248,164.32781347091293,-527.5623292905235,1.1132828123530727,1.336975221275915,0.17944172273578485,0.7533946788860723,0.7744694145234104,163.70574880518691,-527.3181869000765,0.6682588983006449,167.16256327765092,-522.8806199428423,1.026346459095138,-0.08693635325793458,0.22553058547658955,59.816963755503636,106.76367073978052,TRACK
8.3,164.33778560361796,-527.5231545887467,1.1096027945437579,1.331557918604734,0.18375724375442676,0.7533824186198029,0.7754687571512136,163.7204026083461,-527.2808496185535,0.6632295691773745,167.16256327765092,-522.8806199428423,1.024182428720633,-0.08542036582312496,0.22453124284878645,59.816963755503636,106.76367073978052,TRACK
8.348,164.34714507350176,-527.4869684832851,1.104931482429265,1.3266928343381412,0.18768834300978623,0.7535555910939847,0.776577712125943,163.7339582560397,-527.2463103915237,0.6587217851562793,167.16256327765092,-522.8806199428423,1.0221793666688723,-0.08275211576039276,0.22342228787405705,-9.976072080825091,177.41146749243984,TRACK
8.4,164.3570508958136,-527.4475362817294,1.1005241911771302,1.3259844393526792,0.18867122697824054,0.7552201831433881,0.7784307014221673,163.748690780646,-527.2087725310247,0.6535366541956947,167.16256327765092,-522.8806199428423,1.0199195695754624,-0.08060462160166781,0.2215692985778327,-9.976072080825091,177.41146749243984,TRACK
8.444,164.36605032922773,-527.4109568137386,1.0953135335206396,1.327243610396454,0.1882571661806749,0.7576184064761546,0.7806576781469878,163.762332150043,-527.1740148886569,0.6485500102070587,167.16256327765092,-522.8806199428423,1.0177634909686228,-0.0775500425520168,0.21934232185301217,38.63250606104755,127.71867847977369,TRACK
8.5,164.375965072919,-527.3713039029739,1.09028424878716,1.326729651140565,0.18910100978559435,0.7593465558952786,0.7825384232431996,163.77714092561553,-527.1362827438643,0.6432925497959257,167.16256327765092,-522.8806199428423,1.0154188036666778,-0.07486544512048221,0.21746157675680045,38.63250606104755,127.71867847977369,TRACK
8.548,164.38518612418758,-527.3346394516877,1.0840026122234714,1.3259136069283377,0.19015248852738303,0.7609202186266177,0.7843197995766371,163.80462705142062,-527.0726812222053,0.6369230337847578,167.16256327765092,-522.8806199428423,1.0132285398595449,-0.07077407236392652,0.2156802004233629,42.69902643126599,121.41338558998572,TRACK
8.6,164.39525198081265,-527.2948640302468,1.0785473783864066,1.3248663095549535,0.19135007559609835,0.7623173248828347,0.785966001330308,163.82124119401539,-527.0358604999143,0.6297390031467884,167.16256327765092,-522.8806199428423,1.0108283604078843,-0.06771901797852231,0.21403399866969197,42.69902643126599,121.41338558998572,TRACK
8.648,164.40463328232994,-527.2581143930427,1.0743855573829264,1.3234585987497223,0.1927828727010667,0.7634723657873537,0.7874358953767694,163.8366052011937,-527.0018103623063,0.6231754625553222,167.16256327765092,-522.8806199428423,1.008591840970751,-0.06579371641217535,0.2125641046232306,49.410504827840974,114.42423096813837,TRACK
8.7,164.41492856766342,-527.2182856475116,1.0681908490357936,1.321487636837592,0.19460405700029615,0.7643351326823269,0.7887198070629929,163.8532781439793,-526.9648593254061,0.6161786260172156,167.16256327765092,-522.8806199428423,1.0061534809172192,-0.06203736811857441,0.21128019293700706,49.410504827840974,114.42423096813837,TRACK
8.748,164.42458574854345,-527.1815245344706,1.064160937618528,1.3188251340766914,0.19690958096705102,0.7648676188345189,0.7898074812371725,163.86869312028878,-526.9306962286,0.6098618312156954,167.16256327765092,-522.8806199428423,1.0038953072045034,-0.06026563041402455,0.21019251876282752,51.52640563929877,112.20900088552206,TRACK
8.8,164.43523922975345,-527.1417203431778,1.0593527849007216,1.3154767500099895,0.199697351157426,0.7650767782514938,0.7907094970208577,163.88541744929023,-526.8936313081472,0.6032015911568535,167.16256327765092,-522.8806199428423,1.0014465439236182,-0.057906240977103396,0.2092905029791423,51.52640563929877,112.20900088552206,TRACK
8.848,164.4452493789724,-527.1049993232003,1.0534309674441196,1.3116849467686245,0.20279394964044842,0.7650573431990366,0.7914784421533799,163.90087710218094,-526.8593691978663,0.5972230188218907,167.5745373613412,-522.599740768493,0.9637133988190648,-0.08971756862505476,0.20852155784662008,52.55331034379033,111.37986570771902,TRACK
8.9,164.45629295993697,-527.0652481244325,1.0495545962869743,1.3075230777340325,0.20614786222021025,0.7648434186319915,0.7921378643409457,163.91764755291868,-526.822202061146,0.5909401521144046,167.5745373613412,-522.599740768493,0.9612151316118824,-0.0883394646750919,0.20786213565905431,52.55331034379033,111.37986570771902,TRACK
8.948,164.46665035718132,-527.0285725604525,1.0445723453971636,1.3033290650751514,0.20951879868317758,0.7645742094649435,0.7927621640697702,163.9331489042456,-526.7878475376375,0.5852967938523301,167.5745373613412,-522.599740768493,0.9589037459863612,-0.0856685994108024,0.20723783593022982,-13.586716512490455,177.6742864687118,TRACK
9.0,164.4777221647925,-526.9886717126676,1.0398886263543972,1.3022037275965688,0.21070900114244662,0.765536634704471,0.7940054296017718,163.94998023173054,-526.7505454841864,0.5789781071877075,167.5745373613412,-522.599740768493,0.9563240548446157,-0.08356457150978147,0.20599457039822822,-13.586716512490455,177.6742864687118,TRACK
9.048,164.48791439984856,-526.9517442828841,1.0335293545893154,1.3019544971111965,0.2112792313596421,0.7668613213961586,0.7954339695143674,163.96554806682633,-526.7160436175108,0.5730806134677028,167.5745373613412,-522.599740768493,0.9538946805559911,-0.07963467403332425,0.2045660304856326,33.64172911660973,129.50742787245278,TRACK
9.1,164.49921397354385,-526.911811415383,1.0291070307371117,1.2995295280476087,0.21338632333278518,0.7672387747801541,0.7963598812795858,163.98242992644788,-526.678629573341,0.5669563676253883,167.5745373613412,-522.599740768493,0.9512731074237745,-0.07783392331333727,0.2036401187204142,33.64172911660973,129.50742787245278,TRACK
9.148,164.50978542219914,-526.8749646453908,1.0224442345050893,1.2966782841106723,0.21578458994452748,0.7673795681333149,0.7971413869860231,164.01163151225413,-526.6195760372018,0.559804125731708,167.5745373613412,-522.599740768493,0.9488420108105173,-0.07360222369457192,0.2028586130139769,38.29513843709438,123.7358983069513,TRACK
9.2,164.5213408834258,-526.8350395723013,1.0180449211480718,1.2940092952869835,0.21803712633571443,0.7675231727738999,0.7978922290670903,164.03024487129323,-526.5832693371955,0.5518727610760996,167.5745373613412,-522.599740768493,0.946185525344415,-0.07185939580365674,0.20210777093290966,38.29513843709438,123.7358983069513,TRACK
9.248,164.53205709904208,-526.7981557828016,1.0122993801703353,1.291916451167594,0.21986320432018394,0.7678343607384301,0.7986923275858687,164.04744889281804,-526.5497116517132,0.54458204139683,167.5745373613412,-522.599740768493,0.9437021534797613,-0.068597226690574,0.20130767241413128,42.99474279657677,123.7358983069513,TRACK
9.3,164.54373017393286,-526.7581689070284,1.0070424762868415,1.2901104148402467,0.22147985611144605,0.7682347675684126,0.7995235986286082,164.06611182054695,-526.5133082644005,0.5367271427822831,167.5745373613412,-522.599740768493,0.9409791119783671,-0.06606336430847437,0.20047640137139178,42.99474279657677,119.41569019547664,TRACK
9.348,164.55459305247135,-526.7212522899515,1.000554471580712,1.2881850171294622,0.22317039581559206,0.7685362651054916,0.800283085133496,164.08335969373525,-526.4796650430841,0.529551958012326,167.5745373613412,-522.599740768493,0.938441655186993,-0.06211281639371902,0.199716914866504,46.58456653470137,115.28279946767944,TRACK
9.4,164.56651232073384,-526.6812949076842,0.99497915761576,1.2856320955265343,0.225286601354577,0.7684924914253257,0.8008337918238718,164.1020618877894,-526.4431850639703,0.521929595190515,167.5745373613412,-522.599740768493,0.9356800238421724,-0.05929913377358753,0.19916620817612818,46.58456653470137,115.28279946767944,TRACK
9.448,164.57769135891238,-526.6444740602942,0.9907547322038909,1.28227060523791,0.22795011093232703,0.7680054649785741,0.801120245226031,164.11933668317877,-526.409489328958,0.5150794431231109,167.9999999999988,-522.3397459621563,0.8991045208377307,-0.09165021136616014,0.19887975477396902,52.59915598844688,109.2215464658722,TRACK
9.5,164.5900592391242,-526.6047015439952,0.9857581628238511,1.2777349397463351,0.23141291968561353,0.766903181171432,0.8010570695576454,164.13805719616144,-526.3729736174522,0.5079406252530387,167.9999999999988,-522.3397459621563,0.8963447784093512,-0.08941338441449986,0.19894293044235456,52.59915598844688,109.2215464658722,TRACK
9.548,164.60171779017693,-526.5681046635732,0.9804690965254111,1.2723694379723174,0.23542866588849312,0.7653393208388996,0.8007314985337992,164.15534086803822,-526.3392605682105,0.5016193542920602,167.9999999999988,-522.3397459621563,0.8938104936320181,-0.086658602893393,0.1992685014662008,-15.807537720965215,178.62357768459214,TRACK
9.6,164.61429310689624,-526.5283709430233,0.9754950357883929,1.2695367253036158,0.23767018766900913,0.7649090622462781,0.8009825164216149,164.1740888045287,-526.3026913651738,0.4946828273563008,167.9999999999988,-522.3397459621563,0.8910088931115031,-0.08448614267688981,0.1990174835783851,-15.807537720965215,178.62357768459214,TRACK
9.644,164.62594164660933,-526.4916694906501,0.969680608848568,1.2674098943362868,0.23942289072615888,0.7648056473481598,0.8014056393732877,164.1914128457345,-526.2688995726428,0.48830494074779107,167.9999999999988,-522.3397459621563,0.8883897595383697,-0.08129084931019825,0.19859436062671232,31.944494630040268,131.1814589203321,TRACK
9.7,164.6388546848806,-526.4520548335518,0.9627191600467674,1.263308675347001,0.2425395596440696,0.7637607858613762,0.8013463520924807,164.21018273552082,-526.2322875481183,0.48172326071586635,167.9999999999988,-522.3397459621563,0.8855726252042955,-0.07714653484247191,0.19865364790751927,31.944494630040268,131.1814589203321,TRACK
9.748,164.65091942169673,-526.415537181402,0.9580313410502377,1.259247882465543,0.24562275305281278,0.7627190577352916,0.8012932658208567,164.24029821221782,-526.1784649155745,0.4741445316551549,167.9999999999988,-522.3397459621563,0.8829625911022584,-0.0750687499479793,0.1987067341791433,39.916596869170874,122.6835877673539,TRACK
9.8,164.66408113224773,-526.3759886531226,0.9524581108124272,1.2558447605501646,0.24824322588531156,0.7619594047931139,0.8013780841466918,164.2607136549417,-526.1431043315177,0.46576864320988987,167.9999999999988,-522.3397459621563,0.8801096714282922,-0.07234843938413493,0.19862191585330824,39.916596869170874,122.6835877673539,TRACK
9.848,164.67626192451203,-526.3394588120078,0.9464900904564674,1.2534274143026531,0.2501763737526611,0.7616370379107256,0.801672748383937,164.27957673820856,-526.1104325129121,0.4580525981916304,167.9999999999988,-522.3397459621563,0.8774401272051497,-0.06904996325131763,0.19832725161606302,40.20367653477925,122.71062456770215,TRACK
9.9,164.6895032353771,-526.2998664697676,0.9410135280853702,1.2515431895024294,0.251738850684795,0.7615509935664777,0.802080023904218,164.30003105301248,-526.0750046004376,0.4497237386601063,167.9999999999988,-522.3397459621563,0.8745107164926765,-0.06650281159269367,0.19791997609578205,40.20367653477925,122.71062456770215,TRACK
9.948,164.70180304765472,-526.2633283184733,0.9351432595012807,1.2496301850586566,0.25331638413618573,0.7614321656723382,0.8024637894586264,164.31892748969597,-526.0422750120198,0.44210661290719366,167.9999999999988,-522.3397459621563,0.8717798022297596,-0.06336345727152115,0.1975362105413736,45.22491107289977,116.84568757914226,TRACK
10.0,164.71530191421226,-526.2238287381509,0.9297650959876285,1.246781399198941,0.2555134053642756,0.7607934675493242,0.8025545467982679,164.33940602633436,-526.0068051460975,0.43404718410710325,167.9999999999988,-522.3397459621563,0.8688145524289725,-0.06095054355865592,0.19744545320173212,45.22491107289977,116.84568757914226,TRACK
10.048,164.72799684971113,-526.1875077777917,0.9240047317528777,1.2425032557121356,0.2586509514993802,0.7593560898600143,0.8021982210894169,164.35830719738956,-525.9740673575072,0.42688084056892905,168.43789342646718,-522.101281911886,0.833632064560431,-0.09037266719244663,0.19780177891058315,48.821302909884125,113.34037948230987,TRACK
10.1,164.7420578106325,-526.1483597933208,0.917501559398118,1.236727872386238,0.2627642015992021,0.7570775077323839,0.8013809196358146,164.37877401214928,-525.9386177944743,0.419483997692991,168.43789342646718,-522.101281911886,0.8307301476841021,-0.08677141171401581,0.1986190803641854,48.821302909884125,113.34037948230987,TRACK
10.148,164.75532717017535,-526.112419003936,0.9131998264008575,1.229883028135176,0.2675524777060693,0.7541686359566451,0.8002216316667298,164.39765417035463,-525.9059164012077,0.4130052054566708,168.43789342646718,-522.101281911886,0.8280786886871291,-0.08512113771372842,0.19977836833327023,-9.012369205762525,173.09751325292035,TRACK
10.2,164.76973138312877,-526.0734724215854,0.9066607736988913,1.2252236632686562,0.2708605438492879,0.75235007150088,0.7996224510990867,164.41811958844607,-525.8704692572752,0.40600632862054814,168.43789342646718,-522.101281911886,0.8251696459600298,-0.08149112773886147,0.2003775489009133,-9.012369205762525,173.09751325292035,TRACK
10.248,164.78310648621058,-526.0375459079206,0.9020282299786692,1.2214394727196043,0.27358614680692517,0.7509917086145663,0.7992733738418202,164.43702000096806,-525.837732782503,0.3996262508352749,168.43789342646718,-522.101281911886,0.8224613000083858,-0.07956692997028336,0.20072662615817982,34.40736652178235,130.72787658713497,TRACK
10.296,164.79788111714845,-525.9988076668742,0.8963185343329985,1.2161944383384438,0.27727562673705286,0.7488827714888152,0.7985657008757604,164.4574878091246,-525.8022814988564,0.3930523360358068,168.43789342646718,-522.101281911886,0.8195490127487394,-0.07676952158425909,0.2014342991242396,34.40736652178235,130.72787658713497,TRACK
10.348,164.81163580558666,-525.9631015361164,0.8901582048863665,1.2116154459559194,0.2805237605743788,0.7471310049102443,0.7980590947699192,164.48763513116674,-525.7538397138894,0.38570318545003845,168.43789342646718,-522.101281911886,0.8168460686310742,-0.07331213625529232,0.2019409052300808,36.77399642548292,127.96860449936815,TRACK
10.4,164.82659158585014,-525.9244217557879,0.884475006384778,1.208197615623385,0.28300434999290663,0.745979828479598,0.7978579864946882,164.50966588459642,-525.7197294357065,0.3772808582680069,168.43789342646718,-522.101281911886,0.8138845929962132,-0.07059041338856487,0.2021420135053118,36.77399642548292,127.96860449936815,TRACK
10.448,164.84043229809055,-525.8887074280038,0.877392343689303,1.20570542859422,0.2848746875817045,0.745303861936994,0.797891868766045,164.53001689688858,-525.6882199055036,0.36953074023909716,168.43789342646718,-522.101281911886,0.8111158912550657,-0.0662764524342373,0.202108131233955,42.89582865414542,121.70134281625707,TRACK
10.5,164.8555065367768,-525.8500405208222,0.8727169710374536,1.2033832252549466,0.28662976885481317,0.7447055393664026,0.7979617564499994,164.55207665234454,-525.6540647234011,0.3612149054806497,168.43789342646718,-522.101281911886,0.8080880918796972,-0.06462887915775639,0.20203824355000055,42.89582865414542,121.70134281625707,TRACK
10.548,164.8695537980535,-525.814419707556,0.8666885885356916,1.2005075606799471,0.2887372965648052,0.7437936973207073,0.797871098988778,164.5724458441623,-525.6225270457869,0.3536890299489545,168.43789342646718,-522.101281911886,0.8052813652170825,-0.06140722331860915,0.20212890101122205,46.424864023681415,117.35511604306018,TRACK
10.6,164.88500353751385,-525.7759899510027,0.8598655534911471,1.1963253301292818,0.2916678737503515,0.7421277262136454,0.7973855470179319,164.59450804859972,-525.5883680719195,0.34581729076227424,168.43789342646718,-522.101281911886,0.802251150807313,-0.05761440268383411,0.20261445298206815,46.424864023681415,117.35511604306018,TRACK
10.648,164.8995362162748,-525.7407201494019,0.8553758883731443,1.190606926605937,0.29555156723637793,0.7395586587109901,0.7964281126192608,164.6148601515905,-525.5568568529847,0.3388896185685879,168.88712896869268,-521.8849414768838,0.7685939518870508,-0.08678193648609345,0.20357188738073917,53.16761915672112,111.43112515330748,TRACK
10.7,164.91561852100781,-525.7027735384726,0.8487482769571159,1.1833931319414814,0.3003548005604011,0.7361230094173027,0.7950409368160011,164.6368883606631,-525.5227505142373,0.33181137946220857,168.88712896869268,-521.8849414768838,0.7656714084099544,-0.08307686854716145,0.20495906318399892,53.16761915672112,111.43112515330748,TRACK
10.748,164.93077274521178,-525.6679891666109,0.8435808532579243,1.1752119143120476,0.3057301718515285,0.7321160009456552,0.7933881627684042,164.657202183539,-525.4912985645133,0.3256691896443351,168.88712896869268,-521.8849414768838,0.7630088972378691,-0.08057195602005518,0.20661183723159582,-5.566026504212985,172.52583857871912,TRACK
10.8,164.94723932814136,-525.6303098024221,0.8392312532150313,1.1694766164100867,0.3095573814218305,0.7294865057321078,0.7924495784830611,164.67922170889275,-525.4572056707924,0.31905874790538263,168.88712896869268,-521.8849414768838,0.7600925988837407,-0.07913865433129064,0.20755042151693892,-5.566026504212985,172.52583857871912,TRACK
10.848,164.96250875354315,-525.5955453376243,0.8322619442553768,1.1650934900743168,0.3125518581455249,0.7276571178758945,0.7919428926543086,164.69956036928147,-525.4257152650766,0.31302413058323003,168.88712896869268,-521.8849414768838,0.7573753668647654,-0.07488657739061144,0.20805710734569138,34.67777547745055,133.23162688859264,TRACK
10.9,164.9793041500917,-525.5580601811191,0.8274933183842884,1.159666330655663,0.31620464610220367,0.7252810646352827,0.7912129934063956,164.7215881723242,-525.3916095549863,0.30679526746132557,168.88712896869268,-521.8849414768838,0.7544480360949369,-0.07304528228935148,0.20878700659360439,34.67777547745055,133.23162688859264,TRACK
10.948,164.9949193973954,-525.5235086626967,0.8203605282393645,1.1550034013598112,0.3193941982224721,0.723370847176297,0.7907452411508585,164.75101689390084,-525.3481547045684,0.3003954757351986,168.88712896869268,-521.8849414768838,0.751730117097085,-0.06863041114227941,0.20925475884914146,41.19359268559969,125.73764755318959,TRACK
11.0,165.01192089449881,-525.4861032791777,0.8155833306891771,1.1512205314784072,0.3220393824253329,0.7219580551197928,0.7905269111075496,164.77453906048748,-525.3154373631446,0.29236448145077576,168.88712896869268,-521.8849414768838,0.7487595754001914,-0.06682375528898565,0.20947308889245042,41.19359268559969,125.73764755318959,TRACK
11.048,165.02769251391277,-525.4516003850415,0.8094797758642861,1.1480097312290378,0.3243269901365467,0.7208563389039835,0.7904567400364718,164.79626646351312,-525.2852163858199,0.2850292125389029,168.88712896869268,-521.8849414768838,0.7459930684276528,-0.06348670743663332,0.20954325996352818,45.579072834041675,121.00498552420453,TRACK
11.1,165.04490439943328,-525.4142888660259,0.8024860377699831,1.1447112171136216,0.3266617730537267,0.719691844430976,0.7903570490070071,164.81981583299236,-525.2524612074766,0.27722383341622125,168.88712896869268,-521.8849414768838,0.7429798698703473,-0.05950616789963581,0.2096429509929929,45.579072834041675,121.00498552420453,TRACK
11.148,165.06096198548298,-525.3799611119482,0.7979277190794802,1.1407064733868357,0.3294167174306343,0.7181062390300887,0.7900581904244227,164.84155767103255,-525.2222201522693,0.27022298858513943,168.88712896869268,-521.8849414768838,0.7401975950680759,-0.057730124011404316,0.2099418095755773,51.95709514660514,114.17171637646221,TRACK
11.2,165.0786218019254,-525.3429783055287,0.7924960948228631,1.1353223113232176,0.3329850154616628,0.715691790885238,0.7893628823693974,164.86510387813385,-525.1894693725258,0.2629731854999034,168.88712896869268,-521.8849414768838,0.7372048320814687,-0.0552912627413944,0.21063711763060255,51.95709514660514,114.17171637646221,TRACK
11.248,165.0952065751381,-525.3090744048129,0.7867139465401094,1.1285242866596394,0.3373708980592416,0.712415606794878,0.7882608195655886,164.8868244676225,-525.159257872254,0.2566478056805192,169.34658975633485,-521.6912625135584,0.7050586139794983,-0.08165533256061108,0.21173918043441142,51.53270382285265,115.6696318309441,TRACK
11.3,165.11348709938358,-525.2726050322269,0.7814896370773605,1.1207154820384206,0.342333073852338,0.7085370752839663,0.7869032472325598,164.91033883606522,-525.1265513773878,0.25020169260242087,169.34658975633485,-521.6912625135584,0.7021862248472897,-0.07930341223007087,0.21309675276744022,51.53270382285265,115.6696318309441,TRACK
11.348,165.13063935585606,-525.2391699040509,0.7759085284299035,1.1123738308003432,0.3475850347825583,0.7043469085516227,0.7854425020273733,164.93203061810772,-525.0963799458337,0.24461071701304932,169.34658975633485,-521.6912625135584,0.6995643380758569,-0.0763441903540466,0.2145574979726267,-0.8950962738709904,170.1955511726278,TRACK
11.4,165.14928419810568,-525.2029456370242,0.7693909633861961,1.1064613484942531,0.35142440313491297,0.7016426724689186,0.7847302408777529,164.95555295921096,-525.0636623616721,0.23860348638796786,169.34658975633485,-521.6912625135584,0.6966935042245731,-0.07269745916162296,0.2152697591222471,-0.8950962738709904,170.1955511726278,TRACK
11.444,165.16656980701418,-525.1695123877171,0.7648007714698799,1.1019715738825244,0.35446676032890273,0.6998518466357985,0.7844993890485862,164.97728929147053,-525.0334289645393,0.23312188148744825,169.34658975633485,-521.6912625135584,0.6940177791411898,-0.07078299232869012,0.21550061095141382,42.54714039127004,127.06987511619806,TRACK
11.5,165.18554164680987,-525.1334665237706,0.7577543937323785,1.0964957436597735,0.35809846976165005,0.6975200922606623,0.7840719311089756,165.00083850259108,-525.0006740064596,0.22748429426689362,169.34658975633485,-521.6912625135584,0.6911340673754361,-0.06662032635694237,0.21592806889102445,42.54714039127004,127.06987511619806,TRACK
11.548,165.20318987550436,-525.1002571256469,0.7531328655727336,1.0915393489531646,0.3614490062424497,0.6955399212884035,0.7838502192508037,165.02259230263405,-524.9704163131196,0.2224277858640667,169.34658975633485,-521.6912625135584,0.6884615564671753,-0.0646713091055583,0.21614978074919633,45.5258929530937,122.79912933484938,TRACK
11.6,165.2224247856532,-525.0643208308113,0.747595413770538,1.0872723215949436,0.3644075954440092,0.6939798563844424,0.7838373151902478,165.0540939413222,-524.9300814619293,0.2153032310743077,169.34658975633485,-521.6912625135584,0.6855466974397383,-0.06204871633079967,0.2161626848097522,45.5258929530937,122.79912933484938,TRACK
11.648,165.24029298144245,-525.0311946213207,0.7407427220053532,1.0833714651922541,0.3671538646685386,0.6926321841859541,0.7839268479336888,165.07718784853787,-524.9011226182391,0.20861929528559695,169.34658975633485,-521.6912625135584,0.6828394261684158,-0.05790329583693743,0.21607315206631117,46.64979527311785,121.32765205787078,TRACK
11.7,165.2598021731894,-524.9953882421154,0.7349070045482148,1.0793605245952622,0.3699618795620834,0.6912153951409433,0.783996501783624,165.1022261618879,-524.8697255663762,0.2015472833148835,169.34658975633485,-521.6912625135584,0.6798962022764491,-0.05501080227176569,0.216003498216376,46.64979527311785,121.32765205787078,TRACK
11.748,165.27799356906544,-524.9624567902855,0.7295685253119927,1.0747239896568341,0.37312081664484653,0.6894151764344993,0.7839084317137615,165.12535077241458,-524.8407282219518,0.1952374649445084,169.34658975633485,-521.6912625135584,0.6771816225841841,-0.05238690272780855,0.21609156828623854,54.57688948445493,112.97417867749786,TRACK
11.796,165.2979651016724,-524.9269882653999,0.7251527128035792,1.0688649832041361,0.3769523079812822,0.6868503206430143,0.7834898885498313,165.15040412413137,-524.8093123125735,0.18873757433659824,169.34658975633485,-521.6912625135584,0.6742627331695895,-0.05088997963398967,0.21651011145016874,54.57688948445493,112.97417867749786,TRACK
11.848,165.31666921624142,-524.8944715225769,0.7195757174934618,1.0618540812570334,0.3814031689203655,0.6835539581695624,0.7827607495216995,165.17352589299026,-524.7803185314879,0.18308718241851346,169.34658975633485,-521.6912625135584,0.6715968552639832,-0.04797886222947867,0.2172392504783005,54.18535147944584,114.15163651861775,TRACK
11.9,165.33721962606785,-524.8594821329565,0.7145128321479643,1.0541309081285284,0.38623212593765177,0.6798155798703591,0.7818724178155863,165.19857071599512,-524.748913316776,0.17733861219686833,169.81513349748198,-521.5207265383291,0.6406824591814804,-0.07383037296648398,0.21812758218441375,54.18535147944584,114.15163651861775,TRACK
11.948,165.35644142584658,-524.8273876856655,0.7091394284445545,1.0461135057906596,0.3912098385794078,0.6759021384126185,0.7809538004978763,165.22168787570996,-524.7199253153741,0.17235625983139208,169.81513349748198,-521.5207265383291,0.638117159292836,-0.0710222691517185,0.21904619950212367,3.743305603718568,166.1164556808498,TRACK
12.0,165.37735512778568,-524.7926181395009,0.704119270048267,1.0402245741435685,0.3950516965897468,0.6733621814608745,0.780693582912134,165.24676675896043,-524.6884773904652,0.16702879297337989,169.81513349748198,-521.5207265383291,0.6353114113013077,-0.06880785874695927,0.21930641708786602,3.743305603718568,166.1164556808498,TRACK
12.048,165.39673246836256,-524.7605007010643,0.697466114289631,1.0359199956321836,0.3980767111564252,0.6718750732161346,0.7809488984397777,165.26995559088726,-524.6593995149522,0.16215371255592156,169.81513349748198,-521.5207265383291,0.6326919350085382,-0.06477417928109286,0.21905110156022234,42.4721982410602,127.28407716247423,TRACK
12.1,165.41791687907678,-524.725815061924,0.6915939652258732,1.0312227881000113,0.4013372420589742,0.670179830265725,0.7811610504617468,165.29509880769055,-524.6278709183196,0.1570902095149087,169.81513349748198,-521.5207265383291,0.6298534501360449,-0.06174051508982836,0.21883894953825322,42.4721982410602,127.28407716247423,TRACK
12.148,165.43760644974208,-524.693844364731,0.6870549783148714,1.0268689853249457,0.4044389934394237,0.6687365567046213,0.781523820294332,165.31833748472903,-524.5987305390136,0.15255073207919498,169.81513349748198,-521.5207265383291,0.6272199503019144,-0.05983502801295704,0.21847617970566802,49.22039542247832,118.80762477180973,TRACK
12.2,165.45908505478855,-524.659262618623,0.681686891368754,1.022713332318098,0.4074528797022341,0.667440514508497,0.7819812591008881,165.34865771728866,-524.5618099150637,0.14727941573188214,169.81513349748198,-521.5207265383291,0.6243527490551007,-0.0573341423136533,0.21801874089911188,49.22039542247832,118.80762477180973,TRACK
12.248,165.47905691960395,-524.6274103796437,0.6750939562656657,1.0185212950115072,0.4104725527521007,0.6660922436541523,0.782410757606929,165.37320448203303,-524.5339950492266,0.1411777691304071,169.81513349748198,-521.5207265383291,0.6216966380164338,-0.053397318249231884,0.21758924239307098,48.667994865475755,118.79251041796641,TRACK
12.3,165.5008684639823,-524.5929999895415,0.6694359081627549,1.0140815623257413,0.4136156310662341,0.664568353294301,0.7827700725389404,165.3998258591931,-524.5038293617393,0.13476278731611294,169.81513349748198,-521.5207265383291,0.618813814144019,-0.05062209401873585,0.21722992746105962,48.667994865475755,118.79251041796641,TRACK
12.348,165.52119093054674,-524.5613591417392,0.6642899718092762,1.009102413215548,0.41703481222540545,0.6626839448659384,0.7829866189092641,165.42442125194492,-524.4759593936712,0.12906388986378717,169.81513349748198,-521.5207265383291,0.6161557948527873,-0.04813417695648892,0.21701338109073587,56.284957915878486,110.99001509962892,TRACK
12.4,165.5434564370128,-524.5272711408128,0.6600908405683347,1.00318338844296,0.420936613775736,0.6601830319369169,0.7829618563342683,165.45108144289495,-524.4457497248131,0.12320260064162442,169.81513349748198,-521.5207265383291,0.6132933986838122,-0.046797441884522506,0.2170381436657317,56.284957915878486,110.99001509962892,TRACK
12.448,165.56425000445827,-524.4959969829689,0.6546903793686647,0.9964833705841437,0.42522856157752154,0.6571597050373003,0.7827376364440383,165.47570117479623,-524.417852177136,0.11809955932681186,169.81513349748198,-521.5207265383291,0.6106710190231126,-0.044019360345552094,0.21726236355596173,55.5949109537624,112.20785222555415,TRACK
12.5,165.58702621263728,-524.4623091416564,0.6498144505225235,0.9894215060360401,0.42969996623026774,0.6538988940313577,0.7824486082764325,165.5023864383023,-524.3876140976181,0.11288596459863619,169.81513349748198,-521.5207265383291,0.6078483077773773,-0.04196614274514621,0.21755139172356752,55.5949109537624,112.20785222555415,TRACK
12.548,165.60827452997913,-524.4313810798936,0.6446119637560824,0.9822196091403332,0.4342406253339487,0.6505513981406471,0.782164971290053,165.52703356745792,-524.3596855050777,0.10835289308350467,170.29159531856877,-521.3737575305003,0.5783937291319802,-0.06621823462410226,0.21783502870994698,60.718888982685485,107.90974511719682,TRACK
12.6,165.6315080737438,-524.3980187171015,0.6399150874988534,0.9753164875998427,0.43863602795997936,0.6474127737382779,0.7820133404386388,165.55375758908193,-524.3294035072731,0.10369756450829033,170.29159531856877,-521.3737575305003,0.5756514618855624,-0.06426362561329102,0.2179866595613612,60.718888982685485,107.90974511719682,TRACK
12.648,165.6531348445603,-524.3673261191952,0.6341997856409856,0.9688952555218407,0.4428086220443759,0.644618495996617,0.7820565715712512,165.57845359758625,-524.3014195276974,0.0996040533937627,170.29159531856877,-521.3737575305003,0.5731204009984413,-0.061079384642544254,0.2179434284287488,9.950383443864595,158.72166902735705,TRACK
12.7,165.67661682489486,-524.3339918710193,0.630332876982236,0.9647586593278648,0.44587739504226404,0.6433671543512868,0.7827694083877752,165.60527244352124,-524.2710300808861,0.09515360093215867,170.29159531856877,-521.3737575305003,0.5703344789382294,-0.05999839804400653,0.2172305916122248,9.950383443864595,158.72166902735705,TRACK
12.748,165.6983574388093,-524.3031598236702,0.6250682983415199,0.9619080061810826,0.4483456165702019,0.6430056622490186,0.7838814155100333,165.63008747934052,-524.2429112269663,0.09105317551111514,170.29159531856877,-521.3737575305003,0.5677253968264833,-0.057342901515036626,0.21611858448996668,45.74892601887314,121.55805779923432,TRACK
12.796,165.7220968095231,-524.2698547137516,0.6200575421032838,0.9582717735428132,0.4512088767288901,0.6421226895294648,0.7847999737815364,165.65700456196782,-524.2124104644503,0.08681498988990706,170.29159531856877,-521.3737575305003,0.5648944343368301,-0.05516310776645372,0.21520002621846357,45.74892601887314,121.55805779923432,TRACK
12.844,165.74418275098157,-524.2392059508578,0.6146522641920703,0.9540980368961378,0.45432909300846186,0.6408603109610609,0.785567860161679,165.6854405338143,-524.1819104093132,0.08205746254067278,170.29159531856877,-521.3737575305003,0.5622778087666197,-0.052374455425450606,0.214432139838321,48.979467518112344,116.53254078534893,TRACK
12.9,165.76830185654555,-524.2061229185124,0.6097078726974199,0.9494510077942042,0.45765404405923393,0.6392334582957642,0.7861721428850896,165.71373580837513,-524.1529006972439,0.07622373941027824,170.29159531856877,-521.3737575305003,0.5594425591001604,-0.0502653135972595,0.21382785711491037,48.979467518112344,116.53254078534893,TRACK
12.948,165.79074023560037,-524.1756975857669,0.6044001337777019,0.9445098187471466,0.46108830924655586,0.63735313249481,0.7866520478742773,165.73988323374908,-524.126093066174,0.07104254360130226,170.29159531856877,-521.3737575305003,0.5568248047940352,-0.047575328983666676,0.21334795212572266,52.65843312487719,113.11771768058766,TRACK
13.0,165.81524190057755,-524.1428626956962,0.5983769343993348,0.9393304628917288,0.46462245374128097,0.6352836039052998,0.7870573561764572,165.76824098670733,-524.097019298168,0.06565594414493926,170.29159531856877,-521.3737575305003,0.5539891470179327,-0.044387787381402144,0.21294264382354278,52.65843312487719,113.11771768058766,TRACK
13.048,165.83803304390037,-524.1126620272578,0.5936260591188265,0.9340722297508213,0.4681900149940621,0.6331475499017551,0.7874501318094598,165.79444809964798,-524.0701504724586,0.060884149471966,170.29159531856877,-521.3737575305003,0.5513700503366251,-0.04225600878220137,0.21254986819054023,58.214007896747674,107.79301646101361,TRACK
13.1,165.86292140507717,-524.0800750926273,0.589728073451526,0.9286350920814168,0.4718413253592622,0.6308810443718258,0.7878103378761101,165.8228704412185,-524.0410104850192,0.055947504623393374,170.29159531856877,-521.3737575305003,0.5485339033369121,-0.041194170114613904,0.2121896621238899,58.214007896747674,107.79301646101361,TRACK
13.148,165.88606758117726,-524.0500993858523,0.5847652942112216,0.923248641397931,0.4754710622133024,0.6286455407432832,0.7882055232606918,165.84913819907086,-524.0140794831532,0.05158694266198854,170.7747906604357,-521.250720878182,0.5200434833337754,-0.06472181087744622,0.21179447673930818,57.028718047404034,108.90060186450518,TRACK
13.2,165.91132417646335,-524.0177322315225,0.579143316347428,0.9179667738108935,0.4790525048642802,0.6264754479336415,0.7886461749608616,165.877630211536,-523.9848680656739,0.04706736310274601,170.7747906604357,-521.250720878182,0.5172666635784168,-0.06187665276901122,0.21135382503913835,57.028718047404034,108.90060186450518,TRACK
13.244,165.93481131472996,-523.987963050338,0.5754645300987221,0.9126575981518363,0.48264451135576125,0.6242759872939901,0.7890920305349229,165.90396096956093,-523.9578724729213,0.04309508842451706,170.7747906604357,-521.250720878182,0.5147020791824267,-0.060762450916295396,0.21090796946507706,11.380709230155276,154.239146518174,TRACK
13.3,165.9603356423614,-523.9556651720641,0.5709957217153888,0.9089234916414195,0.48551729143904576,0.6231689570460575,0.7899788537120335,165.93254888356063,-523.9285627324554,0.038815540668605215,170.7747906604357,-521.250720878182,0.5118865151615762,-0.05910920655381258,0.21002114628796653,11.380709230155276,154.239146518174,TRACK
13.348,165.98399716397435,-523.9258453693081,0.565099386596484,0.9058069339501436,0.4881181678631456,0.6224958838418814,0.7910502330434895,165.95898996242866,-523.9014540333292,0.03493275540214485,170.7747906604357,-521.250720878182,0.5092607768494013,-0.05583860974708266,0.20894976695651046,42.41231009486502,122.35960293460893,TRACK
13.4,166.0098255232637,-523.8936719489976,0.5610364894790008,0.9017924111132837,0.49112153509695405,0.6211741919719318,0.7918697740209377,165.98766389275775,-523.8720561046767,0.030957754963594212,170.7747906604357,-521.250720878182,0.5064163934567977,-0.05462009602220308,0.20813022597906228,42.41231009486502,122.35960293460893,TRACK
13.448,166.03382760364715,-523.8640684056365,0.5557939795493874,0.8974876234249725,0.49424416727580883,0.6196223951229408,0.7925964984934311,166.0141629097394,-523.8448880045369,0.027469764702843937,170.7747906604357,-521.250720878182,0.503784868106884,-0.05200911144250331,0.20740350150656894,47.20945713455741,116.50193477414412,TRACK
13.5,166.06000090844077,-523.832103431889,0.5509625208955198,0.8930013328568589,0.49742518330169333,0.6179034185923559,0.7932442547480841,166.0450006227659,-523.815936968752,0.022053641438247805,170.7747906604357,-521.250720878182,0.500927537371561,-0.05003498352395874,0.20675574525191587,47.20945713455741,116.50193477414412,TRACK
13.548,166.0842958646052,-523.8026617370359,0.5457807252640452,0.8887533517476853,0.5004770911783678,0.6163162470552783,0.7939288602756944,166.0727355679735,-523.7902027003615,0.01699611876478234,170.7747906604357,-521.250720878182,0.4982762924853104,-0.047504432778734784,0.20607113972430557,50.631999977033686,113.20491815597917,TRACK
13.6,166.11075868987425,-523.770829586692,0.541033417336841,0.8847184713818188,0.5034252793460845,0.614860418669986,0.7946636686873974,166.10282733591018,-523.7622816200555,0.011660793683163534,170.7747906604357,-521.250720878182,0.49538744971955057,-0.045645967617290395,0.20533633131260265,50.631999977033686,113.20491815597917,TRACK
13.648,166.13532252054844,-523.7415109867012,0.5359424534237762,0.8807547171562682,0.5063376969076387,0.6134407304017544,0.7954164902901937,166.13064538954927,-523.7364702383098,0.006876387040332519,170.7747906604357,-521.250720878182,0.49270654926758595,-0.043235904156190275,0.20458350970980632,53.27462643275,110.1298519357022,TRACK
13.696,166.16208651652764,-523.7098318720751,0.5313126255742935,0.8767392453800175,0.5092617836191574,0.6119612847442204,0.7961433151642752,166.16082269219922,-523.7084697933881,0.001858093184655294,170.7747906604357,-521.250720878182,0.4897888853175708,-0.041523740256722674,0.20385668483572483,53.27462643275,110.1298519357022,TRACK
13.748,166.18694940364233,-523.6806970538875,0.5263612690703339,0.8723955728924604,0.5123120445637583,0.6102162177022838,0.796760606049257,166.1887098143605,-523.6825943254194,0.0025881818256043567,170.7747906604357,-521.250720878182,0.4870897293835248,-0.039271539686809076,0.20323939395074297,55.627193679255534,107.31347671573545,TRACK
13.8,166.21407086701234,-523.6492839439485,0.5207700417543022,0.8675567426274645,0.5155511401107311,0.6080749353264561,0.7972127100352505,166.21894657704962,-523.6545387096438,0.007168340873621881,171.26351822332956,-521.1519224698782,0.4593031384638637,-0.06146690329043847,0.20278728996474948,55.627193679255534,107.31347671573545,TRACK
13.848,166.23928016134863,-523.6204343059632,0.517099772873088,0.8623307851071316,0.5189260122741077,0.6056106516052374,0.79752646824568,166.2468776549534,-523.6286224567062,0.011169947254398451,171.26351822332956,-521.1519224698782,0.45668003990575873,-0.06041973296732922,0.20247353175432004,10.49297136679725,152.55356980615636,TRACK
13.9,166.26669205876732,-523.5891887232425,0.5114845709480582,0.8582408721497176,0.5218050636808769,0.6039537303170636,0.7981482524236336,166.27718695735956,-523.6004995339094,0.015429754839427615,171.26351822332956,-521.1519224698782,0.4538100646621336,-0.05767450628592463,0.20185174757636637,10.49297136679725,152.55356980615636,TRACK
13.948,166.2920961609433,-523.5603632474067,0.5075684176974233,0.8547919076745222,0.5244115364256771,0.6027556860087118,0.7989504844182598,166.3052106708936,-523.574497327668,0.019281146129578552,171.26351822332956,-521.1519224698782,0.4511361622376303,-0.056432255459793024,0.20104951558174022,43.003455144707466,119.91695542527046,TRACK
14.0,166.3197964168987,-523.529280702618,0.5015217522741793,0.8506146915445393,0.5273115291457915,0.6010006319831835,0.7995368712037356,166.3355936360759,-523.5463060558034,0.023225304837995328,171.26351822332956,-521.1519224698782,0.44823844187380846,-0.05328331040037082,0.20046312879626438,43.003455144707466,119.91695542527046,TRACK
14.048,166.34551211638504,-523.5006911853548,0.49670531854371647,0.8462880493881949,0.5302628026993326,0.5991156408339581,0.8000738659764082,166.36366714172098,-523.5202576492345,0.026691786259194206,171.26351822332956,-521.1519224698782,0.4455558088577124,-0.05114950968600407,0.19992613402359183,46.4357540255507,115.66393259584214,TRACK
14.1,166.373504309237,-523.4697929012965,0.49271093624820894,0.8422285805787149,0.5330798121043551,0.5973943861649311,0.8006585656161991,166.39343767312658,-523.4935485593244,0.031010809152486496,171.26351822332956,-521.1519224698782,0.4426327505809633,-0.050078185667245645,0.19934143438380092,46.4357540255507,115.66393259584214,TRACK
14.144,166.39945579764208,-523.4413251447407,0.4875475040694989,0.8385042912630924,0.5357314808214677,0.5958837425595913,0.8013024735953259,166.42268426534724,-523.4690077545788,0.036137080670355884,171.26351822332956,-521.1519224698782,0.43991531306993187,-0.04763219099956706,0.19869752640467409,47.139415916541424,114.91250181188764,TRACK
14.2,166.42768949102563,-523.4105402006888,0.48282639529088806,0.8350318979903876,0.5382599372309551,0.594530786859224,0.8019916561606609,166.45441110253063,-523.4423857771998,0.041571447710388544,171.26351822332956,-521.1519224698782,0.4369493506265998,-0.04587704466428827,0.19800834383933907,47.139415916541424,114.91250181188764,TRACK
14.248,166.45386560298087,-523.3821836289661,0.47776135358112337,0.8316417490865361,0.5407364422070609,0.5932116802700302,0.8026805077610535,166.48373476141865,-523.417780305842,0.046468161469860804,171.26351822332956,-521.1519224698782,0.434192579490262,-0.04356877409086135,0.19731949223894651,51.07780533518813,110.40351241039899,TRACK
14.3,166.48237233059882,-523.3515861507739,0.4719666661900486,0.8278275116546092,0.5433508925554205,0.5915321569310411,0.8032063776665758,166.51552951275184,-523.3911013417251,0.05158341830702651,171.26351822332956,-521.1519224698782,0.4311968402788155,-0.040769825911233126,0.19679362233342423,51.07780533518813,110.40351241039899,TRACK
14.348,166.50884003854142,-523.3234938338113,0.4681762475159976,0.8233927667401143,0.5461717839091538,0.5893357131904855,0.8035049473277969,166.54489416712116,-523.3664614710741,0.05609026688821217,171.26351822332956,-521.1519224698782,0.4284307734906548,-0.03974547402534284,0.19649505267220313,55.759315202698815,105.50435733139383,TRACK
14.4,166.53769883437153,-523.2932717057423,0.46367115077649745,0.8181693091647937,0.5492535545512645,0.5864863832690037,0.8035208428828436,166.57671069670644,-523.3397642328337,0.060691683764565164,171.75656295352405,-521.0776079339984,0.4014886215214604,-0.06218252925503703,0.19647915711715636,55.759315202698815,105.50435733139383,TRACK
14.448,166.5645114079302,-523.2655809746501,0.4581463107354851,0.8123405674363764,0.5525231593237432,0.5831277300055282,0.8033179887756098,166.60607998408736,-523.3151204746245,0.06466922437636412,171.75656295352405,-521.0776079339984,0.3988244221795175,-0.059321888555967595,0.19668201122439022,6.7878682723627435,155.26473204093594,TRACK
14.5,166.59364850349903,-523.2356052836637,0.45440853098252343,0.8078735094781652,0.5552551198889885,0.5807924830656452,0.8035098982268313,166.63793848008842,-523.28838802238,0.06890297187115248,171.75656295352405,-521.0776079339984,0.3959100413642212,-0.05849848961830223,0.19649010177316872,6.7878682723627435,155.26473204093594,TRACK
14.548,166.62063311121557,-523.2079645004867,0.4492832738296282,0.8042075274850234,0.5576785925276317,0.5790624913253141,0.8039395384128584,166.66738412671026,-523.2636801911599,0.07273166873498933,171.75656295352405,-521.0776079339984,0.39319502642778553,-0.05608824740184265,0.19606046158714163,41.15606441033808,121.21583474618367,TRACK
14.6,166.65002775219426,-523.178186259154,0.4444066290783002,0.7998906669543343,0.5603396301918644,0.5768210898698694,0.8041785068516935,166.6992965315869,-523.2369025039978,0.07664861402138766,171.75656295352405,-521.0776079339984,0.39025325530913624,-0.05415337376916396,0.19582149314830655,41.15606441033808,121.21583474618367,TRACK
14.644,166.67728443548648,-523.1508006416427,0.4391420999386668,0.7956414918018212,0.5629674086304993,0.5746205027686414,0.8044383291354446,166.72877619414754,-523.212166130016,0.08010695583596632,171.75656295352405,-521.0776079339984,0.3875268101485373,-0.051615289790129526,0.19556167086455545,44.619230657533045,116.90901115418629,TRACK
14.7,166.70692680432364,-523.1212144817666,0.43428838768525013,0.7917211369099854,0.5654447597060817,0.5726409413502132,0.804764203968794,166.7607393900452,-523.185345824127,0.08371752179193613,171.75656295352405,-521.0776079339984,0.3845547219987228,-0.04973366568652732,0.195235796031206,44.619230657533045,116.90901115418629,TRACK
14.744,166.73438839696604,-523.0939753791928,0.42907661494017924,0.7880814123239666,0.5677798734930921,0.5708350681452532,0.8051252447714129,166.78780173661784,-523.1644907789276,0.08846132744044256,171.75656295352405,-521.0776079339984,0.38179270008926547,-0.047283914850913766,0.1948747552285871,47.791240330028,113.65717518213042,TRACK
14.8,166.7642545382669,-523.0645662592958,0.4230936331959154,0.7844410397471276,0.5700790226801286,0.5689887936009325,0.8054429460510378,166.82093425306118,-523.1393938729899,0.09387098508225224,171.75656295352405,-521.0776079339984,0.37878443604164996,-0.044309197154265456,0.19455705394896217,47.791240330028,113.65717518213042,TRACK
14.848,166.79193873431555,-523.0375357348586,0.41836965702466195,0.7805928485893163,0.5724152942635157,0.5669402898621231,0.8056553614143801,166.85153547051002,-523.1162143515307,0.098702055127935,171.75656295352405,-521.0776079339984,0.37599715188412175,-0.042372505140540195,0.1943446385856199,52.79175548436021,108.38031836660397,TRACK
14.9,166.82208403039647,-523.0084536513118,0.41333450716012493,0.7759929477917307,0.5749709725851525,0.5642559815136307,0.8055907347961662,166.88468796098888,-523.0911023158491,0.10368246657662332,171.75656295352405,-521.0776079339984,0.37298115951820493,-0.04035334764192,0.19440926520383384,52.79175548436021,108.38031836660397,TRACK
14.948,166.85006200077092,-522.9818256837568,0.4087533339404603,0.7706376482647678,0.5777371661607204,0.5609286514056382,0.8052460401213829,166.91528209308078,-523.0679281613393,0.1080152632119479,171.75656295352405,-521.0776079339984,0.3702066893979512,-0.03854664454250911,0.1947539598786171,53.978885264217496,107.66880184700622,TRACK
15.0,166.88054524936774,-522.9532420109866,0.404968246078764,0.7645598596642328,0.5807048697138579,0.5569937285976795,0.8046490908504987,166.94840943427715,-523.0428351754988,0.11239431800906477,171.75656295352405,-521.0776079339984,0.36721718459605784,-0.03775106148270618,0.19535090914950126,53.978885264217496,107.66880184700622,TRACK
15.048,166.90884523653403,-522.927110154304,0.40016271185033414,0.7579310800860493,0.5838122384015482,0.552590711898979,0.803861446136364,166.97896939817682,-523.0196869023889,0.11613721338172205,172.25269906413467,-521.0279620281883,0.34146782913711243,-0.05869488271322171,0.196138553863636,54.7431422279067,108.22139038958002,TRACK
15.1,166.93966680386708,-522.899044704641,0.39469015326881113,0.7511875442400829,0.586930812010379,0.5480860277738802,0.8030479885586623,167.01206228687963,-522.9946200132981,0.1198988973490465,172.25269906413467,-521.0279620281883,0.33860537275207486,-0.056084780516736266,0.19695201144133767,54.7431422279067,108.22139038958002,TRACK
15.144,166.96825893832866,-522.8733402643296,0.39112651412727756,0.7445755729502884,0.5899893415890776,0.5436841286570969,0.8022966128199346,167.04260216640083,-522.9714869535137,0.12312468541275018,172.25269906413467,-521.0279620281883,0.33597067434323236,-0.0551558397840452,0.19770338718006542,15.241086521245776,148.8029723456226,TRACK
15.2,166.99931230333294,-522.8455270488759,0.38677564486557503,0.7396205717943117,0.5925061057155747,0.5405990184120482,0.8020665708146087,167.07572094065125,-522.9464004568825,0.1265453448362497,172.25269906413467,-521.0279620281883,0.33308875413940336,-0.053686890726171665,0.19793342918539125,15.241086521245776,148.8029723456226,TRACK
15.248,167.02804847389683,-522.8198739853674,0.3818187011601242,0.7358224795058372,0.5946635457434705,0.5384429500503254,0.8022129038447922,167.1063276153482,-522.9232168017187,0.12964320914641414,172.25269906413467,-521.0279620281883,0.3304006569825871,-0.05141804417753709,0.19778709615520784,42.843874172170516,120.86664717223185,TRACK
15.3,167.05930956727747,-522.7922417228873,0.37596659899032625,0.7316347663049477,0.596942510179842,0.535974299610288,0.8022523358037355,167.13949128955215,-522.8980962946944,0.13279419776252901,172.25269906413467,-521.0279620281883,0.32748429099921145,-0.048482307991114804,0.19774766419626455,42.843874172170516,120.86664717223185,TRACK
15.348,167.08828150144896,-522.766876373686,0.3720350109180557,0.7272551854527836,0.5992663182840504,0.5333389660058214,0.8022285041619249,167.16479375074758,-522.879099232034,0.13582376164915655,172.25269906413467,-521.0279620281883,0.32478704498352406,-0.04724796593453162,0.19777149583807507,49.489809724650634,113.03532062712574,TRACK
15.4,167.119799894247,-522.7395868653213,0.3673653240655043,0.7224818196343428,0.6016661353329273,0.5303497111283084,0.8020429879378914,167.1990119715773,-522.8557696440943,0.1406164687310883,172.25269906413467,-521.0279620281883,0.321866001754228,-0.04549932231127629,0.19795701206210858,49.489809724650634,113.03532062712574,TRACK
15.448,167.14901896304758,-522.7145970899181,0.3623737792671291,0.7172557308760635,0.6041386979706834,0.5269444245478826,0.8016570295006535,167.23059013119453,-522.8342400194117,0.1448043025972081,172.25269906413467,-521.0279620281883,0.3191752128760946,-0.043198566391034476,0.19834297049934646,48.980765289856734,113.98575660216524,TRACK
15.5,167.18080958961582,-522.6877501920271,0.3578007596662989,0.7116733889643733,0.6066655248133181,0.5232141502225051,0.8011217797501681,167.26478819075615,-522.8109241771919,0.14907795300059268,172.25269906413467,-521.0279620281883,0.31626779572867697,-0.0415329639376219,0.19887822024983193,48.980765289856734,113.98575660216524,TRACK
15.548,167.210282752813,-522.6631884303386,0.3529012652729411,0.7057605111250206,0.6092410727746594,0.5191853766238057,0.8004549581679289,167.2963405997598,-522.7894121089805,0.15276900886969416,172.25269906413467,-521.0279620281883,0.3135934016297667,-0.0393078636431744,0.1995450418320711,53.49955385338707,110.41121278020331,TRACK
15.6,167.2423581413657,-522.6368416247327,0.3484149188069203,0.6994352707336767,0.611898735639191,0.5148047633063213,0.7996524288712678,167.3305002965411,-522.7661224220612,0.15646905149856766,172.25269906413467,-521.0279620281883,0.3107111464395196,-0.037703772367400745,0.20034757112873225,53.49955385338707,110.41121278020331,TRACK
15.648,167.2720991682097,-522.6127626902604,0.34360997242150115,0.6928488703999165,0.6145958322362662,0.5101986600096347,0.798768245286338,167.36201084256732,-522.7446388955447,0.1596102838352231,172.25269906413467,-521.0279620281883,0.30806450996731194,-0.035545462454189214,0.20123175471366195,56.50981866364195,108.33618895389945,TRACK
15.7,167.30446006700697,-522.5869341156563,0.338181798247138,0.686128030683969,0.6173010328582414,0.5054753042263951,0.7978507682208612,167.3961242449559,-522.721380771608,0.16272131026896616,172.75069308261823,-521.0031081799918,0.28300559376843787,-0.05517620447870014,0.2021492317791388,56.50981866364195,108.33618895389945,TRACK
15.744,167.33446180077812,-522.5633309639575,0.3345908994473237,0.6793057576349252,0.6200083134391055,0.5006652622176236,0.7969165662257536,167.42759132106667,-522.6999268823779,0.16532257098864708,172.75069308261823,-521.0031081799918,0.28047094730083716,-0.054119952146486516,0.20308343377424642,17.050986537986674,148.6114871632758,TRACK
15.8,167.36704852065796,-522.5378561666928,0.3302674056841568,0.6737860300694436,0.6223390952343759,0.49689740203063737,0.796374897646792,167.46169422383028,-522.6766759169643,0.16801408332169837,172.75069308261823,-521.0031081799918,0.2777094686099598,-0.05255793707419698,0.20362510235320797,17.050986537986674,148.6114871632758,TRACK
15.848,167.39720960613303,-522.5144314364944,0.32536939871635306,0.6690838221541611,0.624444993491419,0.49378863568304554,0.7960896724780581,167.49318704070492,-522.6552044779786,0.1703781592684603,172.75069308261823,-521.0031081799918,0.27514624919999053,-0.05022314951636253,0.20391032752194194,44.22103283786957,121.52899734070921,TRACK
15.9,167.43001912004354,-522.4892925646826,0.3195407956917613,0.6637374225280454,0.6267225124747469,0.49016655808111886,0.7956408500722861,167.52728568629075,-522.6319564150597,0.17266661262077374,172.75069308261823,-521.0031081799918,0.27238042236512083,-0.04716037332664047,0.20435914992771387,44.22103283786957,121.52899734070921,TRACK
15.948,167.46042332438,-522.466292208877,0.3156864758099367,0.6581095286225165,0.6290669563953042,0.48631919050195016,0.7951299206286503,167.5587469537521,-522.6105064860997,0.17454310025822817,172.75069308261823,-521.0031081799918,0.26983474421903586,-0.045851731590900835,0.2048700793713497,51.310576852737356,113.91944378250072,TRACK
16.0,167.49349171886203,-522.4416141888829,0.3110553426134761,0.6521680575563962,0.6314692537475317,0.4822095314788555,0.7945309626927839,167.58588378989552,-522.592807110337,0.17718801959414335,172.75069308261823,-521.0031081799918,0.2670881939357169,-0.043967148677759194,0.2054690373072161,51.310576852737356,113.91944378250072,TRACK
16.048,167.52413443464476,-522.4190576013975,0.3060838868315779,0.646013082430286,0.6338914841849814,0.4779113125421661,0.7938624795126764,167.61823115019516,-522.5730400499363,0.1804571592798503,172.75069308261823,-521.0031081799918,0.264563804567393,-0.04152008226418491,0.2061375204873236,51.09598755640226,114.80334045690384,TRACK
16.1,167.55745548237135,-522.3948504906962,0.30043648468208106,0.6398152656836836,0.6363057474953508,0.47357482902691,0.7931948833568483,167.65326299529494,-522.5516325350225,0.18373809881386668,172.75069308261823,-521.0031081799918,0.26183864104687843,-0.03859784363520263,0.2068051166431517,51.09598755640226,114.80334045690384,TRACK
16.148,167.58832908857983,-522.3727184828582,0.29667685965777935,0.633572083822756,0.6387187811421043,0.46920286268601147,0.7925358084884263,167.6855895574145,-522.5318781841249,0.18652455416178657,172.75069308261823,-521.0031081799918,0.25933238303807976,-0.037344476619699585,0.2074641915115737,57.97968427123604,108.50544399615092,TRACK
16.2,167.6219106984856,-522.3490065646464,0.2922425134489801,0.6270150346012218,0.6411972744158945,0.46458131024842336,0.7918142070905988,167.7205907903072,-522.5104893759415,0.1892470841668993,172.75069308261823,-521.0031081799918,0.2566340901583831,-0.03560842329059699,0.2081857929094012,57.97968427123604,108.50544399615092,TRACK
16.248,167.6530358584868,-522.3273728044337,0.28681964890827905,0.6201621262310667,0.6437325200456044,0.45972401987903067,0.7910358600076232,167.7528788218259,-522.490758570604,0.19147722035637388,172.75069308261823,-521.0031081799918,0.25416110139646886,-0.03265854751181019,0.20896413999237684,57.292212001665064,109.61441927255854,TRACK
16.3,167.68688989357813,-522.3042100317228,0.28325736079083635,0.6131321530173325,0.6462898357598019,0.4547238907829399,0.7902305794229978,167.78783407439775,-522.4693978604098,0.19358911743084947,173.2493069173797,-521.0031081799918,0.2297782240689232,-0.05347913672191315,0.2097694205770022,57.292212001665064,109.61441927255854,TRACK
16.348,167.71826713653266,-522.2830963392774,0.27870113978430955,0.6058564825248863,0.6488807897873552,0.44952453642326773,0.7893786089080547,167.82007425203565,-522.4496962979701,0.19524403961055792,173.2493069173797,-521.0031081799918,0.227415755558522,-0.051285384225787545,0.21062139109194533,18.00910993935308,149.52853275772992,TRACK
16.4,167.7523526339229,-522.2603567725871,0.273336581750089,0.5997278210299581,0.651194130411437,0.44524572447553123,0.7888583844049883,167.85500973398723,-522.4283476693504,0.196874126255716,173.2493069173797,-521.0031081799918,0.22484980156102627,-0.048486780189062745,0.21114161559501166,18.00910993935308,149.52853275772992,TRACK
16.448,167.78390306901912,-522.2394887462038,0.26882919281672435,0.5943526676462227,0.6533314406773906,0.4415724132870004,0.7885608204531216,167.88726670809487,-522.4086358428018,0.19822911534509688,173.2493069173797,-521.0031081799918,0.22247481381370982,-0.046354379003014534,0.2114391795468784,50.47446728214497,117.23349252588365,TRACK
16.5,167.81821713374865,-522.2171612044218,0.26388415572395835,0.5882348148297768,0.6556254875044404,0.437303599861775,0.7880857937543999,167.92218528646893,-522.3872975437432,0.19938844183591928,173.2493069173797,-521.0031081799918,0.2199221174377262,-0.04396203828623216,0.2119142062456001,50.47446728214497,117.23349252588365,TRACK
16.548,167.85000557248677,-522.1967763394515,0.26007456454985567,0.5819336910793698,0.657947266009991,0.4328869803186618,0.787582213219313,167.9544005764362,-522.3676111898426,0.20020705021988625,173.2493069173797,-521.0031081799918,0.21757855573216303,-0.04249600881769264,0.212417786780687,52.90956204478101,114.42718254801142,TRACK
16.6,167.884557905043,-522.1749146676987,0.2544577037450304,0.5757075697491111,0.6602294997273781,0.428522404774356,0.787105103339993,167.98928535658177,-522.3462935444516,0.20084461283013985,173.2493069173797,-521.0031081799918,0.21504951013830131,-0.03940819360672909,0.21289489666000705,52.90956204478101,114.42718254801142,TRACK
16.648,167.9165538427755,-522.1549293807877,0.2507448797438354,0.5696298623377489,0.662452887455538,0.4242656134954879,0.7866671080532619,168.01326558065824,-522.3325219119604,0.20221836556704934,173.2493069173797,-521.0031081799918,0.21272220210634674,-0.03802267763748868,0.2133328919467381,56.42580353712459,111.3818178176237,TRACK
16.7,167.95132722526787,-522.133488646729,0.24633688511251225,0.5636483900281968,0.6646459897755489,0.42008528185966454,0.7862734484642304,168.04909074249142,-522.3130125686455,0.20441757223926096,173.2493069173797,-521.0031081799918,0.21020872779828814,-0.03612815731422411,0.21372655153576958,56.42580353712459,111.3818178176237,TRACK
16.748,167.98353106539068,-522.1138982670196,0.2416419269468657,0.557657586982308,0.6668395609162118,0.4159019519229372,0.7859067588564405,168.08215691252332,-522.2950056921862,0.20622065166492565,173.2493069173797,-521.0031081799918,0.20789728949986083,-0.03374463744700487,0.21409324114355954,57.176527936934235,110.71401213449047,TRACK
16.8,168.0185375996993,-522.0929154454278,0.23735872770930144,0.5514744576392204,0.669066618595876,0.4115667986948195,0.7855172626411348,168.1179695689166,-522.2755031589709,0.20790620394618567,173.2493069173797,-521.0031081799918,0.20540705276119223,-0.031951674948109215,0.21448273735886525,57.176527936934235,110.71401213449047,TRACK
16.848,168.05096543929488,-522.0737883095416,0.2320740262422505,0.5449843650899054,0.671346299138464,0.40698711832232015,0.7850760267943597,168.15101393531336,-522.2575081561384,0.20919532401356902,173.2493069173797,-521.0031081799918,0.20312519005159765,-0.028948836190652832,0.21492397320564027,61.360587290533104,106.66370848411448,TRACK
16.9,168.08622411350694,-522.053353778223,0.22760039188032222,0.5380869910854357,0.6736930939442325,0.40208174155344206,0.7845585457560204,168.1867907714182,-522.2380251296125,0.2102787690364112,173.2493069173797,-521.0031081799918,0.20067650929441994,-0.02692388258590228,0.21544145424397965,61.360587290533104,106.66370848411448,TRACK
16.948,168.11889162015973,-522.0347706485785,0.223539603504445,0.5307879966017237,0.6761010804069874,0.3968551190010762,0.7839685302388444,168.21979149690407,-522.2200538923536,0.21097550936266513,173.74730093586325,-521.0279620281881,0.17700766280430055,-0.046531940700144436,0.21603146976115561,66.29015039766304,102.19359096715667,TRACK
17.0,168.1544130681102,-522.0149442708246,0.2192290897765503,0.5232010066728209,0.6785523711618584,0.39140260069445737,0.78334495354203,168.25551557095335,-522.2005995985116,0.21139918821922163,173.74730093586325,-521.0279620281881,0.17467255112520036,-0.04455653865134995,0.21665504645796996,66.29015039766304,102.19359096715667,TRACK
17.048,168.18731573881337,-521.9968928242519,0.2159989052384248,0.5157172332856367,0.680974348465887,0.3860368217107568,0.7827838085864334,168.28847435837127,-522.1826511995072,0.21151652485883227,173.74730093586325,-521.0279620281881,0.1725359049361349,-0.04346300030228989,0.21721619141356663,24.909764385391128,144.1541096339571,TRACK
17.1,168.22304627086717,-521.9774316759908,0.2120988582267458,0.5097761114682011,0.6831272922495901,0.38191243202277075,0.7826365715642251,168.3242062922508,-522.1631926254299,0.21151945599129468,173.74730093586325,-521.0279620281881,0.17020988170633713,-0.041888976520408655,0.21736342843577494,24.909764385391128,144.1541096339571,TRACK
17.148,168.25610443253723,-521.9595310573335,0.20767800891484312,0.5050520788474673,0.6850818354730643,0.37876842519121445,0.782817118627956,168.35722165599432,-522.1452134166007,0.21142996812819934,173.74730093586325,-521.0279620281881,0.16804776318487488,-0.03963024572996823,0.217182881372044,52.216552511914,116.5502720431078,TRACK
17.2,168.29202268927148,-521.9403203880917,0.20241815706175936,0.5001783146208892,0.6870606903072441,0.3755020578096795,0.7829777695342127,168.3929931724414,-522.1257332870059,0.21112314310694494,173.74730093586325,-521.0279620281881,0.16570960641339166,-0.0367085506483677,0.21702223046578728,52.216552511914,116.5502720431078,TRACK
17.248,168.32527474204403,-521.9227593157888,0.19893229388471334,0.49517546910516835,0.6890523334995687,0.37212582311824205,0.783116049211501,168.42601546531287,-522.1077503047748,0.2106427291191014,173.74730093586325,-521.0279620281881,0.16355587830789392,-0.03537641557681942,0.21688395078849898,58.54144366486157,109.11172916982886,TRACK
17.296,168.361399017072,-521.9039265307749,0.1947809155902771,0.4900615970688569,0.6910281756167511,0.36864091492771867,0.783208825061976,168.45294880478463,-522.0940316238117,0.21100073466400698,173.74730093586325,-521.0279620281881,0.16122855561244157,-0.03355235997783554,0.21679117493802402,58.54144366486157,109.11172916982886,TRACK
17.348,168.39483647460247,-521.8867278854503,0.1903396488415443,0.4848117120814632,0.6929831086439957,0.36502338352811037,0.7832417630516174,168.4868147116203,-522.0777226626368,0.21198820957169612,173.74730093586325,-521.0279620281881,0.1590872477543019,-0.03125240108724239,0.2167582369483826,58.24185602206616,109.45509225377039,TRACK
17.4,168.43115988804482,-521.8682967126215,0.18630562478861212,0.47947503842827,0.6949235341728374,0.36132117025671046,0.7832443465630284,168.5235050928547,-522.0600535062799,0.21283398404752896,173.74730093586325,-521.0279620281881,0.1567751239814023,-0.029530500807209814,0.21675565343697156,58.24185602206616,109.45509225377039,TRACK
17.448,168.46477982848063,-521.8514643546405,0.18200084501606506,0.47412164951331365,0.6968456962234868,0.3575947042783401,0.7832419146554336,168.55737594176986,-522.0437421651249,0.21341226909654407,173.74730093586325,-521.0279620281881,0.15464717088144236,-0.027353674134622696,0.21675808534456642,62.30312626253924,105.57415376516958,TRACK
17.5,168.5013052855796,-521.833456051004,0.17807591842566994,0.4685004116021867,0.6987941253268295,0.35364629379596313,0.7831851190535412,168.5940650246885,-522.026073634004,0.21378938813775586,173.74730093586325,-521.0279620281881,0.15235468123588516,-0.02572123718978478,0.21681488094645884,62.30312626253924,105.57415376516958,TRACK
17.548,168.53511545096012,-521.8170354153124,0.1732551762195338,0.46276767629193005,0.7007486373620213,0.34960389288520327,0.7831165524270435,168.6279293390086,-522.009765439744,0.21391418871148132,173.74730093586325,-521.0279620281881,0.15024920034955846,-0.023005975869975326,0.21688344757295652,64.82215902285542,103.1634397253727,TRACK
17.596,168.57184547887303,-521.7994691300692,0.17012972505203416,0.45693475224067925,0.7027079560068232,0.3454771425893617,0.7830408210859747,168.6646116892945,-521.9921001508882,0.21380430299163625,174.2434370464739,-521.0776079339981,0.12659599115113004,-0.04353373390090412,0.21695917891402527,64.82215902285542,103.1634397253727,TRACK
17.648,168.60584390837724,-521.783459471961,0.16549968274631,0.4510408466889619,0.7046653865392986,0.34129723305498827,0.7829668628221568,168.69846816845038,-521.9757957298444,0.21347714081534772,174.2434370464739,-521.0776079339981,0.12455625738132073,-0.04094342536498927,0.21703313717784323,24.393396999760242,143.71441284082994,TRACK
17.7,168.64274679385042,-521.7661561362692,0.16142409856046114,0.4466309997878425,0.7064173073200424,0.3383079609501149,0.783248165349606,168.7351880438606,-521.9581123698412,0.21305534565129627,174.2434370464739,-521.0776079339981,0.12232605962529626,-0.03909803893516488,0.21675183465039405,24.393396999760242,143.71441284082994,TRACK
17.748,168.67687987852247,-521.7502298141566,0.15810226893938806,0.4431047759789768,0.7080583254917128,0.3360296066885474,0.7837489960882809,168.7691212513099,-521.9417709983987,0.21259467564970735,174.2434370464739,-521.0776079339981,0.1202496796730082,-0.037852589266379855,0.21625100391171914,55.414398697817546,112.29482219194938,TRACK
17.8,168.7139513985535,-521.7331541242264,0.1530581194929348,0.4390903834208037,0.7097577579322505,0.33335177272358174,0.7841425121258059,168.80588902465092,-521.9240645719676,0.21189461094888185,174.2434370464739,-521.0776079339981,0.11800384280640955,-0.03505427668652525,0.21585748787419412,55.414398697817546,112.29482219194938,TRACK
17.844,168.7482533954147,-521.7175333867277,0.14971381437222586,0.43496914679892723,0.7114612697690111,0.33057986319830507,0.7845127050172889,168.8398398878726,-521.9077146979535,0.21108533047154104,174.2434370464739,-521.0776079339981,0.11592989616601779,-0.033783918206208075,0.21548729498271113,57.34423842408508,109.45225682037504,TRACK
17.9,168.78549958828805,-521.700763289306,0.14573303789389813,0.43079808527556174,0.7131453543050157,0.327752566802053,0.7848554270769621,168.87662999008077,-521.8899975185067,0.21003414872843543,174.2434370464739,-521.0776079339981,0.11368187718682685,-0.032051160707071286,0.2151445729230379,57.34423842408508,109.45225682037504,TRACK
17.948,168.819954255508,-521.6853997963336,0.14147934079714866,0.42682025244935745,0.7147764287771535,0.32506463801153196,0.7852212185244293,168.90151232018113,-521.8788783857989,0.20996590793433637,174.2434370464739,-521.0776079339981,0.11160106517952083,-0.029878275617627834,0.21477878147557072,58.14536138412038,108.63222637607657,TRACK
18.0,168.85736028890628,-521.6688815436636,0.13758551822494147,0.4229738763041505,0.716376057347352,0.3224725615250678,0.785610086796927,168.93918690649596,-521.8629972159201,0.21065727986893373,174.2434370464739,-521.0776079339981,0.10934033616040274,-0.02824518206453873,0.214389913203073,58.14536138412038,108.63222637607657,TRACK
18.048,168.8919649514158,-521.6537656850924,0.13340341403166622,0.4190720577254486,0.7179701014076016,0.31982696707310965,0.7859836864607469,168.97398083349614,-521.84833034577,0.21114452893227031,174.2434370464739,-521.0776079339981,0.10725029227785483,-0.02615312175381139,0.2140163135392531,61.7582635322551,104.77205366436068,TRACK
18.1,168.92953630282398,-521.6375452015732,0.12960203822142535,0.41503699113039705,0.7195646619316027,0.3170638599766955,0.7863223219545934,169.01168921284463,-521.832434930933,0.21149729841019024,174.2434370464739,-521.0776079339981,0.10498475775971348,-0.02461728046171187,0.2136776780454066,61.7582635322551,104.77205366436068,TRACK
18.148,168.96429593504945,-521.6227396300512,0.12554041107082559,0.41070499273574995,0.7211726818996254,0.3140488013323866,0.7865854605423412,169.0465036653773,-521.8177594085454,0.21163842970870003,174.2434370464739,-521.0776079339981,0.10289674418921675,-0.022643666881608834,0.21341453945765876,64.05931334607612,102.31716629661338,TRACK
18.2,169.0020372340299,-521.6068947045412,0.12186723163071655,0.40607524791199173,0.7227902171416318,0.31078025795265446,0.7867719280253749,169.0842219255736,-521.8018598285819,0.21157911786450606,174.2434370464739,-521.0776079339981,0.10064078478094728,-0.02122644684976928,0.21322807197462512,64.05931334607612,102.31716629661338,TRACK
18.248,169.03695087414872,-521.5924367895616,0.11797684699648614,0.401359274827766,0.7243922670084187,0.3074294643956902,0.7869288608763928,169.11904271114685,-521.7871816365938,0.21134006990470888,174.7364817766684,-521.1519224698777,0.0771362229920528,-0.040840624004433335,0.2130711391236072,66.263638119927,100.24497633435847,TRACK
18.3,169.07485547336805,-521.5769577382545,0.11444733462662147,0.3965767628657646,0.7259820836855879,0.3040150741166932,0.7870674374681286,169.15676867397576,-521.7712788096982,0.21088018219081492,174.7364817766684,-521.1519224698777,0.07493243844438842,-0.039514896182233056,0.21293256253187143,66.263638119927,100.24497633435847,TRACK
18.348,169.1099175149667,-521.562824638665,0.11071801029195938,0.39188103899779614,0.727549074385796,0.3006636493489837,0.7872269594465608,169.1915992076925,-521.7565965085231,0.21028418027720072,174.7364817766684,-521.1519224698777,0.0728995528636043,-0.03781845742835507,0.21277304055343915,25.39630945776031,141.18115095684666,TRACK
18.4,169.14796114738695,-521.5475063964356,0.1072339646568774,0.38869470756322266,0.7289698088716982,0.29853492554431793,0.787730971852822,169.2293856672279,-521.7406681801273,0.20962210549055743,174.7364817766684,-521.1519224698777,0.07066721893964187,-0.03656674571723553,0.21226902814717796,25.39630945776031,141.18115095684666,TRACK
18.444,169.18313449780752,-521.5333566291208,0.1032199590604266,0.38651436836299397,0.7303027225832257,0.297223088273747,0.7884691692231571,169.2643166812504,-521.7259435229514,0.20899822626967288,174.7364817766684,-521.1519224698777,0.06857774289850943,-0.034642216161917164,0.21153083077684287,53.983579619947086,112.05442147051869,TRACK
18.5,169.2213119453827,-521.5181490822712,0.09940517245183522,0.38390607475385546,0.7316603591274238,0.29555349578895973,0.7890999619766468,169.30217714412086,-521.709983999534,0.20818216986135324,174.7364817766684,-521.1519224698777,0.06630616286027702,-0.033099009591558204,0.21090003802335322,53.983579619947086,112.05442147051869,TRACK
18.548,169.2566171999685,-521.5042081772915,0.09527262045373931,0.3811610976152405,0.73301338145433,0.29376220440629675,0.7896865518221505,169.33714540158743,-521.69524364293,0.20731459279967504,174.7364817766684,-521.1519224698777,0.06419895727153267,-0.03107366318220664,0.21031344817784947,56.570724388608724,108.40661395662549,TRACK
18.6,169.29493050182595,-521.4892096690855,0.0905587311150915,0.37834710908034436,0.734336691216565,0.29189693040422876,0.790224141649889,169.36591201911884,-521.6842297850463,0.2075360725911658,174.7364817766684,-521.1519224698777,0.06190445073404865,-0.028654280381042847,0.20977585835011103,56.570724388608724,108.40661395662549,TRACK
18.648,169.33035481755564,-521.4754660690287,0.08681239098958793,0.37545509767316,0.7356211514864996,0.2899467551772208,0.7907007014997033,169.4016095850062,-521.6712369336276,0.208335002604543,174.7364817766684,-521.1519224698777,0.05977627743640826,-0.02703611355317967,0.20929929850029672,60.960642912396025,103.94675093184577,TRACK
18.7,169.36879408970222,-521.460689751549,0.08279231503575946,0.3724900142911582,0.736879618683564,0.2879213739015453,0.7911322834903074,169.4403013333886,-521.6571542889047,0.2090731937337261,174.7364817766684,-521.1519224698777,0.0574600108488616,-0.025332304186897858,0.2088677165096926,60.960642912396025,103.94675093184577,TRACK
18.748,169.4043351956936,-521.4471697053195,0.07977747823787262,0.36934132251598745,0.7381256499980509,0.2857325634592438,0.791500204046743,169.47603017885712,-521.6441500526495,0.20962210724311067,174.7364817766684,-521.1519224698777,0.05531469275393512,-0.024462785483937502,0.20849979595325696,61.900770403882746,102.96788246252373,TRACK
18.8,169.44290133509222,-521.4326633502563,0.07618062695130012,0.3659895367438313,0.73936145691256,0.28336509455844405,0.7918024632330839,169.51474718959403,-521.6300582131814,0.21006322552580992,174.7364817766684,-521.1519224698777,0.052984576360076335,-0.023196050591223788,0.2081975367669161,61.900770403882746,102.96788246252373,TRACK
18.848,169.47855772454255,-521.419400945905,0.07233412140632911,0.36252404584798803,0.7405794534018887,0.2808923431919086,0.7920596159790506,169.5504950284151,-521.6170470639112,0.2103306055983747,174.7364817766684,-521.1519224698777,0.05082768299950812,-0.02150643840682099,0.2079403840209494,61.93830769171031,102.9780903798151,TRACK
18.896,169.51724676683878,-521.4051834603639,0.06884803898024572,0.3588956674922945,0.7417836601665839,0.27827463729336116,0.7922624390004147,169.5892277242669,-521.6029495155283,0.21045824005618727,175.22520933956227,-521.2507208781816,0.02705429351767033,-0.04179374546257539,0.2077375609995853,61.93830769171031,102.9780903798151,TRACK
18.948,169.553015387385,-521.3921995522835,0.06456998580439288,0.355152904530293,0.7429722372577174,0.27555284399360774,0.7924248325038177,169.6249851586634,-521.5899348737543,0.21042553394256192,175.22520933956227,-521.2507208781816,0.02493732530218318,-0.039632660502209704,0.20757516749618232,22.03455576947978,142.96017928941018,TRACK
19.0,169.5918140750878,-521.3781235187333,0.061624085555387564,0.35265695870674285,0.7440769676018053,0.2738518821065931,0.79287160817425,169.66376921205213,-521.5758186327565,0.21038274607058044,175.22520933956227,-521.2507208781816,0.02261175020504474,-0.03901233535034282,0.20712839182575005,22.03455576947978,142.96017928941018,TRACK
19.048,169.62767517693618,-521.3651260559554,0.057609390408925654,0.3509240675265634,0.7451372299189545,0.27277688945805784,0.7934965172158642,169.69961266588933,-521.5627726824665,0.21033114673793013,175.22520933956227,-521.2507208781816,0.02043565044954324,-0.03717373995938242,0.20650348278413577,50.786193164791115,113.89667883686391,TRACK
19.1,169.66658209657757,-521.3511726383402,0.05278171269418274,0.34861966166185626,0.7462126970336105,0.27122221209618846,0.7939741038274012,169.73845288248305,-521.548635999734,0.21013612007357463,175.22520933956227,-521.2507208781816,0.01806935830969616,-0.03471235438448658,0.2060258961725988,50.786193164791115,113.89667883686391,TRACK
19.148,169.70254649153196,-521.3383832458253,0.04959202447267641,0.34618344565404896,0.747278632947623,0.2695504249506773,0.7944071920943055,169.7743206739347,-521.5355811912766,0.2098536703272065,175.22520933956227,-521.2507208781816,0.015871873539446184,-0.03372015093323023,0.20559280790569445,55.38079423909358,108.52059684853734,TRACK
19.2,169.74155887945392,-521.324621249168,0.04574767293902804,0.3437128557833644,0.7483144916599,0.26783659987290115,0.7948025054437682,169.81319249985384,-521.5214330036905,0.20944269452485198,175.22520933956227,-521.2507208781816,0.013475676136831798,-0.03227199680219624,0.20519749455623182,55.38079423909358,108.52059684853734,TRACK
19.248,169.7776144735439,-521.31200171009,0.04160668356181585,0.34124816342100556,0.7493097931517481,0.26611126236073684,0.7951605938854995,169.83966359051837,-521.513160006708,0.2105106962021828,175.22520933956227,-521.2507208781816,0.011248679227377323,-0.030358004334438526,0.20483940611450047,54.763629121819406,109.1772922259031,TRACK
19.3,169.8167216247238,-521.2984049118008,0.037823700976673535,0.3389217689396568,0.7502725754133868,0.26448923209640135,0.7955271782361557,169.87920276303814,-521.5009637872032,0.21197639172634938,175.22520933956227,-521.2507208781816,0.00881629037203537,-0.029007410604638163,0.2044728217638443,54.763629121819406,109.1772922259031,TRACK
19.344,169.8528642550609,-521.285945084478,0.0337401641026458,0.33649086614117923,0.7512171868932671,0.2627709084247494,0.7958491139645767,169.91571473482728,-521.4897013354595,0.21322943657213717,175.22520933956227,-521.2507208781816,0.006556485297845343,-0.027183678804800455,0.2041508860354233,58.07804812175419,105.76521739071717,TRACK
19.4,169.89206580644236,-521.2725814922449,0.03001284983725383,0.33370667074876553,0.7521477673174045,0.26074834589178697,0.7960627888338077,169.95527442117674,-521.4774987882763,0.21444446178318868,175.22520933956227,-521.2507208781816,0.004098988053764787,-0.02591386178348904,0.20393721116619234,58.07804812175419,105.76521739071717,TRACK
19.448,169.92829386181538,-521.2603838381899,0.02603442748074536,0.33057776578108955,0.7530589525178966,0.2584276523136314,0.7961674682173888,169.9917905524921,-521.4662350534886,0.2154218015124034,175.22520933956227,-521.2507208781816,0.001824259671446462,-0.024210167809298896,0.20383253178261118,60.0869412752834,103.79339555374642,TRACK
19.496,169.96758564576405,-521.2473500111404,0.022397781698413995,0.32697965959319897,0.7539522495603748,0.25570565606797724,0.7961340195986504,170.0313397502768,-521.4540357415992,0.2162951155655831,175.22520933956227,-521.2507208781816,-0.0006411388063610603,-0.023038920504775056,0.20386598040134962,60.0869412752834,103.79339555374642,TRACK
19.548,170.00389491028932,-521.2354921665869,0.018526003187376405,0.32301880164909325,0.7548240160443422,0.2526721263130644,0.795991519184014,170.06783432448947,-521.4427786562972,0.21692380575824483,175.70840468142924,-521.3737575304997,-0.024233159927253764,-0.04275916311463017,0.204008480815986,62.08012786602598,102.23208072239999,TRACK
19.6,170.0432729363486,-521.2228342317431,0.014109941631065492,0.3188192972594234,0.7556800165969729,0.24943452047513706,0.7957825503796014,170.1073563978078,-521.4305877111975,0.21741250713330632,175.70840468142924,-521.3737575304997,-0.026634439561583484,-0.040744381192648976,0.20421744962039856,62.08012786602598,102.23208072239999,TRACK
19.644,170.07966115338144,-521.211310228519,0.011221343654904015,0.3145806410549209,0.756522759985913,0.24616162848506162,0.7955640978042692,170.14382903532726,-521.4193373924691,0.21769891597002816,175.70840468142924,-521.3737575304997,-0.02885230459587136,-0.040073648250775376,0.20443590219573082,23.243503184384174,141.5758375902661,TRACK
19.7,170.11912385700762,-521.1988335124274,0.007702301508001108,0.311653591836809,0.7573541453209383,0.24398295528537456,0.7956839723813682,170.18337738729457,-521.4071383414798,0.21798949048264482,175.70840468142924,-521.3737575304997,-0.031286125478799234,-0.03898842698680034,0.20431602761863177,23.243503184384174,141.5758375902661,TRACK
19.748,170.15559193062964,-521.1873128695893,0.003648895681649167,0.309669174583779,0.7581932312858142,0.24259360829699922,0.7960581855330564,170.2199219969274,-521.3958658222946,0.21824915008305618,175.70840468142924,-521.3737575304997,-0.0335640064598882,-0.037212902141537364,0.2039418144669436,48.868653799991286,115.73187412413793,TRACK
19.8,170.19514360047594,-521.1749465515214,-0.00021603638761136246,0.30734480176922063,0.759038762762828,0.24092067854202515,0.7963558354942057,170.25952049096455,-521.3836513045251,0.21840800799259577,175.70840468142924,-521.3737575304997,-0.03604488667417632,-0.035828850286564955,0.20364416450579426,48.868653799991286,115.73187412413793,TRACK
19.848,170.2316927883335,-521.1636467599919,-0.005050279804964752,0.30471857743124203,0.7598796905905538,0.23899275428822364,0.7965768517690349,170.29159531856877,-521.3737575305003,0.21848306344471521,175.70840468142924,-521.3737575304997,-0.03834559554897778,-0.03329531574401303,0.20342314823096508,52.400791927043585,111.26684352309495,TRACK
19.9,170.2713265761595,-521.1515317182785,-0.008280921264528285,0.3018952389349073,0.7606876784819583,0.2368888402813815,0.7967195659980549,170.32570091336342,-521.3650731789652,0.22035544916918948,175.70840468142924,-521.3737575304997,-0.0408495493028521,-0.03256862803832382,0.20328043400194507,52.400791927043585,111.26684352309495,TRACK
19.952,170.30794393873262,-521.1404790374876,-0.012450912359527777,0.2988328176743475,0.7614485931088819,0.23457021028360475,0.7967604053289735,170.36273166781714,-521.3556439902583,0.22203074597688802,175.70840468142924,-521.3737575304997,-0.04316919890523204,-0.030718286545704264,0.20323959467102648,54.93857749027166,108.92894310774702,TRACK
20.0,170.34764683936757,-521.1286650305781,-0.016290501162901094,0.29546773810143495,0.762172647486784,0.23198799088292432,0.7966966627838411,170.40284213797008,-521.3454306095757,0.22368244729080056,175.70840468142924,-521.3737575304997,-0.04568793239470578,-0.029397431231804688,0.2033033372161589,54.93857749027166,108.92894310774702,TRACK
20.048,170.38432580130134,-521.1179104426087,-0.021061024921553703,0.2918802649367187,0.7628629849668329,0.22921106468380653,0.7965536052306778,170.4398594590089,-521.3360048414364,0.2250536690178485,175.70840468142924,-521.3737575304997,-0.04801777496139509,-0.026956750039841385,0.20344639476932225,57.27122156812567,106.97838331749705,TRACK
20.1,170.42409261805557,-521.1064558549083,-0.024202794901064806,0.28788275381885275,0.7635222068434098,0.22608537848965998,0.7962918803490611,170.4799440066455,-521.3257980614376,0.22634129356474317,175.70840468142924,-521.3737575304997,-0.0505409287808498,-0.026338133879784995,0.20370811965093893,57.27122156812567,106.97838331749705,TRACK
20.148,170.46082833306113,-521.0960650254407,-0.02885050061441286,0.2836055998876119,0.7641540230304527,0.22272196088627327,0.7959500252997371,170.51692764063085,-521.3163808710761,0.22734600094981683,175.70840468142924,-521.3737575304997,-0.05286892655656013,-0.02401842594214727,0.20404997470026287,59.55087293099903,105.18078800130365,TRACK
20.2,170.50065486033358,-521.0850204943097,-0.0328467351705517,0.2790292890793291,0.7647632793036143,0.21910746488092558,0.7955318689642572,170.55697020746632,-521.3061847807028,0.2282215149771205,176.18486650251606,-521.5207265383284,-0.07650237766584334,-0.043655642495291636,0.2044681310357428,59.55087293099903,105.18078800130365,TRACK
20.248,170.5374440941242,-521.0750315875403,-0.03587240611179521,0.2741682658056079,0.7653509612705673,0.21525563069963505,0.7950453323337476,170.59390799095524,-521.2967792653124,0.22882352204846956,176.18486650251606,-521.5207265383284,-0.07875682790283607,-0.042884421791040864,0.20495466766625237,21.271770073890096,144.01333652226754,TRACK
20.296,170.57733469729237,-521.0642657000425,-0.03956084124176051,0.27047253564975426,0.7659725692270468,0.21237886426666835,0.7948702779670925,170.63394410094244,-521.2865848190546,0.22941319765860246,176.18486650251606,-521.5207265383284,-0.08122229985522866,-0.04166145861346816,0.20512972203290747,21.271770073890096,144.01333652226754,TRACK
20.348,170.6141918431956,-521.054400564423,-0.04377635727658369,0.2673420306170564,0.7666321922087221,0.20997954233234079,0.7948687478627213,170.67091606440644,-521.277170600373,0.22987850310359248,176.18486650251606,-521.5207265383284,-0.08351614450976992,-0.03973978723318623,0.20513125213727867,47.02832434557766,118.34232041394105,TRACK
20.4,170.65415381660844,-521.0439111285446,-0.04884028516699224,0.2636165032298989,0.767285745983543,0.20708867477456105,0.7947409233262158,170.71095309191682,-521.2669759204852,0.2301826645928416,176.18486650251606,-521.5207265383284,-0.08599964553556777,-0.037159360368575534,0.20525907667378418,47.02832434557766,118.34232041394105,TRACK
20.444,170.6910731962323,-521.0343927179272,-0.05222117349853006,0.25966462929909734,0.7679395446466806,0.20401271602182425,0.7945768260720625,170.74790058843328,-521.2575679318539,0.2302966100827815,176.18486650251606,-521.5207265383284,-0.0882940696987588,-0.03607289620022874,0.20542317392793752,53.16271829171889,111.72601717189353,TRACK
20.5,170.73109997244464,-521.0242797979129,-0.05727087301718358,0.2554004766921002,0.7685716977571755,0.20067599627971922,0.794338284407975,170.77679414904946,-521.2503158642211,0.23060845831773605,176.18486650251606,-521.5207265383284,-0.0907780532636827,-0.03350718024649912,0.20566171559202495,53.16271829171889,111.72601717189353,TRACK
20.544,170.76807540117477,-521.0151106858743,-0.060643302223622346,0.25108906746462745,0.7691841046993553,0.1972975061961318,0.7940846887287032,170.81409865349715,-521.2427745959526,0.23226923107991168,176.18486650251606,-521.5207265383284,-0.09307263852615469,-0.03242933630253234,0.2059153112712968,54.875327980397586,110.38932121884001,TRACK
20.6,170.8081625254292,-521.0053641768826,-0.06463404676896345,0.2466873965918165,0.7697868505363028,0.19384488185640458,0.7938183882227242,170.85450482294303,-521.2346063125775,0.23387938198315175,176.18486650251606,-521.5207265383284,-0.09555904978367749,-0.030925003014714042,0.2061816117772758,54.875327980397586,110.38932121884001,TRACK
20.648,170.84519266494001,-520.9965608443142,-0.06890599616552094,0.24204063289084443,0.7703728867816586,0.1901901398511826,0.7935027876352537,170.89179084938553,-521.2270687797184,0.23517078704188815,176.18486650251606,-521.5207265383284,-0.09785086417391749,-0.028944868008396546,0.20649721236474627,55.47046412455893,110.0505548863533,TRACK
20.7,170.88533585412011,-520.9872506802683,-0.07282466282029465,0.23709380817339512,0.770936918966443,0.18628815659701603,0.7931248390472878,170.93216613676185,-521.2189067392883,0.23634213558521716,176.18486650251606,-521.5207265383284,-0.1003267643625333,-0.027502101542238644,0.2068751609527122,55.47046412455893,110.0505548863533,TRACK
20.748,170.92241404284073,-520.9788856215126,-0.07768752868321926,0.2317783418906863,0.7714707900826513,0.18208252188139495,0.7926671588538526,170.96941320551161,-521.2113770818967,0.2371944359450026,176.18486650251606,-521.5207265383284,-0.1026020157116792,-0.024914487028459942,0.20733284114614736,59.154358650628836,106.72540924262881,TRACK
20.8,170.9626057819163,-520.9701018012877,-0.08182689369411222,0.22597084729686162,0.7719773342546575,0.17747550612159976,0.7921152440624062,171.0097329114951,-521.2032262774876,0.2378402567813599,176.18486650251606,-521.5207265383284,-0.10504986372593639,-0.023222970031824164,0.2078847559375938,59.154358650628836,106.72540924262881,TRACK
20.848,170.99972465035543,-520.9622571339698,-0.08560486223980202,0.2197859128924828,0.772443682967578,0.17255977817162893,0.7914834934470573,171.0469179937295,-521.1957091509404,0.23817442324153534,176.65341024366322,-521.6912625135577,-0.12823581281355298,-0.042630950573750964,0.20851650655294274,63.611503582507595,102.85198225383795,TRACK
20.9,171.0399570375106,-520.9540481950139,-0.0887053817916228,0.21331708181548276,0.7728833074732374,0.16741632955340172,0.7908077101115695,171.0871650999277,-521.1875730228945,0.2382487070140097,176.65341024366322,-521.6912625135577,-0.13058259152281815,-0.04187720973119535,0.20919228988843053,63.611503582507595,102.85198225383795,TRACK
20.948,171.07711343917944,-520.9467384369491,-0.09325145999271366,0.20665358329899874,0.7733062453596626,0.16212093343236564,0.790117552120721,171.12428235308275,-521.1800696082915,0.23805113307619488,176.65341024366322,-521.6912625135577,-0.13273086875011061,-0.03947940875739696,0.209882447879279,21.176436699627722,145.93476978725673,TRACK
21.0,171.11740576069803,-520.9389250472732,-0.0963612969619343,0.20136759101718948,0.773847377397384,0.1579687295496141,0.7898062313126735,171.16451021795575,-521.1719373699635,0.23772583456387816,176.65341024366322,-521.6912625135577,-0.13507153025114546,-0.038710233289211166,0.21019376868732653,21.176436699627722,145.93476978725673,TRACK
21.048,171.15463849754624,-520.9318015840644,-0.10058905538488938,0.1970524978826171,0.7744895014931565,0.1546215934381791,0.7897732744784921,171.20166462752422,-521.1644264440295,0.23733053401212695,176.65341024366322,-521.6912625135577,-0.1372463562777783,-0.036657300892888905,0.2102267255215079,50.9144542690646,116.17355971080093,TRACK
21.1,171.1950026409548,-520.9243283433494,-0.10463234704322155,0.19216092165909407,0.7750999104512938,0.150804694393094,0.7896340462724477,171.24189543157757,-521.1562936115333,0.23665759961602426,176.65341024366322,-521.6912625135577,-0.1395913089602768,-0.03495896191705525,0.2103659537275523,50.9144542690646,116.17355971080093,TRACK
21.148,171.23228940439245,-520.9176406908982,-0.1089961651707061,0.18702107039689822,0.775697591859438,0.14678718381221886,0.7894638885649257,171.2675109921068,-521.1513206568167,0.23631945902266074,176.65341024366322,-521.6912625135577,-0.14174809122662077,-0.032751926055914676,0.21053611143507434,53.93766303585779,112.3914301384606,TRACK
21.2,171.2727096364559,-520.910626288927,-0.11403205213026424,0.1817050686368595,0.7762626889817886,0.14262399043806936,0.7892562099557504,171.3080671110584,-521.1452078054415,0.23723119293318226,176.65341024366322,-521.6912625135577,-0.14407553438834086,-0.030043482258076626,0.2107437900442496,53.93766303585779,112.3914301384606,TRACK
21.248,171.310041346118,-520.90437060792,-0.11802164079569821,0.17622103207588627,0.7767811307910536,0.13831993446092444,0.7890002087593528,171.3454914963359,-521.1395669869677,0.23785300054365213,176.65341024366322,-521.6912625135577,-0.14621418920723964,-0.028192548411541424,0.21099979124064716,59.09291533410226,107.53955851321598,TRACK
21.3,171.35050503658655,-520.8978462960198,-0.12131399757481076,0.17049948055154912,0.777259497783314,0.13382159518936465,0.788695471163234,171.38601788003297,-521.1334586174611,0.2382736411452289,176.65341024366322,-521.6912625135577,-0.14851746621741832,-0.02720346864260756,0.21130452883676598,59.09291533410226,107.53955851321598,TRACK
21.348,171.38787446852078,-520.8920640084124,-0.1255466862969783,0.16455960720179683,0.7777041147462103,0.12914655067717046,0.7883543122511588,171.4234093820582,-521.12782275534,0.2384217205562824,176.65341024366322,-521.6912625135577,-0.15062948457486447,-0.025082798277886176,0.21164568774884118,58.65691906231806,108.30691871683342,TRACK
21.4,171.42837653223188,-520.8860677007901,-0.12939048225666272,0.15841238920760378,0.778117718794362,0.12430502078215996,0.7879840877158593,171.4638954705935,-521.1217204593519,0.2383145350164272,176.65341024366322,-521.6912625135577,-0.15290049593410907,-0.023510013677446345,0.21201591228414074,58.65691906231806,108.30691871683342,TRACK
21.448,171.46577862105002,-520.8807875843285,-0.13349287536940646,0.15205934494713585,0.7785000815152867,0.11929911270813129,0.7875878714227736,171.50124489530398,-521.1160909393656,0.23796118486252044,176.65341024366322,-521.6912625135577,-0.154979333731826,-0.021486458362419553,0.21241212857722636,62.55778060447952,104.74732639799765,TRACK
21.5,171.5063121409487,-520.8753564268025,-0.13723605712957568,0.14546425416987796,0.7788468215337015,0.11410029122377693,0.7871602428162262,171.5416784508142,-521.1099965614569,0.23729047318458474,177.11287103130542,-521.884941476883,-0.17816281210085325,-0.04092675497127757,0.2128397571837738,62.55778060447952,104.74732639799765,TRACK
21.548,171.54373912009117,-520.8706206981454,-0.14120913391469148,0.13861099988068587,0.7791554902441518,0.10869654408615484,0.7867008431887421,171.57897198238422,-521.1043754660061,0.2363951058777475,177.11287103130542,-521.884941476883,-0.18015789257651185,-0.038948758661820376,0.21329915681125788,23.1786940307979,144.46136993986664,TRACK
21.6,171.5843211463818,-520.865627903902,-0.14492418254902506,0.13294412588568102,0.7795993225378859,0.10425809952527579,0.786539798750294,171.61938836186204,-521.0982836769676,0.23528369757019651,177.11287103130542,-521.884941476883,-0.18232514025049243,-0.03740095770146737,0.213460201249706,23.1786940307979,144.46136993986664,TRACK
21.648,171.62181742104792,-520.8611355914012,-0.14918809020135962,0.1281463407932101,0.7801498957567998,0.10052421000987599,0.7865996291935659,171.65671377556706,-521.0926577760582,0.23413730490267062,177.11287103130542,-521.884941476883,-0.18433323118606995,-0.03514514098471033,0.21340037080643415,52.07353805166513,115.5387524206877,TRACK
21.7,171.6624574359095,-520.8565265127213,-0.15323412030154615,0.12282081350049476,0.7806359938101546,0.09636338146722682,0.7865611585374439,171.69713030440715,-521.086565964507,0.23263782406937805,177.11287103130542,-521.884941476883,-0.1864931096195055,-0.03325898931795934,0.2134388414625561,52.07353805166513,115.5387524206877,TRACK
21.748,171.69999249433292,-520.8524833577894,-0.15761644604720604,0.11738988831579249,0.7811065303140987,0.09211753599864178,0.7865195815348726,171.73442744458393,-521.0809443251463,0.23104151013279933,177.11287103130542,-521.884941476883,-0.18847707644578718,-0.03086063039858114,0.21348041846512744,55.493476497262975,111.48912484489773,TRACK
21.8,171.74067774412393,-520.8483202552324,-0.1616303700603421,0.11199298466923242,0.7815622721436624,0.08789728099479636,0.7864893624484964,171.76355146083043,-521.0769086283682,0.2297299528769748,177.11287103130542,-521.884941476883,-0.19061775935419234,-0.028987389293850252,0.21351063755150357,55.493476497262975,111.48912484489773,TRACK
21.844,171.77825276564477,-520.8446725995826,-0.16592835686802632,0.10666614613042417,0.7820000088161604,0.08373072175922684,0.7864698643653144,171.80111535720272,-521.0731497936023,0.2296182185277192,177.11287103130542,-521.884941476883,-0.19258658501630183,-0.02665822814827551,0.2135301356346856,58.776443033579554,108.31637090585518,TRACK
21.9,171.8189801307695,-520.8409340187806,-0.16986430183999035,0.10137141974752223,0.782426501762282,0.07958849377277595,0.7864639591239903,171.84180935384748,-521.0690777450632,0.22928308543906872,177.11287103130542,-521.884941476883,-0.1947112944982414,-0.02484699265825105,0.21353604087600975,58.776443033579554,108.31637090585518,TRACK
21.948,171.8565929046194,-520.8376863411736,-0.17472454870675036,0.09603724318316337,0.7828370354676866,0.0754135035030867,0.786461073804957,171.8793710012282,-521.0653191353429,0.22876960170973007,177.11287103130542,-521.884941476883,-0.1966636375754977,-0.021939088868747347,0.213538926195043,61.57080070642095,105.48387680032494,TRACK
22.0,171.8973543282314,-520.834413148842,-0.1788436622714602,0.09046980117845352,0.7831998089039772,0.07104987950867594,0.7864159370494878,171.92005261124743,-521.0612483262724,0.2279680016400653,177.11287103130542,-521.884941476883,-0.19876406327427024,-0.019920401002810034,0.21358406295051224,61.57080070642095,105.48387680032494,TRACK
22.048,171.93498962739773,-520.8316320728127,-0.18259208806163096,0.08462290881520508,0.7835039322088008,0.06646110106131944,0.7863176773677011,171.95759033298256,-521.057492110674,0.2269879921838825,177.11287103130542,-521.884941476883,-0.20068644169600233,-0.01809435363437137,0.21368232263229892,66.15036299399172,100.93945293309532,TRACK
22.1,171.97576623689181,-520.8288981842876,-0.1856596475853014,0.07843781898085114,0.7837355044536243,0.06160088845485704,0.7861526635454494,171.99823354785013,-521.0534251436181,0.22564825620402815,177.11287103130542,-521.884941476883,-0.20274716474725074,-0.01708751716194934,0.21384733645455056,66.15036299399172,100.93945293309532,TRACK
22.148,172.01340714088968,-520.8266431284087,-0.18957206068052757,0.07193104479024287,0.7838930028793216,0.05648369327923601,0.7859253447813113,172.03572470441986,-521.0496735875673,0.22414428244867035,177.562106573531,-522.1012819118849,-0.22580099296981282,-0.036228932289285254,0.21407465521868874,65.68813687150492,101.68301346985155,TRACK
22.2,172.05418826050925,-520.8244738952634,-0.19394994539137,0.06535802888114794,0.7840187570032597,0.05131500834031807,0.7856962780959977,172.07631644255773,-521.045611771535,0.22224224792489,177.562106573531,-522.1012819118849,-0.22778977899542638,-0.033839833604056374,0.21430372190400226,65.68813687150492,101.68301346985155,TRACK
22.248,172.091840379707,-520.8226939406075,-0.19681628084643044,0.059018374182225726,0.7841588945357663,0.04633359145413485,0.785526558161208,172.1137716334051,-521.0418638143976,0.22026441715804368,177.562106573531,-522.1012819118849,-0.2296120124398666,-0.032795731593436156,0.21447344183879202,28.729082325281027,138.9547742290003,TRACK
22.3,172.13266947813986,-520.8208557383825,-0.200291759763926,0.05410719167378421,0.7845145209001363,0.042489349420590905,0.7856642911048939,172.15437807845595,-521.0378005267168,0.2180282195337613,177.562106573531,-522.1012819118849,-0.23159873000479733,-0.03130697024087134,0.21433570889510611,28.729082325281027,138.9547742290003,TRACK
22.348,172.17039914033205,-520.8192212355505,-0.2042476188472708,0.050319247763244805,0.7850465587364943,0.03953632694060293,0.7860414877930848,172.19189563319645,-521.0340463291305,0.21589793893681145,177.562106573531,-522.1012819118849,-0.23344842916420752,-0.02920081031693672,0.2139585122069152,54.63142997276226,112.64866855793535,TRACK
22.4,172.21129380959874,-520.8176232627726,-0.20801869125800287,0.046373698038084964,0.7855328447814366,0.03645419851620847,0.7863782542898015,172.23254319875866,-521.0299789267219,0.21341617687286063,177.562106573531,-522.1012819118849,-0.23545018931297304,-0.027431498054970166,0.21362174571019854,54.63142997276226,112.64866855793535,TRACK
22.448,172.24905924827058,-520.816311893822,-0.21210005034188464,0.04228850338296635,0.785969339423447,0.03325729430039973,0.7866726448389527,172.25960506585724,-521.0276173639713,0.21156846642069604,177.562106573531,-522.1012819118849,-0.237295181688532,-0.02519513134664736,0.21332735516104728,58.64174395793307,107.71773668024716,TRACK
22.5,172.28998717635133,-520.8150609723485,-0.21583570851876854,0.03817900529465498,0.7863565096302785,0.03003690505890874,0.7869299688685342,172.30049357968244,-521.0255767030841,0.21077774407673827,177.562106573531,-522.1012819118849,-0.2392921387959927,-0.02345643027722416,0.21307003113146583,58.64174395793307,107.71773668024716,TRACK
22.548,172.32777725619118,-520.8140666664801,-0.22044118686615688,0.03402101888870047,0.7866843967585869,0.026774135245395538,0.7871398823726063,172.33823926627153,-521.0236928941833,0.20988713394584183,177.562106573531,-522.1012819118849,-0.24113300678602065,-0.02069181991986377,0.21286011762739365,61.6316965914358,104.73438159301966,TRACK
22.6,172.36872553441378,-520.8131706354575,-0.22349871372853647,0.029769358672010797,0.7869582690067423,0.023434165946564077,0.7873071048146963,172.3791304118374,-521.0216521019513,0.20874094793694659,177.562106573531,-522.1012819118849,-0.24312313947126235,-0.01962442574272588,0.21269289518530365,61.6316965914358,104.73438159301966,TRACK
22.648,172.40653233383154,-520.8125059974085,-0.22797740486614762,0.025500812261612493,0.7871974539421627,0.020078526972473244,0.787453477189864,172.4168763643053,-521.0197682797811,0.20752024638758398,177.562106573531,-522.1012819118849,-0.24495718623267793,-0.016979781366530305,0.21254652281013597,64.25049382413135,102.18198226463952,TRACK
22.7,172.44749244658553,-520.8119845454886,-0.2309196737843724,0.021029940084079084,0.7873714116758217,0.01656081506985833,0.7875455545682131,172.45776066698102,-521.0177278290636,0.20599935700458613,177.562106573531,-522.1012819118849,-0.2469363496307526,-0.016016675846380196,0.21245444543178693,64.25049382413135,102.18198226463952,TRACK
22.748,172.48530471083262,-520.8116798108391,-0.23466946320381685,0.01648924431314808,0.7875058443910019,0.012986553281269107,0.7876129160419553,172.49549415329702,-521.0158446290532,0.2044189270447154,177.562106573531,-522.1012819118849,-0.24875728389474394,-0.014087820690927094,0.21238708395804473,66.61313053193102,99.88884055992237,TRACK
22.8,172.52626828092767,-520.8115466321872,-0.23807179723577376,0.011855351191371538,0.7875951360323381,0.009337654405470072,0.7876504872667782,172.53636257495702,-521.0138049709242,0.20251007471384333,177.9999999999994,-522.3397459621552,-0.2722554277389378,-0.03418363050316403,0.21234951273322178,66.61313053193102,99.88884055992237,TRACK
22.848,172.56407875045807,-520.811608284877,-0.24168751927931753,0.007135039010981767,0.7876381787468552,0.0056199245000576065,0.7876582280221855,172.57407603081634,-521.0119227705923,0.20056380232216078,177.9999999999994,-522.3397459621552,-0.2740455265520873,-0.03235800727276977,0.21234177197781445,25.745151355743403,140.85785937401448,TRACK
22.9,172.60508059492406,-520.8116984205886,-0.2450529534911099,0.0038661038040106446,0.7879387693219467,0.003046268250696916,0.7879446579239174,172.61497151428517,-521.0098817618646,0.19843000540517153,177.9999999999994,-522.3397459621552,-0.27600900149687657,-0.03095604800576668,0.21205534207608256,25.745151355743403,140.85785937401448,TRACK
22.948,172.6429639422928,-520.8118121947874,-0.24953222263574926,0.0014592596575989138,0.7883929412896251,0.0011504708301788695,0.7883937807076089,172.65275507209643,-521.0079960628897,0.19642804363530592,177.9999999999994,-522.3397459621552,-0.2778426083891626,-0.028310385753413325,0.2116062192923911,54.88962917403487,111.44887001641536,TRACK
23.0,172.68401100112297,-520.8120857281075,-0.2526381693541717,-0.0013861242710974816,0.7887336924259645,-0.0010932836146940821,0.7887344501395626,172.69368652733684,-521.0059532588855,0.19410882333750665,177.9999999999994,-522.3397459621552,-0.27983052099439715,-0.02719235164022543,0.21126554986043744,54.88962917403487,111.44887001641536,TRACK
23.044,172.7219110008369,-520.8124528312065,-0.2566238501524767,-0.004293122439312479,0.7890310646577015,-0.0033874277801367036,0.7890383359899767,172.73147408441213,-521.0040673603156,0.19185301752424652,177.9999999999994,-522.3397459621552,-0.28167139225306526,-0.02504754210058857,0.21096166401002325,57.912390927264425,107.7280430795685,TRACK
23.1,172.7629769947591,-520.8129745936399,-0.260293450244949,-0.007239028374679396,0.7892759203499318,-0.005713690589068543,0.7892966012243936,172.7629769947591,-521.0031081799918,0.1901335863519762,177.9999999999994,-522.3397459621552,-0.2836720334902678,-0.02337858324531883,0.2107033987756064,57.912390927264425,107.7280430795685,TRACK
23.148,172.80089610278802,-520.8135441461837,-0.26484713514931624,-0.009963772301692294,0.7895228442716453,-0.007866886182016648,0.7895620365272064,172.80089610278802,-521.0031081799918,0.1895640338080966,177.9999999999994,-522.3397459621552,-0.28552977108741945,-0.02068263593810321,0.21043796347279364,60.75179972856316,104.95593546063398,TRACK
23.2,172.8419865947122,-520.8142613688801,-0.2678205167407177,-0.012586615715728172,0.7897604674971104,-0.009940936474716751,0.7898230296966838,172.8419865947122,-521.0031081799918,0.1888468111117163,177.9999999999994,-522.3397459621552,-0.28755354503908853,-0.019733028298370814,0.21017697030331617,60.75179972856316,104.95593546063398,TRACK
23.248,172.87992183225344,-520.8150312656936,-0.2722653870322258,-0.015285038944793742,0.7899554109446081,-0.012075439640297114,0.7900476995240041,172.87992183225344,-521.0031081799918,0.1880769142982217,177.9999999999994,-522.3397459621552,-0.28942922775145336,-0.017163840719227552,0.2099523004759959,63.11351785875639,102.48475614889847,TRACK
23.3,172.9210201302858,-520.8159917019229,-0.2751778717660611,-0.018114226416051826,0.7900941769471387,-0.014313510386618229,0.7902238195760517,172.9210201302858,-521.0031081799918,0.18711647806890142,177.9999999999994,-522.3397459621552,-0.2914676864869075,-0.016289814720846396,0.2097761804239483,63.11351785875639,102.48475614889847,TRACK
23.348,172.95895037679023,-520.8170186485341,-0.27891778801717115,-0.021248757574063814,0.7901359291104554,-0.01679193412467154,0.7903143396920557,172.95895037679023,-521.0031081799918,0.18608953145769647,177.9999999999994,-522.3397459621552,-0.29335069490527943,-0.014432906888108277,0.20968566030794433,65.35347236537686,100.25715081317526,TRACK
23.4,173.00002763495257,-520.8183002424117,-0.2822998673879762,-0.02472804842735692,0.7900698992452633,-0.019540869818680952,0.7903115153448614,173.00002763495257,-521.0031081799918,0.1848079375801035,178.42546263865705,-522.599740768492,-0.31725869356279046,-0.03495882617481427,0.20968848465513856,65.35347236537686,100.25715081317526,TRACK
23.448,173.03793276649645,-520.8196313026457,-0.286427895424725,-0.028358217843148965,0.7899370186835568,-0.022407212921373206,0.7902547542897606,173.03793276649645,-521.0031081799918,0.18347687734615192,178.42546263865705,-522.599740768492,-0.3191198818584623,-0.032691986433737275,0.20974524571023945,23.77806214900228,142.1128721499161,TRACK
23.5,173.07903017231172,-520.8210748318696,-0.2892435652843113,-0.030722492573468842,0.7900762166701338,-0.024280750483064436,0.7904492285984047,173.07903017231172,-521.0031081799918,0.18203334812221783,178.42546263865705,-522.599740768492,-0.32116492880696046,-0.03192136352264918,0.20955077140159528,23.77806214900228,142.1128721499161,TRACK
23.548,173.1169988007594,-520.822405899998,-0.2931163825358356,-0.03223586879069012,0.7904041232666211,-0.025488192916657253,0.7908149758666896,173.1169988007594,-521.0031081799918,0.18070227999385224,178.42546263865705,-522.599740768492,-0.32308033565181465,-0.029963953115979047,0.20918502413331042,53.2626664872353,112.5419320038738,TRACK
23.6,173.15813066054824,-520.8239594904178,-0.2968361766785071,-0.034168056724162024,0.7906117363943035,-0.027024183990656432,0.7910734632414214,173.15813066054824,-521.0031081799918,0.17914868957404906,178.42546263865705,-522.599740768492,-0.32516461649482253,-0.028328439816315443,0.20892653675857864,53.2626664872353,112.5419320038738,TRACK
23.648,173.19610301210372,-520.8254780375632,-0.301491876633176,-0.036199666008638,0.7907793587483599,-0.028638459196177753,0.7912977666893787,173.19610301210372,-521.0031081799918,0.17763014242859754,178.42546263865705,-522.599740768492,-0.3271007918876448,-0.02560891525446879,0.20870223331062132,56.208283933984916,108.9524394977903,TRACK
23.7,173.23724661862596,-520.8271972368603,-0.3045783632714185,-0.038147129110616976,0.7909347040092078,-0.030186532207991647,0.7915105386113803,173.23724661862596,-521.0031081799918,0.17591094313149824,178.42546263865705,-522.599740768492,-0.329214979682121,-0.024636616410702472,0.20848946138861968,56.208283933984916,108.9524394977903,TRACK
23.748,173.27523396939404,-520.8288378183861,-0.30857733018996614,-0.03990280423521211,0.7910986569565363,-0.031583819560443815,0.7917288820653583,173.266493688406,-521.0039659360737,0.17534608668726817,178.42546263865705,-522.599740768492,-0.3311849544830562,-0.022607624293090045,0.2082711179346417,59.013679705963575,106.20925326976226,TRACK
23.8,173.31639301095476,-520.8306825387599,-0.3131223029060759,-0.04161391561553424,0.7912461375265829,-0.03294586984570581,0.7919317397924055,173.3076423031227,-521.0060195780567,0.17555526832573856,178.42546263865705,-522.599740768492,-0.33333765666775506,-0.020215353761679156,0.2080682602075945,59.013679705963575,106.20925326976226,TRACK
23.844,173.35438670769562,-520.8324608619051,-0.31612622301975746,-0.04341980216887752,0.7913473614611297,-0.03438175500035412,0.792093903251626,173.34563013215973,-521.0079154717846,0.17567298523982447,178.42546263865705,-522.599740768492,-0.3353396406699471,-0.019213417650189635,0.20790609674837401,63.081652665238664,102.04134706767991,TRACK
23.9,173.39553334680662,-520.8345067238838,-0.3196870823680074,-0.04561128046777031,0.7913243174275426,-0.03611836560667746,0.7921481627109059,173.3867763888602,-521.009968996084,0.17568065709728772,178.42546263865705,-522.599740768492,-0.3375174172161175,-0.017830334848110085,0.20785183728909407,63.081652665238664,102.04134706767991,TRACK
23.944,173.43349338687432,-520.8365280842535,-0.32346216610071754,-0.04826671126975749,0.7911527651549067,-0.03821602367316633,0.792075225138145,173.4247427441944,-521.011863818104,0.17555396125465547,178.42546263865705,-522.599740768492,-0.3395315023749789,-0.01606933627426138,0.207924774861855,62.28972826783739,102.97304147587774,TRACK
23.996,173.47458814055864,-520.8388741521233,-0.3269017380933732,-0.05133165000957579,0.7908486009951502,-0.04063125681877111,0.7918916647665003,173.4658521898104,-521.0139155052384,0.175259214125414,178.42546263865705,-522.599740768492,-0.3417151298184682,-0.014813391725094993,0.2081083352334997,62.28972826783739,102.97304147587774,TRACK
24.048,173.51249301424542,-520.8411872266333,-0.3311494104502908,-0.054695171116701684,0.7904412946129735,-0.043276485234898854,0.7916250971285081,173.50377803850512,-521.015808305656,0.17483841694892457,178.8374367223474,-522.8806199428411,-0.3657624621914592,-0.03461305174116841,0.20837490287149185,65.53117623804782,100.26152906957164,TRACK
24.1,173.5535253491215,-520.8438546258283,-0.3347333678840001,-0.058269842220657474,0.7899660185488668,-0.0460833638301231,0.7913090337433588,173.54484121753347,-521.0178576837212,0.1742196266140355,178.8374367223474,-522.8806199428411,-0.36791415059019444,-0.033180782706194345,0.20869096625664119,65.53117623804782,100.26152906957164,TRACK
24.144,173.5913785390796,-520.8464490517533,-0.33748652437332716,-0.06182414787639822,0.7894907555014536,-0.04887187552643027,0.7910019679114123,173.58272951769084,-521.0197486101692,0.17351525154330477,178.8374367223474,-522.8806199428411,-0.3699035926385165,-0.032417068265189364,0.2089980320885877,25.198609537816466,141.07067716214533,TRACK
24.2,173.63242271797873,-520.8492337302638,-0.34080158653214254,-0.06389562835810693,0.7894278875122887,-0.050509747528006715,0.7910421127711581,173.62381034993888,-521.0217988692699,0.17277991805604018,178.8374367223474,-522.8806199428411,-0.3720946414824944,-0.03129305495035184,0.2089578872288419,25.198609537816466,141.07067716214533,TRACK
24.248,173.67034794259843,-520.8517745873719,-0.3446130292597529,-0.06494666485358401,0.7896662230682778,-0.051358418973111095,0.7913345885618401,173.66176783891373,-521.0236932487883,0.17213263584353072,178.8374367223474,-522.8806199428411,-0.37415213463777425,-0.029539105378021346,0.20866541143815986,51.93489447774961,114.10062650381018,TRACK
24.3,173.71143436022294,-520.8546077217547,-0.34828062980667074,-0.06631235797872352,0.7898262405439875,-0.05245214606327071,0.7915659908551476,173.70289321726375,-521.0257457310925,0.171351012145022,178.8374367223474,-522.8806199428411,-0.37639806959211347,-0.028117439785442733,0.20843400914485244,51.93489447774961,114.10062650381018,TRACK
24.348,173.74935958879752,-520.857299259416,-0.35289751726534235,-0.06790150006245706,0.7899251813765756,-0.053719690387632524,0.7917497062254959,173.74085821165275,-521.0276404851904,0.1705532368842639,178.8374367223474,-522.8806199428411,-0.3784868188523036,-0.025589301586961266,0.2082502937745041,55.36383202176627,109.75954011242688,TRACK
24.4,173.79043669192924,-520.8603080969916,-0.35592187625624705,-0.06972772279212788,0.7899318697429182,-0.055169590126426055,0.7918560743659547,173.77339906463607,-521.0305735398583,0.17111575549427716,178.8374367223474,-522.8806199428411,-0.380764584017999,-0.02484270776175196,0.20814392563404527,55.36383202176627,109.75954011242688,TRACK
24.448,173.8283411780395,-520.8631763904333,-0.35990323327580076,-0.0717578314270932,0.7898425932201463,-0.056774873261089036,0.791880488646196,173.81121194555837,-521.0343572892862,0.17203578330529967,178.8374367223474,-522.8806199428411,-0.38288002490525364,-0.022976791629452875,0.20811951135380402,57.9049683592569,107.36620293797132,TRACK
24.5,173.86938343329336,-520.8664005295491,-0.3644195504386225,-0.07408070651500526,0.7896436344172255,-0.058604603975965244,0.7918153629368557,173.85216674327032,-521.0384554349083,0.17291415463612012,178.8374367223474,-522.8806199428411,-0.3851823576675399,-0.02076280722891738,0.20818463706314427,57.9049683592569,107.36620293797132,TRACK
24.548,173.90724432574223,-520.8694958161482,-0.3674578445467753,-0.07670203201005665,0.7893373698108026,-0.06066279070274985,0.7916649907351476,173.8899589516175,-521.0422371157331,0.1736039767428056,178.8374367223474,-522.8806199428411,-0.3873152702053992,-0.019857425658623862,0.20833500926485238,62.03222994355562,103.5716273717704,TRACK
24.596,173.94822390907663,-520.8730041328766,-0.37101729649243853,-0.07974561065992215,0.7888934089739799,-0.06304448424457365,0.7914085024285823,173.93087985307307,-521.0463318695231,0.1741933424951658,178.8374367223474,-522.8806199428411,-0.3896291599564662,-0.018611863464027656,0.2085914975714177,62.03222994355562,103.5716273717704,TRACK
24.648,173.98601420880684,-520.8763932624746,-0.3753686204980773,-0.08313712009361779,0.7883349846991707,-0.06569131807745318,0.7910672521166546,173.96863128046903,-521.0501094695983,0.17458375300993242,178.8374367223474,-522.8806199428411,-0.3917665416311796,-0.01639792113310229,0.20893274788334537,61.365157475021874,104.7060352188557,TRACK
24.7,174.02691428832586,-520.8802279129511,-0.37824246035325393,-0.0867550538134335,0.7877067368170945,-0.06850950418836516,0.7906803749880043,174.00950579717744,-521.0541995818943,0.17484049061627702,179.23489801858688,-523.1816851753193,-0.41610549412878195,-0.03786303377552802,0.20931962501199575,61.365157475021874,104.7060352188557,TRACK
24.744,174.06463286503768,-520.88391678267,-0.3819123873751706,-0.09050870847124436,0.787040667454824,-0.0714291860892077,0.7902753576147377,174.047215908774,-521.0579730477001,0.17492550917955077,179.23489801858688,-523.1816851753193,-0.4182037802387272,-0.03629139286355659,0.20972464238526234,20.365176113259594,146.2177181540257,TRACK
24.8,174.10552122392534,-520.887920476091,-0.38538441846289806,-0.0929925333852758,0.7867865417433244,-0.0733769074458539,0.7902007547545986,174.0880955686503,-521.0620636746478,0.1750128768557903,179.23489801858688,-523.1816851753193,-0.42050796078344743,-0.03512354232054937,0.2097992452454014,20.365176113259594,146.2177181540257,TRACK
24.848,174.14328785854767,-520.8916346210708,-0.38943316676366746,-0.09475601004569878,0.7867929629209888,-0.07477729698394256,0.7903384152666585,174.1258557658207,-521.0658421522711,0.17507753077920596,179.23489801858688,-523.1816851753193,-0.4226621599997819,-0.033228993236114446,0.2096615847333415,49.968587185875435,116.50411945911728,TRACK
24.9,174.18417552058852,-520.8958071732335,-0.39423730182128836,-0.09718548891074758,0.7866208434813318,-0.07668972874994656,0.7903503437685229,174.16675146511272,-521.0699343842044,0.17499680942731782,179.23489801858688,-523.1816851753193,-0.425001001090414,-0.030763699269125644,0.20964965623147713,49.968587185875435,116.50411945911728,TRACK
24.948,174.22189702627173,-520.8997896964855,-0.39751820029278306,-0.09998585480804963,0.7863561938696044,-0.07888755573354973,0.790303302591293,174.2044935698011,-521.0737110514019,0.1747899253191608,179.23489801858688,-523.1816851753193,-0.42716609510916725,-0.02964789481638419,0.209696697408707,54.810607160903885,111.00953162512172,TRACK
25.0,174.26273596835802,-520.9042493182455,-0.401388440310805,-0.10305935090657503,0.7860090208267572,-0.08129359615001995,0.7902017651182767,174.2434370464739,-521.0776079339981,0.1744295217030177,179.23489801858688,-523.1816851753193,-0.4295176393898106,-0.028129199079005573,0.20979823488172333,54.810607160903885,111.00953162512172,TRACK
25.048,174.30041115706132,-520.9084929727037,-0.4061627734383222,-0.10624548263080395,0.7856207811656384,-0.08378415125485962,0.7900758164890285,174.27422180216732,-521.0822479893347,0.17571763745913455,179.23489801858688,-523.1816851753193,-0.43169528913890504,-0.025532515700582847,0.20992418351097153,54.66217445742174,111.48848018318313,TRACK
25.1,174.34120344837726,-520.9132289592446,-0.4093436555868635,-0.10951254136032197,0.7852170069995588,-0.08633653080272964,0.7899492038304715,174.31480592822834,-521.0883650621024,0.1771143235151314,179.23489801858688,-523.1816851753193,-0.43406212377005365,-0.02471846818319018,0.2100507961695285,54.66217445742174,111.48848018318313,TRACK
25.148,174.37883319254337,-520.9177406419897,-0.41411785819363334,-0.11294654985287689,0.7847746057609482,-0.08901643170430691,0.7898070061480964,174.35226470133549,-521.0940110637075,0.17826145488481332,179.23489801858688,-523.1816851753193,-0.43625184904355296,-0.022133990849919627,0.2101929938519036,58.16895854954688,108.15194230293159,TRACK
25.2,174.419558570745,-520.9228120618988,-0.4171978037566795,-0.1167747477573512,0.7842166162556741,-0.09199523768818775,0.7895940887372481,174.39283283602364,-521.1001257261635,0.17931648120397997,179.23489801858688,-523.1816851753193,-0.43862302459293906,-0.021425220836259584,0.21040591126275188,58.16895854954688,108.15194230293159,TRACK
25.248,174.4571052920588,-520.92768306912,-0.4212652383939173,-0.12105465867763109,0.7835189768125495,-0.09531466548563353,0.7892951744955892,174.430263386889,-521.1057674739501,0.1800959275409373,179.23489801858688,-523.1816851753193,-0.440806710085219,-0.019541471691301715,0.21070482550441083,60.48421658602635,106.03363017595359,TRACK
25.3,174.49772083422948,-520.9331890051039,-0.42494806611621194,-0.125840545310584,0.7826611764616105,-0.09901371707290571,0.7888993809788836,174.47078816333027,-521.111875601202,0.18070492075996894,179.23489801858688,-523.1816851753193,-0.44316187107428145,-0.018213804958069513,0.21110061902111643,60.48421658602635,106.03363017595359,TRACK
25.348,174.53515368871612,-520.9384893259855,-0.4289135087346798,-0.13102201273151645,0.7816776619984638,-0.10300708919230298,0.7884354302612584,174.50817064797172,-521.117510104171,0.18104287754542125,179.61685837596818,-523.5021879703223,-0.4672377730065528,-0.038324264271872965,0.2115645697387416,62.954546251351225,104.08366151391326,TRACK
25.4,174.5756416857713,-520.9444734999037,-0.4333452479209643,-0.13651667477894638,0.7806058450934681,-0.1072327016547597,0.7879367599612714,174.54864119408612,-521.1236100575162,0.1811599647397616,179.61685837596818,-523.5021879703223,-0.4695186952273431,-0.03617344730637878,0.21206324003872856,62.954546251351225,104.08366151391326,TRACK
25.448,174.61296117965327,-520.9502125735253,-0.436270915827989,-0.14213511668089168,0.77951510886677,-0.11154866789985006,0.7874559735387137,174.5859774985899,-521.1292375999494,0.18104717376941987,179.61685837596818,-523.5021879703223,-0.4716136372449867,-0.035342721416997736,0.21254402646128634,23.206640032522785,144.3556346883882,TRACK
25.5,174.65340686995938,-520.9565106080277,-0.4398356591868558,-0.14645314621339312,0.7789154285930198,-0.11489725097783757,0.7873440310198025,174.62645293375596,-521.1353382902006,0.18084760044911657,179.61685837596818,-523.5021879703223,-0.4739020015638141,-0.034066342376958325,0.21265596898019745,23.206640032522785,144.3556346883882,TRACK
25.548,174.69075862919382,-520.9624027989428,-0.4438982048164797,-0.14995658753009958,0.7786516063365767,-0.11764710522500581,0.7874891525718655,174.66384335293995,-521.1409739891095,0.18058821128021274,179.61685837596818,-523.5021879703223,-0.47603164226248745,-0.03213343744600777,0.21251084742813453,49.87755487939633,117.4875245038349,TRACK
25.6,174.73118950853885,-520.9689835874332,-0.4488284977607502,-0.15394562249052124,0.7782544627872083,-0.1207643870816126,0.7875684389533418,174.70434597775014,-521.1470787775402,0.18010683464114657,179.61685837596818,-523.5021879703223,-0.4783354291002809,-0.029506931339530695,0.21243156104665817,49.87755487939633,117.4875245038349,TRACK
25.648,174.76848000062108,-520.9752404026034,-0.45275728323698816,-0.1582483389044395,0.7777752389113255,-0.124119462219223,0.7876166346422342,174.7364817766684,-521.1519224698777,0.17955622860946993,179.61685837596818,-523.5021879703223,-0.48045899392485664,-0.027701710687868475,0.2123833653577658,55.81750735368939,110.69184468779983,TRACK
25.7,174.80883567745943,-520.9822300056096,-0.4560214983211006,-0.16288594167934028,0.7771786532427646,-0.12772305529204092,0.7876038584906572,174.77303769737773,-521.1593124086787,0.18066453125796259,179.61685837596818,-523.5021879703223,-0.4827531586566419,-0.026731660335541307,0.21239614150934283,55.81750735368939,110.69184468779983,TRACK
25.748,174.84604665386166,-520.9888756150787,-0.46084029384418956,-0.1677307166543878,0.776496160874087,-0.13147755498495603,0.787548497120665,174.81007839334652,-521.1668003469127,0.18152389915026504,179.61685837596818,-523.5021879703223,-0.48486502602320025,-0.024024732179010688,0.212451502879335,55.62392731409456,111.05942199687654,TRACK
25.8,174.8863145517297,-520.9962877136088,-0.46411910000930723,-0.1727355107593276,0.7757564325260811,-0.13534953546240777,0.7874754214294448,174.8502048557655,-521.1749120862924,0.18223769275102353,179.61685837596818,-523.5021879703223,-0.48714599656052854,-0.02302689655122131,0.21252457857055518,55.62392731409456,111.05942199687654,TRACK
25.848,174.92344071293581,-521.0033341037187,-0.46886314617273683,-0.17792486705574537,0.7749532732699029,-0.13935712593488397,0.7873836322280061,174.88724190511672,-521.1823992873467,0.18268742068152163,179.61685837596818,-523.5021879703223,-0.48924339995726585,-0.020380253784529012,0.21261636777199389,59.55691302424821,107.32088403245592,TRACK
25.9,174.96360032112423,-521.0112146090144,-0.4729936292060972,-0.18346815231217684,0.7740246827397718,-0.14362399442489823,0.7872369791015711,174.9273553022573,-521.1905083855233,0.18292063767524494,179.61685837596818,-523.5021879703223,-0.491501302974974,-0.018507673768876798,0.2127630208984289,59.55691302424821,107.32088403245592,TRACK
25.948,175.0006093812164,-521.0187273875529,-0.47603128321914934,-0.18934879454569759,0.7729737736196315,-0.14813627321950298,0.7870405390747903,174.96437042885321,-521.1979911547971,0.18289002136526686,179.61685837596818,-523.5021879703223,-0.4935698305171906,-0.017538547298041274,0.21295946092520968,63.94482253083884,103.10520773320155,TRACK
26.0,175.04062602823421,-521.0271435099668,-0.4797117498032928,-0.19562628931331977,0.7717757693187768,-0.15293555537857786,0.7867827668464427,175.0044505039126,-521.2060935167698,0.18256991399115913,179.98236818086036,-523.8413315074024,-0.5176705606363089,-0.03795881083301611,0.21321723315355734,63.94482253083884,103.10520773320155,TRACK
26.048,175.07749346627233,-521.0351682355588,-0.4842519531949932,-0.20216555808386324,0.7704793190851172,-0.15792173510446877,0.7864970791784747,175.04142899782929,-521.2135688805876,0.18200943940016334,179.98236818086036,-523.8413315074024,-0.5196650931230402,-0.03541313992804701,0.21350292082152533,19.46932204638844,147.9148429666859,TRACK
26.1,175.11744369848856,-521.0439765337095,-0.4882212277049786,-0.20736198531405103,0.7697073511683996,-0.16193574998615484,0.7865574318295215,175.08152143300921,-521.2216737412125,0.1812917723216727,179.98236818086036,-523.8413315074024,-0.5218378940381774,-0.033616666333198764,0.21344256817047846,19.46932204638844,147.9148429666859,TRACK
26.148,175.15433010246662,-521.0522192449401,-0.4921571140427554,-0.21173592148239812,0.7692731405994828,-0.16536134021449572,0.7868453073414913,175.11856048483068,-521.2291613470749,0.18052139223281452,179.98236818086036,-523.8413315074024,-0.523853993565555,-0.03169687952279954,0.21315469265850873,52.50394975927439,114.7194617716895,TRACK
26.2,175.19423133472398,-521.0613993775712,-0.49559681234717656,-0.216778204660221,0.7685935277373079,-0.16927422538693362,0.7870131982756238,175.15867806060825,-521.2372712899812,0.1794295540737358,179.98236818086036,-523.8413315074024,-0.5260232529685039,-0.030426440621327377,0.21298680172437623,52.50394975927439,114.7194617716895,TRACK
26.248,175.23101622132944,-521.0700903069363,-0.5005711195767661,-0.22211089663221165,0.7678089245273865,-0.17339960645547575,0.7871454554927035,175.19570663258133,-521.2447567772966,0.17819972762518047,179.98236818086036,-523.8413315074024,-0.5280146523603381,-0.027443532783571922,0.21285454450729646,52.92270664838651,113.51383818727865,TRACK
26.3,175.27082455860602,-521.0797187129627,-0.5049399799574896,-0.22743315430813343,0.7670165326121086,-0.177516323220057,0.787290547580669,175.22715585086888,-521.251216520863,0.1769702069558854,179.98236818086036,-523.8413315074024,-0.5301641853108218,-0.02522420535333214,0.21270945241933104,52.92270664838651,113.51383818727865,TRACK
26.348,175.3075374587992,-521.0887900422402,-0.5089146245487561,-0.23261666375431192,0.7662589767731516,-0.1815307194081694,0.7874682352795475,175.26380253110997,-521.2605479122584,0.1772385675104475,179.98236818086036,-523.8413315074024,-0.5321436814461924,-0.023229056897436262,0.21253176472045254,59.26814833692339,107.26585610062187,TRACK
26.4,175.34726493416048,-521.0988335835714,-0.5131303017073119,-0.23787109454875863,0.7654648036803438,-0.18559572657482704,0.7876434087810456,175.30351271355005,-521.2706593671651,0.17730864817017242,179.98236818086036,-523.8413315074024,-0.534279397848986,-0.02114909614167415,0.21235659121895445,59.26814833692339,107.26585610062187,TRACK
26.448,175.3838905821711,-521.1083123616323,-0.5163618148014115,-0.24325436432663267,0.7646141391362868,-0.1897533123014166,0.7878077819471473,175.3401748863262,-521.2799947034447,0.17716062924187836,179.98236818086036,-523.8413315074024,-0.5362409087744977,-0.01987909397308618,0.2121922180528527,60.70223076963734,105.66173004865374,TRACK
26.5,175.42350698046548,-521.1188240702653,-0.5201871953070754,-0.24889349862110352,0.7636480251123315,-0.19409153802556456,0.7879275546591155,175.379892706532,-521.2901081031654,0.1767496105151558,179.98236818086036,-523.8413315074024,-0.5383509427067077,-0.018163747399632335,0.21207244534088454,60.70223076963734,105.66173004865374,TRACK
26.548,175.46000973269724,-521.1287651211373,-0.5243104115184822,-0.2548429852613366,0.762537118012987,-0.19864632899193424,0.7879868148449717,175.41655000846217,-521.2994421991752,0.17612328806305974,179.98236818086036,-523.8413315074024,-0.5402815008129018,-0.015971089294419594,0.21201318515502832,61.46939190628752,104.88353588129124,TRACK
26.6,175.4994733214217,-521.1398052577149,-0.5280150138141583,-0.261121746408463,0.7612694354307636,-0.20342872542441298,0.7879812178274777,175.45625068493598,-521.3095512335655,0.17516247492609796,179.98236818086036,-523.8413315074024,-0.5423509690068714,-0.014335955192713135,0.21201878217252235,61.46939190628752,104.88353588129124,TRACK
26.648,175.5358241824027,-521.1502465140253,-0.5319171448732392,-0.2676257054000945,0.7598834943498165,-0.20836283212254225,0.7879327349434179,175.49288495677465,-521.3188794653935,0.1740139344554938,180.33051871829792,-524.1982726222905,-0.5662624846120753,-0.034345339738836134,0.21206726505658213,65.4137410791706,101.14852004752292,TRACK
26.7,175.5751180402814,-521.1618315357553,-0.5354970879246745,-0.2743034941584,0.758402160895582,-0.2134119486774384,0.7878569016575218,175.5325565339264,-521.3289810901857,0.1724832031518179,180.33051871829792,-524.1982726222905,-0.5682659250980985,-0.03276883717342394,0.21214309834247824,65.4137410791706,101.14852004752292,TRACK
26.748,175.6113176681008,-521.1727622795303,-0.539243540939299,-0.28093487691005353,0.7569170240985759,-0.21842110666652198,0.7878014732200443,175.56916583073541,-521.3383029625898,0.170822993595934,180.33051871829792,-524.1982726222905,-0.5700977524189981,-0.030854211479699023,0.21219852677995565,23.79398578323545,142.975321840282,TRACK
26.8,175.65055358565786,-521.1846996312917,-0.5427786577623301,-0.28598283365108695,0.7560839722980699,-0.2223212792656688,0.7880924592840309,175.60886724712577,-521.3484121853858,0.16893653005856032,180.33051871829792,-524.1982726222905,-0.5720967026286996,-0.029318044866369464,0.21190754071596907,23.79398578323545,142.975321840282,TRACK
26.848,175.68679364878525,-521.1957999521994,-0.5468909912983202,-0.28992299219649537,0.7557050422976714,-0.22544867147508996,0.7886172800693683,175.64555506763793,-521.3577540523816,0.16712196486652386,180.33051871829792,-524.1982726222905,-0.5739570567644261,-0.027066065466105904,0.21138271993063174,53.64907551714709,112.70591462503265,TRACK
26.9,175.7260099083014,-521.2080199947934,-0.5507638332518825,-0.2941792423422592,0.7551638703905534,-0.22879192314905958,0.7890616042119182,175.68530562195772,-521.3678757872318,0.1649567012972142,180.33051871829792,-524.1982726222905,-0.5759662364601811,-0.025202403208298585,0.21093839578808182,53.64907551714709,112.70591462503265,TRACK
26.948,175.76217154808188,-521.2194719904967,-0.5549925978739997,-0.29856458295287835,0.7545351391532611,-0.2322188853833273,0.7894611370711708,175.7140441800801,-521.375497085454,0.16327912851067367,180.33051871829792,-524.1982726222905,-0.5778165100458909,-0.02282391217189117,0.21053886292882917,56.95818112810559,108.41831603306542,TRACK
27.0,175.8013015227749,-521.2320617702903,-0.5588264643603398,-0.3030197290167713,0.7538226701142186,-0.23568117795637705,0.7898064545323971,175.75332055633348,-521.387612243046,0.1627824398243103,180.33051871829792,-524.1982726222905,-0.5798162477450755,-0.020989783384735672,0.21019354546760294,56.95818112810559,108.41831603306542,TRACK
27.048,175.83737970308619,-521.2438461126485,-0.5628879902553292,-0.30746411765510917,0.7530548003439721,-0.23912026203329034,0.7901076078838686,175.7895834204398,-521.3987978552459,0.1621558730628785,180.33051871829792,-524.1982726222905,-0.5816587239201294,-0.0187707336648002,0.20989239211613142,60.12985403287099,105.26065183728298,TRACK
27.1,175.87641524040194,-521.2567928591221,-0.56663728093418,-0.31194165764457354,0.7522248136950098,-0.2425697331249237,0.7903684240699327,175.8288741073386,-521.4109174270874,0.1612902408189101,180.33051871829792,-524.1982726222905,-0.583649994440928,-0.017012713506748045,0.20963157593006732,60.12985403287099,105.26065183728298,TRACK
27.148,175.9123918527184,-521.2689246738197,-0.5712983867667369,-0.3165980469171561,0.7512755937092899,-0.2461314753676383,0.7905667086779561,175.86514209680897,-521.4221046202528,0.16030170124716392,180.33051871829792,-524.1982726222905,-0.5854802579941498,-0.014181871227412879,0.2094332913220439,62.72439637135489,102.68995296094468,TRACK
27.2,175.95129557129388,-521.2822754139578,-0.575172287941911,-0.32149361118889563,0.750181087861407,-0.24984620991844375,0.7906926034784536,175.90442620632766,-521.4342221632412,0.1590111693879809,180.33051871829792,-524.1982726222905,-0.587451477917192,-0.01227918997528099,0.2093073965215464,62.72439637135489,102.68995296094468,TRACK
27.248,175.9871426017405,-521.2947846129041,-0.578140179599024,-0.3264839582918427,0.7490023041163911,-0.25361294543045476,0.7907742899598935,175.94068216613888,-521.4454056457481,0.15762381676411855,180.33051871829792,-524.1982726222905,-0.5892613841996477,-0.011121204600623713,0.20922571004010648,67.19846669081801,98.35822696955532,TRACK
27.3,176.02589170970157,-521.3085574459514,-0.5816361197720812,-0.3317431589995484,0.747662801259856,-0.25755017542478537,0.7907792089130016,175.97994398440918,-521.4575163127971,0.15588437212087067,180.6604444311895,-524.5721239031343,-0.61352685520346,-0.03189073543137877,0.20922079108699843,67.19846669081801,98.35822696955532,TRACK
27.348,176.06158955085965,-521.3214590522037,-0.585378102314833,-0.3370146078983191,0.7462775792632681,-0.2614818262831883,0.7907610073767136,176.0161742420419,-521.468691867232,0.15407807143183494,180.6604444311895,-524.5721239031343,-0.6153033209382907,-0.02992521862345765,0.20923899262328638,22.08510515194486,143.6787920368501,TRACK
27.4,176.10029071322833,-521.3354799985794,-0.5896674339334163,-0.34071469754399913,0.7455690193872353,-0.26433494153585735,0.7910411645336851,176.05546216386952,-521.480810586162,0.15208740422762224,180.6604444311895,-524.5721239031343,-0.6172505682395084,-0.02758313430609216,0.20895883546631489,22.08510515194486,143.6787920368501,TRACK
27.448,176.13603667399278,-521.3484688775051,-0.5933821726142869,-0.3434538565079118,0.7452674931757859,-0.2665282874976641,0.7914928707328687,176.09176094167142,-521.4920072762699,0.1502118916482843,180.6604444311895,-524.5721239031343,-0.6190681800876519,-0.025686007473364914,0.20850712926713133,55.22849133437112,110.29321674903039,TRACK
27.5,176.1747104354902,-521.3626962284237,-0.5975438941551983,-0.3466277555858141,0.7447280344892109,-0.26900440267205616,0.791822716276259,176.13108197914184,-521.5041362100229,0.14801591332733183,180.6604444311895,-524.5721239031343,-0.6210361220061171,-0.023492227850918868,0.208177283723741,55.22849133437112,110.29321674903039,TRACK
27.548,176.21036405811856,-521.3759663877146,-0.6013162268311647,-0.35001883450258947,0.7440475540830984,-0.2716144398994181,0.7920739654217376,176.16737566663733,-521.5153313299792,0.14584439973669427,180.6604444311895,-524.5721239031343,-0.6228528585764094,-0.021536631745244672,0.20792603457826242,57.54174900736468,107.26084739898758,TRACK
27.6,176.24894582238903,-521.390473955885,-0.6053185577500249,-0.35339694069155075,0.7433158619745215,-0.2741964793893433,0.7922765804770683,176.19958759284415,-521.5260845770238,0.1443138087275335,180.6604444311895,-524.5721239031343,-0.62482441348358,-0.019505855733555122,0.20772341952293172,57.54174900736468,107.26084739898758,TRACK
27.648,176.28453136521858,-521.4039644349276,-0.6090194494459351,-0.3565355972294802,0.7426332267489264,-0.2765957879554868,0.7924704028455819,176.23534617431758,-521.5390996362997,0.14380787757926153,180.6604444311895,-524.5721239031343,-0.6266521730365604,-0.017632723590625288,0.2075295971544181,60.386904563997874,104.60989777117236,TRACK
27.7,176.3230424711197,-521.4186977805167,-0.6120698825792878,-0.35963732679157967,0.7419209640288777,-0.27895401132842396,0.7926298362424655,176.27408754260205,-521.55320034119,0.143134635409556,180.6604444311895,-524.5721239031343,-0.628638231623722,-0.01656834904443416,0.20737016375753448,60.386904563997874,104.60989777117236,TRACK
27.748,176.3585550585956,-521.4324043636974,-0.6165318242819984,-0.3626871494147966,0.741194576964018,-0.28126394305601893,0.7927665523874535,176.3098511574082,-521.5662172324492,0.14240068059686475,180.6604444311895,-524.5721239031343,-0.6304777095812846,-0.013945885299286198,0.20723344761254647,61.18075926535693,103.81708186396818,TRACK
27.8,176.3969759343025,-521.4473815306889,-0.6204267101751549,-0.36584176050843425,0.740378523053761,-0.28362941773660527,0.7928467720845398,176.3485912131143,-521.5803174596,0.14146746071067698,180.6604444311895,-524.5721239031343,-0.6324740513765086,-0.012047341201353645,0.2071532279154602,61.18075926535693,103.81708186396818,TRACK
27.848,176.43237803635895,-521.4613433821627,-0.6233466656155171,-0.369275093133144,0.739386367479914,-0.28616428852542397,0.7928317604904616,176.3843393084879,-521.5933287022477,0.14045584392762556,180.6604444311895,-524.5721239031343,-0.6343155904478318,-0.010968924832314708,0.20716823950953844,66.50769056281914,98.56323799591567,TRACK
27.9,176.47065109669666,-521.4766321598323,-0.6267963412311861,-0.37304400766887275,0.7382082757503026,-0.28891202185639636,0.7927304805287769,176.4230489896798,-521.6074178739796,0.13917924995287806,180.97132507222898,-524.9619558967449,-0.6589353572819086,-0.032139016050722446,0.20726951947122307,66.50769056281914,98.56323799591567,TRACK
27.948,176.50589609578418,-521.4909017274101,-0.6310494825794986,-0.3771202215332201,0.7368301642509041,-0.29184174446144306,0.7925214790529734,176.45875725769025,-521.6204146206525,0.13782474223756,180.97132507222898,-524.9619558967449,-0.6607560485192943,-0.029706565939795704,0.20747852094702657,20.77724769666665,144.64943194497724,TRACK
28.0,176.54410035653802,-521.5063745500298,-0.6338089143273073,-0.37981246725793866,0.7360836695293457,-0.2938411323017617,0.7925665773802024,176.49746533822756,-521.6345032097937,0.13635167173785553,180.97132507222898,-524.9619558967449,-0.6627556785498382,-0.02894676422253084,0.20743342261979758,20.77724769666665,144.64943194497724,TRACK
28.048,176.57939413094817,-521.5206592327662,-0.6378137918852933,-0.3814830527203533,0.7358048236014056,-0.2951558809489723,0.7927961481325825,176.53322153385005,-521.6475174006908,0.13499964256241961,180.97132507222898,-524.9619558967449,-0.6646295429772918,-0.02681575109199852,0.20720385186741752,52.46209105758569,113.0557590131611,TRACK
28.1,176.61757428364953,-521.5362486242049,-0.6416075707409048,-0.3836422563988304,0.7352549323692861,-0.29677991883853205,0.792892259893593,176.57194579093755,-521.6616118776147,0.1334087877640716,180.97132507222898,-524.9619558967449,-0.6666651660815359,-0.025057595340631122,0.20710774010640698,52.46209105758569,113.0557590131611,TRACK
28.148,176.6527873100444,-521.5507155467033,-0.6457633707536683,-0.38580351015602504,0.7346773568359788,-0.29839492379588284,0.7929630188064578,176.60768925499872,-521.6746214346026,0.13185789178138355,180.97132507222898,-524.9619558967449,-0.6685558953201819,-0.022792524566513594,0.2070369811935422,55.85216233675172,109.10060483074903,TRACK
28.2,176.69090857167512,-521.5664558502642,-0.6495417366527021,-0.38782491434874655,0.7341256967655483,-0.2999010513584046,0.7930202893100391,176.64641001218337,-521.6887146376661,0.13010508404290552,180.97132507222898,-524.9619558967449,-0.6706200694529565,-0.021078332800254396,0.2069797106899609,55.85216233675172,109.10060483074903,TRACK
28.248,176.72607349111922,-521.5810425098704,-0.654177949387377,-0.38970832994425353,0.7335925738441555,-0.30129674301115317,0.7930559827328848,176.67565852135644,-521.7006409490527,0.12979004519238416,180.97132507222898,-524.9619558967449,-0.6725412454881752,-0.018363296100798232,0.2069440172671152,58.914799837366274,106.19502177773367,TRACK
28.3,176.76414301365315,-521.5969052504263,-0.6572715715203348,-0.391490838791916,0.7330723439001612,-0.30261132900669374,0.793075455322174,176.71366185881467,-521.7166606991593,0.12996043434475008,180.97132507222898,-524.9619558967449,-0.6746402061577076,-0.017368634637372815,0.20692454467782595,58.914799837366274,106.19502177773367,TRACK
28.348,176.7992438674841,-521.6116232440246,-0.661200265145319,-0.39343207126991975,0.7324407493858224,-0.30401606717536805,0.7930291422524414,176.748734701828,-521.7314451422683,0.13003254636434844,180.97132507222898,-524.9619558967449,-0.6765896042789401,-0.01538933913362106,0.20697085774755863,61.28476684754816,103.88076916688163,TRACK
28.4,176.83720404834492,-521.6276749872183,-0.6648239293442315,-0.39574905648143355,0.7315877044331253,-0.3056510228520578,0.7928701766671761,176.7867128456201,-521.747454272354,0.1299863019715577,180.97132507222898,-524.9619558967449,-0.6787082681567358,-0.013884338812504282,0.20712982333282393,61.28476684754816,103.88076916688163,TRACK
28.448,176.87217320761835,-521.6426008037214,-0.668738810292743,-0.39843149867191796,0.7305154609169695,-0.30750724352254843,0.7925992325618089,176.8217482511243,-521.7622229342295,0.12981575537940507,180.97132507222898,-524.9619558967449,-0.680667706145121,-0.011928895852377996,0.20740076743819114,63.680794486794305,101.79411990828737,TRACK
28.5,176.90996020899303,-521.658910641406,-0.6722512912635819,-0.4015917612684109,0.7291706357717729,-0.3096574619361143,0.7921979296896247,176.8596717256717,-521.7782090192962,0.12946441411446263,180.97132507222898,-524.9619558967449,-0.6827889435503888,-0.01053765228680692,0.20780207031037534,63.680794486794305,101.79411990828737,TRACK
28.548,176.94474817464643,-521.6740979101546,-0.6765081326475055,-0.4051000108419805,0.7276231628077398,-0.31201785155037987,0.791701084210735,176.8946468588351,-521.7929522742495,0.1289825635906912,181.26238774315974,-525.3667994193635,-0.7075394610275292,-0.03103132838002365,0.20829891578926496,66.25960967717903,99.8533241599769,TRACK
28.6,176.98233857583762,-521.6906891071485,-0.6794228122318846,-0.408788675515568,0.7259673715349075,-0.3144831217358274,0.7911562793721691,176.93250410444858,-521.8089104414794,0.1282955900629434,181.26238774315974,-525.3667994193635,-0.7096351184215902,-0.030212306189705607,0.20884372062783085,66.25960967717903,99.8533241599769,TRACK
28.648,177.01696044200023,-521.7061173605757,-0.6829644589102978,-0.41243058066176846,0.7243298989333944,-0.3169117103684157,0.7906243321941818,176.96742445594793,-521.8236306040249,0.12752715906860523,181.26238774315974,-525.3667994193635,-0.7115713965167249,-0.028606937606427074,0.20937566780581818,22.9925522542272,143.76474316387404,TRACK
28.7,177.05450562487235,-521.7228081218351,-0.6863249090275412,-0.4144888334270174,0.7235223959459943,-0.31833427406224246,0.790456429841751,177.0052789432328,-521.8395876085217,0.1267308750700687,181.26238774315974,-525.3667994193635,-0.7137051612154809,-0.027380252187939713,0.20954357015824898,22.9925522542272,143.76474316387404,TRACK
28.748,177.0892094927417,-521.7381832537953,-0.6901666845935317,-0.4153852170608305,0.723338593912257,-0.3190276153505414,0.790567733214058,177.04024990994233,-521.8543291071674,0.12604324656007004,181.26238774315974,-525.3667994193635,-0.7157115930698179,-0.02554490847628621,0.20943226678594196,53.320462629759675,113.29628176044352,TRACK
28.8,177.12676823051055,-521.7549108977258,-0.6938985170745661,-0.41665028679423527,0.7229692825640583,-0.3199578610484868,0.7906058539992681,177.0781291084803,-521.870296528331,0.1252182412511042,181.26238774315974,-525.3667994193635,-0.7179009248451568,-0.024002407770590706,0.20939414600073192,53.320462629759675,113.29628176044352,TRACK
28.848,177.16139758243742,-521.7704236423634,-0.6979861885597209,-0.4182287546490678,0.7224357248000522,-0.3210863726639476,0.7905756353302752,177.11287103130542,-521.884941476883,0.12437508025251366,181.26238774315974,-525.3667994193635,-0.7199350745615075,-0.02194888600178657,0.2094243646697248,55.99597449655735,109.7543426522648,TRACK
28.9,177.19886751455357,-521.7873030325919,-0.7017055457814476,-0.4199863662420898,0.7217846872864324,-0.32231742261566704,0.7904819135962439,177.14450983325702,-521.9001779208724,0.12528167431933945,181.26238774315974,-525.3667994193635,-0.7221537205880821,-0.020448174806634523,0.20951808640375613,55.99597449655735,109.7543426522648,TRACK
28.952,177.233401540841,-521.8029619895481,-0.7057568483101582,-0.4219878403751639,0.7209706550819421,-0.3236862191720763,0.7902983322588997,177.17866398576984,-521.9166256938494,0.12615719405036024,181.26238774315974,-525.3667994193635,-0.7242129966364278,-0.018456148326269628,0.20970166774110033,58.927828673307644,107.12214731228015,TRACK
29.0,177.27074303087875,-521.8200254378838,-0.709424161042727,-0.42430906616542996,0.7199678779805025,-0.3252461754910156,0.7900245692352108,177.2156461204553,-521.9344353512632,0.12698542364261095,181.26238774315974,-525.3667994193635,-0.7264527286213064,-0.0170285675785794,0.2099754307647892,58.927828673307644,107.12214731228015,TRACK
29.048,177.30514558645385,-521.8358696055308,-0.7133074152046253,-0.42685690293785156,0.718831088422413,-0.3269404031614741,0.7896886480771634,177.24976595406227,-521.9508665971263,0.127637031302986,181.26238774315974,-525.3667994193635,-0.7285281219417152,-0.015220706737089973,0.21031135192283656,61.45234980970487,105.04696007250958,TRACK
29.1,177.3423267914401,-521.8531542788436,-0.7168935787261059,-0.4297588394460179,0.7174983179588772,-0.3288504093527547,0.7892695534513493,177.28670445850034,-521.9686552433203,0.12819639900057064,181.26238774315974,-525.3667994193635,-0.7307805068738862,-0.013886928147780253,0.2107304465486507,61.45234980970487,105.04696007250958,TRACK
29.148,177.3765604546003,-521.8692278106016,-0.7213559762423563,-0.4329794785765449,0.7159943672165664,-0.3309556018148918,0.7887835851857647,177.3207768565922,-521.9850636454432,0.12856807706497217,181.26238774315974,-525.3667994193635,-0.7328615996137197,-0.011505623371363405,0.21121641481423525,63.6234153366301,103.37202554768155,TRACK
29.2,177.41354654168563,-521.8867765860492,-0.7241619910503583,-0.43648770284089144,0.7143411556112232,-0.3332378990001192,0.7882453830692517,177.3576602167509,-522.002825735552,0.12880483847682228,181.53290881632137,-525.7856479662047,-0.7579064049376725,-0.033744413887314195,0.21175461693074826,63.6234153366301,103.37202554768155,TRACK
29.248,177.44759672768805,-521.9030999626424,-0.7279211518980907,-0.44017114421055503,0.7126043574149141,-0.3356292553418911,0.7876877346055827,177.39168134647443,-522.01920944813,0.1288718063676827,181.53290881632137,-525.7856479662047,-0.7599559078180536,-0.032034755919962854,0.21231226539441728,20.189347231608465,147.34822499982687,TRACK
29.3,177.48450375232062,-521.9207911953022,-0.7314068817594781,-0.44255593199708565,0.7116054981158344,-0.337234620413096,0.7874703639844802,177.42855621685695,-522.0369674497781,0.12894591435371383,181.53290881632137,-525.7856479662047,-0.7622072984085076,-0.03080041664902955,0.21252963601551977,20.189347231608465,147.34822499982687,TRACK
29.348,177.51859292615126,-521.9371304001821,-0.7354938710062919,-0.44409648079403763,0.7111104662903615,-0.33834253885152266,0.7874984246741001,177.4626151822777,-522.0533693830675,0.12901553763563497,181.53290881632137,-525.7856479662047,-0.7643149548486323,-0.02882108384234039,0.21250157532589986,51.01758254985726,116.49008299985985,TRACK
29.4,177.55545075070893,-521.9549486064897,-0.7402965487278657,-0.44626892811989616,0.7103033145345851,-0.3398528850157593,0.787420333806762,177.4994997507479,-522.0711320550685,0.12895389920549255,181.53290881632137,-525.7856479662047,-0.7666048143912205,-0.02630826566335487,0.21257966619323798,51.01758254985726,116.49008299985985,TRACK
29.448,177.58940615447005,-521.9715066864447,-0.7435354778872112,-0.44887330089282623,0.7092886402057033,-0.34164037493267196,0.7872791886675223,177.53353569070904,-522.0875228998809,0.12876828220078218,181.53290881632137,-525.7856479662047,-0.7687243646663493,-0.02518888677913811,0.21272081133247767,55.85854795633649,110.95812492129824,TRACK
29.5,177.62612233640837,-521.9895581356487,-0.7474133112122442,-0.4516969173148516,0.7081657637954584,-0.343566382579279,0.7871064783436968,177.56455477732317,-522.1026151326114,0.12873402383955831,181.53290881632137,-525.7856479662047,-0.7710283325102417,-0.02361502129799753,0.21289352165630315,55.85854795633649,110.95812492129824,TRACK
29.548,177.65994878949573,-522.0063270252261,-0.7522689766746269,-0.45468150633735765,0.7069589668956857,-0.34559130184511433,0.7869080815350775,177.59768736271175,-522.1206581769462,0.13018485902291566,181.53290881632137,-525.7856479662047,-0.7731620193145038,-0.020893042639876902,0.21309191846492248,55.67854327936414,111.48053214827718,TRACK
29.6,177.69652522635783,-522.0246097147788,-0.7563529922762995,-0.45777593022083896,0.7057108842848325,-0.34769091049580914,0.7867126676490502,177.6335767523099,-522.1402024968378,0.13162143309168825,181.53290881632137,-525.7856479662047,-0.7754812639345517,-0.01912827165825226,0.21328733235094977,55.67854327936414,111.48053214827718,TRACK
29.648,177.73022449501318,-522.0415964163177,-0.7595137058277412,-0.460966710332162,0.7044359087303383,-0.34986045721038456,0.7865318105634361,177.66670272761033,-522.1582419415105,0.13282015465086935,181.53290881632137,-525.7856479662047,-0.77762903079004,-0.01811532496229873,0.21346818943656387,61.28248082682383,106.06217286739191,TRACK
29.7,177.76662779035584,-522.0601574837251,-0.763272466566677,-0.4646563938556362,0.7029055208657419,-0.3523395585827404,0.7862692514691263,177.7025755001137,-522.1777772122144,0.13392944566138557,181.53290881632137,-525.7856479662047,-0.7799535044980166,-0.01668103793133957,0.2137307485308737,61.28248082682383,106.06217286739191,TRACK
29.748,177.80013059803886,-522.0774429043753,-0.7673298063786125,-0.4687348991480902,0.701179894584753,-0.3550602386530236,0.7859522998517324,177.7356754162433,-522.195802465819,0.13477186741102645,181.53290881632137,-525.7856479662047,-0.782095768243756,-0.014765961865143562,0.21404770014826757,60.550208212112906,106.96411001509044,TRACK
29.8,177.83629664353646,-522.0963555807915,-0.7709776855362445,-0.4733143040655115,0.6991922377139019,-0.35808601561826203,0.7855541864573925,177.77151288465677,-522.2153185109404,0.13545890212233724,181.53290881632137,-525.7856479662047,-0.7844071155281439,-0.013429429991899444,0.2144458135426075,60.550208212112906,106.96411001509044,TRACK
29.848,177.8695618818215,-522.113987318566,-0.7748313519304983,-0.4782344242183452,0.6970339836758972,-0.36132066475786884,0.785117186909164,177.80457502757378,-522.2333231943497,0.13588356219232972,181.78221573370212,-526.2174602137866,-0.8091980631647699,-0.034366711234271596,0.214882813090836,64.15045053093918,103.82376236993237,TRACK
29.9,177.90546926031018,-522.133281226439,-0.7783820424473697,-0.4834178676633642,0.694756367678465,-0.36472127354486455,0.7846706428852569,177.8403731152263,-522.2528177938518,0.1361120826878814,181.78221573370212,-526.2174602137866,-0.8114486006076562,-0.033066558160286474,0.2153293571147431,64.15045053093918,103.82376236993237,TRACK
29.952,177.93849380960154,-522.1512727676171,-0.7827851921889692,-0.4888091171984486,0.692395644240473,-0.3682571488949324,0.7842353319478815,177.87340074328245,-522.2708036814697,0.13610564517777932,181.78221573370212,-526.2174602137866,-0.813515665373523,-0.030730473184553797,0.21576466805211847,20.95132034355551,147.42864954987652,TRACK
30.0,177.9742735709962,-522.170831361811,-0.7866228979562915,-0.49281622874097825,0.6908824858356858,-0.3710115307789872,0.7841990596815734,177.90921157498474,-522.2903052210113,0.13604067905301948,181.78221573370212,-526.2174602137866,-0.8157770673617317,-0.029154169405440244,0.21580094031842656,20.95132034355551,147.42864954987652,TRACK
30.048,178.00731200897462,-522.1889459215389,-0.7897941093633881,-0.495867085275754,0.6899788927192636,-0.3732428263556479,0.7844622870629623,177.94230158439748,-522.3083250797055,0.13593284631853308,181.78221573370212,-526.2174602137866,-0.8178866616203043,-0.028092552256916203,0.21553771293703772,53.31905934853515,114.78964377172176,TRACK
30.1,178.04300318223406,-522.2087493713026,-0.7937110758391004,-0.49961232069516065,0.6887153310521948,-0.3759002874636702,0.7846208213790941,177.9781469329643,-522.3278454161295,0.13561047512181962,181.78221573370212,-526.2174602137866,-0.8201674389195089,-0.02645636308040855,0.21537917862090594,53.31905934853515,114.78964377172176,TRACK
30.144,178.0758667852208,-522.2271860228502,-0.7979928941750075,-0.5036880263101461,0.6872954036288915,-0.37876910438620204,0.7847553799031431,178.0051570521941,-522.3428973711506,0.13560598242773383,181.78221573370212,-526.2174602137866,-0.8222710295814727,-0.024278135406465173,0.21524462009685685,53.20871131642718,113.91613624012163,TRACK
30.2,178.11138518871792,-522.2473211298238,-0.8018885112016596,-0.507900536241996,0.685808189743254,-0.38172467632726687,0.7848863622436535,178.03997702307808,-522.3641754124262,0.1369454251976517,181.78221573370212,-526.2174602137866,-0.824549685652639,-0.02266117445097937,0.2151136377563465,53.20871131642718,113.91613624012163,TRACK
30.248,178.1440870552185,-522.2660619186775,-0.8060461276662165,-0.5122731638512773,0.6842264332332272,-0.38477262500369713,0.7849941304795213,178.0721258761727,-522.3838211675991,0.1380059853638605,181.78221573370212,-526.2174602137866,-0.826651312349937,-0.020605184683720523,0.21500586952047873,57.36328277205079,109.84068360556606,TRACK
30.3,178.17941193778827,-522.2865445611458,-0.8099071277939699,-0.5168899571995397,0.6825108142827278,-0.3879661459430419,0.7850724437978764,178.10695957445787,-522.4051075975151,0.13894797064107722,181.78221573370212,-526.2174602137866,-0.8289230967222992,-0.019015968928329352,0.21492755620212356,57.36328277205079,109.84068360556606,TRACK
30.344,178.21191762411178,-522.3056266620695,-0.8139992019066682,-0.5217713813472811,0.6806526587259937,-0.3913183140982729,0.7851229615668355,178.13911744971475,-522.4247588660166,0.13961499707964492,181.78221573370212,-526.2174602137866,-0.8310133092387975,-0.01701410733212927,0.21487703843316452,59.81752004400204,107.41271545946228,TRACK
30.4,178.24700471660225,-522.3265051774886,-0.8187662938346598,-0.5270212979887898,0.678587350703899,-0.39488537333088225,0.7851211693783365,178.17395414986547,-522.4460471303344,0.14009519545919816,181.78221573370212,-526.2174602137866,-0.8332656995641038,-0.01449940572944397,0.21487883062166346,59.81752004400204,107.41271545946228,TRACK
30.448,178.27926695581078,-522.3459762305995,-0.8218700445865808,-0.5326159471198517,0.6763272721864437,-0.39865192159886625,0.7850744765292172,178.20610782877387,-522.4656958345007,0.14030339064708297,181.78221573370212,-526.2174602137866,-0.8353313411698836,-0.013461296583302862,0.21492552347078275,64.25992081247139,103.09048039870956,TRACK
30.5,178.31406956315712,-522.3672964486356,-0.8264009175290807,-0.5385718467805849,0.673861045598451,-0.4026252165897135,0.7849813843709615,178.24093392312858,-522.4869776177516,0.14025834764233538,182.00968867902407,-526.6611626088242,-0.8601379826154002,-0.03373706508631946,0.21501861562903846,64.25992081247139,103.09048039870956,TRACK
30.548,178.34604950030575,-522.3871945102397,-0.8294913943094788,-0.5448753910195427,0.6711967213477739,-0.4067964233137936,0.7848492649986343,178.27307204781303,-522.5066168169294,0.13995497814443544,182.00968867902407,-526.6611626088242,-0.8621379607947571,-0.032646566485278306,0.21515073500136572,20.16903297649283,147.4028879678059,TRACK
30.6,178.3806738216472,-522.4088643821032,-0.8331341555711438,-0.5498970623229426,0.669326185597379,-0.41027258192700905,0.7850612295912921,178.30792390471944,-522.5279143433478,0.1395186141177713,182.00968867902407,-526.6611626088242,-0.8643176062580069,-0.031183450686863123,0.2149387704087079,20.16903297649283,147.4028879678059,TRACK
30.648,178.41262201785815,-522.4289699850451,-0.8372877878149785,-0.5540323642212166,0.6680176180097991,-0.41328053303763723,0.7855242433937729,178.34013126125083,-522.5475958492268,0.13902160064664779,182.00968867902407,-526.6611626088242,-0.8663430144457906,-0.02905522663081217,0.21447575660622709,49.332183982704365,118.00438562097072,TRACK
30.7,178.44711363219716,-522.4509580357335,-0.842365285081883,-0.5587608986262814,0.6663665482188962,-0.4166288414923961,0.7858905573605415,178.37502806266488,-522.568920840662,0.13824453942706424,182.00968867902407,-526.6611626088242,-0.8685263491625671,-0.026161064080684082,0.21410944263945852,49.332183982704365,118.00438562097072,TRACK
30.748,178.47886139121678,-522.471429202365,-0.8456281690081773,-0.5636494871133738,0.6646323325270274,-0.4200776703249097,0.7862578371920502,178.40725213222004,-522.5886125596572,0.1373310787853166,182.00968867902407,-526.6611626088242,-0.8705361930466272,-0.02490802403844994,0.21374216280794978,55.59241361136479,110.78850731468928,TRACK
30.8,178.51315367809894,-522.4937946083562,-0.8496489254588888,-0.5686484677740116,0.6628244855417444,-0.4235868721903901,0.7866143508261949,178.43601547584672,-522.6069355710638,0.13693494692408784,182.00968867902407,-526.6611626088242,-0.8727071465011399,-0.02305822104225108,0.2133856491738051,55.59241361136479,110.78850731468928,TRACK
30.848,178.54471600784046,-522.5146098316802,-0.8540105750972908,-0.5736834486277046,0.6609779033007155,-0.42710913699464415,0.7869650586627844,178.4672503201393,-522.6282311273212,0.13751629574037003,182.00968867902407,-526.6611626088242,-0.874705764958058,-0.020695189860767127,0.21303494133721557,55.343969358945145,110.94129151304864,TRACK
30.9,178.57881739270542,-522.5373372146685,-0.8588894942831861,-0.578650905926693,0.659164189121102,-0.43059370915973466,0.7873426005162035,178.50110849211077,-522.6513152381059,0.13794804477893322,182.00968867902407,-526.6611626088242,-0.876867153770758,-0.017977659487571906,0.21265739948379647,55.343969358945145,110.94129151304864,TRACK
30.948,178.61020526791307,-522.5584858530237,-0.8627961798361397,-0.5836475754500696,0.6573266463178842,-0.434094732294351,0.787728732854922,178.53237942508738,-522.6726353992115,0.138155639430285,182.00968867902407,-526.6611626088242,-0.8788572160333522,-0.016061036197212553,0.21227126714507805,61.42540839681774,104.65606016045277,TRACK
31.0,178.6440778434011,-522.581607140624,-0.8661105957875788,-0.5890075093108659,0.6552508089683864,-0.43778562714684033,0.788041799646489,178.56626473337573,-522.6957380112237,0.13813303629356122,182.00968867902407,-526.6611626088242,-0.8809995529246213,-0.014888957137042524,0.21195820035351098,61.42540839681774,104.65606016045277,TRACK
31.048,178.67520865569216,-522.6031551649414,-0.8701752088202516,-0.5947679257259824,0.6529085321183721,-0.44168166829343836,0.7882716837610255,178.59754606603326,-522.7170652627117,0.13786583407993594,182.00968867902407,-526.6611626088242,-0.8829607690763182,-0.012785560256066586,0.21172831623897448,61.06338107950494,104.85482072476358,TRACK
31.1,178.70878145258175,-522.6267223786665,-0.8739074067682897,-0.6008190790870155,0.6503612941722386,-0.4457185613864204,0.7884382340562699,178.631434274774,-522.7401698522189,0.1373059181908646,182.00968867902407,-526.6611626088242,-0.8850665807671338,-0.01115917399884414,0.2115617659437301,61.06338107950494,104.85482072476358,TRACK
31.148,178.73961946898007,-522.6486903828234,-0.8785419687638134,-0.6071766343257142,0.6475953774496979,-0.44990042854494416,0.7885367261574702,178.6627111984132,-522.761494097689,0.13652677455019327,182.21476211870396,-527.1156520372529,-0.9096361205341337,-0.031094151770320266,0.21146327384252983,64.6783379065641,101.42557411557773,TRACK
31.2,178.77286014282143,-522.6727208508975,-0.8814472716239212,-0.6137471595213299,0.6446723000437832,-0.45417881366836244,0.7885941727079542,178.6965882921987,-522.7845911091481,0.13539700838083388,182.21476211870396,-527.1156520372529,-0.9116788907360133,-0.030231619112092045,0.21140582729204582,64.6783379065641,101.42557411557773,TRACK
31.248,178.8034102547013,-522.6950978932451,-0.885905015243476,-0.6202029094013911,0.641798227485912,-0.4583821626695531,0.7886819205850195,178.72785905336988,-522.8059111531187,0.13411771913668827,182.21476211870396,-527.1156520372529,-0.9135497990733956,-0.02764478382991964,0.2113180794149805,21.903881457961987,144.39108436776445,TRACK
31.296,178.83650176852012,-522.7194367089758,-0.8888965029448879,-0.6250917995113141,0.6399001908771159,-0.4617673577682967,0.7891142800538358,178.76177783637584,-522.829036587807,0.1326491593449342,182.21476211870396,-527.1156520372529,-0.91559302488524,-0.026696521940352103,0.21088571994616423,21.903881457961987,144.39108436776445,TRACK
31.348,178.86705661990752,-522.7419830968868,-0.893056586648068,-0.6288146697294532,0.6387309154365242,-0.46454952773380975,0.7897996239883164,178.7931306527387,-522.85041257606,0.13123262008972386,182.21476211870396,-527.1156520372529,-0.9174975356780664,-0.024440949029998382,0.21020037601168362,52.69996560991847,113.09857253154328,TRACK
31.4,178.90006087442504,-522.7665769677616,-0.8969825169087181,-0.6328768879816191,0.6373191158247542,-0.46749286237665966,0.790395617250481,178.82710857846186,-522.8735783335701,0.12950416893361555,182.21476211870396,-527.1156520372529,-0.9195566511162383,-0.02257413420752019,0.20960438274951898,52.69996560991847,113.09857253154328,TRACK
31.448,178.93043418970126,-522.7894335664093,-0.9011697624454924,-0.637165069618207,0.6357295158418672,-0.4705330590180969,0.7909193239145588,178.85264008634908,-522.8921360435556,0.12883990580699048,182.21476211870396,-527.1156520372529,-0.9214532808166,-0.020283518371107645,0.20908067608544123,55.86704310705257,108.84062669407952,TRACK
31.5,178.96324450723986,-522.8143508501013,-0.9050584908649926,-0.6414912989948577,0.6340628610378243,-0.4735589747497832,0.791387272018913,178.88548141672442,-522.917012384618,0.12878854341846005,182.21476211870396,-527.1156520372529,-0.9235056292037777,-0.018447138338785085,0.208612727981087,55.86704310705257,108.84062669407952,TRACK
31.548,178.99343822824255,-522.8374947893877,-0.9091805441206731,-0.6458690869509062,0.6323034086525199,-0.47657122421776,0.791787681355305,178.91580657655498,-522.9399828005571,0.12857085897354742,182.21476211870396,-527.1156520372529,-0.9253971519305444,-0.01621660780987133,0.20821231864469503,58.864005308252416,105.85363328186622,TRACK
31.6,179.02603779984452,-522.8627282361995,-0.9139834586600823,-0.6503675456503689,0.630417409098893,-0.4796118031282546,0.7921196824943164,178.94866616784049,-522.9648729737214,0.1281402233586046,182.21476211870396,-527.1156520372529,-0.9274409831800496,-0.01345752451996729,0.2078803175056836,58.864005308252416,105.85363328186622,TRACK
31.648,179.0560291655474,-522.8861654974538,-0.9177291059500283,-0.6549102719734099,0.6284583574976966,-0.48264436867961635,0.7924048799236714,178.9790039264383,-522.987852932856,0.1275665394156125,182.21476211870396,-527.1156520372529,-0.9293232334326508,-0.011594127482622452,0.20759512007632863,63.61171414177076,101.15731171133689,TRACK
31.7,179.08838102431932,-522.9117324014005,-0.9208024144698816,-0.6597681874339609,0.6262508279538163,-0.4858037700522097,0.7925877885192154,179.01186661294108,-523.0127454505562,0.12672052417931856,182.21476211870396,-527.1156520372529,-0.9313507503620141,-0.010548335892132443,0.2074122114807846,63.61171414177076,101.15731171133689,TRACK
31.748,179.11811729504535,-522.9354914308038,-0.9247705902383214,-0.6647948476684589,0.6238900122139976,-0.4890153732665155,0.7927009414851048,179.04219714994005,-523.0357199395421,0.12573632091288128,182.396926207859,-527.5797985667431,-0.9560651926274069,-0.031294602389085435,0.20729905851489516,63.163523966403815,101.73419820058602,TRACK
31.8,179.1501946895045,-522.9613984258191,-0.9283153968206177,-0.6699014038626137,0.6214340475679998,-0.49223399753355923,0.7927638890644648,179.07504912621934,-523.0606043445633,0.12445348526792756,182.396926207859,-527.5797985667431,-0.9580603238743624,-0.029744927053744652,0.20723611093553518,63.163523966403815,101.73419820058602,TRACK
31.848,179.1796741915557,-522.985467126508,-0.9320354048145534,-0.6750793558698189,0.6188868333758777,-0.49545304091983194,0.7927765311124756,179.1053655557509,-523.083568147558,0.12306739489498592,182.396926207859,-527.5797985667431,-0.9598921655830289,-0.02785676076847554,0.2072234688875244,21.199779966656592,143.93354174232292,TRACK
31.9,179.21161937969805,-523.0115956728024,-0.9365279525519754,-0.6787542205456242,0.61729213111395,-0.497909692041267,0.7930722770112641,179.13824016077805,-523.1084696931897,0.12152812676622841,182.396926207859,-527.5797985667431,-0.9618996260602742,-0.02537167350829883,0.20692772298873585,21.199779966656592,143.93354174232292,TRACK
31.944,179.24110733408202,-523.0357694164754,-0.9395806004381355,-0.6815341091756204,0.6162562192738188,-0.4999081807760072,0.7935237343649137,179.1686125195546,-523.131475860941,0.12006340677161008,182.396926207859,-527.5797985667431,-0.963772574491869,-0.024191974053733523,0.20647626563508625,53.97135099478869,110.94892162410825,TRACK
32.0,179.27293907223975,-523.0620960729224,-0.9434650961625857,-0.6848574334538493,0.6148186262819656,-0.502138966666505,0.7938170350075316,179.20151038898416,-523.1563950286727,0.11829771699923268,182.396926207859,-527.5797985667431,-0.9657984893823064,-0.02233339321972072,0.20618296499246835,53.97135099478869,110.94892162410825,TRACK
32.048,179.30223782361557,-523.0865067330228,-0.947696483250172,-0.688282573992835,0.6132688358652844,-0.5043847248989535,0.7940419483597538,179.23187655508977,-523.1793965056582,0.11652990160822187,182.396926207859,-527.5797985667431,-0.9676706874427717,-0.019974204192599765,0.20595805164024616,54.14845334473067,110.14368152298935,TRACK
32.1,179.3338973646751,-523.1130562301687,-0.9515352871253615,-0.6916273354900344,0.6117178081361658,-0.5065486096662009,0.79422299812186,179.2592000610175,-523.2020770101598,0.11620837510236909,182.396926207859,-527.5797985667431,-0.969704327973273,-0.01816904084791149,0.20577700187813996,54.14845334473067,110.14368152298935,TRACK
32.148,179.36306551461743,-523.1376424618886,-0.9562544855258084,-0.6946870559119233,0.6103010019513677,-0.5085312025741259,0.7943999603312741,179.28842298983795,-523.2265979589549,0.11612315429650079,182.396926207859,-527.5797985667431,-0.9715913587930773,-0.015336873267268958,0.20560003966872586,58.6922459443341,105.81801094537889,TRACK
32.2,179.39459249342255,-523.1643692516348,-0.9594994263452956,-0.697661525481455,0.6088964701489941,-0.5104371357337084,0.794544511588833,179.3200841553265,-523.2531648312389,0.11591439687576778,182.396926207859,-527.5797985667431,-0.9736441722548324,-0.014144745909536738,0.205455488411167,58.6922459443341,105.81801094537889,TRACK
32.248,179.42361205996136,-523.1891335153977,-0.9641118348527544,-0.7007359952336621,0.607383711609003,-0.5123568948314401,0.7946222755556528,179.34930755549465,-523.2776861755418,0.11559728804193621,182.396926207859,-527.5797985667431,-0.9755437288762735,-0.011431894023519074,0.2053777244443472,61.43472733374842,103.06955578942524,TRACK
32.3,179.4549459599928,-523.2160691253755,-0.9671729890136915,-0.7039990825514242,0.6057006627575742,-0.5143293564912877,0.7946118422309768,179.38095824159933,-523.3042442545787,0.1151044563997552,182.396926207859,-527.5797985667431,-0.9776037256584516,-0.01043073664476002,0.2053881577690232,61.43472733374842,103.06955578942524,TRACK
32.348,179.48375059160423,-523.2410442645474,-0.971735751158219,-0.707607268903794,0.6037392029590332,-0.5164244715147466,0.7944779795368113,179.41015934864345,-523.3287468927294,0.11448765012237781,182.396926207859,-527.5797985667431,-0.9795023529541893,-0.007766601795970329,0.20552202046318868,63.86150199310316,100.87140779144829,TRACK
32.396,179.51480884719186,-523.2682301930249,-0.9745950027823236,-0.7115964055731184,0.6014764329939177,-0.5186581173906962,0.794216684653721,179.44177153774814,-523.3552726689479,0.11362588255139562,182.55572805786136,-528.0524482558908,-1.0046003741629121,-0.030005371380588564,0.20578331534627903,63.86150199310316,100.87140779144829,TRACK
32.448,179.54334792954216,-523.2934371962036,-0.97841528920386,-0.7157526903452994,0.5990571569170231,-0.5209288411486845,0.7938742562862322,179.4709309848248,-523.3797403502352,0.11266076636523183,182.55572805786136,-528.0524482558908,-1.0064759576283557,-0.028060668424495727,0.2061257437137678,20.28811126575549,145.0025710487801,TRACK
32.5,179.57426828776545,-523.3207690685896,-0.9819449303797847,-0.7185943453695545,0.5975049477297089,-0.5225682724213601,0.7937819359893036,179.5025341157806,-523.4062585257643,0.11159856055694108,182.55572805786136,-528.0524482558908,-1.008533655181846,-0.026588724802061314,0.20621806401069642,20.28811126575549,145.0025710487801,TRACK
32.548,179.60282293487373,-523.3460143070146,-0.9866212789845501,-0.7204735224722498,0.5965891845221749,-0.5237492405894028,0.7938714770709486,179.53172152381566,-523.4307496690816,0.11061415930647132,182.55572805786136,-528.0524482558908,-1.0104595428781387,-0.023838263893588563,0.20612852292905137,51.8083742303633,113.63986458378965,TRACK
32.6,179.63366296825205,-523.3734497461306,-0.9899733925959016,-0.7227723649166742,0.595360117678144,-0.5250986158181418,0.7938401766450611,179.56332851487687,-523.4572710836236,0.10942098496492772,182.55572805786136,-528.0524482558908,-1.012551950152155,-0.022578557556253376,0.20615982335493888,51.8083742303633,113.63986458378965,TRACK
32.648,179.66205513298704,-523.3988447204111,-0.9941453329454562,-0.7252079241953393,0.5940102776833586,-0.5264857877438822,0.7937477525572951,179.59249430485698,-523.481744087239,0.10821743773809539,182.55572805786136,-528.0524482558908,-1.014491798914351,-0.020346465968894778,0.20625224744270487,55.19862161556802,109.7544757510299,TRACK
32.7,179.692752889386,-523.4264128934609,-0.9980265095865621,-0.7274927801804779,0.5927261947180816,-0.5277707729453583,0.7936411850958329,179.61985983753337,-523.504972919667,0.10716844090447707,182.55572805786136,-528.0524482558908,-1.0166077687364674,-0.01858125914990527,0.20635881490416708,55.19862161556802,109.7544757510299,TRACK
32.744,179.72103676285943,-523.4519074767419,-1.002148651372973,-0.7296221029476573,0.5915086039770773,-0.5289490055050415,0.7935171573467604,179.64777025015357,-523.5308699980236,0.10771750856403042,182.55572805786136,-528.0524482558908,-1.0185756554079728,-0.01642700403499986,0.20648284265323957,58.22506913525221,107.03256209119594,TRACK
32.8,179.75161114256824,-523.4795829084728,-1.0069599467613295,-0.7317386832567687,0.5902696867790141,-0.5300937979210556,0.7933585177740039,179.67799887594182,-523.5589180638584,0.10822584108212864,182.55572805786136,-528.0524482558908,-1.0207217360675422,-0.013761789306212746,0.2066414822259961,58.22506913525221,107.03256209119594,TRACK
32.848,179.7797661405103,-523.5051840136235,-1.0100963448213904,-0.733902881363581,0.5889721564005932,-0.5312356937059615,0.7931579686811568,179.70589314736262,-523.5848001653707,0.108609165062718,182.55572805786136,-528.0524482558908,-1.0227148829056532,-0.01261853808426272,0.20684203131884316,62.849487947064816,102.56689680640172,TRACK
32.9,179.81014746517462,-523.5330049577021,-1.0138106206093456,-0.7365372234732199,0.5873215869009942,-0.5325595552840592,0.7928217494268538,179.73609058485067,-523.6128192926919,0.10887951870384494,182.55572805786136,-528.0524482558908,-1.024877326335792,-0.011066705726446413,0.2071782505731462,62.849487947064816,102.56689680640172,TRACK
32.948,179.8380666528417,-523.5587723743324,-1.017807401820194,-0.7396146647006234,0.585336441557999,-0.5340511238638125,0.7923568342079104,179.76394106329144,-523.6386607602568,0.10898053602261511,182.55572805786136,-528.0524482558908,-1.0268734246890858,-0.00906602286889191,0.20764316579208963,62.319639250550836,103.4907497568368,TRACK
33.0,179.86816418208997,-523.5867873629436,-1.0213862415996688,-0.74309687276294,0.5830482107992032,-0.5356956538559321,0.7917796724318494,179.79408275001484,-523.6666281584281,0.10891561505084957,182.55572805786136,-528.0524482558908,-1.0290331168507627,-0.007646875251093865,0.20822032756815056,62.319639250550836,103.4907497568368,TRACK
33.048,179.89579916461722,-523.6127446558595,-1.0257333201335146,-0.7469432174550155,0.580486417947311,-0.5374741025181551,0.791102327324978,179.82187517922387,-523.6924157641772,0.10868413461498744,182.69077286229074,-528.532426023097,-1.0541472572804704,-0.028413937146955837,0.20889767267502202,66.11697373711172,100.46999484619971,TRACK
33.1,179.92558575148038,-523.6409660832228,-1.0295144986994154,-0.7509544566015264,0.5778028140139965,-0.5393100815820349,0.7903869027119023,179.8519527071317,-523.7203236316674,0.10825638879619384,182.69077286229074,-528.532426023097,-1.056275466683383,-0.026760967983967543,0.20961309728809774,66.11697373711172,100.46999484619971,TRACK
33.148,179.95295098547317,-523.6671045054209,-1.0322305630868351,-0.7549791947505036,0.5751099936397931,-0.5411442148892672,0.7896762413118963,179.87969049431086,-523.7460605370221,0.10770865560185688,182.69077286229074,-528.532426023097,-1.0582384879047444,-0.026007924817909256,0.2103237586881037,23.925226490666013,143.38408513759626,TRACK
33.2,179.98262135948465,-523.6954199999107,-1.0356559150569553,-0.7574473809479304,0.5735259363278047,-0.542328798743911,0.7893367631041257,179.90975247554206,-523.7739539793045,0.1071329088864103,182.69077286229074,-528.532426023097,-1.0603980125586618,-0.024742097501706528,0.2106632368958743,23.925226490666013,143.38408513759626,TRACK
33.248,180.01004787961296,-523.7215500540369,-1.039660015130338,-0.7587590605180174,0.5727769012152935,-0.5430453638542811,0.7892855286709763,179.93751902341182,-523.7997175706801,0.10663299508125551,182.69077286229074,-528.532426023097,-1.062425458375486,-0.022765443245148065,0.21071447132902366,51.97690327722695,115.28699241068965,TRACK
33.3,180.03968399423016,-523.7499188857742,-1.0434459356838368,-0.7604367553505841,0.5717788341749733,-0.5439235462750697,0.7891665599877756,179.96758918889483,-523.8276186068383,0.10599484709073051,182.69077286229074,-528.532426023097,-1.0646345492953564,-0.02118861361151958,0.21083344001222437,51.97690327722695,115.28699241068965,TRACK
33.348,180.0669770401127,-523.7761580274527,-1.047604367708288,-0.762282957727101,0.5706680351072767,-0.5448773798178663,0.7890205100822053,179.9910413203628,-523.8502236381065,0.1060752007561887,182.69077286229074,-528.532426023097,-1.0666871100491515,-0.01908274234086349,0.2109794899177947,56.065221057590094,110.38998582103736,TRACK
33.4,180.09646130698258,-523.8046453963476,-1.0522836725063187,-0.764354149824312,0.5693860190592548,-0.5459122029053662,0.7888095917147153,180.0196551794675,-523.8795599787746,0.10729108017015779,182.69077286229074,-528.532426023097,-1.068922754369904,-0.016639081863585314,0.21119040828528468,56.065221057590094,110.38998582103736,TRACK
33.448,180.12358624746795,-523.831003704105,-1.055415070251335,-0.7667013314748197,0.5678869367610637,-0.5470389259527919,0.7885094542562242,180.0460545855058,-523.9066259528589,0.10830458491316532,182.69077286229074,-528.532426023097,-1.070994905942251,-0.015579835690916033,0.2114905457437758,60.762998023858984,105.97151649307267,TRACK
33.5,180.15285887539315,-523.8596346670067,-1.0591398338550144,-0.7693644472369808,0.5661538122373526,-0.5482837060155732,0.7881276301418819,180.0746370379784,-523.9359300938977,0.10926869640027563,182.69077286229074,-528.532426023097,-1.0732460542452957,-0.01410622039028131,0.21187236985811808,60.762998023858984,105.97151649307267,TRACK
33.548,180.1797574308325,-523.8861440579319,-1.0630677172412075,-0.7724225924202088,0.564135278032831,-0.5496820510729193,0.7876540923482281,180.1010015915658,-523.962960335529,0.110014647763289,182.69077286229074,-528.532426023097,-1.0753259935887431,-0.012258276347535624,0.21234590765177186,60.29591112236826,106.94128262691032,TRACK
33.6,180.2087583668037,-523.9149550633191,-1.066690887764965,-0.7758099427304759,0.5618865382197854,-0.5512135617649789,0.787116809950244,180.12954157805805,-523.9922209383487,0.11065855169514514,182.69077286229074,-528.532426023097,-1.0775798594262884,-0.01088897166132341,0.21288319004975598,60.29591112236826,106.94128262691032,TRACK
33.648,180.2354028784687,-523.941634378731,-1.0706199382372805,-0.7793895606664304,0.5595091474002308,-0.5528254900257494,0.7865535636221752,180.15586721233737,-524.0192112779845,0.11110399400893989,182.69077286229074,-528.532426023097,-1.079661476682932,-0.009041538445651476,0.2134464363778248,63.79463537447262,104.03906605189496,TRACK
33.7,180.26411026949614,-523.970642307478,-1.0741533075137921,-0.7833094966437613,0.5569037700332966,-0.5545822427752444,0.7859410111954452,180.18436251657323,-524.0484260703495,0.11140025970661921,182.8017248784854,-529.0185385680059,-1.1049851751708284,-0.03083186765703627,0.21405898880455476,63.79463537447262,104.03906605189496,TRACK
33.748,180.29047497224678,-523.9975120465209,-1.0779675236650945,-0.7873552089828985,0.5542300747450868,-0.55640363832524,0.785338133859237,180.21064691653223,-524.0753741345247,0.11151243530423881,182.8017248784854,-529.0185385680059,-1.1070313549779862,-0.029063831312891697,0.214661866140763,20.072567585861293,148.24353478565098,TRACK
33.8,180.31905198647698,-524.0266394334399,-1.08149850395945,-0.7900069896200828,0.5525948366721535,-0.557712084558241,0.7851138915972781,180.23913836808248,-524.1045849769264,0.11163195848103208,182.8017248784854,-529.0185385680059,-1.1092786958809198,-0.027780191921469743,0.21488610840272193,20.072567585861293,148.24353478565098,TRACK
33.848,180.34543100187597,-524.0535552968734,-1.0855423343450035,-0.7919194398945795,0.5515336311211753,-0.5587743591653598,0.7851230035595487,180.26545280098065,-524.1315638323533,0.11172217428147395,182.8017248784854,-529.0185385680059,-1.111378824672437,-0.025836490327433514,0.21487699644045133,51.19038683387276,117.01333676463497,TRACK
33.9,180.37389067928245,-524.0828101363675,-1.0905005052099561,-0.7944583175425292,0.5500523812339733,-0.5601109069755671,0.7850362094923754,180.29395075324342,-524.1607813396063,0.11166870783542107,182.8017248784854,-529.0185385680059,-1.1136579468306576,-0.023157441620701436,0.2149637905076246,51.19038683387276,117.01333676463497,TRACK
33.952,180.40005203485367,-524.1099052765289,-1.0936791359115197,-0.7974225138544532,0.5482939321755458,-0.5616408198781184,0.7848991314900833,180.32024867993553,-524.187743272056,0.11147793056859887,182.8017248784854,-529.0185385680059,-1.1157652592826446,-0.02208612337112492,0.21510086850991672,56.15664696083827,111.33989333486791,TRACK
34.0,180.42827240193162,-524.1393572735836,-1.0976010561032696,-0.8006860215027003,0.5463358343233817,-0.5633011284813073,0.7847235215119653,180.34408897310308,-524.2136495903231,0.11227732636579867,182.8017248784854,-529.0185385680059,-1.1180515463697693,-0.0204504902664997,0.21527647848803466,56.15664696083827,111.33989333486791,TRACK
34.048,180.4542255094575,-524.1666269880377,-1.1018632182412031,-0.8039904715475124,0.5443597013530601,-0.5649874014070614,0.7845624565360598,180.36898101401465,-524.2418557016202,0.11369249469771045,182.8017248784854,-529.0185385680059,-1.1201683656602952,-0.01830514741909206,0.21543754346394017,55.83357628859237,111.97703407943776,TRACK
34.1,180.48223071618094,-524.1962662246458,-1.1057230225389545,-0.8074007503773535,0.5423303895949191,-0.5667366726998184,0.784418706853067,180.3959470881078,-524.2724119782157,0.11507840918345062,182.8017248784854,-529.0185385680059,-1.1224670968805583,-0.016744074341603854,0.21558129314693297,55.83357628859237,111.97703407943776,TRACK
34.144,180.50797916746785,-524.2237182604376,-1.1099259008993752,-0.8109028248949726,0.5402638772037824,-0.5685499315703677,0.7843048397784713,180.42083997794708,-524.3006190514649,0.1162194906672376,182.8017248784854,-529.0185385680059,-1.1245939010926747,-0.014668000193299502,0.21569516022152868,59.813519858276756,108.07292347730188,TRACK
34.2,180.53573092127345,-524.2535759905579,-1.1146200896201988,-0.8147638403439573,0.5379621707970965,-0.57052294671496,0.7841554246047434,180.44780348213328,-524.3311724160017,0.11727079685665764,182.8017248784854,-529.0185385680059,-1.1268965962739554,-0.01227650665375668,0.2158445753952566,59.813519858276756,108.07292347730188,TRACK
34.248,180.56119002135313,-524.2812601745551,-1.1177418305762599,-0.8191294549915532,0.5353146824324098,-0.572703757010753,0.7839332895865205,180.47268485914503,-524.3593664436313,0.11804131906450029,182.8017248784854,-529.0185385680059,-1.1290152000094185,-0.011273369433158598,0.21606671041347947,64.04260666129542,103.87557737533294,TRACK
34.3,180.58858135506733,-524.3113948641683,-1.1214370977921981,-0.8239987633559755,0.5323192897343788,-0.5750870836842433,0.7836382966929075,180.49962796630396,-524.3898966955265,0.11863912887023961,182.88830826225126,-529.5095773382382,-1.1542723063311193,-0.03283520853892119,0.21636170330709248,64.04260666129542,103.87557737533294,TRACK
34.348,180.6136772753524,-524.3393516157364,-1.1260099206533867,-0.8293395042895895,0.52899862373919,-0.5776579179123394,0.7832804185250493,180.52448555909416,-524.4180637723568,0.11895699159330193,182.88830826225126,-529.5095773382382,-1.1563329343437756,-0.030323013690388922,0.21671958147495074,17.461441225132404,150.8451195187209,TRACK
34.4,180.64083526029822,-524.3697105933568,-1.1299992754886645,-0.8334186957279218,0.5266432348735651,-0.5798169190878927,0.7832884248466008,180.55143777327123,-524.4486043437581,0.11923143268085055,182.88830826225126,-529.5095773382382,-1.1585849170138856,-0.02858564152522103,0.21671157515339923,17.461441225132404,150.8451195187209,TRACK
34.448,180.6658811673886,-524.3978039786958,-1.1332988753658957,-0.8366638308748654,0.5249445085351137,-0.5817285988376804,0.7835655044390499,180.57634125556925,-524.4768234197221,0.11942138781943933,182.88830826225126,-529.5095773382382,-1.160682652069681,-0.027383776703785223,0.21643449556095007,51.76865873329968,116.471154320859,TRACK
34.496,180.69284468698584,-524.4283843997052,-1.1373780124066517,-0.8406926182475576,0.5226991586062086,-0.5839533460385581,0.7837192869626639,180.60331818974927,-524.507392002292,0.11940349648967372,182.88830826225126,-529.5095773382382,-1.162947201809818,-0.025569189403166215,0.2162807130373361,51.76865873329968,116.471154320859,TRACK
34.548,180.7176061239606,-524.4567358821666,-1.1418369480854365,-0.8449627982051926,0.5203065977016292,-0.5862992345394523,0.7838786564471524,180.62822517006543,-524.5356150419925,0.11920938207223564,182.88830826225126,-529.5095773382382,-1.1650356566549331,-0.023198708569496684,0.21612134355284762,51.925158583664455,115.43776519085986,TRACK
34.6,180.7443165734707,-524.487571576732,-1.1458962602199825,-0.8491646388074079,0.5179811602087868,-0.5886424466403389,0.7840946450001843,180.65521794925328,-524.5662015791389,0.11883283265140111,182.88830826225126,-529.5095773382382,-1.1673010538508155,-0.02140479363083303,0.21590535499981567,51.925158583664455,115.43776519085986,TRACK
34.648,180.76887028918787,-524.5161457104267,-1.1509036998137265,-0.853284703863701,0.5157252645733379,-0.5909706485070738,0.7843588820916805,180.67530649732322,-524.5907603446017,0.11967258157638215,182.88830826225126,-529.5095773382382,-1.1693957129387271,-0.018492013125000595,0.21564111790831952,56.35443250810971,110.95963462946676,TRACK
34.7,180.79535250356713,-524.54722632898,-1.1542532473554918,-0.8574279189263418,0.5134670956792093,-0.5933273925609746,0.7846565191906884,180.7007518622521,-524.6226678229999,0.12099876180019054,182.88830826225126,-529.5095773382382,-1.1716672671082373,-0.01741401975274548,0.21534348080931165,56.35443250810971,110.95963462946676,TRACK
34.744,180.81966522260225,-524.5760443524953,-1.1585174974690742,-0.8618285171167331,0.5110338551559449,-0.5957942266305878,0.7849371704804706,180.72425092504582,-524.6521347157154,0.12203946719467812,182.88830826225126,-529.5095773382382,-1.173761337455272,-0.015243839986197827,0.21506282951952937,58.85657790255635,108.12230180283967,TRACK
34.8,180.84582657105474,-524.6074177561968,-1.1624537126351386,-0.8667005092631742,0.508258005050818,-0.5984333876086871,0.7851424833130904,180.74971427891086,-524.6840647515261,0.12293223578116831,182.88830826225126,-529.5095773382382,-1.1760199469642079,-0.013566234329069227,0.21485751668690956,58.85657790255635,108.12230180283967,TRACK
34.848,180.86979645015447,-524.636526301797,-1.1667084199274749,-0.8720257326033893,0.5051480717185113,-0.6012315136133137,0.78527314185746,180.77322168531296,-524.7135421067957,0.12352376056368075,182.88830826225126,-529.5095773382382,-1.1780923437209845,-0.01138392379350961,0.21472685814254,61.44041198510455,105.47915190191092,TRACK
34.9,180.89553447563216,-524.6682368256384,-1.170533695803805,-0.8779633364746768,0.5015829565630464,-0.6042367020120021,0.7852945016825649,180.79868481071952,-524.7454718561283,0.12387537095193622,182.88830826225126,-529.5095773382382,-1.180316336971769,-0.009782641167964012,0.21470549831743513,61.44041198510455,105.47915190191092,TRACK
34.948,180.91908576968274,-524.6976689235236,-1.1746571516249276,-0.8842548628213763,0.49775710755143165,-0.6073629033874175,0.785271822064921,180.82218721664196,-524.7749429409948,0.12393790121486423,182.95030775365402,-530.0043215340418,-1.205231956917299,-0.030574805292371332,0.21472817793507903,64.25767103975255,102.94485458102506,TRACK
35.0,180.9443778519525,-524.729728343329,-1.1783509682819995,-0.8907640904364618,0.4937772890318956,-0.6105704435848465,0.7852466349772436,180.84764706050103,-524.8068685753972,0.12372332608831084,182.95030775365402,-530.0043215340418,-1.207386847166862,-0.029035878884862587,0.21475336502275644,64.25767103975255,102.94485458102506,TRACK
35.048,180.96752970090776,-524.7594795226335,-1.1822228491110733,-0.8973226314534615,0.48977080316943356,-0.6138064707581483,0.785260353756514,180.8711497270146,-524.8363399870344,0.12327461358925079,182.95030775365402,-530.0043215340418,-1.20936011916953,-0.027137270058456675,0.21473964624348596,21.06569703745172,146.34422884670533,TRACK
35.1,180.99259233627672,-524.7918046024035,-1.1858840594070554,-0.902212900391185,0.4870418370434776,-0.6165468582914765,0.7857097297983368,180.8966498754499,-524.8683161617769,0.12271501337344322,182.95030775365402,-530.0043215340418,-1.21151754480369,-0.02563348539663446,0.21429027020166325,21.06569703745172,146.34422884670533,TRACK
35.148,181.01570613470625,-524.8217350505413,-1.1900461027985156,-0.9060673964173649,0.48511530762694255,-0.6189983088938609,0.7864450191255856,180.92022513731456,-524.8978786051051,0.12212477948609134,182.95030775365402,-530.0043215340418,-1.2135267080651415,-0.023480605266625876,0.21355498087441438,51.764138370167444,115.02229113124994,TRACK
35.2,181.04059453464075,-524.8543096172668,-1.1951183293638685,-0.9103792013708539,0.48284302643970445,-0.6216007922029371,0.7870990617760716,180.94577916944675,-524.9299223478662,0.12127340394975249,182.95030775365402,-530.0043215340418,-1.2156977646177656,-0.02057943525389705,0.21290093822392842,51.764138370167444,115.02229113124994,TRACK
35.244,181.06343971641755,-524.8845109330466,-1.1984594693730046,-0.9148706627382336,0.48042741764167296,-0.6242584424928099,0.7877240041063845,180.96938204761162,-524.9595194209396,0.12030427389415839,182.95030775365402,-530.0043215340418,-1.217698969186077,-0.01923949981307227,0.21227599589361545,56.86933113543698,108.63626273310477,TRACK
35.3,181.08802562946352,-524.9173766770926,-1.202445247339412,-0.9196579604109276,0.47775992850725657,-0.6269797263917156,0.7882627268832959,180.9899626353786,-524.9878791685077,0.1207764550921511,182.95030775365402,-530.0043215340418,-1.2198595225138438,-0.017414275174431726,0.2117372731167041,56.86933113543698,108.63626273310477,TRACK
35.344,181.11057664301023,-524.9478441738679,-1.206758328887938,-0.924549909157841,0.47497842730785905,-0.6296956528075366,0.7887465509100859,181.01208753045108,-525.0186530236024,0.12130127160672549,182.95030775365402,-530.0043215340418,-1.2218485568523898,-0.015090227964451808,0.21125344908991406,56.718617844368445,108.68760910454222,TRACK
35.4,181.13484761134998,-524.980991769308,-1.2106514440930773,-0.9295354696927373,0.47209826465226834,-0.6324109897873895,0.7891897309846022,181.0360687810072,-525.0520089119439,0.12165809414931188,182.95030775365402,-530.0043215340418,-1.2239968579889822,-0.013345413895904823,0.2108102690153978,56.718617844368445,108.68760910454222,TRACK
35.448,181.15708752827192,-525.0117247260563,-1.2147773272513085,-0.9347335532034833,0.46902993291306266,-0.635161619651033,0.7895690983353867,181.0582134862121,-525.0828103212549,0.12177535891133631,182.95030775365402,-530.0043215340418,-1.225970528201688,-0.011193200950379456,0.2104309016646133,60.80359345205057,104.57877222314872,TRACK
35.5,181.18098882846917,-525.0451684933454,-1.2185802106933443,-0.9401830467716908,0.4657435923365365,-0.6379573326036534,0.7898776183848422,181.0822091445786,-525.1161862496402,0.1216591453967829,182.95030775365402,-530.0043215340418,-1.2280956100721496,-0.0095153993788053,0.21012238161515784,60.80359345205057,104.57877222314872,TRACK
35.548,181.20285976539475,-525.0761812278898,-1.2232956381329259,-0.9459227901236194,0.4622089167677672,-0.6408067889122928,0.7901078555841073,181.1043607218988,-525.1469972174816,0.121313502758277,182.95030775365402,-530.0043215340418,-1.230042123398237,-0.006746485265311186,0.20989214441589266,63.31594166931524,102.11044153258109,TRACK
35.6,181.2263385122335,-525.1099318639499,-1.227212473146853,-0.9519001472656506,0.4584658226983157,-0.6436921555049532,0.7902724224222026,181.12835783703773,-525.180375172114,0.1206750694092601,182.98756921218921,-530.501541143393,-1.2550624720604187,-0.027849998913565654,0.20972757757779736,63.31594166931524,102.11044153258109,TRACK
35.644,181.24782818773184,-525.1412202290954,-1.2302066873588449,-0.9578758162656902,0.45469833526265935,-0.6465442302644563,0.7904239481309331,181.15051013587382,-525.2111871435229,0.11985896850859286,182.98756921218921,-530.501541143393,-1.2569632426874677,-0.026756555328622866,0.20957605186906691,21.88763501483392,143.71549458565357,TRACK
35.7,181.2710673782496,-525.1752047527619,-1.2338473098681804,-0.9624792317540574,0.4519715464056291,-0.6489957358887534,0.7908689802755449,181.1745364748264,-525.2446057460049,0.1188894998677904,182.98756921218921,-530.501541143393,-1.2590384198564861,-0.02519110998830576,0.20913101972445514,21.88763501483392,143.71549458565357,TRACK
35.748,181.2924891368895,-525.2066543164426,-1.2380717366950273,-0.9661097447985443,0.44998182857953206,-0.6511669634992442,0.7915188313644884,181.19674203278944,-525.2754917963484,0.11792415606367052,182.98756921218921,-530.501541143393,-1.2609706732698343,-0.022898936574806905,0.20848116863551158,50.07589084651796,115.1677406487658,TRACK
35.8,181.3155455589608,-525.2408486103012,-1.2420596108103386,-0.9701167777505871,0.44767564482587413,-0.6534124272458862,0.7920614136855947,181.22080551562468,-525.3089620628251,0.11668383875265366,182.98756921218921,-530.501541143393,-1.2630599891854746,-0.02100037837513602,0.20793858631440532,50.07589084651796,115.1677406487658,TRACK
35.848,181.33669154106443,-525.272523482999,-1.2469936889097473,-0.9743336152162659,0.44517862197580177,-0.6556806911309065,0.7925283428283035,181.24302388918156,-525.3398659385741,0.1153630587846136,182.98756921218921,-530.501541143393,-1.2649854623651329,-0.017991773455385607,0.20747165717169647,54.581370836667304,109.75646804025862,TRACK
35.9,181.3594626569621,-525.3069487751109,-1.2503010911417256,-0.9785623645768332,0.44263323051867787,-0.6579011461421441,0.792942680686661,181.26368526376828,-525.3688083742113,0.11401718751079915,182.98756921218921,-530.501541143393,-1.2670704759407034,-0.016769384798977827,0.20705731931333904,54.581370836667304,109.75646804025862,TRACK
35.948,181.38035724584043,-525.3388235342028,-1.254517555324159,-0.9827614873390528,0.44006797707488865,-0.6600558633709694,0.7933054690452982,181.28436273546865,-525.4008233624444,0.11427565236525887,182.98756921218921,-530.501541143393,-1.2689948326762606,-0.01447727735210158,0.2066945309547018,57.72983886351071,106.66908560129451,TRACK
36.004,181.40285152213474,-525.3734602017029,-1.2584135450862375,-0.9869844984159855,0.437447967848843,-0.662167727057061,0.7936162947741161,181.3067698333142,-525.4355163357565,0.11437943303008208,182.98756921218921,-530.501541143393,-1.2710781982644062,-0.012664653178168672,0.2063837052258839,57.72983886351071,106.66908560129451,TRACK
36.048,181.42348805463493,-525.4055265264834,-1.2632621159271316,-0.9911798526900426,0.43481589524896935,-0.6642259741118819,0.7938897955296069,181.32745865107876,-525.4675488911329,0.11431719058857928,182.98756921218921,-530.501541143393,-1.2730008467284708,-0.009738730801339246,0.20611020447039308,60.564498086523265,103.85177015989618,TRACK
36.1,181.44567392677507,-525.4403738088771,-1.2664151007370825,-0.9956185023331614,0.43195831747047786,-0.6662958992840631,0.7940643635340175,181.34987095652687,-525.5022499273907,0.11404763544541224,182.98756921218921,-530.501541143393,-1.2750770290396738,-0.00866192830259127,0.20593563646598245,60.564498086523265,103.85177015989618,TRACK
36.148,181.4659914078395,-525.4726389569381,-1.2710171653487534,-1.0002407355186018,0.42892120578400184,-0.6683590391461981,0.7941518784084258,181.3705564737358,-525.5342773725075,0.11360951069908548,182.98756921218921,-530.501541143393,-1.276986525758558,-0.005969360409804558,0.20584812159157417,63.40500514156448,101.10777323758253,TRACK
36.2,181.48780732945994,-525.5077015935013,-1.2741565605601317,-1.0051313467556664,0.42563671774326506,-0.6704318907744308,0.7941319384451416,181.39295803015574,-525.5689617660146,0.1129123479290474,182.98756921218921,-530.501541143393,-1.2790437780378392,-0.004887217477707484,0.20586806155485837,63.40500514156448,101.10777323758253,TRACK
36.244,181.50775450802192,-525.5401668121592,-1.2779899154835697,-1.0102792876236246,0.4221120435475598,-0.6725062817170852,0.7940045820124948,181.41362572919516,-525.6009616232088,0.1120546119263967,183.0,-531.0,-1.3039988232634057,-0.026008907779836,0.2059954179875052,66.05636920692793,98.80774433572033,TRACK
36.3,181.52916727409485,-525.5754393215418,-1.281496763239955,-1.015498365720807,0.4184972153352349,-0.6745402039604889,0.7938163553381877,181.43600426433153,-525.635610372797,0.11090492233133105,183.0,-531.0,-1.306019278424986,-0.024522515185031013,0.20618364466181227,66.05636920692793,98.80774433572033,TRACK
36.348,181.54875619587537,-525.6080882351641,-1.285159164962991,-1.020706611468498,0.4148590779508885,-0.6765161277370914,0.7935881335092214,181.4566502276947,-525.667576576582,0.10964657832847545,183.0,-531.0,-1.3078750474797596,-0.022715882516768593,0.20641186649077858,22.250481747091136,143.07249997703315,TRACK
36.4,181.5699703811695,-525.6434994124432,-1.289567654351158,-1.0243283527388563,0.4124461863016272,-0.6780799454846976,0.7936650862065731,181.4790335075979,-525.702232672506,0.10825484198215529,183.0,-531.0,-1.3099099498565674,-0.020342295505409336,0.20633491379342694,22.250481747091136,143.07249997703315,TRACK
36.448,181.5895579060925,-525.676220683572,-1.2926606152151328,-1.026803016085741,0.4109157236595727,-0.6793445665452031,0.7939526258191734,181.4997120369323,-525.7342492982768,0.10695606728801944,183.0,-531.0,-1.3118136804679061,-0.019153065252773382,0.20604737418082664,55.25077253789054,109.95392579463227,TRACK
36.5,181.61063436645435,-525.7117446429859,-1.2964722213800988,-1.0297834613814736,0.4089560112758195,-0.6806775412327054,0.794082448047575,181.52210617740153,-525.7689222096462,0.1053874489024761,183.0,-531.0,-1.313875965585038,-0.017403744204939287,0.205917551952425,55.25077253789054,109.95392579463227,TRACK
36.548,181.6299732285893,-525.7445982691166,-1.300623401826313,-1.0329304497491214,0.4068339437300156,-0.6819980923380341,0.7941254659835781,181.5393998791404,-525.7968908168024,0.10458509537146408,183.0,-531.0,-1.3157827633468533,-0.015159361520540315,0.20587453401642186,55.465942647845864,109.07172994112365,TRACK
36.6,181.6508111078993,-525.780247607508,-1.3043848642151796,-1.0360466926304985,0.4046970203187011,-0.6832462299618965,0.7941064720879563,181.56004596530542,-525.8326508870176,0.10480655901920605,183.0,-531.0,-1.3178548305516204,-0.01346996633644082,0.20589352791204374,55.465942647845864,109.07172994112365,TRACK
36.648,181.66993943766016,-525.8132040504001,-1.3083828800551123,-1.0391461085062175,0.402530467713426,-0.6844174455634551,0.7940138646328504,181.5790986061271,-525.8656510289392,0.10489395707804224,183.0,-531.0,-1.3197732193339533,-0.011390339278841033,0.2059861353671496,59.76647742611642,105.146942937369,TRACK
36.7,181.69054086363445,-525.848960065918,-1.3120827683503005,-1.0422738454435503,0.40030824807145915,-0.6855368286790658,0.7938560555600692,181.59973177150897,-525.9013887197016,0.10485730756703043,183.0,-531.0,-1.3218568319135813,-0.00977406356328081,0.20614394443993078,59.76647742611642,105.146942937369,TRACK
36.748,181.70942950102702,-525.8820169914584,-1.3166880191471693,-1.0455620096626563,0.3979300089005767,-0.6866390207063703,0.7936129010671489,181.61876799950159,-525.9343604337693,0.10468688462170105,183.0,-531.0,-1.3237821015308948,-0.007094082383725553,0.20638709893285112,62.326382484446384,102.92238324050484,TRACK
36.8,181.7297342015569,-525.9178867074937,-1.3195838258506667,-1.0491076924668703,0.395320759351952,-0.6877461444662107,0.7932674593116384,181.63937621729062,-525.9700549140333,0.10433641307915775,183.0,-531.0,-1.3258662822335419,-0.006282456382875168,0.20673254068836155,62.326382484446384,102.92238324050484,TRACK
36.848,181.74833069481812,-525.9510480234138,-1.3240451229707104,-1.0528140822557703,0.392557923608447,-0.6888362558204015,0.7928411636137751,181.65838461161078,-526.0029784187661,0.10386079070462048,183.0,-531.0,-1.327788744028379,-0.003743621057668678,0.2071588363862249,64.86500166040095,100.87368871647452,TRACK
36.9,181.76829491646575,-525.987031587329,-1.326934363429067,-1.0568166300156658,0.389537219127592,-0.6899406310973644,0.7923113778841542,181.67895700725734,-526.0386108532593,0.1031585318606141,183.0,-531.0,-1.329865272820165,-0.00293090939109808,0.20768862211584582,64.86500166040095,100.87368871647452,TRACK
36.948,181.7865656848558,-526.020296783124,-1.3306707018762647,-1.0609116160239227,0.38642354527696365,-0.6910201295511706,0.7917272104641435,181.69792895166498,-526.0714712248918,0.10234888353559748,183.0,-531.0,-1.3317784336380891,-0.0011077317618244376,0.20827278953585648,67.4551522370061,98.90259872770753,TRACK
37.0,181.8061885638791,-526.0563864478739,-1.3340051582709846,-1.0650606414501944,0.3832523747791766,-0.6920742892561094,0.7911063168899787,181.71846195466458,-526.107035429319,0.10129796289017808,183.0,-531.0,-1.33384713983533,0.000158018435654661,0.20889368311002132,67.4551522370061,98.90259872770753,TRACK
37.044,181.82414677155415,-526.0897463212962,-1.3374875529376502,-1.069221494351081,0.3800593079038076,-0.6930973650535395,0.7904612798666868,181.73739675550868,-526.1398314664123,0.10017029023213547,183.0,-531.0,-1.3357535463799561,0.0017340065576940678,0.2095387201333132,69.68231357549392,97.24750269016384,TRACK
37.1,181.84344997348242,-526.1259316557373,-1.3406711211022677,-1.0732489309398612,0.3769639477315797,-0.6940684229463414,0.7898308639326515,181.75789126542597,-526.1753289988652,0.09879468625581851,183.0,-531.0,-1.3378187510449553,0.0028523700573124255,0.21016913606734855,69.68231357549392,97.24750269016384,TRACK
37.148,181.86112833190353,-526.1593748309458,-1.343986492431736,-1.0771896755789276,0.373931262846101,-0.695000960810453,0.7892090501642343,181.77679217468815,-526.2080663340165,0.09738300614142313,183.0,-531.0,-1.3397250308579827,0.004261461573753289,0.21079094983576574,71.38286367059938,95.96470890936821,TRACK
37.2,181.88012826783535,-526.1956489353662,-1.3470129727651496,-1.0810727326885248,0.3709395050064237,-0.6959032504332393,0.7885920683965559,181.793739386701,-526.2399379305451,0.09708014152031805,183.0,-531.0,-1.341790132607987,0.005222840157162567,0.21140793160344407,71.38286367059938,95.96470890936821,TRACK
37.248,181.89753334998443,-526.2291709257062,-1.350736684100673,-1.0848555872333703,0.36802273559124793,-0.6967682923439683,0.7879890780512095,181.81097076348303,-526.2735489744307,0.09727534420606715,183.0,-531.0,-1.3436977730495412,0.0070389110511317465,0.21201092194879045,72.88365222881755,94.76758361297807,TRACK
37.3,181.91622518074968,-526.2655312870526,-1.3531217914733356,-1.0887346537063292,0.3650251775157961,-0.6976325913935579,0.7873592653896501,181.82962223953916,-526.3099300244293,0.09732069310766706,183.0,-531.0,-1.3457618984526911,0.007359893020644437,0.21264073461034994,72.88365222881755,94.76758361297807,TRACK
37.348,181.93332821737295,-526.299135250287,-1.356191947561609,-1.0926741367763786,0.3619760074299289,-0.6984900829902685,0.7867115265398519,181.84682403059475,-526.3434833592204,0.09720971708694742,183.0,-531.0,-1.3476649551389155,0.008526992422693613,0.21328847346014812,74.34665839371742,93.63640595147017,TRACK
37.4,181.9516845080886,-526.3355846500225,-1.3589038324483957,-1.0967244752038519,0.35883636156936805,-0.6993510521633102,0.7860378035096475,181.86544181814247,-526.3797986973523,0.09691585809567912,183.0,-531.0,-1.3497222707694856,0.009181561678910155,0.21396219649035253,74.34665839371742,93.63640595147017,TRACK
37.448,181.96845789345286,-526.3692734860304,-1.3617085452873692,-1.1009567784694376,0.35554956996791887,-0.7002259464634158,0.785322782558203,181.882609455202,-526.4132854123094,0.09647281484908819,183.0,-531.0,-1.3516146666457887,0.010093878641580512,0.21467721744179702,75.53731857936198,92.89385909081015,TRACK
37.5,181.98645656807483,-526.4058136872391,-1.3642657253318355,-1.1052029268987649,0.3522521458192907,-0.7010905271829162,0.7846078648216026,181.90118967535233,-526.4495274725216,0.09581929877784556,183.0,-531.0,-1.3536601082604507,0.010605617071384854,0.2153921351783974,75.53731857936198,92.89385909081015,TRACK
37.544,182.00290898626787,-526.4395839093238,-1.3669063897724163,-1.1094827438052381,0.34892944410678683,-0.7019500453701186,0.7838913337700468,181.9183235503283,-526.4829483320984,0.09505350669840884,183.0,-531.0,-1.3555432630683943,0.011363126704021953,0.21610866622995317,76.36010327498684,92.56816171413578,TRACK
37.6,182.02056694550677,-526.4762107911251,-1.369315222925409,-1.1137056981276534,0.3456557873927995,-0.7027946185380567,0.7831974203252899,181.9368680476453,-526.5191207123464,0.0940572530028428,183.0,-531.0,-1.3575799807021736,0.01173524222323552,0.21680257967471006,76.36010327498684,92.56816171413578,TRACK
37.648,182.03673082798522,-526.5100559574503,-1.3722786175563804,-1.1177374936909275,0.3425379048773596,-0.7036041731705125,0.7825541826485445,181.95397229525133,-526.5524837816001,0.09300051076395997,183.0,-531.0,-1.3594606130887754,0.012818004467604949,0.21744581735145552,77.03463269055403,92.26099142350897,TRACK
37.7,182.054089257782,-526.546761709644,-1.3741659399558253,-1.1216934845840012,0.3394852233409621,-0.7044006600185073,0.7819402193910808,181.97248647099005,-526.5885970174215,0.09170173274838576,183.0,-531.0,-1.3614973913742954,0.012668548581529882,0.21805978060891917,77.03463269055403,92.26099142350897,TRACK
37.748,182.0699808542861,-526.5806796702992,-1.3768676070371968,-1.1255195764544903,0.3365416196805273,-0.705178892123114,0.7813690112060852,181.98956360045779,-526.6219071907896,0.09036948134777953,183.0,-531.0,-1.3633789893327182,0.013488617704478623,0.21863098879391485,77.60502303624294,91.88598267237548,TRACK
37.8,182.0870495239428,-526.6174641639433,-1.3792210209520332,-1.1293040980878897,0.33363732932788387,-0.7059542178689139,0.7808234277017774,182.00804943553868,-526.6579651461128,0.08877693126344702,183.0,-531.0,-1.3654179565534852,0.01380306439854806,0.21917657229822263,77.60502303624294,91.88598267237548,TRACK
37.848,182.1026538771815,-526.6514593950576,-1.3812886818395773,-1.1332071559110244,0.33064600642864284,-0.706752135156686,0.7802726203806877,182.02177675695242,-526.687952541431,0.08872912886293195,183.0,-531.0,-1.3672970570041447,0.013991624835432592,0.21972737961931232,78.81486121269576,90.8455443694569,TRACK
37.9,182.11939637111266,-526.6883317876647,-1.382966639267433,-1.1371778572866313,0.3276097671768215,-0.7075684534762332,0.7797315409193087,182.03843198180047,-526.7248643113478,0.08882487052259111,183.0,-531.0,-1.3693297453926896,0.013636893874743317,0.22026845908069126,78.81486121269576,90.8455443694569,TRACK
37.952,182.13468751820272,-526.7224123073245,-1.3850387227974745,-1.1413253802095649,0.3244442961966728,-0.7084232839457585,0.7791839645238133,182.0537950541246,-526.7589123771062,0.08874596237970134,183.0,-531.0,-1.371199981209822,0.013838741587652637,0.22081603547618667,77.22592121333588,92.70933423289486,TRACK
38.0,182.15108123990439,-526.7593818274564,-1.3874574262605317,-1.1455505086196514,0.3212311501351717,-0.7093084431451595,0.7786577677864488,182.07042769387652,-526.7957740933084,0.08848384881270696,183.0,-531.0,-1.3732204827913526,0.014236943469179142,0.2213422322135512,77.22592121333588,92.70933423289486,TRACK
38.044,182.16607192262282,-526.7935512039339,-1.389002153410079,-1.1496810480864892,0.3181073090764376,-0.7102021915261681,0.7781898309130133,182.08577325211036,-526.8297833438555,0.0880945199735318,183.0,-531.0,-1.3750841148266437,0.01391803858343521,0.2218101690869867,78.81001960634586,91.40172570419335,TRACK
38.1,182.18215141623938,-526.830618838392,-1.3908161668380634,-1.1538156419278178,0.31499711178036877,-0.7111251179594944,0.7777673905628076,182.1023895200953,-526.866608776495,0.08750563251105904,183.0,-531.0,-1.3770997646745038,0.013716402163559627,0.22223260943719236,78.81001960634586,91.40172570419335,TRACK
38.148,182.19685917282058,-526.8648817346502,-1.3927765818805993,-1.1578393514848602,0.31199218106183796,-0.7120649452235429,0.7774159808364695,182.11772227905644,-526.90058966094,0.08681995136230673,183.0,-531.0,-1.3789603548326945,0.01381622704790475,0.22258401916353054,77.08318315856994,93.19416579765354,TRACK
38.196,182.21265583838053,-526.9020504859405,-1.3945008299428414,-1.1617175224318714,0.30911862818983626,-0.713016501926329,0.777140179319809,182.1343286124229,-526.9373930762033,0.08593167642201324,183.0,-531.0,-1.3809781944526633,0.01352263549017807,0.22285982068019095,77.08318315856994,93.19416579765354,TRACK
38.248,182.22710618164433,-526.9364092518817,-1.3962874307457729,-1.1655531401284838,0.30629419462197044,-0.7139933945733358,0.7769187223599884,182.1496537687417,-526.971357111462,0.08497193156378686,183.0,-531.0,-1.3828416270078723,0.013445803737900608,0.22308127764001162,77.34697183980194,92.84636484655599,TRACK
38.3,182.24262556940207,-526.9736846671411,-1.397950213582983,-1.1693062780571017,0.3035486441044186,-0.7149879245646984,0.776755760590783,182.16625318592398,-527.0081451988867,0.08378704676925418,183.0,-531.0,-1.3848629362310156,0.013087277351967463,0.223244239409217,77.34697183980194,92.84636484655599,TRACK
38.348,182.25681234400002,-527.0081459735393,-1.399671824842188,-1.1731417475453125,0.3007518501113235,-0.716022510120272,0.776620827910454,182.18157219919016,-527.0420956197423,0.08254488396213044,183.0,-531.0,-1.3867276585788946,0.012944166263293422,0.22337917208954605,76.69165860928655,93.37097037804747,TRACK
38.4,182.2720267809898,-527.0455383654953,-1.401277741944341,-1.1770699505118296,0.2978935669265522,-0.7170941928206103,0.7765079900382653,182.1981638852548,-527.0788665732503,0.0810339237512114,183.0,-531.0,-1.3887454757074817,0.012532266236859213,0.22349200996173468,76.69165860928655,93.37097037804747,TRACK
38.448,182.2859348121134,-527.0801094278389,-1.4030401203808243,-1.1810021233557884,0.2950435454452135,-0.7181918882555884,0.7764343385406195,182.21347689356085,-527.1128036857472,0.07949254343105462,183.0,-531.0,-1.390607541877552,0.012432578503272174,0.2235656614593805,76.13353302630122,93.8641348074961,TRACK
38.5,182.30084401042112,-527.1176242962619,-1.4046030937053677,-1.1850313010418712,0.2921286777644271,-0.7193286494435588,0.7763844861166964,182.22692255704047,-527.1466363288174,0.07941082610647059,183.0,-531.0,-1.3926214662651566,0.01198162744021114,0.22361551388330358,76.13353302630122,93.8641348074961,TRACK
38.548,182.31447206019837,-527.1523111406151,-1.4064869132077211,-1.1890229838819284,0.28925483683934494,-0.7204885288807206,0.7763839777350258,182.24053807117397,-527.1813280930483,0.07942429264127888,183.0,-531.0,-1.39448024537656,0.012006667831161222,0.22361602226497423,75.72258796826884,94.18811820506374,TRACK
38.6,182.32909485367162,-527.1899519327296,-1.4078566007088358,-1.1929558141150511,0.28643829232322454,-0.7216690291587304,0.7764361422267446,182.25529095515932,-527.2189178283992,0.07928454166830322,183.0,-531.0,-1.39649482864864,0.01136177206019573,0.22356385777325538,75.72258796826884,94.18811820506374,TRACK
38.644,182.34245816493456,-527.2247579905282,-1.409454353627273,-1.1968971967408166,0.2836257013023299,-0.7228790404014279,0.7765292302875196,182.26891167643518,-527.2536228602123,0.0790080165076117,183.0,-531.0,-1.3983540704689508,0.011100283158322233,0.22347076971248037,75.11753474531496,94.60876623718401,TRACK
38.696,182.3568042983552,-527.2625292508816,-1.410962201926575,-1.200718167939253,0.2809172192547023,-0.7241010132545527,0.7766831795977459,182.28367200394854,-527.2912315613632,0.07856306455433389,183.0,-531.0,-1.4003718463185562,0.010590355608018909,0.2233168204022541,75.11753474531496,94.60876623718401,TRACK
38.748,182.36991935418098,-527.2974574667394,-1.4125399077718788,-1.2045285648406057,0.2782268079118697,-0.725350565911971,0.7768806858904687,182.29730113385304,-527.3259580180128,0.07801081557376907,183.0,-531.0,-1.4022359665851774,0.010303941186701415,0.22311931410953134,74.25849652592646,95.21023094365117,TRACK
38.8,182.38399003299114,-527.3353650871909,-1.4140340733814676,-1.2083273843519997,0.2755539171341559,-0.7266253131894571,0.7771192360350205,182.3120710695307,-527.3635912003671,0.07725963221668447,183.0,-531.0,-1.4042574034054123,0.009776669976055308,0.22288076396497947,74.25849652592646,95.21023094365117,TRACK
38.848,182.39685940799544,-527.3704201398601,-1.4156974228178019,-1.2120489511209784,0.2729492388768842,-0.7279162126196494,0.7774080650456394,182.32571054288815,-527.3983440117049,0.0764323467182557,183.0,-531.0,-1.4061273638567893,0.009570058961012595,0.22259193495436058,73.48125356818238,95.68431392993105,TRACK
38.9,182.41065959792087,-527.4084681491889,-1.4175145856860993,-1.2158316952915595,0.2703028989988542,-0.7292379086851104,0.7777220484663002,182.3404921196586,-527.4360068550799,0.07537808254284047,183.0,-531.0,-1.4081541084070444,0.00936047727905498,0.22227795153369978,73.48125356818238,95.68431392993105,TRACK
38.948,182.42327442925614,-527.443655656856,-1.418853376114947,-1.2195921221754042,0.2676800295022628,-0.7305802173841942,0.778074580119071,182.3541426641773,-527.4707878752765,0.07426545778043565,183.0,-531.0,-1.4100278098862298,0.00882556622871733,0.22192541988092895,73.53792843989304,95.30044606714479,TRACK
39.0,182.43680357266115,-527.4818483390939,-1.4206743294138913,-1.2233625107744286,0.26505356132556973,-0.7319432717469793,0.778456385051237,182.36893726455142,-527.5084839022526,0.0729060285657281,183.0,-531.0,-1.412060094461363,0.008614234952528221,0.22154361494876296,73.53792843989304,95.30044606714479,TRACK
39.048,182.44915596009358,-527.517172391062,-1.42191980174062,-1.2272292570763423,0.26235430655641295,-0.733334338903157,0.7788510992373489,182.38259921647133,-527.5432939880335,0.07149921642884513,183.0,-531.0,-1.4139356425032517,0.007984159237368393,0.22114890076265115,72.43129323058466,96.0781106940803,TRACK
39.1,182.46240487062295,-527.5555131934334,-1.4234167910995756,-1.2310329399804876,0.25970565859396755,-0.7347304131715326,0.779279031634329,182.396926207859,-527.5797985667431,0.06983720093292528,183.0,-531.0,-1.4159713112530934,0.00744547984648225,0.220720968365671,72.43129323058466,96.0781106940803,TRACK
39.148,182.47450743807443,-527.5909732528827,-1.4249982753961046,-1.234837673115142,0.25705656575310487,-0.7361377020459088,0.7797286671465988,182.40816922507673,-527.6132617070841,0.06998238131427395,183.0,-531.0,-1.4178527444657103,0.007145530930394273,0.22027133285340117,70.90305158072398,97.29519900529895,TRACK
39.2,182.48748748595864,-527.6294614833113,-1.426510835478752,-1.2385834025074274,0.25445247465248966,-0.7375449034453109,0.7802041697241363,182.42110552160113,-527.6517646371879,0.070028536074969,183.0,-531.0,-1.4198956765561108,0.0066151589226410845,0.2197958302758637,70.90305158072398,97.29519900529895,TRACK
39.248,182.49936184912724,-527.6650544819489,-1.4282123684461787,-1.2421609016112147,0.25197800662851433,-0.7389364689722691,0.7807176320550758,182.43305558752036,-527.6873322010539,0.06994867473226814,183.0,-531.0,-1.42179015678944,0.00642221165673873,0.21928236794492417,70.56039026269865,97.28485096423829,TRACK
39.3,182.51210058868622,-527.7036850748567,-1.4297537191112668,-1.2457025869922154,0.24952722057092408,-0.7403223109421253,0.7812432130166248,182.4460103867837,-527.7258902017618,0.06972074618350958,183.0,-531.0,-1.423849640658219,0.005904078453047745,0.2187567869833752,70.56039026269865,97.28485096423829,TRACK
39.348,182.52375215861517,-527.7394085759421,-1.4316521520004835,-1.249141714797371,0.2471520574363117,-0.7416933641933081,0.7817884534727979,182.45797725292672,-527.761507768953,0.06938812974896012,183.0,-531.0,-1.425760130216969,0.005892021783514556,0.2182115465272021,70.0059104756609,97.44402960415343,TRACK
39.4,182.53625760951965,-527.7781778867443,-1.4330546313452328,-1.2525169271106442,0.24482014149840214,-0.743047970971195,0.7823408393070808,182.47095026808606,-527.8001199865204,0.06889488070755151,183.0,-531.0,-1.4278402660873866,0.005214365257846243,0.21765916069291924,70.0059104756609,97.44402960415343,TRACK
39.448,182.54768127810817,-527.8140290851316,-1.434723506416026,-1.255954698877434,0.24243067543191865,-0.7443961693717271,0.7828782085137365,182.48293256943933,-527.8357834942806,0.06830556047428403,183.0,-531.0,-1.4297668012756586,0.00495670514036739,0.21712179148626354,69.36071714900154,97.73165010497743,TRACK
39.5,182.55993736542294,-527.8529345586717,-1.4363220834863681,-1.2593402551919248,0.24007283441860716,-0.7457212743040109,0.7834125252862516,182.49592139854641,-527.8744427796715,0.06753256685270656,183.0,-531.0,-1.4318644802535052,0.004457603232862928,0.2165874747137484,69.36071714900154,97.73165010497743,TRACK
39.548,182.5711309203208,-527.8889090887534,-1.4383884079033935,-1.262774348164133,0.23766701350230537,-0.747033110143448,0.7839286172590575,182.50791759271647,-527.9101476372997,0.06668583606108773,183.0,-531.0,-1.4338080354425407,0.004580372460852855,0.2160713827409425,68.59729504528555,98.22676157907553,TRACK
39.6,182.58313162237175,-527.927946425211,-1.4396551416742902,-1.2661998972415105,0.23525751488869429,-0.7483228246730279,0.784431735868854,182.52092032684502,-527.9488483088841,0.06562875918527634,183.0,-531.0,-1.4359231620516364,0.0037319796226538138,0.21556826413114605,68.59729504528555,98.22676157907553,TRACK
39.644,182.59410538814373,-527.9640378609396,-1.4414884724705996,-1.2695022847155788,0.23293442676499557,-0.7495765548919933,0.7849353214221453,182.5329295210532,-527.9845918591597,0.06453645138298347,183.0,-531.0,-1.4378889268735768,0.003599545597022802,0.21506467857785472,67.99876507333074,98.59714577699602,TRACK
39.7,182.60587656340567,-528.0031975975515,-1.4431557645581305,-1.272758494845345,0.23063644166031472,-0.7507999109526324,0.7854257918531913,182.54594592629616,-528.0233332207484,0.06322281697203819,183.0,-531.0,-1.4400321286318498,0.0031236359262807323,0.21457420814680872,67.99876507333074,98.59714577699602,TRACK
39.748,182.6166465509182,-528.039398157673,-1.4450293963013796,-1.2758659531202086,0.22844484602475904,-0.7519823596712247,0.7859163549207887,182.55679431675654,-528.0562379652833,0.062176113214784466,183.0,-531.0,-1.442027823925763,0.0030015723756167123,0.2140836450792113,67.58368984655202,98.76440878888904,TRACK
39.8,182.62821376204215,-528.0786704764281,-1.4467344758712115,-1.278841442703532,0.22634537863496268,-0.753121448484344,0.7863994828308072,182.56788180918815,-528.0956452559506,0.06267445791559167,183.0,-531.0,-1.444210713514216,0.0025237623569955847,0.21360051716919282,67.58368984655202,98.76440878888904,TRACK
39.848,182.63879002218354,-528.114971750767,-1.448844440921603,-1.2818041210587987,0.2242430596437022,-0.7542257335695775,0.7868553914010733,182.57812200727255,-528.1320410834915,0.06302356823361176,183.0,-531.0,-1.446242898447268,0.0026015424743350835,0.2131446085989267,67.03645746555051,99.06475121689172,TRACK
39.9,182.65014951600477,-528.1543482967509,-1.4502978622523122,-1.2846539810317645,0.22221612025746573,-0.7552811709421452,0.7872926084258752,182.5892214365661,-528.171490800288,0.0632937302708936,183.0,-531.0,-1.4484680524389346,0.0018298098133775476,0.21270739157412477,67.03645746555051,99.06475121689172,TRACK
39.948,182.66053452214615,-528.1907412619996,-1.4521598241249993,-1.287517107873484,0.22016448128155428,-0.756298132717863,0.7876923665813337,182.59947151073175,-528.2079217295083,0.06343390124224617,183.0,-531.0,-1.4505412838561813,0.001618540268818025,0.21230763341866632,66.32911633515953,99.6057837890133,TRACK
40.0,182.67167747536575,-528.2302132908403,-1.4539413518368152,-1.2903682288919551,0.2181075595034232,-0.7572709034635754,0.78805464832401,182.61057994984637,-528.2474034691123,0.06346975542426328,183.0,-531.0,-1.4528097682463468,0.001131583590468388,0.21194535167599005,66.32911633515953,99.6057837890133,TRACK
40.048,182.6818736099165,-528.2666880500437,-1.4562434092412566,-1.2931166902450832,0.2161167281096948,-0.7581878731096514,0.7883877796486807,182.62083749454342,-528.2838609501796,0.0634059609099222,183.0,-531.0,-1.4549290273534328,0.0013143818878238456,0.21161222035131932,65.77254425873696,100.08105664353636,TRACK
40.1,182.69281539350416,-528.3062427228034,-1.4577648268257026,-1.29584997426388,0.2141224935729164,-0.7590554918651666,0.7886784401671911,182.63195272367273,-528.3233668229306,0.06322578100881854,183.0,-531.0,-1.4572510772782439,0.0005137495474587528,0.21132155983280887,65.77254425873696,100.08105664353636,TRACK
40.148,182.7028311918491,-528.3427881948447,-1.4598110936597632,-1.2984592939101924,0.21221148375423116,-0.7598634700136793,0.7889399260389868,182.6422154759684,-528.3598428129036,0.06296923859204481,183.0,-531.0,-1.4594242777834068,0.0003868158763564722,0.21106007396101323,65.40265536964785,100.41447304274166,TRACK
40.2,182.7135948745194,-528.3824119857724,-1.4621024678872718,-1.3009424307973758,0.21038532856727998,-0.760609848291053,0.789170024642156,182.6533356609064,-528.3993662996457,0.06259889443251936,183.0,-531.0,-1.4618141886434386,0.0002882792438332338,0.21082997535784398,65.40265536964785,100.41447304274166,TRACK
40.248,182.72344426252135,-528.41901600537,-1.4639960752403303,-1.303393617528516,0.20856891774964886,-0.7613007109556986,0.7893540181394606,182.66360147062323,-528.4358531563395,0.062166304337067026,183.0,-531.0,-1.4640523273513901,-5.6252111059862386e-05,0.2106459818605394,65.7294215212174,100.0815731718875,TRACK
40.3,182.73403266171852,-528.4586966360306,-1.4661143486121015,-1.305717759202603,0.20683786805662469,-0.7619266300286955,0.7895024339475429,182.67472361683815,-528.4753836138741,0.0616118335563129,183.0,-531.0,-1.4665181032162673,-0.0004037546041657514,0.21049756605245706,65.7294215212174,100.0815731718875,TRACK
40.348,182.74372341938354,-528.4953473352589,-1.4676281021364157,-1.308023264027606,0.205106388877623,-0.7624969913915851,0.7896013504545428,182.6849899604979,-528.5118723683138,0.061013899319242004,183.0,-531.0,-1.4688309707045168,-0.0012028685681011453,0.21039864954545717,64.66268863673443,101.2119818732441,TRACK
40.4,182.75413653115274,-528.5350731350868,-1.469572785327581,-1.3102691357026177,0.20340740506312321,-0.7630082355539948,0.7896557097607374,182.69448461964538,-528.5486882946233,0.06118597155954417,183.0,-531.0,-1.4713804215587714,-0.0018076362311902905,0.2103442902392626,64.66268863673443,101.2119818732441,TRACK
40.444,182.76367955729165,-528.5717586012851,-1.4717502163007579,-1.3123819967946548,0.2017993788872754,-0.7634535441390969,0.7896735422805035,182.70291576160915,-528.5856275411288,0.062326449908001354,183.0,-531.0,-1.4737802100324948,-0.0020299937317369565,0.21032645771949654,62.79347554885129,103.21333343953054,TRACK
40.5,182.7739390424163,-528.6115156708604,-1.4737432159524304,-1.314436231369829,0.2002238230771584,-0.7638404642935992,0.7896466514966644,182.71204873882434,-528.6256417287833,0.06348192806732712,183.0,-531.0,-1.4764312312768844,-0.0026880153244539517,0.21035334850333565,62.79347554885129,103.21333343953054,TRACK
40.548,182.7833459880548,-528.6482245281877,-1.4759840522412087,-1.316360996053282,0.1987377969476707,-0.7641650531358142,0.7895852964497726,182.72047821720037,-528.6625736866347,0.06448453272175142,183.0,-531.0,-1.4789320225682834,-0.0029479703270747226,0.2104147035502274,62.87920238045947,103.28787770609281,TRACK
40.6,182.79346803457923,-528.6880007127547,-1.4780405855085323,-1.3181978302736785,0.1973087273150319,-0.7644316037393605,0.7894849021166955,182.7296085359075,-528.7025762266044,0.06550176466774096,183.0,-531.0,-1.4817023501202753,-0.003661764611742946,0.21051509788330447,62.87920238045947,103.28787770609281,TRACK
40.648,182.80274001419772,-528.7247229195248,-1.4802535330891433,-1.320044456430882,0.19585885747292056,-0.7646466334620925,0.7893321012827931,182.7380342274177,-528.7394915931126,0.06636981665158664,183.0,-531.0,-1.484315442027637,-0.004061908938493675,0.21066789871720693,62.13179613213783,104.22800268939676,TRACK
40.7,182.81272306153303,-528.7645075353188,-1.4829478992253513,-1.3217589309121553,0.19450184519122193,-0.7648013795947234,0.789146449027544,182.74715949258743,-528.7794719920884,0.06724965828384384,183.0,-531.0,-1.4872171311675413,-0.004269231942189977,0.21085355097245595,62.13179613213783,104.22800268939676,TRACK
40.748,182.82187505456977,-528.8012321525146,-1.4850997789926081,-1.3234402035398365,0.19315948193385174,-0.7649045637891121,0.78891671117195,182.7555797658164,-528.8163636195553,0.06800019562984969,183.0,-531.0,-1.4899615968642237,-0.004861817871615548,0.21108328882805005,62.26781365855945,104.35644185056333,TRACK
40.8,182.8317235812026,-528.8410150920629,-1.486821817627392,-1.3250766479070946,0.19184182328561739,-0.7649577518843859,0.7886467189620228,182.76469800646953,-528.856313242113,0.06874926227423711,183.0,-531.0,-1.493011209197652,-0.006189391570259994,0.21135328103797724,62.26781365855945,104.35644185056333,TRACK
40.848,182.8407644141203,-528.8777327358655,-1.4892543310636839,-1.3265793008507465,0.19061992516047888,-0.764955358118825,0.7883480549750131,182.77311126272133,-528.8931741261943,0.06939297824344608,183.0,-531.0,-1.49590576932658,-0.006651438262896159,0.21165194502498685,59.33004400719979,107.58784553801756,TRACK
40.896,182.85050564216212,-528.9175026128011,-1.491490710080996,-1.3279804906392025,0.18946890932818455,-0.7649028467666226,0.7880195635856353,182.78222135659635,-528.9330880553848,0.0700403432013204,183.0,-531.0,-1.4991331611066745,-0.007642451025678509,0.2119804364143647,59.33004400719979,107.58784553801756,TRACK
40.948,182.85945759349374,-528.9542038125531,-1.4940082714925627,-1.3292299928475406,0.1884294361897479,-0.7647997652572669,0.7876701932664183,182.79062664442304,-528.9699140275146,0.07060106517687369,183.0,-531.0,-1.5022059473005671,-0.008197675808004456,0.2123298067335817,58.97785101689219,108.23566906260321,TRACK
41.0,182.8691110765771,-528.9939515851481,-1.496333244203059,-1.3303877574806093,0.1874545004305323,-0.7646529321911186,0.7872949234182423,182.79972759819984,-529.0097879113182,0.07116780380405806,183.0,-531.0,-1.5056415399964123,-0.009308295793353238,0.21270507658175775,58.97785101689219,108.23566906260321,TRACK
41.048,182.8779699067098,-529.030629891119,-1.4988526480623001,-1.3315834074822333,0.186441061664182,-0.7644703869619934,0.7868768912709836,182.80609168543265,-529.0433039608555,0.07298705869983703,183.0,-531.0,-1.5089114267745563,-0.010058778712256133,0.2131231087290164,57.60593868665418,109.9008096623084,TRACK
41.1,182.88752503631073,-529.0703492675308,-1.5012651681626603,-1.3326787806860185,0.1855000623956451,-0.7642477081429628,0.786438066570127,182.81317222125136,-529.0834596749174,0.07549982707991336,183.0,-531.0,-1.5125744711808553,-0.011309303018194994,0.21356193342987295,57.60593868665418,109.9008096623084,TRACK
41.148,182.89629765359882,-529.1069983747203,-1.5038847035654102,-1.3337871819134437,0.18454204161614013,-0.7639940835499237,0.7859661092077324,182.81970411447696,-529.1205038822154,0.07777511792284134,183.0,-531.0,-1.5160690659705334,-0.012184362405123217,0.21403389079226764,55.86278934334251,112.00715989240697,TRACK
41.2,182.90575738953666,-529.1466840525385,-1.5063956263928335,-1.3348392093739003,0.18362362663209572,-0.7637112934682121,0.7854760187481301,182.82677601102588,-529.1606106005435,0.0801997935832582,183.0,-531.0,-1.5199892825888943,-0.013593656196060788,0.2145239812518699,55.86278934334251,112.00715989240697,TRACK
41.248,182.91445965535277,-529.1832991821988,-1.5092221887881734,-1.335754348543836,0.18280937888668425,-0.763397661193884,0.7849810559021329,182.8332999723953,-529.1976098240499,0.0824117018872139,183.0,-531.0,-1.5237455344606665,-0.014523345672493138,0.21501894409786715,53.97175739272966,114.26393434031705,TRACK
41.3,182.92385231998182,-529.222946132686,-1.5124652680511872,-1.336601390839535,0.18204595435646911,-0.7630629542096499,0.7844780440424804,182.84036322373316,-529.2376675129497,0.0847770501331759,183.0,-531.0,-1.5279720061148698,-0.015506738063682635,0.21552195595751955,53.97175739272966,114.26393434031705,TRACK
41.348,182.9324996274428,-529.259524613876,-1.5151640578782817,-1.3373189743959615,0.18138315390142018,-0.7627090122464091,0.7839801565608145,182.8468792606479,-529.2746217946401,0.08694119896295746,183.0,-531.0,-1.5320330319054096,-0.016868974027127948,0.21601984343918545,53.14563273524593,115.39831624151134,TRACK
41.4,182.9418440767578,-529.2991309765837,-1.5175505105048521,-1.337941726450379,0.18079438196377162,-0.762342145415658,0.7834871761724058,182.85393411719704,-529.3146318743272,0.08926611238779632,183.0,-531.0,-1.5366177538130354,-0.019067243308183324,0.21651282382759418,53.14563273524593,115.39831624151134,TRACK
41.448,182.95043647806793,-529.3356724224773,-1.521023052466397,-1.3386090003157403,0.18016927449610948,-0.7619704374942629,0.7829814270387598,182.86044216508006,-529.3515408479674,0.09138262032626232,183.0,-531.0,-1.5410252176055161,-0.02000216513911912,0.21701857296124016,48.53016110717261,120.27826947064099,TRACK
41.5,182.9597332926427,-529.3752383210843,-1.523429060067147,-1.3390996384437845,0.17968474190658004,-0.761589717303446,0.782499523307444,182.86748866549726,-529.3915035376755,0.09366764920696598,183.0,-531.0,-1.546018252003614,-0.022589191936467135,0.217500476692556,48.53016110717261,120.27826947064099,TRACK
41.548,182.96829169399754,-529.4117427711536,-1.5271909929826588,-1.339591789149668,0.1792000921182636,-0.7612115980024511,0.7820203130025711,182.87398936149762,-529.4283708167171,0.09575709798332131,183.0,-531.0,-1.5508347652946954,-0.023643772312036626,0.21797968699742887,46.06166044767288,123.01415406394644,TRACK
41.6,182.97754271047037,-529.4512706029284,-1.5296508559698103,-1.3400478187460207,0.178746516905542,-0.760840252570189,0.781554993098331,182.88102797112137,-529.4682887555117,0.09800363477420283,183.0,-531.0,-1.5562968824187924,-0.026646026448982063,0.21844500690166901,46.06166044767288,123.01415406394644,TRACK
41.648,182.9860693345028,-529.4877411649384,-1.5331069826360357,-1.3404250987508932,0.17835853622494552,-0.7604773454933925,0.781113026682427,182.88752191371876,-529.5051177341019,0.10006767359681455,183.0,-531.0,-1.5615847611867484,-0.02847777855071265,0.218886973317573,42.44029970129528,126.85229726835959,TRACK
41.7,182.99529380356378,-529.5272342639524,-1.5363518369554843,-1.3407444293613677,0.17802082107214928,-0.7601292102423086,0.7806970148519834,182.8921408924073,-529.5401610008048,0.10395972107363492,183.0,-531.0,-1.5676008556465415,-0.03124901869105723,0.2193029851480166,42.44029970129528,126.85229726835959,TRACK
41.748,183.00380436927136,-529.5636752982475,-1.5400285716771394,-1.3409614733891562,0.17776974198135204,-0.7597998617258253,0.7803191084695412,182.8967685246969,-529.5770886297869,0.10787302483360617,183.0,-531.0,-1.5734450039151975,-0.033416432238058125,0.21968089153045878,38.35775124199709,131.08570874593136,TRACK
41.8,183.01303287071048,-529.6031392458466,-1.5443303181133712,-1.3410021874341163,0.1776652458203566,-0.7594926343463273,0.7799961546050928,182.90178022035724,-529.6170810117078,0.11212281233517177,183.0,-531.0,-1.5801261705295073,-0.03579585241613614,0.22000384539490725,38.35775124199709,131.08570874593136,TRACK
41.844,183.02154683206322,-529.6395568442778,-1.5473295076497422,-1.3410483551372971,0.17756337798034588,-0.7592152008857276,0.7797028116248824,182.90640501366173,-529.6539859861265,0.11604239948955691,183.0,-531.0,-1.5866331007187768,-0.03930359306903464,0.22029718837511758,35.00826205469034,134.47443699422314,TRACK
41.9,183.03078374707738,-529.6789993348776,-1.5520290035530286,-1.3409457531690276,0.17758773905173997,-0.7589681826902184,0.7794678360250675,182.9114141920707,-529.6939582808585,0.12030320331291867,183.0,-531.0,-1.5940954646160788,-0.04206646106305012,0.22053216397493247,35.00826205469034,134.47443699422314,TRACK
41.948,183.03930731400084,-529.7154012708046,-1.555147929006691,-1.340890789392027,0.17758303920050836,-0.7587601015493854,0.7792641577250444,182.91603720147097,-529.7308490200593,0.12423426902494188,183.0,-531.0,-1.6013856869385379,-0.04623775793184692,0.22073584227495557,28.097943970535752,141.36174464155272,TRACK
42.0,183.04855945049087,-529.7548318566382,-1.5591235882438292,-1.3406918112200654,0.17770297108632585,-0.7585922398874833,0.7791280590188089,182.92104514643006,-529.7708114720949,0.12851165647619603,183.0,-531.0,-1.6097748821685562,-0.050651293924727,0.22087194098119112,28.097943970535752,141.36174464155272,TRACK
42.048,183.0571162691096,-529.791227503354,-1.5636498330428061,-1.3404092463744492,0.177900400301007,-0.758469879895735,0.7790539847380984,182.92566789399194,-529.8077001218751,0.13247649784778467,183.0,-531.0,-1.6180126708758888,-0.05436283783308271,0.2209460152619016,18.68418556575311,150.6853007760464,TRACK
42.1,183.066425256752,-529.8306572786951,-1.5679586913015524,-1.3398989671266854,0.17829190778881987,-0.7583981405741888,0.7790736447919182,182.93067661794947,-529.8476687901706,0.1368103960210038,183.0,-531.0,-1.6275409789621291,-0.059582287660576716,0.2209263552080818,18.68418556575311,150.6853007760464,TRACK
42.148,183.07504832248614,-529.8670586435934,-1.5728909465634546,-1.3393025915457892,0.17876626104074372,-0.7583854104234959,0.7791699473347915,182.93530109528356,-529.8845712432054,0.1408402593578251,183.0,-531.0,-1.6369417096594379,-0.06405076309598323,0.2208300526652085,11.38818897845519,157.7188258309527,TRACK
42.2,183.08444750552002,-529.9065021630977,-1.5776094977778607,-1.3384487848921747,0.17946180163527806,-0.7584357442079876,0.7793788015711641,182.9403129095212,-529.9245645713509,0.1452619439345614,183.0,-531.0,-1.6478702991191299,-0.07026080134126911,0.22062119842883587,11.38818897845519,157.7188258309527,TRACK
42.244,183.0931506540615,-529.9429231403351,-1.5829199402723726,-1.3376735251182263,0.18011062917793588,-0.758552859424687,0.7796424047499217,182.94494104478906,-529.9614962140039,0.14936882990167724,183.0,-531.0,-1.6586902731141457,-0.07577033284177315,0.22035759525007825,0.9254414474465023,167.74848763392922,TRACK
42.3,183.10268157990222,-529.9823965428028,-1.5880994934041832,-1.336344039561329,0.1812223713551287,-0.7587457213894568,0.780087570472946,182.94995858287038,-530.0015352173376,0.1539175190981792,183.0,-531.0,-1.6713612331783017,-0.08326173977411844,0.21991242952705403,0.9254414474465023,167.74848763392922,TRACK
42.348,183.11151889399952,-530.0188533027573,-1.5939505376422665,-1.335164609928001,0.18223329000691824,-0.7590152602379585,0.7805851249292683,182.95229097514496,-530.0307857856773,0.1596744008643468,183.0,-531.0,-1.6839724146909751,-0.09002187704870868,0.21941487507073165,-12.082055722312433,180.16954511885228,TRACK
42.396,183.1212367258641,-530.0583765373556,-1.5996727248961833,-1.3332494816216378,0.18386012220838382,-0.7593816904892363,0.7813226583101069,182.95529056144693,-530.0708124831796,0.16641148467971148,183.0,-531.0,-1.6988447348271967,-0.09917200993101338,0.21867734168989306,-12.082055722312433,180.16954511885228,TRACK
42.448,183.13025754005739,-530.0948886739462,-1.6072956612063758,-1.3316133376425714,0.18528584959486727,-0.7598324281248812,0.7820972860777899,182.95806186475778,-530.107792955866,0.17267851946247287,183.0,-531.0,-1.7137282428053555,-0.10643258159897973,0.21790271392221006,0.0,0.0,BRAKE
42.5,183.139949749948,-530.1339113057543,-1.6123840177942024,-1.3301316945207313,0.18567183034648566,-0.7565434077584492,0.7789941953615452,182.96102400248446,-530.1473199368594,0.17942746304145712,183.0,-531.0,-1.7309998025108293,-0.11861578471662693,0.22100580463845476,0.0,0.0,BRAKE
42.548,183.14858956848084,-530.1688674809715,-1.6186724182749137,-1.3295714553675422,0.18368536652728992,-0.7466419926683218,0.7689047919554066,182.96367722608736,-530.1827247453455,0.18543084464397372,183.0,-531.0,-1.747706948060987,-0.12903452978607333,0.23109520804459338,-146.3534694049853,-146.3534694049853,BRAKE
42.6,183.15797921317667,-530.2044311150452,-1.6240793542947254,-1.3239703662475772,0.182595019849285,-0.7246879091919832,0.74733761246361,182.96637990568192,-530.2187894981768,0.19213656028622803,183.0,-531.0,-1.7668202576754328,-0.14274090338070744,0.25266238753639003,-146.3534694049853,-146.3534694049853,BRAKE
42.648,183.16636784413708,-530.2342546860648,-1.629534320513564,-1.3152843571529176,0.17985386365503048,-0.6885106796595065,0.711613917989831,182.9686492390255,-530.2490716471569,0.19827301667972605,183.0,-531.0,-1.784734143475614,-0.15519982296205015,0.288386082010169,-139.5291864838048,-139.5291864838048,BRAKE
42.7,183.17514657168815,-530.2632795693673,-1.6343108409785299,-1.3035911712611712,0.17599260066175562,-0.6428917332381814,0.6665457044747053,182.97086123178372,-530.278588639201,0.2048581648825336,183.0,-531.0,-1.8042015744546498,-0.16989073347611994,0.3334542955252947,-139.5291864838048,-139.5291864838048,BRAKE
42.748,183.18301698353238,-530.2869709121221,-1.6399493757406562,-1.2877563258254159,0.171783610127712,-0.5906290008583926,0.6151034265580814,182.97267069048897,-530.3027341876021,0.21093611319772942,183.0,-531.0,-1.8220477280326255,-0.18209835229196925,0.38489657344191863,-121.0713385169902,-121.0713385169902,BRAKE
42.8,183.19140089080472,-530.3093149111121,-1.6433616223360679,-1.2660022476095314,0.16808949168524906,-0.5343011514520635,0.5601176641188941,182.97438261127004,-530.325578182858,0.21762680822928948,183.0,-531.0,-1.8411300467366483,-0.1977684244005804,0.4398823358811059,-121.0713385169902,-121.0713385169902,BRAKE
42.848,183.19913120638094,-530.3269259629079,-1.648363360349718,-1.2357579402878676,0.1656250540053849,-0.47570966778839374,0.5037175265380693,182.97573817742372,-530.3436669560807,0.2240194327264759,183.0,-531.0,-1.858444523810489,-0.21008116346077088,0.49628247346193066,-99.81984270347056,-99.81984270347056,BRAKE
42.9,183.20758230756277,-530.3429224215669,-1.6514752188800907,-1.1948750165115434,0.16453869690430348,-0.4168797558053674,0.44817598505420725,182.97697744755723,-530.3602038667623,0.2312514860627224,183.0,-531.0,-1.8767916131182563,-0.22531639423816552,0.5518240149457927,-99.81984270347056,-99.81984270347056,BRAKE
42.948,183.21550386290147,-530.3550573256092,-1.6558288056810835,-1.1411236011056471,0.16471149399912968,-0.35945551658222247,0.39539618695280526,182.97792599297046,-530.3728613256584,0.2382440486113138,183.0,-531.0,-1.8932764960223405,-0.237447690341257,0.6046038130471947,-78.38033640885473,-78.38033640885473,BRAKE
42.996,183.22419196714492,-530.3657090283991,-1.6586895286990766,-1.0740002484585285,0.1655400958149435,-0.3053402391721001,0.34732720161268105,182.9787682894047,-530.3841009904611,0.2461118564068325,183.0,-531.0,-1.9105438857366972,-0.2518543570376206,0.652672798387319,-78.38033640885473,-78.38033640885473,BRAKE
43.048,183.2322309795352,-530.373587520621,-1.6625559455272623,-0.9947732334896162,0.16621886095876512,-0.2559184945794074,0.305160589864123,182.9794002981353,-530.3925345608708,0.2535396296269403,183.0,-531.0,-1.9258197075041652,-0.26326376197690293,0.694839410135877,-59.19661289097188,-59.19661289097188,BRAKE
43.1,183.24083450112846,-530.380448744775,-1.6650187625342172,-0.9078481317039865,0.1659505780394549,-0.2125283378979187,0.2696440037554722,182.9799596514475,-530.3999986121001,0.2616063541057345,183.0,-531.0,-1.941544462466896,-0.27652569993267884,0.7303559962445278,-59.19661289097188,-59.19661289097188,BRAKE
43.148,183.2486112199006,-530.3856203999742,-1.6680093661493223,-0.818521795567291,0.16457311677246073,-0.17585340546118813,0.24085001759704944,182.98038847881458,-530.4057209156362,0.2689748493178785,183.0,-531.0,-1.955308403133254,-0.28729903698393167,0.7591499824029506,-44.70862701335194,-44.70862701335194,BRAKE
43.2,183.2567528174764,-530.390355370768,-1.6706584093380779,-0.7347928886536467,0.1617717403546994,-0.1461747092774999,0.218030139223342,182.98078680166233,-530.4110361646506,0.2767398365250441,183.0,-531.0,-1.969402843404521,-0.29874443406644313,0.781969860776658,-44.70862701335194,-44.70862701335194,BRAKE
43.248,183.26404549347458,-530.3942216962382,-1.6734180162365357,-0.6612870727771613,0.15832739371723586,-0.12320551758391035,0.2006169563232676,182.9811156512,-530.4154243567689,0.28372318985781053,183.0,-531.0,-1.9818446219128105,-0.3084266056762748,0.7993830436767324,-35.96990274734526,-35.96990274734526,BRAKE
43.3,183.27169695383287,-530.398093258332,-1.675786036626101,-0.6022135784890212,0.15441301986622813,-0.10614217744525924,0.18737540536855166,182.98144689463925,-530.4198444932834,0.2910639329834881,183.0,-531.0,-1.9948087091982143,-0.31902267257211325,0.8126245946314483,-35.96990274734526,-35.96990274734526,BRAKE
43.348,183.2786175950987,-530.4015058053735,-1.6782602237317372,-0.5567182088689075,0.15083147214299708,-0.09387557085060814,0.17765909993960696,182.98173985043397,-530.4237537166883,0.29771020277290927,183.0,-531.0,-2.0064904998610165,-0.32823027612927924,0.8223409000603931,-32.06502339626147,-32.06502339626147,BRAKE
43.4,183.28600435332746,-530.4050643726364,-1.6803792718536903,-0.5218829962779509,0.14775902189423046,-0.08497101609145224,0.17044882553644514,182.9820462908917,-530.4278428804162,0.30481037406290995,183.0,-531.0,-2.018910731903126,-0.3385314600494358,0.8295511744635549,-32.06502339626147,-32.06502339626147,BRAKE
43.448,183.29275784231803,-530.4081862449679,-1.6828274569710795,-0.4926761978227794,0.14528755478747812,-0.0779948128763559,0.16489895212445174,182.98231665180126,-530.4314505960323,0.31131168111704066,183.0,-531.0,-2.0301780900373645,-0.347350633066285,0.8351010478755483,-30.69308853234522,-30.69308853234522,BRAKE
43.5,183.30001549642435,-530.4112835893758,-1.6844023385175542,-0.46309408085285897,0.1432865055582836,-0.07154413880764635,0.16015488276300477,182.98258800041606,-530.4350714916588,0.3183175765130211,183.0,-531.0,-2.0421019776403995,-0.3576996391228453,0.8398451172369952,-30.69308853234522,-30.69308853234522,BRAKE
43.548,183.3066366011293,-530.4137508627131,-1.6863029998459746,-0.4278845969759468,0.1414151170864603,-0.06449422497602875,0.15542760499935615,182.98280884055532,-530.4380183985187,0.3247357876989136,183.0,-531.0,-2.052712086417846,-0.3664090865718712,0.8445723950006438,-29.34148120282185,-29.34148120282185,BRAKE
43.596,183.31368259968056,-530.4158512697836,-1.6880061819412566,-0.38248868539010356,0.1393448163550835,-0.05605860151692004,0.15019835101979243,182.98300471426128,-530.4406321514792,0.3316051205922141,183.0,-531.0,-2.0635969766436233,-0.37559079470236667,0.8498016489802076,-29.34148120282185,-29.34148120282185,BRAKE
43.644,183.32005410508594,-530.4171455315534,-1.6898019740190746,-0.32304871138579555,0.13703302421172026,-0.04587541639058346,0.14450814355467764,182.98313674634042,-530.442393997134,0.33786208967304215,183.0,-531.0,-2.0729597865006326,-0.383157812481558,0.8554918564453223,0.0,0.0,BRAKE
43.7,183.3265610131282,-530.4179576160799,-1.6913337491150602,-0.25957283648749524,0.13286796217596641,-0.03528497419763714,0.1374733602445287,182.98323360219283,-530.443686448664,0.34429011592803477,183.0,-531.0,-2.0820916360855604,-0.3907578869705002,0.8625266397554713,0.0,0.0,BRAKE
43.748,183.3324566441332,-530.4183271796024,-1.6929551530805773,-0.19560596790546733,0.12935315149243026,-0.025629967247087482,0.13186786197595832,182.98329406714888,-530.4444932974297,0.3501416440363644,183.0,-531.0,-2.0900359750493105,-0.3970808219687332,0.8681321380240417,0.0,0.0,BRAKE
43.8,183.3388005422235,-530.4183480471526,-1.6943333890483248,-0.1317461078311488,0.12677886253945553,-0.01679993337487525,0.1278871289387576,182.98333105027245,-530.4449868029171,0.3564662438669692,183.0,-531.0,-2.098233742787835,-0.40390035373951005,0.8721128710612425,0.0,0.0,BRAKE
43.844,183.3446439824864,-530.4180922236195,-1.6957028870818525,-0.07230185720934597,0.1250146792341378,-0.009054576765160915,0.12534215326222284,182.98334461921274,-530.4451678678423,0.3623124624023041,183.0,-531.0,-2.105509388899745,-0.40980650181789247,0.8746578467377771,0.0,0.0,BRAKE
43.9,183.35096784286893,-530.4176397293478,-1.6972922887614124,-0.02293047337638357,0.12382398638464948,-0.0028398403762122954,0.1238565472534586,182.9833462149747,-530.4451891618054,0.36865245492786924,183.0,-531.0,-2.1131726921326295,-0.4158804033712171,0.8761434527465414,0.0,0.0,BRAKE
43.948,183.35674868319086,-530.4171826826343,-1.6981744716359801,0.012122414312653885,0.1226375518307791,0.001486736041034264,0.1226465633562667,182.98334443894078,-530.44516546228,0.3744512859914778,183.0,-531.0,-2.1200731550485257,-0.42189868341254555,0.8773534366437333,0.0,0.0,BRAKE
44.0,183.36287587615723,-530.4167796257728,-1.6996118392675854,0.03040902010048962,0.12095513057906687,0.003679261148312106,0.12101107625336037,182.98334862052826,-530.4452212616872,0.38059146656059006,183.0,-531.0,-2.1273748772699324,-0.42776303800234694,0.8789889237466396,0.0,0.0,BRAKE
44.044,183.36835259306847,-530.4165968544539,-1.700493333962892,0.03140311067011634,0.11855522902079499,0.0037242272801845666,0.11861370998753737,182.98336558540393,-530.4454476422203,0.3860665279783171,183.0,-531.0,-2.133974665469174,-0.43348133150628176,0.8813862900124626,0.0,0.0,BRAKE
44.1,183.37402744860478,-530.4166851481372,-1.701505338174693,0.01584554340078914,0.11525704189639208,0.001826463325736989,0.11527151285112441,182.98340385687305,-530.4459583394845,0.3917189172723861,183.0,-531.0,-2.1409676068034154,-0.4394622686287224,0.8847284871488756,0.0,0.0,BRAKE
44.144,183.37902319013358,-530.4170710662404,-1.702595504350619,-0.014609354985348773,0.11134435921350139,-0.0016267850076851565,0.11135624256469172,182.98346051508003,-530.4467143907139,0.3966718499986637,183.0,-531.0,-2.1473155050029873,-0.4447200006523684,0.8886437574353083,0.0,0.0,BRAKE
44.2,183.38419514215536,-530.4178195218435,-1.7035121313340957,-0.05680395901181999,0.1071850490200079,-0.006095092199044527,0.10735820826716674,182.98354517405508,-530.4478440862266,0.40177340803636064,183.0,-531.0,-2.154116718214498,-0.45060458688040206,0.8926417917328333,0.0,0.0,BRAKE
44.248,183.3887861169255,-530.41877837656,-1.7044104716516044,-0.10579708539797929,0.10314613956193686,-0.01095345890376199,0.103726102638087,182.98364226769252,-530.4491397107774,0.4062798902072107,183.0,-531.0,-2.160351779435135,-0.4559413077835306,0.896273897361913,0.0,0.0,BRAKE
44.296,183.3936327561728,-530.420035600402,-1.7052413477462045,-0.15508415933365507,0.09966660103355958,-0.015581831839391595,0.10087727615798227,182.98376302391577,-530.450751090592,0.4110190248127877,183.0,-531.0,-2.1670963862932804,-0.4618550385470759,0.8991227238420177,0.0,0.0,BRAKE
44.348,183.3980377384924,-530.4213121602791,-1.7062733665702885,-0.19794967212162956,0.09690295341899269,-0.019436439799135043,0.09883297816715263,182.98388275461076,-530.4523487856833,0.415316292469351,183.0,-531.0,-2.1733064114517653,-0.4670330448814768,0.9011670218328474,0.0,0.0,BRAKE
44.4,183.40278713557373,-530.4227194699622,-1.7070351550403535,-0.22873274918880043,0.09495401546204228,-0.022105962582915736,0.0974932748146406,182.9840141523436,-530.4541021665751,0.41994724088885166,183.0,-531.0,-2.1799985639912727,-0.47296340895091915,0.9025067251853593,0.0,0.0,BRAKE
44.448,183.4071410803892,-530.4239504317425,-1.7076300872709942,-0.244754427743334,0.09346762432984944,-0.023344638659999067,0.09633882370068562,182.9841301999934,-530.4556507148435,0.4241970213025236,183.0,-531.0,-2.186059035170669,-0.4784289478996746,0.9036611762993144,0.0,0.0,BRAKE
44.5,183.41181504083596,-530.4251313745577,-1.7083146153831976,-0.2456862825487211,0.09221330497523203,-0.02312266869329907,0.09506814094088106,182.98424430732834,-530.4571733714095,0.4287696604407678,183.0,-531.0,-2.192420453498338,-0.4841058381151402,0.9049318590591189,0.0,0.0,BRAKE
44.548,183.41604904257315,-530.4260326974648,-1.709068708666358,-0.23353554855661718,0.09081157756756553,-0.021601880848332422,0.09334550806812035,182.98433512008322,-530.4583851834075,0.4329244671051892,183.0,-531.0,-2.198016292126338,-0.48894758345998013,0.9066544919318796,0.0,0.0,BRAKE
44.6,183.42051441643835,-530.4267866107351,-1.7096916657539893,-0.2113770906463421,0.089082926434698,-0.01911563879363949,0.09111078656590949,182.9844162398227,-530.4594676511036,0.43732101487015024,183.0,-531.0,-2.203724305007927,-0.4940326392539378,0.9088892134340905,0.0,0.0,BRAKE
44.648,183.4245151651148,-530.4272932211692,-1.71028902233791,-0.1830442987295416,0.08707602794830921,-0.016119199630875644,0.08855542467852971,182.98447633553488,-530.4602695726524,0.44127271759673353,183.0,-531.0,-2.2086696669880137,-0.4983806446501038,0.9114445753214703,0.0,0.0,BRAKE
44.7,183.42870796034575,-530.4276820128366,-1.7108568558646617,-0.15316861507027688,0.08482015529779063,-0.01309434675240667,0.08582494195520078,182.98452872375975,-530.4609686449303,0.4454247344841297,183.0,-531.0,-2.2137039013449638,-0.502847045480302,0.9141750580447993,0.0,0.0,BRAKE
44.744,183.43247448227427,-530.4279551461735,-1.7113977857135139,-0.12647937246456756,0.08259732333906822,-0.010502922637427619,0.08326241172766,182.98457011243448,-530.4615209384123,0.4491603131735854,183.0,-531.0,-2.218135925390407,-0.5067381396768933,0.91673758827234,0.0,0.0,BRAKE
44.8,183.4364725400621,-530.4282344108334,-1.7119161489489818,-0.10760696380367198,0.08059826451162243,-0.008706565694197865,0.08106716060448176,182.98461325105447,-530.4620965832909,0.45312632210679704,183.0,-531.0,-2.2228037125763773,-0.5108875636273955,0.9189328393955183,0.0,0.0,BRAKE
44.848,183.4401036894107,-530.4285407454161,-1.7125801815713821,-0.09974846019563834,0.07886600259937421,-0.007892957366460491,0.07925998449402613,182.9846563579237,-530.4626718044854,0.4567244256133181,183.0,-531.0,-2.227062993750875,-0.5144828121794929,0.9207400155059738,0.0,0.0,BRAKE
44.9,183.44400034293497,-530.428984629521,-1.7129736888019436,-0.1043819728733262,0.0774903773336851,-0.008118103763656199,0.07791445429465824,182.98471119787033,-530.4634035927168,0.4605770118033297,183.0,-531.0,-2.231705569601722,-0.5187318807997785,0.9220855457053417,0.0,0.0,BRAKE
44.952,183.4475529756019,-530.4295284831375,-1.713511809348381,-0.12058634202578777,0.0762733584632165,-0.009242366733191214,0.07683128629724431,182.98477156644387,-530.4642091553472,0.4640790683571187,183.0,-531.0,-2.236033940890289,-0.5225221315419082,0.9231687137027557,0.0,0.0,BRAKE
44.996,183.45133627959513,-530.4302724205082,-1.7139456962005009,-0.145740770255925,0.07504222910937583,-0.011014809141380238,0.07584630623916426,182.98484813368955,-530.4652308742355,0.46779619895572366,183.0,-531.0,-2.2407609836559654,-0.5268152874554646,0.9241536937608358,0.0,0.0,BRAKE
45.048,183.4547534368557,-530.4310892390477,-1.714348704579143,-0.17612903046006914,0.07369422061276022,-0.013115594458499111,0.07485223423333459,182.9849280873443,-530.4662977816118,0.471142760225617,183.0,-531.0,-2.245135032016679,-0.530786327437536,0.9251477657666654,0.0,0.0,BRAKE
45.1,183.458338077809,-530.4320777714727,-1.7148905734347013,-0.20769293173551084,0.07202863443016475,-0.01517872002800904,0.07361058157332406,182.98502177263956,-530.4675479249972,0.4746435046751543,183.0,-531.0,-2.2498174978257746,-0.5349269243910733,0.9263894184266759,0.0,0.0,BRAKE
45.148,183.46153520786095,-530.4330434074849,-1.7152685869793187,-0.23656695965359498,0.07013101900836775,-0.01690726394057588,0.07214024813589386,182.9851115875799,-530.4687464220854,0.47775953283348216,183.0,-531.0,-2.254050269516286,-0.5387816825369673,0.9278597518641062,0.0,0.0,BRAKE
45.2,183.4648810423352,-530.4340932057739,-1.7156140173522394,-0.25915264550866496,0.06810520208603432,-0.018055671583796763,0.07045797206506514,182.98520850484124,-530.4700396930608,0.4810175601515688,183.0,-531.0,-2.2584982154652646,-0.5428841981130252,0.9295420279349349,0.0,0.0,BRAKE
45.248,183.46787046220314,-530.4350181566423,-1.7159044933924277,-0.27275708140760324,0.06606623455958176,-0.018480619944538406,0.0686023371498096,182.985294127903,-530.4711822534165,0.483929499330287,183.0,-531.0,-2.2624475657964296,-0.5465430724040019,0.9313976628501904,0.0,0.0,BRAKE
45.3,183.47104491665385,-530.4359315106261,-1.7162405276246295,-0.27521777606840936,0.06430957280507824,-0.01815997785513418,0.06682444126268937,182.9853799200935,-530.4723270706382,0.4870268223338116,183.0,-531.0,-2.2665672558363226,-0.550326728211693,0.9331755587373106,0.0,0.0,BRAKE
45.348,183.47393829267926,-530.436664914226,-1.7166370588774058,-0.2662152619423605,0.06289875584192889,-0.017151720187991368,0.06519536020200926,182.98545073247055,-530.4732719961418,0.48985730057339055,183.0,-531.0,-2.270222520705153,-0.5535854618277474,0.9348046397979908,0.0,0.0,BRAKE
45.4,183.4770598524223,-530.4373256182287,-1.7169467312881068,-0.24683282146654623,0.06189468956759339,-0.015595664294294485,0.06382928278971248,182.9855174015031,-530.4741616325547,0.4929207573302877,183.0,-531.0,-2.27403713503811,-0.5570904037500031,0.9361707172102876,0.0,0.0,BRAKE
45.448,183.47994912567304,-530.4378127426339,-1.7172702233650414,-0.21971172631218375,0.06129916567238308,-0.013689130579600098,0.06280907584223486,182.98556983796323,-530.4748613484878,0.49576554873466694,183.0,-531.0,-2.2774446626176523,-0.5601744392526109,0.9371909241577652,0.0,0.0,BRAKE
45.5,183.48307118135585,-530.4382182730765,-1.7175077214137364,-0.18878292885268383,0.06085829401364738,-0.011627466701590514,0.06195909886488138,182.98561749394256,-530.4754972733374,0.49884856918862774,183.0,-531.0,-2.281004806279406,-0.5634970848656697,0.9380409011351186,0.0,0.0,BRAKE
45.548,183.48593639954927,-530.4385013981016,-1.7177583141718105,-0.15785334702054482,0.06045010710256159,-0.009622306664307776,0.0612111446899431,182.98565459380018,-530.4759923365325,0.5016846176912405,183.0,-531.0,-2.284179014828608,-0.5664207006567976,0.938788855310057,0.0,0.0,BRAKE
45.6,183.4889948847678,-530.4387382461108,-1.718022619401449,-0.1303334801767489,0.059878527818318567,-0.007848668624455664,0.06039072522221989,182.98568932435865,-530.4764557836274,0.5047168510908844,183.0,-531.0,-2.2874940062654123,-0.5694713868639634,0.9396092747777801,0.0,0.0,BRAKE
45.648,183.4917442879687,-530.4389193780244,-1.7183452861432251,-0.10848408813727756,0.0589687747549922,-0.006422388142300727,0.05931748026977689,182.98571817679513,-530.4768407926359,0.5074450303979458,183.0,-531.0,-2.2904320338142883,-0.5720867476710632,0.9406825197302231,0.0,0.0,BRAKE
45.7,183.4946383505583,-530.4391069570373,-1.718602407733025,-0.09377706747662462,0.0578089710207728,-0.005437103341256969,0.058064095818535374,182.98574831753973,-530.477242992921,0.5103169828043653,183.0,-531.0,-2.2935076914046024,-0.5749052836715773,0.9419359041814647,0.0,0.0,BRAKE
45.748,183.49722198647686,-530.4392937729243,-1.718836088517998,-0.0865743330473792,0.05641484306973607,-0.00489631634779394,0.05662692321114244,182.98577666781057,-530.4776213009947,0.5128794335841959,183.0,-531.0,-2.2962582843170285,-0.5774221957990304,0.9433730767888575,0.0,0.0,BRAKE
45.8,183.49993847968264,-530.4395281947191,-1.719119198954328,-0.08641068934926507,0.0549537368803963,-0.00476044462914979,0.055159541606027054,182.98580930768068,-530.4780568497922,0.5155708125613443,183.0,-531.0,-2.299171560593998,-0.5800523616396702,0.9448404583939729,0.0,0.0,BRAKE
45.844,183.50239804997398,-530.4397815446711,-1.7193085694376322,-0.09184223389125593,0.053654295679914685,-0.004941632408977193,0.05388138060381494,182.98584192329017,-530.4784920748544,0.5180045725296818,183.0,-531.0,-2.3018348587242365,-0.5825262892866043,0.946118619396185,0.0,0.0,BRAKE
45.9,183.50502214018388,-530.4400900265325,-1.7196182741991841,-0.1003213739804169,0.05253743783554391,-0.005288381287150042,0.05280292937860474,182.9858795661678,-530.4789943841479,0.5205982723727695,183.0,-531.0,-2.3046989001047495,-0.5850806259055654,0.9471970706213952,0.0,0.0,BRAKE
45.948,183.50743056618978,-530.4403941848904,-1.7196921060598902,-0.10893055354722558,0.05171077421945598,-0.005655269195862072,0.05201909495611414,182.98591568245755,-530.4794763225418,0.5229772341485401,183.0,-531.0,-2.3073360570864785,-0.5876439510265883,0.9479809050438859,0.0,0.0,BRAKE
46.0,183.51003046608605,-530.4407215501742,-1.7199837305550434,-0.114526807499863,0.051111329467525564,-0.005879345157080595,0.05144836925903516,182.9859545974563,-530.479995607112,0.5255454001590902,183.0,-531.0,-2.3101711132828644,-0.590187382727821,0.9485516307409648,0.0,0.0,BRAKE
46.048,183.5124083036013,-530.4409953650616,-1.720140917824953,-0.11456834316427986,0.05056076270251847,-0.005818141239032707,0.05089441514093384,182.98598828169216,-530.4804450920022,0.5278961265462232,183.0,-531.0,-2.312731335046939,-0.592590417221986,0.9491055848590662,0.0,0.0,BRAKE
46.1,183.51495882070802,-530.4412350392686,-1.7203211148203599,-0.10741681753660928,0.05003143782114311,-0.005394983583412037,0.050321472735962276,182.98602038607004,-530.4808734951527,0.5304216010139003,183.0,-531.0,-2.31541877127777,-0.59509765645741,0.9496785272640377,0.0,0.0,BRAKE
46.148,183.51726824542502,-530.4413812252724,-1.7204965253298525,-0.10741681753660928,0.04935998981185214,-0.004572678940284608,0.04957134239575391,182.9860441771997,-530.4811909657146,0.5327136436172316,183.0,-531.0,-2.3177795023302044,-0.5972829770003518,0.9504286576042461,0.0,0.0,BRAKE
46.2,183.51971207378054,-530.4414424411384,-1.7207334334703266,-0.10741681753660928,0.048532838078347317,-0.0033842711786679063,0.048650690265913406,182.98606238684718,-530.4814339565735,0.5351460638656195,183.0,-531.0,-2.3201843015491725,-0.599450868078846,0.9513493097340866,0.0,0.0,BRAKE
46.248,183.52192215313553,-530.4414050900658,-1.7208645065053256,-0.10741681753660928,0.04766150671443483,-0.0019274246951495122,0.047700463186908244,182.9860719457831,-530.481561511709,0.5373527546396623,183.0,-531.0,-2.322267506190482,-0.6014029996851564,0.9522995368130918,0.0,0.0,HOLD
46.3,183.52426315347694,-530.4412654485258,-1.721110632387431,-0.10741681753660928,0.04673671243151721,-0.0003129310707752162,0.04673776005288863,182.98607461305713,-530.4815971040072,0.5396976444946519,183.0,-531.0,-2.3243756196249845,-0.6032649872375535,0.9532622399471113,0.0,0.0,HOLD
46.348,183.52639526745816,-530.4410579808691,-1.7211433976532746,-0.10741681753660928,0.04592552752687201,0.0013093798004081795,0.045944189557366184,182.98607105930805,-530.4815496825215,0.541839300730162,183.0,-531.0,-2.326215790183577,-0.6050723925303025,0.9540558104426338,0.0,0.0,HOLD
46.4,183.5286873058074,-530.4407668772297,-1.7212926420624417,-0.10741681753660928,0.045278774089364066,0.0028104482891004846,0.045365912341992796,182.98606216602232,-530.4814310098706,0.5441466842775168,183.0,-531.0,-2.32812461191306,-0.6068319698506184,0.9546340876580072,0.0,0.0,HOLD
46.448,183.5307860684308,-530.4404546376303,-1.7214968763135554,-0.10741681753660928,0.04473468062041114,0.004103538467255416,0.044922496348293386,182.9860506182958,-530.481276916169,0.5462629120294523,183.0,-531.0,-2.329823951508106,-0.6083270751945504,0.9550775036517066,0.0,0.0,HOLD
46.496,183.53305405963243,-530.4400914448944,-1.7216368999360576,-0.10741681753660928,0.04434286779878749,0.0051118664953761946,0.04463654448641039,182.9860362185555,-530.4810847649887,0.5485517028948268,183.0,-531.0,-2.3316290631405243,-0.6099921632044667,0.9553634555135896,0.0,0.0,HOLD
46.548,183.5351280094468,-530.4397473145209,-1.7217583518835708,-0.10741681753660928,0.04394541479891832,0.005831997195371265,0.04433070801527771,182.98602215572308,-530.4808971095313,0.5506455704198909,183.0,-531.0,-2.3332615761076028,-0.6115032242240319,0.9556692919847223,0.0,0.0,HOLD
46.6,183.53734190287147,-530.4393767878805,-1.7219631370339112,-0.10741681753660928,0.043465725362343194,0.006284727487249996,0.04391773082552922,182.98600690733818,-530.4806936339756,0.5528809628400562,183.0,-531.0,-2.334993615330984,-0.6130304782970726,0.9560822691744708,0.0,0.0,HOLD
46.644,183.53935214617428,-530.4390434807393,-1.722053450348341,-0.10741681753660928,0.042910745568481096,0.00651543743799439,0.043402569166482975,182.98599329529074,-530.4805119938259,0.5549104931687295,183.0,-531.0,-2.3365621833188013,-0.6145087329704604,0.956597430833517,0.0,0.0,HOLD
46.7,183.54147241296855,-530.4386905928366,-1.722255194911318,-0.10741681753660928,0.042163011119370576,0.006610241372436074,0.042678036478428015,182.9859788384985,-530.4803190813402,0.557051202613004,183.0,-531.0,-2.3382082895904786,-0.6159530946791605,0.957321963521572,0.0,0.0,HOLD
46.744,183.5433813659079,-530.43837010095,-1.7222590955017296,-0.10741681753660928,0.04132540574365301,0.006633576898213322,0.041854432290285085,182.98596561579353,-530.4801426366046,0.5589787681214419,183.0,-531.0,-2.3396816499546604,-0.6174225544529308,0.9581455677097149,0.0,0.0,HOLD
46.8,183.54540001171213,-530.4380212023543,-1.7223754044574175,-0.10741681753660928,0.0404485528003861,0.006660180916362183,0.04099321204155997,182.98595088877775,-530.4799461182361,0.5610178426072914,183.0,-531.0,-2.3412244119122465,-0.618849007454829,0.9590067879584401,0.0,0.0,HOLD
46.848,183.54721701488285,-530.4376879873147,-1.7225455998835726,-0.10741681753660928,0.03954054077337568,0.0067588105929505034,0.04011403601337523,182.9859362044275,-530.4797501691999,0.562854666259727,183.0,-531.0,-2.3425904598269174,-0.6200448599433448,0.9598859639866247,0.0,0.0,HOLD
46.9,183.54915838108653,-530.4373074058309,-1.7226552908070334,-0.10741681753660928,0.0387682394120865,0.006954833026352797,0.039387131014295834,182.98591868479235,-530.4795163859156,0.5648190448996475,183.0,-531.0,-2.3440224051116525,-0.6213671143046191,0.9606128689857042,0.0,0.0,HOLD
46.948,183.55092714995985,-530.436929611073,-1.7227402768151967,-0.10741681753660928,0.03809662865247347,0.007275394910323342,0.038785106494447344,182.98590040894237,-530.479272511646,0.5666111005740738,183.0,-531.0,-2.3452943242475226,-0.6225540474323259,0.9612148935055527,0.0,0.0,HOLD
46.996,183.5528259428567,-530.4364858374897,-1.7229222580532053,-0.10741681753660928,0.037543145429943484,0.007715944271227332,0.03832784320530666,182.98587794240603,-530.478972716553,0.5685377473022898,183.0,-531.0,-2.3466204427932147,-0.6236981847400094,0.9616721567946933,0.0,0.0,HOLD
47.048,183.5545731695925,-530.4360430401816,-1.7229833437756572,-0.10741681753660928,0.037143239477809106,0.008244094147834531,0.0380471461114265,182.98585470218842,-530.4786625974011,0.5703131787220227,183.0,-531.0,-2.3478052927637982,-0.624821948988141,0.9619528538885735,0.0,0.0,HOLD
47.1,183.55644471111188,-530.4355262880656,-1.7230812031912388,-0.10741681753660928,0.036740019733409436,0.008836800438584716,0.0377878034821116,182.98582664502143,-530.4782882005268,0.5722181039657329,183.0,-531.0,-2.3490317356621873,-0.6259505324709485,0.9622121965178884,0.0,0.0,HOLD
47.152,183.558153453078,-530.435020180242,-1.723136289456986,-0.10741681753660928,0.03634058966305531,0.009434289832451046,0.037545229812870395,182.98579847191093,-530.4779122564937,0.5739598894277848,183.0,-531.0,-2.3501165982913186,-0.6269803088343326,0.9624547701871295,0.0,0.0,HOLD
47.2,183.5599738724592,-530.4344476646638,-1.7232996641071436,-0.10741681753660928,0.03587420603908935,0.009985758628587266,0.037238072376580396,182.98576597369154,-530.4774785978935,0.5758180026899128,183.0,-531.0,-2.3512382153756626,-0.6279385512685189,0.9627619276234196,0.0,0.0,HOLD
47.248,183.5616095119508,-530.4339043005006,-1.723389305802819,-0.10741681753660928,0.03524477188485959,0.01045277346571188,0.036762132940585474,182.98573461594927,-530.4770601579029,0.5774896742565137,183.0,-531.0,-2.352216354915858,-0.628827049113039,0.9632378670594145,0.0,0.0,HOLD
47.3,183.56334003730106,-530.4333129146573,-1.7234357913419533,-0.10741681753660928,0.03455686850581157,0.01077478438978572,0.03619769522461785,182.98570020947534,-530.4766010354152,0.5792595550263093,183.0,-531.0,-2.353232580529517,-0.6297967891875638,0.9638023047753822,0.0,0.0,HOLD
47.348,183.56489178782536,-530.4327742608237,-1.7236030416151158,-0.10741681753660928,0.033776812101795575,0.010931294056598945,0.03550163694129947,182.98566873426694,-530.4761810279482,0.5808472201928313,183.0,-531.0,-2.3541329126717128,-0.630529871056597,0.9644983630587005,0.0,0.0,HOLD
47.4,183.56652942531363,-530.4322099106943,-1.7236863779429135,-0.10741681753660928,0.032977487883385975,0.010903851623673032,0.03473339441128589,182.98563582378466,-530.4757418680822,0.5825224524525405,183.0,-531.0,-2.3550831071500844,-0.6313967292071709,0.9652666055887141,0.0,0.0,HOLD
47.444,183.56801707463106,-530.4317161865645,-1.7237261819588563,-0.10741681753660928,0.032282810063762296,0.01068757533515455,0.03400594201250064,182.98560733880996,-530.4753617625105,0.5840428380511701,183.0,-531.0,-2.3559597470865605,-0.6322335651277042,0.9659940579874994,0.0,0.0,HOLD
47.5,183.5695985380394,-530.4312151416874,-1.7238053105974578,-0.10741681753660928,0.03162829178990567,0.010319341409661294,0.0332691696421261,182.9855788321978,-530.4749813682072,0.5856573224976253,183.0,-531.0,-2.3569092578100417,-0.6331039472125839,0.9667308303578739,0.0,0.0,HOLD
47.548,183.571042116739,-530.4307874358548,-1.7238406490356903,-0.10741681753660928,0.031084484347972164,0.009826260279244603,0.03260062205318768,182.9855550208652,-530.4746636280554,0.5871288271552916,183.0,-531.0,-2.357799001056803,-0.6339583520211127,0.9673993779468123,0.0,0.0,HOLD
47.6,183.57258685924648,-530.4303606562992,-1.7239158090000208,-0.10741681753660928,0.03060222016506397,0.009259623882636698,0.031972433649613594,182.9855318435179,-530.4743543478493,0.5887011435255634,183.0,-531.0,-2.358774985190263,-0.6348591761902422,0.9680275663503864,0.0,0.0,HOLD
47.644,183.57398146329837,-530.4299955399594,-1.7240434808559562,-0.10741681753660928,0.03006043098559557,0.008681062168247164,0.03128882150878691,182.98551242292206,-530.4740951980075,0.5901191331598885,183.0,-531.0,-2.3596709204133126,-0.6356274395573565,0.9687111784912131,0.0,0.0,HOLD
47.7,183.57546249613037,-530.4296276500511,-1.7241150226360002,-0.10741681753660928,0.029507770356047708,0.008118872484197908,0.030604323253421464,182.98549327830577,-530.4738397308572,0.5916235171709965,183.0,-531.0,-2.360636764501062,-0.6365217418650617,0.9693956767465786,0.0,0.0,HOLD
47.748,183.5767883646672,-530.4293076134088,-1.7242390118922606,-0.10741681753660928,0.028847842145879255,0.00761086763134562,0.029834934264640702,182.9854768332406,-530.4736202867131,0.5929695946787286,183.0,-531.0,-2.3615069285250363,-0.6372679166327757,0.9701650657353593,0.0,0.0,HOLD
47.8,183.5781781524872,-530.4289780482167,-1.7243072586013428,-0.10741681753660928,0.02810543849089764,0.007165291215204993,0.029004431919351988,182.9854600350599,-530.4733961305694,0.5943801248077316,183.0,-531.0,-2.36242152426662,-0.6381142656652774,0.970995568080648,0.0,0.0,HOLD
47.848,183.57942907162857,-530.4286891523798,-1.7243311233658167,-0.10741681753660928,0.02738982042490514,0.006763971433861916,0.028212649157189244,182.98544549208142,-530.4732020680083,0.5956491353384026,183.0,-531.0,-2.3632491592754405,-0.6389180359096238,0.9717873508428108,0.0,0.0,HOLD
47.9,183.5807443648623,-530.428391567432,-1.7244607279279063,-0.10741681753660928,0.026656318503316845,0.006399557042311447,0.027413749223484007,182.98543066108326,-530.4730041620916,0.5969829892965123,183.0,-531.0,-2.3641223929240947,-0.6396616649961884,0.972586250776516,0.0,0.0,HOLD
47.952,183.58193664604428,-530.4281349886672,-1.724524103503253,-0.10741681753660928,0.02602032397903162,0.006030598903585421,0.026710024019264634,182.98541819894083,-530.4728378663578,0.5981911107735821,183.0,-531.0,-2.364923355200924,-0.6403992516976709,0.9732899759807354,0.0,0.0,HOLD
48.0,183.58321020677505,-530.4278810387402,-1.7245427206052233,-0.10741681753660928,0.025485253966527205,0.005629167642233932,0.026099534441877775,182.9854063866151,-530.4726802418251,0.5994800880720476,183.0,-531.0,-2.3657942692965666,-0.6412515486913433,0.9739004655581223,0.0,0.0,HOLD
48.048,183.58436250824917,-530.4276721000924,-1.724593197037928,-0.10741681753660928,0.02496761332704487,0.005182469941007629,0.025499798233285617,182.985397251398,-530.4725583408248,0.6006447814822479,183.0,-531.0,-2.3665984617601916,-0.6420052647222636,0.9745002017667144,0.0,0.0,HOLD
48.1,183.5855953813517,-530.4274806317682,-1.7246525301007127,-0.10741681753660928,0.024527133006583136,0.0046573345672532305,0.024965396427734765,182.9853898680485,-530.4724598168725,0.6018885156673426,183.0,-531.0,-2.36748478549055,-0.6428322553898373,0.9750346035722652,0.0,0.0,HOLD
48.148,183.58670671361136,-530.4273395508145,-1.724763857470115,-0.10741681753660928,0.02404610084759147,0.004055982755772988,0.024385773764382935,182.98538556086754,-530.472402341537,0.6030072834094578,183.0,-531.0,-2.368309355680986,-0.643545498210871,0.9756142262356171,0.0,0.0,HOLD
48.2,183.5878765620207,-530.4272297869746,-1.7248205557698866,-0.10741681753660928,0.02350394522923295,0.0033751838673225145,0.023745048062217448,182.98538391426192,-530.4723803691118,0.6041820633474015,183.0,-531.0,-2.36920921300971,-0.6443886572398234,0.9762549519377826,0.0,0.0,HOLD
48.248,183.58892984164066,-530.4271724841033,-1.7248411819531129,-0.10741681753660928,0.022957728294490835,0.0026117029508241916,0.023105806212876643,182.98538552611856,-530.472401877844,0.6052366800328607,183.0,-531.0,-2.3700539201564674,-0.6452127382033546,0.9768941937871234,0.0,0.0,HOLD
48.3,183.590028905125,-530.4271585188967,-1.7248863002600887,-0.10741681753660928,0.022320066074425764,0.001791603500669391,0.022391855498603567,182.98539062323107,-530.4724698940836,0.6063337139339737,183.0,-531.0,-2.370973585815044,-0.6460872855549551,0.9776081445013964,0.0,0.0,HOLD
48.348,183.59101389454744,-530.427192228016,-1.7248952021723076,-0.10741681753660928,0.021690257487065163,0.0009187466139219428,0.021709706704508457,182.98539863603185,-530.4725768174792,0.607313430040583,183.0,-531.0,-2.37183660976808,-0.6469414075957725,0.9782902932954916,0.0,0.0,HOLD
48.4,183.59205192896235,-530.4272786849339,-1.7250085993737694,-0.10741681753660928,0.021085437466908684,1.5263736461126193e-05,0.02108544299161313,182.9854108758927,-530.4727401470717,0.6083421009671685,183.0,-531.0,-2.3727889986565436,-0.6477803992827742,0.9789145570083869,0.0,0.0,HOLD
48.448,183.592978521672,-530.4274015298065,-1.7250508680283752,-0.10741681753660928,0.0204619395279958,-0.0008858224342648086,0.02048110472197249,182.9854252050693,-530.4729313566451,0.6092569225268416,183.0,-531.0,-2.373677655281976,-0.6486267872536009,0.9795188952780275,0.0,0.0,HOLD
48.5,183.59396382985636,-530.427580203928,-1.725100615984543,-0.10741681753660928,0.019932142703371295,-0.0017783988613118825,0.020011322176644725,182.98544402260646,-530.4731824592277,0.6102261232558671,183.0,-531.0,-2.374663185864504,-0.6495625698799612,0.9799886778233553,0.0,0.0,HOLD
48.548,183.59485102422306,-530.427782905994,-1.7252020459329016,-0.10741681753660928,0.0194250183476936,-0.002633995158324953,0.019602787258507712,182.98546408280814,-530.4734501440159,0.6110956889027994,183.0,-531.0,-2.3755858974335475,-0.6503838515006459,0.9803972127414923,0.0,0.0,HOLD
48.6,183.59579034921794,-530.4280397373797,-1.7252126535175487,-0.10741681753660928,0.018948641699193754,-0.0034407696407870564,0.01925850248501649,182.98548846791604,-530.4737755406674,0.612013194321006,183.0,-531.0,-2.376598486781403,-0.6513858332638545,0.9807414975149835,0.0,0.0,HOLD
48.648,183.59664658650073,-530.4283091998171,-1.7252513339541802,-0.10741681753660928,0.01856001395814992,-0.0042013305397493065,0.019029590022671274,182.9855133302937,-530.474107306041,0.6128469004375209,183.0,-531.0,-2.3775513279129674,-0.6522999939587872,0.9809704099773288,0.0,0.0,HOLD
48.7,183.5975502805549,-530.4286313758439,-1.725296873014684,-0.10741681753660928,0.018146565206752185,-0.004899357338716432,0.018796316956663173,182.98554238597424,-530.4744950271526,0.6137239913352152,183.0,-531.0,-2.3785889260705395,-0.6532920530558555,0.9812036830433368,0.0,0.0,HOLD
48.748,183.59836914201156,-530.428956033346,-1.7252963499341691,-0.10741681753660928,0.01776613217246735,-0.005551876556453289,0.018613403387550465,182.98557115282213,-530.4748788940603,0.6145163014036296,183.0,-531.0,-2.3795568106863185,-0.6542604607521494,0.9813865966124495,0.0,0.0,HOLD
48.8,183.59923735145495,-530.429335796443,-1.725399578171545,-0.10741681753660928,0.01739170331948458,-0.006164817529494208,0.018452000420684202,182.9856043017895,-530.4753212362887,0.6153537034255394,183.0,-531.0,-2.380613184586767,-0.6552136064152221,0.9815479995793158,0.0,0.0,HOLD
48.844,183.60001136002188,-530.4297102781813,-1.7254351119934859,-0.10741681753660928,0.016948419624902313,-0.006737727403267699,0.018238582684587043,182.98563653111106,-530.4757513066967,0.6160975626521796,183.0,-531.0,-2.3815856063100336,-0.6561504943165477,0.981761417315413,0.0,0.0,HOLD
48.9,183.60083154873047,-530.4301438758735,-1.7254384162010237,-0.10741681753660928,0.016536973679371413,-0.007297968816699651,0.018075725360873998,182.9856734237175,-530.4762436043168,0.6168830551506793,183.0,-531.0,-2.3826474885899604,-0.6572090723889368,0.981924274639126,0.0,0.0,HOLD
48.952,183.60156506266645,-530.4305693949552,-1.7255703055037428,-0.10741681753660928,0.016097572008140233,-0.007846423035449579,0.01790804788380056,182.98570923025392,-530.4767214093399,0.6175827189521264,183.0,-531.0,-2.383629600095357,-0.6580592945916142,0.9820919521161995,0.0,0.0,HOLD
49.0,183.6023379322329,-530.43105870348,-1.7256104729616981,-0.10741681753660928,0.015665428502529558,-0.008393597735583404,0.017772398068765405,182.98575001023684,-530.4772655803945,0.6183168613466815,183.0,-531.0,-2.3846997252737294,-0.6590892523120313,0.9822276019312346,0.0,0.0,HOLD
49.048,183.60304378427668,-530.431538309778,-1.725604105299704,-0.10741681753660928,0.015329366345869445,-0.008952967785005107,0.01775232674116872,182.98578969293368,-530.4777951091836,0.618984898661445,183.0,-531.0,-2.385705282240768,-0.6601011769410638,0.9822476732588313,0.0,0.0,HOLD
49.1,183.60379245561973,-530.43208622112,-1.7256425794132506,-0.10741681753660928,0.015003222164552452,-0.009507293862057956,0.017761906201149775,182.9858347049279,-530.4783957525038,0.61969053110169,183.0,-531.0,-2.386805805765519,-0.6611632263522684,0.9822380937988502,0.0,0.0,HOLD
49.144,183.60447862510244,-530.4326184331172,-1.7256343765416216,-0.10741681753660928,0.014755413551787708,-0.010060453489998528,0.017858750054488805,182.98587819794204,-530.4789761264443,0.6203350096630365,183.0,-531.0,-2.387840478169974,-0.6622061016283525,0.9821412499455112,0.0,0.0,HOLD
49.2,183.60521579570454,-530.4332211342776,-1.7256712402249692,-0.10741681753660928,0.014552744015059453,-0.010595937193907817,0.01800156224845743,182.9859272287087,-530.4796303965562,0.6210250790724976,183.0,-531.0,-2.388978904115944,-0.663307663890975,0.9819984377515426,0.0,0.0,HOLD
49.248,183.60587970959247,-530.4337969339291,-1.7257594243826324,-0.10741681753660928,0.014300322375971907,-0.01108589830176949,0.01809409741362908,182.98597384563598,-530.4802524562197,0.6216441069606711,183.0,-531.0,-2.390032969327375,-0.6642735449447426,0.9819059025863709,0.0,0.0,HOLD
49.3,183.60658953785529,-530.4344393202753,-1.7257948314735396,-0.10741681753660928,0.014072899774857369,-0.01152958814913515,0.018192798326861603,182.98602568109197,-530.4809441523099,0.6223039448079432,183.0,-531.0,-2.391183276980565,-0.6653884455070254,0.9818072016731384,0.0,0.0,HOLD
49.348,183.60722619482894,-530.4350442766047,-1.7257890225781891,-0.10741681753660928,0.013789675286552512,-0.011905372198998449,0.018217931597885702,182.9860743185893,-530.4815931746073,0.6228936131164723,183.0,-531.0,-2.392240228414874,-0.6664512058366847,0.9817820684021143,0.0,0.0,HOLD
49.396,183.60789662712168,-530.4357084252003,-1.7259155835838895,-0.10741681753660928,0.013475813983522204,-0.012208722861680411,0.01818379708509228,182.9861275557826,-530.4823035755815,0.6235125388578083,183.0,-531.0,-2.39337704766703,-0.6674614640831404,0.9818162029149077,0.0,0.0,HOLD
49.448,183.60850909219974,-530.436327428312,-1.7259025686831573,-0.10741681753660928,0.013225170283501928,-0.012449234215782487,0.01816283462422735,182.9861771049603,-530.4829647634081,0.6240770331988391,183.0,-531.0,-2.3944263396572256,-0.6685237709740683,0.9818371653757727,0.0,0.0,HOLD
49.5,183.60915872191427,-530.4369995055241,-1.7259352636464327,-0.10741681753660928,0.012968868378231035,-0.012615598860363121,0.018092674805497283,182.98623081682925,-530.483681498489,0.6246746220239657,183.0,-531.0,-2.3955529578229275,-0.6696176941764949,0.9819073251945027,0.0,0.0,HOLD
49.548,183.6097577436228,-530.4376202322479,-1.7260244934812248,-0.10741681753660928,0.012797631070504942,-0.012726271620347809,0.018048195210924097,182.9862804193768,-530.484343398487,0.6252255817801556,183.0,-531.0,-2.396592650654008,-0.6705681571727833,0.981951804789076,0.0,0.0,HOLD
49.6,183.61040845934266,-530.4382906358456,-1.726009187478825,-0.10741681753660928,0.012698277541115079,-0.012784408460981342,0.018019083001318322,182.98633401259102,-530.4850585502303,0.6258243786432953,183.0,-531.0,-2.3977185598859103,-0.6717093724070853,0.9819809169986817,0.0,0.0,HOLD
49.648,183.6110024805227,-530.4389041470812,-1.726039891423467,-0.10741681753660928,0.012585284839480154,-0.012783384925467111,0.01793890533570844,182.98638304950634,-530.4857129023904,0.6263708910675833,183.0,-531.0,-2.3987476611705674,-0.6727077697471004,0.9820610946642916,0.0,0.0,HOLD
49.7,183.61164864815035,-530.439562798538,-1.7260650503220065,-0.10741681753660928,0.012529640331768774,-0.012742431160611786,0.01787068657680552,182.9864357415385,-530.4864160286947,0.6269660307944763,183.0,-531.0,-2.399859291479941,-0.6737942411579343,0.9821293134231944,0.0,0.0,HOLD
49.744,183.6122370447245,-530.4401624945606,-1.7261464956061003,-0.10741681753660928,0.01243465790222533,-0.012655363752657644,0.01774201084594009,182.9864837175174,-530.4870562236422,0.6275079667525836,183.0,-531.0,-2.40087140175562,-0.6747249061495195,0.9822579891540599,0.0,0.0,HOLD
49.8,183.61286402493997,-530.4408017047234,-1.726175618099535,-0.10741681753660928,0.01230258677895029,-0.012528362535203702,0.01755885842721839,182.9865348536085,-530.4877385873564,0.6280854255688931,183.0,-531.0,-2.40194996977049,-0.6757743516709549,0.9824411415727816,0.0,0.0,HOLD
49.848,183.61344127512885,-530.4413821699698,-1.7261572060858301,-0.10741681753660928,0.012205797366921074,-0.01237599473580666,0.01738236851131202,182.9865813342402,-530.4883588282823,0.6286176834269951,183.0,-531.0,-2.402935745781872,-0.676778539696042,0.982617631488688,0.0,0.0,HOLD
49.896,183.6140544845121,-530.4419976627015,-1.726185224511504,-0.10741681753660928,0.01206113913736736,-0.012187136118925444,0.017146351334092973,182.98663062597706,-530.4890165807994,0.6291831823230135,183.0,-531.0,-2.4039818262913144,-0.6777966017798105,0.9828536486659071,0.0,0.0,HOLD
49.952,183.6146192159784,-530.4425537631754,-1.726165599743218,-0.10741681753660928,0.011957574047607817,-0.011976537766057442,0.016923978077444564,182.98667522100644,-530.4896116601108,0.6297047772451164,183.0,-531.0,-2.4049355368296275,-0.6787699370864095,0.9830760219225554,0.0,0.0,HOLD
50.0,183.61523124127572,-530.4431415544317,-1.726192561136901,-0.10741681753660928,0.011891824170659235,-0.01174103684991428,0.016711296431364032,182.98672244178533,-530.4902417776143,0.6302711654999802,183.0,-531.0,-2.4059557054973197,-0.6797631443604188,0.983288703568636,0.0,0.0,HOLD
50.048,183.6157889607703,-530.4436673851163,-1.7262706954296088,-0.10741681753660928,0.0117963903588043,-0.011465856027923611,0.01645055257279716,182.98676474191672,-530.4908062336405,0.6307880301214729,183.0,-531.0,-2.4068764592379566,-0.6806057638083478,0.9835494474272028,0.0,0.0,HOLD
50.1,183.6163973056723,-530.4442183779086,-1.7262966940654165,-0.10741681753660928,0.011762282881431357,-0.011161411750451457,0.016215067401831207,182.98680919987888,-530.491399483917,0.6313534982248385,183.0,-531.0,-2.4078604409335367,-0.6815637468681202,0.9837849325981688,0.0,0.0,HOLD
50.148,183.61695440820833,-530.4447063233323,-1.726279027561857,-0.10741681753660928,0.011707689864751097,-0.010812853019249266,0.015936994458965077,182.98684867331227,-530.4919262202793,0.6318725787819832,183.0,-531.0,-2.408746470314582,-0.6824674427527253,0.9840630055410349,0.0,0.0,HOLD
50.2,183.6175532899147,-530.4452100286245,-1.726398934702081,-0.10741681753660928,0.011640932974171687,-0.010418678544650648,0.015622425647956255,182.9868895545083,-530.492471741929,0.6324321439500132,183.0,-531.0,-2.409680069062007,-0.6832811343599261,0.9843775743520438,0.0,0.0,HOLD
50.248,183.6181105047688,-530.4456510496909,-1.7263760302847315,-0.10741681753660928,0.011629631411008248,-0.009987919663349294,0.015329933657959162,182.98692553171267,-530.4929518243572,0.6329548431727865,183.0,-531.0,-2.4105237103661272,-0.6841476800813957,0.9846700663420408,0.0,0.0,HOLD
50.3,183.61870755300077,-530.446098923103,-1.7264557296795433,-0.10741681753660928,0.011577854286258508,-0.009506680362615318,0.014980777062314566,182.98696224201456,-530.493441689292,0.6335167523148061,183.0,-531.0,-2.411405250850969,-0.6849495211714258,0.9850192229376854,0.0,0.0,HOLD
50.348,183.61926064926078,-530.4464844543802,-1.7263762058073644,-0.10741681753660928,0.011558598848613186,-0.008990507798432605,0.014643443509531479,182.9869940610563,-530.4938662848963,0.6340394912170677,183.0,-531.0,-2.4121952532816957,-0.6858190474743313,0.9853565564904685,0.0,0.0,HOLD
50.396,183.6198610796914,-530.4468702909078,-1.7263994149092776,-0.10741681753660928,0.011554447919158283,-0.008440806696954586,0.014309174833368086,182.98702616718742,-530.4942947114423,0.6346094091226023,183.0,-531.0,-2.4130231707487,-0.6866237558394224,0.9856908251666319,0.0,0.0,HOLD
50.448,183.62040698521992,-530.447194516849,-1.7264737449990994,-0.10741681753660928,0.011490952292952893,-0.00785067184093031,0.013916717750708874,182.98705337752878,-530.4946578082141,0.6351295587536359,183.0,-531.0,-2.4137516987839858,-0.6872779537848863,0.9860832822492911,0.0,0.0,HOLD
50.5,183.62099991643976,-530.4475121535916,-1.7264960977952584,-0.10741681753660928,0.011460002200893268,-0.007240876310120263,0.013555882124854117,182.98708035945467,-530.4950178569931,0.6356970949940276,183.0,-531.0,-2.4145115748858847,-0.6880154770906264,0.9864441178751459,0.0,0.0,HOLD
50.548,183.62154017363324,-530.4477728532369,-1.7264737381898467,-0.10741681753660928,0.011388376799691294,-0.006607504515294037,0.013166405813713096,182.98710280420087,-530.4953173613168,0.6362163594099228,183.0,-531.0,-2.4151777541013293,-0.6887040159114826,0.9868335941862869,0.0,0.0,HOLD
50.596,183.62211872971784,-530.4480201613358,-1.7265910868125494,-0.10741681753660928,0.01129657241233301,-0.005959451677483868,0.012772142050703495,182.98712446487735,-530.495606402957,0.636774816376989,183.0,-531.0,-2.4158620824314267,-0.6892709956188774,0.9872278579492965,0.0,0.0,HOLD
50.648,183.62265641783247,-530.4482175741488,-1.7265676613848309,-0.10741681753660928,0.011263414570550665,-0.005313112018552666,0.012453660791501502,182.98714217906985,-530.4958427824287,0.6372962483286259,183.0,-531.0,-2.4164685046151164,-0.6899008432302856,0.9875463392084985,0.0,0.0,HOLD
50.7,183.6232326508307,-530.4483966403593,-1.7265848579077894,-0.10741681753660928,0.01119971080498594,-0.004658776152198557,0.012130033691281027,182.98715874131,-530.4960637901643,0.6378574884278332,183.0,-531.0,-2.4170887190859243,-0.6905038611781349,0.9878699663087189,0.0,0.0,HOLD
50.748,183.62376728341835,-530.4485315215717,-1.7265570018059224,-0.10741681753660928,0.011178174641586228,-0.004011713339164629,0.011876254975093488,182.98717177851293,-530.4962377595471,0.6383805463887066,183.0,-531.0,-2.41763561388211,-0.6910786120761874,0.9881237450249065,0.0,0.0,HOLD
50.8,183.62434807083653,-530.448644732636,-1.7265768416870293,-0.10741681753660928,0.011174959600981374,-0.0033696112188397786,0.01167193222434472,182.9871834585875,-530.4963936193109,0.6389512495340607,183.0,-531.0,-2.4181992787810302,-0.691622437094001,0.9883280677756553,0.0,0.0,HOLD
50.848,183.62487498353204,-530.4487172611878,-1.7266477667076467,-0.10741681753660928,0.011105795478699733,-0.002719101315456885,0.011433818486333723,182.9871918060871,-530.4965050089517,0.6394712688093217,183.0,-531.0,-2.4186830749654775,-0.6920353082578308,0.9885661815136663,0.0,0.0,HOLD
50.9,183.62544457631566,-530.4487627356056,-1.7266668346739265,-0.10741681753660928,0.011052564643212614,-0.0020734936670861854,0.011245379548056175,182.98719837583263,-530.4965926761133,0.6400358705885114,183.0,-531.0,-2.419175973232448,-0.6925091385585216,0.9887546204519438,0.0,0.0,HOLD
50.948,183.62595916249487,-530.4487728457099,-1.7267369815632103,-0.10741681753660928,0.01093635790814128,-0.0014214903942205033,0.01102835251684609,182.98720200300028,-530.496641077302,0.6405482623513649,183.0,-531.0,-2.4195929982137807,-0.6928560166505704,0.9889716474831539,0.0,0.0,HOLD
51.0,183.6265042541126,-530.4487494282662,-1.7267553005110001,-0.10741681753660928,0.010777518528913555,-0.0007663513468216726,0.010804730446792756,182.98720330201735,-530.4966584114801,0.6410935797701379,183.0,-531.0,-2.420003628176652,-0.6932483276656518,0.9891952695532072,0.0,0.0,HOLD
51.048,183.6270055424612,-530.4486976883205,-1.726727730370276,-0.10741681753660928,0.010660614585681412,-0.0001208579383211039,0.01066129963867907,182.9872022457863,-530.4966443170564,0.6415973329458312,183.0,-531.0,-2.4203537223437097,-0.6936259919734338,0.9893387003613209,0.0,0.0,HOLD
51.1,183.62753695895444,-530.4486079104886,-1.72674233381537,-0.10741681753660928,0.010506241262058931,0.0005257162088597515,0.010519386055699615,182.98719852318214,-530.4965946423557,0.6421339725965246,183.0,-531.0,-2.4206930713362986,-0.6939507375209286,0.9894806139443004,0.0,0.0,HOLD
51.148,183.62802629175286,-530.4484960625254,-1.7267109627349486,-0.10741681753660928,0.010397108475509141,0.001157273601047539,0.010461316687644322,182.9871929208667,-530.4965198846518,0.642630295529976,183.0,-531.0,-2.420978983936938,-0.6942680212019894,0.9895386833123557,0.0,0.0,HOLD
51.2,183.62855501656648,-530.4483443372791,-1.7267277975909556,-0.10741681753660928,0.010316845216137814,0.0017734554597995285,0.010468163137897616,182.9871845668391,-530.4964084079005,0.6431688803636376,183.0,-531.0,-2.4212598270837464,-0.6945320294927908,0.9895318368621023,0.0,0.0,HOLD
51.244,183.62855501656648,-530.4483443372791,-1.7267277975909556,-0.10741681753660928,0.010316845216137814,0.0017734554597995285,0.010468163137897616,182.9871845668391,-530.4964084079005,0.6431688803636376,183.0,-531.0,-2.4212598270837464,-0.6945320294927908,0.9895318368621023,0.0,0.0,SUCCESS
