time_s,north_m,east_m,body_yaw_rad,course_angle_rad,vx_mps,vy_mps,speed_mps,reference_north_m,reference_east_m,position_error_m,target_north_m,target_east_m,desired_heading_rad,heading_error_rad,speed_error_mps,left_thrust,right_thrust,controller_state
0.0,161.88934147553283,-531.8941469268917,0.5708002937932077,-2.605982925758027,0.01941415604063655,0.014180568175979484,0.02404158831200191,163.0,-531.000000000002,1.4258545104034421,164.2177842662969,-526.2174602137884,1.1815481100960905,0.6107478163028828,0.9759584116879981,0.0,0.0,TRACK
0.044,161.89286646370894,-531.8918556777866,0.5707981776156505,-2.605982925758027,0.038322240210551736,0.02592439403947998,0.046267356754729934,163.0,-531.000000000002,1.4216719794582822,164.2177842662969,-526.2174602137884,1.1819381468002057,0.6111399691845552,0.9537326432452701,519.6912072193181,-280.30879278068187,TRACK
0.1,161.8974612485939,-531.8900414561398,0.5718300033459879,0.47990406717880785,0.055835892862632575,0.029061963363619436,0.06294636324932316,163.0,-531.000000000002,1.416956418523829,164.2177842662969,-526.2174602137884,1.182519651487188,0.6106896481412002,0.9370536367506769,519.6912072193181,-280.30879278068187,TRACK
0.148,161.90296375358335,-531.8893978566864,0.5758717894062637,0.29934325718148014,0.07641576257535468,0.023583188867271093,0.07997209242681072,163.0,-531.000000000002,1.4122737246818182,164.2177842662969,-526.2174602137884,1.183311222151376,0.6074394327451123,0.9200279075731893,496.58828042314514,-303.41171957685486,TRACK
0.2,161.90994763389594,-531.8899310607474,0.5840765205749887,0.12084547229683637,0.09667713239332959,0.011740199276513218,0.09738737190647265,163.0,-531.000000000002,1.4071927564226363,164.2177842662969,-526.2174602137884,1.184399990924366,0.6003234703493774,0.9026126280935274,496.58828042314514,-303.41171957685486,TRACK
0.248,161.91733123456225,-531.891475209456,0.5915017578109673,-0.031086336944537437,0.11667889091421628,-0.003628288137167963,0.11673529054993566,163.0,-531.000000000002,1.4024620154305047,164.2177842662969,-526.2174602137884,1.1856120772793928,0.5941103194684255,0.8832647094500643,496.32805003043666,-303.67194996956334,TRACK
0.3,161.9267456588463,-531.893923499375,0.6023203734749287,-0.1345007987412157,0.13920759639070202,-0.01883726174407544,0.1404763229974767,163.0,-531.000000000002,1.396772745845368,164.2177842662969,-526.2174602137884,1.187187628459722,0.5848672549847933,0.8595236770025233,496.32805003043666,-303.67194996956334,TRACK
0.344,161.93723457979814,-531.8964634091543,0.6162105705120156,-0.18221106337415038,0.16696665292781387,-0.030764395607928305,0.16977724001478578,163.0,-531.000000000002,1.390365772854655,164.2177842662969,-526.2174602137884,1.188932325648318,0.5727217551363024,0.8302227599852142,488.1847274882792,-311.8152725117208,TRACK
0.4,161.95097059179236,-531.8990837839962,0.6308659240459163,-0.18510676107472382,0.20098225128719543,-0.03763399550378503,0.2044753847044878,163.0,-531.000000000002,1.3815984763764244,164.2177842662969,-526.2174602137884,1.1911757181833984,0.560309794137482,0.7955246152955122,488.1847274882792,-311.8152725117208,TRACK
0.444,161.96601412966987,-531.9011065653592,0.6485485945367483,-0.16173141430836796,0.24033092702690584,-0.03921154451638599,0.243508726145435,163.0,-531.000000000002,1.3715392164178692,164.2177842662969,-526.2174602137884,1.193583867996189,0.5450352734594407,0.756491273854565,471.07723913058067,-328.92276086941933,TRACK
0.5,161.98470805255752,-531.9028062549443,0.6710545947972998,-0.13019041400207215,0.282039583542054,-0.03692772229658124,0.28444680233496855,163.0,-531.000000000002,1.3586305136071162,164.2177842662969,-526.2174602137884,1.1965316752755832,0.5254770804782835,0.7155531976650314,471.07723913058067,-328.92276086941933,TRACK
0.548,162.00385018874437,-531.9040003972087,0.6905150669042267,-0.1009560787195952,0.322903805664736,-0.03271030683784815,0.32455636164801294,163.0,-531.000000000002,1.345188152123889,164.2177842662969,-526.2174602137884,1.1995229412552253,0.5090078743509986,0.6754436383519871,442.81288595245815,-333.925464950339,TRACK
0.6,162.02614634144206,-531.9050617002806,0.7075934669133582,-0.07874909023196086,0.3599577322242339,-0.0284050855053232,0.3610767478952058,163.0,-531.000000000002,1.329483971169949,164.2177842662969,-526.2174602137884,1.2029948432595152,0.495401376346157,0.6389232521047943,442.81288595245815,-333.925464950339,TRACK
0.648,162.04778356021504,-531.9059810224364,0.734483433070672,-0.0641545634800726,0.39174391283206655,-0.025166696298006178,0.39255146903754395,163.0,-531.000000000002,1.3143506994740823,164.2177842662969,-526.2174602137884,1.206365325026513,0.47188189195584096,0.607448530962456,419.2860188003916,-323.21021908980356,TRACK
0.7,162.07207628346393,-531.9069853910427,0.7588214864656325,-0.05523242888168235,0.4181422575160716,-0.02311852590487938,0.41878086603933007,163.0,-531.000000000002,1.2975611443285526,164.2177842662969,-526.2174602137884,1.2101568980339543,0.4513354115683218,0.5812191339606699,419.2860188003916,-323.21021908980356,TRACK
0.748,162.09514920047692,-531.907916944267,0.7780818418456373,-0.04954579713118368,0.44003248727187694,-0.021819617431958947,0.4405731330432572,163.0,-531.000000000002,1.2818221979201652,164.2177842662969,-526.2174602137884,1.2137656230126561,0.4356837811670188,0.5594268669567428,373.52819298870776,-269.8206300706643,TRACK
0.8,162.1207992231391,-531.9087285314457,0.8075482106118884,-0.0428053933288981,0.45866550002983264,-0.019645357341654623,0.4590860278669976,163.0,-531.000000000002,1.264429337643104,164.2177842662969,-526.2174602137884,1.2177746914892693,0.4102264808773809,0.5409139721330024,373.52819298870776,-269.8206300706643,TRACK
0.848,162.14512136740316,-531.9090760064166,0.8313846892789355,-0.03217343244143938,0.47548154361150885,-0.01530315393494984,0.47572774234381154,163.0,-531.000000000002,1.247892888796678,164.2177842662969,-526.2174602137884,1.2215622845070095,0.39017759522807405,0.5242722576561885,350.41595192879447,-236.5884330740523,TRACK
0.9,162.17225707381598,-531.908760590634,0.8573224427666581,-0.015910686851696425,0.4917071811260837,-0.00782405921285214,0.4917694255172087,163.0,-531.000000000002,1.2292290929413205,164.2177842662969,-526.2174602137884,1.2257605196926578,0.3684380769259996,0.5082305744827913,350.41595192879447,-236.5884330740523,TRACK
0.948,162.19806162878626,-531.9076613049368,0.877284695461098,0.005770262312696217,0.5077678810569021,0.0029299863866035407,0.5077763344753691,163.0,-531.000000000002,1.2111788454645513,164.2177842662969,-526.2174602137884,1.2297207545350655,0.35243605907396747,0.4922236655246309,318.35278628716645,-202.76259018859724,TRACK
1.0,162.22672599248867,-531.9055205574447,0.9011668267131345,0.031182851446880606,0.5229823399147069,0.016313368502294336,0.5232367092001035,163.0,-531.000000000002,1.190764531989362,164.2177842662969,-526.2174602137884,1.234084364714209,0.3329175380010745,0.47676329079989654,318.35278628716645,-202.76259018859724,TRACK
1.044,162.2536662258539,-531.9027285897648,0.9268224868891086,0.05765986507486193,0.5363777225659827,0.030961787192098335,0.5372705961907827,163.0,-531.000000000002,1.1712954406153304,164.2177842662969,-526.2174602137884,1.2381583696934844,0.31133588280437574,0.46272940380921734,295.8174040283637,-184.888682713339,TRACK
1.1,162.2831290201918,-531.8990041715294,0.9502743336889156,0.08244026138791154,0.5469527892500214,0.04519336133606759,0.5488167212988602,163.0,-531.000000000002,1.14983151031567,164.2177842662969,-526.2174602137884,1.2425955784571614,0.29232124476824584,0.45118327870113983,295.8174040283637,-184.888682713339,TRACK
1.148,162.31039089384595,-531.89510655526,0.9792015067612325,0.1038919675244075,0.5543038084072871,0.057795803499888686,0.5573087716132056,163.0,-531.000000000002,1.1299453369771144,164.2177842662969,-526.2174602137884,1.2466945098712459,0.26749300311001334,0.4426912283867944,259.37585354373766,-146.95854913554035,TRACK
1.2,162.3398202759212,-531.8905010843242,0.9981774475291774,0.1221822379432345,0.5583798548173826,0.06856563434252774,0.5625738249142724,163.0,-531.000000000002,1.108525799999145,164.2177842662969,-526.2174602137884,1.251117459120434,0.25294001159125656,0.43742617508572756,259.37585354373766,-146.95854913554035,TRACK
1.248,162.36682752997297,-531.8859335381214,1.0260585219775442,0.13820279909162447,0.5598747997587692,0.0778726867180085,0.5652644927302642,163.0,-531.000000000002,1.0889378360424777,164.2177842662969,-526.2174602137884,1.2551764129149785,0.2291178909374343,0.43473550726973575,235.36858570507144,-112.53173959093618,TRACK
1.3,162.39594853004127,-531.8805431394205,1.0442218587728576,0.1539687446507599,0.559925351072148,0.08689877608437391,0.5666284462134162,163.0,-531.000000000002,1.0678175868266337,164.2177842662969,-526.2174602137884,1.2595485401646582,0.21532668139180067,0.43337155378658376,235.36858570507144,-112.53173959093618,TRACK
1.348,162.42280014205042,-531.8749847714145,1.067272676831175,0.1716134891776732,0.5597444824303056,0.09701397116572323,0.5680894262460044,163.0,-531.000000000002,1.0482165931813188,164.2177842662969,-526.2174602137884,1.263568334433339,0.19629565760216394,0.43191057375399555,213.35709636378715,-79.95660208822711,TRACK
1.4,162.45198615531694,-531.8680421585522,1.0930508552526956,0.1935012120928637,0.560278233642847,0.10978820629245567,0.5709335769902341,163.0,-531.000000000002,1.0265555820240029,164.2177842662969,-526.2174602137884,1.2679128686429675,0.17486201339027185,0.42906642300976594,213.35709636378715,-79.95660208822711,TRACK
1.448,162.47912100273354,-531.8605160042562,1.109715015407869,0.22094479088700122,0.562039114280489,0.1262405424983413,0.5760422211535124,163.0,-531.000000000002,1.005884050659319,164.2177842662969,-526.2174602137884,1.271918891836933,0.1622038764290641,0.42395777884648755,178.56828959889765,-44.94507382399708,TRACK
1.496,162.5087603690389,-531.8509393986993,1.129127926643324,0.25380541416103813,0.5648211590299377,0.1465142746411457,0.5835146736471528,163.0,-531.000000000002,0.9825549528052296,164.2177842662969,-526.2174602137884,1.2762514252605386,0.14712349861721452,0.4164853263528472,178.56828959889765,-44.94507382399708,TRACK
1.548,162.53624549232384,-531.8406844714541,1.1524064023025669,0.29104608573372964,0.5675461106555321,0.17000978967986488,0.5924625864197783,163.0,-531.000000000002,0.9601138598783833,164.2177842662969,-526.2174602137884,1.2802254298653235,0.12781902756275665,0.40753741358022166,166.27615853926014,-42.75253515634572,TRACK
1.6,162.5660328203283,-531.8281588863496,1.1717560641431404,0.3296552410082788,0.5693966027253444,0.19481318611084197,0.6018011870026689,163.0,-531.000000000002,0.9349730766543909,164.2177842662969,-526.2174602137884,1.2844913048271087,0.11273524068396834,0.39819881299733106,166.27615853926014,-42.75253515634572,TRACK
1.648,162.59339000142953,-531.8155050618606,1.1889846489297888,0.3669046703835956,0.5695872373012263,0.2188960412043906,0.6102008667245546,163.0,-531.000000000002,0.9112519941565799,164.2177842662969,-526.2174602137884,1.2883805195701579,0.09939587064036903,0.38979913327544535,127.28803248587002,-12.656886417564785,TRACK
1.7,162.62270417123335,-531.8009270834709,1.2068853175017586,0.40067538931775754,0.5675386163869318,0.24040343517465357,0.6163553299308498,163.0,-531.000000000002,0.8853453198829678,164.2177842662969,-526.2174602137884,1.2925291478013607,0.0856438302996021,0.38364467006915015,127.28803248587002,-12.656886417564785,TRACK
1.748,162.64925254809395,-531.7869109500523,1.2200844530470376,0.4307299771750173,0.5624820152600705,0.25846320570774517,0.6190228155696318,163.0,-531.000000000002,0.8615408396167634,164.2177842662969,-526.2174602137884,1.2962755501435603,0.07619109709652272,0.3809771844303682,115.09032594343697,1.2326996405426272,TRACK
1.8,162.67747417835503,-531.771371422322,1.235291695825874,0.45614737486622375,0.5555665905224136,0.2725940588178987,0.6188390399833508,163.0,-531.000000000002,0.8360841924110498,164.2177842662969,-526.2174602137884,1.3002578878985798,0.06496619207270582,0.38116096001664923,115.09032594343697,1.2326996405426272,TRACK
1.848,162.70292504678332,-531.7567816602137,1.2510005146273073,0.47849229121566983,0.5466975327958803,0.2835698202709145,0.6158652736870146,163.0,-531.000000000002,0.8130018505891905,164.2177842662969,-526.2174602137884,1.3038495758531288,0.05284906122582145,0.3841347263129854,112.6888153961064,16.834628233920967,TRACK
1.9,162.72995530231702,-531.7407064837876,1.2681920966053783,0.498561191965014,0.5372878085633968,0.29251868604454895,0.6117559733391139,163.0,-531.000000000002,0.7883972563806859,164.2177842662969,-526.2174602137884,1.3076663576073848,0.03947426100200646,0.3882440266608861,112.6888153961064,16.834628233920967,TRACK
1.948,162.75442701949132,-531.7255037314746,1.279118913826133,0.5183757766524506,0.5276766799620973,0.3009905482106384,0.6074849699276208,163.0,-531.000000000002,0.7659384786891072,164.2177842662969,-526.2174602137884,1.311118673046748,0.03199975922061493,0.3925150300723792,93.56552285552048,48.91389555046764,TRACK
2.0,162.7805337726451,-531.7084630979762,1.2916495793054787,0.5391645996941382,0.5187083728181353,0.3103404279613119,0.6044580690658764,163.0,-531.000000000002,0.7416774137996094,164.2177842662969,-526.2174602137884,1.3147931027911315,0.02314352348565274,0.3955419309341236,93.56552285552048,48.91389555046764,TRACK
2.048,162.80425209953407,-531.6920139055817,1.3044577777793755,0.5626022631792804,0.5101065758971797,0.3216633060512341,0.6030555540191592,163.0,-531.000000000002,0.7191665217822718,164.2177842662969,-526.2174602137884,1.3181146191923983,0.013656841413022702,0.3969444459808408,92.70248727268128,53.16552224420599,TRACK
2.1,162.8296007339686,-531.673291521223,1.3156244034410238,0.5884259073475941,0.5021850830270644,0.3350971975017374,0.6037217814427586,163.0,-531.000000000002,0.6945195334992399,164.2177842662969,-526.2174602137884,1.3216429131202332,0.006018509679209361,0.39627821855724144,92.70248727268128,53.16552224420599,TRACK
2.148,162.85269688738236,-531.6551215690703,1.3270584991061756,0.6160250553833037,0.494829755943033,0.35030241282271957,0.6062740863636352,163.0,-531.000000000002,0.6714778307920979,164.2177842662969,-526.2174602137884,1.3248361610141062,-0.002222338092069398,0.3937259136363648,75.6131473151249,65.07095528907038,TRACK
2.2,162.8773608773293,-531.6345132765831,1.3370128999698416,0.6443811706819351,0.4876469660057714,0.36640622930609185,0.6099615465985887,163.0,-531.000000000002,0.6462564913152312,164.2177842662969,-526.2174602137884,1.328223690733928,-0.008789209235913642,0.3900384534014113,75.6131473151249,65.07095528907038,TRACK
2.248,162.899732856611,-531.6147111793946,1.348631456277817,0.6728007203995902,0.48009954349948597,0.3825543410485635,0.6138757166752203,163.0,-531.000000000002,0.622834917224109,164.2177842662969,-526.2174602137884,1.3312764222618074,-0.017355034016009574,0.38612428332477966,62.77535280501497,70.58894065080301,TRACK
2.3,162.92348342275034,-531.5925411363021,1.3558837191786222,0.700477569980307,0.47192428305869405,0.3978817655734008,0.6172701420903728,163.0,-531.000000000002,0.59746111572365,164.2177842662969,-526.2174602137884,1.3344983321178356,-0.02138538706078652,0.3827298579096272,62.77535280501497,70.58894065080301,TRACK
2.348,162.94492878005642,-531.5715217636041,1.364732731331859,0.7269128958465083,0.4631231810116364,0.41188940687890474,0.6197870313981996,163.0,-531.000000000002,0.574168934667204,164.2177842662969,-526.2174602137884,1.3373927307955826,-0.027340000536276277,0.3802129686018004,54.44454114107768,77.40811375095481,TRACK
2.4,162.96761794486963,-531.5482251227965,1.3741600362691715,0.7521485484370118,0.4537456000542047,0.42453242759965826,0.6213797966237794,163.0,-531.000000000002,0.5491806467433171,164.2177842662969,-526.2174602137884,1.3404401237757715,-0.033719912493400006,0.3786202033762206,54.44454114107768,77.40811375095481,TRACK
2.444,162.98807940271342,-531.5262759678528,1.3799896934460172,0.7761488627569416,0.4441327701462312,0.4359919994037249,0.6223688143390723,163.0,-531.000000000002,0.5264109563610383,164.2177842662969,-526.2174602137884,1.3431761184108784,-0.036813575035138824,0.3776311856609277,46.661431090023605,88.83989937560517,TRACK
2.5,163.0097297002176,-531.5020050887604,1.3865142961944352,0.7994093959727243,0.4344094568731886,0.4467564858116393,0.6231395781328805,163.0,-531.000000000002,0.5020993688559836,164.2177842662969,-526.2174602137884,1.3460566376065877,-0.040457658587847556,0.37686042186711954,46.661431090023605,88.83989937560517,TRACK
2.544,163.02927186761042,-531.4791289225083,1.3930005200734639,0.8220414399850315,0.424861117540173,0.4571970946991553,0.6241283142101735,163.0,-531.000000000002,0.4800222563750282,164.2177842662969,-526.2174602137884,1.348643239539788,-0.044357280533675825,0.37587168578982655,49.1862705519189,89.64984165164205,TRACK
2.6,163.05000404609393,-531.4538178184114,1.398489625937039,0.8440214286737076,0.41570323542475784,0.4675413122065687,0.6256229364101445,163.0,-531.000000000002,0.4565643623100376,164.2177842662969,-526.2174602137884,1.3513731417465782,-0.04711648419046077,0.37437706358985545,49.1862705519189,89.64984165164205,TRACK
2.644,163.06874997384517,-531.4299688901286,1.403938373508385,0.8653723735658975,0.4068961595455529,0.47780028832929144,0.6275807519200012,163.0,-531.000000000002,0.43543059766213243,164.2177842662969,-526.2174602137884,1.3538284079453735,-0.050109965563011505,0.3724192480799988,43.83736802479771,94.97997792173052,TRACK
2.7,163.0886121671519,-531.4036464256121,1.409606170427073,0.8861610348292086,0.3981703432690825,0.4877406216597879,0.6296272995003436,163.0,-531.000000000002,0.4132584579596002,164.2177842662969,-526.2174602137884,1.3564152412882657,-0.0531909291388073,0.3703727004996564,43.83736802479771,94.97997792173052,TRACK
2.748,163.10652506870997,-531.3789600717553,1.4130240731726482,0.9062003017448541,0.38942563031921507,0.4970360676183967,0.6314247176529261,163.0,-531.000000000002,0.3936474644232764,164.2177842662969,-526.2174602137884,1.3587356096634151,-0.05428846350923311,0.36857528234707393,38.90531801097134,98.68894880700003,TRACK
2.8,163.1254454683965,-531.3518739075349,1.416758346998027,0.92547745586956,0.3804755037513847,0.5053841646658499,0.6325936791099551,163.0,-531.000000000002,0.3735663426269433,164.2177842662969,-526.2174602137884,1.3611731849416777,-0.055585162056349224,0.3674063208900449,38.90531801097134,98.68894880700003,TRACK
2.848,163.142460796446,-531.3266188116266,1.4203606404508178,0.9438630181390024,0.37137917779930796,0.5126514480306661,0.6330355447135877,163.0,-531.000000000002,0.35633541310272576,164.2177842662969,-526.2174602137884,1.3633542404094756,-0.057006400041342165,0.3669644552864123,41.83382486740285,97.41699032696926,TRACK
2.9,163.16042775860532,-531.2990205898311,1.4239920125879626,0.9613110269767215,0.36232794164199583,0.5189807033052232,0.6329474762551073,163.0,-531.000000000002,0.33933814827226905,164.2177842662969,-526.2174602137884,1.3656464944732407,-0.058345518114721884,0.3670525237448927,41.83382486740285,97.41699032696926,TRACK
2.948,163.17660089783558,-531.2733229650247,1.4265279336732912,0.9780174295285436,0.3534423022879526,0.5247159713618159,0.6326518091721405,163.0,-531.000000000002,0.3254125386722389,164.2177842662969,-526.2174602137884,1.3676997931102524,-0.058828140563038867,0.3673481908278595,41.01405645749139,102.14757447551818,TRACK
3.0,163.19370078006028,-531.2451922917683,1.428398786141172,0.9943301057175205,0.3448328576149491,0.5304064513804624,0.6326457961267953,163.0,-531.000000000002,0.3124728022365006,164.2177842662969,-526.2174602137884,1.3698581352585029,-0.05854065088266913,0.3673542038732047,41.01405645749139,102.14757447551818,TRACK
3.048,163.20912761532838,-531.2188897737876,1.430510716470197,1.0104795790652188,0.33662869794629036,0.5365533870061272,0.6334101494203908,163.0,-531.000000000002,0.3027327081120203,164.2177842662969,-526.2174602137884,1.3717919887573546,-0.058718727712842256,0.36658985057960924,44.619252865711815,100.59423721035523,TRACK
3.1,163.22550045060873,-531.1899545367435,1.4321636426090212,1.026461771350864,0.3290104295905222,0.5435161047357733,0.6353405534722997,163.0,-531.000000000002,0.2948443305430709,164.2177842662969,-526.2174602137884,1.373829130843745,-0.058334511765276265,0.3646594465277003,44.619252865711815,100.59423721035523,TRACK
3.148,163.2403233814947,-531.1627790130949,1.433664454174556,1.0423605262547948,0.3219406502773688,0.551440328015713,0.6385391277463678,163.0,-531.000000000002,0.290262527372264,164.2177842662969,-526.2174602137884,1.3756577756953186,-0.05800667847923746,0.3614608722536322,43.846482878405,98.91853937422698,TRACK
3.2,163.25607969875364,-531.1328152163491,1.4347990048969097,1.0580698740937982,0.31531355807695793,0.5601156143841824,0.6427691198121774,163.0,-531.000000000002,0.28847303826711007,164.2177842662969,-526.2174602137884,1.377583926767109,-0.057215078129800645,0.35723088018782256,43.846482878405,98.91853937422698,TRACK
3.248,163.27034934275522,-531.1046918796285,1.435774414755556,1.0733980201314068,0.30900330026159306,0.5691411462705316,0.6476146106680198,163.0,-531.000000000002,0.28991232603650996,164.2177842662969,-526.2174602137884,1.3793122743771227,-0.056462140378433334,0.35238538933198016,42.90091361747923,94.45312518646116,TRACK
3.3,163.28550602688384,-531.0737972243661,1.436458404300818,1.088057902400703,0.3028682883433885,0.5778865401111377,0.652443141833582,163.0,-531.000000000002,0.2948893380758846,164.2177842662969,-526.2174602137884,1.3811322737638319,-0.055326130536986096,0.347556858166418,42.90091361747923,94.45312518646116,TRACK
3.348,163.2992137244335,-531.0449744168399,1.4370490554363333,1.1018095328330895,0.2968163487229293,0.5857925559510695,0.6566984570386156,163.0,-531.000000000002,0.30257486851897764,164.2177842662969,-526.2174602137884,1.3827659213022205,-0.05428313413411279,0.3433015429613844,43.40459400226505,90.52773448055896,TRACK
3.4,163.31375600481033,-531.0135272399017,1.437294425463398,1.1144714566489804,0.29081135997539437,0.5924288522982044,0.6599569623286856,163.0,-531.000000000002,0.31404747535021216,164.2177842662969,-526.2174602137884,1.3844886299029706,-0.052805795560427304,0.3400430376713144,43.40459400226505,90.52773448055896,TRACK
3.448,163.32689734939999,-530.9843800090742,1.4374636130117855,1.126004543841213,0.28484968828357793,0.5976106454439734,0.6620255497057602,163.00059247572023,-530.9762424735635,0.3264063266411249,164.2177842662969,-526.2174602137884,1.3860382769478239,-0.0514253360639616,0.3379744502942398,46.78093313788862,88.76903815264271,TRACK
3.5,163.34084686703412,-530.9527309905604,1.4374571923860757,1.136413730945489,0.2790432814602103,0.6014691595353396,0.6630462297609647,163.00138993257394,-530.9442654631308,0.3395624765897436,164.2177842662969,-526.2174602137884,1.3876782808728898,-0.04977891151318592,0.3369537702390353,46.78093313788862,88.76903815264271,TRACK
3.548,163.35346945464627,-530.9234707933953,1.4373239773248352,1.145910251051106,0.27341783428777866,0.60431055802735,0.6632861845764213,163.00212702823052,-530.9147088603014,0.35145166391874083,164.2177842662969,-526.2174602137884,1.3891586953855093,-0.0481652819393259,0.3367138154235787,52.1244476442733,88.43712630645608,TRACK
3.6,163.36690193645924,-530.8917018246248,1.4370893019724786,1.1546131238163357,0.26813252756666006,0.6066314602115722,0.6632471491515889,163.0029271532395,-530.8826248602201,0.36408794830734886,164.2177842662969,-526.2174602137884,1.3907315555475857,-0.04635774642489299,0.3367528508484111,52.1244476442733,88.43712630645608,TRACK
3.648,163.3790913463695,-530.862271821389,1.436733921058016,1.1628446439134785,0.26316725684733216,0.6089042227319139,0.6633410567252007,163.00366821172605,-530.8529093529241,0.37553985919110167,164.2177842662969,-526.2174602137884,1.3921556502802421,-0.044578270777773765,0.3366589432747993,57.22079221293698,87.46550179369801,TRACK
3.7,163.39210000056715,-530.830220235467,1.4363253059620051,1.170698336031486,0.25861696635801396,0.6115195730967431,0.6639570193684566,163.0044751169606,-530.8205534743805,0.3877454018565444,164.2177842662969,-526.2174602137884,1.3936721273830586,-0.04265317857894657,0.33604298063154336,57.22079221293698,87.46550179369801,TRACK
3.748,163.40393584337232,-530.8004294893931,1.4358141917154288,1.1783999332564743,0.2544040485870681,0.6147119126350685,0.6652759994716143,163.00522494646438,-530.7904862603953,0.3988348619617391,164.2177842662969,-526.2174602137884,1.3950474239739743,-0.04076676774145449,0.3347240005283857,60.61293759227997,84.56869617157618,TRACK
3.796,163.41659084345784,-530.7679049205807,1.4352906047964504,1.185908041471859,0.2505405167725674,0.6184781102192731,0.6672973275572655,163.00604342001452,-530.7576665070399,0.4106750686464676,164.2177842662969,-526.2174602137884,1.3965133640793508,-0.03877724071709965,0.33270267244273455,60.61293759227997,84.56869617157618,TRACK
3.848,163.42812308568514,-530.7376387180356,1.4345881815570432,1.1932562551157617,0.2469406021429261,0.6227018318674733,0.6698785206272985,163.00680491059305,-530.727131698718,0.4214491690795858,164.46709118367755,-525.7856479662065,1.3639878710471987,-0.0706003105098445,0.33012147937270153,62.60781713104946,80.23343314808729,TRACK
3.9,163.440466899766,-530.7046036994756,1.4340999015058877,1.2002933475481246,0.24359475539862563,0.6271072771753,0.6727569709367082,163.00763591263868,-530.6938095685507,0.43296556061658226,164.46709118367755,-525.7856479662065,1.3650421029421982,-0.06905779856368954,0.32724302906329183,62.60781713104946,80.23343314808729,TRACK
3.948,163.45172855265503,-530.6739070859475,1.43335399172364,1.2069546603905204,0.24045280999163743,0.6314492038063937,0.6756816194189412,163.0084079621436,-530.662851360646,0.44345842537192637,164.46709118367755,-525.7856479662065,1.3659940372142303,-0.06735995450940968,0.3243183805810588,-1.4690013632454821,141.96532206454992,TRACK
4.0,163.46347256987428,-530.6404244413336,1.432686074816161,1.2162885863944612,0.2353405962395662,0.6358059366058738,0.6779634099725935,163.00924974755043,-530.6290968313449,0.4543640468477961,164.46709118367755,-525.7856479662065,1.3669399098560433,-0.06574616496011765,0.3220365900274065,-1.4690013632454821,141.96532206454992,TRACK
4.044,163.47399877410848,-530.6093499567348,1.4313825601227605,1.2261045517199356,0.22972496009673235,0.6398586423265565,0.6798475119108913,163.0100307576041,-530.5977793167759,0.46411227095181967,164.46709118367755,-525.7856479662065,1.367755625332105,-0.06362693479065551,0.3201524880891087,39.04207574648355,101.59899583669709,TRACK
4.1,163.48535827425746,-530.5755646615951,1.429870352681698,1.2332615175751336,0.22577939814257617,0.6433091424913516,0.6817792820543772,163.01087984696017,-530.5637319083552,0.4746259495853075,164.46709118367755,-525.7856479662065,1.368637803292955,-0.06123254938874312,0.3182207179456228,39.04207574648355,101.59899583669709,TRACK
4.148,163.49571226952887,-530.5442651100742,1.4281069957715802,1.2396138437083484,0.22225449097997757,0.6463768391257516,0.6835203558921759,163.01166635930926,-530.5321937587063,0.48419640717809453,164.46709118367755,-525.7856479662065,1.3694323019523211,-0.05867469381925905,0.31647964410782414,44.63598570863409,97.64547674257062,TRACK
4.2,163.50674586051005,-530.5102306832274,1.4263844759390916,1.2458297993333283,0.21872997381804005,0.6492228184390586,0.6850788782530047,163.0145437789296,-530.4733452364172,0.4935822376246016,164.46709118367755,-525.7856479662065,1.3702627108442311,-0.05612176509486044,0.31492112174699527,44.63598570863409,97.64547674257062,TRACK
4.248,163.51671705116675,-530.4786927627083,1.4244439306209444,1.2524158232747975,0.21488108152015975,0.6519588357704871,0.6864577210101744,163.01694970548252,-530.4412403777295,0.5011687150579771,164.46709118367755,-525.7856479662065,1.3709914156791767,-0.053452514941767726,0.31354227898982556,49.64092369180896,93.4923202040078,TRACK
4.296,163.52727979121423,-530.4444007729273,1.4225974316764844,1.2592915758802072,0.21076806869226805,0.6545847129304062,0.6876803946474342,163.0195641719564,-530.4063527471882,0.5091392759363613,164.46709118367755,-525.7856479662065,1.3717376149863902,-0.050859816690094206,0.31231960535256575,49.64092369180896,93.4923202040078,TRACK
4.348,163.53682153439567,-530.4126427458056,1.420563641561555,1.266183864154277,0.20657445534800306,0.6570490111677584,0.6887571478241465,163.021984102816,-530.3740610140147,0.5162810581297165,164.46709118367755,-525.7856479662065,1.3723887905463938,-0.04817485101516117,0.31124285217585346,54.4501312173605,89.8819209228138,TRACK
4.4,163.5469899437764,-530.378149330221,1.4186684067547233,1.2724792867010308,0.2027146129618519,0.6592490775393782,0.6897119402654955,163.0246113775951,-530.3390024685178,0.5238433384007373,164.46709118367755,-525.7856479662065,1.3730655926972373,-0.04560281405748601,0.31028805973450446,54.4501312173605,89.8819209228138,TRACK
4.448,163.55627137393498,-530.3462512773647,1.4163007451279321,1.2777984326137721,0.19944159333151912,0.6611018691450115,0.690530687614709,163.02704028959045,-530.306590890417,0.5307150713229486,164.46709118367755,-525.7856479662065,1.3736750482625517,-0.042625696865380425,0.30946931238529096,59.093054241455135,86.43625502885475,TRACK
4.5,163.56628446478086,-530.3116580738399,1.4147332481346115,1.2817418697282539,0.19703283943588776,0.6625550848224802,0.6912316400746512,163.0296741332901,-530.2714446887676,0.5381150101991365,164.46709118367755,-525.7856479662065,1.3743347111069384,-0.040398537027673154,0.3087683599253488,59.093054241455135,86.43625502885475,TRACK
4.548,163.57551928134484,-530.2797043864634,1.4127232646473993,1.284446078172078,0.1954085497456436,0.6636564422547192,0.6918268386380273,163.0321069309152,-530.2389812605404,0.5449361022949402,164.7376122568391,-525.3667994193652,1.3385265361740435,-0.07419672847335579,0.3081731613619727,63.68404613461078,83.10091246960172,TRACK
4.6,163.58553572195947,-530.2450651822271,1.4104550802173887,1.2861508113498101,0.19443390762547888,0.6645251775177711,0.6923859155048855,163.03474422134707,-530.2037890654458,0.5523359439357628,164.7376122568391,-525.3667994193652,1.3388804483188108,-0.07157463189857793,0.3076140844951145,63.68404613461078,83.10091246960172,TRACK
4.648,163.59477742314857,-530.2130560103243,1.4086958026667808,1.2874019023837164,0.19376944446039557,0.6653415771779042,0.6929834138910335,163.03718119218976,-530.1712699495004,0.5591597550420184,164.7376122568391,-525.3667994193652,1.3392092595714984,-0.06948654309528246,0.30701658610896654,-1.86031002351028,149.834146094196,TRACK
4.7,163.60441557797478,-530.178259770537,1.4070946461057665,1.2920209964205702,0.1908223348448742,0.6666774852723548,0.6934493729499798,163.03982807251896,-530.135949786119,0.5661706333767911,164.7376122568391,-525.3667994193652,1.33949133494496,-0.06760331116080653,0.30655062705002023,-1.86031002351028,149.834146094196,TRACK
4.748,163.6130385337637,-530.1460180320253,1.404189576978043,1.2981371772782038,0.18691023694339534,0.6684363754084919,0.6940768146563308,163.0422789190514,-530.1032455119614,0.572360049496074,164.7376122568391,-525.3667994193652,1.3396954101205982,-0.0644941668574448,0.30592318534366925,41.31850989479361,107.57916792863088,TRACK
4.8,163.6223639467422,-530.1109818127806,1.402045339109339,1.302533919169596,0.18425885675319303,0.6703043504703398,0.6951685037107606,163.0449419363877,-530.0677100151856,0.5790411267854433,164.7376122568391,-525.3667994193652,1.3399113683409576,-0.06213397076838145,0.30483149628923945,41.31850989479361,107.57916792863088,TRACK
4.848,163.63084694310137,-530.0785121179937,1.3991951190936833,1.30700089700576,0.18162343867513933,0.6724560189599722,0.6965516283174397,163.04740898886445,-530.0347894877298,0.5850739396361508,164.7376122568391,-525.3667994193652,1.3400823530748807,-0.059112766018802665,0.30344837168256034,47.17905211895502,101.70797252837218,TRACK
4.9,163.63987210764373,-530.0431942262948,1.3958363517391978,1.3117837004900599,0.17880153494312456,0.674812991066739,0.6980992492550441,163.05402116561737,-529.9697775783553,0.5904331718897834,164.7376122568391,-525.3667994193652,1.340230118524028,-0.05560623321516989,0.3019007507449559,47.17905211895502,101.70797252837218,TRACK
4.948,163.64804683352307,-530.0104735130375,1.3935801556120082,1.3167713715010803,0.17582837391657186,0.6772169783610225,0.6996702457976753,163.0581845969986,-529.9365541846809,0.5944758407053714,164.7376122568391,-525.3667994193652,1.3403309143474034,-0.05324924126460484,0.30032975420232466,52.96419558365384,95.03551968967886,TRACK
5.0,163.65677028949392,-529.9749308175635,1.3902359096122978,1.3214604807123558,0.17300401208035293,0.6794207170094252,0.7011012044615957,163.06270468498565,-529.9004847388592,0.5987120853083167,164.7376122568391,-525.3667994193652,1.340409881839414,-0.04982602777288392,0.29889879553840426,52.96419558365384,95.03551968967886,TRACK
5.048,163.66472827623755,-529.9420687917832,1.3875668353713557,1.325584202813066,0.1704795945245583,0.6812424040377156,0.702249603209816,163.06688220024097,-529.8671489585375,0.6025221257332135,164.7376122568391,-525.3667994193652,1.3404617088793256,-0.047105126492030136,0.297750396790184,56.70308159638968,91.55762987506397,TRACK
5.1,163.6733223623192,-529.9064532204036,1.3852632564981273,1.3285434940189957,0.16865654660587107,0.6825277546025512,0.7030570151245337,163.07140927932844,-529.8310237250593,0.6066209427998228,164.7376122568391,-525.3667994193652,1.340512315072793,-0.04475094142533442,0.29694298487546633,56.70308159638968,91.55762987506397,TRACK
5.148,163.68126217725933,-529.8735911867288,1.3824918623122082,1.3303605608432787,0.1675212392322638,0.683262036036683,0.7034986677193545,163.075586514597,-529.7976901789787,0.6104129514672312,164.7376122568391,-525.3667994193652,1.3405618565688724,-0.04193000574333583,0.29650133228064546,60.64293013193065,89.27712067358124,TRACK
5.2,163.68990856719216,-529.8380227633814,1.3792282905359095,1.331050155165885,0.167085660818131,0.6835231728774955,0.7036487375896798,163.08010858531011,-529.7616049113789,0.6145695290266467,164.7376122568391,-525.3667994193652,1.340627469393659,-0.038600821142250386,0.29635126241032017,60.64293013193065,89.27712067358124,TRACK
5.248,163.69793794632767,-529.8052227955372,1.376732320537198,1.3309343573849508,0.16715323572819393,0.6834564945676516,0.7036000171838453,163.08427954776127,-529.7283214211931,0.6184581242954951,165.02867492776977,-524.9619558967465,1.3026530697673564,-0.07407925076984156,0.29639998281615465,67.79622137867369,84.43872852389151,TRACK
5.3,163.70667368689328,-529.7697100935483,1.3748924385136272,1.3304660982432575,0.16744785703033005,0.6832745233178604,0.7034933255115497,163.08879612512766,-529.6922799894592,0.6227102876560513,165.02867492776977,-524.9619558967465,1.3024554795555456,-0.07243695895808155,0.29650667448845025,67.79622137867369,84.43872852389151,TRACK
5.348,163.7147441523072,-529.736928035483,1.3722707379903065,1.3300968787330658,0.167688250712796,0.6831642802162516,0.7034435181238837,163.09296551314324,-529.6590090629711,0.6266418773094192,165.02867492776977,-524.9619558967465,1.3022717456979958,-0.06999899229231077,0.2965564818761163,-3.6084534726638395,157.70316014406797,TRACK
5.4,163.7231027429209,-529.701314319289,1.3692846345219465,1.3336566712312015,0.16525710747867528,0.6837644872917696,0.7034513385114816,163.0974887222608,-529.6229147111193,0.6305072572204571,165.02867492776977,-524.9619558967465,1.3019890711351003,-0.06729556338684617,0.29654866148851844,-3.6084534726638395,157.70316014406797,TRACK
5.448,163.7305385098092,-529.6683459400531,1.3663748923544428,1.339017970061048,0.16163625342170868,0.684841348668579,0.7036575525540851,163.10167128503954,-529.589538652517,0.6337859062477555,165.02867492776977,-524.9619558967465,1.3016639957947063,-0.0647108965597365,0.29634244744591487,44.84401817294131,110.19563028585554,TRACK
5.5,163.73863575122607,-529.63258717465,1.3628771080685476,1.3422046920694939,0.15956422810684107,0.6858308745400737,0.7041482311017577,163.1062083493266,-529.5533337390373,0.6373739292830569,165.02867492776977,-524.9619558967465,1.301312676149877,-0.06156443191867056,0.2958517688982423,44.84401817294131,110.19563028585554,TRACK
5.548,163.746057348632,-529.5995155865637,1.360259665855026,1.3449532617440754,0.15783256268773774,0.6869370649134524,0.7048359021761642,163.11543985518534,-529.4883207079624,0.6403457847664081,165.02867492776977,-524.9619558967465,1.3009695445482514,-0.05929012130677447,0.2951640978238358,49.95178238612728,105.20665715453707,TRACK
5.6,163.75402163863592,-529.5636165270163,1.3571007646498483,1.3475931980966056,0.15619696385028192,0.6881373776091524,0.7056419360970885,163.12181910865988,-529.4521421637095,0.6419552730391449,165.02867492776977,-524.9619558967465,1.3005730375643372,-0.056527727085511126,0.2943580639029115,49.95178238612728,105.20665715453707,TRACK
5.648,163.76129783076604,-529.5304158706329,1.3538456072963334,1.350208692157121,0.1545835941181471,0.6893774149084476,0.7064965022958981,163.12771615932627,-529.4186983274758,0.6433556899829692,165.02867492776977,-524.9619558967465,1.300182686352575,-0.05366292094375846,0.2935034977041019,52.94053204992684,102.07903579545993,TRACK
5.7,163.76910036213658,-529.4943876085832,1.3497520346389225,1.3527743508836263,0.15299637424776438,0.6905932373322089,0.7073379036796646,163.13411263011034,-529.3824221390083,0.644783441320389,165.02867492776977,-524.9619558967465,1.2997335976250572,-0.05001843701386521,0.29266209632033535,52.94053204992684,102.07903579545993,TRACK
5.748,163.77625652892726,-529.4610871089986,1.3466325763104112,1.3549995569855255,0.15162802610974935,0.6917017470701942,0.7081259529221462,163.1400231357629,-529.3489019957563,0.6460483187894258,165.02867492776977,-524.9619558967465,1.2993007422557596,-0.04733183405465158,0.2918740470778538,59.848746737314364,95.59023475879002,TRACK
5.8,163.78401457362838,-529.4249817580613,1.3440638617202576,1.356452178535474,0.15077582553656782,0.6926229207505618,0.7088440307396773,163.14643144808596,-529.3125586505839,0.6474188729650374,165.02867492776977,-524.9619558967465,1.2988240683428243,-0.045239793377433335,0.2911559692603227,59.848746737314364,95.59023475879002,TRACK
5.848,163.79120001114944,-529.3916350998769,1.3405868304978417,1.3571926544472555,0.15039810185649205,0.6933576144159838,0.7094817619295508,163.1523507299445,-529.2789887349944,0.648704561119565,165.02867492776977,-524.9619558967465,1.298381249694941,-0.04220558080290071,0.2905182380704492,61.99413058386578,94.30921222018735,TRACK
5.9,163.79904729812006,-529.3555004106904,1.3376207371644442,1.3571073113968035,0.15057704389355936,0.6938967035102741,0.7100465345948448,163.15876675038734,-529.2426016749025,0.6501579072405489,165.33955556880917,-524.5721239031359,1.259230769440938,-0.07838996772350626,0.2899534654051552,61.99413058386578,94.30921222018735,TRACK
5.948,163.806343526376,-529.3221385268257,1.3347064200844814,1.356539393690896,0.15107674289703385,0.6942965937951143,0.7105434134518978,163.16469197674,-529.2089980464117,0.6515500590580946,165.33955556880917,-524.5721239031359,1.258573207493623,-0.07613321259085848,0.28945658654810225,-6.959576702178197,164.31376222157596,TRACK
6.0,163.81394571863575,-529.2859043075829,1.3317008214929695,1.359150184118137,0.14936848463141217,0.6951769539474038,0.7110428548974211,163.17111762731506,-529.1725563711259,0.652744750794723,165.33955556880917,-524.5721239031359,1.2577869349454753,-0.0739138865474942,0.28895714510257886,-6.959576702178197,164.31376222157596,TRACK
6.048,163.8207887393918,-529.2523978244903,1.3271738197117495,1.3627201847395596,0.1469865413565197,0.6961831259488986,0.7115307359460531,163.17705391571374,-529.1388900066545,0.6536654709602313,165.33955556880917,-524.5721239031359,1.257013258751372,-0.07016056096037748,0.2884692640539469,39.44258572250376,118.9082549334124,TRACK
6.1,163.82830888011352,-529.2161090496297,1.3245497511908226,1.3640298491524367,0.14615758366266476,0.6967704011209728,0.7119347098859489,163.18348642169232,-529.1024094524435,0.6547698842224523,165.33955556880917,-524.5721239031359,1.2561843960328487,-0.06836535515797393,0.28806529011405113,39.44258572250376,118.9082549334124,TRACK
6.144,163.83523737731875,-529.1825946773928,1.320283387665007,1.365047984306589,0.14552272150215004,0.6972763916229618,0.7122999570322396,163.18942663664447,-529.0687208193807,0.6557734123222871,165.33955556880917,-524.5721239031359,1.2554044447425456,-0.06487894292246144,0.2877000429677604,45.329253814092745,113.93542353815238,TRACK
6.2,163.84264598062757,-529.1462463523861,1.3158014408082344,1.3666876295235566,0.14445536817036436,0.6978818420997306,0.7126755355179163,163.20247634384828,-529.0001318102886,0.6566327917995669,165.33955556880917,-524.5721239031359,1.2545251950047813,-0.06127624580345303,0.2873244644820837,45.329253814092745,113.93542353815238,TRACK
6.248,163.84935584194488,-529.1126406629079,1.3122004836100487,1.3691529910691342,0.1428220614161853,0.6986646831436284,0.7131132313310105,163.21009906753272,-528.9667344756888,0.6556964534757364,165.33955556880917,-524.5721239031359,1.253672442390998,-0.05852804121905075,0.28688676866898954,53.03146118945861,107.22895829435186,TRACK
6.3,163.8565014975013,-529.0761712376925,1.3084377552611088,1.3720126763537603,0.14093009847340218,0.6995993291469209,0.7136529366565688,163.21836463400032,-528.9305206628308,0.6545477419687868,165.33955556880917,-524.5721239031359,1.2527059363109763,-0.05573181895013257,0.2863470633434312,53.03146118945861,107.22895829435186,TRACK
6.348,163.86302838788325,-529.0424503688112,1.304019985616256,1.3746742838385961,0.13919647304264998,0.7006208995386476,0.7143145686445551,163.2260032850104,-528.8970535460578,0.6534073903446008,165.33955556880917,-524.5721239031359,1.251782618958364,-0.052237366657891915,0.2856854313554449,55.80162708665668,104.99412043564166,TRACK
6.4,163.8701006522601,-529.0058674693845,1.300958313341859,1.3764826071952796,0.138079486937351,0.7016346385334258,0.7150923791390964,163.23428983477976,-528.860747799348,0.6521618773406833,165.33955556880917,-524.5721239031359,1.2507639588310475,-0.050194354510811445,0.2849076208609036,55.80162708665668,104.99412043564166,TRACK
6.448,163.87668838266907,-528.9720583252401,1.296209197629537,1.3771401496042224,0.13778720074132744,0.7025875244326605,0.7159710484206363,163.2419506489188,-528.8271835795625,0.6510611972630531,165.33955556880917,-524.5721239031359,1.2498186780885248,-0.04639051954101214,0.2840289515793637,60.146547836918046,100.83519589724901,TRACK
6.5,163.8839670497523,-528.935404026162,1.2936969723129519,1.3763086825925985,0.1385527089266618,0.7033935192916723,0.7169095452931565,163.25026290840884,-528.7907651912064,0.6500010241016195,165.33955556880917,-524.5721239031359,1.2488061483827242,-0.0448908239302277,0.28309045470684346,60.146547836918046,100.83519589724901,TRACK
6.548,163.89084320276675,-528.9015497128503,1.2896900518034853,1.3742396614084451,0.14019787653266308,0.7040601554376581,0.7178831012491986,163.25794780304008,-528.7570954678913,0.6491714841872233,165.66948128170066,-524.1982726222919,1.2092494196223231,-0.08044063218116215,0.28211689875080137,64.05848174083205,97.09846684189013,TRACK
6.596,163.8984387208001,-528.864848102589,1.2862796481453416,1.3716023382553804,0.14225229881688997,0.7046691701007506,0.718884104574006,163.26628601536083,-528.7205633727546,0.6484096901323934,165.66948128170066,-524.1982726222919,1.208071845400541,-0.07820780274480055,0.281115895425994,64.05848174083205,97.09846684189013,TRACK
6.648,163.9055556197583,-528.8309423993169,1.2824504106161527,1.368898578027911,0.14435804913453468,0.7052640469247377,0.7198865342778592,163.2739939792978,-528.6867925762068,0.6478034248163628,165.66948128170066,-524.1982726222919,1.206987206414602,-0.07546320420155062,0.2801134657221408,-6.156365689301083,167.67070861714797,TRACK
6.7,163.9130071886963,-528.7940770248381,1.2790679576801889,1.3697607125861413,0.14398752286626065,0.7065539587237296,0.7210762118731526,163.28236059121312,-528.6501360543164,0.6468648498039185,165.66948128170066,-524.1982726222919,1.2057363581432279,-0.073331599536961,0.27892378812684737,-6.156365689301083,167.67070861714797,TRACK
6.748,163.91965009023195,-528.7599276133168,1.2752107395275125,1.3728897203922303,0.14202971356056227,0.7082661988465563,0.7223665606619987,163.29009795542262,-528.6162364467583,0.6457422409831363,165.66948128170066,-524.1982726222919,1.2045110874514793,-0.07069965207603324,0.27763343933800133,40.825961406174166,120.92337138471743,TRACK
6.8,163.92691339188232,-528.7229049348772,1.269914487231457,1.3743575306408993,0.14120692107646204,0.7095641341321699,0.7234781648444064,163.29848937099197,-528.579471252959,0.6445851155127591,165.66948128170066,-524.1982726222919,1.2031749935902614,-0.06673949364119558,0.2765218351555936,40.825961406174166,120.92337138471743,TRACK
6.844,163.93359090163116,-528.688681581705,1.267041072413512,1.3756714600912505,0.14047467395166074,0.7107619707327473,0.7245106714615901,163.31428849189118,-528.5144369009718,0.643348026711517,165.66948128170066,-524.1982726222919,1.2019144856977815,-0.06512658671573046,0.2754893285384099,47.909691866149515,114.02332908002545,TRACK
6.9,163.94077546512756,-528.651547626331,1.2629727359127467,1.377078289940465,0.13966617698662284,0.7119353652249578,0.7255057582487218,163.32449698816575,-528.4781537483609,0.6402066838794038,165.66948128170066,-524.1982726222919,1.200514407043026,-0.06245832886972069,0.27449424175127823,47.909691866149515,114.02332908002545,TRACK
6.948,163.94736786543848,-528.6172151013998,1.2583029624834383,1.3784856411221376,0.13885260064177535,0.713099315019464,0.7264920355972343,163.33393166434453,-528.4446209158633,0.6372540511393945,165.66948128170066,-524.1982726222919,1.1991905493544557,-0.05911241312898263,0.2735079644027657,48.95670664621086,113.84583102450087,TRACK
7.0,163.95449182224476,-528.5799614010236,1.2542614430121426,1.3796659694641529,0.13820389969020758,0.7142606149866784,0.7275084494428425,163.34416693447184,-528.4082426033231,0.6340219350454349,165.66948128170066,-524.1982726222919,1.1977263551825574,-0.05653508782958516,0.27249155055715746,48.95670664621086,113.84583102450087,TRACK
7.048,163.96107888902776,-528.5455187464785,1.249604403841729,1.3804257073676416,0.13786323009133128,0.7154137557997969,0.7285760853876463,163.35362993214085,-528.3746091102654,0.6310343405659364,165.66948128170066,-524.1982726222919,1.1963519781713283,-0.05325242567040078,0.2714239146123537,55.616372068158775,107.69418325934521,TRACK
7.096,163.96830599814692,-528.5081644608268,1.24560672884229,1.3801650064715758,0.1382551032459973,0.7164420177713274,0.7296599470998887,163.36389899331238,-528.3381106972147,0.6278742788263565,165.66948128170066,-524.1982726222919,1.1948550080542506,-0.05075172078803947,0.2703400529001113,55.616372068158775,107.69418325934521,TRACK
7.148,163.97508463927377,-528.4736468567783,1.2416607919276181,1.379012650311669,0.13929340865989795,0.7173781744055476,0.7307763671668164,163.37339558448772,-528.3043578057378,0.6250507990967628,165.66948128170066,-524.1982726222919,1.193470360666592,-0.04819043126102618,0.2692236328331836,60.0545305974336,103.54128436897079,TRACK
7.2,163.98257326685794,-528.4362177926687,1.2377979088334492,1.3770173924447588,0.14094493975312894,0.7182222064088091,0.7319211800602242,163.38370332529118,-528.267721917103,0.6221222283400722,166.01763181913816,-523.8413315074039,1.1538654441427318,-0.08393246469071736,0.2680788199397758,60.0545305974336,103.54128436897079,TRACK
7.248,163.98962100159392,-528.4016333493047,1.2340377030053131,1.3744716132436041,0.1430039432893659,0.7190226670282023,0.7331055336693737,163.39323708189562,-528.2338369318388,0.6195396818518442,166.01763181913816,-523.8413315074039,1.1523504522391361,-0.081687250766177,0.2668944663306263,-10.490121702204547,174.37694612164574,TRACK
7.3,163.99701847354598,-528.3639914967081,1.2287766713587465,1.3752711557775181,0.14274323973849637,0.720723356814729,0.7347229338664563,163.40359361372188,-528.1970276296005,0.616465730739976,166.01763181913816,-523.8413315074039,1.1506271919718023,-0.07814947938694417,0.26527706613354374,-10.490121702204547,174.37694612164574,TRACK
7.348,164.0037257816039,-528.3291131235067,1.2244041911736683,1.377218690847828,0.14169056041896488,0.7227916531899469,0.736548700924044,163.4131790311597,-528.1629590308196,0.6134758731823564,166.01763181913816,-523.8413315074039,1.1489797842179972,-0.0754244069556711,0.263451299075956,37.806518303031766,125.78642276210772,TRACK
7.4,164.01117208345565,-528.2912974860583,1.2198227138802378,1.3769215074796617,0.1422182036591579,0.7243429035529154,0.7381725132917818,163.42358445365147,-528.1259759608263,0.6104018589453386,166.01763181913816,-523.8413315074039,1.1471998004430601,-0.07262291343717764,0.2618274867082182,37.806518303031766,125.78642276210772,TRACK
7.448,164.01807949333255,-528.2563162382032,1.2152831802694624,1.3765428007014548,0.14280836273086442,0.7258944862525225,0.7398087818062744,163.433211370703,-528.0917598636503,0.6075767616311809,166.01763181913816,-523.8413315074039,1.145532298221995,-0.06975088204746727,0.2601912181937256,41.41701215006525,121.60254063272798,TRACK
7.5,164.0255497656076,-528.2183235555126,1.2098918716361848,1.376580142173823,0.14310611454939043,0.7275513957126026,0.7414920049634921,163.45315501072784,-528.0260091457213,0.6038382131226996,166.01763181913816,-523.8413315074039,1.1436879588867725,-0.06620391274941229,0.2585079950365079,41.41701215006525,121.60254063272798,TRACK
7.548,164.03238996654648,-528.1831492420316,1.2052938041377068,1.3773351081232392,0.14289543963645118,0.7293877763453331,0.743253412337195,163.4644680407401,-527.9923376228861,0.5991196773705287,166.01763181913816,-523.8413315074039,1.1419400253431335,-0.06335377879457327,0.256746587662805,47.46573617839048,115.80240893587745,TRACK
7.6,164.03976652834805,-528.1449391315739,1.2014790604706889,1.3783035532751269,0.14253197096662532,0.7312854903976238,0.7450461940133135,163.47675198964578,-527.9557763068076,0.5939427119375259,166.01763181913816,-523.8413315074039,1.1400017391100286,-0.06147732136066031,0.2549538059866865,47.46573617839048,115.80240893587745,TRACK
7.648,164.04659045344465,-528.1095888754363,1.1954446744305043,1.3789365835306162,0.14240356829099543,0.7330978530949488,0.7468006685015964,163.4881164862144,-527.9219516015513,0.5891527124819852,166.01763181913816,-523.8413315074039,1.1381806653458562,-0.057264009084648126,0.25319933149840357,49.036028612103465,114.03514492982153,TRACK
7.7,164.054054606756,-528.0712300185553,1.1924181884294782,1.378821983769768,0.14280181283099613,0.7346982181339481,0.7484476130478454,163.5004542267283,-527.8852301828865,0.5840114036863034,166.01763181913816,-523.8413315074039,1.1361852842044466,-0.05623290422503158,0.25155238695215465,49.036028612103465,114.03514492982153,TRACK
7.748,164.06107687929446,-528.0357918634548,1.1872328721692753,1.3775408049591205,0.1440252489330096,0.7359570560611863,0.749917369245748,163.51186537931176,-527.8512666130584,0.5793814285486784,166.01763181913816,-523.8413315074039,1.1343375252227528,-0.05289534694652254,0.25008263075425197,53.74502984242996,109.5536554858062,TRACK
7.8,164.06888676354586,-527.9973925714194,1.182106469424507,1.3749448002816016,0.1461829404216553,0.7368288597554941,0.7511898698990175,163.52425039607243,-527.8144044837952,0.5745549695085735,166.38314162403026,-523.5021879703237,1.095357218210137,-0.08674925121436994,0.24881013010098252,53.74502984242996,109.5536554858062,TRACK
7.848,164.07628330531418,-527.961940780046,1.177780981983857,1.3714929397597206,0.14895202833470977,0.7374414042718328,0.7523340557753829,163.5357036290069,-527.7803156681666,0.5702754314379077,166.38314162403026,-523.5021879703237,1.0934350900537375,-0.08434589193011943,0.24766594422461707,-11.00162721085816,174.72039614997038,TRACK
7.9,164.08415448361083,-527.9233820209822,1.1725459217209164,1.3707675411320004,0.14979790310657654,0.7388670218598932,0.7538991230710081,163.54814300649969,-527.7432917424057,0.5654562865798057,166.38314162403026,-523.5021879703237,1.0912830465385883,-0.08126287518232811,0.24610087692899185,-11.00162721085816,174.72039614997038,TRACK
7.948,164.09137753266788,-527.8876786295838,1.1676664166226067,1.3709137175699437,0.15003670306023645,0.7406007931559059,0.7556457814931163,163.55965460002088,-527.7090292253173,0.5609321587745653,166.38314162403026,-523.5021879703237,1.089249329707795,-0.07841708691481175,0.24435421850688366,33.537886812404956,129.56000592770124,TRACK
8.0,164.09942074512242,-527.8489914521956,1.1618471600667126,1.3691218204457005,0.15166086389469974,0.7417849787409425,0.757130089431788,163.57215019735813,-527.6718379696922,0.5562351902772202,166.38314162403026,-523.5021879703237,1.08705197161243,-0.07479518845428257,0.24286991056821206,33.537886812404956,129.56000592770124,TRACK
8.048,164.10689244193904,-527.8132053931948,1.158306974380223,1.3676614437467534,0.15306068415276308,0.7431002497288963,0.7586999104919283,163.58371196968454,-527.6374261029791,0.5519204339550874,166.38314162403026,-523.5021879703237,1.084994639880088,-0.07331233450013497,0.2413000895080717,38.91750396320815,122.86128561295432,TRACK
8.1,164.11498066231388,-527.7743324446129,1.1516118000988134,1.366956321593661,0.15392938952998034,0.7446600085481874,0.7604030413485068,163.5962682170768,-527.600054331638,0.5472069640509974,166.38314162403026,-523.5021879703237,1.0827208681760236,-0.06889093192278972,0.23959695865149322,38.91750396320815,122.86128561295432,TRACK
8.148,164.12239457542145,-527.7383321787634,1.1473952651735282,1.3672161484981635,0.154113886270516,0.7465309440427399,0.7622726155088781,163.618474527191,-527.5405581338005,0.5413409164930694,166.38314162403026,-523.5021879703237,1.0805688478559647,-0.06682641731756345,0.23772738449112185,42.36116193059189,118.58314630771139,TRACK
8.2,164.13039623729668,-527.6992161666421,1.1414492090257857,1.367849696314091,0.15403136562062958,0.7485259644436266,0.7642099064008641,163.6328453640485,-527.5039418386557,0.5344987695407543,166.38314162403026,-523.5021879703237,1.0781844974004111,-0.06326471162537461,0.23579009359913594,42.36116193059189,118.58314630771139,TRACK
8.248,164.1378174542448,-527.6630323716105,1.136603551444706,1.3680796891562008,0.15423342790020034,0.7503820489942203,0.7660686455759763,163.64614151949985,-527.4700637870762,0.5281875608384585,166.38314162403026,-523.5021879703237,1.0759481397827375,-0.06065541166196842,0.23393135442402369,45.604362454459604,113.86904661340888,TRACK
8.3,164.14597823527802,-527.6237961645061,1.1316571966729692,1.3672537206786688,0.15518006201251644,0.7518381873566904,0.7676858156915513,163.66057447131342,-527.4332892256045,0.521449621574925,166.38314162403026,-523.5021879703237,1.0735062820971448,-0.05815091457582433,0.23231418430844875,45.604362454459604,113.86904661340888,TRACK
8.344,164.15370112283097,-527.5875884731032,1.1267105000916702,1.3649358092730897,0.15717976204835418,0.7527092382610713,0.7689451703217463,163.6739190187965,-527.3992878731391,0.5154104997946569,166.38314162403026,-523.5021879703237,1.0712533898934826,-0.055457110198187554,0.23105482967825375,48.675611482050016,110.29889097882469,TRACK
8.396,164.16233306169522,-527.5484102056859,1.121891334868212,1.3610777182946379,0.16026643384083974,0.7529608817172837,0.7698281751225591,163.68839515346284,-527.362403283553,0.509132316732124,166.38314162403026,-523.5021879703237,1.0688289620400968,-0.05306237282811521,0.23017182487744092,48.675611482050016,110.29889097882469,TRACK
8.448,164.17053693807713,-527.5122920000218,1.115625016430942,1.3562994929438936,0.16399311394799312,0.7527864894164134,0.770442236686338,163.7017734675997,-527.3283158950569,0.5035736276376149,166.7651019814115,-523.1816851753206,1.0310221174678738,-0.08460289896306827,0.22955776331366196,52.97047306383979,106.86151907065113,TRACK
8.5,164.17966617641537,-527.4732089444199,1.1124321093464262,1.3510523926445186,0.16804232057352964,0.7523702462108108,0.7709080417838777,163.71628359860733,-527.2913446842058,0.4977931523828238,166.7651019814115,-523.1816851753206,1.028576053141489,-0.0838560562049373,0.22909195821612227,52.97047306383979,106.86151907065113,TRACK
8.548,164.1882454697283,-527.4371390051624,1.106379220852988,1.346227241078923,0.17178485544616806,0.7520506337893307,0.7714208918246866,163.72969560642076,-527.257171445622,0.49260156275256806,166.7651019814115,-523.1816851753206,1.0263117039684349,-0.08006751688455305,0.22857910817531335,-11.91847817665645,172.58524213153817,TRACK
8.6,164.19732475103092,-527.3978766491493,1.1024780392955884,1.3452854484352195,0.17277070326926747,0.7530987697433371,0.7726625867072154,163.74426004708556,-527.2200618560213,0.48670907800889274,166.7651019814115,-523.1816851753206,1.0237652698866622,-0.07871276940892624,0.22733741329278456,-11.91847817665645,172.58524213153817,TRACK
8.648,164.2055942362134,-527.3614974254324,1.0967035013364708,1.3459865888060836,0.172599286580512,0.7547793732692563,0.7742624981495829,163.7577358869775,-527.1857259759538,0.4811161018216753,166.7651019814115,-523.1816851753206,1.0213454488614386,-0.07535805247503213,0.22573750185041708,32.03160060227992,127.51519757794543,TRACK
8.7,164.214720783663,-527.3220861677394,1.091467624517724,1.3450206653621735,0.17361822103442506,0.7558746732510946,0.7755577401700066,163.7723572758787,-527.1484712846132,0.4752132160011629,166.7651019814115,-523.1816851753206,1.0187136415506717,-0.07275398296705227,0.22444225982999344,32.03160060227992,127.51519757794543,TRACK
8.744,164.2232155228007,-527.2856638010861,1.0861254920611187,1.3438421761121018,0.17479264988468904,0.7568982944598642,0.776818832553616,163.79558908836168,-527.0927114058861,0.46914282925825973,166.7651019814115,-523.1816851753206,1.0162548798620101,-0.06987061219910862,0.22318116744638405,36.546309734629,121.12425931461652,TRACK
8.8,164.2324896388361,-527.2461635418448,1.0792185308644135,1.3425591627228184,0.1760371572787946,0.7578510209078122,0.77802779554063,163.8119661467067,-527.056416116266,0.46135029310330844,166.7651019814115,-523.1816851753206,1.0135581129721585,-0.06566041789225507,0.22197220445937005,36.546309734629,121.12425931461652,TRACK
8.848,164.24112234968956,-527.2096684150705,1.0755615094780109,1.3411421202919906,0.1773710022042721,0.7587134629860015,0.7791704507610376,163.82710811090516,-527.0228580764506,0.4542090845981823,166.7651019814115,-523.1816851753206,1.0110391953559539,-0.064522314122057,0.22082954923896236,43.20339778121134,114.30850682602102,TRACK
8.9,164.25059826655297,-527.1701204551885,1.0703759744177885,1.3392061928789054,0.17907136109033409,0.7593519424546538,0.7801807001409357,163.84353718781114,-526.9864475018571,0.44658087242056826,166.7651019814115,-523.1816851753206,1.0082884585951557,-0.06208751582263283,0.21981929985906434,43.20339778121134,114.30850682602102,TRACK
8.948,164.25948564763104,-527.1336199944263,1.0644830141545465,1.3366637974266729,0.1812002050696318,0.7597279556525994,0.7810378229748894,163.85872423094335,-526.9527895568621,0.4396696035151975,166.7651019814115,-523.1816851753206,1.00573508126654,-0.058747932888006504,0.21896217702511056,41.788697308315754,115.52987616528279,TRACK
9.0,164.2692879775118,-527.0940999149595,1.0585112803367802,1.3335103105780084,0.18375735364650436,0.7598237060468648,0.7817281044518988,163.87519807081696,-526.9162797773417,0.432350385568411,166.7651019814115,-523.1816851753206,1.002958963938132,-0.055552316398648216,0.21827189554810122,41.788697308315754,115.52987616528279,TRACK
9.044,164.27851332692524,-527.057652994068,1.0536438372346768,1.3297870245461358,0.1867104526765692,0.7596442070979063,0.7822532291503156,163.89042221209206,-526.8825396144165,0.425769197036884,167.16256327765092,-522.8806199428423,0.966505721356067,-0.08713811587860976,0.2177467708496844,50.30212161064917,107.266881576429,TRACK
9.1,164.288725024652,-527.0182243502586,1.0486968924422846,1.325438434285469,0.1900943750929621,0.7591538371769195,0.782592115947014,163.906931021067,-526.8459523354068,0.4188607265841063,167.16256327765092,-522.8806199428423,0.963726837812651,-0.08497005462963358,0.21740788405298594,50.30212161064917,107.266881576429,TRACK
9.148,164.2983502700151,-526.981883048643,1.0437918016477443,1.320692055141714,0.1937454245831092,0.758438651778801,0.7827940201987587,163.92218321189986,-526.8121500082758,0.4126874853970825,167.16256327765092,-522.8806199428423,0.9611628831926811,-0.08262891845506326,0.21720597980124134,-13.745362808226815,171.8103291407575,TRACK
9.2,164.30866698674996,-526.942383307801,1.0372526357213228,1.318807961908416,0.19537396554050143,0.7588487639386453,0.783595835199646,163.938736439193,-526.7754642881608,0.40584549909224055,167.16256327765092,-522.8806199428423,0.9583108210788793,-0.07894181464244343,0.21640416480035396,-13.745362808226815,171.8103291407575,TRACK
9.248,164.31817172507132,-526.9058485168928,1.0319270839751504,1.3179218788856213,0.19629846119463584,0.7596512135995366,0.7846037548920033,163.95404078272372,-526.7415463787787,0.39948283538070234,167.16256327765092,-522.8806199428423,0.955627205812237,-0.07629987816291339,0.2153962451079967,30.719002415112307,126.95924348715192,TRACK
9.3,164.32873880281232,-526.8663652937825,1.0280106438593415,1.3148973555868686,0.19871856149479106,0.7595257520822642,0.7850913544032238,163.97063016801155,-526.7047805243159,0.392875848128181,167.16256327765092,-522.8806199428423,0.95273264369737,-0.0752780001619715,0.21490864559677625,30.719002415112307,126.95924348715192,TRACK
9.348,164.33862305609352,-526.8299410798379,1.0208302810726262,1.3117146268307265,0.2012397451470309,0.7592849655324259,0.7855005371802232,163.9859572549207,-526.6708122104295,0.3869045934026489,167.16256327765092,-522.8806199428423,0.9500446047354474,-0.0707856763371788,0.21449946281977683,30.30899760213748,126.5005105614047,TRACK
9.4,164.34940634539154,-526.7904708535535,1.0152130312090528,1.3090478394930152,0.20338566615915615,0.7592002122024784,0.7859711772115386,164.01255396989285,-526.6177767170099,0.37854033824108674,167.16256327765092,-522.8806199428423,0.9470994099172121,-0.06811362129184073,0.21402882278846136,30.30899760213748,126.5005105614047,TRACK
9.448,164.35940924455605,-526.7540178276537,1.00972767037476,1.3069225159598759,0.2051384894112982,0.7592834517846521,0.7865069357557919,164.02943465350518,-526.5848497254591,0.37081137730564356,167.16256327765092,-522.8806199428423,0.9443448399705094,-0.06538283040425052,0.2134930642442081,39.98161098584845,117.25021894407416,TRACK
9.5,164.37032879232325,-526.7145237970997,1.0045318023457264,1.3048642912854167,0.20683697424274058,0.7593594493120186,0.787024972394996,164.04774067113524,-526.5491425170499,0.36251077738809667,167.16256327765092,-522.8806199428423,0.9413280833468785,-0.06320371899884791,0.21297502760500397,39.98161098584845,117.25021894407416,TRACK
9.548,164.38050909002146,-526.6780798129276,0.999005589022029,1.3025989790502626,0.20867537064058317,0.7593210266404876,0.7874730673555438,164.06465460571744,-526.5161506670828,0.3549438033393532,167.16256327765092,-522.8806199428423,0.9385185246452846,-0.06048706437674434,0.2125269326444562,40.93843554096739,115.85922987384362,TRACK
9.6,164.39169497327651,-526.6386471929685,0.9936659857253796,1.2997229516471136,0.21092858974846332,0.758970532425937,0.7877354499222349,164.0829911244656,-526.4803839640417,0.3469082240319595,167.16256327765092,-522.8806199428423,0.9354599913212618,-0.05820599440411778,0.21226455007776512,40.93843554096739,115.85922987384362,TRACK
9.644,164.40220896489444,-526.6023250010816,0.9882717789167125,1.2959812728944415,0.21376810555055123,0.758180161919119,0.7877397799263238,164.09992506625807,-526.4473530885672,0.3396937577335977,167.16256327765092,-522.8806199428423,0.932634365621505,-0.05563741329520744,0.21226022007367618,44.93674185634776,112.04326151121734,TRACK
9.7,164.41384679800302,-526.5630916675414,0.981447936361796,1.2912423676385727,0.21728083760791256,0.756887619460372,0.787457828003497,164.11827474439065,-526.4115607171972,0.3321512724480329,167.5745373613412,-522.599740768493,0.8975942472863947,-0.08385368907540125,0.21254217199650305,44.93674185634776,112.04326151121734,TRACK
9.748,164.42483758392243,-526.5270001344484,0.9771781278487116,1.2856319230432802,0.22137369177412936,0.7551443814522618,0.7869239786971969,164.13521428018504,-526.3785189302182,0.3254663209571742,167.5745373613412,-522.599740768493,0.894831209416592,-0.08234691843211961,0.21307602130280312,-9.812017431504543,167.87821569022054,TRACK
9.8,164.43674086821153,-526.4878500737483,0.9719776449403503,1.28213300336205,0.2240111592913879,0.7543538718868235,0.7869121701420773,164.15358539999255,-526.3426847353139,0.31819804315091815,167.5745373613412,-522.599740768493,0.891787268879524,-0.08019037606082635,0.21308782985792274,-9.812017431504543,167.87821569022054,TRACK
9.848,164.4477938103363,-526.4517078611916,0.9654194319045815,1.2792889946206176,0.22620162319913503,0.7538669832855838,0.7870721712943675,164.17055844653518,-526.3095775832023,0.3115452822034781,167.5745373613412,-522.599740768493,0.888945902019747,-0.07647352988483447,0.21292782870563254,26.227257227977496,132.24728543528056,TRACK
9.9,164.46005403048264,-526.4126997577245,0.9588990731351361,1.274736218881473,0.22955176760291499,0.7525680817030134,0.786799041438013,164.18894622451097,-526.2737108953387,0.3046593939566912,167.5745373613412,-522.599740768493,0.8858859080193558,-0.07301316511578027,0.21320095856198695,26.227257227977496,132.24728543528056,TRACK
9.948,164.47149698060915,-526.3767343851553,0.954134948211194,1.2705456729604674,0.2326468269476812,0.7514167614239994,0.7866077138178572,164.20592865114955,-526.2405854466731,0.29843436642213594,167.5745373613412,-522.599740768493,0.8830444643099937,-0.07109048390120032,0.2133922861821428,35.49065415555292,122.56514284214167,TRACK
10.0,164.48398465282352,-526.3377909710935,0.9484220318160673,1.2670276438742316,0.23527207742045228,0.7505400280339045,0.7865515139486221,164.23222961658712,-526.1924401331526,0.29070167588184515,167.5745373613412,-522.599740768493,0.8799368757035999,-0.06848515611246742,0.2134484860513779,35.49065415555292,122.56514284214167,TRACK
10.048,164.49556613942013,-526.3018435135659,0.9409910836851837,1.264258946371451,0.23737519009025285,0.7499678960269232,0.7866376713210685,164.2506906939464,-526.1604646092038,0.28275780872433304,167.5745373613412,-522.599740768493,0.8770335583811992,-0.06395752530398446,0.21336232867893146,35.998647823450916,122.25559794895153,TRACK
10.1,164.50817304758334,-526.2629029283335,0.9352517959158533,1.2619616585757427,0.23914806311871045,0.7495792253283384,0.7868041758514394,164.27070418901198,-526.1258002189132,0.2742054188406025,167.5745373613412,-522.599740768493,0.8738502458450571,-0.061401550070796174,0.21319582414856064,35.998647823450916,122.25559794895153,TRACK
10.148,164.51990646023353,-526.2269913061524,0.9305996537798582,1.259524627148444,0.24100237493477777,0.749082074866989,0.7868964986650001,164.28918773072448,-526.0937857855633,0.2664110411782369,167.5745373613412,-522.599740768493,0.8708866603412632,-0.05971299343859504,0.2131035013349999,44.057769446132774,113.61952519670137,TRACK
10.2,164.53281511493492,-526.188199298929,0.9240527049254779,1.2560377832878031,0.243536719582352,0.7480033972824282,0.7866506315582459,164.30921232625943,-526.0591021686957,0.25819426046665817,167.5745373613412,-522.599740768493,0.8676737568073694,-0.05637894811810851,0.21334936844175412,44.057769446132774,113.61952519670137,TRACK
10.248,164.54496969990555,-526.1525442713015,0.9186345287158124,1.251221856210427,0.24692604980604513,0.7461867846841932,0.7859816739022304,164.32769005235113,-526.0270978082966,0.2508929260099031,167.5745373613412,-522.599740768493,0.8647218485337479,-0.05391268018206452,0.2140183260977696,45.78758736763977,112.34576809213657,TRACK
10.3,164.55843505216495,-526.1141176646166,0.91349039610696,1.245121606621632,0.251134111042983,0.7436620319621858,0.784921371547161,164.34769559920113,-525.9924471847191,0.2433409597950495,167.9999999999988,-522.3397459621563,0.8314865777557809,-0.08200381835117909,0.21507862845283898,45.78758736763977,112.34576809213657,TRACK
10.348,164.5711521665343,-526.0788453157537,0.9081427963726423,1.238018259847352,0.25596613112102423,0.7405745312341983,0.7835619290099652,164.36614825287668,-525.9604862510187,0.23671812947024132,167.9999999999988,-522.3397459621563,0.8286543404244285,-0.07948845594821374,0.21643807099003476,-8.4615973485121,168.63809890643356,TRACK
10.4,164.5849704333465,-526.0406322080526,0.9028264041410572,1.2330561333144205,0.25938555031093424,0.7385770548292263,0.7828006959822661,164.3861495805931,-525.925842935195,0.22957854571533814,167.9999999999988,-522.3397459621563,0.8255480286888512,-0.07727837545220595,0.2171993040177339,-8.4615973485121,168.63809890643356,TRACK
10.448,164.5978107013517,-526.0053869027978,0.8970800494045081,1.2289911707617138,0.2622275619066322,0.737072103121634,0.7823289457917592,164.40462131245178,-525.8938489571119,0.22307589137186662,167.9999999999988,-522.3397459621563,0.8226556697055609,-0.07442437969894722,0.21767105420824084,29.85993691473122,131.23289076892326,TRACK
10.5,164.61200610862412,-525.9673868783083,0.8895181250979534,1.2235046181953526,0.2659939257266895,0.7348662626316025,0.7815249148156667,164.42462465754605,-525.8592021470872,0.21636946244212674,167.9999999999988,-522.3397459621563,0.8195438803413665,-0.06997424475658687,0.21847508518433334,29.85993691473122,131.23289076892326,TRACK
10.548,164.6252347900304,-525.9323674609939,0.8837290421494952,1.2186497124383535,0.2693551869764381,0.7330129886280548,0.7809355019773045,164.44309568040762,-525.8272093970232,0.21031612794131227,167.9999999999988,-522.3397459621563,0.8166559851724752,-0.06707305697702004,0.21906449802269545,38.103058909756314,122.42677777574242,TRACK
10.6,164.63965535475944,-525.8944579853567,0.8778158893319963,1.2146820022626772,0.27214236490329474,0.7316183747817457,0.7805939489218713,164.46311610606284,-525.7925330025992,0.2038499655150286,167.9999999999988,-522.3397459621563,0.8134986150348532,-0.06431727429714307,0.21940605107812872,38.103058909756314,122.42677777574242,TRACK
10.648,164.65303195515233,-525.859478376907,0.8721141567691486,1.2114846964421868,0.27443024838528574,0.7306115885538851,0.780451955316944,164.48817562307204,-525.7530028687354,0.19625148169468992,167.9999999999988,-522.3397459621563,0.8105525924815264,-0.06156156428762216,0.219548044683056,40.48937777768835,119.90987560228383,TRACK
10.7,164.66761711810625,-525.821618349206,0.8667591598559128,1.208543332710524,0.276549027486439,0.7297246420856988,0.7803700518797453,164.50972367824804,-525.7196399536315,0.18796258009032674,167.9999999999988,-522.3397459621563,0.8073324063640942,-0.059426753491818585,0.21962994812025471,40.48937777768835,119.90987560228383,TRACK
10.748,164.68121807707345,-525.7867469493978,0.8610283057164767,1.2051741961326703,0.27893052700203913,0.728591640957549,0.780158969804776,164.52961995072667,-525.6888344983748,0.18046839052080924,167.9999999999988,-522.3397459621563,0.8043470004508826,-0.05668130526559412,0.21984103019522405,43.00405024630797,116.72008497832962,TRACK
10.796,164.6961802191292,-525.7491261117135,0.8555072378032502,1.20066244967734,0.28201156792647675,0.7268017433432832,0.7795968820943202,164.5511699605822,-525.655468556835,0.17262593278440924,167.9999999999988,-522.3397459621563,0.8011211674806542,-0.054386070322596014,0.2204031179056798,43.00405024630797,116.72008497832962,TRACK
10.848,164.71025509958557,-525.7145969107806,0.8483851631527125,1.1947519936559023,0.28593685581329253,0.7241965566419479,0.7786016556394199,164.57104977676846,-525.6246885809028,0.1657155082725818,167.9999999999988,-522.3397459621563,0.798167343182603,-0.050217819970109545,0.22139834436058015,47.403438496054115,113.07409410749244,TRACK
10.9,164.72582586101078,-525.6774401326749,0.8445673099423489,1.187502222986986,0.2906621581790889,0.7208214606061853,0.7772181600218565,164.59256744114924,-525.5913727199535,0.1586360803743733,167.9999999999988,-522.3397459621563,0.7950048395281382,-0.04956247041421069,0.2227818399781435,47.403438496054115,113.07409410749244,TRACK
10.948,164.74049577271913,-525.6433749650058,0.8385335210201155,1.1793621529628189,0.2958985090231473,0.71692579698078,0.7755891476926737,164.6124109241037,-525.5606489988672,0.15247725705297643,168.43789342646718,-522.101281911886,0.7639490325901737,-0.07458448842994181,0.22441085230732627,51.967373021259206,110.7410740295514,TRACK
10.996,164.75667801604354,-525.6066906145504,0.8333568568589013,1.1709902286607206,0.30125297631779485,0.7129156653334882,0.7739522605550164,164.63389327184055,-525.5273878187782,0.14616780365829796,168.43789342646718,-522.101281911886,0.7609399967220699,-0.07241686013683135,0.22604773944498358,51.967373021259206,110.7410740295514,TRACK
11.048,164.77181946683172,-525.5729701193376,0.8275371078641496,1.1632319311413535,0.3062208466036992,0.7092737933936755,0.7725545423397241,164.6537184698834,-525.4966924082727,0.1405920861410416,168.43789342646718,-522.101281911886,0.7581714622300094,-0.06936564563414016,0.2274454576602759,3.1375114709132674,161.2754077775122,TRACK
11.1,164.7882338147247,-525.5363932986047,0.822424429515917,1.1582472522669058,0.3095247380335893,0.7072181052540921,0.7719864065214815,164.675220132111,-525.4634013235026,0.13453594645006925,168.43789342646718,-522.101281911886,0.7551244006277656,-0.06730002888815134,0.22801359347851846,3.1375114709132674,161.2754077775122,TRACK
11.148,164.80339769591257,-525.5025792520333,0.8160451564016259,1.1550920339150759,0.3117610467167478,0.7062525246646961,0.7720023179014293,164.695094568992,-525.432629676364,0.128928315109986,168.43789342646718,-522.101281911886,0.7522657147978136,-0.06377944160381233,0.22799768209857074,38.21694996898229,125.33036756696349,TRACK
11.2,164.81998418316275,-525.4660301301443,0.8114749483981172,1.1514817207263779,0.31428449839594064,0.7050678460544195,0.771942623173385,164.71663427772035,-525.3992796840887,0.12303180484563961,168.43789342646718,-522.101281911886,0.7491583522283783,-0.062316596169738836,0.22805737682661498,38.21694996898229,125.33036756696349,TRACK
11.248,164.83544277835185,-525.4323722323189,0.8042858833300306,1.1475506975461365,0.31700384721123154,0.7037162715787559,0.7718212422779172,164.739869528769,-525.3636597452988,0.11771003316758218,168.43789342646718,-522.101281911886,0.7462807909389676,-0.058005092391062996,0.22817875772208285,40.86492442127627,120.7106333109472,TRACK
11.3,164.85236739134095,-525.3960215968823,0.8004994189592473,1.1431784359894759,0.31996816503701797,0.7020833150419965,0.7715572615804452,164.76286558430516,-525.3316741797853,0.11023231626762749,168.43789342646718,-522.101281911886,0.7431594752304317,-0.05733994372881557,0.22844273841955476,40.86492442127627,120.7106333109472,TRACK
11.348,164.86818155875062,-525.3626037864045,0.7934075173919267,1.138150496496212,0.32329094463625735,0.7000256895110519,0.7710726300804791,164.78409319560802,-525.3021483704152,0.10356500440997683,168.43789342646718,-522.101281911886,0.740283360907342,-0.053124156484584684,0.2289273699195209,44.873501624373084,117.14750014629644,TRACK
11.4,164.88555323259186,-525.326579053155,0.7880419171526541,1.1323246013501675,0.32706384179114173,0.6974908642847184,0.7703663169997923,164.80708712431596,-525.2701657631396,0.09664051654624108,168.43789342646718,-522.101281911886,0.7371823082239694,-0.050859608928684796,0.2296336830002077,44.873501624373084,117.14750014629644,TRACK
11.448,164.90181058034233,-525.2934911025939,0.7828714152285293,1.1259595368924333,0.33113465784473745,0.6946353679600402,0.769524824841234,164.82830941066044,-525.2406473603357,0.09052559328967988,168.43789342646718,-522.101281911886,0.7343339836230044,-0.04853743160552493,0.23047517515876603,52.1411277420643,110.99860890877028,TRACK
11.5,164.9196846578035,-525.2578441641023,0.7768082582042055,1.118994232956198,0.3355438182030305,0.6914443059443816,0.7685602657938907,164.8512954757642,-525.2086756906675,0.08422956131849221,168.43789342646718,-522.101281911886,0.731269976076802,-0.04553828212740352,0.2314397342061093,52.1411277420643,110.99860890877028,TRACK
11.548,164.93640292029042,-525.2250985492528,0.772585989170782,1.1119225268626247,0.3400074791325202,0.6882089071409565,0.767617473572743,164.87251256719034,-525.179164513555,0.07868870855940513,168.43789342646718,-522.101281911886,0.7284550560573987,-0.04413093311338334,0.23238252642725699,55.46698655513936,108.74372691257506,TRACK
11.6,164.9547361589019,-525.1897782155505,0.7659475272589231,1.1049705765406914,0.34440165978270526,0.6850688049456737,0.7667670903023784,164.89550029571535,-525.1471905302087,0.07295614045595344,168.88712896869268,-521.8849414768838,0.6989023214286857,-0.06704520583023743,0.23323290969762156,55.46698655513936,108.74372691257506,TRACK
11.644,164.97185143898935,-525.1573023368113,0.7627690786783851,1.0982620478926703,0.3486599961629946,0.6820980056880622,0.766042741815371,164.91672482842134,-525.1176690029062,0.06789509812316918,168.88712896869268,-521.8849414768838,0.6961880237676701,-0.06658105491071498,0.23395725818462898,8.0427353012996,156.58816766859007,TRACK
11.7,164.99044113305047,-525.1220886433949,0.757879402993563,1.093646007982802,0.35175193830194385,0.6803789478459519,0.7659275022945311,164.93974940223097,-525.0856437708896,0.06243300653822917,168.88712896869268,-521.8849414768838,0.6932077615685873,-0.06467164142497572,0.2340724977054689,8.0427353012996,156.58816766859007,TRACK
11.748,165.00767978191837,-525.0895850921265,0.7518920642091456,1.0899724424174861,0.35433724122471827,0.6792513774319906,0.7661183422043887,164.96102908944596,-525.0560455283367,0.057455978343166826,168.88712896869268,-521.8849414768838,0.6904282617514933,-0.06146380245765226,0.23388165779561132,36.364362246183404,127.48600609613867,TRACK
11.8,165.02655664884836,-525.0544996617778,0.74663425033064,1.0854993711541234,0.35737504190174374,0.6776653303706086,0.7661248074306034,164.98409072729288,-525.0239687433836,0.05230192607871503,168.88712896869268,-521.8849414768838,0.6874196802423502,-0.059214570088289786,0.2338751925693966,36.364362246183404,127.48600609613867,TRACK
11.848,165.04415576684787,-525.0222194827652,0.7404913803005837,1.0806516352602813,0.3606206793158895,0.6758587700408086,0.7660498361016261,165.0053873764357,-524.9943469082257,0.047747968612407814,168.88712896869268,-521.8849414768838,0.6846416840472703,-0.055849696253313375,0.23395016389837386,43.463443086021,119.26982176182842,TRACK
11.9,165.06343143897635,-524.9873916916632,0.7352426626951191,1.075282200900796,0.3641435424201427,0.673726025251359,0.7658376306941864,165.02978712448927,-524.9605612461726,0.04303269341479625,168.88712896869268,-521.8849414768838,0.68163816110189,-0.05360450159322905,0.23416236930581358,43.463443086021,119.26982176182842,TRACK
11.948,165.08140108253264,-524.955358407609,0.7291855896687749,1.0697865054143327,0.36772195350433456,0.6714979459756267,0.7655905737001532,165.0523877067056,-524.9322210124652,0.037109500547966766,168.88712896869268,-521.8849414768838,0.6788664966456182,-0.050319093023156736,0.23440942629984685,48.228835827306,115.07352342890553,TRACK
12.0,165.10106235299085,-524.9207783561668,0.7249039943547465,1.0641962315314286,0.3713547440158046,0.6692240111294843,0.7653529401363006,165.07688734847994,-524.9014994333933,0.030920991355557686,168.88712896869268,-521.8849414768838,0.675864655869348,-0.04903933848539854,0.23464705986369938,48.228835827306,115.07352342890553,TRACK
12.048,165.1193900793146,-524.8889676812423,0.7198477683140944,1.058564340155675,0.37502025472092904,0.6669484452252097,0.7651538538354721,165.09951861769702,-524.8731207194041,0.025416553391830774,168.88712896869268,-521.8849414768838,0.6730937271722865,-0.04675404114180781,0.23484614616452792,50.69748333531576,112.92574896135548,TRACK
12.1,165.13943817569196,-524.8546208463821,0.7148449162983173,1.052926622543138,0.3787022758008741,0.6646971086479365,0.7650082744269424,165.12405494932088,-524.842353132716,0.01967588504179552,168.88712896869268,-521.8849414768838,0.670091090791808,-0.044753825506509304,0.23499172557305759,50.69748333531576,112.92574896135548,TRACK
12.148,165.15812436445,-524.8230219652494,0.70825259489202,1.047268268515961,0.38240993896460374,0.6624616288804936,0.7649135710378715,165.14672232521764,-524.8139291423826,0.014583755563768317,168.88712896869268,-521.8849414768838,0.6673188521545642,-0.04093374273745576,0.2350864289621285,53.63051804988195,109.93161538773538,TRACK
12.2,165.1785757753604,-524.7889193570378,0.7042190445989509,1.0414339636594614,0.38622018760850585,0.6601368448118169,0.7648180745735879,165.17129638945642,-524.783114240492,0.009310684037704263,168.88712896869268,-521.8849414768838,0.6643190000699289,-0.03990004452902196,0.23518192542641214,53.63051804988195,109.93161538773538,TRACK
12.248,165.19765200850492,-524.7575663787995,0.6986188923025285,1.0354026310625242,0.390140655290966,0.6577044154483283,0.7647122524264218,165.19399552222808,-524.7546504282969,0.004676821487539054,169.34658975633485,-521.6912625135584,0.6364610949222557,-0.06215779738027283,0.23528774757357818,57.96210661103581,105.48669468043872,TRACK
12.3,165.2185425768697,-524.723750261262,0.6932454180136025,1.0291081397624773,0.39420102070214735,0.6551163534670724,0.7645730058683794,165.21860065045325,-524.7237965733995,7.427890131325318e-05,169.34658975633485,-521.6912625135584,0.6335758586925297,-0.05966955932107276,0.2354269941316206,57.96210661103581,105.48669468043872,TRACK
12.344,165.23804149704708,-524.6926834973937,0.6894518840487529,1.022526620167317,0.3984102897497144,0.652354116293668,0.7643929957971514,165.24132457919563,-524.6953016680407,0.004199219681198447,169.34658975633485,-521.6912625135584,0.6309239314896153,-0.058527952559137564,0.23560700420284864,14.281944409919205,105.48669468043872,TRACK
12.4,165.25927952541792,-524.6590422462418,0.6848738608872159,1.017324838924091,0.40191495621800655,0.6504616737282348,0.7646149495144983,165.26597953780114,-524.6643853278226,0.008569637490257838,169.34658975633485,-521.6912625135584,0.628026232028138,-0.0568476288590779,0.23538505048550173,14.281944409919205,149.28268742635373,TRACK
12.448,165.2789909633105,-524.6280007576343,0.6784386620043242,1.0130185282143136,0.4049739561750093,0.6491442756868874,0.7651092705209446,165.28877375980227,-524.6358022775053,0.012512666362421425,169.34658975633485,-521.6912625135584,0.6253279774096459,-0.05311068459467838,0.23489072947905543,41.76164696420588,121.49683313790825,TRACK
12.5,165.30054775203917,-524.5944914272922,0.6735709010639794,1.0081566184188966,0.408326841802908,0.6474873488067604,0.7654872151783755,165.31348832652063,-524.6048111910779,0.016551616008858884,169.34658975633485,-521.6912625135584,0.6224062459960741,-0.05116465506790535,0.23451278482162452,41.76164696420588,121.49683313790825,TRACK
12.548,165.3206104307866,-524.5636411464934,0.6694955653023139,1.0032646024920826,0.4117028130385093,0.6458167408819111,0.7658841094233221,165.33632588281273,-524.5761738012785,0.02010081760398325,169.34658975633485,-521.6912625135584,0.6197030791490737,-0.04979248615324017,0.23411589057667792,48.836626780471825,113.35463871989725,TRACK
12.6,165.34251736012732,-524.5303049510303,0.6638639482144247,0.9984105026383551,0.4150573144222542,0.6441591202672353,0.7662986013812583,165.36159952634486,-524.5471450626346,0.02545031289395207,169.34658975633485,-521.6912625135584,0.6167665070395913,-0.04709744117483339,0.23370139861874173,48.836626780471825,113.35463871989725,TRACK
12.648,165.36289139572943,-524.4996059612855,0.6589818911257994,0.9936662676273407,0.4183479306399026,0.6425502283961446,0.7667371042819217,165.38575022322712,-524.5197789962448,0.030487330713542576,169.34658975633485,-521.6912625135584,0.6140463096222601,-0.04493558150353927,0.23326289571807834,50.042134921878,112.01578062118692,TRACK
12.7,165.38511882556764,-524.4664135571893,0.6542340676350621,0.989132333433709,0.4215338557500409,0.6410680606435315,0.7672411940978892,165.41194942001354,-524.4900916972772,0.03578456533677911,169.34658975633485,-521.6912625135584,0.6110852740872794,-0.04314879354778267,0.23275880590211084,50.042134921878,112.01578062118692,TRACK
12.748,165.4057920497027,-524.435847951351,0.6488229991342497,0.984570735066469,0.4247392655557193,0.6395684486560398,0.7677572821022964,165.43616493568624,-524.4626521822688,0.04050899897633467,169.34658975633485,-521.6912625135584,0.6083423218648534,-0.040480677269396304,0.23224271789770357,52.74304913598483,108.95169008224228,TRACK
12.8,165.42837533492965,-524.4028399264013,0.6433882983507802,0.9797349094856277,0.42808340394641475,0.6378888903263897,0.7682171809691464,165.46242846186937,-524.4328919892333,0.045417418848211134,169.34658975633485,-521.6912625135584,0.6053664946350391,-0.03802180371574104,0.23178281903085363,52.74304913598483,108.95169008224228,TRACK
12.848,165.44940176074059,-524.3724784804629,0.6404796823150972,0.9746064093703063,0.43157190076987106,0.6360133220130646,0.768613850585724,165.486697331449,-524.4053920168988,0.049741938795981544,169.34658975633485,-521.6912625135584,0.6026181904748003,-0.03786149184029697,0.23138614941427604,57.908701412898544,103.51566861870461,TRACK
12.9,165.47240094566487,-524.3397384153817,0.6360054380697641,0.9689334064630549,0.4353239417215857,0.6337744819701266,0.7688803731612096,165.51301001008252,-524.375576127366,0.05416121964234745,169.81513349748198,-521.5207265383291,0.575765629314541,-0.06023980875522306,0.2311196268387904,57.908701412898544,103.51566861870461,TRACK
12.948,165.49383738317343,-524.3096620338612,0.6308246528044417,0.9628552715194318,0.43926791895224543,0.6312603618677803,0.7690552314925616,165.53731696827833,-524.3480329953825,0.0579896974381177,169.81513349748198,-521.5207265383291,0.5731299368011461,-0.057694716003295565,0.2309447685074384,9.225071069555838,152.36158719445092,TRACK
13.0,165.51715733594395,-524.2770616576865,0.6257237672338531,0.9582992048052914,0.4424853678897752,0.6297448440817464,0.7696569816769628,165.56370078569893,-524.3181364958044,0.06207604241173992,169.81513349748198,-521.5207265383291,0.5702419845513027,-0.05548178268255044,0.23034301832303716,9.225071069555838,152.36158719445092,TRACK
13.048,165.53878200040054,-524.2469608166606,0.6210330012641222,0.9546248254954026,0.4452953341243634,0.6288194478007276,0.7705204945524424,165.58810228979087,-524.2904862302967,0.06577957568832954,169.81513349748198,-521.5207265383291,0.5675476340432433,-0.05348536722087893,0.22947950544755757,43.20779046327965,118.07416332990701,TRACK
13.1,165.5624074323087,-524.2144708121951,0.6161207378573466,0.9502245317499525,0.44845929733190176,0.6274153634340409,0.7712105935712325,165.61456509700787,-524.2605002243982,0.06956384674982607,169.81513349748198,-521.5207265383291,0.5646283151574737,-0.051492422699872864,0.22878940642876755,43.20779046327965,118.07416332990701,TRACK
13.148,165.58436607068927,-524.1845434481392,0.6114033488772141,0.945864357485364,0.45161361479070855,0.62604034914041,0.7719335306981923,165.6390267589588,-524.2327817917494,0.07290218540181082,169.81513349748198,-521.5207265383291,0.5619216268862007,-0.049481721991013417,0.22806646930180774,44.77514904833689,115.32987717003638,TRACK
13.2,165.60829568849496,-524.1521655521524,0.6066486393610213,0.941817890680084,0.45461358484457415,0.6248543730060557,0.7727331356878815,165.66556712810993,-524.2027078974952,0.07638420300247549,169.81513349748198,-521.5207265383291,0.5589693722259043,-0.047679267135117054,0.2272668643121185,44.77514904833689,115.32987717003638,TRACK
13.244,165.63050707424586,-524.1223107429629,0.6019883535019345,0.9380794927739621,0.4574568512492344,0.6238466594606138,0.7735964227392932,165.688449139454,-524.1788258383135,0.08093972401160844,169.81513349748198,-521.5207265383291,0.5562230986753254,-0.04576525482660909,0.2264035772607068,47.30381573247128,112.4652064928665,TRACK
13.3,165.65470116638102,-524.0900010441297,0.5972992963911118,0.9345620982676108,0.46019180422174333,0.622969455411054,0.7745110967881664,165.71639442599374,-524.1501749512381,0.0861797968106838,169.81513349748198,-521.5207265383291,0.5532239819745212,-0.04407531441659063,0.22548890321183357,47.30381573247128,112.4652064928665,TRACK
13.344,165.67717315306874,-524.0602322208249,0.5918092645386633,0.9309196740514114,0.46298290900875394,0.6219944826149384,0.775390424520211,165.74223008356054,-524.1236869599122,0.09087853496648991,169.81513349748198,-521.5207265383291,0.5504390951989223,-0.041370169339741025,0.224609575479789,49.46048748892573,109.61531506936245,TRACK
13.4,165.70169074111442,-524.0280799259484,0.5872129371041996,0.9268504022365425,0.46596111808624807,0.6207060907529579,0.7761416202382176,165.77025440805076,-524.0949550392288,0.09577712252945633,169.81513349748198,-521.5207265383291,0.5474127556694928,-0.03980018143470687,0.22385837976178236,49.46048748892573,109.61531506936245,TRACK
13.448,165.72449267725773,-523.9985107785202,0.5818347250182586,0.9223120032077825,0.46913884446769527,0.619067325653522,0.7767468114387649,165.7961511205044,-524.0684044514194,0.1001002397593191,169.81513349748198,-521.5207265383291,0.544615000437594,-0.03721972458066458,0.2232531885612351,53.38428968252555,105.44942325205133,TRACK
13.5,165.7494016986377,-523.9666336168971,0.5773557780002373,0.9171211360494385,0.472597123576967,0.6169515802920041,0.7771597606914709,165.8242287584414,-524.039617871159,0.10452650500723151,169.81513349748198,-521.5207265383291,0.5415884273694189,-0.03576735063081837,0.22284023930852914,53.38428968252555,105.44942325205133,TRACK
13.548,165.7725862440255,-523.9373568441079,0.5730461450662905,0.9114776311833838,0.4762421071109107,0.6144949954445091,0.777438514618222,165.85016586427884,-524.0130258700588,0.10837157822515786,170.29159531856877,-521.3737575305003,0.5160224902560747,-0.05702365481021576,0.222561485381778,56.40755522748891,102.81162628802183,TRACK
13.6,165.79790629666675,-523.9057947140728,0.5687205200462533,0.9056012982508731,0.47998080086136136,0.6118591607361359,0.7776587952130692,165.87828642736432,-523.9841952808174,0.11228363316541691,170.29159531856877,-521.3737575305003,0.5131223324528099,-0.05559818759344337,0.22234120478693076,56.40755522748891,102.81162628802183,TRACK
13.648,165.8214514583071,-523.8767795540488,0.5645867944006311,0.8998204939597396,0.48367099085415144,0.6092773296540229,0.7779180495554616,165.90426858039615,-523.95755709511,0.11568788549806405,170.29159531856877,-521.3737575305003,0.5104442917038521,-0.054142502696779005,0.22208195044453838,13.698845688315714,145.93508715506397,TRACK
13.7,165.8470374612326,-523.8453018968038,0.5603174775417428,0.8957742550680258,0.48659962528437994,0.6078991111163027,0.7786658619863143,165.93247658019428,-523.9286368614353,0.11935057343423663,170.29159531856877,-521.3737575305003,0.5075016846040827,-0.05281579293766003,0.22133413801368573,13.698845688315714,145.93508715506397,TRACK
13.748,165.8707244323875,-523.8161930985826,0.5549960958782931,0.8929526317620488,0.4890072544394436,0.6073860759215498,0.7797730055072318,165.9585746748251,-523.901879806678,0.122718690673303,170.29159531856877,-521.3737575305003,0.5047440033407867,-0.0502520925375064,0.22022699449276817,40.95261994744528,117.91390871526491,TRACK
13.8,165.89652899684947,-523.7847150150398,0.5496873913925964,0.889853717808776,0.49153928387962964,0.6066726655030035,0.7808089335204985,165.986889444029,-523.8728501077385,0.12622521530779868,170.29159531856877,-521.3737575305003,0.5017369555510195,-0.04795043584157688,0.21919106647950148,40.95261994744528,117.91390871526491,TRACK
13.848,165.92048112177923,-523.7557142491517,0.5449186359964342,0.8865558070380436,0.49415144546795375,0.605801150511011,0.7817804583247989,166.01306281093636,-523.8460158801281,0.12932808559703926,170.29159531856877,-521.3737575305003,0.4989433280284743,-0.0459753079679599,0.21821954167520108,46.19542256632627,110.98142783255008,TRACK
13.9,165.94657240034599,-523.7243690442732,0.5403170315799284,0.8830703177944285,0.49681281452270015,0.6047480883601768,0.7826514058310092,166.0377646774146,-523.822650944869,0.13407223195606324,170.29159531856877,-521.3737575305003,0.49589900388203423,-0.04441802769789416,0.21734859416899077,46.19542256632627,110.98142783255008,TRACK
13.948,165.97079337210147,-523.6955190405138,0.5358371332551877,0.8793296196918954,0.4995395818234843,0.6034508681799611,0.7833854377734694,166.06516484768414,-523.7972273022267,0.13874633654377075,170.29159531856877,-521.3737575305003,0.4930754259067411,-0.04276170734844659,0.21661456222653064,47.30219684055357,109.73929345394714,TRACK
14.0,165.99718671834125,-523.6643686985548,0.5297362850379146,0.8753157309513966,0.5023482509530555,0.6019088275025892,0.7839948991295388,166.09487932906384,-523.7696562926868,0.1436291184541311,170.29159531856877,-521.3737575305003,0.49000444579700353,-0.03973183924091106,0.2160051008704612,47.30219684055357,109.73929345394714,TRACK
14.048,166.0216910148841,-523.6357130524726,0.5269285528065855,0.8711160895273863,0.5052035254111598,0.6001881572256421,0.7845103097867971,166.12233484106412,-523.7441813004226,0.14796803898643304,170.29159531856877,-521.3737575305003,0.4871585775267002,-0.03976997527988524,0.21548969021320286,52.314825636306644,104.9165247016056,TRACK
14.1,166.04840651238106,-523.6048070213694,0.5225050044044848,0.8665196908578283,0.5081981400544284,0.5981436653912836,0.7848829173848163,166.15210062141261,-523.7165626923955,0.15245260986399947,170.29159531856877,-521.3737575305003,0.48407039681125325,-0.03843460759323153,0.2151170826151837,52.314825636306644,104.9165247016056,TRACK
14.148,166.07322394704886,-523.5764107381463,0.5166114486933606,0.861627541787576,0.5112892521547214,0.5958496143399755,0.7851455038895859,166.17959508408217,-523.6910515591919,0.15638841595138522,170.29159531856877,-521.3737575305003,0.4812158818710866,-0.035395566822274016,0.21485449611041407,49.531320111742914,107.95512525527776,TRACK
14.2,166.1002707837402,-523.5457801481782,0.5124279460406864,0.8566636379057551,0.5143840300922794,0.5934696817981778,0.7853643699758766,166.20940157905943,-523.6633951735101,0.16044570630228258,170.7747906604357,-521.250720878182,0.4563993145262901,-0.0560286315143963,0.21463563002412345,49.531320111742914,107.95512525527776,TRACK
14.248,166.1253816375871,-523.5176228891893,0.5079727334166211,0.851712901068856,0.5174495955270418,0.5910686399630712,0.7855674516290081,166.23693453700287,-523.6378483219121,0.16400671950090143,170.7747906604357,-521.250720878182,0.45365245517763364,-0.05432027823898744,0.2144325483709919,14.16781206938164,143.62156540587853,TRACK
14.3,166.15266781466397,-523.4871144125456,0.5036636797019729,0.8479917898418147,0.5199991981868285,0.5895401318471739,0.7861022409161087,166.26680875920223,-523.6101290945518,0.1678117016455558,170.7747906604357,-521.250720878182,0.4506407238861448,-0.05302295581582811,0.2138977590838913,14.16781206938164,143.62156540587853,TRACK
14.348,166.17793546300055,-523.4589533984501,0.49847944727085447,0.8450141371033874,0.5222427479423368,0.5885418134797463,0.786841123729811,166.2944278453272,-523.58450232768,0.17126882019470893,170.7747906604357,-521.250720878182,0.4478279272410109,-0.05065152002984358,0.21315887627018903,39.483497811081094,117.86305299408008,TRACK
14.4,166.2054542429587,-523.4285569039747,0.49462392730285165,0.8415203671293215,0.524680343573099,0.5871439685003738,0.7874182514257293,166.32437122566304,-523.5567189309467,0.17483350346276624,170.7747906604357,-521.250720878182,0.4447690851834225,-0.049854842119429144,0.2125817485742707,39.483497811081094,117.86305299408008,TRACK
14.444,166.23098569487996,-523.4005977051402,0.49010109002800095,0.8377476437713948,0.527209060248423,0.5855127376937442,0.7878924794727061,166.3520314451414,-523.5310539979004,0.17796324895068658,170.7747906604357,-521.250720878182,0.44193341627654836,-0.04816767375145259,0.21210752052729387,41.58689923785081,114.84525984518157,TRACK
14.5,166.2587729079852,-523.37040349959,0.48548159201668506,0.8339427567204972,0.5297152081389704,0.5838135091655683,0.7883123842855241,166.38201821042568,-523.5032303458178,0.181197063034877,170.7747906604357,-521.250720878182,0.43884463486558123,-0.04663695715110383,0.21168761571447592,41.58689923785081,114.84525984518157,TRACK
14.548,166.2845384743363,-523.3426228801442,0.4792104548001827,0.8301138426390798,0.5321888066005194,0.5820457977500624,0.7886711840490886,166.40384938951445,-523.4848120919434,0.1856148335471019,170.7747906604357,-521.250720878182,0.43597792626920234,-0.04323252853098036,0.21132881595091135,44.17829855076675,112.47282650959008,TRACK
14.6,166.3125807270503,-523.3126356554287,0.4753818098128108,0.8261871104790022,0.534668656019102,0.5801668579684915,0.7889639756125146,166.43507108460773,-523.4586139791058,0.19056116781268248,170.7747906604357,-521.250720878182,0.43285722717432795,-0.042524582638482855,0.21103602438748537,44.17829855076675,112.47282650959008,TRACK
14.648,166.3385841847252,-523.285056488101,0.47021424037445975,0.8221981389585987,0.5371431719585877,0.5782065527777556,0.7892056796912124,166.46391062886732,-523.4344147281544,0.19497333528757402,170.7747906604357,-521.250720878182,0.4299623883387146,-0.04025185203574516,0.21079432030878764,48.38485201768138,108.35890941266551,TRACK
14.7,166.36690054660534,-523.2553294788405,0.4653646829918958,0.8178215337133233,0.539733959043276,0.5759198985585977,0.7893012581392952,166.49516504672349,-523.4081891576585,0.19954413897406764,170.7747906604357,-521.250720878182,0.4268196665981535,-0.038545016393742304,0.2106987418607048,48.38485201768138,108.35890941266551,TRACK
14.748,166.39317440141215,-523.2280362390526,0.4610625019700527,0.8131332549036572,0.5424072646778373,0.5733611408500274,0.7892709538632081,166.52402247470462,-523.3839749004828,0.20356346531980338,170.7747906604357,-521.250720878182,0.4239139924444556,-0.03714850952559712,0.2107290461367919,51.410269461439455,105.57612479415862,TRACK
14.8,166.4217933624989,-523.1986515865555,0.45664586812238084,0.8080479185750814,0.5451923447398715,0.570466056437039,0.7890920189114738,166.55528588726708,-523.3577417825323,0.20767750148955827,170.7747906604357,-521.250720878182,0.42076616978919557,-0.03587969833318527,0.21090798108852615,51.410269461439455,105.57612479415862,TRACK
14.844,166.44835843916306,-523.1717110057325,0.45250545835941325,0.8025806934926721,0.5480787080903846,0.5672446718514346,0.7887691601513505,166.58414056060786,-523.3335298367743,0.2112394815932854,171.26351822332956,-521.1519224698782,0.3971726924076055,-0.05533276595180775,0.21123083984864954,52.24790351969783,105.35273045845359,TRACK
14.9,166.477290962336,-523.1427151159568,0.4482278380218474,0.7969545690905905,0.5509892969997943,0.5638736794246852,0.7883798144018277,166.61539655068478,-523.3073029470287,0.21485415441669942,171.26351822332956,-521.1519224698782,0.39417344117674746,-0.05405439684509994,0.2116201855981723,52.24790351969783,105.35273045845359,TRACK
14.948,166.504138832254,-523.1161260283579,0.44306705017146286,0.7912204637808395,0.5539087612018517,0.5603966553675589,0.7879462716983415,166.64424409729295,-523.2830969813094,0.217965099089656,171.26351822332956,-521.1519224698782,0.39140786391424376,-0.0516591862572191,0.21205372830165847,14.418246477894144,143.87328799696976,TRACK
15.0,166.53330431661882,-523.0873595869002,0.4383108655934007,0.7867724500980361,0.5563468395444475,0.5578781050312565,0.7878767580937776,166.6755238133678,-523.2568501830876,0.2212542597363818,171.26351822332956,-521.1519224698782,0.3883820305170594,-0.04992883507634133,0.21212324190622245,14.418246477894144,143.87328799696976,TRACK
15.048,166.56030375586175,-523.0608454935398,0.43334932343884347,0.7831157320954499,0.5584963568502352,0.5559526990235693,0.7880365373296956,166.70442337705325,-523.2326005698579,0.22421032860561427,171.26351822332956,-521.1519224698782,0.3855618179092339,-0.047787505529609586,0.21196346267030441,42.73088926318223,115.46654357628836,TRACK
15.1,166.58969800926386,-523.0323000165437,0.42876299549577057,0.7787879864750754,0.5608685683129616,0.5535022726083068,0.7879963938394589,166.73572853655247,-523.2063324220683,0.22718317075186217,171.26351822332956,-521.1519224698782,0.3825059171236485,-0.04625707837212206,0.21200360616054115,42.73088926318223,115.46654357628836,TRACK
15.148,166.61695383830573,-523.0060966417935,0.4244237112054936,0.7742131850212077,0.5633049895004534,0.5508427514151707,0.7878707051177506,166.7646255568999,-523.1820849429525,0.22973641117024757,171.26351822332956,-521.1519224698782,0.37968021012761316,-0.04474350107788044,0.2121292948822494,44.66964711926541,112.85664720590844,TRACK
15.2,166.64660706640512,-522.977865599042,0.41987013673527507,0.7695323470645397,0.5657372784596623,0.5480644223240938,0.7876758719526631,166.78790874784627,-523.164409721072,0.23401896214204418,171.26351822332956,-521.1519224698782,0.37661258519644875,-0.04325755153882632,0.2123241280473369,44.66964711926541,112.85664720590844,TRACK
15.248,166.6740935841747,-522.95195658569,0.4155813442837089,0.7647510361920115,0.5681517564019198,0.5451617635358021,0.7873993692682592,166.81784455963484,-523.1417342248141,0.23807539826120597,171.26351822332956,-521.1519224698782,0.3737758722414184,-0.041805472042290515,0.21260063073174085,46.436710325277375,111.6210248428261,TRACK
15.3,166.7039953318961,-522.924055929149,0.40935107230834,0.7598692783106229,0.5705604051706492,0.5421480268632223,0.7870601368257578,166.85027365941724,-523.1171701362916,0.24226111141231713,171.26351822332956,-521.1519224698782,0.3706980343774986,-0.038653037930841405,0.21293986317424218,46.436710325277375,111.6210248428261,TRACK
15.348,166.73171477763668,-522.8984662314168,0.4056354087291889,0.7548336878319891,0.5729852218860424,0.5389877634245487,0.7866510494629715,166.8802037878726,-523.0944989449913,0.2459223677346534,171.26351822332956,-521.1519224698782,0.3678546065623315,-0.03778080216685742,0.21334895053702851,52.029518628634925,106.48153043660815,TRACK
15.4,166.7618848809898,-522.8709587137303,0.400742888704158,0.7493924000403551,0.5755083975642818,0.5354887998854735,0.7861031551073893,166.91261418375643,-523.0699490241216,0.24963266281106178,171.26351822332956,-521.1519224698782,0.3647795576140028,-0.03596333109015515,0.21389684489261074,52.029518628634925,106.48153043660815,TRACK
15.448,166.78986739708355,-522.8457795646522,0.39589087054462624,0.7435640782279401,0.5781196382670034,0.5316656819533683,0.7854239068916294,166.9425138703927,-523.0473008916031,0.2528078144159629,171.26351822332956,-521.1519224698782,0.36194907422333517,-0.03394179632129107,0.21457609310837056,52.1915906969155,106.90273957369816,TRACK
15.548,166.82032551490036,-522.8187362486434,0.391602591873643,0.7374560161085905,0.5807843271020585,0.5276050125594065,0.7846511861236192,166.9748838505992,-523.0227815844192,0.2559741748416748,171.75656295352405,-521.0776079339984,0.3390992831696549,-0.052503308703988116,0.21534881387638083,52.1915906969155,106.90273957369816,TRACK
15.552,166.84857720686438,-522.7940035467211,0.38763560731364977,0.7310372576701533,0.5835117331872794,0.5232858763469674,0.7837818900379343,167.0047396966014,-523.0001666598907,0.25863091932840937,171.75656295352405,-521.0776079339984,0.33642078623414856,-0.051214821079501205,0.2162181099620657,17.572727731733593,142.38310003304417,TRACK
15.6,166.87928156709322,-522.7673385280809,0.3816875449078803,0.7254689508573703,0.5859465896504561,0.5196119066267926,0.7831538414841177,167.03708406510924,-522.9756667528147,0.26134704436981154,171.75656295352405,-521.0776079339984,0.33350809344674204,-0.04817945146113828,0.2168461585158823,17.572727731733593,142.38310003304417,TRACK
15.644,166.90770735290764,-522.7428216803072,0.37917845956406593,0.7206537487328502,0.5881366381696174,0.5165164209908346,0.7827476721847473,167.06694664064798,-522.9530467308603,0.2637266058631278,171.75656295352405,-521.0776079339984,0.33080456465354174,-0.048373894910524184,0.21725232781525272,44.6748443427917,115.68973899993124,TRACK
15.7,166.93864332097428,-522.716494758082,0.37463605494575036,0.7152107581179443,0.5905116767972746,0.5129361116980493,0.782181241860122,167.09927544755888,-522.9285586112359,0.2660333774276141,171.75656295352405,-521.0776079339984,0.32788625155383716,-0.0467498033919132,0.21781875813987805,44.6748443427917,115.68973899993124,TRACK
15.748,166.96731909366483,-522.6923825828919,0.3691366132488647,0.7096010806481529,0.592926765786798,0.5092264166982912,0.7815840921166283,167.12910209599642,-522.905965803003,0.2679394180714203,171.75656295352405,-521.0776079339984,0.32519681419953084,-0.04393979904933387,0.21841590788337173,42.25189188513963,117.80660033798279,TRACK
15.8,166.9984999460436,-522.6664382631187,0.3640891790003906,0.7041427734760647,0.5952735195416822,0.5056224000966001,0.7810278961387921,167.16140235615566,-522.8814993067027,0.2697933425564003,171.75656295352405,-521.0776079339984,0.3222818516800175,-0.04180732732037312,0.2189721038612079,42.25189188513963,117.80660033798279,TRACK
15.848,167.02738571245592,-522.642652171687,0.35957652758897596,0.6988071290014896,0.5975531677919027,0.5020948100856272,0.7804927844977555,167.1810405155795,-522.8680223753274,0.2727664334405232,171.75656295352405,-521.0776079339984,0.3195893538995456,-0.03998717368943033,0.2195072155022445,50.268157821329396,110.25554966247657,TRACK
15.9,167.05880061677775,-522.6170860308664,0.35412607721829287,0.6933212450292353,0.5998560304615949,0.4984414205405569,0.7799173719001457,167.2143859690751,-522.8452878300807,0.27619352456950047,171.75656295352405,-521.0776079339984,0.3166761248441726,-0.03744995237412024,0.22008262809985435,50.268157821329396,110.25554966247657,TRACK
15.948,167.08791497900435,-522.5936839444597,0.3496960229953472,0.6876355243139675,0.6021986443690587,0.4946271367334872,0.7792940469893889,167.24515367959796,-522.8243107602348,0.27912853153862166,171.75656295352405,-521.0776079339984,0.313992702786948,-0.03570332020839917,0.22070595301061113,53.0763748208613,107.67161828292396,TRACK
16.0,167.11958945758062,-522.5685735398808,0.34604626905245994,0.6815828944786123,0.6046227246416648,0.49051997738837905,0.7785746511222968,167.2784642203309,-522.8016000181066,0.2820328523297313,171.75656295352405,-521.0776079339984,0.3110979323173208,-0.03494833673513914,0.22142534887770315,53.0763748208613,107.67161828292396,TRACK
16.048,167.1489552027499,-522.5456352630631,0.3419619998581003,0.6751347715614233,0.6071299962097887,0.4860962537651289,0.777750859994504,167.30918766849064,-522.7806531258288,0.2844430327786806,171.75656295352405,-521.0776079339984,0.30844104328556954,-0.033520956572530736,0.222249140005496,53.148958656172766,108.16309167675846,TRACK
16.1,167.1809078885211,-522.521053186433,0.33605078691332385,0.6683664370101824,0.609700651765513,0.48141884995731365,0.7768519767996435,167.34244222976272,-522.7579805498508,0.28675410883970714,171.75656295352405,-521.0776079339984,0.3055810559918794,-0.03046973092144445,0.22314802320035654,53.148958656172766,108.16309167675846,TRACK
16.148,167.21053571928272,-522.4986243041438,0.3325501973689955,0.6612470775218765,0.6123416896177825,0.4764661858310456,0.7758752290699485,167.37310750503084,-522.7370733191791,0.2885957697067295,172.25269906413467,-521.0279620281883,0.2837998302400172,-0.04875036712897829,0.22412477093005145,59.26321195355021,102.857133190345,TRACK
16.196,167.24278115190634,-522.4746235769336,0.32840995671292683,0.6537768920286542,0.6150586639875008,0.4712463770130192,0.7748356651535769,167.4062913344898,-522.7144489673346,0.290261602161723,172.25269906413467,-521.0279620281883,0.28111280450457504,-0.04729715220835179,0.22516433484642306,59.26321195355021,102.857133190345,TRACK
16.248,167.27267433497693,-522.4527194332693,0.3234224949111848,0.6463011337713028,0.6177592581482086,0.4660278592773182,0.7738271555395462,167.4368935252492,-522.6935847469528,0.2915202253523896,172.25269906413467,-521.0279620281883,0.2786510906249097,-0.044771404286275074,0.22617284446045383,22.046660351630038,140.8639383611548,TRACK
16.3,167.30514819731064,-522.429110444972,0.3193440378660817,0.640124526082268,0.6201175911963546,0.4618247605311085,0.7731933369803343,167.47005096720008,-522.6709783858067,0.29273370889057326,172.25269906413467,-521.0279620281883,0.2759739663754676,-0.04337007149061406,0.22680666301966568,22.046660351630038,140.8639383611548,TRACK
16.348,167.3352042890887,-522.4074150215436,0.31534638748725397,0.6349148810955563,0.6222354368259205,0.4583818901778093,0.7728459717724647,167.50066722483606,-522.6501045747907,0.29372810958680484,172.25269906413467,-521.0279620281883,0.27349033592841987,-0.041856051558834095,0.22715402822753528,48.5246189150004,114.39727308031793,TRACK
16.4,167.36788833102275,-522.3841294118544,0.3109997553810422,0.6293604258057588,0.6244417777237858,0.4546782938313119,0.7724376250858025,167.53381763787385,-522.6275030058765,0.2945560067955645,172.25269906413467,-521.0279620281883,0.27080915512831316,-0.040190600252729025,0.2275623749141975,48.5246189150004,114.39727308031793,TRACK
16.448,167.39817204650987,-522.3628394504502,0.3069472419581885,0.623552033751043,0.6267059142806868,0.4507801928955181,0.7719864540918526,167.5644005705266,-522.6066519154492,0.2950871740446667,172.25269906413467,-521.0279620281883,0.2683437068510446,-0.03860353510714393,0.22801354590814737,49.726654551139745,112.46349853745903,TRACK
16.5,167.43109511718623,-522.3399825097115,0.30265556999446286,0.6177153856217221,0.6289564353733396,0.4468519188158745,0.7715327828076826,167.5856720748125,-522.5929364867311,0.2964451894010612,172.25269906413467,-521.0279620281883,0.26568009160285166,-0.036975478391611194,0.22846721719231744,49.726654551139745,112.46349853745903,TRACK
16.548,167.4615918447464,-522.319083916183,0.29738515190668297,0.6117924607563834,0.6311936547856185,0.44283932504229173,0.7710461060439505,167.61717543926866,-522.5736851814542,0.29837570136011815,172.25269906413467,-521.0279620281883,0.2632298887909872,-0.03415526311569578,0.22895389395604948,52.40421135324398,110.1584784814258,TRACK
16.6,167.49474894917338,-522.2966716305696,0.29314937517946693,0.6057112091650916,0.6334486938691495,0.43869748367555866,0.770527565988264,167.65128933425464,-522.552838614178,0.3002106188202198,172.25269906413467,-521.0279620281883,0.2605872640360386,-0.03256211114342833,0.229472434011736,52.40421135324398,110.1584784814258,TRACK
16.648,167.52546403499008,-522.2761901170015,0.28858759827819713,0.5995583790031739,0.6357058184283557,0.434497734155998,0.7700066029394566,167.68276611267152,-522.5336035552915,0.3016713805702526,172.25269906413467,-521.0279620281883,0.25815819015724684,-0.030429408120950296,0.22999339706054345,57.348973419812566,105.56023221454036,TRACK
16.7,167.55886602768413,-522.2542590665655,0.28344384632708763,0.5930669093175389,0.6380298866499419,0.43003636667463646,0.7694240787246394,167.7168441933008,-522.512778873713,0.30296797107814366,172.25269906413467,-521.0279620281883,0.2555451649379394,-0.02789868138914825,0.23057592127536064,57.348973419812566,105.56023221454036,TRACK
16.748,167.58981390937942,-522.2342469570898,0.2800608266804287,0.5864058286744059,0.6403810636838942,0.42544526993226395,0.7688248073733396,167.74828161690303,-522.4935678640531,0.3039068066300677,172.25269906413467,-521.0279620281883,0.25314929337948433,-0.026911533300944368,0.23117519262666042,61.444245696197854,101.83306082991619,TRACK
16.8,167.62346861701388,-522.2128299036218,0.276066717707262,0.5795320115857842,0.6427697620111489,0.4206926699520267,0.768202635707034,167.7823150049212,-522.4727704935609,0.30463303374567297,172.25269906413467,-521.0279620281883,0.2505740890240346,-0.02549262868322738,0.23179736429296605,61.444245696197854,101.83306082991619,TRACK
16.848,167.65465259136136,-522.1933058132508,0.27254458163482975,0.5724909998822431,0.6451834915908953,0.41581339442377263,0.7675692260660525,167.8137071916198,-522.4535871275973,0.3050323400252783,172.75069308261823,-521.0031081799918,0.22944063631177877,-0.04310394532305098,0.2324307739339475,60.93999740181765,102.75422637618495,TRACK
16.9,167.68855654868554,-522.1723965649039,0.26872704378562173,0.5655464076657967,0.6475689822930044,0.411014031787438,0.7669929081511527,167.84769611893446,-522.4328169264754,0.3051952940987885,172.75069308261823,-521.0031081799918,0.22700571914148718,-0.041721324644134555,0.23300709184884727,60.93999740181765,102.75422637618495,TRACK
16.952,167.71996410803618,-522.1533165217891,0.2639376337570576,0.5586835401080653,0.6499332920888794,0.40628443504098755,0.7664726520379335,167.87905352649778,-522.413654813599,0.3050991138121696,172.75069308261823,-521.0031081799918,0.2247730225845929,-0.0391646111724647,0.23352734796206653,26.981671802823406,136.99289972588932,TRACK
17.0,167.7540732357315,-522.132747640815,0.26016143712173667,0.5530726530444887,0.6520373070378838,0.4025292739485404,0.7662783216004186,167.9130403977881,-522.3928858688874,0.30486465245584726,172.75069308261823,-521.0031081799918,0.2223428580110527,-0.03781857911068398,0.23372167839958136,26.981671802823406,136.99289972588932,TRACK
17.048,167.7856357996009,-522.1138468296929,0.25514082677839456,0.5483438151216627,0.6539679444555548,0.3994624424983799,0.7663186774065964,167.9444309182187,-522.3737035211591,0.30453471033136437,172.75069308261823,-521.0031081799918,0.22008735350611067,-0.03505347327228389,0.23368132259340357,52.57680861741734,111.0598339636028,TRACK
17.1,167.8199429393657,-522.093584230672,0.2510967993009514,0.5431476361529725,0.6559926046206728,0.3960334656488254,0.7662694064301626,167.97842568731403,-522.3529297501993,0.30393565091338487,172.75069308261823,-521.0031081799918,0.21765481049444377,-0.033441988806507644,0.23373059356983739,52.57680861741734,111.0598339636028,TRACK
17.144,167.8517122183756,-522.0750633931644,0.24751697285945573,0.5377803215422958,0.6580461857841235,0.3924695261646178,0.7661965228274746,167.9999999999988,-522.3397459621563,0.3033910488245099,172.75069308261823,-521.0031081799918,0.21541675313647604,-0.03210021972297969,0.23380347717252536,56.1344384136809,106.77655917827752,TRACK
17.2,167.88623514336322,-522.0551949697968,0.24177644255814168,0.5323353042361093,0.6600958620224596,0.3888349646735252,0.7661065048750308,168.0317713277377,-522.3224442192272,0.304307315527225,172.75069308261823,-521.0031081799918,0.21299964261723298,-0.028776799940908704,0.23389349512496915,56.1344384136809,106.77655917827752,TRACK
17.248,167.91819769888997,-522.0370326831136,0.23785505642611127,0.5268767584592214,0.6621226110304493,0.38517606743658656,0.7660071507262145,168.06405158386218,-522.3048653286709,0.30497160816657165,172.75069308261823,-521.0031081799918,0.210774732950433,-0.027080323475678264,0.2339928492737855,60.18723731935326,102.92195403451906,TRACK
17.3,167.9529262213739,-522.0175429860441,0.2362302538018506,0.5214615773668472,0.6641293677347148,0.381545097186204,0.7659272016807745,168.09902268555214,-522.285821081721,0.30547882654190417,172.75069308261823,-521.0031081799918,0.20836997089084125,-0.027860282911009338,0.23407279831922545,60.18723731935326,102.92195403451906,TRACK
17.348,167.98507989643528,-521.9997306900162,0.2313197341997717,0.5160118814174572,0.6661379696834706,0.3778856383740483,0.7658572649935355,168.131303346427,-522.2682419707494,0.3057443461593928,172.75069308261823,-521.0031081799918,0.20615674931887654,-0.02516298488089516,0.23414273500646454,56.62690671270268,106.54254403650488,TRACK
17.4,168.02001482795333,-521.9806160325564,0.22758193661494452,0.5106364015923099,0.668128642434975,0.3742820132302062,0.765821720944019,168.16627612436196,-522.2491968109651,0.30582348071683,172.75069308261823,-521.0031081799918,0.20376393831573394,-0.02381799829921058,0.234178279055981,56.62690671270268,106.54254403650488,TRACK
17.448,168.05235506733842,-521.9631356463597,0.2237909327549801,0.5053496300640321,0.6700978630990431,0.3707444579511615,0.7658215191749345,168.19856127085595,-522.2316152572555,0.30570828483014284,172.75069308261823,-521.0031081799918,0.2015588145672057,-0.022232118187774402,0.23417848082506554,63.28300701048643,99.83580446313975,TRACK
17.5,168.0874990742591,-521.944416969741,0.21908670840515398,0.49977048403669644,0.6721098114420926,0.3669749902935741,0.7657690527422051,168.2335289859457,-522.2125728545499,0.30533966932712814,173.2493069173797,-521.0031081799918,0.18037821312983973,-0.03870849527531425,0.23423094725779492,63.28300701048643,99.83580446313975,TRACK
17.548,168.12003772199097,-521.9273326538552,0.2160569701227366,0.4940707745476467,0.6741323504821239,0.36310688035870475,0.7657029662541369,168.26580080480244,-522.1949985586847,0.30478174636764804,173.2493069173797,-521.0031081799918,0.17827346798026425,-0.037783502142472364,0.23429703374586308,29.899160331148437,133.17791411462989,TRACK
17.6,168.15536445939136,-521.9089021204733,0.21247214343339693,0.4894481043011129,0.6759621449314341,0.3600711392266385,0.7658825279925601,168.30078843110735,-522.1759453129091,0.304072685678892,173.2493069173797,-521.0031081799918,0.17597847821010312,-0.03649366522329381,0.23411747200743993,29.899160331148437,133.17791411462989,TRACK
17.648,168.1880456348409,-521.8919647905577,0.2092858190093629,0.48548989449629215,0.6776756318583331,0.3575476044648681,0.7662144291731635,168.33310844175057,-522.1583447731957,0.3033175120212013,173.2493069173797,-521.0031081799918,0.17384677805676213,-0.03543904095260078,0.2337855708268365,50.80301666892266,112.07527367125087,TRACK
17.7,168.22354277462279,-521.8737683605627,0.20362584427372954,0.48135684965009373,0.6794122169321208,0.3548819140222689,0.7665129701555795,168.3681291683771,-522.1392735019458,0.3023213610708347,173.2493069173797,-521.0031081799918,0.17153683790708532,-0.03208900636664422,0.2334870298444205,50.80301666892266,112.07527367125087,TRACK
17.748,168.25639352667844,-521.8571068059791,0.20043126706948255,0.4771627857349625,0.6811546747449939,0.35216374628660185,0.7668057088504053,168.40046413968653,-522.1216648150878,0.3012428948806447,173.2493069173797,-521.0031081799918,0.16940285731278057,-0.031028409756701986,0.23319429114959467,56.347644895070516,105.8450688742112,TRACK
17.8,168.2920702710165,-521.839200208624,0.1966179589091217,0.47296449173741606,0.6828824716289909,0.3494316095920152,0.7670925106140628,168.43550165701618,-522.1025844001083,0.29990631005970125,173.2493069173797,-521.0031081799918,0.16708838957286015,-0.029529569336261552,0.2329074893859372,56.347644895070516,105.8450688742112,TRACK
17.844,168.32507807304594,-521.822779183475,0.1916291381998676,0.4689966233984093,0.6845554963567863,0.3468671879465867,0.767419750636025,168.4551872390935,-522.0929536506627,0.2998710352964762,173.2493069173797,-521.0031081799918,0.16494440228383397,-0.026684735916033625,0.23258024936397503,56.347644895070516,105.8450688742112,TRACK
17.9,168.36091912848585,-521.8051078473532,0.1878895097256772,0.4651689058658799,0.686198945785089,0.34440535760042273,0.7677786422794285,168.4911890365494,-522.0756160987764,0.3002415078482106,173.2493069173797,-521.0031081799918,0.16261353890393007,-0.025275970821747124,0.2322213577205715,56.16774024343638,105.93737760113316,TRACK
17.948,168.39407896493208,-521.78889962648,0.18418927816658504,0.46148020118600486,0.6878197888474168,0.34204842630722926,0.7681752325279415,168.52444241337702,-522.0596021165067,0.3004570964332518,173.2493069173797,-521.0031081799918,0.160453103202117,-0.023736174964468032,0.2318247674720585,61.25596763644407,100.57335608305655,TRACK
18.0,168.43008971483306,-521.771485661195,0.18115694620757017,0.45760672013274406,0.6894629101612746,0.3395408588253853,0.7685356851180913,168.56048134913496,-522.0422466797568,0.30052205820625005,173.2493069173797,-521.0031081799918,0.15810949429410795,-0.02304745191346222,0.23146431488190866,61.25596763644407,100.57335608305655,TRACK
18.048,168.4634148423961,-521.7555692676153,0.1757436016336782,0.4533926500238959,0.6911466134186961,0.3367585947550462,0.768823771992988,168.59375482030106,-522.0262230205635,0.30040300235717443,173.2493069173797,-521.0031081799918,0.1559482018276656,-0.01979539980601258,0.23117622800701199,60.54373397980564,101.02945297303475,TRACK
18.1,168.4996066506608,-521.738494867105,0.17471375296393846,0.44898738385792986,0.6928440081961216,0.3338169361793122,0.7690686358013895,168.62980798804693,-522.0088607300495,0.3000834685597287,173.2493069173797,-521.0031081799918,0.1536083504709545,-0.021105402492983955,0.2309313641986105,60.54373397980564,101.02945297303475,TRACK
18.144,168.53309794415634,-521.7228997495897,0.17000893168338593,0.4443657806964246,0.6945559537323928,0.33069540706574874,0.7692642102161616,168.6630907516906,-521.992832595835,0.2996028562826526,173.74730093586325,-521.0279620281881,0.1324970096438904,-0.03751192203949552,0.23073578978383835,61.75485493802377,99.92061977671223,TRACK
18.2,168.56946952387244,-521.7061804079443,0.1666001366733012,0.4396421278517854,0.6962700795536768,0.32748604489830335,0.7694407925791412,168.69915104989613,-521.9754668714726,0.2988854255921316,173.74730093586325,-521.0279620281881,0.13024353705137662,-0.036356599621924585,0.23055920742085878,61.75485493802377,99.92061977671223,TRACK
18.248,168.60312119021745,-521.6908847910863,0.16198618546972,0.4350793686998426,0.6979522854755668,0.32439646877345896,0.7696560671840746,168.73244691586115,-521.9594324275125,0.29806538937516736,173.74730093586325,-521.0279620281881,0.1281621548443792,-0.033824030625340784,0.23034393281592536,30.117149034509524,131.63419939232682,TRACK
18.3,168.63964237606464,-521.6743466129323,0.15873350686023557,0.43162172962089973,0.699484659530607,0.32217236535510674,0.7701128631032945,168.76855783642026,-521.9420423247095,0.29711982435144946,173.74730093586325,-521.0279620281881,0.12588285902782861,-0.03285064783240696,0.22988713689670548,30.117149034509524,131.63419939232682,TRACK
18.348,168.67340953073048,-521.6590734188226,0.15577733874097513,0.429220521811245,0.7008838647999756,0.3207790778639195,0.7708030933592424,168.80193868403555,-521.9259669557437,0.2962294774318818,173.74730093586325,-521.0279620281881,0.12374851912486115,-0.03202881961611398,0.22919690664075765,53.789693302103856,107.48987521896622,TRACK
18.4,168.71006508936827,-521.6426198555578,0.1521531380693646,0.4266590144535854,0.7022946183358627,0.3192515379707984,0.7714527046036168,168.83812560373008,-521.9085402536859,0.2951493748583192,173.74730093586325,-521.0279620281881,0.12142257162306348,-0.030730566446301108,0.2285472953963832,53.789693302103856,107.48987521896622,TRACK
18.448,168.74396945958011,-521.627523817212,0.14926248220620608,0.423939279642636,0.7037108680463424,0.31758877928542023,0.7720567456699929,168.87154858238839,-521.8924445954792,0.2940398805166146,173.74730093586325,-521.0279620281881,0.11926381427956964,-0.02999866792663644,0.22794325433000706,53.31406113475427,106.95291283625457,TRACK
18.5,168.78076683722415,-521.6112508095691,0.14567756938643694,0.42128835896741174,0.7050867214495916,0.31596256567038944,0.7726445674885375,168.89477796267892,-521.8817171555368,0.2935141922097572,173.74730093586325,-521.0279620281881,0.11690828448274543,-0.028769284903691517,0.2273554325114625,53.31406113475427,106.95291283625457,TRACK
18.548,168.8147950120423,-521.5963135830159,0.14076924523569656,0.41860812246761026,0.7064284769913158,0.3142929446363791,0.7731890119191271,168.9290184449978,-521.8672835818833,0.29406076399669967,173.74730093586325,-521.0279620281881,0.11471979654387744,-0.02604944869181912,0.22681098808087286,54.54413294132635,105.58734789482557,TRACK
18.6,168.85172627286494,-521.5802323884199,0.13737039218498137,0.41582873992467684,0.7077543040428058,0.31252922379468845,0.7736864162028612,168.96613345548536,-521.8516382929961,0.29453381550168967,173.74730093586325,-521.0279620281881,0.11233519496159818,-0.025035197223383196,0.22631358379713884,54.54413294132635,105.58734789482557,TRACK
18.644,168.88587799443232,-521.5654799120503,0.13231134222465513,0.4130009217229867,0.709063267390002,0.3107141356616119,0.7741537258592301,169.0004127153575,-521.8371883732332,0.29486215453293,173.74730093586325,-521.0279620281881,0.11012071608533078,-0.02219062613932435,0.22584627414076985,59.398259712587276,100.63609069140259,TRACK
18.7,168.92294605237646,-521.549633520812,0.12899077575974127,0.40984126339386623,0.7103876676582904,0.3086225907452319,0.7745311755373598,169.03755983882925,-521.8215295475879,0.29506570356717793,173.74730093586325,-521.0279620281881,0.10771437798517712,-0.02127639777456415,0.22546882446264016,59.398259712587276,100.63609069140259,TRACK
18.748,168.957226079975,-521.535126510513,0.12554328065893341,0.40651235899862675,0.7117105185504712,0.3063849674144944,0.7748571548827315,169.07186018520312,-521.8070707391192,0.2951180129265116,173.74730093586325,-521.0279620281881,0.10548519723122686,-0.020058083427706555,0.22514284511726845,62.35373930319251,97.67967500779254,TRACK
18.8,168.99443154250753,-521.5195495843436,0.12078386766436866,0.4030054969375131,0.7130332194883687,0.3039949241903006,0.7751317862321315,169.10902753088547,-521.7914033890974,0.29501988358651,173.74730093586325,-521.0279620281881,0.10306316699733231,-0.01772070066703635,0.22486821376786847,62.35373930319251,97.67967500779254,TRACK
18.848,169.02883791294326,-521.505303307899,0.1201973332984243,0.3993500718565324,0.7143513770946647,0.3014757997990797,0.7753615594169849,169.14334183192688,-521.776938698243,0.29478285694722484,174.2434370464739,-521.0776079339981,0.08183566310350901,-0.03836167019491529,0.22463844058301508,64.95398370958911,95.18604815543306,TRACK
18.9,169.06617772453728,-521.4900028044029,0.11502745282102289,0.39568879630676373,0.7156540500712891,0.29894342801598195,0.7755822925630689,169.18052431495644,-521.7612649672942,0.2943778248389986,174.2434370464739,-521.0776079339981,0.07948722385479404,-0.035540228966228854,0.22441770743693112,64.95398370958911,95.18604815543306,TRACK
18.948,169.10070611989107,-521.4760036176453,0.11237215455945403,0.39201125320083474,0.7169446820010563,0.29639063165113244,0.7757944854019994,169.21485378794424,-521.7467938809282,0.2938657122067181,174.2434370464739,-521.0776079339981,0.07731331650314437,-0.03505883805630966,0.22420551459800064,26.531678066065282,133.65426312149202,TRACK
19.0,169.13816210241524,-521.460835103377,0.1091680193260458,0.38947843262983184,0.7181216179825665,0.2947496796870577,0.7762577097134187,169.25208767049293,-521.7310984832651,0.2932939303333087,174.2434370464739,-521.0776079339981,0.07492442649482366,-0.03424359283122215,0.22374229028658132,26.531678066065282,133.65426312149202,TRACK
19.044,169.17278134096702,-521.4468070783495,0.10435742540764559,0.3879045011196531,0.7192109994620826,0.29387497428897674,0.7769343358743996,169.28650460229318,-521.7165905299181,0.2927731048217029,174.2434370464739,-521.0776079339981,0.07268266773826575,-0.03167475766937984,0.22306566412560036,48.88793260399332,110.90277458477497,TRACK
19.1,169.21034597385432,-521.4317074085762,0.10082762398850798,0.38590492636859786,0.7203260248533099,0.292651125992304,0.7775051534398564,169.32380610011944,-521.7008666300254,0.292095680802066,174.2434370464739,-521.0776079339981,0.07023854066548316,-0.030589083323024818,0.22249484656014362,48.88793260399332,110.90277458477497,TRACK
19.148,169.24507482300987,-521.41785295262,0.09813884608744171,0.3836904362044162,0.7214431079139227,0.29124530657577635,0.7780128447261767,169.34658975633485,-521.6912625135584,0.2916471664537308,174.2434370464739,-521.0776079339981,0.0679664514830624,-0.030172394604379302,0.2219871552738233,53.92747944860372,104.97171553169537,TRACK
19.2,169.282752984188,-521.4029458300735,0.09254726838827043,0.38125714065759736,0.7225410280737135,0.2896458510299508,0.7784344906725826,169.3828836638816,-521.6780526115261,0.2927625218793419,174.2434370464739,-521.0776079339981,0.0654894865302934,-0.027057781857977026,0.22156550932741736,53.92747944860372,104.97171553169537,TRACK
19.248,169.3175804802768,-521.3892806109557,0.09195502751384188,0.3786836579527402,0.723602160562137,0.2879120259034027,0.7787768752537496,169.41802903361557,-521.6652607430707,0.2936919222417882,174.2434370464739,-521.0776079339981,0.06318855359575896,-0.028766473918082916,0.2212231247462504,56.57047936153296,102.43214630221777,TRACK
19.3,169.35536027351856,-521.374570624918,0.08846951793892144,0.37609799410159805,0.7246284742618097,0.2861523382448163,0.7790825286155337,169.45611712895578,-521.651397810087,0.29459333727397813,174.2434370464739,-521.0776079339981,0.06067788258223827,-0.02779163535668317,0.22091747138446627,56.57047936153296,102.43214630221777,TRACK
19.348,169.3902799020906,-521.3610872482105,0.08353922937640612,0.3734332090097499,0.7256307999414214,0.2843153083507889,0.7793428336657953,169.49128541069567,-521.6385976023433,0.2953203505000603,174.2434370464739,-521.0776079339981,0.05834502465655957,-0.025194204719846548,0.22065716633420474,51.150582546670336,107.98551159243635,TRACK
19.4,169.4281569897025,-521.346568830493,0.08010081614392361,0.3708406504916431,0.7266019558111629,0.2825250696808677,0.7795965733549541,169.52939785025546,-521.6247258087883,0.29600847356096455,174.2434370464739,-521.0776079339981,0.055797733240576436,-0.02430308290334718,0.22040342664504586,51.150582546670336,107.98551159243635,TRACK
19.444,169.46316331440343,-521.3332508153047,0.07515906064083544,0.36828276786354197,0.727545722221548,0.2807518227068689,0.779836113472634,169.56458954043583,-521.6119170810691,0.2965504459653553,174.2434370464739,-521.0776079339981,0.05342781656983862,-0.021731244070996823,0.22016388652736596,58.63761632299453,100.51241145398406,TRACK
19.5,169.50113589929583,-521.3189682877417,0.07172082519946787,0.36529846217449663,0.7284894254505538,0.2786210818185802,0.7799529153910728,169.60271049258213,-521.598042189186,0.29698424279521574,174.7364817766684,-521.1519224698777,0.031896491253594825,-0.03982433394587305,0.2200470846089272,58.63761632299453,100.51241145398406,TRACK
19.548,169.53623145677457,-521.3059208033674,0.0692788848252408,0.36202138230568204,0.7294232331586672,0.2762416100778882,0.7799792819107872,169.63789403036057,-521.5852364286985,0.2972414799826232,174.7364817766684,-521.1519224698777,0.02960498639663207,-0.03967389842860873,0.22002071808921275,24.721082779177166,134.50545351127857,TRACK
19.6,169.5742904601645,-521.291818678801,0.06586814845435995,0.35950984042703316,0.7302914705237389,0.27447519267076653,0.7801680993935726,169.67603331155505,-521.5713548655874,0.297476196580826,174.7364817766684,-521.1519224698777,0.027093528304061778,-0.03877462015029817,0.21983190060642743,24.721082779177166,134.50545351127857,TRACK
19.648,169.60945788857353,-521.278829657776,0.06322417896430467,0.35751218588920664,0.7311186213230177,0.27312048687636514,0.780467320774453,169.71126152320375,-521.5585328451408,0.29765391488431675,174.7364817766684,-521.1519224698777,0.024747549822021517,-0.038476629142283156,0.21953267922554698,44.233854229381976,115.0862495899837,TRACK
19.7,169.64760056104035,-521.2648729666132,0.05950888540403376,0.35515314225567496,0.7319566300789362,0.27146758391139497,0.7806760899574182,169.74942794465744,-521.5446414037832,0.29772335227664276,174.7364817766684,-521.1519224698777,0.022191902182087313,-0.037316983221946445,0.21932391004258178,44.233854229381976,115.0862495899837,TRACK
19.748,169.68285015172356,-521.2520949894114,0.05417552899999967,0.35256702566647635,0.7328000749496871,0.26962667997245526,0.7808293644575849,169.78466087924267,-521.5318176643284,0.29767465310419994,174.7364817766684,-521.1519224698777,0.01981929245268563,-0.03435623654731404,0.21917063554241512,45.53543117213811,113.3598862719513,TRACK
19.8,169.72107854584104,-521.238353428743,0.050388751853805314,0.3499446947323488,0.7336265475849653,0.2677486157112826,0.7809591746927258,169.81513349748198,-521.5207265383291,0.2976254474091109,174.7364817766684,-521.1519224698777,0.01723139702399669,-0.033157354829808625,0.2190408253072742,45.53543117213811,113.3598862719513,TRACK
19.848,169.75640160047323,-521.2257421630042,0.04497649984281371,0.3474854219757422,0.7344211959565985,0.2659937462250259,0.7811063731023733,169.84458957139668,-521.5116405428386,0.2991905777385634,174.7364817766684,-521.1519224698777,0.014821907408252444,-0.030154592434561266,0.2188936268976267,51.88600053549814,107.17284460493289,TRACK
19.9,169.79470793939925,-521.2121919575071,0.041158783643834296,0.3448636165359114,0.735204904758447,0.26409924127633977,0.7812007816327474,169.88338438339477,-521.4996739281469,0.30084779401320416,174.7364817766684,-521.1519224698777,0.012195317250273403,-0.028963466393560892,0.21879921836725258,51.88600053549814,107.17284460493289,TRACK
19.952,169.8301037729982,-521.1997879252239,0.037730843186937424,0.34213356981706955,0.7359778080853772,0.2621105755617067,0.7812587841525018,169.9191987253716,-521.4886266667013,0.30226764483927837,174.7364817766684,-521.1519224698777,0.009755452365725245,-0.027975390821212177,0.21874121584749817,55.16896486930112,103.8742544676464,TRACK
19.996,169.8684880812529,-521.1864942432306,0.03460997859105985,0.33907796059448503,0.7367414962006333,0.259848579838695,0.7812229621997387,169.95799248025776,-521.4766603780854,0.30365675236649886,174.7364817766684,-521.1519224698777,0.007101733138818548,-0.027508245452241308,0.21877703780026125,55.16896486930112,103.8742544676464,TRACK
20.044,169.9039548239595,-521.1743876669534,0.031922555956067626,0.3355339489462121,0.7374936380993844,0.2571786955833073,0.7810491327048492,169.99378778924824,-521.4656189875386,0.30477146149594353,174.7364817766684,-521.1519224698777,0.0046487139061913525,-0.027273842049876273,0.2189508672951508,53.260629819578966,106.00353497501517,TRACK
20.096,169.94241406341726,-521.1614543936016,0.028262716687816214,0.3316412189245682,0.7382311303456182,0.25421703045851485,0.7807762165861064,170.0325484525602,-521.4536629063216,0.3057940859666766,174.7364817766684,-521.1519224698777,0.0019882721174195694,-0.026274444570396644,0.2192237834138936,53.260629819578966,106.00353497501517,TRACK
20.144,169.97794851495652,-521.1497061076333,0.022977539214364965,0.3273269241202266,0.7389556105317876,0.250905654983834,0.7803903139066205,170.06830467173964,-521.4426335733846,0.3065464650914908,175.22520933956227,-521.2507208781816,-0.01924857521563455,-0.04222611442999952,0.2196096860933795,54.21212307033466,105.64366563972413,TRACK
20.2,170.01648103881251,-521.1371918220572,0.019818909302373955,0.3226764832883547,0.7396746727994528,0.2473194440402795,0.7799266176900045,170.10701424034735,-521.4306932527966,0.30714711528228494,175.22520933956227,-521.2507208781816,-0.021792475417835067,-0.04161138472020902,0.2200733823099955,54.21212307033466,105.64366563972413,TRACK
20.248,170.05208314777127,-521.1258212124307,0.01410381083785972,0.3179441249859973,0.7403872484772283,0.24366833381948416,0.7794533562786451,170.14272586249882,-521.4196776762209,0.30751865479102497,175.22520933956227,-521.2507208781816,-0.024139253587096277,-0.038243064424955994,0.2205466437213549,23.467816024074416,137.0088345379807,TRACK
20.3,170.09068816979877,-521.1135731578479,0.010884667077502685,0.3141927880816887,0.7410932059260436,0.24082324590505938,0.7792399987410745,170.18142664396316,-521.4077400661075,0.3078435326731914,175.22520933956227,-521.2507208781816,-0.026704557778587466,-0.03758922485609015,0.22076000125892548,23.467816024074416,137.0088345379807,TRACK
20.348,170.12635909732467,-521.102322037971,0.0076761903161248765,0.3111635159227839,0.7418110970616201,0.23857452560716685,0.7792313571670798,170.21716745019611,-521.396715487435,0.308080606397962,175.22520933956227,-521.2507208781816,-0.029096159587676494,-0.03677234990380137,0.2207686428329202,48.452938222199805,137.0088345379807,TRACK
20.396,170.16504206257872,-521.0902899322697,0.0037244261133659857,0.30780204277784284,0.74254332537694,0.23605876848057605,0.7791625839569111,170.25587857896352,-521.3847746856013,0.30817615523222575,175.22520933956227,-521.2507208781816,-0.0316940557895899,-0.035418481902955885,0.22083741604308893,48.452938222199805,112.02159979439676,TRACK
20.448,170.20078518296074,-521.0793462574554,-0.0026156220812141306,0.3040620826916919,0.7432800809472689,0.2332358283663351,0.7790149102338858,170.29159531856877,-521.3737575305003,0.3080981636183911,175.22520933956227,-521.2507208781816,-0.034095093085533906,-0.031479471004319776,0.2209850897661142,47.679188505753146,112.18575538091575,TRACK
20.5,170.23954247353294,-521.067644293238,-0.003083572757771824,0.3002708643297486,0.7439984314670223,0.23036650913231005,0.7788468363903112,170.31591186713268,-521.3675657764165,0.3094918098283159,175.22520933956227,-521.2507208781816,-0.03670408984029214,-0.03362051708252031,0.22115316360968884,47.679188505753146,112.18575538091575,TRACK
20.548,170.2753489310423,-521.056997106049,-0.008764290364536631,0.2963376159570667,0.7446877331259143,0.22737397085553715,0.7786261891888993,170.3520841274298,-521.3583551871825,0.31097424881985086,175.22520933956227,-521.2507208781816,-0.0391172551623844,-0.03035296479784777,0.22137381081110075,48.75237999720594,111.43469687757491,TRACK
20.6,170.31417235087494,-521.0456472508196,-0.012245865675091894,0.29216904551936984,0.7453585061747023,0.2241863374082924,0.7783436365818946,170.3912576764808,-521.348380375927,0.3123931696773993,175.22520933956227,-521.2507208781816,-0.041733457996561585,-0.02948759232146969,0.22165636341810535,48.75237999720594,111.43469687757491,TRACK
20.648,170.3500392378966,-521.0353486990793,-0.01839078419052087,0.2877769426099626,0.7460124135464652,0.22081472575449929,0.7780062109491523,170.42740331863953,-521.3391765645038,0.3135228425450896,175.22520933956227,-521.2507208781816,-0.04414866123961665,-0.02575787704909578,0.22199378905084766,54.75278364080205,105.74926346946415,TRACK
20.7,170.38892592129616,-521.024436559791,-0.022301702993363426,0.2828126663376294,0.74664536091768,0.21697666310461225,0.7775333866220183,170.46653160949347,-521.3292132774013,0.314501972073192,175.22520933956227,-521.2507208781816,-0.04675478837529161,-0.024453085381928183,0.22246661337798168,54.75278364080205,105.74926346946415,TRACK
20.748,170.42484880442888,-521.0145926496014,-0.02502589912168318,0.2774473634825779,0.7472571741058474,0.21281334281717618,0.7769702717180867,170.5026211211389,-521.320023758563,0.3151772446862244,175.22520933956227,-521.2507208781816,-0.049150070206133024,-0.024124171084449843,0.22302972828191325,59.96201753295001,101.05257214865912,TRACK
20.8,170.46379431403935,-521.0041983308056,-0.031234401542227456,0.27163470598847117,0.7478504009315895,0.2082904339564804,0.776315095210262,170.5416808314666,-521.3100779342083,0.315640050333799,175.70840468142924,-521.3737575304997,-0.0703482885665964,-0.03911388702436895,0.22368490478973801,59.96201753295001,101.05257214865912,TRACK
20.848,170.4997701282645,-520.9948582601131,-0.03137802901179443,0.2654773145582448,0.7484264059971841,0.20349346420433764,0.7755976245243045,170.57769956964987,-521.3009064365078,0.31581400239565904,175.70840468142924,-521.3737575304997,-0.07261654338673122,-0.041238514374936794,0.22440237547569553,26.275761488327625,135.45416590839667,TRACK
20.9,170.53877900110442,-520.9848628851928,-0.03755708452593276,0.2603582586996793,0.7490368849361384,0.1995473136965233,0.7751615221347952,170.616723386822,-521.2909697516736,0.3158745652495712,175.70840468142924,-521.3737575304997,-0.07508542301498704,-0.03752833848905428,0.22483847786520483,26.275761488327625,135.45416590839667,TRACK
20.948,170.57482176799246,-520.9757589441184,-0.04082772379813382,0.25582976680391817,0.7496858171004924,0.19608865757014088,0.7749061788302458,170.65274853600852,-521.2817966215312,0.31580316839705125,175.70840468142924,-521.3737575304997,-0.0773736483191723,-0.036545924521038484,0.22509382116975418,45.910260061521,116.0317757595464,TRACK
21.0,170.6139029744816,-520.9661176728395,-0.04483529482016446,0.2509468152793193,0.7503423632536921,0.1923507994904582,0.7746047328526686,170.6917556067532,-521.2718642008612,0.3155027285919115,175.70840468142924,-521.3737575304997,-0.07984553463929119,-0.03501023981912672,0.22539526714733138,45.910260061521,116.0317757595464,TRACK
21.048,170.65001100135132,-520.9574086179151,-0.048341612304439785,0.24595466214700415,0.7510102320399787,0.18853154515876358,0.7743129290853238,170.72774761435625,-521.2626995096028,0.31503255315754375,175.70840468142924,-521.3737575304997,-0.0821234032449336,-0.033781790940493814,0.2256870709146762,48.62689043757707,112.8342415522824,TRACK
21.1,170.68916134596054,-520.9481918815487,-0.054741148707940335,0.24079736581512376,0.7516685856957774,0.18458122989625708,0.7739999309766799,170.7667180956998,-521.2527764057393,0.31430364586892195,175.70840468142924,-521.3737575304997,-0.08458451351253186,-0.02984336480459153,0.22600006902332015,48.62689043757707,112.8342415522824,TRACK
21.148,170.72533024133227,-520.9398723998381,-0.057562211199134294,0.23565158352064625,0.7523161094544666,0.18064068690569784,0.7736992867454818,170.78764433374644,-521.2481224520642,0.3144855176487107,175.70840468142924,-521.3737575304997,-0.08685272470437588,-0.02929051350524159,0.22630071325451817,55.743683261908586,105.91316724924704,TRACK
21.196,170.76454471641432,-520.9310915663306,-0.06154979150985285,0.2302772165134382,0.7529490534284193,0.17651821048188204,0.7733634046749812,170.82702456489932,-521.2401615665894,0.31532205207808606,175.70840468142924,-521.3737575304997,-0.08930039531726325,-0.0277506038074104,0.22663659532501879,55.743683261908586,105.91316724924704,TRACK
21.248,170.80077044395512,-520.923216508176,-0.06801855080151742,0.2246054907805653,0.7535628147134302,0.17215913585704745,0.7729784497499739,170.86335747506797,-521.2328167103418,0.3158629792246018,175.70840468142924,-521.3737575304997,-0.09154750405668832,-0.023528953255170904,0.22702155025002613,53.94499870638063,107.89844021568939,TRACK
21.296,170.84004512628616,-520.9149267883811,-0.06813021508448247,0.21880475569485983,0.7541646529457342,0.16769962923430853,0.7725849399244619,170.90270016679173,-521.2248634136264,0.31620620767026275,175.70840468142924,-521.3737575304997,-0.0939699289346323,-0.025839713850149826,0.22741506007553813,53.94499870638063,107.89844021568939,TRACK
21.348,170.87632463916975,-520.9075164503038,-0.07386640304920022,0.2127489006208043,0.7547451391909543,0.16303847414933076,0.7721539802301838,170.93899449386447,-521.2175263571198,0.316280971624207,175.70840468142924,-521.3737575304997,-0.09619091432457641,-0.022324511275376185,0.22784601976981622,55.352292188273154,106.82571644922324,TRACK
21.4,170.91565425691766,-520.8997638212497,-0.0776791518502804,0.20641205592154133,0.755302921469653,0.15815616529155552,0.7716837926251418,170.97828565177036,-521.2095834781904,0.31608687326121326,175.70840468142924,-521.3737575304997,-0.09857750214904179,-0.020898350298761387,0.22831620737485825,55.352292188273154,106.82571644922324,TRACK
21.448,170.95198316841024,-520.8928539543891,-0.08336067674391368,0.1999600247199404,0.755845211921976,0.15318595329812923,0.7712119816712091,171.01453023775156,-521.2022564770625,0.3156613009538048,175.70840468142924,-521.3737575304997,-0.10076375285662893,-0.017403076112715257,0.22878801832879092,62.82130296737213,99.70107202389175,TRACK
21.5,170.99136334196,-520.8856661622864,-0.08708782593888409,0.19316959445955884,0.756358248180452,0.1479502395660781,0.7706925930474888,171.0537602653797,-521.1943259558853,0.31490354751383487,176.18486650251606,-521.5207265383284,-0.12167572440774306,-0.03458789846885897,0.22930740695251117,62.82130296737213,99.70107202389175,TRACK
21.548,171.02773758408975,-520.8792865943449,-0.08942026630837163,0.18633538324548654,0.7568617101799627,0.14268533862477786,0.7701939717986667,171.08994540895512,-521.1870109712991,0.31394920870472165,176.18486650251606,-521.5207265383284,-0.1237437702567199,-0.034323503948348266,0.22980602820133333,30.932610263247838,131.9222461511862,TRACK
21.6,171.0671814024552,-520.8725133296775,-0.09305869869268668,0.18064196385101317,0.757447350615142,0.13833475152092706,0.7699759687368525,171.12915607414297,-521.1790843643237,0.31277253590239146,176.18486650251606,-521.5207265383284,-0.12599050810648244,-0.032931809413795754,0.23002403126314752,30.932610263247838,131.9222461511862,TRACK
21.648,171.10362726952272,-520.8663920562185,-0.09552261959229846,0.17565827720869379,0.7580918919339075,0.13455187412736397,0.7699399479486159,171.1653598652431,-521.1717656100589,0.3115508317425307,176.18486650251606,-521.5207265383284,-0.12806976782661245,-0.03254714823431398,0.23006005205138413,49.45655429853255,113.2883480787564,TRACK
21.7,171.1431422192591,-520.859973597795,-0.09938134582030411,0.1705369381452675,0.7587257375980061,0.13065988064843764,0.7698939857569368,171.204569959504,-521.1638391184988,0.31001229321458706,176.18486650251606,-521.5207265383284,-0.1303142346348716,-0.03093288881456749,0.2301060142430632,49.45655429853255,113.2883480787564,TRACK
21.748,171.17964585342526,-520.8542533286516,-0.10521270327536181,0.16525358425829897,0.759344061900324,0.1266392182592616,0.7698317322276342,171.24075136764225,-521.1565248890474,0.3083860893293898,176.18486650251606,-521.5207265383284,-0.13237690942610866,-0.027164206150746856,0.23016826777236576,51.02811878977103,111.08205890572238,TRACK
21.8,171.21921960643434,-520.8482760676029,-0.10837679561580749,0.1598833995476404,0.7599354393347885,0.12254705661909057,0.7697529818344068,171.26495431219348,-521.1517060143096,0.30685728909270454,176.18486650251606,-521.5207265383284,-0.13460169531904168,-0.02622489970323419,0.23024701816559323,51.02811878977103,111.08205890572238,TRACK
21.848,171.25577476138886,-520.8429472505422,-0.11491511654260367,0.1545891492416967,0.7605060404443839,0.118511544536477,0.7696846261559446,171.30148279386472,-521.1462002315773,0.30667832453475774,176.18486650251606,-521.5207265383284,-0.13664897127594963,-0.021733854733345964,0.23031537384405543,57.80817282623237,104.39696185685108,TRACK
21.9,171.29540026931414,-520.8374104763718,-0.11801403879096652,0.14907421226911208,0.7610390757859078,0.11429925317270934,0.769574424048063,171.34104407313993,-521.1402373281567,0.3062473820126705,176.18486650251606,-521.5207265383284,-0.13885337798802436,-0.02083933919705784,0.23042557595193702,57.80817282623237,104.39696185685108,TRACK
21.952,171.33200077784403,-520.8325081546681,-0.12176782477296365,0.14350159179143346,0.7615541072912728,0.11004061031879417,0.7694631857675455,171.37755404506382,-521.1347343353199,0.3056399260989647,176.18486650251606,-521.5207265383284,-0.14087747058618583,-0.01910964581322218,0.23053681423245453,62.838150812405075,99.44887860034603,TRACK
22.0,171.37167367688997,-520.8274402188241,-0.12484323339458481,0.13774686937626424,0.7620392979331523,0.10563750334921332,0.7693264415762054,171.4170925664711,-521.128774862096,0.3047383185071283,176.18486650251606,-521.5207265383284,-0.1430548459854452,-0.018211612590860404,0.23067355842379456,62.838150812405075,99.44887860034603,TRACK
22.048,171.40831322387032,-520.8229960648395,-0.1310657565366429,0.1317840737805623,0.7624889070549501,0.10106966664839555,0.7691582482807229,171.45357318600807,-521.1232762934196,0.3036719938500515,176.18486650251606,-521.5207265383284,-0.14504819216291287,-0.013982435626269968,0.23084175171927712,61.82220581032215,100.59637078032674,TRACK
22.1,171.44802727880028,-520.8184189137744,-0.1305864257216105,0.12582281177900986,0.7629239285373686,0.09650303087477168,0.7690030921283145,171.49307961840256,-521.1173216568362,0.3022789491736496,176.18486650251606,-521.5207265383284,-0.14719272817472698,-0.016606302453116478,0.23099690787168548,61.82220581032215,100.59637078032674,TRACK
22.148,171.4847044721194,-520.8144189280933,-0.13606961612456203,0.11980719916859306,0.763338421501228,0.09189353232624578,0.7688497688257317,171.5295315875648,-521.1118274065091,0.3007678063102967,176.65341024366322,-521.6912625135577,-0.16804482519299266,-0.03197520906843063,0.23115023117426825,61.972849757880844,100.601621296899,TRACK
22.196,171.52445758764702,-520.8103246200334,-0.13948472740600604,0.11379740862163246,0.7637390207962991,0.08728863872334135,0.7687109979290421,171.56900505264352,-521.105877738949,0.29889148990617226,176.65341024366322,-521.6912625135577,-0.17009813687198813,-0.030613409465982094,0.23128900207095793,61.972849757880844,100.601621296899,TRACK
22.248,171.56117226278263,-520.8067494692522,-0.14486729364789763,0.10794407954075812,0.7641415363814298,0.08280642294987459,0.7686151125922034,171.60543105987378,-521.1003874017534,0.29695467082296473,176.65341024366322,-521.6912625135577,-0.17198236099242284,-0.027115067344525207,0.2313848874077966,33.10987778378382,129.50296659998514,TRACK
22.3,171.60098289862546,-520.8029884867536,-0.14825342890255544,0.10312940930709744,0.7646482014361868,0.07913848019601188,0.7687325744414177,171.64491164281756,-521.0944366613478,0.2947401788704186,176.65341024366322,-521.6912625135577,-0.17403278986450002,-0.02577936096194458,0.23126742555858226,33.10987778378382,129.50296659998514,TRACK
22.348,171.63776701007782,-520.7996065015944,-0.15031496732398741,0.09912060171862554,0.7652388102736767,0.07610032057986706,0.7690134560210443,171.68137707565091,-521.0889403816988,0.29260200271958486,176.65341024366322,-521.6912625135577,-0.17593693975474062,-0.025621972430753204,0.23098654397895568,58.025097466474094,104.2590242606443,TRACK
22.4,171.67763873826792,-520.7961379753103,-0.15390871997617947,0.09479683767608135,0.7657726279573449,0.07281105836611025,0.7692263437695639,171.72087429236996,-521.0829871341549,0.29008921570501484,176.65341024366322,-521.6912625135577,-0.1779928129940737,-0.024084093017894243,0.2307736562304361,58.025097466474094,104.2590242606443,TRACK
22.444,171.71446225676394,-520.7931173277013,-0.15597484244462856,0.09026252532942503,0.7662570305391058,0.06935274342020263,0.769389134229563,171.75656295352405,-521.0776079339984,0.28758889710650704,176.65341024366322,-521.6912625135577,-0.17988380855258979,-0.023908966107961227,0.230610865770437,55.45120222761945,106.22655934769638,TRACK
22.5,171.7543782651796,-520.7900017472124,-0.1594842780683281,0.08593202797850787,0.7667325111097605,0.06604953651415642,0.769572144029664,171.7828939519829,-521.0749731202014,0.2863945317514412,176.65341024366322,-521.6912625135577,-0.18193287509577744,-0.022448597027449335,0.230427855970336,55.45120222761945,106.22655934769638,TRACK
22.548,171.79124464726937,-520.7872667113668,-0.16506558978340458,0.08177202243732036,0.7671935016257994,0.06287516844172503,0.76976564988536,171.81966581815539,-521.0712935400109,0.28544527031314093,176.65341024366322,-521.6912625135577,-0.18382554309755705,-0.018759953314152478,0.23023435011464,56.654513449534676,105.09226606413125,TRACK
22.596,171.8312058399923,-520.7844554365979,-0.16853915223474902,0.07773176745980448,0.7676453424610901,0.059790901200694885,0.7699703394732783,171.85950936698762,-521.0673065916106,0.2842637253193136,176.65341024366322,-521.6912625135577,-0.18587752307975913,-0.01733837084501011,0.2300296605267217,56.654513449534676,105.09226606413125,TRACK
22.648,171.86811472736522,-520.7819931025282,-0.17102195522581454,0.07383875031969278,0.7680967763606741,0.05681860503881976,0.7701954373626325,171.8962962996537,-521.0636255037899,0.2830388850619283,176.65341024366322,-521.6912625135577,-0.18777470613629982,-0.01675275091048528,0.22980456263736748,64.52306224207092,97.07342224036739,TRACK
22.7,171.90811358857414,-520.7795133612902,-0.17750460120421607,0.06966409987881618,0.7684860089252116,0.05362265929988616,0.7703545518163646,171.9361442974905,-521.0596381101998,0.2815237034318573,176.65341024366322,-521.6912625135577,-0.1898241023808296,-0.01231950117661354,0.22964544818363541,64.52306224207092,97.07342224036739,TRACK
22.748,171.9450477878598,-520.7773947997142,-0.17927527263383225,0.06533450114995153,0.7688277755927031,0.050302573370114775,0.7704716071410287,171.97292223253632,-521.0559579227267,0.27995427871086187,176.65341024366322,-521.6912625135577,-0.19171089317595758,-0.012435620542125325,0.2295283928589713,68.3359295686075,93.18209985192814,TRACK
22.8,171.98506896715034,-520.7752973635723,-0.18251830976094263,0.06079268565014666,0.769111376283083,0.046814031337754004,0.7705347900375105,172.01275445105856,-521.0519721080951,0.2780564695812295,177.11287103130542,-521.884941476883,-0.21311163592770685,-0.030593326166764218,0.22946520996248954,68.3359295686075,93.18209985192814,TRACK
22.844,172.02201721015373,-520.7735493049536,-0.18407273053601725,0.05606146403542044,0.769336666483762,0.04317538113142724,0.7705472210917325,172.0495095837301,-521.0482942023438,0.2761169847126431,177.11287103130542,-521.884941476883,-0.21493923072287519,-0.030866500186857937,0.22945277890826754,27.458285094948756,134.22654528687764,TRACK
22.896,172.06208309204922,-520.7716853748551,-0.18722980718597615,0.052708585724277675,0.7697430382802044,0.04060968109048637,0.7708135255553779,172.0893629275256,-521.0443062738098,0.27398237894152144,177.11287103130542,-521.884941476883,-0.21694359643900904,-0.02971378925303289,0.22918647444462215,27.458285094948756,134.22654528687764,TRACK
22.948,172.0991019522914,-520.7699977242413,-0.19331955095574171,0.05020311327160083,0.7702621641479699,0.03870207843446544,0.771233850653005,172.12618199254723,-521.0406219706618,0.27197575504250815,177.11287103130542,-521.884941476883,-0.21881583196003013,-0.025496281004288412,0.22876614934699502,49.65101820120857,111.8648467083189,TRACK
23.0,172.13922420680086,-520.7682973636316,-0.19521444577497693,0.0474535714697187,0.7707240428176132,0.03660108585521542,0.7715926319392292,172.1660749447607,-521.0366300787078,0.2696727796963576,177.11287103130542,-521.884941476883,-0.22085004572412298,-0.02563559994914605,0.22840736806077078,49.65101820120857,111.8648467083189,TRACK
23.048,172.1762802119052,-520.7668245356306,-0.20192785896296758,0.04474629210883721,0.7711706650506347,0.034530076646921926,0.7719433404258894,172.20290950326333,-521.0329442252033,0.2674487022524711,177.11287103130542,-521.884941476883,-0.22273768136746216,-0.020809822404494582,0.2280566595741106,56.0860398878813,104.72542793324959,TRACK
23.1,172.2164405264321,-520.7653443395159,-0.2054483002734455,0.04197718943832572,0.7715707415985926,0.03240740828481702,0.7722510274533411,172.24281832580374,-521.0289507451836,0.2649228669041892,177.11287103130542,-521.884941476883,-0.2247913304561853,-0.019343030182739807,0.22774897254665893,56.0860398878813,104.72542793324959,TRACK
23.148,172.25352968436013,-520.764059316834,-0.20731479356842875,0.03940477449070037,0.771962758597593,0.030434772440122028,0.7725624738719113,172.2666657329311,-521.0272649807275,0.2635332564927293,177.11287103130542,-521.884941476883,-0.22670031268997778,-0.01938551912154904,0.22743752612808865,63.52131684467621,97.25549147995439,TRACK
23.196,172.29372539649083,-520.7627713916419,-0.2107531769163986,0.03682194890321079,0.7723238555065863,0.02845132934109086,0.7728477313972227,172.30682569226934,-521.0252606804831,0.2628159898215444,177.11287103130542,-521.884941476883,-0.22877981046082502,-0.018026633544426407,0.22715226860277726,63.52131684467621,97.25549147995439,TRACK
23.244,172.33084046509782,-520.7616902236095,-0.21246325234419114,0.03412533620175749,0.7726412146719345,0.026376880974104844,0.7730913183186346,172.3439023691061,-521.023410260471,0.2620457804107501,177.11287103130542,-521.884941476883,-0.2307077332236867,-0.018244480879495567,0.22690868168136535,58.848212797007,101.84797884708959,TRACK
23.3,172.3710632775302,-520.7606187841185,-0.215760175606585,0.03150089144655607,0.772947257831595,0.024356584592202205,0.7733309166213254,172.3840785839047,-521.0214051489502,0.2611109463085542,177.11287103130542,-521.884941476883,-0.23280912584979116,-0.017048950243206157,0.22666908337867464,58.848212797007,101.84797884708959,TRACK
23.348,172.40819961934406,-520.7597447890182,-0.22179076019347232,0.02870992689705096,0.7732015433166297,0.02220466092445933,0.7735203123085962,172.4211661672113,-521.0195541846188,0.2601327611161507,177.11287103130542,-521.884941476883,-0.23475610189294555,-0.01296534169947322,0.2264796876914038,59.194029104549244,101.50243939841455,TRACK
23.4,172.44843353861307,-520.7589401515494,-0.22448971932106931,0.025659239384459517,0.7733862290049225,0.0198488587180365,0.773640896286425,172.46134017879896,-521.0175491830557,0.258930903017662,177.11287103130542,-521.884941476883,-0.23686955012852748,-0.012379830807458164,0.22635910371357504,59.194029104549244,101.50243939841455,TRACK
23.448,172.4855741991371,-520.7583265534754,-0.22652095658598917,0.022459698157534135,0.7735183651741651,0.017375910789514823,0.773713502232886,172.49841910649982,-521.0156986507077,0.25769242922310587,177.11287103130542,-521.884941476883,-0.23882482170878383,-0.01230386512279466,0.22628649776711396,67.09808103378472,93.70209227905124,TRACK
23.5,172.52580268996144,-520.7578348266305,-0.23189948914336078,0.018876867747788077,0.7735556256040086,0.01460404193058397,0.773693468981301,172.53857212521189,-521.0136946968555,0.2561783200588206,177.562106573531,-522.1012819118849,-0.26068260525635556,-0.028783116112994778,0.22630653101869902,67.09808103378472,93.70209227905124,TRACK
23.548,172.56293402808294,-520.7575186214071,-0.23445421499880514,0.015250747251170527,0.7735604971118478,0.011798290342059696,0.7736504652276276,172.57562694828994,-521.0118453675191,0.2546432877797148,177.562106573531,-522.1012819118849,-0.2625903672823029,-0.02813615228349775,0.2263495347723724,30.267023070045738,130.7859205386389,TRACK
23.6,172.60319535138711,-520.7571645493432,-0.23755030732331825,0.012989724411041528,0.7738039992085239,0.010052066075795348,0.7738692869105851,172.61580586491078,-521.009840121156,0.25299005838620786,177.562106573531,-522.1012819118849,-0.26469107240108214,-0.02714076507776389,0.2261307130894149,30.267023070045738,130.7859205386389,TRACK
23.644,172.64039429235095,-520.7568227057163,-0.23908637739876637,0.011658318693278078,0.7742148773468337,0.00902645272852957,0.7742674945740865,172.6529293992446,-521.0079873625834,0.2514772629165621,177.562106573531,-522.1012819118849,-0.26666314616533604,-0.02757676876656967,0.2257325054259135,51.820440742159576,109.06289193834994,TRACK
23.7,172.6807108911902,-520.7565124870853,-0.24532979134464108,0.01026970089125899,0.7746013932318685,0.007955204290274506,0.774642242375183,172.6931612708663,-521.0059794733461,0.2497774793453816,177.562106573531,-522.1012819118849,-0.2688205087211087,-0.0234907173764676,0.22535775762481702,51.820440742159576,109.06289193834994,TRACK
23.748,172.7179401026737,-520.7562880438214,-0.24872830635059381,0.0087841007214395,0.774953906001374,0.006807448254224281,0.7749838048491855,172.73030915585863,-521.0041254994827,0.24814592058978158,177.562106573531,-522.1012819118849,-0.27083033912593574,-0.022102032775341923,0.2250161951508145,56.525021659668546,103.55559969695756,TRACK
23.8,172.75827995373317,-520.7561234717429,-0.2503597081164006,0.0071364435424923,0.7752382671857021,0.005532538047959211,0.7752580085921991,172.75827995373317,-521.0031081799918,0.24698470824898777,177.562106573531,-522.1012819118849,-0.2730254943396623,-0.022665786223261652,0.22474199140780093,56.525021659668546,103.55559969695756,TRACK
23.848,172.79552311085382,-520.7560367306264,-0.25371319840830453,0.00545294791530287,0.7754695610088341,0.004228637038501744,0.7754810903061643,172.79552311085382,-521.0031081799918,0.24707144936542136,177.562106573531,-522.1012819118849,-0.2750700052471943,-0.021356806838889797,0.2245189096938357,53.92772893362792,106.16616009729589,TRACK
23.9,172.83587434638127,-520.7560198708038,-0.25939061419859843,0.0036899122097260573,0.775650069167428,0.0028620936502738925,0.775655349610572,172.83587434638127,-521.0031081799918,0.2470883091880296,177.562106573531,-522.1012819118849,-0.2773036841104817,-0.01791306991188324,0.22434465038942797,53.92772893362792,106.16616009729589,TRACK
23.948,172.8731247322001,-520.7560765210709,-0.26273461509887697,0.0018655621219058494,0.7757899415544184,0.001447286008526992,0.7757912915557884,172.8731247322001,-521.0031081799918,0.24703165892094603,177.562106573531,-522.1012819118849,-0.2793830293388934,-0.01664841424001645,0.2242087084442116,62.16254923145797,98.06056417537201,TRACK
24.0,172.91347061996208,-520.7562578713965,-0.26549530894322393,-0.0003607672352968661,0.7758223219468242,-0.00027989128631324774,0.7758223724346275,172.91347061996208,-521.0031081799918,0.24685030859529888,177.562106573531,-522.1012819118849,-0.28164607580332746,-0.016150766860103527,0.22417762756537252,62.16254923145797,98.06056417537201,TRACK
24.048,172.95069916386478,-520.7565524433123,-0.2716518110191355,-0.003003370479220608,0.7757426418892766,-0.0023298495553899772,0.7757461405925943,172.95069916386478,-521.0031081799918,0.24655573667951103,177.562106573531,-522.1012819118849,-0.28374127561237034,-0.012089464593234844,0.22425385940740572,60.234135054033615,100.18614408564936,TRACK
24.1,172.99101924614715,-520.7569912539446,-0.2701426060090273,-0.0057604214293459225,0.7756178864362477,-0.004467935313141566,0.7756307550669935,172.99101924614715,-521.0031081799918,0.24611692604719337,177.562106573531,-522.1012819118849,-0.2860218852353764,-0.01587927922634913,0.22436924493300647,60.234135054033615,100.18614408564936,TRACK
24.148,173.02822621864632,-520.7575101928117,-0.2761946484512685,-0.008624540699922282,0.7754524673234067,-0.006688087192107674,0.7754813083422761,173.02822621864632,-521.0031081799918,0.2455979871801901,177.9999999999994,-522.3397459621552,-0.3081089885239024,-0.031914340072633884,0.22451869165772387,58.926713995071495,101.90977186879242,TRACK
24.2,173.06852515348646,-520.7581836725968,-0.2788090058613184,-0.0114537018047223,0.7752869344149893,-0.008880293690489378,0.7753377910889042,173.06852515348646,-521.0031081799918,0.24492450739501237,177.9999999999994,-522.3397459621552,-0.3103448369920578,-0.03153583113073938,0.22466220891109578,58.926713995071495,101.90977186879242,TRACK
24.248,173.10572096140803,-520.7588925430101,-0.28430388779013493,-0.014113690697669623,0.7751559401311301,-0.010941037662399214,0.7752331506235438,173.10572096140803,-521.0031081799918,0.24421563698172122,177.9999999999994,-522.3397459621552,-0.31242214397300344,-0.028118256182868506,0.2247668493764562,28.46114232042548,132.550687161987,TRACK
24.3,173.14604505708513,-520.7596470983588,-0.2861716533723415,-0.015722921524688335,0.775263543527304,-0.01219041240406583,0.7753593799504157,173.14604505708513,-521.0031081799918,0.243461081633086,177.9999999999994,-522.3397459621552,-0.3147094982139224,-0.028537844841580895,0.2246406200495843,28.46114232042548,132.550687161987,TRACK
24.348,173.18329554652138,-520.7603304593105,-0.28956078153820974,-0.016640567938395696,0.7755394554320543,-0.0129066083355402,0.7756468445565767,173.18329554652138,-521.0031081799918,0.24277772068137438,177.9999999999994,-522.3397459621552,-0.3168560051504945,-0.027295223612284758,0.22435315544342327,51.697112149917004,108.98508190061925,TRACK
24.4,173.22364838218627,-520.7611629561428,-0.29547020851243766,-0.018036623676630687,0.7757062706983514,-0.013992639481961276,0.7758324641057606,173.22364838218627,-521.0031081799918,0.2419452238490294,177.9999999999994,-522.3397459621552,-0.31919816340287477,-0.02372795489043711,0.22416753589423943,51.697112149917004,108.98508190061925,TRACK
24.444,173.2608904216627,-520.762028748954,-0.2940510928607505,-0.019859429519367606,0.7757656138029726,-0.015408288244714446,0.7759186187389339,173.2493069173797,-521.0031081799918,0.2413575555913116,177.9999999999994,-522.3397459621552,-0.3213733514135107,-0.027322258552760215,0.22408138126106614,57.213120681296914,102.88906006032866,TRACK
24.5,173.30122449466768,-520.7630762315501,-0.2975023795273819,-0.021996138959930536,0.7757269865053903,-0.017065750987089467,0.7759146843883593,173.28914576750546,-521.0050964543417,0.24232144744106332,177.9999999999994,-522.3397459621552,-0.3237433861848447,-0.026241006657462818,0.2240853156116407,57.213120681296914,102.88906006032866,TRACK
24.548,173.33844157579608,-520.764149094666,-0.3033811891841047,-0.024383729065683844,0.775597091123103,-0.018915698361254167,0.7758277201822019,173.32632378995075,-521.0069519323029,0.24310503634912842,177.9999999999994,-522.3397459621552,-0.3259427558912262,-0.02256156670712145,0.22417227981779808,47.04950170041242,113.4359244404017,TRACK
24.6,173.37875737496208,-520.7653876640234,-0.3054667224966465,-0.026598337072232168,0.7754944497703717,-0.020631728455664487,0.7757688507820611,173.36660108082742,-521.0089620883209,0.24387758334658519,177.9999999999994,-522.3397459621552,-0.328346630578904,-0.022879908082257483,0.22423114921793885,47.04950170041242,113.4359244404017,TRACK
24.648,173.41597114349744,-520.7665975687878,-0.31273646675460176,-0.028664085396367934,0.7754217879211314,-0.02223284573686827,0.7757404518344801,173.4037826213811,-521.0108177418635,0.2445241358404681,177.9999999999994,-522.3397459621552,-0.3305864906648792,-0.017850023910277457,0.22425954816551985,56.43564958066928,104.32023458171234,TRACK
24.7,173.4562669207751,-520.7680378691992,-0.3162117726718614,-0.031135774252127418,0.7752457399791621,-0.02414567942138679,0.7756216675612918,173.44404998307942,-521.0128274023369,0.24509420454272077,177.9999999999994,-522.3397459621552,-0.3330236573341864,-0.016811884662324972,0.2243783324387082,56.43564958066928,104.32023458171234,TRACK
24.748,173.4934440688631,-520.7694904243622,-0.3177274514281756,-0.03390503266628214,0.7749931024614863,-0.026286239686915038,0.7754387630624083,173.4812070742622,-521.0146818356623,0.24549658289310264,177.9999999999994,-522.3397459621552,-0.335282645498744,-0.01755519407056838,0.22456123693759167,64.29248959435502,96.5003654871537,TRACK
24.8,173.5336865425003,-520.7712314201179,-0.32111639323534624,-0.03716850199376727,0.7746083199272267,-0.028804296460314384,0.7751436878379739,173.52143623455288,-521.0166895895826,0.24576367307180697,178.42546263865705,-522.599740768492,-0.35771164376826514,-0.0365952505329189,0.22485631216202606,64.29248959435502,96.5003654871537,TRACK
24.848,173.5707978761349,-520.773005748693,-0.3274845026489373,-0.040877166507513066,0.7740988823715509,-0.03166060522552687,0.7747460704076728,173.55854369394848,-521.0185415458884,0.2458413974200705,178.42546263865705,-522.599740768492,-0.359896316430357,-0.03241181378141972,0.22525392959232715,19.44854537369047,141.8010227279036,TRACK
24.9,173.6110257033333,-520.7749306815085,-0.32580922819101654,-0.0433046547366335,0.7739284950692333,-0.03353567196273349,0.7746547339131934,173.59876740129957,-521.0205490276638,0.24592404912252946,178.42546263865705,-522.599740768492,-0.36229805168143353,-0.03648882349041699,0.2253452660868066,19.44854537369047,141.8010227279036,TRACK
24.948,173.64817659666923,-520.7767329852317,-0.3319403444743858,-0.04511464808808604,0.7739454523695279,-0.03493998475699708,0.7747337386343082,173.63591571481865,-521.0224030229141,0.24597580498626387,178.42546263865705,-522.599740768492,-0.3645435441033592,-0.0326031996289734,0.22526626136569183,41.989410503834,119.38967203677305,TRACK
25.0,173.68840642977403,-520.7788230216825,-0.33436704003983464,-0.047491446220438695,0.7738422668609846,-0.03677854312624665,0.7747157641451712,173.67614964259894,-521.02441101477,0.24589365827649967,178.42546263865705,-522.599740768492,-0.3669849664979731,-0.032617926458138435,0.22528423585482882,41.989410503834,119.38967203677305,TRACK
25.048,173.7255319495014,-520.7808650548735,-0.3381711689982818,-0.05010106291191219,0.7737043881383571,-0.03879587838353892,0.7746764488508088,173.71328458022649,-521.0262643424574,0.24570471790507148,178.42546263865705,-522.599740768492,-0.3692499615015068,-0.031078792503224983,0.22532355114919123,48.94086032630602,111.85623846058428,TRACK
25.1,173.76573158801986,-520.7832206144524,-0.3459239437250121,-0.05305035315170473,0.7734823423180226,-0.041072048883930706,0.7745720412442594,173.74730093586325,-521.0279620281881,0.24543440780842432,178.42546263865705,-522.599740768492,-0.3717117127089456,-0.02578776898393348,0.22542795875574062,48.94086032630602,111.85623846058428,TRACK
25.148,173.80282667270524,-520.7855080873994,-0.3477926419431736,-0.05603749404223417,0.7732485150042572,-0.0433763220134319,0.7744641833343243,173.77825554745888,-521.0310595042613,0.24677771074135693,178.42546263865705,-522.599740768492,-0.37399570564477747,-0.026203063701603857,0.22553581666567568,57.767958792053726,103.27505636063898,TRACK
25.2,173.84299179950918,-520.7881347277693,-0.3516006980046571,-0.0592793211651892,0.7729537343946837,-0.045873919490346665,0.7743138201040287,173.8182827163224,-521.0350648266168,0.2481632779215912,178.42546263865705,-522.599740768492,-0.37647741104161436,-0.024876713036957265,0.22568617989597128,57.767958792053726,103.27505636063898,TRACK
25.248,173.88004281753155,-520.7907114175923,-0.35859294331755875,-0.06283129974254575,0.7725836004362975,-0.04860641096186015,0.7741111049776419,173.85522170016503,-521.0387611294526,0.24928848232779438,178.42546263865705,-522.599740768492,-0.3787719846949741,-0.02017904137741533,0.2258888950223581,51.81714409571899,109.40638024126943,TRACK
25.3,173.9201611282519,-520.7936525922026,-0.35704770240447514,-0.06645226599343655,0.7722064316705336,-0.051390534694723516,0.7739145690381776,173.89523367894148,-521.0427649318108,0.25035641688233284,178.42546263865705,-522.599740768492,-0.3812653233890746,-0.024217620984599453,0.22608543096182243,51.81714409571899,109.40638024126943,TRACK
25.348,173.95716425209505,-520.7965351113663,-0.3633700961950606,-0.07040151763171844,0.7717486252755913,-0.054422216453382424,0.7736651202286838,173.93215554286832,-521.0464595215406,0.25117254296225267,178.42546263865705,-522.599740768492,-0.38356755949903315,-0.02019746330397254,0.22633487977131617,52.10817044712085,109.35731828149974,TRACK
25.4,173.99720990961325,-520.799866188124,-0.36562890315664953,-0.07480446243202886,0.7711746858784871,-0.05779514964087411,0.7733373619978504,173.97213421751212,-521.0504599913176,0.2518452789578121,178.42546263865705,-522.599740768492,-0.3860565074769184,-0.020427604320268855,0.22666263800214959,52.10817044712085,109.35731828149974,TRACK
25.448,174.03413473112832,-520.8031405856685,-0.37337554513939386,-0.07957476975398069,0.7705070360350925,-0.06144266269512247,0.7729529697068573,174.00901737997592,-521.0541507083818,0.25226367759441154,178.8374367223474,-522.8806199428411,-0.4082150130950769,-0.034839467955683046,0.22704703029314266,58.766040374875516,103.02251449529142,TRACK
25.5,174.07407935297618,-520.806941277036,-0.37557242972393245,-0.084919824953727,0.7696876050911401,-0.06551930726367079,0.7724712221534509,174.04894254675423,-521.0581458238894,0.25245907269665596,178.8374367223474,-522.8806199428411,-0.41059578584563644,-0.035023356121703986,0.22752877784654912,58.766040374875516,103.02251449529142,TRACK
25.548,174.1109051194162,-520.8106685030489,-0.3791503442781077,-0.09049563692022247,0.768818156934359,-0.06976523939856377,0.7719770379099908,174.0857724992581,-521.061831216494,0.2524170303706914,178.8374367223474,-522.8806199428411,-0.41278221238774404,-0.033631868109636365,0.22802296209000916,26.520279815310218,135.77564255576846,TRACK
25.6,174.15080611991863,-520.8148094460046,-0.3821771722462397,-0.09501370757608053,0.7682962284659665,-0.0732191370416673,0.7717772584782185,174.1256881869123,-521.0658253834722,0.2522695213878648,178.8374367223474,-522.8806199428411,-0.4151668645171722,-0.032989692270932514,0.22822274152178146,26.520279815310218,135.77564255576846,TRACK
25.644,174.18764599493613,-520.8187297376435,-0.3839002257270352,-0.09886445322295478,0.768016637172203,-0.07617789894410651,0.7717853505093485,174.16255123572927,-521.0695140878626,0.2520367775830658,178.8374367223474,-522.8806199428411,-0.41738291860059645,-0.03348269287356126,0.2282146494906515,46.846299717454166,115.43980096754947,TRACK
25.7,174.2275372443289,-520.823154292446,-0.3877931689212286,-0.10292444691052322,0.7677096081516148,-0.0792962916384587,0.7717939778956023,174.2024853672407,-521.0735101004269,0.25160609518731447,178.8374367223474,-522.8806199428411,-0.41978495920139114,-0.031991790280162524,0.22820602210439767,46.846299717454166,115.43980096754947,TRACK
25.748,174.26434158648627,-520.8274080464827,-0.39508100935103574,-0.10717454609456589,0.7673762401961136,-0.0825595460822646,0.7718046207861372,174.23934627260567,-521.0771985903325,0.25103800810391547,178.8374367223474,-522.8806199428411,-0.42200239272021617,-0.02692138336918043,0.2281953792138628,46.00858758247625,115.540502526686,TRACK
25.8,174.30419336081172,-520.8321942282969,-0.39835724821080976,-0.11149822149009551,0.7670276525488132,-0.08587839024143074,0.7718202625514585,174.26667526470996,-521.0811105318297,0.25172789614890284,178.8374367223474,-522.8806199428411,-0.42440592262050564,-0.026048674409695882,0.22817973744854148,46.00858758247625,115.540502526686,TRACK
25.848,174.3409614693073,-520.8367732266533,-0.4050500656074283,-0.1158389463546234,0.7666687652703359,-0.08920948333948542,0.7718415171256593,174.3033014629866,-521.0866310429706,0.25268004363400504,178.8374367223474,-522.8806199428411,-0.4266264477741159,-0.021576382166687613,0.2281584828743407,56.24470951830486,105.28816154395219,TRACK
25.9,174.38074990808732,-520.841965380997,-0.4089901350477392,-0.12071077990469549,0.766141496906618,-0.0929333568679964,0.771757346645348,174.34297126459762,-521.0926103035014,0.2534760404479466,178.8374367223474,-522.8806199428411,-0.4290215058340545,-0.02003137078631534,0.228242653354652,56.24470951830486,105.28816154395219,TRACK
25.948,174.4174351606258,-520.8469764350046,-0.41075609406754626,-0.1259747599111606,0.7654886060824675,-0.09694561743698046,0.7716030448244203,174.37958012276547,-521.0981282010413,0.25398860894678893,178.8374367223474,-522.8806199428411,-0.4312214204494512,-0.020465326381904958,0.22839695517557967,61.109518386765885,100.53055924633374,TRACK
26.0,174.45712006109835,-520.8526669974932,-0.41795927938318056,-0.13172848299461998,0.764677500980296,-0.10131651423775999,0.7713603026878948,174.4192221402171,-521.1041032737838,0.25427633283894313,178.8374367223474,-522.8806199428411,-0.4335868541629226,-0.015627574779742026,0.2286396973121052,61.109518386765885,100.53055924633374,TRACK
26.048,174.4936923437726,-520.8581753228509,-0.42168145277036095,-0.13794091784129317,0.7637132701369724,-0.10602060665450765,0.7710371768071226,174.4557938246395,-521.1096155682833,0.25428034681346623,178.8374367223474,-522.8806199428411,-0.43575036674575496,-0.014068913975394004,0.22896282319287742,62.96186307420133,99.11879878638173,TRACK
26.1,174.53324980591088,-520.8644156781819,-0.4231541762661284,-0.14441921367998561,0.7626657745966636,-0.1109157859763095,0.7706889095607069,174.49539226176327,-521.1155840723483,0.2540054248967957,179.23489801858688,-523.1816851753193,-0.4579219055253134,-0.03476772925918503,0.2293110904392931,62.96186307420133,99.11879878638173,TRACK
26.148,174.5697054897388,-520.8704318086608,-0.4261199295177553,-0.15111032012918074,0.7615554480663512,-0.11596287895979493,0.7703337521984773,174.53192477651265,-521.1210904629694,0.2534899273574366,179.23489801858688,-523.1816851753193,-0.4599809769785018,-0.03386104746074653,0.22966624780152267,21.238547788853325,141.28736398874662,TRACK
26.2,174.60920124652614,-520.8770852520136,-0.4296983054421504,-0.15663366581677546,0.7608478657733451,-0.1201586631213908,0.7702775987752558,174.57152375889922,-521.1270590492195,0.25279733456552295,179.23489801858688,-523.1816851753193,-0.462220045521377,-0.032521740079226646,0.2297224012247442,21.238547788853325,141.28736398874662,TRACK
26.248,174.64567499537625,-520.8833276572587,-0.4362936002801478,-0.16114125211084343,0.7605055314514082,-0.12362066927507077,0.7704873348992864,174.6081072852108,-521.1325731285965,0.25206078201389726,179.23489801858688,-523.1816851753193,-0.4643004050344954,-0.02800680475434758,0.22951266510071355,47.0351213448672,115.32197956226847,TRACK
26.3,174.68514916573156,-520.8903216758703,-0.4402227706824897,-0.16611959705081306,0.7600201266810486,-0.1274285602986548,0.7706287244452188,174.64773535383753,-521.138546098892,0.25102820061680275,179.23489801858688,-523.1816851753193,-0.46654274162599824,-0.02631997094350852,0.2293712755547812,47.0351213448672,115.32197956226847,TRACK
26.348,174.72155893597557,-520.8969740324262,-0.44263455964500187,-0.17122985645046812,0.7595009903719036,-0.13133533074790338,0.7707728092496281,174.68431674037305,-521.1440598557496,0.2498767400553155,179.23489801858688,-523.1816851753193,-0.46860568639437866,-0.025971126749376794,0.2292271907503719,55.92956772609365,105.5563094482766,TRACK
26.4,174.7609633227772,-520.9044060722292,-0.4458954580157619,-0.17654782800948712,0.7588974779834978,-0.1353913098140644,0.7708801391026244,174.7239411300962,-521.1500322715395,0.24840062910255273,179.23489801858688,-523.1816851753193,-0.47082988583926483,-0.024934427823502914,0.22911986089737557,55.92956772609365,105.5563094482766,TRACK
26.448,174.79729977461113,-520.9114698326667,-0.44755157992835937,-0.18195880939909134,0.758236655311707,-0.13951093790271163,0.7709644137395569,174.7482118592443,-521.1542937572283,0.2477359113542781,179.23489801858688,-523.1816851753193,-0.4728737843182738,-0.02532220438991445,0.22903558626044307,51.53399312237337,109.99394671882325,TRACK
26.5,174.83664039004148,-520.9193105790955,-0.4548671073685693,-0.1871294389756032,0.7576464298107213,-0.14345636444578713,0.7711081902722436,174.78753069697,-521.162242231754,0.2478458186392709,179.23489801858688,-523.1816851753193,-0.4750851085878642,-0.0202180012192949,0.22889180972775636,51.53399312237337,109.99394671882325,TRACK
26.548,174.87292768609498,-520.9267328456224,-0.45804371775245034,-0.1922519550179121,0.7570650464337403,-0.14736733031487886,0.771274668698419,174.8238348183431,-521.169581268221,0.24776090495222378,179.23489801858688,-523.1816851753193,-0.4771212237769192,-0.019077506024468838,0.22872533130158101,58.97816127943841,102.51874728748754,TRACK
26.6,174.91219019773132,-520.9350109580071,-0.4618215167013364,-0.19769428048576954,0.7563591854265135,-0.15150682883237346,0.7713841692450664,174.86316356285568,-521.1775317454469,0.24742664219455374,179.23489801858688,-523.1816851753193,-0.479312798826706,-0.0174912821253696,0.22861583075493364,58.97816127943841,102.51874728748754,TRACK
26.648,174.94838383630653,-520.9428757665895,-0.46388512490651124,-0.20339250428890213,0.7555454184715052,-0.15582700132133476,0.7714472980794483,174.89946365328706,-521.1848699670414,0.2468894030918024,179.23489801858688,-523.1816851753193,-0.4813212682870163,-0.017436143380505087,0.22855270192055166,58.78788999756489,102.59287471367642,TRACK
26.7,174.98753113171657,-520.951652887094,-0.4704038919738429,-0.20940148026481606,0.7545959334201591,-0.1603643234855313,0.7714478199990025,174.93877862123932,-521.1928176592755,0.24604319665291383,179.23489801858688,-523.1816851753193,-0.4834773944336809,-0.01307350245983796,0.22855218000099753,58.78788999756489,102.59287471367642,TRACK
26.748,175.02361156392672,-520.959983876219,-0.4739921087511094,-0.21553413944723973,0.7535738415888127,-0.1649836059683009,0.7714227926145458,174.97506049037398,-521.2001521973556,0.24502658880352937,179.23489801858688,-523.1816851753193,-0.48545082044615245,-0.011458711695043033,0.22857720738545417,64.27763141372805,97.30673331835098,TRACK
26.8,175.06263327978803,-520.9692649967403,-0.4769319678526558,-0.22182397391088193,0.7524691614838537,-0.16970842431146907,0.7713694239898905,175.01435269484037,-521.2080952878517,0.24366149231105516,179.61685837596818,-523.5021879703223,-0.5075678434433892,-0.03063587559073344,0.2286305760101095,64.27763141372805,97.30673331835098,TRACK
26.848,175.09859299851263,-520.9780659530921,-0.4838486505685582,-0.22819428920382573,0.7513112373313757,-0.17448411586781049,0.7713062180681381,175.05060986574156,-521.2154248330761,0.24216031660403142,179.61685837596818,-523.5021879703223,-0.5094588504147982,-0.025610199846240023,0.22869378193186185,25.44936532615216,136.3004513935329,TRACK
26.896,175.1375604520747,-520.9877063744066,-0.4815088522138935,-0.23321351091022466,0.7506332417023587,-0.17830212646888788,0.7715192232549484,175.08991972081455,-521.2233714917194,0.24043229149400847,179.61685837596818,-523.5021879703223,-0.5115201438618697,-0.030011291647976224,0.22848077674505163,25.44936532615216,136.3004513935329,TRACK
26.944,175.17355055917392,-520.9966855259524,-0.48807000277698004,-0.23716727532877066,0.7503394713717153,-0.18136936222676872,0.771948293509954,175.12624069559217,-521.2307139351757,0.23876247509959495,179.61685837596818,-523.5021879703223,-0.513438863928155,-0.025368861151174926,0.22805170649004602,46.29422643222349,115.1840278179996,TRACK
27.0,175.21251494455345,-521.0065844496354,-0.4918335112948373,-0.24123827018425237,0.7499809425999864,-0.18451745639035888,0.7723458460922361,175.1655978086027,-521.2386701472171,0.23678046513135678,179.61685837596818,-523.5021879703223,-0.5155161656901533,-0.023682654395316027,0.2276541539077639,46.29422643222349,115.1840278179996,TRACK
27.048,175.24846494697118,-521.0158662490758,-0.49858250761886375,-0.24524277528769292,0.7496230469859659,-0.18761613423978463,0.7727448003057702,175.20193903277124,-521.2460166841761,0.23480605500924434,179.61685837596818,-523.5021879703223,-0.5174354852439467,-0.018852977625082923,0.2272551996942298,57.261050796708005,103.31933411577451,TRACK
27.1,175.28736935843867,-521.0261112714712,-0.5023747358763835,-0.24953346927414688,0.7491115961874106,-0.1909073687637105,0.7730548538045237,175.22987426476675,-521.2519087140954,0.23300251263015265,179.61685837596818,-523.5021879703223,-0.5195087244560443,-0.017133988579660864,0.22694514619547634,57.261050796708005,103.31933411577451,TRACK
27.148,175.3232478276714,-521.0357277516796,-0.5037581945816849,-0.25385556307327667,0.748536375677132,-0.19420995788240858,0.7733202528400142,175.26586768219295,-521.2610737643389,0.23253667778778495,179.61685837596818,-523.5021879703223,-0.5214200783253,-0.017661883743615103,0.22667974715998584,62.64290829913323,97.8873896762675,TRACK
27.2,175.36207308651527,-521.0463287671114,-0.5074201080532941,-0.2583000086443796,0.7478725017931209,-0.19758946110685424,0.7735340161096981,175.30486389047292,-521.2710034190854,0.2318438943588445,179.61685837596818,-523.5021879703223,-0.5234855611354224,-0.016065453082128367,0.22646598389030193,62.64290829913323,97.8873896762675,TRACK
27.248,175.39786590370292,-521.0562911197259,-0.5145682558579452,-0.26290895054195884,0.7471064181588374,-0.20107530420003322,0.7736919787701456,175.34085957856686,-521.2801690475119,0.2310217471479265,179.61685837596818,-523.5021879703223,-0.5253853437160086,-0.010817087858063457,0.22630802122985438,57.30925960412705,103.34226220206051,TRACK
27.3,175.43660345239107,-521.0672518569858,-0.5121165692784762,-0.26740201891242493,0.7463526725888492,-0.20447314082545578,0.77385501045063,175.37985943649122,-521.290099631572,0.22995872233621023,179.61685837596818,-523.5021879703223,-0.5274413192594762,-0.015324749981000085,0.22614498954937,57.30925960412705,103.34226220206051,TRACK
27.348,175.47231807798678,-521.0775361514263,-0.5185716041128519,-0.2719432623942719,0.745548382151525,-0.20789718849901345,0.7739920097226783,175.41585867899732,-521.2992661650632,0.22880529426051235,179.61685837596818,-523.5021879703223,-0.5293342807989714,-0.010762676686119521,0.22600799027732166,57.52650068942523,103.21055417133996,TRACK
27.396,175.51095718618558,-521.088862828676,-0.5220096537602155,-0.2765674620568191,0.7446773689672799,-0.21137042324357425,0.7740942059427897,175.45485359652432,-521.3091954911436,0.22736335439754188,179.61685837596818,-523.5021879703223,-0.5313782432048907,-0.009368589444675224,0.22590579405721034,57.52650068942523,103.21055417133996,TRACK
27.448,175.54657952110355,-521.0994796592372,-0.5284161038423334,-0.28114969718643756,0.7437864819389705,-0.21480516461679755,0.7741831756510857,175.4908456862208,-521.3183602033055,0.22586489971298965,179.98236818086036,-523.8413315074024,-0.5536369474532608,-0.025220843610927357,0.22581682434891426,68.14756856802323,92.61602887034796,TRACK
27.5,175.58510036783167,-521.1111886415828,-0.5317704724362584,-0.28602914663543205,0.7427361431611327,-0.21843381509608262,0.7741900993524162,175.52982096259163,-521.3282845281329,0.2240232947724336,179.98236818086036,-523.8413315074024,-0.5556257517572499,-0.023855279320991518,0.22580990064758377,68.14756856802323,92.61602887034796,TRACK
27.548,175.62060284588736,-521.1221681306916,-0.5330879499453776,-0.2908945219553917,0.7416507288774681,-0.22204075456467737,0.7741756262839401,175.56578721486255,-521.3374426612779,0.2221438203592152,179.98236818086036,-523.8413315074024,-0.5574543430582274,-0.024366393112849827,0.2258243737160599,33.50240756382216,127.3858051116644,TRACK
27.6,175.65908103230174,-521.134115326779,-0.535793975770686,-0.2944526192211191,0.7410607669440703,-0.22474031028582697,0.7743896095449005,175.60477939180745,-521.3473712895204,0.220060841144303,179.98236818086036,-523.8413315074024,-0.5594574128378332,-0.02366343706714724,0.22561039045509945,33.50240756382216,127.3858051116644,TRACK
27.648,175.69461585401615,-521.1451895224614,-0.5367035096203936,-0.2971330538083277,0.7407975735145389,-0.22683054520285556,0.7747471465982003,175.64079866525495,-521.3565429235159,0.21809756977896635,179.98236818086036,-523.8413315074024,-0.561327789119873,-0.02462427949947943,0.22525285340179968,50.11146787997288,110.62165064246642,TRACK
27.7,175.7330962504078,-521.1572883516935,-0.5401723915079035,-0.2997587449739865,0.7405210908052573,-0.2288742819060957,0.775083816658198,175.67982917719075,-521.3664813130465,0.21586819165579235,179.98236818086036,-523.8413315074024,-0.5633654607354374,-0.023193069227533836,0.22491618334180197,50.11146787997288,110.62165064246642,TRACK
27.748,175.7685962155437,-521.1685569524197,-0.5467211317139422,-0.3024232125649765,0.740192621472664,-0.23093516353435328,0.7753813040299675,175.70840468142924,-521.3737575304997,0.21384643561068328,179.98236818086036,-523.8413315074024,-0.5652554665749506,-0.018534334861008417,0.22461869597003248,50.395352843684975,109.65974338273227,TRACK
27.8,175.80703125203223,-521.1808672991394,-0.550226518406761,-0.3050647251577881,0.7398225649376714,-0.2329659592183005,0.7756355882406749,175.7441330469709,-521.3847782717272,0.21339135160927317,179.98236818086036,-523.8413315074024,-0.567313983459695,-0.017087465052934014,0.2243644117593251,50.395352843684975,109.65974338273227,TRACK
27.848,175.84249182277998,-521.1923134529812,-0.5518262958425071,-0.3075730933821365,0.7394513289118007,-0.23488941192170967,0.7758616523983864,175.77973670562375,-521.395760545974,0.21290590498267367,179.98236818086036,-523.8413315074024,-0.5692270225682285,-0.01740072672572146,0.22413834760161355,61.58150408547323,98.48711303568251,TRACK
27.9,175.8808604832246,-521.2048443220758,-0.5603287791622211,-0.3104080004865725,0.7388939629392196,-0.23702050588567403,0.7759787424139437,175.81830131828798,-521.4076561535751,0.21224110844428537,179.98236818086036,-523.8413315074024,-0.5713036079748383,-0.010974828812617132,0.2240212575860563,61.58150408547323,98.48711303568251,TRACK
27.948,175.91623745054616,-521.216523903017,-0.5612396900248648,-0.31337348823557615,0.738238129296832,-0.23922693985510637,0.7760316129515116,175.85389438411514,-521.4186351603678,0.21150796268685024,179.98236818086036,-523.8413315074024,-0.5732261379341824,-0.011986447909317577,0.22396838704848843,66.48447484979033,93.71635002873666,TRACK
27.996,175.95450972228423,-521.2293099904067,-0.5645914379962873,-0.316541209922494,0.7374566130491556,-0.24155771449042943,0.7760105576342191,175.89244286717513,-521.430525792645,0.21057087541614689,179.98236818086036,-523.8413315074024,-0.5753122050510742,-0.010720767054786862,0.2239894423657809,66.48447484979033,93.71635002873666,TRACK
28.048,175.98978278112315,-521.2412419292361,-0.5652953483037133,-0.31991758438161827,0.7365461858491025,-0.2440162350500678,0.7759150770908312,175.92801213128243,-521.4414974575794,0.2095659557604624,179.98236818086036,-523.8413315074024,-0.5772390909021499,-0.011943742598436558,0.22408492290916882,60.18653825785208,100.32769787607612,TRACK
28.1,176.02795286790777,-521.2542788561562,-0.5721066697572477,-0.3231397596784573,0.735669066467615,-0.24635909936019657,0.7758232925060315,175.96653795874977,-521.4533811015317,0.20835905351204292,180.33051871829792,-524.1982726222905,-0.6000712556228578,-0.027964585865610125,0.22417670749396845,60.18653825785208,100.32769787607612,TRACK
28.148,176.06314247756018,-521.2664209835813,-0.5747331525612052,-0.3263300157802065,0.734775796919418,-0.24866976039158606,0.7757139430690766,176.00209022551294,-521.46434752348,0.20712868627093345,180.33051871829792,-524.1982726222905,-0.6019738781842559,-0.027240725623050688,0.2242860569309234,26.74153608586486,134.04391848330295,TRACK
28.2,176.10128633806775,-521.2795833000049,-0.5779396468443334,-0.32841172715380107,0.7343417906447587,-0.2502278586443599,0.7758040002017857,176.04062742246947,-521.4762346744552,0.20579423489193327,180.33051871829792,-524.1982726222905,-0.6040661064420237,-0.026126459597690332,0.22419599979821425,26.74153608586486,134.04391848330295,TRACK
28.248,176.13651699365897,-521.2917391163322,-0.5793388197280356,-0.32975408156653724,0.7342123609384013,-0.25128426883888755,0.7760229215175513,176.07622102469176,-521.487213846704,0.20456288541083356,180.33051871829792,-524.1982726222905,-0.6060270589347465,-0.02668823920671093,0.22397707848244874,49.62609685189848,110.99078112026247,TRACK
28.3,176.17464301378055,-521.3050066441539,-0.5880222870136804,-0.3315501071325984,0.7338554777359885,-0.2526354427756401,0.7761240423730987,176.11477156509136,-521.4991051135863,0.20312263833497562,180.33051871829792,-524.1982726222905,-0.6081622101000235,-0.020139923086343048,0.22387595762690127,49.62609685189848,110.99078112026247,TRACK
28.348,176.20980831684633,-521.3173272825493,-0.5889809246643933,-0.33345732105576786,0.7334197287163917,-0.2540510261040224,0.7761742216377276,176.15035191644418,-521.5100801984831,0.20171452637275272,180.33051871829792,-524.1982726222905,-0.6101472246944705,-0.021166300030077134,0.22382577836227235,58.80683438071455,101.38270351697204,TRACK
28.4,176.24786509523045,-521.3307619323432,-0.5962846609991947,-0.33552285755472544,0.732874216635659,-0.25555869442660345,0.7761538917678381,176.18486650251606,-521.5207265383284,0.2001383876499214,180.33051871829792,-524.1982726222905,-0.6123110689247704,-0.016026407925575636,0.2238461082321619,58.80683438071455,101.38270351697204,TRACK
28.448,176.2829609777989,-521.3432354117277,-0.5997650474641585,-0.33761018573199547,0.7322757178747404,-0.25706560522289335,0.7760866268513966,176.2144415554989,-521.531490977291,0.20033738841733117,180.33051871829792,-524.1982726222905,-0.6143227882500402,-0.014557740785881679,0.22391337314860338,60.05947262215828,100.42214244925829,TRACK
28.5,176.32095527330603,-521.3568116529802,-0.5968023402012625,-0.33956065959653825,0.7317100517627466,-0.2584711902867637,0.7760199456579049,176.25235468255582,-521.5452902270276,0.2005747090891986,180.33051871829792,-524.1982726222905,-0.6165216915529738,-0.019719351351711212,0.22398005434209511,60.05947262215828,100.42214244925829,TRACK
28.548,176.35599574350115,-521.3694115481411,-0.6039351180223864,-0.34152869545688214,0.731114962151915,-0.2598805092343362,0.7759297435736653,176.28734572463839,-521.5580259248117,0.20071922722221056,180.33051871829792,-524.1982726222905,-0.6185674732765329,-0.014632355254146523,0.2240702564263347,48.33847559532211,112.34445048058029,TRACK
28.596,176.39393774939458,-521.3831119526325,-0.6067408685687461,-0.3432748679709018,0.7306036112198915,-0.26113659200195044,0.7758698063528052,176.32525258410018,-521.5718228933302,0.2008219885136026,180.33051871829792,-524.1982726222905,-0.6208072279388906,-0.014066359370144554,0.22413019364719478,48.33847559532211,112.34445048058029,TRACK
28.648,176.42893658437637,-521.3958147434986,-0.6133616693892155,-0.3449857069873578,0.7300921857018388,-0.2623633015333583,0.7758022309934227,176.3602399314064,-521.5845572463257,0.20085557623012465,180.33051871829792,-524.1982726222905,-0.6228943390545937,-0.009532669665378135,0.22419776900657729,63.389927269812574,97.34599335818953,TRACK
28.696,176.4667713082892,-521.4097116555777,-0.6146496699170263,-0.34744211043647355,0.7292167162732761,-0.2640730542212348,0.7755588934814112,176.39811521481664,-521.5983427221014,0.2007369881929849,180.33051871829792,-524.1982726222905,-0.625157825320587,-0.010508155403560648,0.22444110651858884,63.389927269812574,97.34599335818953,TRACK
28.748,176.50161790082836,-521.4226666596012,-0.6179568454427757,-0.3504130900690307,0.7280806028423856,-0.2661110562486648,0.7751880149312886,176.43304918840926,-521.6110576486537,0.20048150308447998,180.6604444311895,-524.5721239031343,-0.6481533862923962,-0.030196540849620424,0.22481198506871136,63.94039171802709,97.03650184881374,TRACK
28.8,176.5392872086507,-521.4368330341176,-0.6206617889192776,-0.3536636825649925,0.7267958098825409,-0.26832278426840755,0.7747446455577276,176.47086500929382,-521.6248214818401,0.20005312754846755,180.6604444311895,-524.5721239031343,-0.6503642056156884,-0.029702416696410827,0.2252553544422724,63.94039171802709,97.03650184881374,TRACK
28.848,176.57398732335528,-521.4500250677219,-0.6211378035970587,-0.3570318185229051,0.7254389461445372,-0.2706017214720609,0.7742654300993552,176.5057458195423,-521.6375170585177,0.19952480912216294,180.6604444311895,-524.5721239031343,-0.6524081113126913,-0.03127030771563255,0.22573456990064478,23.21901919405269,138.47382345537625,TRACK
28.9,176.61161509720876,-521.4642883329311,-0.6243593094122741,-0.3588845776646835,0.7247991774692294,-0.27189386555756556,0.774118932585883,176.5435561050778,-521.6512788770017,0.19899118066308066,180.6604444311895,-524.5721239031343,-0.6546631610932109,-0.030303851680936744,0.22588106741411695,23.21901919405269,138.47382345537625,TRACK
28.948,176.64638086263543,-521.4774344868714,-0.6310873468960221,-0.35980587048048435,0.7246198382578086,-0.272588385093655,0.7741952839463306,176.578480140933,-521.6639901865134,0.19852842888770242,180.6604444311895,-524.5721239031343,-0.6567822014125732,-0.02569485451655107,0.22580471605366936,43.66145702723845,117.98819374874333,TRACK
29.0,176.6840221091244,-521.4917326716758,-0.6325923428368432,-0.36093080083242396,0.7243574385434592,-0.2734202326480133,0.7742430641565574,176.61631354604663,-521.6777604198357,0.19796659465558508,180.6604444311895,-524.5721239031343,-0.6591001177124657,-0.026507774875622503,0.22575693584344259,43.66145702723845,117.98819374874333,TRACK
29.048,176.71875350125674,-521.5049754952654,-0.6416714270782702,-0.3621017745529893,0.724082069351472,-0.27428540656219413,0.7742915002822245,176.6512382985455,-521.6904719901844,0.19740124676498697,180.6604444311895,-524.5721239031343,-0.6612626631808444,-0.019591236102574183,0.2257084997177755,51.176117622031555,109.67016807010747,TRACK
29.096,176.75633871999577,-521.5193984906499,-0.6453707318811261,-0.3636102312806308,0.7236307788988199,-0.2753633678149931,0.7742522124631792,176.6792928294419,-521.7021729383788,0.19834961052101957,180.6604444311895,-524.5721239031343,-0.6636232193754056,-0.018252487494279435,0.2257477875368208,51.176117622031555,109.67016807010747,TRACK
29.148,176.79099732050577,-521.5327766638536,-0.6463365105047565,-0.3652786667690381,0.7230789683363207,-0.27653536869009837,0.7741543803317827,176.7135105805167,-521.7165969300092,0.19948454858374925,180.6604444311895,-524.5721239031343,-0.6658201950220157,-0.019483684517259237,0.22584561966821726,62.78950995064315,98.17315324795874,TRACK
29.2,176.82847646982512,-521.5473786807136,-0.6539309120942121,-0.3674592033343624,0.722264834452715,-0.27803079543671283,0.7739299802295936,176.75056136606023,-521.7322151458123,0.20058734313238208,180.6604444311895,-524.5721239031343,-0.6682102150080674,-0.014279302913855374,0.22607001977040642,62.78950995064315,98.17315324795874,TRACK
29.248,176.8629977756919,-521.5609733948792,-0.650795397251545,-0.3701507816827382,0.7211899976728249,-0.27984814115807066,0.7735825714511391,176.78474004497406,-521.7466226671459,0.2014694138331078,180.6604444311895,-524.5721239031343,-0.6704217246885483,-0.01962632743700332,0.22641742854886093,61.27465674821124,100.10767257661237,TRACK
29.3,176.90031905875378,-521.5758222461737,-0.6542775463899946,-0.3731278626701423,0.7199744421731054,-0.2818454831585282,0.7731753189020835,176.8217451336667,-521.762221620111,0.20228343557437733,180.6604444311895,-524.5721239031343,-0.6728246993921948,-0.018547153002200223,0.22682468109791654,61.27465674821124,100.10767257661237,TRACK
29.348,176.93468731222208,-521.5896562582464,-0.6610546072813901,-0.37646714422989436,0.7185852356188904,-0.28407256874913994,0.7726978485573718,176.8558795056908,-521.7766104645243,0.20288554806908413,180.6604444311895,-524.5721239031343,-0.6750455939801271,-0.013990986698736996,0.22730215144262822,48.82193266436141,113.18881226729619,TRACK
29.4,176.971854519367,-521.6047537254799,-0.6644585684300606,-0.3797453538660472,0.7172442973970015,-0.28626473760502685,0.7722608899488521,176.89284275364042,-521.7921917801372,0.20341062768924614,180.97132507222898,-524.9619558967449,-0.698314772149489,-0.033856203719428435,0.22773911005114789,48.82193266436141,113.18881226729619,TRACK
29.448,177.00610652043497,-521.6187900948961,-0.6656637484882415,-0.3829547577808623,0.7159629677618986,-0.28842060643642053,0.7718739647271295,176.9269508440683,-521.8065695459286,0.2037811162280027,180.97132507222898,-524.9619558967449,-0.70048786710507,-0.03482411861682855,0.22812603527287045,24.258337469036903,138.1382324291949,TRACK
29.5,177.04320623863757,-521.6340406215307,-0.6748057703753623,-0.38542364455857886,0.7150855707934877,-0.2901211696091707,0.7716979114993388,176.9639115709902,-521.8221497988393,0.20413894019761106,180.97132507222898,-524.9619558967449,-0.7028681988119143,-0.028062428436552045,0.22830208850066125,24.258337469036903,138.1382324291949,TRACK
29.548,177.0774492574212,-521.6481602822074,-0.6757409425478449,-0.3874089786481874,0.7144942996463719,-0.29153461934667446,0.771682926145687,176.9980418471212,-521.8365369166888,0.2044291887894149,180.97132507222898,-524.9619558967449,-0.7050903105141296,-0.029349367966284734,0.228317073854313,52.53927047652896,109.63091825281867,TRACK
29.6,177.1144697019814,-521.6635947958997,-0.6795734625097958,-0.3900670689739009,0.7135973639253257,-0.2933836524273478,0.7715537345595475,177.03500111645158,-521.8521165551731,0.20458668042089373,180.97132507222898,-524.9619558967449,-0.7075019599100466,-0.02792849740025083,0.22844626544045255,52.53927047652896,109.63091825281867,TRACK
29.648,177.14857603200676,-521.6779653171586,-0.6874654790856272,-0.39311195865417475,0.7125302763197685,-0.29548442492400695,0.7713691982734316,177.06910511902896,-521.8664925977911,0.20459267228371988,180.97132507222898,-524.9619558967449,-0.7097333807515622,-0.022267901665935064,0.22863080172656836,45.96628587624258,115.80682068248322,TRACK
29.7,177.1854879622511,-521.693623663614,-0.688467861389249,-0.39594201331535367,0.7115903639447801,-0.2974575927268316,0.771259920863198,177.10605236408352,-521.8820671676181,0.20450175661247727,180.97132507222898,-524.9619558967449,-0.7121677873696163,-0.023699925980367298,0.22874007913680205,45.96628587624258,115.80682068248322,TRACK
29.748,177.21952596253035,-521.7081628673061,-0.6916653628177594,-0.3986524481208,0.7107274886003164,-0.299362462194379,0.7712013011031517,177.1303420866892,-521.8933550937196,0.2055478640950561,180.97132507222898,-524.9619558967449,-0.7144306080585471,-0.022765245240787713,0.22879869889684834,54.004638970716876,107.99382105696344,TRACK
29.8,177.25633899905804,-521.7240387731019,-0.6932976500140109,-0.4016291615686042,0.7097529211419655,-0.3014426586675628,0.7711140548155778,177.16643102286022,-521.9107346093994,0.20721674516018268,180.97132507222898,-524.9619558967449,-0.7168911851182014,-0.02359353510419049,0.22888594518442218,54.004638970716876,107.99382105696344,TRACK
29.848,177.29025786067808,-521.7388178378355,-0.702781328935028,-0.4048779741568668,0.7086644313883927,-0.3037017418164369,0.7709993672483602,177.19974185487072,-521.926776260627,0.20861811044481085,180.97132507222898,-524.9619558967449,-0.7191690463208779,-0.016387717385849876,0.22900063275163984,49.30110003898437,112.58003352387846,TRACK
29.9,177.32692384907998,-521.7549778765092,-0.7065715668569155,-0.4084626535794628,0.7074221869536428,-0.3061756232533949,0.7708369885188953,177.23582249748998,-521.9441517823426,0.2099671948419286,180.97132507222898,-524.9619558967449,-0.7216401511787268,-0.015068584321811351,0.22916301148110474,49.30110003898437,112.58003352387846,TRACK
29.948,177.36068917264438,-521.7700413056898,-0.7074990554805756,-0.41236713880780923,0.7060299058436978,-0.30885165955658567,0.7706280396900427,177.2691198583053,-521.9601869461845,0.21104573894699913,180.97132507222898,-524.9619558967449,-0.7239221501025292,-0.016423094621953682,0.22937196030995732,65.65898770920012,96.42443628401409,TRACK
29.996,177.39713467349162,-521.7865746840442,-0.7112519315908505,-0.41709340692303304,0.7042256945009567,-0.3120359330205012,0.7702598602363553,177.30516746563438,-521.977546558943,0.211962789950042,180.97132507222898,-524.9619558967449,-0.7263801889508071,-0.015128257359956598,0.2297401397636447,65.65898770920012,96.42443628401409,TRACK
30.048,177.4306386146383,-521.8020520669999,-0.7120059338358624,-0.422567765586016,0.7020462722867966,-0.3156792738480754,0.7697547481951866,177.3384144716517,-521.9935574731923,0.21255496501028764,181.26238774315974,-525.3667994193635,-0.7493154191977369,-0.037309485361874506,0.23024525180481337,56.08363949433132,106.44876665752366,TRACK
30.1,177.4668267749376,-521.8190080277167,-0.7155687582832613,-0.42802374167419505,0.6999042328471178,-0.3193181866721129,0.7693049067157175,177.3744183782006,-522.0108960407641,0.21297962658151043,181.26238774315974,-525.3667994193635,-0.7516702955731785,-0.036101537289917274,0.2306950932842825,56.08363949433132,106.44876665752366,TRACK
30.148,177.50013905947927,-521.8348289963319,-0.7232023749097656,-0.4333974457218232,0.6978398261336118,-0.3229180508229327,0.7689320454275994,177.4076441209889,-522.0268967151819,0.21317908497454827,181.26238774315974,-525.3667994193635,-0.7538386777644207,-0.03063630285465513,0.2310679545724006,15.96156289005701,147.19135987858976,TRACK
30.196,177.53624768195132,-521.8520229971134,-0.7262374491479573,-0.4372510095901261,0.6966346920872305,-0.32562558444885625,0.7689810891479254,177.44367651672044,-522.0442490024211,0.21335476968832828,181.26238774315974,-525.3667994193635,-0.756216272105621,-0.029978822957663742,0.2310189108520746,15.96156289005701,147.19135987858976,TRACK
30.248,177.5695974870671,-521.8679522980492,-0.7336629409453383,-0.4401765054965641,0.6959882121593284,-0.32780778254859255,0.7693227760596743,177.47697506545285,-522.0602847383337,0.21347290360018406,181.26238774315974,-525.3667994193635,-0.75843682913819,-0.024773888192851645,0.23067722394032575,51.10375624012508,111.47651645173389,TRACK
30.3,177.60562801681877,-521.8854048617231,-0.7376837847961837,-0.4439931281228935,0.6949055189243276,-0.3305442372311941,0.7695148945915479,177.51304514612156,-522.0776551736822,0.21338174803594498,181.26238774315974,-525.3667994193635,-0.7608358054236286,-0.023152020627444925,0.23048510540845213,51.10375624012508,111.47651645173389,TRACK
30.348,177.63880598314694,-521.9016847874982,-0.738760145647043,-0.44825574514568195,0.6936112584437129,-0.3335615463100354,0.769649194774225,177.54634127036326,-522.0936897420215,0.21310942182755171,181.26238774315974,-525.3667994193635,-0.7630469820581839,-0.024286836411140933,0.230350805225775,56.75534846041344,104.81136939150247,TRACK
30.4,177.67465193945281,-521.9195118881713,-0.7427140144974174,-0.4528940895944153,0.6921181777394958,-0.336805105785954,0.7697176438415115,177.57256402440447,-522.1069767361048,0.21345962524478027,181.26238774315974,-525.3667994193635,-0.7654366634954082,-0.022722648997990813,0.23028235615848847,56.75534846041344,104.81136939150247,TRACK
30.448,177.70764641122176,-521.9361459491656,-0.7436595412379762,-0.457817334091877,0.6904615055125666,-0.340213346844358,0.7697286612603947,177.60499829520342,-522.1246394985826,0.21463097142288295,181.26238774315974,-525.3667994193635,-0.767636130542504,-0.02397658930452784,0.23027133873960526,49.94264844893894,111.91649587153111,TRACK
30.5,177.74331375801492,-521.9543353715584,-0.7475052054588693,-0.46264040893571,0.6888686589217565,-0.3435674800155256,0.7697912980599858,177.64014735464085,-522.1437806561565,0.21571467878106174,181.26238774315974,-525.3667994193635,-0.7700189601705699,-0.022513754711700584,0.2302087019400142,49.94264844893894,111.91649587153111,TRACK
30.548,177.7761557674509,-521.9712958847167,-0.7549574453608376,-0.4675633985490017,0.6872376137697265,-0.3469892704561989,0.7698682300183798,177.67260114947896,-522.1614540508593,0.21652641190865513,181.26238774315974,-525.3667994193635,-0.7722149794790332,-0.017257534118195528,0.23013176998162022,49.852875048369725,112.12160788592584,TRACK
30.6,177.81163469746264,-521.9898673043238,-0.7588010194591854,-0.47269790690593866,0.6855049394140182,-0.3505429654593137,0.7699333689313812,177.70776533189655,-522.1806034439694,0.21718452999701873,181.26238774315974,-525.3667994193635,-0.7745865848635901,-0.015785565404404678,0.2300666310686188,49.852875048369725,112.12160788592584,TRACK
30.648,177.8442891198474,-522.0071962810506,-0.7602882513777888,-0.47801526490532004,0.6836833738412706,-0.35421004951513146,0.769992022584971,177.74022920535683,-522.1982823271973,0.21758295621612644,181.26238774315974,-525.3667994193635,-0.7767677994865562,-0.016479548108767395,0.23000797741502899,62.47842236089079,99.3911553251333,TRACK
30.7,177.87951602069188,-522.0262172845245,-0.7700827286124876,-0.4839942642789069,0.6814983332962937,-0.3582625171051902,0.7699298730716798,177.77538783550065,-522.2174286967002,0.2177257061015879,181.26238774315974,-525.3667994193635,-0.7791083857254616,-0.009025657112973984,0.23007012692832018,62.47842236089079,99.3911553251333,TRACK
30.748,177.91190240304294,-522.0439962766792,-0.7707877456947396,-0.4903118657723297,0.6791246212857533,-0.36250912057984935,0.7698201827310672,177.80783398919726,-522.2350979302591,0.21760072785114207,181.53290881632137,-525.7856479662047,-0.8017828003551187,-0.030995054660379107,0.23017981726893277,67.9389048377564,94.08164937631638,TRACK
30.8,177.94684318696693,-522.0634996758084,-0.7744061087674226,-0.49688779306978054,0.676609357170262,-0.3669038071313682,0.769687355942559,177.84297455747557,-522.2542344637943,0.21718299090959034,181.53290881632137,-525.7856479662047,-0.8040165205129536,-0.02961041174553103,0.230312644057441,67.9389048377564,94.08164937631638,TRACK
30.848,177.97896673467466,-522.0817231494115,-0.7748572123196786,-0.5035836486730624,0.6740302841961855,-0.3713669696574847,0.7695649746227889,177.8754046818431,-522.2718949682459,0.21654195774832413,181.53290881632137,-525.7856479662047,-0.8060600732076577,-0.031202860887979078,0.23043502537721106,20.712992035216445,141.612703059558,TRACK
30.9,178.01377621399058,-522.1015561558363,-0.7826356661799406,-0.5085933052780232,0.6724142570462311,-0.3748799196753632,0.769854458488643,177.9105824177415,-522.2910517421882,0.21577195561782717,181.53290881632137,-525.7856479662047,-0.8082949066283006,-0.025659240448359988,0.23014554151135702,20.712992035216445,141.612703059558,TRACK
30.948,178.0459067855346,-522.1199610534461,-0.786416417051496,-0.5126579450855656,0.6713546845886131,-0.3778743261937706,0.7703934831730291,177.94309415983963,-522.3087566932868,0.2149749511574597,181.53290881632137,-525.7856479662047,-0.8103744662058324,-0.023958049154336414,0.22960651682697086,51.300330362530154,110.56250592325188,TRACK
31.0,178.08060736612202,-522.1401101124691,-0.7872269025856187,-0.5173584173934613,0.6699421450901802,-0.3812369785267088,0.7708204146000587,177.97832065126235,-522.3279400180726,0.21387530356683687,181.53290881632137,-525.7856479662047,-0.8126161201997354,-0.02538921761411672,0.22917958539994132,51.300330362530154,110.56250592325188,TRACK
31.044,178.1125453224023,-522.1588960047033,-0.7971949489878507,-0.5223818192555615,0.6683433255189377,-0.38478450024989963,0.7711951195373825,178.00147820957793,-522.3406492772249,0.21300271271386342,181.53290881632137,-525.7856479662047,-0.8146767371702814,-0.017481788182430735,0.2288048804626175,46.75054770184223,114.05488119793509,TRACK
31.1,178.14705485938842,-522.1794332606815,-0.8010512553517666,-0.5274405357284763,0.6666988913015889,-0.3883414557855904,0.7715545981616851,178.0357425499104,-522.3615877797386,0.21347294689075025,181.53290881632137,-525.7856479662047,-0.8169035511657269,-0.015852295813960304,0.22844540183831485,46.75054770184223,114.05488119793509,TRACK
31.148,178.17883864958088,-522.1985470392306,-0.8024878938114046,-0.5323397979543868,0.6651110828327359,-0.3917932481805131,0.771929207781887,178.0673889032604,-522.3809264637097,0.21373652104456126,181.53290881632137,-525.7856479662047,-0.8189578130418046,-0.016469919230399976,0.228070792218113,64.799940682028,96.06705267129502,TRACK
31.2,178.21315072105955,-522.21946433461,-0.8100240905875249,-0.5376365122032244,0.6632688387938427,-0.39545509944852064,0.7722112976347677,178.10167856107932,-522.4018804374173,0.213779505598718,181.53290881632137,-525.7856479662047,-0.8211696567461049,-0.011145566158579978,0.2277887023652323,64.799940682028,96.06705267129502,TRACK
31.248,178.2447070702576,-522.2389704573098,-0.8137308999327058,-0.5432437744893736,0.6612231247850742,-0.3992779593275594,0.7724240477583009,178.13333388142888,-522.4212246010077,0.21358970032495767,181.53290881632137,-525.7856479662047,-0.8231973168490784,-0.009466416916372622,0.22757595224169913,63.008124616391676,97.78003692676032,TRACK
31.3,178.27878179460157,-522.2602996302353,-0.8098918114607203,-0.5488609596236338,0.6591441372717087,-0.4030924144072755,0.7726282988943337,178.16763398464272,-522.4421849577632,0.21315747237329719,181.53290881632137,-525.7856479662047,-0.8253830799643883,-0.015491268503667999,0.2273717011056663,63.008124616391676,97.78003692676032,TRACK
31.348,178.3101236929475,-522.2801762848383,-0.817153282190064,-0.5545749819616919,0.6569783646657683,-0.4069440091780275,0.7728026903710893,178.19929802513158,-522.4615344501199,0.2125396733816023,181.53290881632137,-525.7856479662047,-0.8273882962141486,-0.010235014024084554,0.22719730962891072,49.34351239892284,111.59106110056403,TRACK
31.4,178.3439871801609,-522.3018824999215,-0.8206474068082241,-0.5599827076160305,0.6549632548151229,-0.4106131305642712,0.7730329929245005,178.2336120850585,-522.4825033356451,0.21167557231850356,181.78221573370212,-526.2174602137866,-0.8502190722336375,-0.02957166542541334,0.22696700707549955,49.34351239892284,111.59106110056403,TRACK
31.448,178.37516333969953,-522.3220761755033,-0.8215814979798268,-0.5651640439202326,0.6530522789323426,-0.4141440859842256,0.773299814415105,178.2652965042545,-522.5018652811705,0.21070084016753018,181.78221573370212,-526.2174602137866,-0.8521711738587909,-0.030589675878964107,0.22670018558489502,27.011228559473807,133.83821036289842,TRACK
31.5,178.40889904846048,-522.3440736415882,-0.8315062113624823,-0.5695970191488441,0.6515512518124695,-0.41725352376915326,0.7737050709644931,178.29964711603716,-522.52285650307,0.2095215890972387,181.78221573370212,-526.2174602137866,-0.8542954768602419,-0.022789265497759614,0.22629492903550685,27.011228559473807,133.83821036289842,TRACK
31.548,178.4400054679489,-522.3644881526898,-0.832109792841659,-0.5735147657271142,0.6503259557811871,-0.42007060056530354,0.7741983971967452,178.3313790147827,-522.5422474627441,0.2083220550936601,181.78221573370212,-526.2174602137866,-0.8562659232061964,-0.024156130364537454,0.2258016028032548,55.71585433288655,104.69535268260194,TRACK
31.6,178.47358240637078,-522.3867947085056,-0.8403881884506474,-0.5780253365448105,0.6487104952511533,-0.423186169896985,0.7745397607877058,178.3657515501544,-522.5632520818699,0.20679627213029728,181.78221573370212,-526.2174602137866,-0.8583891931112501,-0.018001004660602615,0.2254602392122942,55.71585433288655,104.69535268260194,TRACK
31.644,178.50447296074816,-522.4075498027603,-0.8365633824781722,-0.5827833973635955,0.6469054475816295,-0.4264102393735255,0.7747982642942456,178.3974778140356,-522.58263959815,0.20519356195953942,181.78221573370212,-526.2174602137866,-0.8603413003113876,-0.023777917833215367,0.2252017357057544,57.03159375709083,103.01013049361461,TRACK
31.7,178.53785479787956,-522.4301827344276,-0.8402966918606656,-0.587345291046997,0.6451739831586444,-0.42950369566127444,0.7750631542858191,178.42546263865705,-522.599740768492,0.20342547620805818,181.78221573370212,-526.2174602137866,-0.8624558126371883,-0.02215912077652271,0.22493684571418093,57.03159375709083,103.01013049361461,TRACK
31.748,178.5686016309617,-522.451200572979,-0.8484043792631435,-0.5916440759042157,0.6435587469437014,-0.4324324749505831,0.7753487642084907,178.45404332353633,-522.6192267495015,0.20336273453349663,181.78221573370212,-526.2174602137866,-0.8644103401253257,-0.0160059608621822,0.22465123579150925,43.64113757908311,116.59512346608466,TRACK
31.8,178.6018825629332,-522.4740665975492,-0.8488724300657187,-0.5952683691103888,0.6423194583986259,-0.4349870433245572,0.7757499690607433,178.48740592541535,-522.6419729863181,0.20321775494980332,181.78221573370212,-526.2174602137866,-0.8665429141392791,-0.017670484073560422,0.22425003093925666,43.64113757908311,116.59512346608466,TRACK
31.848,178.63257644119375,-522.4952630786445,-0.852591580234701,-0.5984588532780011,0.6413171769421713,-0.4372992528144075,0.7762205601200701,178.51822535491598,-522.662985317566,0.2029948776737093,181.78221573370212,-526.2174602137866,-0.8685256381760246,-0.01593405794132352,0.22377943987992988,56.7719659420095,103.12972368062267,TRACK
31.9,178.66573096151342,-522.5183773875887,-0.8627651775900373,-0.602089577973837,0.6400115902409591,-0.43982159376129965,0.7765680073126184,178.5516172199909,-522.6857515056918,0.20257354569405656,181.78221573370212,-526.2174602137866,-0.8706713613311925,-0.007906183741155148,0.22343199268738156,56.7719659420095,103.12972368062267,TRACK
31.948,178.69623336113776,-522.5398596541243,-0.8632095511290059,-0.6061182201498044,0.638420864250755,-0.44252556276691923,0.7767947435538293,178.58243894775495,-522.7067654038691,0.2020066776495884,181.78221573370212,-526.2174602137866,-0.8726472175861022,-0.009437666457096316,0.22320525644617073,70.31335894077083,89.25524573676807,TRACK
32.0,178.72912020922595,-522.563324661589,-0.8668050133704037,-0.6108841778219939,0.6363273469720074,-0.4455791660422026,0.7768225574191948,178.61581130891378,-522.72951829445,0.2011447998171719,181.78221573370212,-526.2174602137866,-0.8747702048141064,-0.007965191443702668,0.22317744258080519,70.31335894077083,89.25524573676807,TRACK
32.048,178.759323864053,-522.5851635895542,-0.8746858683945473,-0.6161846710518061,0.6338477586455837,-0.4488686410068441,0.7766891514752612,178.646595095795,-522.7505063249715,0.20011495533378773,182.00968867902407,-526.6611626088242,-0.8976182871096232,-0.022932418715075897,0.22331084852473881,59.39331860689063,100.69491121936156,TRACK
32.1,178.79193179069802,-522.6089693749008,-0.8703390210169233,-0.6212350200909742,0.6314774724611648,-0.4519958641793287,0.7765719924521868,178.67993565610146,-522.7732375340984,0.19881439155840425,182.00968867902407,-526.6611626088242,-0.8996768982810872,-0.029337877264163925,0.22342800754781322,59.39331860689063,100.69491121936156,TRACK
32.148,178.82193834623786,-522.6310684972692,-0.8780552534145474,-0.6259783674698672,0.6292581579110959,-0.4549367456531358,0.7764877795838977,178.71070599318114,-522.7942163947004,0.19745853438820615,182.00968867902407,-526.6611626088242,-0.9015755916317816,-0.023520338217234205,0.2235122204161023,18.50097178244701,142.16878241828059,TRACK
32.2,178.8544856084518,-522.6550270472924,-0.8808896726097459,-0.6289822460480605,0.6280859136975704,-0.45696835598431695,0.7767316096029061,178.74407624198298,-522.8169678451006,0.19599757702282866,182.00968867902407,-526.6611626088242,-0.9036667399270139,-0.02277706731726792,0.2232683903970939,18.50097178244701,142.16878241828059,TRACK
32.244,178.8845699150119,-522.6771561815661,-0.8884137823123526,-0.6308112524423153,0.6276205792374975,-0.4583877021360533,0.7771916603721266,178.77491362603888,-522.8379924175571,0.19466072156206177,182.00968867902407,-526.6611626088242,-0.9056302626091876,-0.01721648029683498,0.2228083396278734,55.01475656478656,105.1933682112523,TRACK
32.3,178.91706919603965,-522.7012498522654,-0.8921746102576895,-0.6333110223686966,0.626698537268101,-0.4601209437871955,0.7774717612399803,178.80831400964487,-522.860764413519,0.1930610934903182,182.00968867902407,-526.6611626088242,-0.9077599517875294,-0.015585341529839924,0.2225282387600197,55.01475656478656,105.1933682112523,TRACK
32.348,178.9469960310376,-522.7235866647131,-0.8925835811958258,-0.6360666170394625,0.6255705544176526,-0.46195120422649594,0.7776486569400857,178.8374367223474,-522.8806199428411,0.19147504422324535,182.00968867902407,-526.6611626088242,-0.9097320207108147,-0.0171484395149889,0.22235134305991433,61.013260540970876,98.41720635908975,TRACK
32.4,178.97933121689906,-522.7478880451641,-0.8962452668394336,-0.6390152692351264,0.6242615344389667,-0.46383526655198315,0.7777182123863645,178.86371388376512,-522.9005241191369,0.19148143199491108,182.00968867902407,-526.6611626088242,-0.9118743775283975,-0.015629110688963888,0.22228178761363548,61.013260540970876,98.41720635908975,TRACK
32.448,179.00909737768697,-522.7704118682276,-0.8964892750995572,-0.6420794041463717,0.6228149197971999,-0.465729133096555,0.7776902016464277,178.89346889372783,-522.9230626633337,0.19149989960625247,182.00968867902407,-526.6611626088242,-0.9138575582362778,-0.017368283136720564,0.22230979835357234,52.97531661579127,106.9047571348285,TRACK
32.5,179.04128923773942,-522.7948848020446,-0.90001533737767,-0.6448552494027269,0.6215056789904398,-0.46744560643512845,0.7776726200612136,178.9257033727207,-522.9474793323368,0.19142931558988166,182.00968867902407,-526.6611626088242,-0.9160211427650953,-0.016005805387425243,0.22232737993878637,52.97531661579127,106.9047571348285,TRACK
32.544,179.07094234244707,-522.8175500928878,-0.9074835434608932,-0.6475729317020145,0.6201992465037145,-0.46910738991433937,0.7776302775972778,178.9554546347199,-522.9700150375616,0.1912667508754258,182.00968867902407,-526.6611626088242,-0.9180296124080511,-0.010546068947157927,0.22236972240272224,52.40975052816151,107.78254584917138,TRACK
32.596,179.10298743121416,-522.8421923933201,-0.9109990066727915,-0.6503620052444692,0.6188176076982246,-0.4707814409696421,0.7775412508406268,178.98767737047353,-522.9944228114065,0.1909725380748409,182.00968867902407,-526.6611626088242,-0.9202152207111032,-0.009216214038311632,0.22245874915937325,52.40975052816151,107.78254584917138,TRACK
32.648,179.13249091238936,-522.8650211378673,-0.9184792360069602,-0.6532226021105013,0.617360995239653,-0.47246753228660043,0.777406050599225,179.01741223090207,-523.0169460929243,0.19058933575077006,182.00968867902407,-526.6611626088242,-0.9222412700530525,-0.003762034046092211,0.22259394940077504,65.94716018813256,94.36535913079095,TRACK
32.7,179.16432111685134,-522.8898753452445,-0.9191359255956595,-0.6566237553892377,0.6155264077075828,-0.47439183025583076,0.7771231351586944,179.04960041820183,-523.0413276973325,0.18999645694488596,182.21476211870396,-527.1156520372529,-0.9455459826281533,-0.026410057032493772,0.22287686484130564,65.94716018813256,94.36535913079095,TRACK
32.748,179.19358339806453,-522.9129265489279,-0.9219455348893715,-0.6603303017479442,0.6134629655228137,-0.47643638319105863,0.7767421948730622,179.0792890875733,-523.0638159904842,0.18929028761093433,182.21476211870396,-527.1156520372529,-0.9475232972475508,-0.025577762358179323,0.22325780512693782,25.273913962869955,135.43541590746267,TRACK
32.8,179.2252818731662,-522.9379194110444,-0.9299078718775373,-0.6628955107903703,0.6121060484665064,-0.477904836396822,0.7765737873639273,179.11146030757914,-523.0881847426666,0.18850734383633164,182.21476211870396,-527.1156520372529,-0.9496937683135943,-0.019785896436056993,0.22342621263607265,25.273913962869955,135.43541590746267,TRACK
32.848,179.25455736203915,-522.9609959426178,-0.9254786479572865,-0.6645203600024403,0.6113360378684123,-0.47890451971434567,0.7765830864752831,179.1411695599854,-523.1106886268612,0.18778895966104167,182.21476211870396,-527.1156520372529,-0.951728310266889,-0.02624966230960246,0.22341691352471693,57.55683063185293,103.42064184687135,TRACK
32.9,179.28618562487998,-522.9860786141437,-0.9291400490299525,-0.6666079440016863,0.610250962966183,-0.4801136115461123,0.7764762184336393,179.17333939205753,-523.1350563277248,0.18689203141403127,182.21476211870396,-527.1156520372529,-0.953941363028711,-0.024801313998758512,0.22352378156636066,57.55683063185293,103.42064184687135,TRACK
32.952,179.31530053208667,-523.0093074472553,-0.9373856636451166,-0.668990488320387,0.6089593243101261,-0.48145075561040074,0.776290080280607,179.20301991220057,-523.1575384480758,0.18595528281349977,182.21476211870396,-527.1156520372529,-0.9559927276840838,-0.01860706403896728,0.22370991971939302,40.11271881616094,120.42239334606083,TRACK
33.0,179.346819954731,-523.0345019667444,-0.9404102163540795,-0.6708603127446564,0.6079735209076005,-0.4825214877080455,0.776182187520926,179.23489801858688,-523.1816851753193,0.18490380384582206,182.21476211870396,-527.1156520372529,-0.9582412224146322,-0.017831006060552657,0.22381781247907395,40.11271881616094,120.42239334606083,TRACK
33.044,179.37590357739117,-523.0577771163439,-0.9481643097733015,-0.6722789150125364,0.6072508704870866,-0.48335359950656964,0.7761342163977064,179.25663066858283,-523.1999210339154,0.1855557061320855,182.21476211870396,-527.1156520372529,-0.9603439575283319,-0.012179647755030443,0.2238657836022936,59.296819843978994,101.51199188354465,TRACK
33.096,179.40732170571712,-523.0830675213048,-0.9518912065541123,-0.6741962423932281,0.606181237241291,-0.48440371922349457,0.7759527405589445,179.28752067655168,-523.2258408282091,0.1863773155550484,182.21476211870396,-527.1156520372529,-0.9626327574466617,-0.010741550892549356,0.22404725944105552,59.296819843978994,101.51199188354465,TRACK
33.148,179.4362372332628,-523.1064839650069,-0.9520899368377647,-0.6764716218069037,0.6048601925607321,-0.4856073194897705,0.7756741076551711,179.31601935230972,-523.2497540565267,0.18702582181335106,182.21476211870396,-527.1156520372529,-0.9647549318332065,-0.012664994995441825,0.22432589234482891,65.03225761486303,95.76540972646558,TRACK
33.2,179.46744535283847,-523.1319439313116,-0.9556706051998809,-0.6792119010573078,0.6032137761545382,-0.48700991548889017,0.7752712541601896,179.3468696147481,-523.2756405003605,0.18758254868844654,182.21476211870396,-527.1156520372529,-0.9670585840812437,-0.011387978881362781,0.2247287458398104,65.03225761486303,95.76540972646558,TRACK
33.248,179.49613037595304,-523.1555382439057,-0.9556614895693487,-0.6823989104548175,0.6012505813775919,-0.48859830773248225,0.7747454859022657,179.37532060828525,-523.2995137185442,0.18794663407822546,182.21476211870396,-527.1156520372529,-0.9691860045694046,-0.013524515000055914,0.22525451409773434,56.05195491996309,105.37666455325652,TRACK
33.3,179.52710644632825,-523.1811769211724,-0.9590745415455855,-0.6855455001949591,0.5993056592669972,-0.49015692009100587,0.7742228875088562,179.40612269663347,-523.3253597395167,0.18821730206305104,182.21476211870396,-527.1156520372529,-0.971500195683596,-0.012425654138010556,0.22577711249114385,56.05195491996309,105.37666455325652,TRACK
33.344,179.55560157433368,-523.204920806471,-0.9665567437048049,-0.6887440509293214,0.5973256535631452,-0.49173449502800404,0.7736929300472408,179.43453590532582,-523.3492012524509,0.18834474589030825,182.396926207859,-527.5797985667431,-0.9947981568363885,-0.02824141313158357,0.22630706995275918,55.0648750601889,106.99555382669337,TRACK
33.4,179.58636838342773,-523.2307264899254,-0.9699434178952444,-0.6919541119040177,0.5953459667952066,-0.49331952194162443,0.7731758990734463,179.46529742860753,-523.3750132352911,0.18835296915451705,182.396926207859,-527.5797985667431,-0.9970666956201922,-0.027123277724947825,0.2268241009265537,55.0648750601889,106.99555382669337,TRACK
33.448,179.61468444315634,-523.2546176322356,-0.970339400124566,-0.6950618679672521,0.5934461472713233,-0.4948639352744809,0.7727021704036574,179.49367806564487,-523.3988274173618,0.18825250469666843,182.396926207859,-527.5797985667431,-0.9991696132767754,-0.02883021315220946,0.2272978295963426,27.977721657558817,134.33437703381324,TRACK
33.5,179.64535515303976,-523.2805192643168,-0.9808728067879464,-0.6972427150066495,0.5921774660955603,-0.4959994661670748,0.7724568737407815,179.52443044107068,-523.4246317242394,0.18812545566651742,182.396926207859,-527.5797985667431,-1.001477805702723,-0.020604998914776518,0.22754312625921846,27.977721657558817,134.33437703381324,TRACK
33.548,179.67366834707482,-523.3044446367774,-0.9809571766116338,-0.6987671720997702,0.59136572613445,-0.4968554938667929,0.7723851395723121,179.55282625150872,-523.4484586383049,0.18799692735997917,182.396926207859,-527.5797985667431,-1.0036380242595937,-0.022680847647959856,0.22761486042768786,57.014832190196756,105.13283087873083,TRACK
33.6,179.70424023680204,-523.3304501724166,-0.9846618734677186,-0.7008997215453558,0.5901600566897888,-0.49799333012360913,0.7721957325443444,179.58357179940117,-523.4742572162017,0.18772676321450127,182.396926207859,-527.5797985667431,-1.0059864534945875,-0.021324580026868878,0.22780426745565563,57.014832190196756,105.13283087873083,TRACK
33.648,179.73236289029435,-523.3545375381159,-0.9847717479591167,-0.7034748264513554,0.5886650518965055,-0.4993327061377475,0.7719194872155785,179.61193556215753,-523.4980572390695,0.18735166378758095,182.396926207859,-527.5797985667431,-1.0081609212921236,-0.02338917333300694,0.22808051278442154,47.99127472367277,113.74727205525537,TRACK
33.7,179.76276873827177,-523.3806901965619,-0.988408259937811,-0.7058761762305487,0.5872870297345946,-0.500593767760653,0.7716865786154954,179.6346864839636,-523.5187300371126,0.18830842107546295,182.396926207859,-527.5797985667431,-1.010535083285387,-0.022126823347575986,0.2283134213845046,47.99127472367277,113.74727205525537,TRACK
33.748,179.7907740857883,-523.4048880918584,-0.9962497826837242,-0.7082254576674805,0.5859422283022817,-0.501828935581702,0.7714665096392113,179.66180069537904,-523.5438883487133,0.1896185825265407,182.396926207859,-527.5797985667431,-1.0127426795777705,-0.016492896894046316,0.22853349036078874,47.38627730711503,114.73113858047401,TRACK
33.8,179.82104101841975,-523.4311703291066,-0.9969762737489147,-0.7106129144534218,0.5845821872619087,-0.5030884819141402,0.7712550513925931,179.69116946044,-523.5711385803872,0.19093908174766047,182.396926207859,-527.5797985667431,-1.0151504268931033,-0.018174153144188576,0.2287449486074069,47.38627730711503,114.73113858047401,TRACK
33.848,179.84890928090078,-523.4554976558431,-1.0006860855775153,-0.713078965682161,0.583184502311119,-0.5043942706979118,0.7710497675563788,179.71827454191063,-523.596288420637,0.19206112173544723,182.396926207859,-527.5797985667431,-1.0173871206555436,-0.016701035078028337,0.22895023244362123,55.867234018008034,106.27443511611436,TRACK
33.9,179.87897437631943,-523.4819563330955,-1.0115804944525717,-0.7160874630522409,0.5814311456662155,-0.5059435266904243,0.7707405720154298,179.74762282002933,-523.6235196432067,0.19311499711176613,182.396926207859,-527.5797985667431,-1.0198137364574096,-0.008233242004837882,0.22925942798457022,55.867234018008034,106.27443511611436,TRACK
33.948,179.90660886686175,-523.5064774043772,-1.012272068888036,-0.7194747590701253,0.5794317382207211,-0.5076627704444763,0.7703652560654896,179.77469888202924,-523.6486425573227,0.1939360069985131,182.396926207859,-527.5797985667431,-1.0220564891477464,-0.00978442025971038,0.22963474393451044,70.62555153205919,91.72603743832543,TRACK
34.0,179.93637109967995,-523.5331782873099,-1.0152681893908282,-0.7235849868317559,0.5769533507352018,-0.5096982820666113,0.7698490161494211,179.80400517658455,-523.6758348248383,0.19460633416333062,182.55572805786136,-528.0524482558908,-1.0455138704037013,-0.03024568101287306,0.23015098385057886,70.62555153205919,91.72603743832543,TRACK
34.048,179.96367547782629,-523.5579558557806,-1.01510467471312,-0.7282455305038602,0.574114101961603,-0.5119736534426377,0.7692360001264761,179.8310317377068,-523.7009118088519,0.19501478485332568,182.55572805786136,-528.0524482558908,-1.0476722315286389,-0.03256755681551882,0.23076399987352392,17.19984795963198,145.75616011871557,TRACK
34.1,179.99327236890542,-523.5848218107709,-1.018586480164739,-0.7313322686505385,0.5723840100769293,-0.5136114179415572,0.7690384539356164,179.86033148863208,-523.7280980047661,0.19545164469405232,182.55572805786136,-528.0524482558908,-1.0500442676249775,-0.03145778746023842,0.23096154606438357,17.19984795963198,145.75616011871557,TRACK
34.148,180.02059464755166,-523.6096570873594,-1.0265801591110586,-0.7335794452034494,0.5712745550121513,-0.5149379801200578,0.7691006049760047,179.88739644223438,-523.7532106117953,0.19582996777233724,182.55572805786136,-528.0524482558908,-1.0522620155277453,-0.025681856416686744,0.23089939502399526,39.72795178029078,123.34046213111542,TRACK
34.196,180.05009441511072,-523.6366663547892,-1.03049424846547,-0.7363007106392514,0.5698845885592609,-0.5165028332399909,0.7691187301205815,179.9167154582292,-523.7804146830817,0.19609571139038756,182.55572805786136,-528.0524482558908,-1.0546720214764405,-0.02417777301097046,0.23088126987941848,39.72795178029078,123.34046213111542,TRACK
34.244,180.0772460651573,-523.6616895735334,-1.0387736167460164,-0.7392150774062212,0.5684057641532653,-0.518187811615771,0.7691577996937944,179.9437824303017,-523.8055291629777,0.1962202061979579,182.55572805786136,-528.0524482558908,-1.0569063703379384,-0.018132753591922013,0.2308422003062056,54.58298041594605,107.54725449603404,TRACK
34.3,180.10652593918212,-523.6889247841644,-1.0427851061278188,-0.742721542839609,0.5665398218666062,-0.5201359952591327,0.7690961079896675,179.97309593890628,-523.8327281241528,0.19617075614225385,182.55572805786136,-528.0524482558908,-1.0593265057560637,-0.016541399628244857,0.23090389201033246,54.58298041594605,107.54725449603404,TRACK
34.344,180.13344601065688,-523.7141715277896,-1.0430933685065331,-0.7464347635024534,0.5645430720500972,-0.5221792358520996,0.769012376073912,179.9924636303559,-523.8516818605133,0.1969393895621187,182.55572805786136,-528.0524482558908,-1.061564058418497,-0.01847068991196399,0.23098762392608796,61.06640128674431,101.17542716993174,TRACK
34.4,180.1624826985876,-523.7416464047334,-1.0469896898237971,-0.7504005613099914,0.5623922425201511,-0.5243435596560734,0.7689090993086547,180.02035319059203,-523.8802756142318,0.19854182120957106,182.55572805786136,-528.0524482558908,-1.0639893909191138,-0.016999701095316677,0.2310909006913453,61.06640128674431,101.17542716993174,TRACK
34.448,180.18915947718702,-523.7671298411112,-1.047116703486099,-0.7546425268688255,0.5600731349254487,-0.5266400373648574,0.7687858254552293,180.0460968024534,-523.9066692357572,0.19984536912351478,182.55572805786136,-528.0524482558908,-1.0662270443016209,-0.019110340815521765,0.23121417454477067,51.60578499701137,110.8507909971793,TRACK
34.5,180.21795117006943,-523.7948554207491,-1.0558166621557477,-0.7588051338434763,0.5578377782562087,-0.5289305026187155,0.7687330248209128,180.07399223149898,-523.9352690064688,0.2010973670862392,182.55572805786136,-528.0524482558908,-1.068656509435596,-0.012839847279848327,0.23126697517908723,51.60578499701137,110.8507909971793,TRACK
34.548,180.2444044712379,-523.8205735946979,-1.0589417139866195,-0.7631809256018653,0.5554832102200833,-0.5313331784121819,0.7686849441208021,180.0997442226735,-523.9616712188798,0.20207703250124043,182.55572805786136,-528.0524482558908,-1.0708982599522021,-0.011956545965582599,0.23131505587919787,60.11552172320148,102.37234014347865,TRACK
34.6,180.27287764896397,-523.8486003907109,-1.0626611320170558,-0.7681902485181538,0.5527104751838177,-0.5340084622094217,0.768540114170492,180.12763492591836,-523.9902661444671,0.20289069565907866,182.55572805786136,-528.0524482558908,-1.07331369634336,-0.010652564326304237,0.23145988582950805,60.11552172320148,102.37234014347865,TRACK
34.648,180.29898432776633,-523.8746279622724,-1.0706600007951383,-0.7736794351961445,0.5496230084700455,-0.5368898764052803,0.7683333852086222,180.15337257740066,-524.0166536551179,0.20340619280841468,182.55572805786136,-528.0524482558908,-1.0755294996047253,-0.004869498809586981,0.23166661479137785,59.62528677724989,102.92657200005348,TRACK
34.7,180.32706967582905,-523.9029986439325,-1.0742641043957288,-0.7795467573476534,0.5462909520815123,-0.5399349308374208,0.7680908369877456,180.18124608962538,-524.0452309556229,0.20370210794707483,182.69077286229074,-528.532426023097,-1.0987188460457045,-0.02445474164997563,0.2319091630122544,59.62528677724989,102.92657200005348,TRACK
34.748,180.35283041012883,-523.9293393655818,-1.0746392649835528,-0.7854880941677372,0.5429278064555669,-0.5430254670702162,0.7678849268669622,180.20697160755182,-524.0716060263533,0.2037513019744203,182.69077286229074,-528.532426023097,-1.100842710186782,-0.026203445203229148,0.2321150731330378,30.683690984678833,132.24117850100004,TRACK
34.8,180.3806763157706,-523.9579811227699,-1.0776201872740732,-0.7903887278143581,0.5403274390925451,-0.5457476115924519,0.7679805967569583,180.23486387893504,-524.1002025596736,0.20368653330760692,182.69077286229074,-528.532426023097,-1.1031563969838105,-0.025536209709737356,0.2320194032430417,30.683690984678833,132.24117850100004,TRACK
34.848,180.40632630916673,-523.9845197282651,-1.0775721886830172,-0.7946042184792487,0.5382440372570276,-0.5482466126047011,0.7682974631451503,180.2606343180034,-524.1266236857758,0.20351828180616793,182.69077286229074,-528.532426023097,-1.1053045780990385,-0.027732389416021297,0.23170253685484965,43.97672128925144,118.62512826016024,TRACK
34.9,180.43401538077023,-524.013400838621,-1.0813873232708606,-0.7987600932008908,0.5362273753945008,-0.5507523871268838,0.7686793805276917,180.2885697667443,-524.1552644866542,0.2031741156561882,182.69077286229074,-528.532426023097,-1.1076365721312973,-0.02624924886043667,0.2313206194723083,43.97672128925144,118.62512826016024,TRACK
34.948,180.4594787900684,-524.0401849864995,-1.0903038641368394,-0.802933370048831,0.5342184868055669,-0.5532901299133114,0.7691029576749258,180.3143719726311,-524.1817181816667,0.2027008480520415,182.69077286229074,-528.532426023097,-1.109792567196718,-0.019488703059878487,0.23089704232507424,43.249996351722636,118.34854071247315,TRACK
35.0,180.48696310023357,-524.0693325225774,-1.0935601245753372,-0.8070768742206488,0.5322325656122242,-0.5558239234292346,0.7695529466868658,180.33504476113603,-524.2034012523004,0.20261689476373687,182.69077286229074,-528.532426023097,-1.112132862734043,-0.01857273815870575,0.2304470533131342,43.249996351722636,118.34854071247315,TRACK
35.048,180.51224259892092,-524.0963563893979,-1.1019372912321042,-0.8111625658147108,0.530280845576561,-0.558334579128575,0.7700229070852863,180.35951990730715,-524.2311349644282,0.2036896777476697,182.69077286229074,-528.532426023097,-1.1142983081884166,-0.01236101695631242,0.2299770929147137,58.593623216161916,102.61348114997529,TRACK
35.1,180.53946670521748,-524.1257928476275,-1.1058881357252162,-0.8158081556848445,0.5279217266208274,-0.5610474837482657,0.7703736940333412,180.38604339131854,-524.2611897254931,0.20462411339691672,182.69077286229074,-528.532426023097,-1.116635429718516,-0.010747293993299767,0.22962630596665878,58.593623216161916,102.61348114997529,TRACK
35.148,180.56443769217842,-524.1531167545565,-1.1059615831470353,-0.8209050261092179,0.5252292355603674,-0.5639176857939572,0.7706289030645944,180.41053231815152,-524.2889390530091,0.20526704779700822,182.69077286229074,-528.532426023097,-1.1187825031419216,-0.012820919994886326,0.22937109693540558,64.8815317572485,96.18164634099207,TRACK
35.2,180.5912945056231,-524.182892503888,-1.1097475899026796,-0.8265035416338711,0.522166016684208,-0.5669601931890027,0.7707796115886589,180.43706331998078,-524.3190023327973,0.20570159005305028,182.69077286229074,-528.532426023097,-1.1210919890512736,-0.011344399148593975,0.22922038841134107,64.8815317572485,96.18164634099207,TRACK
35.248,180.61589380113375,-524.2105434655875,-1.1095888959538018,-0.8325363647905359,0.5187777739432768,-0.5701457212989646,0.7708414378152346,180.4615517681176,-524.3467511178845,0.20584942968057848,182.69077286229074,-528.532426023097,-1.123205752551321,-0.013616856597519211,0.22915856218476538,55.013327154749476,106.37956560887343,TRACK
35.3,180.642378465946,-524.2406576113214,-1.1131855441009653,-0.8384534121456212,0.5154677200686218,-0.5732860843604178,0.7709500015915709,180.48808771788936,-524.3768200043731,0.20578102978036494,182.69077286229074,-528.532426023097,-1.1254857217566698,-0.01230017765570457,0.2290499984084291,55.013327154749476,106.37956560887343,TRACK
35.344,180.66666947673932,-524.2686046317167,-1.1212191197658434,-0.8443421089193582,0.5121759717458881,-0.5764163118836555,0.7710901313331668,180.51258807082215,-524.4045822792342,0.20550182547560594,182.8017248784854,-529.0185385680059,-1.1483652675067386,-0.027146147740895188,0.22890986866683316,53.91352046725705,107.68109678731662,TRACK
35.4,180.69282008536644,-524.2990402798213,-1.1247784354638473,-0.8501680860320925,0.5089280935481344,-0.5795259265051477,0.7712704479585539,180.5391372650218,-524.434666173484,0.20497022296149098,182.8017248784854,-529.0185385680059,-1.1505655616702184,-0.025787126206371136,0.22872955204144607,53.91352046725705,107.68109678731662,TRACK
35.448,180.71681906039166,-524.3272765197243,-1.1328002684531149,-0.8558317592827452,0.5057957870318583,-0.5825811015209061,0.7715115799704431,180.56365324394255,-524.462446154742,0.20428068327512314,182.8017248784854,-529.0185385680059,-1.1525897150338815,-0.019789446580766645,0.22848842002955694,28.82750054076412,132.5348924943628,TRACK
35.5,180.74275288637955,-524.3579776777996,-1.1331384226792998,-0.860577814005227,0.5033218595661337,-0.585320126110916,0.7719666730809106,180.59023924930216,-524.4925717611069,0.20341085702565598,182.8017248784854,-529.0185385680059,-1.1547938658640065,-0.02165544318470669,0.2280333269190894,28.82750054076412,132.5348924943628,TRACK
35.548,180.76663940725464,-524.3864171092217,-1.136920522199735,-0.8646481953107457,0.501331756765549,-0.5878289360919838,0.7725777556004736,180.61480679992658,-524.5204101802093,0.20250255238074757,182.8017248784854,-529.0185385680059,-1.1568408656439386,-0.01992034344420368,0.2274222443995264,51.699766546355555,109.10676361803058,TRACK
35.6,180.79237162145697,-524.417373293495,-1.1401178306016253,-0.8690789156172737,0.49906323749015535,-0.5904477410681133,0.7731058465349961,180.6414310574677,-524.5505791315651,0.20131281418071229,182.8017248784854,-529.0185385680059,-1.159053107521385,-0.018935276919759714,0.22689415346500386,51.699766546355555,109.10676361803058,TRACK
35.644,180.81598894906034,-524.4460822426154,-1.140040357799807,-0.8737459638112,0.4966007848098728,-0.5931271190306193,0.7735710172979233,180.6604444311895,-524.5721239031343,0.20020139166859627,182.8017248784854,-529.0185385680059,-1.1610900008998641,-0.02104964310005708,0.22642898270207668,51.84607188119999,108.22824445557309,TRACK
35.7,180.84144790597398,-524.4773156153194,-1.1490045047297577,-0.8783562022676603,0.49414887396821644,-0.5957572513393827,0.7740218421772816,180.6845920144041,-524.6024040147358,0.20062621560689475,182.8017248784854,-529.0185385680059,-1.16329579843951,-0.01429129370975235,0.22597815782271835,51.84607188119999,108.22824445557309,TRACK
35.748,180.8648298567553,-524.5062659754166,-1.1521540856485037,-0.8829277634137689,0.4916901591932094,-0.5983385890790489,0.7744470800697427,180.7077937600952,-524.631498083597,0.20085670656851254,182.8017248784854,-529.0185385680059,-1.16533102912419,-0.01317694347568632,0.22555291993025728,57.67802219103277,102.40504443704918,TRACK
35.796,180.8900125696679,-524.5377651528158,-1.1525821558903102,-0.88763942611019,0.4890976326949813,-0.6009337769349232,0.7748147511302989,180.7329379897817,-524.6630279503449,0.20090592846216146,182.8017248784854,-529.0185385680059,-1.1675307705604796,-0.014948614670169391,0.22518524886970115,57.67802219103277,102.40504443704918,TRACK
35.848,180.91312401653602,-524.56696380255,-1.1562515726224172,-0.8924052059558449,0.4864344279983973,-0.6035137759863232,0.7751434257912517,180.75615561215665,-524.692141927938,0.2007701248917429,182.8017248784854,-529.0185385680059,-1.1695572491267727,-0.013305676504355546,0.22485657420874827,51.084596294879404,108.93374487440853,TRACK
35.9,180.93802225696007,-524.5987226401643,-1.1644607687768156,-0.8971324608363879,0.48376668874545503,-0.6060453614099939,0.7754490242603391,180.78131583113642,-524.7236918446255,0.20043504174191887,182.8017248784854,-529.0185385680059,-1.1717498199193057,-0.007289051142490122,0.22455097573966087,51.084596294879404,108.93374487440853,TRACK
35.948,180.96087680859776,-524.6281528328659,-1.1681060120105777,-0.9018169305756697,0.4810961200427144,-0.6085246400325032,0.775729150056153,180.80454645703034,-524.7528221281156,0.1999540247137734,182.8017248784854,-529.0185385680059,-1.173771397771179,-0.005665385760601271,0.22427084994384705,66.56558625827564,93.46304079868979,TRACK
36.0,180.98543619479716,-524.6601817381556,-1.1710987123258714,-0.9070058763244638,0.4780160389852627,-0.6111201862404997,0.7758654622792428,180.8297065982346,-524.7843719472756,0.19918563022168342,182.88830826225126,-529.5095773382382,-1.1968642922665251,-0.02576557994065376,0.2241345377207572,66.56558625827564,93.46304079868979,TRACK
36.048,181.00791330619606,-524.6898819143255,-1.1705956738785486,-0.9125892376403152,0.47460602929072193,-0.6137919056281678,0.7758810388543873,180.85292210539583,-524.8134832724746,0.198241186593012,182.88830826225126,-529.5095773382382,-1.198811721635567,-0.02821604775701836,0.2241189611456127,22.303228244049713,137.84939822950682,TRACK
36.1,181.03223698336495,-524.7221249475201,-1.17929312106402,-0.9167589065850412,0.4722109769065274,-0.6159851543913162,0.7761577913939347,180.87809499681728,-524.8450490799014,0.19715500079519746,182.88830826225126,-529.5095773382382,-1.2009425207092848,-0.02164939964526469,0.2238422086060653,22.303228244049713,137.84939822950682,TRACK
36.148,181.0546599194716,-524.7519514131558,-1.183038423720392,-0.9200516645576248,0.4704377107667935,-0.617874995614405,0.776582996154952,180.9013510054633,-524.8742111923558,0.19608946102336958,182.88830826225126,-529.5095773382382,-1.2029283132747555,-0.01988988955436355,0.22341700384504803,51.095501192825054,109.11446055880816,TRACK
36.2,181.0788051959445,-524.7843767518992,-1.1828623156906848,-0.9237928535591095,0.46830079595077495,-0.6198662194610542,0.7768782179447878,180.92654341286556,-524.9058014720484,0.1947501302944268,182.88830826225126,-529.5095773382382,-1.2050763818557173,-0.02221406616503252,0.22312178205521216,51.095501192825054,109.11446055880816,TRACK
36.248,181.10097972712018,-524.8144013408446,-1.194673899240474,-0.9276009043984668,0.4660848071905783,-0.6218423370430053,0.7771247902576427,180.94979943466709,-524.9349636009994,0.19336685186408933,182.88830826225126,-529.5095773382382,-1.2070610318692618,-0.012387132628787878,0.2228752097423573,44.98130376565255,114.61298553223372,TRACK
36.3,181.12491226915142,-524.8470111876767,-1.1951149106195773,-0.9311292519062639,0.4640395421918847,-0.6236868727554699,0.7773789371761699,180.97132507222898,-524.9619558967449,0.19183668366941542,182.88830826225126,-529.5095773382382,-1.209220604445552,-0.014105693825974708,0.2226210628238301,44.98130376565255,114.61298553223372,TRACK
36.344,181.14693950067195,-524.8771785048755,-1.1983099708594929,-0.9342741219943035,0.4622409322618804,-0.6253664885322141,0.7776566880297785,180.99098545688025,-524.9893018265848,0.19207629485730465,182.88830826225126,-529.5095773382382,-1.2112273842085368,-0.012917413349043949,0.2223433119702215,61.25016257704052,98.44968353833886,TRACK
36.4,181.1706758182317,-524.9099513843764,-1.2074178681858778,-0.9376687214705359,0.4602202818531713,-0.6270749064946658,0.7778339451221619,181.01460691987145,-525.022157280897,0.1922177521701914,182.88830826225126,-529.5095773382382,-1.2134039259833072,-0.005986057797429334,0.22216605487783814,61.25016257704052,98.44968353833886,TRACK
36.444,181.1924540349814,-524.9402911496408,-1.2018053324441325,-0.9413611059091214,0.4579426803378512,-0.6288261442739292,0.7779034761443298,181.03640793918095,-525.0524806522373,0.1921896680558445,182.88830826225126,-529.5095773382382,-1.215412254407815,-0.013606921963682517,0.22209652385567025,67.6703915516129,91.9666090251932,TRACK
36.5,181.21588287857068,-524.9732584894465,-1.205426607854676,-0.9454154656846981,0.4553568817627829,-0.6306325501628215,0.7778478662910817,181.0600167954847,-525.085318571715,0.1919679605939207,182.88830826225126,-529.5095773382382,-1.2175827417297345,-0.012156133875058428,0.2221521337089183,67.6703915516129,91.9666090251932,TRACK
36.548,181.2373382701546,-525.0037850811236,-1.2141683374857863,-0.9498759061680251,0.45242753677850406,-0.6325008885849017,0.7776554829075372,181.08179635889698,-525.1156120997196,0.19156870372199772,182.88830826225126,-529.5095773382382,-1.219577281587948,-0.005408944102161639,0.22234451709246283,46.79388430497531,113.29466960564676,TRACK
36.6,181.2604616583354,-525.0369320608,-1.2135283814987465,-0.9540064498302872,0.4497160885845349,-0.6342302484791469,0.7774912015050033,181.10538627200435,-525.1484236708156,0.19099412176712635,182.88830826225126,-529.5095773382382,-1.2217429430979072,-0.008214561599160675,0.22250879849499672,46.79388430497531,113.29466960564676,TRACK
36.648,181.281701163452,-525.0675955730782,-1.2252207667936155,-0.9578567730969718,0.4471868490551283,-0.6358377718727612,0.7773453223040399,181.12715716605285,-525.1787051404694,0.1903396519330237,182.95030775365402,-530.0043215340418,-1.2448529021740355,-0.01963213538042008,0.22265467769596015,61.57499704381673,98.98198129577224,TRACK
36.7,181.30453191393454,-525.1009074642925,-1.225175833881837,-0.9620907948835933,0.44433996474909065,-0.6375092041215019,0.7770817136008632,181.1507255229895,-525.2114867287578,0.18943120024226565,182.95030775365402,-530.0043215340418,-1.2469723214698314,-0.02179648758799435,0.2229182863991368,61.57499704381673,98.98198129577224,TRACK
36.748,181.32545750814603,-525.1317345934259,-1.228019840482634,-0.9664090346448215,0.4414034348790459,-0.6391621326100387,0.7767658746917457,181.17246699824744,-525.2417272793657,0.18842634390997767,182.95030775365402,-530.0043215340418,-1.2489248684444267,-0.020905027961792833,0.22323412530825426,30.971321628091815,129.73912285246558,TRACK
36.8,181.348099731111,-525.1651642691979,-1.2367645969572774,-0.9695767669311364,0.4393118103202555,-0.640462819277476,0.7766514595130257,181.19602693877565,-525.2744971611428,0.1872960635723559,182.95030775365402,-530.0043215340418,-1.2510639981578344,-0.01429940120055706,0.22334854048697428,30.971321628091815,129.73912285246558,TRACK
36.848,181.36898117086153,-525.1960495248526,-1.230919112293579,-0.97192760859483,0.437813174889072,-0.6415058216788594,0.7766660127457089,181.21778091796583,-525.3047551036614,0.18622142556611843,182.95030775365402,-530.0043215340418,-1.2530624750239143,-0.022143362730335348,0.2233339872542911,60.794768399062995,100.04109989889304,TRACK
36.9,181.39148305631184,-525.2295701284085,-1.2399040662816598,-0.9746134221835864,0.4360335619011418,-0.6425982311019324,0.7765679324563495,181.2413361340156,-525.3375184140891,0.18492412134826686,182.95030775365402,-530.0043215340418,-1.2552332414626162,-0.015329175180956334,0.22343206754365053,60.794768399062995,100.04109989889304,TRACK
36.952,181.4121404008819,-525.2605678346329,-1.2428861351954787,-0.9775361710197342,0.43404828605904827,-0.6437137914359151,0.7763796493440552,181.26238774315974,-525.3667994193635,0.18360557750032258,182.95030775365402,-530.0043215340418,-1.2572419316461452,-0.014355796450666425,0.22362035065594477,50.11964939769298,110.37881029144394,TRACK
37.0,181.4344424352515,-525.2941890866194,-1.246432914055509,-0.9801845841803523,0.4322412326568582,-0.6447108528045173,0.7761987934367383,181.27994077964317,-525.3939768356653,0.18392486630510574,182.95030775365402,-530.0043215340418,-1.2594335978762592,-0.013000683820750147,0.22380120656326175,50.11964939769298,110.37881029144394,TRACK
37.048,181.45496356327394,-525.3252564136222,-1.2464138094351047,-0.9825861490751053,0.43059002639055927,-0.6455946470516916,0.7760156049518726,181.30014033119508,-525.4252518587734,0.18430768362259944,182.95030775365402,-530.0043215340418,-1.2614727558846515,-0.01505894644954675,0.2239843950481274,55.92411267730206,104.95814823279424,TRACK
37.1,181.47707953479645,-525.3589615463184,-1.2583084993767373,-0.9852152365862001,0.4287410177861427,-0.6464979906536887,0.7757438444818976,181.32201152287885,-525.4591150870513,0.18459907919978696,182.95030775365402,-530.0043215340418,-1.2636901156561537,-0.005381616279416468,0.2242561555181024,55.92411267730206,104.95814823279424,TRACK
37.148,181.49738136725983,-525.3901199932022,-1.25765190113284,-0.988049556228185,0.42671585660653044,-0.6474207024530684,0.7753966650974645,181.3421880515213,-525.4903544637232,0.18474824581178861,182.95030775365402,-530.0043215340418,-1.2657433713883244,-0.008091470255484401,0.22460333490253548,68.04966036626088,93.03107733248494,TRACK
37.2,181.51920043536913,-525.423939489546,-1.261116292689258,-0.9914684269020115,0.42422441906834624,-0.6484546819852373,0.7748934328812259,181.3640239693379,-525.5241630773721,0.18472818725544735,182.95030775365402,-530.0043215340418,-1.2679635847742845,-0.006847292085026435,0.22510656711877408,68.04966036626088,93.03107733248494,TRACK
37.248,181.53916797672855,-525.455218399823,-1.2602565682964229,-0.9953725195786071,0.421342528140217,-0.6495709307270618,0.7742557200726456,181.38415699878215,-525.5553351041118,0.18453118371036234,182.95030775365402,-530.0043215340418,-1.270006600818567,-0.009750032522144236,0.22574427992735435,56.896582880045955,104.79759073301743,TRACK
37.3,181.56067011083562,-525.4891511914383,-1.2635352503700208,-0.9990825195024561,0.41859854593486034,-0.6506148946906677,0.7736436413828579,181.40595125968298,-525.5890792202396,0.18418342444992905,182.98756921218921,-530.501541143393,-1.293458335569293,-0.029923085199272226,0.2263563586171421,56.896582880045955,104.79759073301743,TRACK
37.348,181.5804034230742,-525.5205157928756,-1.2715868815911886,-1.0026229445539159,0.41597778993057055,-0.6515999003625964,0.7730588282065392,181.42605439627212,-525.6202049637867,0.1837431709525319,182.98756921218921,-530.501541143393,-1.2954660246774448,-0.02387914308625616,0.22694117179346085,14.379388815945134,148.02880394383868,TRACK
37.396,181.60183304477223,-525.5544872855071,-1.27495314264152,-1.0045138981064856,0.4146234018071126,-0.6521942125631486,0.7728323597177902,181.44784495077917,-525.6539433412945,0.18331350229703725,182.98756921218921,-530.501541143393,-1.297682453905321,-0.022729311263801177,0.22716764028220982,14.379388815945134,148.02880394383868,TRACK
37.448,181.621655580297,-525.5858435636075,-1.2834297999002002,-1.0054039273179698,0.414044532709275,-0.6525657659811711,0.7728356578193286,181.4679705574328,-525.6851038753064,0.18295271446832712,182.98756921218921,-530.501541143393,-1.29976598786415,-0.016336187963949866,0.22716434218067139,54.14143763673415,108.01060756938479,TRACK
37.5,181.642989663584,-525.6198647962682,-1.28723562057688,-1.0072572165462406,0.412723737615849,-0.6531568138734747,0.7726284405203739,181.48975565875634,-525.7188338096346,0.1824158048038591,182.98756921218921,-530.501541143393,-1.3020266923029966,-0.0147910717261166,0.22737155947962606,54.14143763673415,108.01060756938479,TRACK
37.548,181.66257651143448,-525.6513084365118,-1.2867735526418067,-1.009508715326411,0.4110911950267903,-0.6538284724610407,0.772326124140115,181.50985170477566,-525.7499485748323,0.18180963521455504,182.98756921218921,-530.501541143393,-1.3041217654078976,-0.017348212766090887,0.22767387585988497,60.96446088778589,100.610469879128,TRACK
37.6,181.68367783760056,-525.6854128735945,-1.290497175514973,-1.0120306596516901,0.4092374336544601,-0.6545376028482615,0.7719421938503148,181.5316062131985,-525.7836311420854,0.1810320612864656,182.98756921218921,-530.501541143393,-1.3064001620818022,-0.015902986566829203,0.22805780614968518,60.96446088778589,100.610469879128,TRACK
37.648,181.7030501950503,-525.7169281476905,-1.2996267489220035,-1.0146910993511291,0.40726110494651635,-0.6552483154681952,0.7714998136915944,181.54568760671523,-525.8077814804261,0.18170666547125108,182.98756921218921,-530.501541143393,-1.3085122585211948,-0.008885509599191321,0.22850018630840563,50.130920927984256,112.10735050253658,TRACK
37.7,181.72397424607433,-525.7510946479722,-1.2989674946503325,-1.017001746663218,0.4055546770307893,-0.6558782338733645,0.7711360799044431,181.5657131480724,-525.8424667355058,0.1827441750672967,182.98756921218921,-530.501541143393,-1.310821124249703,-0.01185362959937053,0.2288639200955569,50.130920927984256,112.10735050253658,TRACK
37.748,181.74321250441,-525.7826632356324,-1.3019881788641987,-1.0192691876859503,0.4038895071008961,-0.6565084703734643,0.7707983560038972,181.584192312094,-525.8744735864726,0.18362070168045147,182.98756921218921,-530.501541143393,-1.3129679427495922,-0.010979763885393456,0.22920164399610277,59.313482838101024,103.24327873103219,TRACK
37.8,181.76391527927973,-525.8169170322707,-1.3055994323545246,-1.0220257747042072,0.4018737797003237,-0.6572849061926336,0.7704063750510398,181.60420033484382,-525.9091284984344,0.18442293232735843,182.98756921218921,-530.501541143393,-1.315298562709781,-0.009699130355256491,0.22959362494896018,59.313482838101024,103.24327873103219,TRACK
37.848,181.78288103016868,-525.8485863394113,-1.3140621709978109,-1.0252362685940375,0.39950989037048357,-0.6581572202590816,0.7699214759201077,181.6226549848181,-525.9410928898257,0.18501310082868666,182.98756921218921,-530.501541143393,-1.3174512016945525,-0.0033890306967416794,0.23007852407989227,58.904588877543645,103.74976098851015,TRACK
37.9,181.80325137113803,-525.8829548602085,-1.313842715829586,-1.028914250584563,0.3967894929575963,-0.6591287754573569,0.7693455948775304,181.64262957611086,-525.9756898968052,0.18547007319331008,182.98756921218921,-530.501541143393,-1.3197804454080586,-0.005937729578472606,0.2306544051224696,58.904588877543645,103.74976098851015,TRACK
37.948,181.82189983446003,-525.9147336864622,-1.3167304261158153,-1.0328319971521454,0.39389154881197763,-0.6601543121470606,0.7687354994221727,181.66105232736044,-526.0075990379846,0.18573070304483796,183.0,-531.0,-1.3431430727018334,-0.026412646586018163,0.23126450057782733,63.994736122889805,99.25749619347653,TRACK
38.0,181.84192690995076,-525.9492240890145,-1.3201506023892544,-1.0369871220856426,0.3908271302230899,-0.6612472431511267,0.7681105143749702,181.68099387863163,-526.0421388179681,0.18582945790719899,183.0,-531.0,-1.3454060051788113,-0.025255402789556847,0.23188948562502976,63.994736122889805,99.25749619347653,TRACK
38.048,181.86025821384334,-525.9811202893167,-1.3191414389317235,-1.0412465759625509,0.3877033921950681,-0.6623871685849907,0.7675094015226157,181.6993881644777,-526.0739986556224,0.18575673261155998,183.0,-531.0,-1.3474926526652238,-0.028351213733500247,0.2324905984773843,22.699705331326783,99.25749619347653,TRACK
38.1,181.8801350970924,-526.0156953251786,-1.3225243704322014,-1.0439743149179437,0.38579391910312266,-0.6632682471126858,0.767308096949903,181.71932881498657,-526.1085368754398,0.18568310052234135,183.0,-531.0,-1.3497881420630993,-0.02726377163089788,0.23269190305009702,22.699705331326783,141.03085231008927,TRACK
38.148,181.89849133797674,-526.0476365578118,-1.3310880131176979,-1.0458024162812556,0.3846136371987018,-0.6640291819064789,0.7673737057930785,181.7377488346519,-526.1404412853766,0.18560945512962387,183.0,-531.0,-1.3519381514521969,-0.020850138334499002,0.2326262942069215,40.47593992268296,123.00235748973611,TRACK
38.2,181.91829655436644,-526.0822915166538,-1.3348593744961463,-1.047831386557525,0.383303205263669,-0.6648734989065042,0.767449097148195,181.75770617611147,-526.1750084147685,0.1854337962295321,183.0,-531.0,-1.3542833438755573,-0.019423969379410932,0.23255090285180502,40.47593992268296,123.00235748973611,TRACK
38.248,181.93650813981694,-526.1143292452593,-1.343698026414542,-1.0499575698451975,0.3819398939979721,-0.6657762120383274,0.767551983349197,181.77613181590007,-526.2069225590444,0.18518662757010304,183.0,-531.0,-1.356464085888781,-0.012766059474239144,0.23244801665080295,57.28885888396944,105.18235253251818,TRACK
38.3,181.95608689364528,-526.1491051727365,-1.3475727024959943,-1.0527824308602785,0.38004100494328696,-0.6668232804599067,0.7675183729407491,181.79065319111783,-526.2339180833503,0.1859073418096282,183.0,-531.0,-1.3588289048656357,-0.011256202369641422,0.2324816270592509,57.28885888396944,105.18235253251818,TRACK
38.348,181.97402744602192,-526.1812664330283,-1.3476478501929692,-1.0559939859285128,0.37784318095948954,-0.6679443219265416,0.7674080313571738,181.80744360011434,-526.2666689877485,0.18719982390508783,183.0,-531.0,-1.3610155062717544,-0.013367656078785206,0.23259196864282616,64.15056239643198,98.37787636779112,TRACK
38.4,181.99329923368418,-526.216175839145,-1.356387249706457,-1.0596271471292886,0.37531202304274264,-0.6691309658065597,0.767199689808107,181.82562673868676,-526.3021365116883,0.1884232013388134,183.0,-531.0,-1.3633841935816993,-0.00699694387524219,0.23280031019189296,64.15056239643198,98.37787636779112,TRACK
38.448,182.01092365805965,-526.2484706412314,-1.360027864994478,-1.0636866920535488,0.37246424271557643,-0.6704180596544445,0.7669354515293435,181.84240556637204,-526.3348648259032,0.1893734468481301,183.0,-531.0,-1.3655674718095994,-0.005539606815121445,0.2330645484706565,63.33521158583606,99.67038796145114,TRACK
38.5,182.02984541426412,-526.2835347224711,-1.353562052734791,-1.0679751227225291,0.3694597322182436,-0.6717799778890166,0.7666738761842247,181.86057864684534,-526.3703127307949,0.190214776715811,183.0,-531.0,-1.3679305942291249,-0.014368541494333975,0.23332612381577533,63.33521158583606,99.67038796145114,TRACK
38.548,182.0471366548972,-526.3159797893386,-1.3620619830450962,-1.072582056805689,0.366230788891433,-0.6732355982031333,0.7664014362068824,181.87734913245342,-526.4030247731862,0.1907999790110724,183.0,-531.0,-1.3701062877410124,-0.008044304695916216,0.2335985637931176,44.44883472504543,118.89749688120318,TRACK
38.6,182.06573854180027,-526.3512040270517,-1.3655300897898814,-1.076900054280728,0.36325502078086785,-0.6746893542088301,0.7662636196539915,181.89552065768012,-526.4384696444573,0.1912836011149924,183.0,-531.0,-1.3724697103290728,-0.006939620539191393,0.23373638034600852,44.44883472504543,118.89749688120318,TRACK
38.644,182.0827911120016,-526.3837912169345,-1.374099368211295,-1.0810265265439063,0.36045742122548213,-0.6761630064640958,0.766241452694312,181.91229916678824,-526.4711973372645,0.19159157928722254,183.0,-531.0,-1.374657705416128,-0.0005583372048330038,0.233758547305688,67.0653243170667,96.26099889344,TRACK
38.7,182.10103602428975,-526.4191954787127,-1.3776396688549428,-1.0859017201551853,0.35709961804384777,-0.6778038700167393,0.766118935555525,181.93046947973403,-526.506639843894,0.19167541084773523,183.0,-531.0,-1.3770130980462538,0.0006265708086889976,0.23388106444447498,67.0653243170667,96.26099889344,TRACK
38.748,182.1176775078617,-526.4519698213106,-1.377168735640399,-1.0911706905846061,0.35345890277405073,-0.6795520969540582,0.7659792741483894,181.94723840833794,-526.5393488492364,0.19153219355430678,183.0,-531.0,-1.37917561529848,-0.0020068796580809956,0.2340207258516106,73.11882933738761,89.96856838954523,TRACK
38.8,182.13549115422867,-526.4875777140634,-1.3855183075541997,-1.0966852708602537,0.34964782965767405,-0.6813773719328838,0.7658516356099825,181.96540163056306,-526.5747775249035,0.19113935510865843,183.0,-531.0,-1.38150581568947,0.004012491864729739,0.23414836439001752,73.11882933738761,89.96856838954523,TRACK
38.848,182.15173976964212,-526.5205418329509,-1.3786168390362947,-1.102334966947588,0.345750576667191,-0.6832586586447396,0.7657583534501624,181.98216583552957,-526.6074773164503,0.19055995755056876,183.0,-531.0,-1.3836456814383855,-0.005028842402090783,0.2342416465498376,71.1900572704323,92.08841644663809,TRACK
38.9,182.16915715062345,-526.5563545197876,-1.3872380442312378,-1.1078638755554464,0.3419702468233846,-0.6851650587508571,0.7657641983309954,182.00032972381763,-526.6429072913213,0.18972106446579,183.0,-531.0,-1.385957283058715,0.0012807611725227375,0.2342358016690046,71.1900572704323,92.08841644663809,TRACK
38.948,182.18505858049835,-526.5895097780658,-1.3902059781804303,-1.1133719787875744,0.33822858660635163,-0.6871143797996088,0.7658490371640688,182.01249176686704,-526.6673748896226,0.1893205767068414,183.0,-531.0,-1.3880836387907098,0.0021223393897205067,0.23415096283593118,62.020400444983196,101.09370684859705,TRACK
39.0,182.20211553664248,-526.6255309035712,-1.3926371985029804,-1.1186872973507862,0.3346550168796277,-0.6890742300790731,0.7660399956149622,182.0288810531894,-526.7036972792242,0.19005306769423616,183.0,-531.0,-1.3903838218555469,0.002253376647433525,0.23396000438503783,62.020400444983196,101.09370684859705,TRACK
39.048,182.21769968211433,-526.6588778880578,-1.4005868130007495,-1.1239180502469548,0.33116015503731483,-0.6910533447659639,0.766303969451134,182.04401869282228,-526.7372457348177,0.19054292284748567,183.0,-531.0,-1.3925029533745015,0.008083859626248024,0.233696030548866,66.76915118121649,95.90366191474767,TRACK
39.096,182.2343635446728,-526.6951158097776,-1.4034529484612421,-1.129474771971948,0.3274147141485031,-0.6930937625966451,0.7665372520571461,182.0604227594443,-526.7736008809281,0.19082794124397812,183.0,-531.0,-1.3947838099682963,0.008669138492945816,0.23346274794285393,66.76915118121649,95.90366191474767,TRACK
39.148,182.24954288067343,-526.7286689435547,-1.4016642964374557,-1.1352447333691527,0.3235022225345392,-0.69516921281253,0.7667554515144833,182.0755692061201,-526.8071688549338,0.19086402365067004,183.0,-531.0,-1.3968751179919263,0.004789178445529396,0.23324454848551668,77.87700989466087,84.44719635373859,TRACK
39.2,182.26574053372514,-526.7651326690079,-1.404386305839732,-1.1413797434732296,0.31929910941854384,-0.6972889096480672,0.766918342976399,182.09197906180015,-526.8435368309148,0.1906312191899753,183.0,-531.0,-1.3991187882869094,0.005267517552822509,0.23308165702360095,77.87700989466087,84.44719635373859,TRACK
39.248,182.2804562870389,-526.7988969887074,-1.412474525729901,-1.147822787163179,0.3148467890349413,-0.6994359557464832,0.7670326960153715,182.1071262617992,-526.8771064744562,0.19015788521829255,183.0,-531.0,-1.4011672912690238,0.011307234460877114,0.2329673039846285,64.09768730601137,98.25420512579312,TRACK
39.3,182.29621403358524,-526.8355771419696,-1.4103428351164249,-1.1538512304401995,0.3107121684730907,-0.7015190181922109,0.7672489716660517,182.12354284093027,-526.9134893511354,0.1894350894369485,183.0,-531.0,-1.4033785910988616,0.006964244017563237,0.23275102833394834,64.09768730601137,98.25420512579312,TRACK
39.348,182.31061020313874,-526.8695265881528,-1.4124250459572312,-1.1594144612715296,0.3069349791683889,-0.7035354069108675,0.767574849909987,182.1387053832521,-526.9470929967569,0.1885943128622651,183.0,-531.0,-1.4054173841402418,0.007007661816989419,0.23242515009001297,71.21894436402522,91.10506897652536,TRACK
39.4,182.32602621157446,-526.906405988362,-1.414890075105609,-1.1648254433561007,0.3032693316998871,-0.7055247466698629,0.767943653996353,182.15513885076967,-526.9835133019451,0.1874780730934099,183.0,-531.0,-1.40761912377118,0.007270951334429121,0.232056346003647,71.21894436402522,91.10506897652536,TRACK
39.448,182.34009617613643,-526.9405402215694,-1.422377319579064,-1.1700794202219427,0.29971855720261387,-0.7074865358060001,0.7683543530679,182.1703154881259,-527.0171481853716,0.1862639582400276,183.0,-531.0,-1.409646436271388,0.012730883307676022,0.2316456469321,69.63971479337026,92.14090141464969,TRACK
39.5,182.3551556465741,-526.9776173608939,-1.424732087171245,-1.1753020835094306,0.2961788824352963,-0.709423916803679,0.7687679910959446,182.18676277525222,-527.053599117959,0.18474140445156997,183.0,-531.0,-1.411834892398486,0.012897194772758969,0.23123200890405537,69.63971479337026,92.14090141464969,TRACK
39.548,182.36888805252445,-527.0119315734315,-1.422709683679547,-1.180494109610947,0.29264840030423983,-0.7113333456760919,0.7691802226210532,182.20194978473833,-527.0872569883867,0.18314557977084242,183.0,-531.0,-1.4138478180716791,0.008861865607867836,0.23081977737894677,79.99987868897817,81.44774783685612,TRACK
39.6,182.38354491081273,-527.0492057729522,-1.4300125079155896,-1.1859787954935854,0.28887339098423276,-0.7132507099246226,0.7695286942192003,182.21476211870396,-527.1156520372529,0.18139111596643498,183.0,-531.0,-1.4160112192587415,0.014001288656848132,0.23047130578079966,79.99987868897817,81.44774783685612,TRACK
39.648,182.39684216242082,-527.0837080644818,-1.4219331147075147,-1.1919182989852548,0.28472683044876657,-0.7151921705212432,0.7697851705198585,182.22820137242016,-527.1498946972648,0.18116397658254377,183.0,-531.0,-1.417984520955948,0.0039485937515666425,0.2302148294801415,75.74394910036462,85.58542011331319,TRACK
39.7,182.41101862906442,-527.1211840897893,-1.4239467869527371,-1.1979539557775107,0.28049096527740364,-0.7171173888697606,0.7700211237502729,182.24283864840453,-527.1871898682331,0.18066894775454057,183.0,-531.0,-1.420101821010199,0.0038449659425381366,0.22997887624972713,75.74394910036462,85.58542011331319,TRACK
39.748,182.42390092302344,-527.1558658896162,-1.4309890672392198,-1.2039756997163011,0.2762525208815366,-0.7190144265031767,0.7702578794229216,182.25635290790353,-527.2216236398627,0.1799900527476756,183.0,-531.0,-1.422038940713492,0.008950126525727908,0.22974212057707843,55.02276466770912,106.46425448557545,TRACK
39.8,182.4377193844149,-527.1935213811172,-1.4329272581224166,-1.2092683488418425,0.272573013323156,-0.7208098007916746,0.7706249519120173,182.27100343347803,-527.2589525702363,0.179096199865651,183.0,-531.0,-1.4241401399872846,0.008787118135132,0.2293750480879827,55.02276466770912,106.46425448557545,TRACK
39.848,182.4503795930547,-527.2283521431478,-1.4400645892268944,-1.2137878544361136,0.2694864799919293,-0.7225006769880785,0.771122682292949,182.28453871036186,-527.2934398932891,0.17815614946106392,183.0,-531.0,-1.4260906804403763,0.013973908786518052,0.228877317707051,75.92340311378139,85.30275917783122,TRACK
39.9,182.4639176135447,-527.2661704699577,-1.4421089007703194,-1.2184294010106838,0.2662875037544865,-0.7241718704933935,0.7715788570649769,182.29920718241843,-527.3308145505531,0.1769417510872609,183.0,-531.0,-1.4281964172435353,0.013912483526784092,0.22842114293502314,75.92340311378139,85.30275917783122,TRACK
39.952,182.47625252522948,-527.3011551755632,-1.4392704887333574,-1.2231226821897363,0.2630289418085628,-0.7258085275270195,0.7719988619550372,182.31275139470702,-527.365324640646,0.17564264838341864,183.0,-531.0,-1.430133861178314,0.009136627555043297,0.2280011380449628,79.94966443044329,80.68485305537105,TRACK
40.0,182.48943845773303,-527.3391322615363,-1.441152244520179,-1.2278480512981507,0.25972028094943633,-0.7273905446347535,0.7723675477131969,182.32742686397648,-527.4027171265177,0.17404249931048427,183.0,-531.0,-1.432225508319026,0.008926736201152918,0.22763245228680307,79.94966443044329,80.68485305537105,TRACK
40.048,182.5014333144968,-527.3742564297419,-1.4483693076352777,-1.2327050604347183,0.25628067985300984,-0.7289175805116321,0.7726581560074628,182.340973117082,-527.4372324165273,0.17237589699838446,183.0,-531.0,-1.434145870738505,0.014223436896772634,0.2273418439925372,64.56504092109628,96.04921968231673,TRACK
40.1,182.51428691434444,-527.4123719599366,-1.4398292671640442,-1.23720246315057,0.2530970562635112,-0.7303432651819957,0.7729549824446141,182.35565131155388,-527.4746318461016,0.17041580882651455,183.0,-531.0,-1.4362289443906404,0.00360032277340383,0.22704501755538586,64.56504092109628,96.04921968231673,TRACK
40.148,182.52602417428514,-527.4476116627937,-1.4467327773744811,-1.241433852675571,0.2500972736388975,-0.7316792890346244,0.7732420243906969,182.36920247392467,-527.509159644715,0.1684672068461213,183.0,-531.0,-1.438155169331172,0.008577608043309093,0.2267579756093031,59.987724162069625,100.69210128699733,TRACK
40.2,182.53860920572941,-527.4858446275608,-1.4485222570591123,-1.2454147561841746,0.24727017027866915,-0.7329288007278258,0.7735161045808749,182.38388475937754,-527.5465694979389,0.16621421173091128,183.0,-531.0,-1.4402481218470404,0.008274135212071876,0.22648389541912506,59.987724162069625,100.69210128699733,TRACK
40.248,182.55011201112208,-527.5211850104263,-1.4555375214430293,-1.2491656442018915,0.24460023333600378,-0.7340940122004013,0.7737721194877148,182.396926207859,-527.5797985667431,0.16401658241000905,183.0,-531.0,-1.442187921319682,0.013349600123347294,0.22622788051228515,74.98356239040682,85.58775925942923,TRACK
40.3,182.5623942203055,-527.5595255470192,-1.457392661211196,-1.253232280306395,0.24165886732597675,-0.7352224119213046,0.7739192484675997,182.40758977890897,-527.6115370732019,0.1633083400562945,183.0,-531.0,-1.4442822240585529,0.01311043715264315,0.22608075153240026,74.98356239040682,85.58775925942923,TRACK
40.348,182.57357543049466,-527.5949631389852,-1.4542962202455763,-1.2574092154270016,0.23860792139120557,-0.7362936758342657,0.7739910317466001,182.4194226181078,-527.6467557294643,0.16262091499960618,183.0,-531.0,-1.4462114641958095,0.008084756049766773,0.2260089682533999,79.08282461653769,81.5539762005508,TRACK
40.4,182.58552851362487,-527.6333997215696,-1.4560185623790445,-1.2615695596155745,0.23554859304991904,-0.7372986566871504,0.774010625793001,182.43223915315176,-527.6849022076343,0.16171003093530975,183.0,-531.0,-1.4482999573320292,0.00771860504701527,0.22598937420699905,79.08282461653769,81.5539762005508,TRACK
40.448,182.59641388346796,-527.6689190232831,-1.4527404485130302,-1.265717109832706,0.23247907392167766,-0.738239035174393,0.7739789356737686,182.44406665250892,-527.7201049706656,0.1607161472607115,183.0,-531.0,-1.4502262897407834,0.0025141587722468106,0.22602106432623137,63.399380304986806,97.53687468226161,TRACK
40.5,182.6081112633634,-527.7074313263912,-1.45434026209246,-1.2692883078920505,0.2298437627300169,-0.739072797629172,0.7739875680276159,182.45688011080887,-527.7582422913724,0.15953875913175145,183.0,-531.0,-1.4523314406941734,0.002008821398286509,0.22601243197238408,63.399380304986806,97.53687468226161,TRACK
40.548,182.6188285681489,-527.7430087967294,-1.4611905821633506,-1.2724089583807556,0.22754545983535185,-0.7398163730086146,0.7740188641520975,182.46870812393368,-527.7934465835554,0.1583670360626557,183.0,-531.0,-1.454294518565469,0.006896063597881641,0.22598113584790247,58.56741348918713,102.49243889903819,TRACK
40.6,182.63035985250843,-527.7815772685459,-1.4582284252044038,-1.2751618655079238,0.2255189628513864,-0.7404761258356285,0.7740566487913572,182.48152169199807,-527.8315842309595,0.15701431244935463,183.0,-531.0,-1.4564460270115807,0.0017823981928231092,0.22594335120864284,58.56741348918713,102.49243889903819,TRACK
40.648,182.64093023730567,-527.8172004001362,-1.4599907399113503,-1.2776757509625876,0.2236630483332266,-0.7410614829727219,0.7740783427634705,182.49334858771076,-527.8667851973343,0.1556887774064751,183.0,-531.0,-1.4584556216126472,0.0015351182987031198,0.22592165723652946,64.53831967420116,96.40980579911805,TRACK
40.7,182.65226408937858,-527.8558153884322,-1.4716950550379724,-1.2803456438428273,0.22166652421502187,-0.7415985390014337,0.7740183725252455,182.50615617290643,-527.9049050376344,0.15413408745188606,183.0,-531.0,-1.4606474391068274,0.011047615931145005,0.22598162747475448,64.53831967420116,96.40980579911805,TRACK
40.748,182.66262109113666,-527.8914774473453,-1.4685690022368827,-1.2830766298879495,0.21960304522577795,-0.7420748965922406,0.7738867162736544,182.5179731766226,-527.9400765619777,0.15259388295836743,183.0,-531.0,-1.462685973192527,0.00588302904435567,0.22611328372634565,82.73174665082215,78.33635501395358,TRACK
40.8,182.67368574993787,-527.9301310445561,-1.4703621823750734,-1.2861979340729461,0.21721564440494973,-0.7425171255498386,0.7736370711832857,182.53076511265272,-527.9781498249034,0.15077172091622454,183.0,-531.0,-1.464898149038643,0.005464033336430418,0.22636292881671427,82.73174665082215,78.33635501395358,TRACK
40.844,182.6837388679499,-527.9658276309755,-1.4670611314083577,-1.289723475691855,0.21449415436755798,-0.7429237409152374,0.7732680176195991,182.54256171623237,-528.0132606313256,0.14893246015992484,183.0,-531.0,-1.466938286096697,0.0001228453116606243,0.22673198238040093,61.73665765965928,99.77739874977709,TRACK
40.9,182.69454472527687,-528.0045054771741,-1.4686902646851232,-1.2927443429558243,0.21215293234737587,-0.74323208870122,0.7729183685090997,182.5553347218823,-528.0512775508378,0.14685725014418882,183.0,-531.0,-1.469176009803609,-0.00048574511848586965,0.22708163149090033,61.73665765965928,99.77739874977709,TRACK
40.948,182.70446417604583,-528.0402096659077,-1.475653859288954,-1.2952144996829733,0.2102287345494708,-0.7434439005047704,0.7725962425665936,182.56344771441704,-528.0798855462987,0.14649169920205052,183.0,-531.0,-1.4712759374223976,0.0043779218665565,0.22740375743340635,56.851253169821305,105.18451879132387,TRACK
41.0,182.71516722829682,-528.0788875226323,-1.472688751393565,-1.2971781765792683,0.2086884522234272,-0.7435702632819767,0.7723002049259329,182.5743168301406,-528.1185166800067,0.1463191879931492,183.0,-531.0,-1.4735952874501228,-0.0009065360565578828,0.22769979507406712,56.851253169821305,105.18451879132387,TRACK
41.048,182.72501058038722,-528.1145864642165,-1.474516647360086,-1.2987770048952905,0.20742193627105499,-0.7436254535180727,0.7720120949612078,182.58434622732676,-528.1541632766172,0.1461259193357468,183.0,-531.0,-1.475780006392463,-0.001263359032377176,0.22798790503879218,62.79028884777827,99.29122157308893,TRACK
41.1,182.73559402097743,-528.1532568159911,-1.4864195031041918,-1.300482644288018,0.2060589548564466,-0.743637758654335,0.7716588682656178,182.59520461231708,-528.1927562710322,0.145840299686155,183.0,-531.0,-1.4781818708745236,0.008237632229668224,0.2283411317343822,62.79028884777827,99.29122157308893,TRACK
41.148,182.74529065477756,-528.1889465474334,-1.4833134251738334,-1.3022396547611212,0.20464294211598566,-0.7436021682253354,0.7712476374986874,182.60522084580163,-528.228356081066,0.14550829092423895,183.0,-531.0,-1.4804331603609684,0.0028802648128649633,0.2287523625013126,80.99186014469718,81.26858200277796,TRACK
41.196,182.75566300298516,-528.2276063285966,-1.4851995236549604,-1.3044879121380566,0.20283179454190517,-0.743551474868229,0.7707201389971643,182.61606099025883,-528.2668842447724,0.1450223315781287,183.0,-531.0,-1.4828913078912136,0.002308215763746846,0.2292798610028357,80.99186014469718,81.26858200277796,TRACK
41.244,182.7650926321346,-528.2632881577371,-1.481940895294096,-1.3072644032625576,0.2005983790003302,-0.7434884628135499,0.7700745444399623,182.62605557746576,-528.3024071193621,0.14443543792853974,183.0,-531.0,-1.4851705813370477,-0.003229686042951707,0.22992545556003774,59.502410638217555,103.29167133017253,TRACK
41.3,182.77523762872772,-528.301931221177,-1.4893363394602597,-1.3096390255995347,0.19867257726539483,-0.743365043213176,0.7694558989497717,182.63687468604078,-528.3408605170988,0.14373515224173364,183.0,-531.0,-1.4876833243155072,0.0016530151447524677,0.23054410105022827,59.502410638217555,103.29167133017253,TRACK
41.348,182.78455575526704,-528.3375884750275,-1.4908535250543742,-1.3115783531658496,0.19708184790499284,-0.7431880874147172,0.7688756648826858,182.64685468681222,-528.3763315484149,0.1430475794590784,183.0,-531.0,-1.490051548204225,0.0008019768501492663,0.23112433511731423,65.27200689658784,98.16340137083705,TRACK
41.4,182.79457917858744,-528.376204908,-1.4927084474275971,-1.3134163217687926,0.19556855041020155,-0.7429905556729564,0.7682981346643736,182.6576579344018,-528.4147285728583,0.14223747700045702,183.0,-531.0,-1.4926642173089946,4.423011860255066e-05,0.23170186533562642,65.27200689658784,98.16340137083705,TRACK
41.448,182.80377266367148,-528.4118389654502,-1.4898161217857107,-1.3151250972793103,0.19415538650442213,-0.7427755300953993,0.7677315951666852,182.66762274444443,-528.4501456131146,0.14143620385466033,183.0,-531.0,-1.4951238177904616,-0.005307696004750895,0.2322684048333148,62.99949415699809,100.60596881683736,TRACK
41.5,182.81366820175813,-528.450428649539,-1.5018679723453148,-1.3167505040367786,0.19280558450342244,-0.7425423528522375,0.7671656530339735,182.67840963716426,-528.4884845088955,0.14051024064938558,183.0,-531.0,-1.4978424509986592,0.0040255213466555695,0.23283434696602645,62.99949415699809,100.60596881683736,TRACK
41.548,182.82275094752057,-528.4860358212693,-1.4987116948481147,-1.3182499445865279,0.1915519844450239,-0.7422881565536725,0.7666054200856371,182.6883593143923,-528.5238477639316,0.13960964888854147,183.0,-531.0,-1.500407010503511,-0.0016953156553962678,0.23339457991436285,72.62277630893976,91.23036891884738,TRACK
41.6,182.83249927691398,-528.5245972118023,-1.5006391767786598,-1.319974309655735,0.1901225454217883,-0.7420351226551128,0.766004376966247,182.6960921289762,-528.5557312531793,0.1399151119106867,183.0,-531.0,-1.5032332703686835,-0.002594093590023716,0.233995623033753,72.62277630893976,91.23036891884738,TRACK
41.648,182.84139895524237,-528.5601807555713,-1.5082656339195997,-1.3219812230962944,0.1884731423353395,-0.74178616970816,0.7653553729817674,182.70425236209707,-528.5914835704916,0.14067357332952918,183.0,-531.0,-1.505882415387277,0.002383218532322706,0.23464462701823263,55.517590823534015,108.64597007362335,TRACK
41.7,182.8510046018875,-528.5987124052403,-1.5050731769140757,-1.323554857886826,0.18716093339863574,-0.7415086523134553,0.7647642097054264,182.71308711924434,-528.630191170658,0.1414642876871991,183.0,-531.0,-1.5088276439761983,-0.0037544670621225684,0.23523579029457364,55.517590823534015,108.64597007362335,TRACK
41.748,182.85983608256217,-528.6342648082039,-1.5067342202893261,-1.3248698817963713,0.18605081996193934,-0.741216895612654,0.7642103074090076,182.72123721977522,-528.6658990941929,0.1421631907909849,183.0,-531.0,-1.5116179968596732,-0.004883776570347109,0.23578969259099236,60.94928618006587,103.59542866763927,TRACK
41.8,182.86933984877828,-528.6727660354585,-1.5087810823656866,-1.3262404171947764,0.18490069019910033,-0.7409338579006244,0.7636564980536775,182.73006033235993,-528.7045556761972,0.14286134869874792,183.0,-531.0,-1.5147112379364442,-0.0059301555707576,0.23634350194632248,60.94928618006587,103.59542866763927,TRACK
41.848,182.87805991464077,-528.7082931815814,-1.516338276344677,-1.3275917705631726,0.18376926221007528,-0.7406591147818695,0.7631166791799915,182.7381994368571,-528.7402154229607,0.14345725056808353,183.0,-531.0,-1.5176371707427887,-0.0012988943981115941,0.2368833208200085,58.119730345586994,106.55614532272102,TRACK
41.896,182.88745437003166,-528.7467677283706,-1.5184743677042638,-1.328891200007982,0.18268193172138453,-0.7403917203046813,0.762595953092581,182.74701134874437,-528.7788229315031,0.1440547752633287,183.0,-531.0,-1.5208892771661044,-0.002414909461840642,0.237404046907419,58.119730345586994,106.55614532272102,TRACK
41.948,182.89608964442718,-528.7822707255016,-1.515529548711895,-1.3300488502866579,0.181708798086202,-0.7401306389445269,0.762109867411757,182.75514101581658,-528.8144413302061,0.1445733852210234,183.0,-531.0,-1.5239761772586606,-0.0084466285467657,0.237890132588243,67.44819048854583,97.43540771236488,TRACK
42.0,182.90537215347234,-528.8207227074431,-1.517736461792175,-1.3314032035429255,0.18058914502155893,-0.7398963322281192,0.7616160592741208,182.76394248935694,-528.8530031053626,0.1450667914501434,183.0,-531.0,-1.5274019215483894,-0.009665459756214467,0.2383839407258792,67.44819048854583,97.43540771236488,TRACK
42.048,182.91386424759787,-528.8562097999746,-1.525808806533571,-1.3329795144116185,0.17930446392932725,-0.7396926656573068,0.7611145317310632,182.7720616164035,-528.8885753251961,0.14544935007248921,183.0,-531.0,-1.5306387378353912,-0.0048299313018200785,0.23888546826893675,49.5563337375594,115.48095651594925,TRACK
42.1,182.92305713707958,-528.8946446852614,-1.516991989130739,-1.3340447518473475,0.17842311921942,-0.7394965759533412,0.7607167641893421,182.7808549434002,-528.9271014080126,0.14585918805129727,183.0,-531.0,-1.5342663244252237,-0.017274335294484633,0.2392832358106579,49.5563337375594,115.48095651594925,TRACK
42.148,182.93152561276457,-528.9301171941911,-1.524857396886154,-1.334885642660591,0.1777243293623571,-0.7393264853156023,0.760387788655513,182.78896973717247,-528.962654642531,0.1462219655534151,183.0,-531.0,-1.537727099578249,-0.012869702692094975,0.23961221134448696,43.1190905495056,122.05246246738498,TRACK
42.2,182.9406915379919,-528.968541793065,-1.522575848063116,-1.3354955457911701,0.17721454157721686,-0.7391893232603519,0.7601354151521426,182.7977594974652,-529.0011650985965,0.1466078042702112,183.0,-531.0,-1.541609597817689,-0.01903374975457295,0.23986458484785744,43.1190905495056,122.05246246738498,TRACK
42.248,182.94914253872022,-529.0040097942881,-1.5354701980097047,-1.3359822267037427,0.17681133233582275,-0.7390939023708832,0.759948711272142,182.80368549822006,-529.0296577950622,0.1477009498099996,183.0,-531.0,-1.5453220236098184,-0.009851825600113662,0.24005128872785797,48.188003118366346,116.79616460048024,TRACK
42.3,182.95825075142602,-529.0424360667764,-1.5381801582281063,-1.336709361631704,0.17623264384576717,-0.7390494090586339,0.7597710008856517,182.81053142405085,-529.0684829697648,0.14999813610661203,183.0,-531.0,-1.5494724150947095,-0.011292256866603179,0.24022899911434825,48.188003118366346,116.79616460048024,TRACK
42.348,182.96662376937917,-529.0779106861444,-1.5363003776085304,-1.3375143039317652,0.17560447440811103,-0.7390512154461458,0.7596272970902075,182.8168504186356,-529.1043197688716,0.15208384609632766,183.0,-531.0,-1.553433514169129,-0.01713313656059845,0.2403727029097925,64.98889665577514,99.859624383057,TRACK
42.396,182.97560185207112,-529.1163503396531,-1.5386524380807072,-1.3388550061222322,0.1745723110995761,-0.7391117271178087,0.7594482450869956,182.82369470885558,-529.1431356675644,0.15425055575660387,183.0,-531.0,-1.5578444577946833,-0.019192019713976105,0.2405517549130044,64.98889665577514,99.859624383057,TRACK
42.448,182.98380178940968,-529.1518431898392,-1.5362742327860253,-1.3405672074738397,0.17326321197505518,-0.7392246552333559,0.7592583430748633,182.83001160207473,-529.1789605492345,0.15616264886679587,183.0,-531.0,-1.5620320294391452,-0.025757796653119946,0.24074165692513672,40.98019451734007,123.90338231159856,TRACK
42.5,182.99269940725458,-529.1903048424297,-1.539080176311713,-1.3415789616409082,0.17250890020134554,-0.7393725337224442,0.7592305738521234,182.83685722804722,-529.2177840233563,0.15824629602141535,183.0,-531.0,-1.566762192586725,-0.02768201627501199,0.24076942614787655,40.98019451734007,123.90338231159856,TRACK
42.548,183.00091494178096,-529.2258220679141,-1.5476786208260234,-1.342245484575239,0.17203572438576792,-0.739571916077061,0.7593173970842702,182.84317876000065,-529.2536352125959,0.1601695166369668,183.0,-531.0,-1.5713120257466802,-0.023633404920656798,0.24068260291572985,33.45539732145369,131.37241789835062,TRACK
42.6,183.00982521123188,-529.2643180453878,-1.5507620386746157,-1.3426294387365878,0.17179618830887988,-0.7398292861380829,0.7595138596135329,182.8500306373665,-529.292494140131,0.16225966273784428,183.0,-531.0,-1.5764569872990966,-0.02569494862448085,0.2404861403864671,33.45539732145369,131.37241789835062,TRACK
42.648,183.01804497113366,-529.2998742297724,-1.5493995042466944,-1.3429731032290249,0.17160327168456377,-0.7401528804610169,0.7597854758466935,182.85635895909488,-529.3283838360979,0.1641802793938532,183.0,-531.0,-1.581409831911403,-0.03201032766470857,0.24021452415330646,46.51914655660986,117.72352307372128,TRACK
42.7,183.02686340946187,-529.338419720969,-1.5630880659249269,-1.343993488079797,0.17089699995788854,-0.7405401784306298,0.7600036450338088,182.86321653475886,-529.3672750802878,0.16617139152536298,183.0,-531.0,-1.586962304213773,-0.02387423828884616,0.2399963549661912,46.51914655660986,117.72352307372128,TRACK
42.748,183.03492862914578,-529.3740262243061,-1.5619266936444394,-1.3454123585095135,0.16989194350117315,-0.7409818694798815,0.7602087893233713,182.86954880157717,-529.4031871499714,0.16793107798224033,183.0,-531.0,-1.592274691581045,-0.030347997936605697,0.23979121067662867,47.54491528561077,116.36638209141204,TRACK
42.796,183.04358993919394,-529.4126306867256,-1.5648175619067195,-1.3470507124652413,0.16872704244603226,-0.7414759429852876,0.760431054651575,182.87641172391682,-529.4421087166656,0.16975720871994907,183.0,-531.0,-1.598249917486542,-0.033432355579822604,0.239568945348425,47.54491528561077,116.36638209141204,TRACK
42.848,183.05151745451084,-529.4482964875876,-1.5631483098179473,-1.3488119957571354,0.16747737677570504,-0.7420224942260939,0.7606878818997874,182.88274997891438,-529.4780547470014,0.1713709859414309,183.0,-531.0,-1.6039847147494701,-0.04083640493152285,0.23931211810021258,26.960868300348025,136.9114420428167,TRACK
42.9,183.06013317527382,-529.4869720575656,-1.566734705382001,-1.349791101170581,0.16685072311654275,-0.7426309576370392,0.7611438123281429,182.88830826225126,-529.5095773382382,0.1733055089992706,183.0,-531.0,-1.6105190195283943,-0.043784314146393166,0.23885618767185712,26.960868300348025,136.9114420428167,TRACK
42.944,183.06809633260505,-529.5227118842854,-1.5762938655414749,-1.3504139935221333,0.16651765889932202,-0.7433130256293106,0.7617364273785986,182.89270855297198,-529.5446908245696,0.17675957416964097,183.0,-531.0,-1.616859219352126,-0.040565353810651184,0.2382635726214014,17.474016875483656,145.93170059433265,TRACK
43.0,183.07675786175258,-529.5614761926648,-1.580246943678768,-1.3506076917515073,0.1665352321621733,-0.7440670807513534,0.7624761007462136,182.89762516189478,-529.583924432339,0.1805337852669566,183.0,-531.0,-1.6241045433778967,-0.04385759969912861,0.23752389925378636,17.474016875483656,145.93170059433265,TRACK
43.048,183.08476698408094,-529.5973046209498,-1.5902613798059682,-1.350700044309334,0.1666477512163707,-0.7448925587328562,0.7633062275660111,182.9021694586569,-529.6201870595993,0.18402571094694142,183.0,-531.0,-1.6311544217501266,-0.04089304194415844,0.23669377243398892,28.435477097384783,134.00922461782005,TRACK
43.1,183.09337920162648,-529.6361687041122,-1.5946069753917007,-1.3514090427993477,0.16628788715480572,-0.7457653383076689,0.7640795778160553,182.90709761523834,-529.6595128154968,0.1877385867732518,183.0,-531.0,-1.6391579293546565,-0.04455095396295583,0.2359204221839447,28.435477097384783,134.00922461782005,TRACK
43.144,183.10127762971865,-529.6720908705901,-1.5939138388815854,-1.3524452410608523,0.16567983148940407,-0.7466799338014531,0.7648403298101505,182.91165176581367,-529.6958540743196,0.1911090215379766,183.0,-531.0,-1.6469174533332869,-0.05300361445170143,0.2351596701898495,26.72224126909265,135.05515507875384,TRACK
43.2,183.1097901127437,-529.7110602309373,-1.5984666307990303,-1.3535985315840653,0.1649874492905219,-0.7476357285387039,0.7656239553534039,182.91659136932617,-529.7352711745585,0.1947098463076341,183.0,-531.0,-1.6557698388741775,-0.057303208075147216,0.23437604464659612,26.72224126909265,135.05515507875384,TRACK
43.248,183.1176030113915,-529.7470833510963,-1.5979769212049908,-1.3548680006963263,0.16421089467915173,-0.74863180804311,0.7664299067398292,182.92115665303402,-529.77170127367,0.19798286244967203,183.0,-531.0,-1.6643855146651236,-0.06640859346013284,0.23357009326017075,2.6246127039020593,158.84041003980707,TRACK
43.3,183.12615537920766,-529.7861722748744,-1.6027846439395843,-1.3550539672552833,0.16430109568861767,-0.749709200657416,0.7675016192783322,182.92611162480006,-529.8112410096605,0.20160839551285348,183.0,-531.0,-1.6743563803384713,-0.07157173639888703,0.23249838072166784,2.6246127039020593,158.84041003980707,TRACK
43.348,183.13407187153103,-529.8223155873852,-1.6138212155995026,-1.355094985620509,0.16452013538887367,-0.75085596748545,0.7686686925177092,182.93069333938269,-529.8478022240398,0.20496925619902187,183.0,-531.0,-1.6841519301513221,-0.0703307145518195,0.2313313074822908,-11.038131129488065,171.70552358501112,TRACK
43.4,183.14275827201962,-529.8615439842894,-1.6149691070329093,-1.3543175025603476,0.1654042451374776,-0.7520936657204005,0.7700671700093754,182.9356675914885,-529.8874958134894,0.20871043912958964,183.0,-531.0,-1.6955415917911743,-0.08057248475826495,0.2299328299906246,-11.038131129488065,171.70552358501112,TRACK
43.444,183.15079284151702,-529.8978211543712,-1.6308310164382684,-1.3537976990482978,0.16609816192454552,-0.7533819145647304,0.7714745028761036,182.9402676468774,-529.9242033840281,0.21217181627096748,183.0,-531.0,-1.7067655726639204,-0.07593455622565193,0.22852549712389636,-13.131274074949829,172.46903146913954,TRACK
43.5,183.1594766476156,-529.9371911348395,-1.632721616372555,-1.353764496478393,0.16641250014529949,-0.7546884976193418,0.7728181213219243,182.94525932726637,-529.9640360478753,0.21589281992115084,183.0,-531.0,-1.7197371774097785,-0.08701556103722341,0.2271818786780757,-13.131274074949829,172.46903146913954,TRACK
43.548,183.16747671884502,-529.9735978784605,-1.6389855868678167,-1.354020147235266,0.16650197780894815,-0.7560133623556923,0.7741311986185874,182.9498748358799,-530.0008669322191,0.21930385487457937,183.0,-531.0,-1.7325396767250676,-0.09355408985725089,0.22586880138141263,-16.03759925796055,174.51914759340232,TRACK
43.6,183.17616026234072,-530.013113131813,-1.6443985519557078,-1.3541826364525407,0.16667321295066975,-0.7573767369424842,0.7754995045626685,182.9522242064401,-530.0298948192295,0.2245639823410501,183.0,-531.0,-1.7474368999018566,-0.10303834794614875,0.22450049543733153,-16.03759925796055,174.51914759340232,TRACK
43.648,183.18420550680372,-530.0496610353318,-1.6584419480076742,-1.3541617668773633,0.1670008292940147,-0.7587900088371483,0.7769501621699865,182.95499272698905,-530.0668381585389,0.22985550241845357,183.0,-531.0,-1.7622535402150392,-0.10381159220736502,0.22304983783001353,-40.19406241786605,198.09918261724897,TRACK
43.7,183.1930869302765,-530.0893481130917,-1.660540764847209,-1.3529229538608152,0.1683293508771717,-0.7603380675891068,0.7787481925448477,182.95799985207373,-530.1069654541053,0.23574627259473624,183.0,-531.0,-1.779733465733262,-0.11919270088605294,0.22125180745515227,-40.19406241786605,198.09918261724897,TRACK
43.744,183.20141590213194,-530.1260727513392,-1.6680268203109618,-1.3511120961488081,0.17014616451604136,-0.7620035644876797,0.7807683072406623,182.9607831275952,-530.1441056848397,0.2413075193024218,183.0,-531.0,-1.7973131077354771,-0.1292862874245153,0.21923169275933774,-40.19406241786605,198.09918261724897,BRAKE
43.8,183.21038928091014,-530.1654030834625,-1.6742723787481648,-1.349498209056111,0.1709927487117319,-0.7600257062085263,0.7790234875854274,182.9637641811232,-530.1838850796602,0.24731664729324102,183.0,-531.0,-1.8177362848361187,-0.1434639060879539,0.2209765124145726,0.0,0.0,BRAKE
43.848,183.21838935213952,-530.2007335246376,-1.6875571737672665,-1.349024313263006,0.169479139376922,-0.7516345092707797,0.7705047788370089,182.96644172272497,-530.2196143892896,0.2526541015254341,183.0,-531.0,-1.8375229604691257,-0.14996578670185912,0.22949522116299115,-328.7768623811144,-328.7768623811144,BRAKE
43.9,183.2273246163232,-530.2353735077887,-1.6901250139536208,-1.3390662767017856,0.1703026418311906,-0.7217161637739552,0.7415370596721902,182.96907303327873,-530.2547267884564,0.258975731715483,183.0,-531.0,-1.8597756141127217,-0.16965060015910094,0.2584629403278098,-328.7768623811144,-328.7768623811144,BRAKE
43.948,183.23568223799552,-530.2620496601747,-1.6952587689721688,-1.3177072731640083,0.17163770855102256,-0.6636291176011029,0.6854656145458095,182.97110764424536,-530.2818767849885,0.2653164724182062,183.0,-531.0,-1.8799314221886025,-0.18467265321643378,0.31453438545419055,-270.4672047256318,-270.4672047256318,BRAKE
44.0,183.24478081111877,-530.2854972999432,-1.70109069036476,-1.285499887081833,0.17280490658006417,-0.5891795787287374,0.6139984623182025,182.9729058007013,-530.305871515354,0.2726373597713642,183.0,-531.0,-1.9008537811061559,-0.19976309074139587,0.38600153768179746,-270.4672047256318,-270.4672047256318,BRAKE
44.048,183.2532602465195,-530.3022033710898,-1.7013576939076647,-1.238578040429444,0.17415240574059226,-0.5047818282842014,0.5339791705592802,182.97419811019637,-530.3231161871288,0.279844638690654,183.0,-531.0,-1.9189546104556892,-0.2175969165480245,0.46602082944071976,-120.21921056337845,-120.21921056337845,BRAKE
44.096,183.26255165005105,-530.3158924050031,-1.7065015476364487,-1.1747186215882484,0.17573735673229018,-0.4202459166469093,0.45551097572907423,182.97527012116478,-530.337421179362,0.28808707878804307,183.0,-531.0,-1.9372483881523896,-0.23074684051594097,0.5444890242709257,-120.21921056337845,-120.21921056337845,BRAKE
44.148,183.27127368701713,-530.3251920668557,-1.7174301014824238,-1.0900701089280922,0.1778274680869642,-0.34096988016273755,0.3845556755327008,182.97601185147664,-530.3473188825225,0.2960897625692043,183.0,-531.0,-1.9530267973687045,-0.23559669588628074,0.6154443244672991,-12.163503712801116,-12.163503712801116,BRAKE
44.2,183.28073083093793,-530.3325172348037,-1.7173906191865662,-0.9863314857701814,0.17924170756959212,-0.2709344371404682,0.3248585214537022,182.97661054553413,-530.3553078995144,0.3049730519112164,183.0,-531.0,-1.9689184290965542,-0.251527809909988,0.6751414785462978,-12.163503712801116,-12.163503712801116,BRAKE
44.248,183.28968754076047,-530.3376087380851,-1.732345137558304,-0.8647565908789392,0.18181645237627456,-0.21323292890145737,0.28022402524157003,182.977039989652,-530.361038433018,0.31352422843978756,183.0,-531.0,-1.9830691023714258,-0.25072396481312165,0.71977597475843,0.0,0.0,BRAKE
44.3,183.2994926089882,-530.3418180808175,-1.7363961917955797,-0.7363280936264135,0.18417634557740825,-0.16693351833053002,0.2485713696555947,182.97740843189743,-530.3659549531045,0.32298731513178847,183.0,-531.0,-1.9978254356201308,-0.2614292438245511,0.7514286303444053,0.0,0.0,BRAKE
44.348,183.3086896226008,-530.3450807051692,-1.7354232018544382,-0.6162861005374985,0.1867761822172352,-0.13229675614592787,0.2288837563707415,182.9777029278826,-530.3698847289224,0.3319147958058462,183.0,-531.0,-2.0112541514914883,-0.2758309496370501,0.7711162436292585,0.0,0.0,BRAKE
44.396,183.31861400745657,-530.3485095252156,-1.738399513283584,-0.5252401891777726,0.1882032626626976,-0.10907148796135457,0.21752484355353127,182.97801387102714,-530.3740339768301,0.3415551940257492,183.0,-531.0,-2.025648834370593,-0.28724932108700885,0.7824751564464687,0.0,0.0,BRAKE
44.444,183.32750335647435,-530.3520325518566,-1.7363310306116484,-0.4764315744254415,0.18715029065205008,-0.0965852030988768,0.2106037339384041,182.97832605430628,-530.378199773184,0.3501564105101715,183.0,-531.0,-2.0387799311306365,-0.3024489005189881,0.7893962660615959,0.0,0.0,BRAKE
44.5,183.3366145392821,-530.3566240996892,-1.7395171858159186,-0.47321391399430845,0.18297295782210346,-0.09368503088718194,0.20556261407780718,182.97871910384544,-530.3834446547852,0.3588989898036161,183.0,-531.0,-2.0528315375044537,-0.31331435168853505,0.7944373859221928,0.0,0.0,BRAKE
44.548,183.34440483193427,-530.3617820396714,-1.749014074311327,-0.5108899285330789,0.17573663983980387,-0.09850524911404164,0.20146128830424057,182.9791469849435,-530.3891543312391,0.3662820458799456,183.0,-531.0,-2.0656470525222317,-0.31663297821090475,0.7985387116957594,-21.996219071772877,-21.996219071772877,BRAKE
44.6,183.3523515069794,-530.3682858971621,-1.7513785234433537,-0.5712822688156268,0.1677160517765767,-0.10780437580354701,0.19937516762605054,182.97967603867042,-530.3962140626011,0.3737204665309462,183.0,-531.0,-2.0795858107364884,-0.32820728729313475,0.8006248323739494,-21.996219071772877,-21.996219071772877,BRAKE
44.648,183.35912808999566,-530.3748797403708,-1.7489580921257597,-0.6407968763059358,0.15842801814834556,-0.11815295100275633,0.19763490775941442,182.98020526375439,-530.4032760805644,0.37998534232660636,183.0,-531.0,-2.092250553592754,-0.3432924614669941,0.8023650922405856,-57.36250485573105,-57.36250485573105,BRAKE
44.7,183.36616418636146,-530.3821516421208,-1.7626182058418192,-0.6965587620230849,0.1503365527200433,-0.12574491069959562,0.1959919938431048,182.980786467804,-530.4110317096208,0.3864583344415838,183.0,-531.0,-2.105789523268915,-0.34317131742709583,0.8040080061568952,-57.36250485573105,-57.36250485573105,BRAKE
44.748,183.3724827005605,-530.3884423032468,-1.7594459899887946,-0.7258225801706536,0.14379125863611786,-0.12760359599892018,0.19224620613165447,182.98129054129055,-530.4177581028408,0.3922890790987304,183.0,-531.0,-2.1178597629964933,-0.3584137730076986,0.8077537938683456,-70.5441047327024,-70.5441047327024,BRAKE
44.8,183.3793953537945,-530.3942956089428,-1.7617209302961128,-0.718209730855064,0.1399917918038379,-0.12233958727588792,0.1859157776717288,182.98176534057592,-530.4240938589942,0.39874498506983086,183.0,-531.0,-2.1303805531823903,-0.3686596228862775,0.8140842223282712,-70.5441047327024,-70.5441047327024,BRAKE
44.848,183.38596792679638,-530.3983639707172,-1.7582500927846738,-0.6661236398284063,0.13891967614450185,-0.10918586966797636,0.1766924745291819,182.98210522461017,-530.4286292962362,0.40499515076840154,183.0,-531.0,-2.1411946080073427,-0.3829445152226689,0.8233075254708181,-50.23625327479152,-50.23625327479152,BRAKE
44.9,183.3933315372133,-530.4011258422851,-1.7665811797846243,-0.5695646488289456,0.13986055191548197,-0.08956033545225285,0.1660783780882487,182.98235216513103,-530.4319244884841,0.4121317761163642,183.0,-531.0,-2.1519265099465312,-0.385345330161907,0.8339216219117513,-50.23625327479152,-50.23625327479152,BRAKE
44.948,183.40041181414216,-530.4020571823603,-1.7681787804430498,-0.4278825563996402,0.14253637801800237,-0.06500523942582193,0.15665982321992866,182.9824611100704,-530.4333782576691,0.41912265602395943,183.0,-531.0,-2.1608607865754053,-0.3926820061323555,0.8433401767800713,-4.213133356736257,-4.213133356736257,BRAKE
45.0,183.4080988492821,-530.4015193863856,-1.764618179619425,-0.2614432761387287,0.1443883053075331,-0.03863362502817112,0.14946752052669746,182.98246396182066,-530.4334163116315,0.42682838619809044,183.0,-531.0,-2.169265276120346,-0.404647096500921,0.8505324794733026,-4.213133356736257,-4.213133356736257,BRAKE
45.048,183.41532065967613,-530.3999335894155,-1.7777170718175823,-0.0922134756592142,0.1465114325729168,-0.013548753360781401,0.14713656442978282,182.98238611726123,-530.4323775481759,0.4341485097015107,183.0,-531.0,-2.1762171364682303,-0.398500064650648,0.8528634355702172,0.0,0.0,BRAKE
45.1,183.42311413915675,-530.3972400149971,-1.7793657061828532,0.06304336927265866,0.1476885430612209,0.009323138131274021,0.1479825214549371,182.9822289124068,-530.4302797951794,0.44212148810122676,183.0,-531.0,-2.182837339049281,-0.4034716328664276,0.8520174785450629,0.0,0.0,BRAKE
45.144,183.43028538346627,-530.3941697694581,-1.7752064216607766,0.18953528921817334,0.14828787608002691,0.02844724684048326,0.15099185423435532,182.98204016266735,-530.427761104945,0.4495021198936328,183.0,-531.0,-2.1883623354344395,-0.4131559137736629,0.8490081457656447,0.0,0.0,BRAKE
45.2,183.43793563205463,-530.390580779781,-1.7829010283181292,0.28077477567990244,0.14787917725830244,0.042647371734857845,0.15390597578548917,182.9818154305679,-530.4247622634858,0.45739918236979515,183.0,-531.0,-2.1939042979253474,-0.4110032696072181,0.8460940242145109,0.0,0.0,BRAKE
45.248,183.4448017254801,-530.3873626588351,-1.7842933536082646,0.3368021880107163,0.1461867297785339,0.05118625685830337,0.15488896944103636,182.98161395684392,-530.4220737834779,0.4644865672849219,183.0,-531.0,-2.1987885532039986,-0.414495199595734,0.8451110305589636,0.0,0.0,BRAKE
45.3,183.45197042602192,-530.384314788678,-1.7736511803666677,0.35912851229736,0.1432722433875652,0.05378557763033129,0.1530353687430919,182.98142686033736,-530.4195771541036,0.4718629903081428,183.0,-531.0,-2.2040392202547143,-0.43038803988804664,0.8469646312569081,0.0,0.0,BRAKE
45.344,183.45829766702116,-530.3821299693412,-1.7808928828409638,0.35035861309417743,0.13926309048804614,0.050891599790372666,0.1482705746313313,182.9812993801519,-530.4178760492489,0.47833581081177734,183.0,-531.0,-2.2089887379104685,-0.42809585506950465,0.8517294253686687,0.0,0.0,BRAKE
45.4,183.46483068902234,-530.3805852732871,-1.7764870257382894,0.3126589222498435,0.13449327228670288,0.043476532535644805,0.1413458495029415,182.98122075188067,-530.4168268278862,0.4849660004391276,183.0,-531.0,-2.2145759825586078,-0.43808895682031834,0.8586541504970585,0.0,0.0,BRAKE
45.448,183.4705880398323,-530.379938034512,-1.7892224251462345,0.24954736242586006,0.12940130997573587,0.03297919555047068,0.13353773385299253,182.9812046713396,-530.4166122479782,0.49075562074277074,183.0,-531.0,-2.2199926963706806,-0.4307702712244461,0.8664622661470075,0.0,0.0,BRAKE
45.5,183.47655663093676,-530.3799805669472,-1.7903116471284684,0.16856149611720284,0.12428406084109186,0.02115020110125437,0.12607084827895673,182.9812411730205,-530.4170993290593,0.4967043440030798,183.0,-531.0,-2.2261053790385734,-0.43579373191010506,0.8739291517210432,0.0,0.0,BRAKE
45.548,183.4818673867774,-530.3805315413192,-1.785684626359693,0.08123825621935582,0.11950890088470502,0.009730109253286177,0.11990434694685231,182.98131189063244,-530.4180429900099,0.5019590755268754,183.0,-531.0,-2.2318984197928775,-0.44621379343318446,0.8800956530531476,0.0,0.0,BRAKE
45.6,183.4874546278657,-530.3814220673086,-1.786494954604904,0.0028680125281221624,0.1152872159771241,0.0003306460863312195,0.11528769012600809,182.98140945607153,-530.4193449103162,0.5074641444653752,183.0,-531.0,-2.238192420950241,-0.45169746634533703,0.884712309873992,0.0,0.0,BRAKE
45.648,183.49249420983935,-530.3822579403158,-1.7815710182346367,-0.05260003544349346,0.11168364227631228,-0.005879987387981561,0.11183832171391929,182.98149989025853,-530.4205516706769,0.5124271698776661,183.0,-531.0,-2.2438575483088448,-0.46228653007420806,0.8881616782860807,0.0,0.0,BRAKE
45.7,183.49787818838237,-530.3829144129161,-1.7824484924108106,-0.07557346584661398,0.10883268459610254,-0.00824055738130668,0.10914421662346266,182.98157887863653,-530.4216056973305,0.5177470354658498,183.0,-531.0,-2.2496831659804153,-0.4672346735696047,0.8908557833765374,0.0,0.0,BRAKE
45.748,183.50280454896253,-530.3830981447212,-1.789302651850772,-0.0626957902896162,0.10666262421778244,-0.006696073376871282,0.10687260080905824,182.98162008222752,-530.4221555210419,0.5226458906476822,183.0,-531.0,-2.2546456917809867,-0.46534303993021475,0.8931273991909418,0.0,0.0,BRAKE
45.8,183.50812498314332,-530.3827065821167,-1.7901051849056204,-0.016328286253207494,0.10514132041994248,-0.001716930164830923,0.10515533799498683,182.98162061496552,-530.4221626299365,0.5279807093254957,183.0,-531.0,-2.259494499871201,-0.46938931496558056,0.8948446620050132,0.0,0.0,BRAKE
45.848,183.5130472844523,-530.3817634899003,-1.7850899678762036,0.05521110998839967,0.10423363865104464,0.005760709470797264,0.10439270664200387,182.98157782368432,-530.4215916199714,0.5329597242512635,183.0,-531.0,-2.263478900387697,-0.4783889325114934,0.8956072933579962,0.0,0.0,BRAKE
45.9,183.5183916289425,-530.3801568911668,-1.797634111101923,0.1394441628864467,0.10372341457643017,0.01455810647747879,0.1047400839965465,182.98148794408243,-530.4203922600352,0.5384091861440553,183.0,-531.0,-2.2672988540297636,-0.46966474292784066,0.8952599160034536,0.0,0.0,BRAKE
45.952,183.5233371516238,-530.3782469103588,-1.7924127196180264,0.22229302534927387,0.10348132235902946,0.023389712602193146,0.10609176562196787,182.98137322884955,-530.4188614916349,0.5434836131854149,183.0,-531.0,-2.2704591662167153,-0.4780464465986889,0.8939082343780321,0.0,0.0,BRAKE
46.0,183.5286849400085,-530.3758915007737,-1.7930750208850592,0.2921652558522143,0.10325758904584623,0.031057031552721614,0.10782703234545411,182.98122756624727,-530.4169177592892,0.5489924680478983,183.0,-531.0,-2.273606834179743,-0.48053181329468386,0.8921729676545459,0.0,0.0,BRAKE
46.048,183.533571748006,-530.3736303162032,-1.7877635632410274,0.3428366306845623,0.10275040786162755,0.0366748746695792,0.10909946263735745,182.98108635101482,-530.4150333729694,0.5540345900736723,183.0,-531.0,-2.2763622590418766,-0.48859869580084925,0.8909005373626425,0.0,0.0,BRAKE
46.1,183.538775540628,-530.3712800221939,-1.7883592130013037,0.37143631829911045,0.1018132923734113,0.03965795513602337,0.10926435790999997,182.9809402654742,-530.4130839969039,0.5593994695273311,183.0,-531.0,-2.2793058687336183,-0.49094665573231455,0.89073564209,0.0,0.0,BRAKE
46.148,183.54344724522105,-530.36934276884,-1.7949880232973074,0.3788387628224795,0.10024315270037715,0.039903476543530256,0.10789335986783988,182.9808219886994,-530.4115057030294,0.5642028822112672,183.0,-531.0,-2.282052766457979,-0.4870647431606716,0.8921066401321601,0.0,0.0,BRAKE
46.2,183.54832843019466,-530.3676019651816,-1.7955381447001966,0.36679350947022926,0.09801217888532995,0.03765420745430396,0.10499631683474273,182.9807195214399,-530.4101383724753,0.5692005088219915,183.0,-531.0,-2.2851128557905827,-0.4895747110903861,0.8950036831652572,0.0,0.0,BRAKE
46.248,183.55265625946927,-530.3663675482824,-1.8021354052227176,0.33792213281259226,0.09526500473620356,0.033476191402339296,0.10097562338601798,182.98065170043247,-530.4092333640258,0.5736084846986069,183.0,-531.0,-2.2880401075627756,-0.485904702340058,0.899024376613982,0.0,0.0,BRAKE
46.3,183.55714199534094,-530.3654156538018,-1.8026455632518845,0.29674781538818557,0.0921147060609156,0.02816650649195876,0.09632482110365134,182.98060581515895,-530.4086210676027,0.5781528127065882,183.0,-531.0,-2.2913023964256323,-0.48865683317374775,0.9036751788963486,0.0,0.0,BRAKE
46.344,183.56111985564456,-530.3648318807988,-1.7971295082886753,0.24862820336742136,0.08887979032016476,0.02256490736727663,0.09169946658432768,182.98058452643977,-530.4083369893877,0.5821631755171882,183.0,-531.0,-2.294375001706149,-0.4972454934174737,0.9083005334156723,0.0,0.0,BRAKE
46.4,183.5652875082309,-530.3644096352645,-1.803755807540384,0.20125282481760756,0.08582337150082446,0.017509227038891243,0.08759123316444385,182.9805763348421,-530.4082276801133,0.5863507289499026,183.0,-531.0,-2.297718347673623,-0.49396254013323904,0.9124087668355562,0.0,0.0,BRAKE
46.448,183.56903572863644,-530.3640944326308,-1.792006401825134,0.16311918167647935,0.08311596526583284,0.013679350111953727,0.08423412789099523,182.98057377784724,-530.4081935593879,0.5901120236932631,183.0,-531.0,-2.3007550127938243,-0.5087486109686903,0.9157658721090047,0.0,0.0,BRAKE
46.5,183.57304174993595,-530.3637025226725,-1.792420053208238,0.14140790301036243,0.08098898232338819,0.011529433061682337,0.0818055198901755,182.98056694424707,-530.4081023713312,0.594136130812622,183.0,-531.0,-2.3039360891265166,-0.5115160359182787,0.9181944801098245,0.0,0.0,BRAKE
46.548,183.57671445856454,-530.3631867284112,-1.7989258286028458,0.1407738741083579,0.07942300559363391,0.011255131312308085,0.0802165307052337,182.98054901723472,-530.4078631519762,0.597837115156412,183.0,-531.0,-2.306710864654415,-0.5077850360515692,0.9197834692947663,0.0,0.0,BRAKE
46.6,183.58068943735515,-530.3623731150011,-1.7993125781404997,0.16178035322078266,0.07837961857265312,0.012792079459170602,0.0794166349355368,182.98051058445594,-530.4073503021845,0.6018617805063982,183.0,-531.0,-2.3094939345496477,-0.510181356409148,0.9205833650644633,0.0,0.0,BRAKE
46.648,183.58436981208976,-530.3613445500365,-1.8058057560159526,0.2005858444343814,0.07778281784545157,0.0158148045153309,0.07937427035152406,182.9804544880018,-530.4066017470257,0.6056087289228655,183.0,-531.0,-2.311837246415353,-0.5060314903994005,0.9206257296484759,0.0,0.0,BRAKE
46.7,183.5883544478643,-530.3599219278346,-1.8061688419939108,0.2511763849527771,0.07737849546666156,0.019854964678239138,0.07988523757903138,182.98037072512807,-530.405484009154,0.6096885355379084,183.0,-531.0,-2.314113961043789,-0.507945119049878,0.9201147624209687,0.0,0.0,BRAKE
46.748,183.5920230545092,-530.358357764172,-1.8004380064664913,0.30565087361875587,0.07704627883911949,0.024311087081322173,0.08079082892278666,182.98027464953216,-530.4042019694232,0.6134637741114638,183.0,-531.0,-2.3159952149670704,-0.5155572085005791,0.9192091710772133,0.0,0.0,BRAKE
46.8,183.59596526409786,-530.3564603275773,-1.800765345365628,0.35697396944445975,0.07661418424591407,0.02857341445124875,0.08176902372579545,182.98015526601915,-530.4026089071535,0.6175367560968275,183.0,-531.0,-2.31783153901677,-0.5170661936511418,0.9182309762742046,0.0,0.0,BRAKE
46.844,183.59954749179389,-530.3546016314709,-1.794983109798496,0.4003062169964257,0.07591963004338717,0.0321257118358856,0.08243695522571862,182.98003675914106,-530.4010275427639,0.6212478676916552,183.0,-531.0,-2.3193815137989127,-0.5243984040004166,0.9175630447742814,0.0,0.0,BRAKE
46.9,183.60335665663482,-530.3525733345487,-1.8014814823348522,0.43157871678055854,0.07498636903446573,0.034533711208646595,0.08255623992658147,182.9799068807682,-530.3992944363221,0.6251979561539353,183.0,-531.0,-2.320975132046764,-0.5194936497119118,0.9174437600734185,0.0,0.0,BRAKE
46.952,183.60678724460936,-530.3507703808525,-1.8017234330986123,0.44961864155245174,0.0737558438534873,0.035593449653322895,0.08189516567394947,182.97979168103245,-530.3977572026805,0.628753686407186,183.0,-531.0,-2.3224160971071703,-0.5206926640085581,0.9181048343260505,0.0,0.0,BRAKE
47.0,183.61040324920643,-530.3489687902575,-1.8020024750874388,0.45388197833669686,0.07227979098500026,0.035261832818269674,0.08042241626896648,182.97967761835181,-530.3962351419844,0.6324942129557621,183.0,-531.0,-2.3239978741383087,-0.5219953990508699,0.9195775837310335,0.0,0.0,BRAKE
47.048,183.6136526253686,-530.3474923466177,-1.8084473241891603,0.4447773188334079,0.0706752319893288,0.03368592620481293,0.07829259250415424,182.97958573852236,-530.395009090866,0.6358448379745009,183.0,-531.0,-2.3255168273147815,-0.5170695031256212,0.9217074074958458,0.0,0.0,BRAKE
47.1,183.61706828531808,-530.3461118831826,-1.8087131446628748,0.42489601975372604,0.06892891968390458,0.031187432846380828,0.07565614275349809,182.97950193987273,-530.3938908755986,0.6393541092077396,183.0,-531.0,-2.3272324140628524,-0.5185192693999776,0.9243438572465019,0.0,0.0,BRAKE
47.148,183.62013417087587,-530.3450304993698,-1.8028614456834176,0.39699562006050965,0.06715921332007685,0.028156921651732038,0.07282288219147444,182.97943847563,-530.3930440041333,0.6424922338412179,183.0,-531.0,-2.328881678037625,-0.5260202323542076,0.9271771178085255,0.0,0.0,BRAKE
47.196,183.6233656172721,-530.3440286411852,-1.8030591385975028,0.3657084292347317,0.06540360863266143,0.025045275316277357,0.07003497581810446,182.97938186231605,-530.3922885519597,0.6457895134138225,183.0,-531.0,-2.3307135691187675,-0.5276544305212647,0.9299650241818955,0.0,0.0,BRAKE
47.248,183.6262646764353,-530.3432060492025,-1.7971236953767902,0.336668296630975,0.06365131867632204,0.02227749549597601,0.06743720912677166,182.97933675187724,-530.3916865949872,0.6487419385954544,183.0,-531.0,-2.3324048408531217,-0.5352811454763315,0.9325627908732284,0.0,0.0,BRAKE
47.3,183.62933333514286,-530.3423599713581,-1.79733855523957,0.3144665694951779,0.062027790748105036,0.020175126794788358,0.06522639470549091,182.97929083838875,-530.3910739220619,0.6518652441873947,183.0,-531.0,-2.334203257914761,-0.5368647026751912,0.934773605294509,0.0,0.0,BRAKE
47.348,183.63210408036522,-530.3415593310908,-1.8037988173568886,0.30347020925227025,0.06052141456600324,0.018951834365263313,0.06341934757531337,182.9792466472363,-530.3904842321133,0.6546880737662426,183.0,-531.0,-2.3357899800580495,-0.5319911627011609,0.9365806524246867,0.0,0.0,BRAKE
47.4,183.63505408290683,-530.3406154704855,-1.8039720130448142,0.3055491064183968,0.059194705805660656,0.018671600257544115,0.062069653226002774,182.97919278422,-530.3897654801116,0.6577003622938138,183.0,-531.0,-2.337400565391288,-0.5334285523464739,0.9379303467739972,0.0,0.0,BRAKE
47.448,183.6377501452915,-530.3396419479603,-1.7980017025618624,0.31953036269394297,0.058135346995244655,0.01923514191375783,0.06123486959812934,182.979135292613,-530.3889983079313,0.6604616373706484,183.0,-531.0,-2.3387802088468903,-0.5407785062850279,0.9387651304018707,0.0,0.0,BRAKE
47.5,183.640644816139,-530.3384596920419,-1.8106055050664536,0.3431212647220616,0.057271337020441106,0.02046033400293803,0.06081637371317637,182.9790633551032,-530.3880383685752,0.663436564226807,183.0,-531.0,-2.3401493839689076,-0.529543878902454,0.9391836262868236,0.0,0.0,BRAKE
47.548,183.64330534724553,-530.3372594868727,-1.8045817227675711,0.37134314627460535,0.05662607504838742,0.022050713127311057,0.06076797120859452,182.9789887724212,-530.3870431318487,0.6661793473933622,183.0,-531.0,-2.3413146669978886,-0.5367329442303175,0.9392320287914054,0.0,0.0,BRAKE
47.6,183.64617340344844,-530.3358689738569,-1.804761673936172,0.39952761695824585,0.056111173224140665,0.023692185754048557,0.060907991482184516,182.97890116672474,-530.3858741150717,0.6691432970972414,183.0,-531.0,-2.3424904240842626,-0.5377287501480905,0.9390920085178155,0.0,0.0,BRAKE
47.648,183.64879251606808,-530.3345383162377,-1.7987021281101134,0.4242918889670659,0.055569958780572075,0.025102632546637846,0.06097673720072271,182.9788166312732,-530.3847460678658,0.6718545263152155,183.0,-531.0,-2.343511803739025,-0.5448096756289116,0.9390232627992773,0.0,0.0,BRAKE
47.696,183.65159327553502,-530.3330977842571,-1.7988628109418683,0.4419782674668913,0.05497173885021141,0.026012599486411554,0.0608156838673734,182.97872492228234,-530.3835222964301,0.6747551053803584,183.0,-531.0,-2.344584096061426,-0.5457212851195579,0.9391843161326267,0.0,0.0,BRAKE
47.748,183.6541224949147,-530.3318128852544,-1.8052957239641574,0.4516194748693538,0.05417385489615065,0.02627724489427933,0.06021046548186714,182.97864329479816,-530.3824330533515,0.6773732731723789,183.0,-531.0,-2.3455584868140162,-0.5402627628498589,0.9397895345181329,0.0,0.0,BRAKE
47.8,183.65678671195334,-530.3305141368296,-1.7992175882854256,0.4522815110515126,0.05314523575028339,0.025821785117445494,0.059086213870959185,182.97856138914548,-530.3813400983727,0.6801270961111648,183.0,-531.0,-2.3466197139492913,-0.5474021256638657,0.9409137861290409,0.0,0.0,BRAKE
47.848,183.65917379356483,-530.3294330872134,-1.8118974078032164,0.4432985823646552,0.05195020665478303,0.024666813778031826,0.05750891820782898,182.9784941589678,-530.3804429739984,0.6825882898973281,183.0,-531.0,-2.347626774401958,-0.5357293665987417,0.942491081792171,0.0,0.0,BRAKE
47.896,183.66166910078718,-530.3284065695317,-1.8120525084666197,0.4259636915536812,0.05056297139909724,0.022942682582414137,0.055524595998380166,182.97843159696703,-530.3796081421154,0.6851533314970023,183.0,-531.0,-2.348750985136565,-0.5366984766699454,0.9444754040016199,0.0,0.0,BRAKE
47.948,183.663898410267,-530.3275974138303,-1.8059195926127585,0.4007713852259666,0.04912131303306955,0.020812837334640177,0.05334864189471931,182.97838374753982,-530.3789696358829,0.6874368756566439,183.0,-531.0,-2.3498306087602585,-0.5439110161475,0.9466513581052807,0.0,0.0,BRAKE
48.0,183.66624115707577,-530.3268595262072,-1.8123975487316974,0.3699062135314747,0.04769734160750704,0.01849489557705461,0.051157575771623276,182.97834184259116,-530.378410453204,0.6898282140813231,183.0,-531.0,-2.3510434148477466,-0.5386458661160491,0.9488424242283767,0.0,0.0,BRAKE
48.048,183.6683398184547,-530.3262839239156,-1.7998935575652413,0.3699062135314747,0.04630601126629863,0.01621878216741369,0.049064198499400684,182.978310668213,-530.3779944600374,0.6919640219905208,183.0,-531.0,-2.3521885252451775,-0.5522949676799362,0.9509358015005993,0.0,0.0,BRAKE
48.1,183.67056437577136,-530.3257459068976,-1.8000163930460202,0.3699062135314747,0.0450718892620947,0.014163476799311469,0.04724488624919274,182.9782829978088,-530.377625224154,0.6942225650558542,183.0,-531.0,-2.3534508425118834,-0.5534344494658632,0.9527551137508072,0.0,0.0,BRAKE
48.148,183.6725745059651,-530.3252963098734,-1.8064916806843947,0.3699062135314747,0.0439539273496024,0.012484571554865332,0.045692584260059954,182.97826071907585,-530.377327935123,0.6962606729455577,183.0,-531.0,-2.3546141318111524,-0.5481224511267577,0.95430741573994,0.0,0.0,HOLD
48.2,183.67471280139682,-530.3248285425548,-1.8065948286631646,0.3699062135314747,0.04296242587545536,0.011263405385736645,0.04441434833460283,182.97823780202188,-530.3770221282902,0.6984279455650685,183.0,-531.0,-2.3558547158540977,-0.5492598871909331,0.9555856516653972,0.0,0.0,HOLD
48.248,183.67666117245344,-530.3243933186149,-1.8003994012591849,0.3699062135314747,0.04213244910685429,0.010494721395955805,0.04341983930095089,182.97821624948818,-530.376734529715,0.7004033929068068,183.0,-531.0,-2.356974284558939,-0.5565748832997544,0.9565801606990492,0.0,0.0,HOLD
48.3,183.67873718116937,-530.3238999813109,-1.8068675977339244,0.3699062135314747,0.041359227507457366,0.010142108453288463,0.0425845989049079,182.97819107908435,-530.3763986540179,0.7025104638242053,183.0,-531.0,-2.358140966971986,-0.5512733692380618,0.9574154010950922,0.0,0.0,HOLD
48.348,183.6806279180107,-530.3234215565424,-1.8069595344944143,0.3699062135314747,0.040670120681332037,0.010080884431737294,0.04190087048212907,182.97816598531267,-530.3760638009059,0.7044316665096014,183.0,-531.0,-2.359178165078845,-0.5522186305844305,0.9580991295178709,0.0,0.0,HOLD
48.396,183.68264640957534,-530.3228839000357,-1.8070685597881335,0.3699062135314747,0.04002157935862362,0.010171416752703135,0.04129388009276651,182.97813719098212,-530.3756795672672,0.7064846930834706,183.0,-531.0,-2.360261582114244,-0.5531930223261103,0.9587061199072335,0.0,0.0,HOLD
48.448,183.684473011198,-530.3223813183807,-1.8008110949280793,0.3699062135314747,0.03933299674838919,0.010276078789771966,0.04065319702683168,182.9781099388432,-530.3753159127458,0.7083437451316368,183.0,-531.0,-2.361226656351267,-0.5604155614231876,0.9593468029731683,0.0,0.0,HOLD
48.5,183.6864184691027,-530.3218534062041,-1.8009067010518935,0.3699062135314747,0.03866087609114084,0.01023270624821314,0.039992144444837736,182.97808146280832,-530.374935926468,0.7103232140678312,183.0,-531.0,-2.3622563293910277,-0.5613496283391342,0.9600078555551622,0.0,0.0,HOLD
48.548,183.68817460377142,-530.3214015829569,-1.8073961339324234,0.3699062135314747,0.03793471808525348,0.009945803572198873,0.03921685664232182,182.97805759971462,-530.3746174956124,0.7121082030213909,183.0,-531.0,-2.363200796205858,-0.5558046622734347,0.9607831433576782,0.0,0.0,HOLD
48.6,183.6900325627101,-530.3209741534284,-1.8011192823117963,0.3699062135314747,0.037163059611859665,0.009341701840584018,0.03831919092299583,182.97803612311498,-530.3743309103065,0.7139929085786936,183.0,-531.0,-2.3642339419288914,-0.5631146596170951,0.9616808090770042,0.0,0.0,HOLD
48.648,183.6917119888604,-530.3206560298642,-1.8012060871553273,0.3699062135314747,0.036401804427006114,0.008391757185951658,0.037356565075097214,182.97802179508776,-530.3741397160707,0.7156914121166029,183.0,-531.0,-2.3652150434222183,-0.5640089562668911,0.9626434349249028,0.0,0.0,HOLD
48.7,183.69348243775943,-530.3204050245511,-1.8140988500839283,0.3699062135314747,0.03557765585184525,0.007144101008968175,0.03628784610773528,182.97801297711314,-530.3740220483766,0.7174756681319558,183.0,-531.0,-2.3663082599370044,-0.5522094098530761,0.9637121538922647,0.0,0.0,HOLD
48.748,183.6950770234025,-530.3202658619383,-1.807800143254463,0.3699062135314747,0.03475266328436052,0.00565839304049592,0.03521029703306793,182.97801151165962,-530.3740024932584,0.7190761946252326,183.0,-531.0,-2.3673540216655264,-0.5595538784110634,0.9647897029669321,0.0,0.0,HOLD
48.8,183.69676015288627,-530.3202118220886,-1.8078714904435798,0.3699062135314747,0.03391798727566149,0.0040416852340200175,0.034157943151818,182.97801688413162,-530.3740741839152,0.7207586561406419,183.0,-531.0,-2.3685232364371815,-0.5606517459936018,0.965842056848182,0.0,0.0,HOLD
48.848,183.69826608790726,-530.3202397735536,-1.8144139125956384,0.3699062135314747,0.03302746792387443,0.0024232826366927668,0.03311624882440418,182.97802737713144,-530.3742142032669,0.7222582914462728,183.0,-531.0,-2.3696229341269017,-0.5552090215312633,0.9668837511755958,0.0,0.0,HOLD
48.9,183.69985654230064,-530.3203402930422,-1.8016050636520913,0.3699062135314747,0.03217283564442241,0.000898560232330447,0.03218538121405653,182.9780437499884,-530.3744326838593,0.7238367867757939,183.0,-531.0,-2.3708339643632597,-0.5692289007111684,0.9678146187859434,0.0,0.0,HOLD
48.948,183.70128386888715,-530.3204792109284,-1.8081350107206389,0.3699062135314747,0.031319932862165833,-0.00042887876880910844,0.031322869145225356,182.978062073336,-530.3746771919409,0.7252497409210633,183.0,-531.0,-2.371954342879292,-0.5638193321586533,0.9686771308547747,0.0,0.0,HOLD
49.0,183.70279271943295,-530.3206604849413,-1.8082136594755591,0.3699062135314747,0.0305136811879338,-0.001498884748108659,0.030550472911674835,182.9780840083878,-530.3749698948657,0.7267408257907629,183.0,-531.0,-2.3731617188863767,-0.5649480594108176,0.9694495270883252,0.0,0.0,HOLD
49.048,183.7041647032517,-530.3208424141901,-1.8147613983733992,0.3699062135314747,0.029837941450592445,-0.0023008425255158114,0.02992652045153604,182.97810522792443,-530.3752530499036,0.7280953776746977,183.0,-531.0,-2.3742700999576796,-0.5595087015842803,0.970073479548464,0.0,0.0,HOLD
49.1,183.70562697816956,-530.3210400480466,-1.8148435304427573,0.3699062135314747,0.029236896966913686,-0.0028257755217882706,0.029373136563082,182.97812812202469,-530.3755585504404,0.7295387945787135,183.0,-531.0,-2.3754520240044035,-0.5606084935616462,0.970626863436918,0.0,0.0,HOLD
49.148,183.70696604250153,-530.3212173143321,-1.808449261246029,0.3699062135314747,0.028767993782458905,-0.003129320754300248,0.028937693665026045,182.97814881023024,-530.3758346153583,0.7308608674891377,183.0,-531.0,-2.3765296861466854,-0.5680804249006564,0.9710623063349739,0.0,0.0,HOLD
49.2,183.70840685675205,-530.3214007224665,-1.8085203902390996,0.3699062135314747,0.02839698418321638,-0.0032685363178252356,0.028584472014763256,182.9781705243646,-530.3761243703444,0.732283946823732,183.0,-531.0,-2.3776817719869925,-0.5691613817478929,0.9714155279852368,0.0,0.0,HOLD
49.248,183.7097198735668,-530.3215620657323,-1.815104757169401,0.3699062135314747,0.028032120659965305,-0.0033010099201395858,0.028225811860559717,182.9781898805041,-530.3763826600756,0.7335812349797893,183.0,-531.0,-2.3787255349619283,-0.5636207777925273,0.9717741881394403,0.0,0.0,HOLD
49.296,183.71112900303868,-530.3217362189899,-1.8021606401185555,0.3699062135314747,0.02770540372048417,-0.0033178418358058865,0.027903359470903173,182.97821072800815,-530.3766608506842,0.734973409750633,183.0,-531.0,-2.3798444578435047,-0.5776838177249493,0.9720966405290968,0.0,0.0,HOLD
49.344,183.7124065360336,-530.3219025278381,-1.8087361702889846,0.3699062135314747,0.027323857172934132,-0.003369265877913357,0.02753080317322717,182.97823025602597,-530.3769214339725,0.7362349422284068,183.0,-531.0,-2.380863318028417,-0.5721271477394325,0.9724691968267728,0.0,0.0,HOLD
49.4,183.71376175835292,-530.3220984170305,-1.8088007454857762,0.3699062135314747,0.026882195850129458,-0.0035085077691871325,0.0271101840733545,182.97825242226733,-530.3772172219074,0.7375717362535752,183.0,-531.0,-2.3819566415976334,-0.5731558961118572,0.9728898159266455,0.0,0.0,HOLD
49.444,183.71499104281298,-530.3223034874187,-1.8153949996087315,0.3699062135314747,0.02643695982390231,-0.0037758349641723804,0.026705238707176754,182.9782745693909,-530.3775127547331,0.7387822584556778,183.0,-531.0,-2.3829669124919723,-0.5675719128832408,0.9732947612928232,0.0,0.0,HOLD
49.5,183.7162904857477,-530.3225567373748,-1.8154639547068172,0.3699062135314747,0.025930274407615365,-0.004158859739133498,0.026261668743322805,182.97830069871657,-530.3778614263528,0.7400591424914562,183.0,-531.0,-2.3840600476058538,-0.5685960928990366,0.9737383312566772,0.0,0.0,HOLD
49.548,183.71746833879925,-530.3228241341092,-1.808994720514938,0.3699062135314747,0.02544319019923029,-0.00465302668492519,0.025865161604846667,182.9783272032469,-530.3782151047308,0.7412137194440167,183.0,-531.0,-2.385077317739375,-0.5760825972244372,0.9741348383951534,0.0,0.0,HOLD
49.6,183.71872308782974,-530.3231496915737,-1.8156196564749758,0.3699062135314747,0.02498349979628589,-0.0052157195102458965,0.025522127499105103,182.978358471413,-530.3786323494109,0.7424406310019568,183.0,-531.0,-2.3861894880314973,-0.5705698315565215,0.9744778725008949,0.0,0.0,HOLD
49.648,183.71985727365947,-530.3234774594723,-1.8025594580659112,0.3699062135314747,0.024509379876012507,-0.005780191942467745,0.0251817457853592,182.97838923100753,-530.3790428076743,0.7435471512923134,183.0,-531.0,-2.387218162284662,-0.5846587042187508,0.9748182542146409,0.0,0.0,HOLD
49.7,183.7210708762976,-530.3238560515655,-1.809186038735991,0.3699062135314747,0.02409957621452275,-0.006305340774328453,0.02491077871123261,182.97842422158865,-530.3795097245307,0.744729068228787,183.0,-531.0,-2.3883380468201256,-0.5791520080841346,0.9750892212887674,0.0,0.0,HOLD
49.748,183.72217215450516,-530.3242161812713,-1.8092408141150476,0.3699062135314747,0.02369487813620892,-0.006724417274542328,0.024630571198653816,182.97845720904624,-530.3799499115607,0.7458003545124823,183.0,-531.0,-2.3893652921977546,-0.5801244780827071,0.9753694288013461,0.0,0.0,HOLD
49.8,183.72334668705392,-530.3246063939321,-1.8092867937257984,0.3699062135314747,0.02330717832826356,-0.006997302599344122,0.02433488864351482,182.97849284741494,-530.3804254725414,0.7469424422013571,183.0,-531.0,-2.3904641166572222,-0.5811773229314239,0.9756651113564851,0.0,0.0,HOLD
49.848,183.7244221146964,-530.3249581634606,-1.8159307735675265,0.3699062135314747,0.022991325806530676,-0.007113232834832822,0.024066556540240383,182.97852506749788,-530.3808554196689,0.7479885749602752,183.0,-531.0,-2.3914649949592794,-0.5755342213917529,0.9759334434597596,0.0,0.0,HOLD
49.9,183.72557076108637,-530.3253184194768,-1.815989595652962,0.3699062135314747,0.02267563555285133,-0.00704840145221142,0.023745829333954024,182.9785583289,-530.3812992622346,0.7491070875361432,183.0,-531.0,-2.392521366367828,-0.576531770714866,0.976254170666046,0.0,0.0,HOLD
49.948,183.72662398771115,-530.3256269802824,-1.8094582644607782,0.3699062135314747,0.022418940581681507,-0.006831383484716756,0.023436652856588264,182.97858720503646,-530.3816845874971,0.750134310347779,183.0,-531.0,-2.3934727724447185,-0.5840145079839403,0.9765633471434118,0.0,0.0,HOLD
50.0,183.72775815613946,-530.3259308570729,-1.8094981030288173,0.3699062135314747,0.022206137337859484,-0.0064857238161041796,0.02313389610261657,182.97861618414132,-530.3820712867775,0.7512425986701567,183.0,-531.0,-2.3944750867533084,-0.5849769837244911,0.9768661038973834,0.0,0.0,HOLD
50.048,183.72879260270287,-530.3261803019248,-1.816178098225745,0.3699062135314747,0.02197682879446654,-0.006034589192053375,0.022790288953370933,182.97864055001105,-530.3823964267131,0.7522555116740329,183.0,-531.0,-2.3953676689703847,-0.5791895707446397,0.977209711046629,0.0,0.0,HOLD
50.1,183.7299084609075,-530.3264201050739,-1.8029730995181839,0.3699062135314747,0.021795522786013398,-0.0055365426326196105,0.022487732607767368,182.97866465202054,-530.3827180456784,0.7533503292010216,183.0,-531.0,-2.3963076485161547,-0.5933345489979709,0.9775122673922326,0.0,0.0,HOLD
50.148,183.73092717898163,-530.3266146285339,-1.8096490063871056,0.3699062135314747,0.02159524243481275,-0.0050171529402352685,0.022170392857233014,182.97868483724878,-530.3829873988304,0.7543516619764505,183.0,-531.0,-2.397146653228875,-0.5874976468417696,0.977829607142767,0.0,0.0,HOLD
50.2,183.73201850833635,-530.32680065498,-1.8096942957837732,0.3699062135314747,0.0213823936240257,-0.0045132504910652006,0.021853516584016294,182.97870479477393,-530.3832537134958,0.7554260379792258,183.0,-531.0,-2.3980277529599574,-0.5883334571761842,0.9781464834159838,0.0,0.0,HOLD
50.248,183.73302086830708,-530.3269552274759,-1.8163898836620016,0.3699062135314747,0.021207430642166576,-0.0040607039346232865,0.021592693923801424,182.97872191145782,-530.3834821197689,0.756414043931089,183.0,-531.0,-2.398823908602053,-0.5824340249400513,0.9784073060761985,0.0,0.0,HOLD
50.296,183.73409202548874,-530.3271059738156,-1.816440525654427,0.3699062135314747,0.020994541717014238,-0.003654096382593735,0.02131016664131784,182.97873912721622,-530.3837118480996,0.757470940651947,183.0,-531.0,-2.399662902531564,-0.583222376877137,0.9786898333586822,0.0,0.0,HOLD
50.348,183.73507288049763,-530.3272337211154,-1.8098305699223352,0.3699062135314747,0.0207985198892193,-0.003306653376081959,0.02105973376213016,182.97875412475977,-530.38391197641,0.7584395064236136,183.0,-531.0,-2.4004225325139257,-0.5905919625915905,0.9789402662378699,0.0,0.0,HOLD
50.4,183.73612523784357,-530.3273604658253,-1.8098721717980502,0.3699062135314747,0.020602212371825517,-0.0030024140885059284,0.020819837774888144,182.9787694469002,-530.384116436165,0.7594794495209475,183.0,-531.0,-2.4012288215893296,-0.5913566497912794,0.9791801622251118,0.0,0.0,HOLD
50.444,183.73707932475924,-530.3274639904517,-1.8032386394652697,0.3699062135314747,0.02034832180177606,-0.0027064362251086292,0.02052751804747021,182.97878248985396,-530.3842904822872,0.7604231322110645,183.0,-531.0,-2.401950424174277,-0.5987117847090071,0.9794724819525298,0.0,0.0,HOLD
50.5,183.73810192650862,-530.3275607785173,-1.8032713026713092,0.3699062135314747,0.020109305561235823,-0.0024106416798169413,0.020253280313658344,182.9787954134186,-530.3844629352724,0.7614356415773507,183.0,-531.0,-2.402712335884447,-0.5994410332131379,0.9797467196863416,0.0,0.0,HOLD
50.548,183.73902928171583,-530.327630759807,-1.8099996341182527,0.3699062135314747,0.01983301366737749,-0.0020771973292641535,0.019941493922850526,182.9788058073993,-530.3846016333063,0.7623551740030021,183.0,-531.0,-2.4033891992699967,-0.593389565151744,0.9800585060771495,0.0,0.0,HOLD
50.6,183.7400177253154,-530.3276809682377,-1.8100378370646049,0.3699062135314747,0.01954444465011372,-0.001688119624551227,0.019617213475622723,182.97881506903764,-530.3847252212807,0.7633371016330575,183.0,-531.0,-2.404091647335404,-0.5940538102707993,0.9803827865243773,0.0,0.0,HOLD
50.648,183.74092399794011,-530.327700967403,-1.8167859670728055,0.3699062135314747,0.019312126911142313,-0.0012431050026512046,0.019352094353833737,182.9788216205563,-530.3848126452218,0.7642393455962366,183.0,-531.0,-2.4047155664411677,-0.5879295993683622,0.9806479056461662,0.0,0.0,HOLD
50.7,183.7418931426003,-530.3276877284819,-1.810123997418737,0.3699062135314747,0.01907597155120804,-0.0007189101293245158,0.01908951341434726,182.97882604624945,-530.3848717019929,0.7652067696772058,183.0,-531.0,-2.405356235165485,-0.595232237746748,0.9809104865856527,0.0,0.0,HOLD
50.748,183.74278428075615,-530.3276418225031,-1.8101525948966926,0.3699062135314747,0.018897263894695933,-0.00013256048847869412,0.018897728831499414,182.97882760192238,-530.384892461005,0.7660988465881012,183.0,-531.0,-2.405919553918412,-0.5957669590217194,0.9811022711685006,0.0,0.0,RECOVER
50.796,183.74374607490842,-530.3275531446254,-1.8101876783256066,0.3699062135314747,0.01875683601792189,0.000510706012962072,0.01876378741179103,182.97882636476945,-530.3848759523468,0.7670645782749593,183.0,-531.0,-2.4064977144257553,-0.5963100361001488,0.9812362125882089,0.0,0.0,RECOVER
50.848,183.7446230087791,-530.3274326786008,-1.803487482074319,0.3699062135314747,0.01858625288529415,0.0012103570049666833,0.018625621074089774,182.9788222848182,-530.3848215091807,0.7679480624979551,183.0,-531.0,-2.4069947893385546,-0.6035073072642356,0.9813743789259102,-250.0,250.0,RECOVER
50.9,183.74616118542338,-530.3274075085986,-1.804148308483999,0.3699062135314747,0.022434176404306647,0.0009561455290232647,0.022454542640904986,182.97882899920222,-530.384911106409,0.769483819044999,183.0,-531.0,-2.4080025398689737,-0.6038542313849746,0.977545457359095,-250.0,250.0,RECOVER
50.948,183.7485102521029,-530.3275810066204,-1.814024984137758,0.3699062135314747,0.03171082586769236,-0.0006435951484912624,0.031717356319943636,182.9788550470384,-530.3852586906268,0.7718133517342284,183.0,-531.0,-2.4096937405891063,-0.5956687564513483,0.9682826436800563,-250.0,250.0,RECOVER
51.0,183.75200390827413,-530.3279800294398,-1.8174308395995615,0.3699062135314747,0.04412703027420205,-0.0031040673613855945,0.044236071649778795,182.97890429329746,-530.385915836285,0.7752674199215924,183.0,-531.0,-2.412303089776873,-0.5948722501773116,0.9557639283502212,-250.0,250.0,RECOVER
51.048,183.75605972287798,-530.3285470899824,-1.8301032241748116,-0.10522032522086086,0.05825621783126641,-0.0061524602414140695,0.058580198728120945,182.97896920134067,-530.3867819739287,0.7792695171578029,183.0,-531.0,-2.415393933241773,-0.5852907090669615,0.9414198012718791,-250.0,250.0,RECOVER
51.1,183.7612880285304,-530.3293803052059,-1.8369474955687972,-0.1307534930408616,0.07305706040471008,-0.009607278545535652,0.07368604939898031,182.97906049141042,-530.3880001552507,0.7844209371555966,183.0,-531.0,-2.419430023615277,-0.5824825280464798,0.9263139506010197,-250.0,250.0,RECOVER
51.148,183.76683895132288,-530.3303598932674,-1.8389698465591435,-0.15103703744207822,0.08796256795822778,-0.013387560670200766,0.0889755030472104,182.97916449103337,-530.3893879337737,0.7898831337345932,183.0,-531.0,-2.4237561496949813,-0.5847863031358378,0.9110244969527896,-250.0,250.0,RECOVER
51.2,183.77357822179079,-530.3316568786078,-1.8482820881569515,-0.16839469807975624,0.10253614347604625,-0.017431623457095664,0.10400731808526893,182.97929877989202,-530.3911798940582,0.7965066359995522,183.0,-531.0,-2.4290478760499767,-0.5807657878930252,0.895992681914731,-250.0,250.0,RECOVER
51.248,183.78040862099775,-530.3330764193593,-1.8527522297072052,-0.18407299818701348,0.1164534874768639,-0.021681373226793317,0.11845461869645948,182.97944271063514,-530.3931005163494,0.8032118536117829,183.0,-531.0,-2.4344441981872866,-0.5816919684800814,0.8815453813035405,-250.0,250.0,RECOVER
51.3,183.78841740558082,-530.3348640552737,-1.8641629893522185,-0.1989164025447641,0.12960004770754158,-0.026125057405952078,0.13220700053424306,182.9796206530424,-530.3954749927575,0.8110646538096544,183.0,-531.0,-2.4408058505394825,-0.576642861187264,0.8677929994657569,-250.0,250.0,RECOVER
51.348,183.7963143948939,-530.3367482266325,-1.8843472772430145,-0.2133139794388796,0.14182224475112132,-0.030720036805296686,0.14511123239627505,182.97980516504995,-530.3979371343893,0.8187987572369784,183.0,-531.0,-2.447109047177204,-0.5627617699341896,0.8548887676037249,-250.0,250.0,RECOVER
51.4,183.8053624841938,-530.3390485990411,-1.8975370128723548,-0.2275676279262685,0.15308506014531342,-0.0354512997507372,0.15713634300730958,182.9800271212492,-530.4008989340352,0.8276496391987245,183.0,-531.0,-2.4543637024478597,-0.556826689575505,0.8428636569926904,-250.0,250.0,RECOVER
51.448,183.81413202143477,-530.3414185738079,-1.9082268621148304,-0.2418780903004,0.16344983147649156,-0.04032441084584669,0.16835054356834767,182.98025270869692,-530.4039091893238,0.8362175465987937,183.0,-531.0,-2.4614260938819226,-0.5531992317670922,0.8316494564316523,-250.0,250.0,RECOVER
51.5,183.82403188455936,-530.3442565527254,-1.9341685370176231,-0.25634396537165094,0.17287608456752174,-0.04531264822497889,0.17871591060831044,182.9805194847473,-530.4074690683188,0.8458776452681258,183.0,-531.0,-2.469433636211788,-0.535265099194165,0.8212840893916895,-250.0,250.0,RECOVER
51.548,183.83350857420297,-530.3471342063026,-1.943917285968537,-0.27108850466657636,0.18147031695351062,-0.05043611201353368,0.1883488182342786,182.98078685414924,-530.4110368650398,0.8551127888442929,183.0,-531.0,-2.477133878302234,-0.5332165923336969,0.8116511817657214,-250.0,250.0,RECOVER
51.6,183.84410247382328,-530.3505379431856,-1.959811520799103,-0.2861890563155407,0.1892607996180758,-0.05569324029053678,0.19728504070540398,182.9810996670314,-530.415211062862,0.8654227041968253,183.0,-531.0,-2.485783562400376,-0.5259720416012732,0.802714959294596,-250.0,250.0,RECOVER
51.648,183.85414393289986,-530.35394734299,-1.9872514594125346,-0.3016601071593658,0.19623849218510708,-0.061060813095599575,0.20551877946061298,182.98140981676866,-530.4193497234852,0.8751813005507765,183.0,-531.0,-2.4940243566857028,-0.5067728972731682,0.794481220539387,-250.0,250.0,RECOVER
51.7,183.8652776428142,-530.3579399658205,-1.9988000835819923,-0.3175897214206918,0.20249345203602115,-0.06656295140998905,0.2131530544418094,182.9817695287164,-530.4241497458449,0.8859855092762667,183.0,-531.0,-2.503213330888467,-0.5044132473064746,0.7868469455581906,-250.0,250.0,RECOVER
51.748,183.87575210636965,-530.361903734592,-2.0132912249505748,-0.33397150766601996,0.20799704058194013,-0.0721683990423177,0.2201614105859073,182.98212340880838,-530.428871947498,0.8961344712959489,183.0,-531.0,-2.5119114420274795,-0.49862021707690474,0.7798385894140927,-250.0,250.0,RECOVER
51.8,183.88727866229524,-530.3665039215379,-2.028623725964924,-0.350834350035225,0.21278066433902293,-0.07787225612823387,0.22658265465621413,182.98253059100506,-530.4343054163082,0.9072850242324123,183.0,-531.0,-2.5215479739555544,-0.4929242479906306,0.7734173453437858,-250.0,250.0,RECOVER
51.848,183.89806033959118,-530.3710394374986,-2.057504193992092,-0.3682022685177401,0.21692382876991095,-0.08368843703009982,0.23250742349597922,182.98292879400725,-530.4396190660947,0.9176976142396903,183.0,-531.0,-2.5306288374514,-0.47312464345930794,0.7674925765040208,-250.0,250.0,RECOVER
51.9,183.90985589579117,-530.3762659798806,-2.0759181644003077,-0.3860431630624429,0.22039365543111072,-0.08957613471795994,0.2379017596935703,182.98338415517617,-530.4456954386101,0.9290696076708436,183.0,-531.0,-2.54064387715815,-0.46472571275784214,0.7620982403064297,-250.0,250.0,RECOVER
51.948,183.92083118023044,-530.3813855293598,-2.089275245858777,-0.40436724200409846,0.22328399173322033,-0.09555453585263875,0.24287118043591346,182.98382696223385,-530.4516042881528,0.9396316185771013,183.0,-531.0,-2.550044556047969,-0.4607693101891921,0.7571288195640865,-250.0,250.0,RECOVER
52.0,183.93278931846626,-530.3872540054753,-2.1199208102476472,-0.4231483032241899,0.22562206352157826,-0.10160980677351086,0.24744669805896646,182.98433106898545,-530.4583311252644,0.9511177676637736,183.0,-531.0,-2.560384578927844,-0.44046376868019665,0.7525533019410335,-250.0,250.0,RECOVER
52.048,183.94386381142925,-530.3929668986107,-2.139163883109178,-0.4423179242843213,0.2274058524774933,-0.1077028868484785,0.2516214092173232,182.98481864672328,-530.4648373980158,0.9617343690596909,183.0,-531.0,-2.570057655993349,-0.43089377288417063,0.7483785907826768,-250.0,250.0,RECOVER
52.1,183.9558860540358,-530.3994821056277,-2.14150047012939,-0.4618722947517742,0.2287327447313685,-0.11385923137402901,0.2555045852454121,182.98537130659093,-530.4722121314344,0.97323611300743,183.0,-531.0,-2.5806728135633876,-0.4391723434339978,0.7444954147545879,-250.0,250.0,RECOVER
52.148,183.96698305570482,-530.4057942448046,-2.1696545785666217,-0.48173399494600333,0.2295919212452847,-0.12003451522456701,0.2590766974204701,182.98590366652462,-530.4793159810599,0.9838303784576794,183.0,-531.0,-2.590583558358972,-0.42092897979235033,0.7409233025795299,-250.0,250.0,RECOVER
52.2,183.9789861615214,-530.4129551696077,-2.189419963833752,-0.5018656772894265,0.23002488411330618,-0.12622096722444698,0.26237983893282435,182.98650433914224,-530.4873314001022,0.9952647845752447,183.0,-531.0,-2.6014337175543187,-0.4120137537205668,0.7376201610671757,-250.0,250.0,RECOVER
52.248,183.9900386061244,-530.4198661022133,-2.2179465730894354,-0.5222403713077141,0.23010691657050075,-0.13243584561167313,0.2654966030977841,182.98708107300791,-530.4950273786994,1.0057698696610997,183.0,-531.0,-2.6115524751076995,-0.39360590201826406,0.7345033969022159,-250.0,250.0,RECOVER
52.3,184.0019589611832,-530.4276721185128,-2.2380117376557984,-0.5427909200570439,0.22980265482047782,-0.13862379397093608,0.26837625904210716,182.98756921218921,-530.501541143393,1.0170758062705139,183.0,-531.0,-2.6226121493928516,-0.38460041173705317,0.7316237409578928,-250.0,250.0,RECOVER
52.348,184.0129039426729,-530.4351740948706,-2.2529211442428307,-0.5635121837482259,0.22917888232904013,-0.14480737702371804,0.27109433145323647,182.98756921218921,-530.501541143393,1.0274803621800295,183.0,-531.0,-2.632910146081413,-0.3799890018385823,0.7289056685467635,-250.0,250.0,RECOVER
52.396,184.0246817439119,-530.4436192292314,-2.273215994262589,-0.5843754765496237,0.22823993569959086,-0.1509670455710758,0.27365035555725603,182.98756921218921,-530.501541143393,1.0387287189619812,183.0,-531.0,-2.6441557446393813,-0.37093975037679217,0.726349644442744,-250.0,250.0,RECOVER
52.448,184.03546180999678,-530.4517009892851,-2.305698022149278,-0.6053406264086885,0.2269606067401867,-0.15705808001233681,0.27600427081665835,182.98756921218921,-530.501541143393,1.0490771837674169,183.0,-531.0,-2.6546079247802585,-0.34890990263098054,0.7239957291833417,-250.0,250.0,RECOVER
52.5,184.0470333192656,-530.4607687397646,-2.3209308633691728,-0.6264316651868624,0.22540955292134623,-0.16312068792784326,0.2782405890201033,182.98756921218921,-530.501541143393,1.060248359150258,183.0,-531.0,-2.666010310972402,-0.3450794476032293,0.7217594109798967,-250.0,250.0,RECOVER
52.548,184.05759973891742,-530.4694208233827,-2.338078955154225,-0.647622919204749,0.22356301935998057,-0.16911655686863242,0.28032273085223114,182.98756921218921,-530.501541143393,1.0705125142135403,183.0,-531.0,-2.676600029515559,-0.33852107436133405,0.7196772691477689,-250.0,250.0,RECOVER
52.6,184.06891113053365,-530.4790975168673,-2.3587189419786374,-0.668923766629389,0.22145032923170305,-0.17505735272639156,0.282285892421853,182.9876819475653,-530.5060616892763,1.0815653529473337,183.0,-531.0,-2.6881398664611567,-0.32942092448251925,0.717714107578147,-250.0,250.0,RECOVER
52.648,184.07922284199418,-530.4883135453687,-2.3775989796434884,-0.6903519797311672,0.2191322767336435,-0.18098748709433424,0.2842101778458891,182.9879180472516,-530.515528987848,1.0916440973767363,183.0,-531.0,-2.698858537687944,-0.3212595580444555,0.7157898221541109,-250.0,250.0,RECOVER
52.7,184.09023767980705,-530.4985974661405,-2.4089258813842394,-0.7118790038696025,0.2165743113096181,-0.18686056411399388,0.28604423213942876,182.98818119897666,-530.5260810389311,1.1023991263211295,183.0,-531.0,-2.710534767014796,-0.30160888563055677,0.7139557678605712,-250.0,250.0,RECOVER
52.744,184.10025667289014,-530.5083700029934,-2.4244644105674586,-0.7335170169935046,0.21382846024881746,-0.19271744789311313,0.28785868952459104,182.98843098655283,-530.5360972045593,1.1121713692170418,183.0,-531.0,-2.7213762784477664,-0.29691186788030777,0.712141310475409,-235.82928091569093,235.82928091569093,RECOVER
52.8,184.11091739070804,-530.5192301260316,-2.445292446810305,-0.7551463194216015,0.21074333062835987,-0.1983633231186908,0.28941451132074275,182.98870827883448,-530.547216274064,1.1225580231122718,183.0,-531.0,-2.7331605960852725,-0.2878681492749675,0.7105854886792573,-235.82928091569093,235.82928091569093,RECOVER
52.844,184.1205547078943,-530.5294799298065,-2.4607684912167325,-0.7766841005589777,0.20725526939168748,-0.20367431255212784,0.29058212657388754,182.98896972408025,-530.5576998974873,1.131936810148598,183.0,-531.0,-2.744050316310357,-0.28328182509362465,0.7094178734261125,-241.63923057485883,235.82928091569093,RECOVER
52.9,184.1307848692934,-530.5408414345499,-2.48150978522132,-0.7982169791121841,0.2035727806753211,-0.20885996970084308,0.2916579571609859,182.9892592446617,-530.5693093063356,1.1418805416569624,183.0,-531.0,-2.7558791063717885,-0.2743693211504685,0.7083420428390141,-241.63923057485883,241.63923057485883,RECOVER
52.948,184.14003105055104,-530.5515651106515,-2.514483315953691,-0.8197338306634943,0.19974237910933273,-0.21395245187995837,0.29269894034263655,182.98953225709397,-530.5802567592971,1.1508565003718694,183.0,-531.0,-2.766829355763777,-0.2523460398100861,0.7073010596573635,-231.9619022086184,231.9619022086184,RECOVER
53.0,184.14981627644124,-530.5634142871459,-2.5317463246161793,-0.8411365787934536,0.1956946437589382,-0.21882316628020332,0.29356425480094,182.98983365534568,-530.5923424476869,1.1603432766711859,183.0,-531.0,-2.7787074565577985,-0.24696113194161917,0.7064357451990599,-231.9619022086184,231.9619022086184,RECOVER
53.048,184.15862845738556,-530.5745547958498,-2.561185332044537,-0.8623943705067023,0.19145700449562625,-0.2234679340487113,0.29426807866032195,182.99011678672477,-530.6036956576078,1.1688749780427623,183.0,-531.0,-2.789680220742043,-0.22849488869750623,0.705731921339678,-195.14183853407533,195.14183853407533,RECOVER
53.1,184.1678851411768,-530.5867598601217,-2.5797056802819043,-0.8832410930620748,0.18675165536326327,-0.2274036281920235,0.29425939389561573,182.99042672623747,-530.6161238397524,1.1778245039950606,183.0,-531.0,-2.8015043046347454,-0.22179862435284114,0.7057406061043843,-195.14183853407533,195.14183853407533,RECOVER
53.148,184.1761424105791,-530.5981062286547,-2.59986187568116,-0.9036098412875677,0.18159783204450441,-0.23054629554500028,0.2934780519779744,182.99071464334995,-530.6276689515237,1.185796334073154,183.0,-531.0,-2.812326594153071,-0.21246471847191106,0.7065219480220256,-178.30707419142254,178.30707419142254,RECOVER
53.2,184.18477072362518,-530.6104544264261,-2.616424188889023,-0.9234935900068781,0.17611377479288964,-0.23296796171955336,0.2920447446189777,182.9910277596135,-530.6402245173565,1.1941141161720614,183.0,-531.0,-2.823932995454064,-0.20750880656504123,0.7079552553810222,-178.30707419142254,178.30707419142254,RECOVER
53.244,184.19244049025227,-530.6218789416974,-2.64793717964821,-0.9428797725769499,0.1703993352712406,-0.2347329323042891,0.29006117108129215,182.99131725921654,-530.6518330849967,1.2014966778291516,183.0,-531.0,-2.834523931095167,-0.18658675144695724,0.7099388289187079,-179.83373118769396,179.83373118769396,RECOVER
53.3,184.2004524347707,-530.6342997074927,-2.661635833379339,-0.9618864590641217,0.16468611756967766,-0.23617771423498823,0.28792608430192196,182.99163180099148,-530.664445812032,1.2091964738078358,183.0,-531.0,-2.8458886542643183,-0.1842528208849794,0.712073915698078,-179.83373118769396,179.83373118769396,RECOVER
53.348,184.2075845101193,-530.6458060482962,-2.6774285616416615,-0.9805418247161509,0.15905069250367918,-0.2374159159450812,0.28576815765571534,182.99192300573128,-530.6761227534976,1.21603947134342,183.0,-531.0,-2.856286747222747,-0.17885818558108557,0.7142318423442846,-151.72715081413588,151.72715081413588,RECOVER
53.4,184.21500892576046,-530.6582583417229,-2.6960940387284116,-0.9986601805105791,0.15335497848140742,-0.23813385881318266,0.28324103540675344,182.99223796809522,-530.6887523456201,1.2231511350537312,183.0,-531.0,-2.867409644894655,-0.1713156061662433,0.7167589645932466,-151.72715081413588,151.72715081413588,RECOVER
53.448,184.22158185232706,-530.6697100874367,-2.723000834140828,-1.016197963632988,0.14760832556107462,-0.2382893207248112,0.280303439412427,182.99252746463173,-530.7003607902958,1.229436518694193,183.0,-531.0,-2.8775277320861607,-0.15452689794533292,0.7196965605875729,-153.59961803614146,153.59961803614146,RECOVER
53.496,184.22841649272888,-530.6820768212765,-2.740910830518097,-1.0332460771474876,0.14194779893464132,-0.23812569008534368,0.27722377585807917,182.99283992803043,-530.7128901770755,1.2359607235376096,183.0,-531.0,-2.8883420803660944,-0.1474312498479975,0.7227762241419209,-153.59961803614146,153.59961803614146,RECOVER
53.548,184.23448002189625,-530.6934731087787,-2.7528338390169984,-1.0499150368853338,0.13647930281954007,-0.23787962825886463,0.274250465156731,182.99312772577457,-530.7244305023268,1.2417382507202743,183.0,-531.0,-2.898210431409331,-0.1453765923923327,0.725749534843269,0.0,0.0,RECOVER
53.6,184.24066424398387,-530.7054617320844,-2.7809270535340587,-1.064978556762853,0.13033611857633665,-0.23531441523343788,0.2689988435332013,182.99343036128545,-530.7365658032444,1.2476216659683794,183.0,-531.0,-2.908504023759978,-0.12757697022591952,0.7310011564667986,0.0,0.0,RECOVER
53.644,184.24596244629907,-530.7159750643336,-2.779541158624458,-1.077824950166723,0.12335120228963643,-0.22961408421936014,0.26064947108750136,182.99369567750549,-530.747204647837,1.2526561168614982,183.0,-531.0,-2.917466190961683,-0.13792503233722497,0.7393505289124986,-66.36925470150095,137.2326083804279,RECOVER
53.7,184.25112685323364,-530.7271418614142,-2.7942801086442093,-1.097451378283526,0.1149387127786284,-0.22441028893887088,0.25213267435387177,182.99397719683307,-530.7584932165321,1.2575405226297087,183.0,-531.0,-2.9268649899536388,-0.13258488130942947,0.7478673256461282,-66.36925470150095,137.2326083804279,RECOVER
53.744,184.25524042544444,-530.737498384419,-2.817010230264468,-1.1290150312978198,0.10470496067651465,-0.22138300138705885,0.24489500218136953,182.994237868611,-530.7689458248749,1.2613946209857079,183.0,-531.0,-2.9354390599610194,-0.11842882969655122,0.7551049978186305,-80.48673927034346,143.1625899169832,RECOVER
53.8,184.2590180739839,-530.7488028362806,-2.8273625113162377,-1.1689626551398449,0.09348470499375541,-0.21998660766181782,0.23902614421507126,182.99452195677586,-530.7803374006929,1.264889267559373,183.0,-531.0,-2.9446602959983306,-0.11729778468209284,0.7609738557849287,-80.48673927034346,143.1625899169832,RECOVER
53.848,184.26188617052642,-530.7593367413555,-2.8532090830134105,-1.215008992350951,0.08167826220187403,-0.21980101948471642,0.23448630382783292,182.9947862753248,-530.7909362399371,1.2674938551056483,183.0,-531.0,-2.953138692955182,-0.09992960994177169,0.7655136961721671,-48.37287571984312,105.72782256767074,RECOVER
53.9,184.26428480666502,-530.7707438441956,-2.8628290740480096,-1.265444884219791,0.06923553674867586,-0.21964923947388107,0.23030273109611965,182.9950720647436,-530.8023960338847,1.2696073587404133,183.0,-531.0,-2.962209156981853,-0.09938008293384337,0.7696972689038803,-48.37287571984312,105.72782256767074,RECOVER
53.948,184.265843685434,-530.7812578527326,-2.875810158166279,-1.3193484949381213,0.05636992324374892,-0.21943665123969713,0.22656127681887436,182.99533507368182,-530.8129423593977,1.2709036314760673,183.0,-531.0,-2.9704790653799007,-0.09466890721362153,0.7734387231811256,-34.835837458794536,85.38798945288596,RECOVER
54.0,184.2668340526788,-530.7925796407126,-2.896588300989131,-1.375428239946333,0.043306383486968296,-0.21883816547903645,0.223082015234197,182.99561786150863,-530.8242817933068,1.2716114308908588,183.0,-531.0,-2.9793013817541447,-0.08271308076501382,0.776917984765803,-34.835837458794536,85.38798945288596,RECOVER
54.048,184.26713383523216,-530.8029573207291,-2.892244333101401,-1.4324795048532117,0.030335063718079824,-0.21791539101514676,0.22001666694153937,182.99587669016108,-530.8346604946498,1.2716523975249328,183.0,-531.0,-2.987325525999888,-0.09508119289848693,0.7799833330584607,-26.126213512146055,70.89416994084985,RECOVER
54.1,184.26683679893554,-530.8140806354139,-2.903920642733889,-1.4891426866572308,0.01771850865107223,-0.2165134683846197,0.2172372609400971,182.99615373127727,-530.8457694927378,1.2710781416230548,183.0,-531.0,-2.995874145805407,-0.09195350307151795,0.7827627390599029,-26.126213512146055,70.89416994084985,RECOVER
54.148,184.2660406043794,-530.8242182622919,-2.925102645399734,-1.54419491537633,0.005711445318078517,-0.21465395043514804,0.21472992116851436,182.99640589590612,-530.8558809751698,1.2700294564878603,183.0,-531.0,-3.0036309826094967,-0.07852833720976271,0.7852700788314857,-68.22990164663592,102.61190218535445,RECOVER
54.2,184.26473435512585,-530.8351846335272,-2.934144855345068,-1.5946021311921303,-0.005079622826823256,-0.21333718186677672,0.21339764697606425,182.99667839826412,-530.866807974798,1.2684502140193152,183.0,-531.0,-3.012006723852885,-0.07786186850781718,0.7866023530239358,-68.22990164663592,102.61190218535445,RECOVER
54.248,184.2631910964829,-530.8452616129364,-2.952986590904552,-1.6392955339892676,-0.014554682442309383,-0.212147143071999,0.21264583018391797,182.99692858704978,-530.8768402284206,1.2666562089816487,183.0,-531.0,-3.0197019173710746,-0.06671532646652256,0.787354169816082,-28.449433747265537,67.650109514029,RECOVER
54.3,184.26115468543506,-530.855954240334,-2.958772462409152,-1.6807417932545383,-0.02316715640949913,-0.20986525048056995,0.2111400968441915,182.99719381308145,-530.887475456573,1.2643538562894812,183.0,-531.0,-3.02786811923304,-0.06909565682388807,0.7888599031558086,-28.449433747265537,67.650109514029,RECOVER
54.348,184.25897269193354,-530.8656260866526,-2.967143182480559,-1.7193487078735723,-0.03096902094811265,-0.20693629221890436,0.20924079261891648,182.9974335077594,-530.8970869097589,1.2619314151716974,183.0,-531.0,-3.035262218966287,-0.06811903648572759,0.7907592073810835,-27.203663429984076,67.39582636643065,RECOVER
54.4,184.2563220487749,-530.8759173150142,-2.9865330822661105,-1.7550188045145714,-0.03797073103013776,-0.20377647314581,0.2072839294849171,182.99768834797638,-530.9073056798889,1.2590250284387898,183.0,-531.0,-3.0431453159046358,-0.0566122336385253,0.7927160705150829,-27.203663429984076,67.39582636643065,RECOVER
54.448,184.25363403216306,-530.8852713535447,-2.9958880585089775,-1.787991222192084,-0.04428109629760123,-0.2006612384958425,0.20548904623848643,182.9979198074357,-530.9165869112314,1.2561046446597883,183.0,-531.0,-3.0503300150875408,-0.05444195657856321,0.7945109537615136,-11.83789991390477,54.824644160203384,RECOVER
54.5,184.25045655936108,-530.8952344008671,-2.988873363814802,-1.8195713340758362,-0.050169548760612526,-0.19748877738499548,0.20376162743721837,182.99816614097003,-530.9264645741546,1.25267977381197,183.0,-531.0,-3.058005986826219,-0.06913262301141687,0.7962383725627816,-11.83789991390477,54.824644160203384,RECOVER
54.548,184.2472683190497,-530.9042843810357,-3.0055775419821718,-1.8506516385127252,-0.05585779229816676,-0.19435714402950083,0.20222460877877665,182.99838971149146,-530.935429469073,1.2492669021972425,183.0,-531.0,-3.0650025670677588,-0.059425025085587,0.7977753912212233,-52.590233222872754,90.93549471432276,RECOVER
54.6,184.24356132571572,-530.9140799879782,-3.014034418352882,-1.879243602886967,-0.06125848166490966,-0.19226411342429886,0.2017872416351483,182.9986315428009,-530.9451265984769,1.2453168498064293,183.0,-531.0,-3.072610383075129,-0.0585759647222468,0.7982127583648517,-52.590233222872754,90.93549471432276,RECOVER
54.648,184.2398966383398,-530.923104311323,-3.0304287232402585,-1.906391000923535,-0.06653969186502014,-0.1907740314480066,0.20204519709316734,182.99885417774811,-530.9540539780553,1.2414283188578685,183.0,-531.0,-3.0796541600679483,-0.04922543682768987,0.7979548029068326,-16.041308052833372,58.830411772070676,RECOVER
54.7,184.23560266901833,-530.9326901612309,-3.038688894635141,-1.9363221090275564,-0.0721525162989601,-0.18852326405221373,0.20185887817277795,182.9990904164663,-530.963526851628,1.2368967023102546,183.0,-531.0,-3.0871711338133907,-0.048482239178249564,0.7981411218272221,-16.041308052833372,58.830411772070676,RECOVER
54.748,184.23131166584392,-530.9413566179331,-3.040017120709147,-1.9692470483000206,-0.07818770040777506,-0.185733035087911,0.20151942044880727,182.99930374304373,-530.9720809773593,1.2323909720963524,183.0,-531.0,-3.094001857917718,-0.05398473720857133,0.7984805795511927,-9.279503009534842,50.864596575953705,RECOVER
54.8,184.2263017508779,-530.9505351690512,-3.0477107424873733,-2.0046009007015426,-0.08454258676713933,-0.18250518225597004,0.20113575149029106,182.99952938568902,-530.981128961822,1.2271537866735438,183.0,-531.0,-3.1012779186740964,-0.05356717618672313,0.7988642485097089,-9.279503009534842,50.864596575953705,RECOVER
54.848,184.2213463386668,-530.9588250572602,-3.0642695889231817,-2.041336228707632,-0.09108589543793404,-0.17907546999027915,0.20090959235429656,182.99973291411501,-530.9892901940838,1.2219932420462867,183.0,-531.0,-3.1078926678069054,-0.04362307888372374,0.7990904076457035,-33.783629872245925,69.08633452967294,RECOVER
54.9,184.215660573246,-530.9677225832656,-3.0555872781504143,-2.0758925775933563,-0.0974754069823035,-0.17628624976078722,0.20144055406270198,182.99995113271981,-530.9980404839197,1.2160874223856413,183.0,-531.0,-3.115047550670476,-0.0594602725200617,0.798559445937298,-33.783629872245925,69.08633452967294,RECOVER
54.948,184.21015018542408,-530.9758653986657,-3.0717671641915376,-2.107668254479634,-0.10353892573995394,-0.17396075797028215,0.20244173101655394,183.0,-531.0,1.2103908254210733,183.0,-531.0,-3.12165182095196,-0.04988465676042253,0.7975582689834461,-41.066738697343084,73.34154984445075,RECOVER
55.0,184.20393257163903,-530.9846330090409,-3.0775987580589956,-2.13603330044845,-0.10914962528422016,-0.17208725482089052,0.2037833751106203,183.0,-531.0,1.2040306397532021,183.0,-531.0,-3.1288293503328983,-0.0512305922739027,0.7962166248893797,-41.066738697343084,73.34154984445075,RECOVER
55.048,184.197998034276,-530.9926743392031,-3.092483758390455,-2.161065330993396,-0.11421992470685108,-0.17049141473295315,0.20521577351091355,183.0,-531.0,1.1980204319773788,183.0,-531.0,-3.135477810925792,-0.04299405253533717,0.7947842264890864,-17.688426204190687,51.97905788250576,RECOVER
55.1,184.19137558966352,-531.0012369028732,-3.093652513952025,-2.185101646804737,-0.1188170974895735,-0.16845205966380114,0.2061397561384597,183.0,-531.0,1.1913762317483185,183.0,-531.0,3.1405544399151926,-0.04897835331236866,0.7938602438615403,-17.688426204190687,51.97905788250576,RECOVER
55.148,184.18510581756627,-531.0089896924468,-3.0991744325683217,-2.2082168439065115,-0.12294820157737281,-0.16602459608897696,0.2065924170380371,183.0,-531.0,1.185139913005928,183.0,-531.0,3.134007238097784,-0.05000363651348039,0.7934075829619629,-22.964752889777266,56.92146979887611,RECOVER
55.2,184.1781724535069,-531.0172448005285,-3.1056570660707856,-2.22967369177135,-0.1265832045017816,-0.16347921493080533,0.20675773595281097,183.0,-531.0,1.1782986520181304,183.0,-531.0,3.126956791808909,-0.050571449299891214,0.793242264047189,-22.964752889777266,56.92146979887611,RECOVER
55.248,184.17165990266642,-531.0247319169803,-3.1209679108860633,-2.2496268765517806,-0.12976643280468733,-0.16085504716595783,0.20667286537331395,183.0,-531.0,1.1719208997341943,183.0,-531.0,3.1204873442174352,-0.04173005207608771,0.793327134626686,-28.576740431225673,62.82934984743764,RECOVER
55.3,184.1644918886888,-531.0327281463932,-3.1203234349705853,-2.2678180888878354,-0.13259442924942536,-0.15837655555255747,0.20655366376966833,183.0,-531.0,1.1649517116122503,183.0,-531.0,3.113494962643132,-0.049366909565868866,0.7934463362303317,-28.576740431225673,62.82934984743764,RECOVER
55.348,184.15777032967836,-531.0400075057267,-3.1254533484747733,-2.2848044723571594,-0.13519774679650787,-0.15602342291630916,0.20645033116314956,183.0,-531.0,1.1584613661223264,183.0,-531.0,3.107050748451503,-0.05068121025330985,0.7935496688368504,-23.758930324038097,59.68482994362984,RECOVER
55.4,184.15036023301337,-531.0477745210225,-3.1315357015675125,-2.3015597114078767,-0.13775418604742856,-0.15369321246289738,0.20639239164938925,183.0,-531.0,1.1513518448143936,183.0,-531.0,3.100086452534186,-0.05156315307788795,0.7936076083506107,-23.758930324038097,59.68482994362984,RECOVER
55.444,184.14338448785352,-531.0548466469002,3.137748062468787,-2.318308690627064,-0.14040502938805974,-0.1514681726257659,0.20653372508152448,183.0,-531.0,1.1446991926878678,183.0,-531.0,3.0936607127700024,-0.04408734969878436,0.7934662749184755,-29.606350704884882,65.31648155109147,RECOVER
55.5,184.13566401593076,-531.0624198123919,3.1377685242649074,-2.3350138533551545,-0.14322798396701436,-0.14942754147813586,0.20698513362909746,183.0,-531.0,1.137378120969019,183.0,-531.0,3.0866846268727883,-0.05108389739211905,0.7930148663709026,-29.606350704884882,65.31648155109147,RECOVER
55.548,184.12837102117064,-531.0693427050247,3.1328760468915293,-2.3516653435546924,-0.1462762763711064,-0.14760732740839644,0.20780922052124118,183.0,-531.0,1.1304997002024417,183.0,-531.0,3.080216024420562,-0.05266002247096724,0.7921907794787588,-26.562242632705086,61.83767868936828,RECOVER
55.6,184.12027668420498,-531.0767573087135,3.1181615883063367,-2.3687523978701717,-0.1495606938331296,-0.14585074918200513,0.20890390656184316,183.0,-531.0,1.122903171967308,183.0,-531.0,3.073183184111838,-0.04497840419449872,0.7910960934381568,-26.562242632705086,61.83767868936828,RECOVER
55.648,184.1126189237503,-531.0835090137543,3.1282309541888482,-2.386540369364288,-0.15305228764032242,-0.14403416955797593,0.2101686102922883,183.0,-531.0,1.1157484594950045,183.0,-531.0,3.066676862117827,-0.06155409207102114,0.7898313897077117,-15.748511016561505,50.4721644666776,RECOVER
55.7,184.10412131496415,-531.0906923665686,3.1136968598410006,-2.405401929923088,-0.15667943071909876,-0.1419717003089941,0.21143416871236234,183.0,-531.0,1.1078397824198125,183.0,-531.0,3.0596367840047543,-0.05406007583624639,0.7885658312876377,-15.748511016561505,50.4721644666776,RECOVER
55.744,184.09609701545438,-531.0971863060524,3.1090685718894844,-2.4251513465337324,-0.1603521472261644,-0.13963324727014828,0.21262703229657295,183.0,-531.0,1.1003971307542146,183.0,-531.0,3.0531581275996,-0.05591044428988434,0.787372967703427,-42.52335292247717,72.80088906280913,RECOVER
55.8,184.08723367598714,-531.1041612201981,3.1035540716243744,-2.4427757321070205,-0.16388598826496842,-0.13770814824435515,0.21406109231356046,183.0,-531.0,1.092211804547842,183.0,-531.0,3.0460802639970983,-0.05747380762727605,0.7859389076864396,-42.52335292247717,72.80088906280913,RECOVER
55.848,184.07891990346033,-531.1105642371608,3.0900516726581144,-2.4578654099294566,-0.16714715038017697,-0.1361989617121111,0.21561151882882,183.0,-531.0,1.0845702414421132,183.0,-531.0,3.0394723501827126,-0.05057932247540187,0.78438848117118,-39.18568246305364,69.07381303339945,RECOVER
55.9,184.0697903076025,-531.1174386423437,3.084428969612242,-2.4714445642752145,-0.17009485063644195,-0.13479935999767143,0.21703254518347084,183.0,-531.0,1.07621704918467,183.0,-531.0,3.0322532151183825,-0.05217575449385947,0.7829674548165292,-39.18568246305364,69.07381303339945,RECOVER
55.948,184.06126717729586,-531.1237322980814,3.0857911013345065,-2.4835101221105607,-0.17270947806618067,-0.13351082375291,0.21829728324711956,183.0,-531.0,1.068455756310967,183.0,-531.0,3.025527447400167,-0.06026365393433952,0.7817027167528805,-24.367015839415203,56.058714956583984,RECOVER
56.0,184.0519423393544,-531.1304567095247,3.0801598941292045,-2.4952668512919094,-0.17502449304123235,-0.13204249707632476,0.21924596734829954,183.0,-531.0,1.0600007728235066,183.0,-531.0,3.0182075472943843,-0.061952346834820204,0.7807540326517004,-24.367015839415203,56.058714956583984,RECOVER
56.048,184.04325846365023,-531.1365674097408,3.081630203733663,-2.5069301622574507,-0.17708584748643677,-0.13038481217563525,0.21990815497853922,183.0,-531.0,1.0521591511654276,183.0,-531.0,3.011428112933701,-0.07020209079996187,0.7800918450214608,-50.21658535821332,80.2082566246571,RECOVER
56.1,184.0337761027334,-531.1431855782499,3.0760787153690523,-2.5158552696643417,-0.1789293839601665,-0.12929549287949565,0.22075563169105425,183.0,-531.0,1.0436451218692344,183.0,-531.0,3.0039609773321962,-0.07211773803685606,0.7792443683089457,-50.21658535821332,80.2082566246571,RECOVER
56.148,184.0249592779892,-531.1493015545616,3.0624381073189517,-2.5226555248196356,-0.18059344666724036,-0.1286377309775396,0.22172428556701507,183.0,-531.0,1.0357762672173332,183.0,-531.0,2.9969441642928354,-0.06549394302611633,0.7782757144329849,-58.7201648797853,89.16041991524139,RECOVER
56.2,184.0153305167531,-531.1559556978849,3.062700192593627,-2.527684755464305,-0.1821947101921746,-0.1284020282731112,0.22289457886332573,183.0,-531.0,1.0272381602884877,183.0,-531.0,2.9891829011756896,-0.07351729141793717,0.7771054211366742,-58.7201648797853,89.16041991524139,RECOVER
56.248,184.0063619684443,-531.1621211879195,3.0426954517183225,-2.5318076021698603,-0.18382222637648699,-0.12841801654661983,0.22423603163581082,183.0,-531.0,1.0193368879342803,183.0,-531.0,2.9818686409466815,-0.06082681077164098,0.7757639683641891,-49.096460216530694,81.60037871677412,RECOVER
56.3,183.99654381436665,-531.1687727892438,3.042635298896238,-2.536879667537659,-0.1855681765136068,-0.1282421042841042,0.22556946922356355,183.0,-531.0,1.010734301555833,183.0,-531.0,2.9738264109573698,-0.06880888793886841,0.7744305307764364,-49.096460216530694,81.60037871677412,RECOVER
56.348,183.98736880956537,-531.1748908233643,3.0375204541480167,-2.542761705046412,-0.18752039140983034,-0.12796803324667794,0.22702359949467554,183.0,-531.0,1.0027382341366946,183.0,-531.0,2.9662828113790036,-0.07123764276901312,0.7729764005053245,-38.07302362988885,71.7124392179759,RECOVER
56.4,183.97729496253558,-531.1814581518901,3.0313486882392957,-2.550238462255333,-0.18969299403995643,-0.12738239437989088,0.2284944340367988,183.0,-531.0,0.9939982417915947,183.0,-531.0,2.9580093820502604,-0.07333930618903528,0.7715055659632012,-38.07302362988885,71.7124392179759,RECOVER
56.448,183.96785968742398,-531.1874661695498,3.0322203855931633,-2.5588673193450107,-0.19209932714804612,-0.12660701844908098,0.23006844331915227,183.0,-531.0,0.9858478276418319,183.0,-531.0,2.9502702773332254,-0.08195010825993787,0.7699315566808478,-53.56542989700804,84.74080979745736,RECOVER
56.5,183.95748427340678,-531.193988776258,3.0260325495233786,-2.566509968179363,-0.19469908006972114,-0.1261967225281667,0.2320201382571064,183.0,-531.0,0.9769379607402895,183.0,-531.0,2.9416958779110147,-0.08433667161236391,0.7679798617428936,-53.56542989700804,84.74080979745736,RECOVER
56.548,183.94776967266506,-531.2000117696084,3.011665959263569,-2.5736611089197168,-0.19739003245366624,-0.12594552948975896,0.23414760581845623,183.0,-531.0,0.9686444447812228,183.0,-531.0,2.9336101930404697,-0.07805576622309918,0.7658523941815438,-71.18177451730155,99.72174100682541,RECOVER
56.6,183.9371016185767,-531.206585558391,3.0052564420909675,-2.5792507406679515,-0.20010773130506715,-0.12611124943576937,0.23653150183920912,183.0,-531.0,0.9596025408859511,183.0,-531.0,2.9246116304947005,-0.08064481159626702,0.7634684981607909,-71.18177451730155,99.72174100682541,RECOVER
56.648,183.92713389949853,-531.21269246666,2.9905330555834446,-2.5837658922994162,-0.20275131029322185,-0.12650185159452831,0.23897868583298887,183.0,-531.0,0.9512178262486735,183.0,-531.0,2.916086048688919,-0.07444700689452555,0.7610213141670111,-50.950366385253275,81.31481799104752,RECOVER
56.7,183.91622081318613,-531.2192538033306,2.9838053788429826,-2.5896324282125094,-0.2052418172548215,-0.1263890465119252,0.24103608573874397,183.0,-531.0,0.9420895970078389,183.0,-531.0,2.9067074212304744,-0.07709795761250815,0.7589639142612561,-50.950366385253275,81.31481799104752,RECOVER
56.748,183.90604687807115,-531.225260192111,2.9829468475121885,-2.5962495409262307,-0.20759212476235261,-0.12594946508988525,0.24281218672005817,183.0,-531.0,0.9336289945221149,183.0,-531.0,2.8979144645021475,-0.08503238301004101,0.7571878132799419,-48.324939414125325,79.0675260332021,RECOVER
56.8,183.89492681164242,-531.2317159121372,2.977300709197992,-2.6031023698589264,-0.20978148205814212,-0.125319114023397,0.24436274379315637,183.0,-531.0,0.9244383495582954,183.0,-531.0,2.8882349445890534,-0.08906576460893856,0.7556372562068436,-48.324939414125325,79.0675260332021,RECOVER
56.848,183.88457892821597,-531.2376348703561,2.977554711075359,-2.609792743699233,-0.21181127998897198,-0.12461649446134646,0.24575046087932667,183.0,-531.0,0.9159422535579967,183.0,-531.0,2.879147171537365,-0.0984075395379942,0.7542495391206734,-76.95053926399484,105.07542796727643,RECOVER
56.9,183.87327664227578,-531.2441167366595,2.9706957676551022,-2.613724424928128,-0.2137504104364152,-0.12462866767259034,0.24742987444441894,183.0,-531.0,0.9067552454007424,183.0,-531.0,2.8690095140888396,-0.1016862535662626,0.752570125555581,-76.95053926399484,105.07542796727643,RECOVER
56.948,183.86276755231478,-531.2501698550684,2.9554345380899973,-2.6156015807462634,-0.2155665477493266,-0.12514595571864168,0.2492597976836516,183.0,-531.0,0.898305519137104,183.0,-531.0,2.8593702305546547,-0.09606430753534267,0.7507402023163484,-87.93266222327077,116.21865105251169,RECOVER
57.0,183.85129660096885,-531.2568124304536,2.9481688769667445,-2.6159913160703336,-0.2173265824038823,-0.12605451323269662,0.25123810165992644,183.0,-531.0,0.8891898150882035,183.0,-531.0,2.848602532376882,-0.09956634458986224,0.7487618983400736,-87.93266222327077,116.21865105251169,RECOVER
57.048,183.8406226849829,-531.2630300841005,2.946401536409665,-2.6153308377640156,-0.21909291596015618,-0.12727249144322758,0.25337717517979097,183.0,-531.0,0.8808128766371137,183.0,-531.0,2.838344230915002,-0.10805730549466297,0.746622824820209,-67.96069877660318,100.04413744531095,RECOVER
57.1,183.82895970211095,-531.2697852468917,2.9304235290200804,-2.6157851919387523,-0.22091124162754222,-0.12819456130228615,0.2554126508709151,183.0,-531.0,0.8717558529567244,183.0,-531.0,2.8269534585956526,-0.1034700704244278,0.7445873491290849,-67.96069877660318,100.04413744531095,RECOVER
57.148,183.8180904538705,-531.2760079240131,2.922640488108586,-2.617861834765825,-0.22284724214453985,-0.12870015219002603,0.257341451198914,183.0,-531.0,0.8633958332260309,183.0,-531.0,2.8162039093588933,-0.10643657874969259,0.742658548801086,-78.32704770507092,110.10096536158889,RECOVER
57.2,183.80619019742434,-531.282760565857,2.916072459720659,-2.620560102983269,-0.22494858731998732,-0.12910557287238617,0.2593648316251935,183.0,-531.0,0.8543396116456554,183.0,-531.0,2.8042615976939462,-0.11181086202671287,0.7406351683748065,-78.32704770507092,110.10096536158889,RECOVER
57.248,183.7950807751133,-531.2890105181557,2.8983811342606307,-2.6236098196930198,-0.22722278610941624,-0.12949119121196906,0.26153042486261563,183.0,-531.0,0.8459790296215229,183.0,-531.0,2.792943585897328,-0.10543754836330255,0.7384695751373844,-90.93840854107421,121.42736952309204,RECOVER
57.3,183.78289904554651,-531.2958336623201,2.897144885284416,-2.6262473627263714,-0.22968722151673404,-0.13009428308662785,0.2639711011074904,183.0,-531.0,0.8369279964724335,183.0,-531.0,2.780308643256166,-0.11683624202825005,0.7360288988925097,-90.93840854107421,121.42736952309204,RECOVER
57.344,183.7715141267035,-531.3021899943893,2.8901459745346076,-2.6284377304861324,-0.23231172721623428,-0.1309095386777826,0.2666571692623694,183.0,-531.0,0.8285848420120138,183.0,-531.0,2.7682754481037404,-0.12187052643086727,0.7333428307376306,-91.40017169483886,122.12359616293841,RECOVER
57.4,183.7590255757186,-531.3091313573038,2.881584458588645,-2.6305273578456205,-0.23506017739659704,-0.1318119120651955,0.2694952080464558,183.0,-531.0,0.8195620907920647,183.0,-531.0,2.754831385937606,-0.12675307265103886,0.7305047919535441,-91.40017169483886,122.12359616293841,RECOVER
57.448,183.74735436752306,-531.3155864615662,2.8644317052227786,-2.6326196470806025,-0.23789167506690895,-0.13274621142227436,0.2724224765196641,183.0,-531.0,0.811254192827182,183.0,-531.0,2.742035324886683,-0.12239638033609568,0.7275775234803359,-105.7757322554129,135.30504757812122,RECOVER
57.5,183.73455875070957,-531.3226440327884,2.8554910276750864,-2.634380731217308,-0.24075393273045353,-0.1337879206505728,0.2754299617637553,183.0,-531.0,0.8022940421927333,183.0,-531.0,2.727726741087733,-0.1277642865873534,0.7245700382362448,-105.7757322554129,135.30504757812122,RECOVER
57.548,183.72260984628738,-531.3292336603835,2.8532447168136907,-2.635534656384878,-0.243617484353214,-0.13501151630363525,0.2785275358329859,183.0,-531.0,0.7940779515141894,183.0,-531.0,2.7140770791580238,-0.13916763765566698,0.721472464167014,-95.7528585565704,127.51970858093523,RECOVER
57.6,183.7095236878529,-531.3364140764783,2.843867932706858,-2.637037516869118,-0.24643127736933002,-0.13608720931234775,0.2815103959080418,183.0,-531.0,0.7852377311853483,183.0,-531.0,2.698845641066306,-0.1450222916405517,0.7184896040919582,-95.7528585565704,127.51970858093523,RECOVER
57.648,183.6973224940335,-531.3430480311706,2.8412659050482443,-2.6393714468893568,-0.24914736855657607,-0.13682927235138984,0.28424753478416864,183.0,-531.0,0.7771361607692264,183.0,-531.0,2.684405492654465,-0.15686041239377913,0.7157524652158314,-129.76364777672882,158.53005495185323,RECOVER
57.7,183.68396469822216,-531.3503196855626,2.8315314276251016,-2.640692932354948,-0.2518540305996734,-0.13788285466657502,0.2871273834734421,183.0,-531.0,0.7684605328231112,183.0,-531.0,2.6682408930470354,-0.1632905345780662,0.712872616526558,-129.76364777672882,158.53005495185323,RECOVER
57.748,183.67150160785286,-531.3571505951924,2.8128846243886136,-2.6405227078085423,-0.2545818204992375,-0.13943257158388997,0.29026426811993683,183.0,-531.0,0.7605727821814543,183.0,-531.0,2.652776413020963,-0.16010821136765063,0.7097357318800632,-145.87617025885208,174.68400757033123,RECOVER
57.8,183.6578446859954,-531.3647036957321,2.802445912158844,-2.6390493364456384,-0.2573997727497213,-0.1414693482395909,0.2937145204155607,183.0,-531.0,0.752175788345432,183.0,-531.0,2.6353838779192356,-0.16706203423960853,0.7062854795844393,-145.87617025885208,174.68400757033123,RECOVER
57.848,183.6450830058594,-531.3718351454497,2.7966109328896094,-2.6365253814944047,-0.260363769945715,-0.14395523054639256,0.29751033780695796,183.0,-531.0,0.7445760269040382,183.0,-531.0,2.6186960507373596,-0.17791488215224982,0.7024896621930421,-130.4365561829606,164.28167658238908,RECOVER
57.9,183.63108384441475,-531.3796769470977,2.776703599936833,-2.6345384829724714,-0.263461575572899,-0.14635225710091765,0.301381792684773,183.0,-531.0,0.7364926359704477,183.0,-531.0,2.5999778431575766,-0.1767257567792564,0.698618207315227,-130.4365561829606,164.28167658238908,RECOVER
57.948,183.61798991783886,-531.3869812711787,2.767161575400647,-2.6338977709152216,-0.266726572071587,-0.14838966353969374,0.30522541914867285,183.0,-531.0,0.7291543340017563,183.0,-531.0,2.5821355495702987,-0.18502602583034822,0.6947745808513272,-130.4365561829606,164.28167658238908,BRAKE
58.0,183.60384125150765,-531.3947062961216,2.755820742374907,-2.6367034306884802,-0.2686036798450569,-0.14844864149368409,0.30689564348101483,183.0,-531.0,0.7213995544913878,183.0,-531.0,2.562649468212999,-0.19317127416190782,0.6931043565189852,0.0,0.0,BRAKE
58.048,183.59104227701565,-531.4014316338421,2.752119548247464,-2.6439928078949966,-0.2679182475701173,-0.14553053784930461,0.3048923167738907,183.0,-531.0,0.7144776622603204,183.0,-531.0,2.544968201239951,-0.20715134700751303,0.6951076832261093,-85.94891416876565,-85.94891416876565,BRAKE
58.1,183.57797945227156,-531.4088651525308,2.7321261830863506,-2.637315659111685,-0.2620697197749783,-0.14462814846820132,0.2993289818114439,183.0,-531.0,0.7079766664249282,183.0,-531.0,2.5259146237678847,-0.2062115593184659,0.700671018188556,-85.94891416876565,-85.94891416876565,BRAKE
58.148,183.56729701276535,-531.4157413839532,2.7245179365214325,-2.6154984313676093,-0.24823810591986173,-0.14414748395961077,0.2870551416758925,183.0,-531.0,0.7033255284886426,183.0,-531.0,2.5091607569393792,-0.21535717958205325,0.7129448583241075,-71.8562540965776,-71.8562540965776,BRAKE
58.2,183.55720541631138,-531.4231525562062,2.7159211268637096,-2.5821175355022854,-0.2292789757496666,-0.1435787547381744,0.2705248741483508,183.0,-531.0,0.6996684656253926,183.0,-531.0,2.4920903876956366,-0.22383073916807295,0.7294751258516492,-71.8562540965776,-71.8562540965776,BRAKE
58.248,183.5492502153731,-531.4300009545798,2.699421295514248,-2.5362817327622764,-0.2070380077456085,-0.14326242872038397,0.25177144423888453,183.0,-531.0,0.6975504426397507,183.0,-531.0,2.4773738054475873,-0.22204749006666047,0.7482285557611155,-34.50867708302801,-34.50867708302801,BRAKE
58.3,183.54192390643092,-531.4373422481704,2.6978939184180746,-2.4822106578308,-0.18388639983770433,-0.14253313168170717,0.23265833677791764,183.0,-531.0,0.6963833444275151,183.0,-531.0,2.462587179231235,-0.23530673918683975,0.7673416632220824,-34.50867708302801,-34.50867708302801,BRAKE
58.348,183.53610194660973,-531.4442103351959,2.6920783379008446,-2.4192919218420923,-0.16197795025735434,-0.14272633682078004,0.21588808117136227,183.0,-531.0,0.6962241873517219,183.0,-531.0,2.449658464537225,-0.2424198733636196,0.7841119188286377,-3.7733685537055095,-3.7733685537055095,BRAKE
58.4,183.53060365117622,-531.4516532508609,2.6760864316945074,-2.3541772497464875,-0.14229342539283985,-0.14286866667886108,0.20164045930473176,183.0,-531.0,0.6968004690402726,183.0,-531.0,2.4363985991709267,-0.23968783252358072,0.7983595406952683,-3.7733685537055095,-3.7733685537055095,BRAKE
58.448,183.5259594929934,-531.4586739762524,2.6699819557330873,-2.2908208042061124,-0.12635437992179582,-0.1440574226542689,0.1916193370910467,183.0,-531.0,0.6978647467532956,183.0,-531.0,2.4244240148994987,-0.24555794083358862,0.8083806629089533,0.0,0.0,BRAKE
58.5,183.52128900491613,-531.4663651552396,2.680826875441441,-2.2338659113010975,-0.1135663243923078,-0.14540487560076484,0.18449901865444376,183.0,-531.0,0.6994559919452423,183.0,-531.0,2.411747677796319,-0.26907919764512167,0.8155009813455563,0.0,0.0,BRAKE
58.548,183.5171654798977,-531.4735102649133,2.6671120990460464,-2.1872506556659257,-0.10388548078104086,-0.14661292717810367,0.1796873493956654,183.0,-531.0,0.7011933432200484,183.0,-531.0,2.4002320990845636,-0.2668799999614828,0.8203126506043346,0.0,0.0,BRAKE
58.6,183.51282009815108,-531.4811288153529,2.662009578728445,-2.1543234495745622,-0.09677332426375443,-0.14657710754761033,0.17564146647668794,183.0,-531.0,0.7031851747801476,183.0,-531.0,2.3880679091974284,-0.2739416695310166,0.8243585335233121,0.0,0.0,BRAKE
58.648,183.5088674089671,-531.4878776178834,2.663896004757455,-2.1364374024255204,-0.09172435273803181,-0.14448513835768081,0.17114120512444994,183.0,-531.0,0.7049614244343464,183.0,-531.0,2.37724971362282,-0.28664629113463524,0.82885879487555,0.0,0.0,BRAKE
58.7,183.50461058846267,-531.4947135115157,2.6444629067450016,-2.1335917681647656,-0.08827250575180101,-0.13992616245710687,0.1654429394434057,183.0,-531.0,0.7066635015796452,183.0,-531.0,2.366097937314641,-0.2783649694303607,0.8345570605565943,0.0,0.0,BRAKE
58.748,183.50066936521682,-531.5005171271804,2.6477318583039455,-2.1444750017886225,-0.08611521490630093,-0.13327003648569036,0.15867177714784578,183.0,-531.0,0.7079457661908318,183.0,-531.0,2.3563465478123966,-0.2913853104915489,0.8413282228521543,0.0,0.0,BRAKE
58.8,183.4963525344156,-531.5062722264489,2.634923858711348,-2.1667964474822945,-0.08503048162045024,-0.12536176879231947,0.15147856574230129,183.0,-531.0,0.708997465224187,183.0,-531.0,2.3463010896162033,-0.2886227690951446,0.8485214342576988,0.0,0.0,BRAKE
58.848,183.49230101083788,-531.5111805136933,2.64756596391946,-2.1969185001518947,-0.08481217247412999,-0.11727474420504216,0.14472895435309288,183.0,-531.0,0.7096941614890903,183.0,-531.0,2.337382708116224,-0.3101832558032358,0.8552710456469071,0.0,0.0,BRAKE
58.9,183.4878229671743,-531.5162189718202,2.644047670533185,-2.229590556099979,-0.08526859061296686,-0.11014128266455553,0.13929046877699586,183.0,-531.0,0.7102487410547424,183.0,-531.0,2.32792033521154,-0.31612733532164494,0.8607095312230042,0.0,0.0,BRAKE
58.948,183.4836240086852,-531.5207465433757,2.6320409529133073,-2.2591301962965926,-0.08604198954810356,-0.10460537632424602,0.13544559321488867,183.0,-531.0,0.7106821682119945,183.0,-531.0,2.319250312662585,-0.31279064025072234,0.8645544067851113,0.0,0.0,BRAKE
59.0,183.47905516453616,-531.5256341367468,2.629447338271719,-2.2805718637513213,-0.08667912882486219,-0.1008907576855308,0.13301209103009223,183.0,-531.0,0.7111856975378101,183.0,-531.0,2.3098660950169085,-0.3195812432548104,0.8669879089699077,0.0,0.0,BRAKE
59.044,183.47489248242135,-531.5301824600677,2.6183569299683414,-2.2913070409996,-0.08669432415664861,-0.09874385004405968,0.1314011178129844,183.0,-531.0,0.7117698439972051,183.0,-531.0,2.3012390796715674,-0.317117850296774,0.8685988821870156,0.0,0.0,BRAKE
59.1,183.47055118604803,-531.5351307193278,2.6155739846517183,-2.291184756258013,-0.08557157475305473,-0.09748909370174494,0.12971745370806984,183.0,-531.0,0.7125891561478072,183.0,-531.0,2.292067864448121,-0.32350612020359737,0.8702825462919301,0.0,0.0,BRAKE
59.144,183.46678995098006,-531.5396707824673,2.6206442247438013,-2.281548672055609,-0.08304719596009502,-0.0964725379652029,0.12729409781400683,183.0,-531.0,0.7135386547236346,183.0,-531.0,2.2839076722562,-0.33673655248760115,0.8727059021859932,0.0,0.0,BRAKE
59.2,183.463060825443,-531.5444869919756,2.618175129798658,-2.264358428408423,-0.07908056079660328,-0.09512394444520726,0.12370246522491031,183.0,-531.0,0.7147666839540258,183.0,-531.0,2.2755535668537292,-0.34262156294492874,0.8762975347750896,0.0,0.0,BRAKE
59.248,183.45997040470752,-531.5487836389589,2.6235760994369945,-2.2416534710236498,-0.07393668238063435,-0.09316028147537356,0.1189347343967507,183.0,-531.0,0.7160560422171819,183.0,-531.0,2.2683784183544144,-0.3551976810825801,0.8810652656032493,0.0,0.0,BRAKE
59.3,183.4569777592535,-531.5532654229518,2.6213843761701057,-2.215436650353373,-0.06820164948789513,-0.09072003675736516,0.11349709274746816,183.0,-531.0,0.717587138044121,183.0,-531.0,2.2611701663079473,-0.36021420986215835,0.8865029072525319,0.0,0.0,BRAKE
59.348,183.4544806889533,-531.5572578773682,2.6112049722009654,-2.188219656784203,-0.06253887643937966,-0.08807967067888478,0.10802379114436224,183.0,-531.0,0.7190890337923426,183.0,-531.0,2.2549570461949178,-0.3562479260060476,0.8919762088556378,0.0,0.0,BRAKE
59.4,183.4519564368813,-531.5614762591971,2.616718457259376,-2.16318293334361,-0.057640427862662866,-0.08564474055872126,0.10323488029518664,183.0,-531.0,0.7207775041442346,183.0,-531.0,2.2485440909586623,-0.36817436630071354,0.8967651197048133,0.0,0.0,BRAKE
59.448,183.44968709944436,-531.5653245196318,2.5992896264407532,-2.1437170829705585,-0.05401353025499875,-0.08372931369927009,0.09963964784742288,183.0,-531.0,0.7223643816686709,183.0,-531.0,2.24275640059512,-0.3565332258456331,0.9003603521525771,0.0,0.0,BRAKE
59.5,183.44720093586477,-531.5694699860829,2.5975344984251754,-2.1327835862283595,-0.05184258798991334,-0.08232623194129758,0.0972895800954256,183.0,-531.0,0.7240750942323775,183.0,-531.0,2.2365051856925318,-0.3610293127326436,0.9027104199045743,0.0,0.0,BRAKE
59.548,183.44482277484173,-531.5732769298211,2.603701602487178,-2.1315521720355406,-0.0510384396531518,-0.0812710155191201,0.0959682253964169,183.0,-531.0,0.725612664775755,183.0,-531.0,2.2306871638670263,-0.3730144386201517,0.9040317746035831,0.0,0.0,BRAKE
59.6,183.44214069131505,-531.5773392602683,2.6021386949908374,-2.1393964775325003,-0.05122747105027271,-0.08016876886702708,0.09513824305641416,183.0,-531.0,0.7271925552174825,183.0,-531.0,2.2243485835351486,-0.37779011145568875,0.9048617569435858,0.0,0.0,BRAKE
59.648,183.43959316487556,-531.5809696692695,2.608513478354138,-2.1542564177897447,-0.05187356980392599,-0.07858143206380384,0.09415895448336818,183.0,-531.0,0.7285381988725315,183.0,-531.0,2.218542565950094,-0.3899709124040438,0.9058410455166318,0.0,0.0,BRAKE
59.7,183.43680418298996,-531.5847157997564,2.6071216395746353,-2.1734296250110425,-0.0524898138333284,-0.07629227065706792,0.09260502749996234,183.0,-531.0,0.7298564658631772,183.0,-531.0,2.2123982480629905,-0.3947233915116448,0.9073949725000376,0.0,0.0,BRAKE
59.748,183.43426105514885,-531.587960356441,2.5974931234273435,-2.194129541697704,-0.05266201949974221,-0.07324820175266289,0.09021411950349034,183.0,-531.0,0.7309446249650341,183.0,-531.0,2.206954310269761,-0.39053881315758243,0.9097858804965097,0.0,0.0,BRAKE
59.8,183.43159305647046,-531.5912453403857,2.5964533553070206,-2.2133480398076397,-0.05218799608707568,-0.06972179999775738,0.08709027689996116,183.0,-531.0,0.7320134007799067,183.0,-531.0,2.201356383618442,-0.3950969716885786,0.9129097231000388,0.0,0.0,BRAKE
59.844,183.42923851942473,-531.5941109234142,2.587166980824878,-2.2279781448097817,-0.05109069674839978,-0.06621404624756763,0.08363348142168885,183.0,-531.0,0.7329484946965784,183.0,-531.0,2.1964565746149893,-0.3907104062098887,0.9163665185783112,0.0,0.0,BRAKE
59.9,183.42682176685074,-531.597105911568,2.5937749371451146,-2.235004227160527,-0.04947555674987207,-0.06319770417285406,0.08026070351317253,183.0,-531.0,0.7339702243871871,183.0,-531.0,2.191397865795733,-0.4023770713493815,0.9197392964868275,0.0,0.0,BRAKE
59.948,183.42470794648278,-531.5998539152934,2.5928954656185184,-2.2322236461366725,-0.04757238540373812,-0.06111603487673557,0.07744870284295377,183.0,-531.0,0.7349840539075568,183.0,-531.0,2.1868838945774622,-0.4060115710410561,0.9225512971570462,0.0,0.0,BRAKE
60.0,183.422533137385,-531.6028862992547,2.591887656135241,-2.219158328153551,-0.04556018867066618,-0.06013569933274502,0.07544556399116524,183.0,-531.0,0.7362106641562722,183.0,-531.0,2.1820928385979808,-0.4097948175372603,0.9245544360088348,0.0,0.0,BRAKE
60.048,183.42062510751063,-531.6057667421893,2.598880143782682,-2.1976740762431373,-0.04352684046978891,-0.060091434297821884,0.07419950348386369,183.0,-531.0,0.7374814079086816,183.0,-531.0,2.1777324896662225,-0.4211476541164596,0.9258004965161363,0.0,0.0,BRAKE
60.1,183.4186566149032,-531.6089775134419,2.5897276348855205,-2.1711899365834073,-0.0415419157784624,-0.060670392647698676,0.07352977159335389,183.0,-531.0,0.7390040413151353,183.0,-531.0,2.1730664723049604,-0.4166611625805601,0.9264702284066462,0.0,0.0,BRAKE
60.148,183.41693381498186,-531.6119810328186,2.5890153412549046,-2.1436755023233935,-0.039564328015763234,-0.06133641734239498,0.07298967148672036,183.0,-531.0,0.7405096829920605,183.0,-531.0,2.168851506331687,-0.42016383492321774,0.9270103285132796,0.0,0.0,BRAKE
60.2,183.41517058687128,-531.61521249005,2.5960518839921125,-2.1185030753107976,-0.03758469472373961,-0.06161886417645475,0.07217682245619489,183.0,-531.0,0.7421947346327415,183.0,-531.0,2.164436725959712,-0.43161515803240036,0.927823177543805,0.0,0.0,BRAKE
60.248,183.41363107427435,-531.6181192476757,2.5793097769984143,-2.097993615677964,-0.03565566425641531,-0.061247369402367594,0.07087006880394774,183.0,-531.0,0.7437486604711095,183.0,-531.0,2.160534718032346,-0.41877505896606815,0.9291299311960523,0.0,0.0,BRAKE
60.3,183.41204694845237,-531.6211304377848,2.586450996666474,-2.0837477479497943,-0.033838567106906414,-0.06007841584571584,0.06895262630516237,183.0,-531.0,0.7453762194165207,183.0,-531.0,2.156521701202702,-0.4299292954637721,0.9310473736948376,0.0,0.0,BRAKE
60.348,183.41063341405433,-531.6237710986221,2.5857611236912708,-2.0767143329940945,-0.03230209027186326,-0.058305788905033316,0.06665575785909203,183.0,-531.0,0.7467999626500764,183.0,-531.0,2.152989714495823,-0.43277140919544754,0.9333442421409079,0.0,0.0,BRAKE
60.4,183.4091180767426,-531.6264945533721,2.576977856946522,-2.0773105196034094,-0.031195744428740287,-0.05622970822113686,0.06430361231764097,183.0,-531.0,0.7482466345547585,183.0,-531.0,2.149296792702758,-0.42768106424376384,0.9356963876823591,0.0,0.0,BRAKE
60.448,183.40770319927316,-531.6289102078113,2.5763489836426228,-2.0849666368932898,-0.030594048760038586,-0.054163457295647324,0.06220671929742823,183.0,-531.0,0.7494997986569238,183.0,-531.0,2.1459539456217014,-0.4303950380209214,0.9377932807025717,0.0,0.0,BRAKE
60.5,183.40612011437105,-531.6314727245417,2.592017103364932,-2.0980648796924353,-0.030541510842832825,-0.0524539560048132,0.060697622565614166,183.0,-531.0,0.7507938126655567,183.0,-531.0,2.1423280398807165,-0.44968906348421545,0.9393023774343858,0.0,0.0,BRAKE
60.548,183.40460475095722,-531.6338180056023,2.5833160952286947,-2.1138522908724666,-0.030901506940351868,-0.051196079136453874,0.059799177671023725,183.0,-531.0,0.7519509749463752,183.0,-531.0,2.138945973059358,-0.4443701221693366,0.9402008223289763,0.0,0.0,BRAKE
60.6,183.40291341117828,-531.6363584364124,2.582775577324008,-2.129176949935913,-0.031469997254119475,-0.05037650496812039,0.05939825738165511,183.0,-531.0,0.753187411273253,183.0,-531.0,2.1352383016819023,-0.44753727564210566,0.9406017426183448,0.0,0.0,BRAKE
60.648,183.40132851732196,-531.6387079409808,2.5902408444029614,-2.1414032882803657,-0.03201201591749672,-0.04987653237406896,0.059265821893934895,183.0,-531.0,0.7543291143047348,183.0,-531.0,2.131796944239778,-0.4584439001631835,0.9407341781060651,0.0,0.0,BRAKE
60.7,183.3996298317809,-531.6412345881558,2.5816108288634467,-2.148796294004693,-0.03224127071878239,-0.04942602510595175,0.05901213006946951,183.0,-531.0,0.7555698508388422,183.0,-531.0,2.1281141819268874,-0.45349664693655933,0.9409878699305305,0.0,0.0,BRAKE
60.748,183.39811280653373,-531.6435326132939,2.581149780473548,-2.1506766611207335,-0.032018468394577726,-0.04888334961743343,0.05843598367576952,183.0,-531.0,0.7567218981231326,183.0,-531.0,2.124806597791927,-0.4563431826816209,0.9415640163242305,0.0,0.0,BRAKE
60.8,183.39655697538203,-531.6459648117793,2.5807827236710477,-2.147023492644937,-0.03128394490064679,-0.04814474397994606,0.057416039409221326,183.0,-531.0,0.7579762349712793,183.0,-531.0,2.1213728468166626,-0.45940987685438506,0.9425839605907786,0.0,0.0,BRAKE
60.844,183.3952184568211,-531.6481461628398,2.5884535080252276,-2.1384053983926283,-0.030094595358750025,-0.04719976840290287,0.05597769919436281,183.0,-531.0,0.7591383780418495,183.0,-531.0,2.1183668651132526,-0.470086642911975,0.9440223008056372,0.0,0.0,BRAKE
60.9,183.39386546662632,-531.6504562058974,2.588056806661822,-2.125896076905996,-0.02866815175580634,-0.046228216195767266,0.05439587206522698,183.0,-531.0,0.7604099431170076,183.0,-531.0,2.11526614589379,-0.4727906607680321,0.945604127934773,0.0,0.0,BRAKE
60.948,183.3926893244484,-531.6525550261921,2.5795053129347396,-2.111199488286222,-0.02721033535521027,-0.04535223850936998,0.05288882573808751,183.0,-531.0,0.7615989546633511,183.0,-531.0,2.112517728588125,-0.4669875843466147,0.9471111742619125,0.0,0.0,BRAKE
61.0,183.3914613846417,-531.6548197106165,2.5791391312404643,-2.0965963339064158,-0.025951697449132272,-0.04472202327226895,0.05170638225651321,183.0,-531.0,0.7629094763321964,183.0,-531.0,2.109608042355662,-0.46953108888480255,0.9482936177434867,0.0,0.0,BRAKE
61.044,183.39033711760783,-531.6569256069316,2.5706071702569973,-2.0845087960970634,-0.025066383797260637,-0.04442480909145675,0.051008697880694315,183.0,-531.0,0.7641428651926733,183.0,-531.0,2.1069311185724686,-0.46367605168452863,0.9489913021193057,0.0,0.0,BRAKE
61.096,183.38910613413876,-531.6592239952124,2.570268066388691,-2.076893506784113,-0.024578615125429033,-0.04434604703016304,0.05070187579059971,183.0,-531.0,0.7654932132215321,183.0,-531.0,2.1040149302061857,-0.4662531361825053,0.9492981242094003,0.0,0.0,BRAKE
61.148,183.3879412435454,-531.6613559299144,2.5780843566970226,-2.0747883665506146,-0.02447009374132946,-0.04437028777163459,0.050670582438404214,183.0,-531.0,0.7667399001464,183.0,-531.0,2.1012932031353686,-0.476791153561654,0.9493294175615958,0.0,0.0,BRAKE
61.2,183.38664637638692,-531.6636502025776,2.5777810365470475,-2.0782295033307103,-0.024621012960177453,-0.04428290690016487,0.05066724901466326,183.0,-531.0,0.7680670620163731,183.0,-531.0,2.09832768963494,-0.4794533469121074,0.9493327509853368,0.0,0.0,BRAKE
61.244,183.38543076309654,-531.6657192977972,2.5692397644312654,-2.086470382541514,-0.024867505333166312,-0.0438710421276877,0.050428773124719224,183.0,-531.0,0.7692457712595834,183.0,-531.0,2.095608217377747,-0.4736315470535186,0.9495712268752807,0.0,0.0,BRAKE
61.3,183.38409986239233,-531.6678849153038,2.5771230864267825,-2.086470382541514,-0.02512186397562316,-0.04309244906236022,0.049880529425837324,183.0,-531.0,0.7704563351548308,183.0,-531.0,2.0927049094638246,-0.48441817696295786,0.9501194705741627,0.0,0.0,BRAKE
61.348,183.38287105963457,-531.6697943513976,2.576860734771513,-2.086470382541514,-0.025289231692860605,-0.04193306340780349,0.048968633290894015,183.0,-531.0,0.7715016017286446,183.0,-531.0,2.090090351850646,-0.48677038292086694,0.9510313667091059,0.0,0.0,HOLD
61.4,183.38154491742125,-531.6717678427127,2.5847870852414854,-2.086470382541514,-0.025363957805367675,-0.04053960583583124,0.04782039310667609,183.0,-531.0,0.7725597442999989,183.0,-531.0,2.087332379299739,-0.49745470594174623,0.9521796068933239,0.0,0.0,HOLD
61.444,183.38032203904794,-531.6735234957515,2.5681834972133326,-2.086470382541514,-0.025403394045556353,-0.039152380534534056,0.04667163303929668,183.0,-531.0,0.7734848109141622,183.0,-531.0,2.0848366561036,-0.4833468411097326,0.9533283669607033,0.0,0.0,HOLD
61.5,183.3789981020661,-531.6753772604847,2.5679455074143975,-2.086470382541514,-0.025423320430415043,-0.03792630997436024,0.04565906492668039,183.0,-531.0,0.774450776582646,183.0,-531.0,2.082171108412036,-0.4857743990023615,0.9543409350733196,0.0,0.0,HOLD
61.548,183.3777694756952,-531.6770763658835,2.5758780786911917,-2.086470382541514,-0.02548389223426997,-0.03704141168343046,0.04496103805417824,183.0,-531.0,0.7753335940129679,183.0,-531.0,2.0797167381812227,-0.49616134050996896,0.9550389619458217,0.0,0.0,HOLD
61.6,183.37643036785977,-531.6789263544586,2.575702460914942,-2.086470382541514,-0.02557775576770048,-0.03652876377232722,0.04459340952255861,183.0,-531.0,0.7762994374759152,183.0,-531.0,2.0770492297833267,-0.4986532311316152,0.9554065904774414,0.0,0.0,HOLD
61.648,183.37519378825985,-531.6806454406025,2.5672187153647514,-2.086470382541514,-0.02564226749841246,-0.036278699584671725,0.044426005064770346,183.0,-531.0,0.7772056320959696,183.0,-531.0,2.074585190219177,-0.49263352514557424,0.9555739949352297,0.0,0.0,HOLD
61.7,183.37385916365685,-531.682519254499,2.5835207101701183,-2.086470382541514,-0.02565052408649463,-0.036193363648847905,0.044361119892644574,183.0,-531.0,0.7782051188549369,183.0,-531.0,2.071920865294452,-0.5115998448756662,0.9556388801073554,0.0,0.0,HOLD
61.748,183.37264533400955,-531.684237893293,2.5750832087897675,-2.086470382541514,-0.02552368183443944,-0.036057427578334626,0.04417687650742796,183.0,-531.0,0.7791315932351556,183.0,-531.0,2.0694947829684986,-0.5055884258212688,0.955823123492572,0.0,0.0,HOLD
61.8,183.3713595867646,-531.6860647407286,2.5749038438732357,-2.086470382541514,-0.025244461187143637,-0.035733416434825166,0.043751112794234555,183.0,-531.0,0.7801235614651175,183.0,-531.0,2.0669273655369302,-0.5079764783363054,0.9562488872057654,0.0,0.0,HOLD
61.844,183.37020035241605,-531.6877052091013,2.566464606861852,-2.086470382541514,-0.02486165022991588,-0.03518846923335839,0.04308514847533528,183.0,-531.0,0.7810164886569447,183.0,-531.0,2.0646221969339025,-0.5018424099279497,0.9569148515246647,0.0,0.0,HOLD
61.9,183.36897442721644,-531.6894149903704,2.566293293869916,-2.086470382541514,-0.024411492262175562,-0.034380648159368137,0.042165743469367654,183.0,-531.0,0.7819431928773168,183.0,-531.0,2.062205277384743,-0.5040880164851731,0.9578342565306324,0.0,0.0,HOLD
61.948,183.36785705746325,-531.6909350848197,2.5743806035717363,-2.086470382541514,-0.024014957754081908,-0.03343144332924988,0.04116284245538912,183.0,-531.0,0.7827580125174638,183.0,-531.0,2.0600303570578236,-0.5143502465139127,0.9588371575446109,0.0,0.0,HOLD
62.0,183.3666460832269,-531.6925268657508,2.574227740595407,-2.086470382541514,-0.023760510669484262,-0.03244434827723726,0.04021439546243787,183.0,-531.0,0.7835960758785239,183.0,-531.0,2.05771158904229,-0.5165161515531169,0.9597856045375621,0.0,0.0,HOLD
62.048,183.36551605079407,-531.6939522930987,2.582345668331248,-2.086470382541514,-0.023684151757854446,-0.03148256745903289,0.0393965873941086,183.0,-531.0,0.78432886500822,183.0,-531.0,2.055587911071485,-0.5267577572597628,0.9606034126058914,0.0,0.0,HOLD
62.1,183.3642624083342,-531.6954667588357,2.5822102132749305,-2.086470382541514,-0.023832676737803052,-0.030657188231567108,0.03883116880489635,183.0,-531.0,0.7850866925192559,183.0,-531.0,2.0532761067402197,-0.5289341065347108,0.9611688311951037,0.0,0.0,HOLD
62.148,183.36307657199663,-531.6968380726527,2.573778984215688,-2.086470382541514,-0.024137963174452243,-0.029926335599500517,0.03844771551893746,183.0,-531.0,0.7857530761194051,183.0,-531.0,2.0511294661467487,-0.5226495180689392,0.9615522844810626,0.0,0.0,HOLD
62.196,183.3617642860405,-531.6982936724254,2.573648235899695,-2.086470382541514,-0.024522369998802807,-0.029249424302252178,0.03816903787589313,183.0,-531.0,0.786439731704689,183.0,-531.0,2.04879440297827,-0.524853832921425,0.9618309621241069,0.0,0.0,HOLD
62.248,183.3605341971614,-531.6996070728702,2.5817948716532824,-2.086470382541514,-0.02490893857607889,-0.028589004039905934,0.03791815360721865,183.0,-531.0,0.7870419072278397,183.0,-531.0,2.046639007676833,-0.5351558639764495,0.9620818463927814,0.0,0.0,HOLD
62.3,183.359200074035,-531.7009797103161,2.5650831883336735,-2.086470382541514,-0.025170484963763715,-0.027821758511878993,0.03751804312599961,183.0,-531.0,0.7876529993985998,183.0,-531.0,2.0443350726835177,-0.5207481156501559,0.9624819568740004,0.0,0.0,HOLD
62.348,183.3579776623355,-531.7021957306148,2.57326490666674,-2.086470382541514,-0.025274233868644046,-0.026950957710527676,0.036947814809019014,183.0,-531.0,0.7881794534398987,183.0,-531.0,2.042251218790598,-0.531013687876142,0.963052185190981,0.0,0.0,HOLD
62.4,183.35667501200706,-531.7034520097594,2.5731520687279863,-2.086470382541514,-0.025196090763643753,-0.025973847523756324,0.0361867896470123,183.0,-531.0,0.7887089413876317,183.0,-531.0,2.0400563354396084,-0.5330957332883779,0.9638132103529877,0.0,0.0,HOLD
62.448,183.355500833023,-531.704551948061,2.5813599042787354,-2.086470382541514,-0.024939180755127806,-0.024903384339141202,0.03524402485925693,183.0,-531.0,0.7891604968550637,183.0,-531.0,2.0380989692189533,-0.5432609350597821,0.9647559751407431,0.0,0.0,HOLD
62.5,183.35425525769222,-531.7056928820199,2.581260503445048,-2.086470382541514,-0.02459414760188422,-0.023866563005590216,0.03427075905145777,183.0,-531.0,0.7896196751196842,183.0,-531.0,2.0360397477065346,-0.5452207557385136,0.9657292409485422,0.0,0.0,HOLD
62.544,183.35312825310234,-531.7067052634495,2.5728177472163773,-2.086470382541514,-0.024203937742399723,-0.022895213878034195,0.033316983968524096,183.0,-531.0,0.790020184885404,183.0,-531.0,2.034189903877317,-0.5386278433390603,0.9666830160314759,0.0,0.0,HOLD
62.6,183.35192444665927,-531.7077698163858,2.5810417200116063,-2.086470382541514,-0.023835102899394743,-0.022047149169079412,0.03246827554257193,183.0,-531.0,0.790435910838627,183.0,-531.0,2.0322255503241036,-0.5488161696875027,0.9675317244574281,0.0,0.0,HOLD
62.644,183.35082006230252,-531.7087342077133,2.5642666966539074,-2.086470382541514,-0.02354561948591305,-0.021362667055840487,0.03179244785659168,183.0,-531.0,0.7908090118966333,183.0,-531.0,2.030432121468672,-0.5338345751852356,0.9682075521434084,0.0,0.0,HOLD
62.7,183.3496310747303,-531.7097538625235,2.5725026265243613,-2.086470382541514,-0.023307453632711705,-0.02074879480874966,0.03120496564421443,183.0,-531.0,0.7911968363081769,183.0,-531.0,2.028513598351341,-0.5439890281730202,0.9687950343557856,0.0,0.0,HOLD
62.748,183.34853741358847,-531.7106706347857,2.572429989120347,-2.086470382541514,-0.023124457353723423,-0.020171514371318075,0.030685998760614994,183.0,-531.0,0.791537162625807,183.0,-531.0,2.026762313140048,-0.5456676759802992,0.969314001239385,0.0,0.0,HOLD
62.796,183.34736033806294,-531.7116252659943,2.5723441784434744,-2.086470382541514,-0.022953521009467306,-0.019536886706361008,0.030142230655829747,183.0,-531.0,0.7918773412976271,183.0,-531.0,2.024896905131268,-0.5474472733122062,0.9698577693441702,0.0,0.0,HOLD
62.848,183.3462884168018,-531.7124543840202,2.5638644435864433,-2.086470382541514,-0.022735881185324193,-0.018744628631980238,0.029466614936636885,183.0,-531.0,0.7921533417973861,183.0,-531.0,2.023221743181556,-0.5406427004048875,0.9705333850633631,0.0,0.0,HOLD
62.9,183.34514361691137,-531.7132916938097,2.580553575214984,-2.086470382541514,-0.022483706648327616,-0.01781974757792723,0.028689030453974824,183.0,-531.0,0.7924071912549162,183.0,-531.0,2.021460464138479,-0.5590931110765052,0.9713109695460251,0.0,0.0,HOLD
62.948,183.34410700861997,-531.7139997589934,2.5720880619411104,-2.086470382541514,-0.022173011446207234,-0.01674581122378665,0.027786050999311432,183.0,-531.0,0.7925940254783732,183.0,-531.0,2.019894064364458,-0.5521939975766523,0.9722139490006886,0.0,0.0,HOLD
63.0,183.3430050343566,-531.7146997613557,2.5720123161519957,-2.086470382541514,-0.021829591905076426,-0.015596331657434966,0.026828653412180162,183.0,-531.0,0.7927472500588876,183.0,-531.0,2.018258473389547,-0.5537538427624487,0.9731713465878198,0.0,0.0,HOLD
63.048,183.34200181538966,-531.7152967259135,2.563534464653828,-2.086470382541514,-0.02150437303882478,-0.014490482144318747,0.0259309107546911,183.0,-531.0,0.7928522231995094,183.0,-531.0,2.01679193964677,-0.5467425250070579,0.9740690892453089,0.0,0.0,HOLD
63.1,183.34093071594904,-531.7158962193131,2.563457389093899,-2.086470382541514,-0.02118716563327088,-0.013453865121821368,0.025097857962141236,183.0,-531.0,0.7929319957627572,183.0,-531.0,2.01524713880851,-0.548210250285389,0.9749021420378587,0.0,0.0,HOLD
63.148,183.33995195622646,-531.7164206342673,2.571787353726487,-2.086470382541514,-0.02090844730547629,-0.012568871369910282,0.024395485160972494,183.0,-531.0,0.7929854082806858,183.0,-531.0,2.013848438247509,-0.557938915478978,0.9756045148390275,0.0,0.0,HOLD
63.2,183.33890388832467,-531.7169641721075,2.5632852831048543,-2.086470382541514,-0.020644793933696934,-0.011828194161409976,0.023793143837770214,183.0,-531.0,0.7930280383488241,183.0,-531.0,2.012360610956904,-0.5509246721479504,0.9762068561622298,0.0,0.0,HOLD
63.248,183.33795495538615,-531.7174400075104,2.580071664225321,-2.086470382541514,-0.02033841873356208,-0.011157959350922736,0.023198089004453644,183.0,-531.0,0.7930534132368168,183.0,-531.0,2.0110224086219994,-0.5690492556033218,0.9768019109955464,0.0,0.0,HOLD
63.3,183.33695039334785,-531.7179298449604,2.5800140048460682,-2.086470382541514,-0.019981447434629207,-0.010549656414667534,0.022595430778154815,183.0,-531.0,0.7930692465744251,183.0,-531.0,2.0096132957592547,-0.5704007090868135,0.9774045692218452,0.0,0.0,HOLD
63.344,183.33605469128037,-531.7183481327651,2.5715183607121377,-2.086470382541514,-0.01951910174122693,-0.00990729191197516,0.02188948984817729,183.0,-531.0,0.7930679639089004,183.0,-531.0,2.008366799294709,-0.5631515614174285,0.9781105101518227,0.0,0.0,HOLD
63.4,183.33512465230328,-531.7187590261416,2.5714584452838154,-2.086470382541514,-0.018947293862202064,-0.009205368238531452,0.021065107384193503,183.0,-531.0,0.7930467011730084,183.0,-531.0,2.0070850002096527,-0.5643734450741626,0.9789348926158065,0.0,0.0,HOLD
63.444,183.3343032383782,-531.7191012671204,2.562949229785761,-2.086470382541514,-0.01830521754748051,-0.00847899649251306,0.020173605800169615,183.0,-531.0,0.7930102695201159,183.0,-531.0,2.005963838281292,-0.5569853915044689,0.9798263941998304,0.0,0.0,HOLD
63.496,183.33345656553553,-531.7194273482473,2.5628868093984583,-2.086470382541514,-0.017597150923830764,-0.007706124535807193,0.019210519930429982,183.0,-531.0,0.7929495510465617,183.0,-531.0,2.0048222446379866,-0.5580645647604716,0.98078948006957,0.0,0.0,HOLD
63.544,183.33270830549822,-531.7196962896538,2.5712797513124417,-2.086470382541514,-0.01689421087256041,-0.006970012037256895,0.018275541819766778,183.0,-531.0,0.7928792883465784,183.0,-531.0,2.0038233805438854,-0.5674563707685563,0.9817244581802332,0.0,0.0,HOLD
63.6,183.3319282040697,-531.7199599207557,2.5712260149009154,-2.086470382541514,-0.016231919759110387,-0.006304947933266497,0.017413431238770826,183.0,-531.0,0.7927916625138965,183.0,-531.0,2.002790671704169,-0.5684353431967466,0.9825865687612292,0.0,0.0,HOLD
63.644,183.33123422847882,-531.7201796668472,2.5796391558590606,-2.086470382541514,-0.015610986526903122,-0.005700531407060576,0.016619234599283893,183.0,-531.0,0.792700994484141,183.0,-531.0,2.001879576808884,-0.5777595790501766,0.9833807654007161,0.0,0.0,HOLD
63.7,183.33050321401615,-531.7204030891011,2.571105792613884,-2.086470382541514,-0.015067430895093624,-0.005209149046198848,0.0159424812235717,183.0,-531.0,0.7925988804315621,183.0,-531.0,2.000923866556649,-0.5701819260572352,0.9840575187764283,0.0,0.0,HOLD
63.748,183.3298496159923,-531.7205930995915,2.571056372455221,-2.086470382541514,-0.014559649005786622,-0.00477144003939999,0.015321554073307733,183.0,-531.0,0.7924993276647877,183.0,-531.0,2.0000742817394594,-0.5709820907157614,0.9846784459266923,0.0,0.0,HOLD
63.8,183.32916605909193,-531.7207808759646,2.5710151739345397,-2.086470382541514,-0.014064635606154154,-0.004365315459813988,0.014726505145403312,183.0,-531.0,0.7923858691410256,183.0,-531.0,1.999191264079148,-0.5718239098553917,0.9852734948545967,0.0,0.0,HOLD
63.848,183.32855818640053,-531.720939877223,2.5624705860988155,-2.086470382541514,-0.013574418185487928,-0.00399683922509824,0.01415060256193316,183.0,-531.0,0.7922782266484192,183.0,-531.0,1.9984099824039496,-0.5640606036948659,0.9858493974380669,0.0,0.0,HOLD
63.9,183.32793285931774,-531.7210884631266,2.5624189369803703,-2.086470382541514,-0.013032304108556866,-0.003598042924502313,0.013519869202934966,183.0,-531.0,0.7921543611409715,183.0,-531.0,1.997613874848187,-0.5648050621321832,0.986480130797065,0.0,0.0,HOLD
63.952,183.32738682960655,-531.7212076818349,2.5708621106515954,-2.086470382541514,-0.012452464314641793,-0.003208030982119585,0.01285905635300143,183.0,-531.0,0.7920370297767257,183.0,-531.0,1.9969240107449848,-0.5739380999066106,0.9871409436469986,0.0,0.0,HOLD
64.0,183.3268316625804,-531.7213191613926,2.5708266834789297,-2.086470382541514,-0.011830802942158129,-0.0028355633147425256,0.012165866905736355,183.0,-531.0,0.7919092550646971,183.0,-531.0,1.9962274661748203,-0.5745992173041095,0.9878341330942636,0.0,0.0,HOLD
64.048,183.32635611564262,-531.7214057209376,2.579297431309698,-2.086470382541514,-0.011157551666934253,-0.002474279503723511,0.011428605263235475,183.0,-531.0,0.7917919729441663,183.0,-531.0,1.995635288631826,-0.5836621426778721,0.9885713947367645,0.0,0.0,HOLD
64.1,183.32587594863415,-531.7214946067014,2.579261458741045,-2.086470382541514,-0.010484301909787438,-0.002206551241661591,0.010713984082387412,183.0,-531.0,0.7916751868016532,183.0,-531.0,1.9950364078497602,-0.5842250508912847,0.9892860159176126,0.0,0.0,HOLD
64.148,183.32546577636907,-531.721574690201,2.5706940481353815,-2.086470382541514,-0.009805635674217291,-0.0020182004916421592,0.010011174966004113,183.0,-531.0,0.7915794370284043,183.0,-531.0,1.9945225290529671,-0.5761715190824144,0.9899888250339959,0.0,0.0,HOLD
64.2,183.32505448329587,-531.7216667232019,2.570654466431389,-2.086470382541514,-0.009141981950159356,-0.0019312832102181092,0.009343751324554278,183.0,-531.0,0.7914943313048575,183.0,-531.0,1.9940010345571175,-0.5766534318742713,0.9906562486754458,0.0,0.0,HOLD
64.248,183.32470074296774,-531.7217655374986,2.5791483390001124,-2.086470382541514,-0.008521644826936245,-0.001975855000330204,0.008747710188316663,183.0,-531.0,0.7914392355730799,183.0,-531.0,1.9935422324502223,-0.5856061065498901,0.9912522898116833,0.0,0.0,HOLD
64.3,183.3243484437916,-531.7218840957081,2.5705656182067047,-2.086470382541514,-0.007910313592316089,-0.0020822936985362157,0.008179792673151581,183.0,-531.0,0.7914029066324796,183.0,-531.0,1.9930748027219647,-0.57749081548474,0.9918202073268484,0.0,0.0,HOLD
64.348,183.32404910022802,-531.7220082221063,2.570535963573241,-2.086470382541514,-0.007324417319360878,-0.00225857922419149,0.007664741951305538,183.0,-531.0,0.7913935128289131,183.0,-531.0,1.9926654988502066,-0.5778704647230346,0.9923352580486945,0.0,0.0,HOLD
64.4,183.3237539440732,-531.7221562501385,2.5705000507679268,-2.086470382541514,-0.0067474992228159295,-0.002464419020051579,0.0071834606470902,183.0,-531.0,0.7914077747388006,183.0,-531.0,1.9922486582227634,-0.5782513925451633,0.9928165393529098,0.0,0.0,HOLD
64.444,183.32351201404353,-531.7222989915492,2.579025393580089,-2.086470382541514,-0.006149947627763725,-0.002642695149687411,0.0066937055117788115,183.0,-531.0,0.7914391046843252,183.0,-531.0,1.9918959416774031,-0.587129451902686,0.9933062944882212,0.0,0.0,HOLD
64.5,183.3232791904809,-531.7224651030372,2.5789967238708424,-2.086470382541514,-0.005564547629666722,-0.0028358099392176424,0.006245479031603189,183.0,-531.0,0.7914955843872296,183.0,-531.0,1.9915416951751084,-0.5874550286957341,0.9937545209683968,0.0,0.0,HOLD
64.548,183.3230927416392,-531.7226259647442,2.5703863165025025,-2.086470382541514,-0.004976478763366004,-0.0030162264077952068,0.005819189172497661,183.0,-531.0,0.7915662983114223,183.0,-531.0,1.9912436908650653,-0.5791426256374372,0.9941808108275023,0.0,0.0,HOLD
64.6,183.3229184429269,-531.7228128332605,2.5703583484267813,-2.086470382541514,-0.004407875605867252,-0.003218316024551156,0.005457739952643616,183.0,-531.0,0.7916657834644532,183.0,-531.0,1.9909463528472695,-0.5794119955795118,0.9945422600473564,0.0,0.0,HOLD
64.648,183.32277687386795,-531.7230067435881,2.561737762393055,-2.086470382541514,-0.003897393531915614,-0.0035058348884258175,0.005242189867557387,183.0,-531.0,0.7917851107326402,183.0,-531.0,1.9906832107332335,-0.5710545516598213,0.9947578101324426,0.0,0.0,HOLD
64.7,183.32264438042816,-531.7232406154059,2.5617013368540413,-2.086470382541514,-0.003425088563581597,-0.0038529299121783022,0.005155220710749031,183.0,-531.0,0.7919446849335711,183.0,-531.0,1.9904100553803161,-0.5712912814737252,0.994844779289251,0.0,0.0,HOLD
64.748,183.3225360100693,-531.72348743142,2.5702612070536937,-2.086470382541514,-0.0030165080995722348,-0.004304104546230515,0.005255914483671427,183.0,-531.0,0.7921259629719247,183.0,-531.0,1.9901581717161212,-0.5801030353375725,0.9947440855163285,0.0,0.0,HOLD
64.796,183.32243277391333,-531.7237908766497,2.5702317405063,-2.086470382541514,-0.002655589006890919,-0.004840087769889263,0.005520742938568279,183.0,-531.0,0.7923611088479479,183.0,-531.0,1.989883238026374,-0.580348502479926,0.9944792570614317,0.0,0.0,HOLD
64.848,183.3223538324794,-531.7241002426848,2.578809511614109,-2.086470382541514,-0.002301747476964271,-0.005401851056654526,0.005871800089069025,183.0,-531.0,0.7926116039841692,183.0,-531.0,1.9896334319841282,-0.5891760796299808,0.9941281999109309,0.0,0.0,HOLD
64.9,183.32228379027768,-531.7244713877203,2.570165689214078,-2.086470382541514,-0.0019675737561737163,-0.00600929477193061,0.0063232088485148195,183.0,-531.0,0.7929222112547645,183.0,-531.0,1.98936236881696,-0.5808033203971181,0.9936767911514852,0.0,0.0,HOLD
64.948,183.32223750019082,-531.7248411670234,2.5701420921044744,-2.086470382541514,-0.001616454824844979,-0.006602349020395518,0.006797347923115476,183.0,-531.0,0.793241277254995,183.0,-531.0,1.9891195788180065,-0.5810225132864679,0.9932026520768845,0.0,0.0,HOLD
65.0,183.32220749464696,-531.7252705596278,2.5787368023395842,-2.086470382541514,-0.0012526560275341058,-0.00718166939260385,0.0072900975568218895,183.0,-531.0,0.7936214804738441,183.0,-531.0,1.9888652385784886,-0.5898715637610956,0.9927099024431781,0.0,0.0,HOLD
65.048,183.3221946271054,-531.7256985049241,2.561455908421331,-2.086470382541514,-0.0009080522417482463,-0.007788519557653402,0.007841275136971892,183.0,-531.0,0.794007366329004,183.0,-531.0,1.9886316090229963,-0.5728242993983348,0.9921587248630281,0.0,0.0,HOLD
65.1,183.3221977546109,-531.7261930237578,2.561425261421266,-2.086470382541514,-0.0005691834393903448,-0.008391029862026894,0.00841031223755119,183.0,-531.0,0.7944606351675217,183.0,-531.0,1.9883826239321114,-0.5730426374891544,0.9915896877624488,0.0,0.0,HOLD
65.148,183.32221022745713,-531.7266852874224,2.5700363961108286,-2.086470382541514,-0.00027902139846088317,-0.009043591964464711,0.009047895255833245,183.0,-531.0,0.7949156795749409,183.0,-531.0,1.9881458200738622,-0.5818905760369664,0.9909521047441667,0.0,0.0,HOLD
65.2,183.32223040753993,-531.7272600713268,2.570012438200151,-2.086470382541514,-4.5536428618504695e-05,-0.009747072595155302,0.009747178963246691,183.0,-531.0,0.7954493364693869,183.0,-531.0,1.9878761180345899,-0.5821363201655612,0.9902528210367533,0.0,0.0,HOLD
65.248,183.3222549664468,-531.7278263082197,2.5786410516278915,-2.086470382541514,0.00014947668390694247,-0.010464407864615988,0.010465475394652111,183.0,-531.0,0.7959770086732332,183.0,-531.0,1.9876161550006415,-0.59102489662725,0.9895345246053479,0.0,0.0,HOLD
65.3,183.32228194019288,-531.728484138658,2.578623710322857,-2.086470382541514,0.00027871390474911963,-0.011229569985075977,0.011233028242215889,183.0,-531.0,0.7965894734747643,183.0,-531.0,1.9873127849227499,-0.591310925400107,0.9887669717577842,0.0,0.0,HOLD
65.344,183.32230869167566,-531.7291266723664,2.569939624515132,-2.086470382541514,0.00037622693334542245,-0.011984362114056943,0.011990266134920354,183.0,-531.0,0.7971879308455457,183.0,-531.0,1.9870173838633403,-0.5829222406517915,0.9880097338650796,0.0,0.0,HOLD
65.4,183.3223388134925,-531.7298588391758,2.569918134359102,-2.086470382541514,0.00044729050469535596,-0.012717881206442114,0.012725744425249319,183.0,-531.0,0.7978698113143456,183.0,-531.0,1.9866809002920767,-0.5832372340670253,0.9872742555747507,0.0,0.0,HOLD
65.448,183.32236458179642,-531.73056989634,2.5785700662757294,-2.086470382541514,0.0004786327107565079,-0.013451414606138447,0.01345992734668508,183.0,-531.0,0.7985307113912009,183.0,-531.0,1.986350675325958,-0.5922193909497713,0.9865400726533149,0.0,0.0,HOLD
65.5,183.3223933977176,-531.7313704945037,2.569870185507014,-2.086470382541514,0.0005050645776493578,-0.014132060980956446,0.014141083331805516,183.0,-531.0,0.7992748608097967,183.0,-531.0,1.9859792940243521,-0.5838908914826619,0.9858589166681945,0.0,0.0,HOLD
65.548,183.32241721152832,-531.7321404281579,2.5698505472064563,-2.086470382541514,0.0005019343452587285,-0.014799939199272888,0.014808448210029454,183.0,-531.0,0.7999890404455025,183.0,-531.0,1.985618329376055,-0.5842322178304014,0.9851915517899705,0.0,0.0,HOLD
65.6,183.3224388762666,-531.7330070525132,2.5698354791613243,-2.086470382541514,0.0004720776782544115,-0.015453009025174855,0.015460218150674382,183.0,-531.0,0.8007909639613968,183.0,-531.0,1.985206928949467,-0.5846285502118573,0.9845397818493257,0.0,0.0,HOLD
65.648,183.32245638048926,-531.7338326943685,2.578513705962268,-2.086470382541514,0.0004344854477207415,-0.016064761061054342,0.016070635505575033,183.0,-531.0,0.8015538289113141,183.0,-531.0,1.9848121674999328,-0.593701538462335,0.9839293644944249,0.0,0.0,HOLD
65.7,183.3224672389605,-531.734760608271,2.5785008949675543,-2.086470382541514,0.0003555014052440581,-0.016687669033443844,0.016691455269654924,183.0,-531.0,0.8024077963664186,183.0,-531.0,1.9843593446228271,-0.5941415503447272,0.9833085447303451,0.0,0.0,HOLD
65.744,183.32247093280233,-531.7356436161531,2.5697771489395675,-2.086470382541514,0.0002580101766728034,-0.017285584011806646,0.01728750947593355,183.0,-531.0,0.8032179234113193,183.0,-531.0,1.983921759842648,-0.5858553890969196,0.9827124905240665,0.0,0.0,HOLD
65.8,183.3224663261782,-531.7366285039934,2.5697600337337523,-2.086470382541514,0.00013670049078273478,-0.01786468237913746,0.017865205387334476,183.0,-531.0,0.8041182030114941,183.0,-531.0,1.9834247859816354,-0.5863352477521169,0.9821347946126655,0.0,0.0,HOLD
65.844,183.32245034378673,-531.7375666727311,2.561021419412605,-2.086470382541514,-2.768295205413019e-05,-0.018452857258555846,0.01845287802350819,183.0,-531.0,0.8049713168379171,183.0,-531.0,1.9829392232363414,-0.5780821961762634,0.9815471219764919,0.0,0.0,HOLD
65.9,183.3224231691336,-531.7386064477543,2.569721923102733,-2.086470382541514,-0.00020090023795823366,-0.01899284295095889,0.018993905450575468,183.0,-531.0,0.8059132612498112,183.0,-531.0,1.9823915145076392,-0.5873304085950937,0.9810060945494246,0.0,0.0,HOLD
65.948,183.32238591749012,-531.7395890277961,2.5697097946132277,-2.086470382541514,-0.00040221172168946673,-0.019509994056714032,0.01951413954962097,183.0,-531.0,0.8067989897318603,183.0,-531.0,1.9818619611502042,-0.5878478334630235,0.980485860450379,0.0,0.0,HOLD
66.0,183.32233255057184,-531.7406738509391,2.5609516880725005,-2.086470382541514,-0.000620638030598526,-0.019983190368232734,0.019992825934771072,183.0,-531.0,0.807772261607842,183.0,-531.0,1.9812647608503762,-0.5796869272221243,0.980007174065229,0.0,0.0,HOLD
66.048,183.32227402413955,-531.7416860560603,2.578421215592496,-2.086470382541514,-0.0008301699553944349,-0.0203697360817428,0.02038664587897416,183.0,-531.0,0.8086771620303017,183.0,-531.0,1.9806989304615286,-0.5977222851309674,0.9796133541210258,0.0,0.0,HOLD
66.1,183.32219668996186,-531.7427961439382,2.5696606626475718,-2.086470382541514,-0.0010601289746834963,-0.020712073785278205,0.02073918691583091,183.0,-531.0,0.8096646333339921,183.0,-531.0,1.9800649395186762,-0.5895957231288955,0.9792608130841691,0.0,0.0,HOLD
66.148,183.32211438610358,-531.7438264904075,2.569646784647313,-2.086470382541514,-0.0012892161334880727,-0.020975790965688024,0.02101537258473152,183.0,-531.0,0.810577279207137,183.0,-531.0,1.9794659576866935,-0.5901808269606195,0.9789846274152685,0.0,0.0,HOLD
66.2,183.32201182543815,-531.7449471962633,2.578392408696241,-2.086470382541514,-0.0015283026578987984,-0.021177476618545042,0.02123255107007075,183.0,-531.0,0.8115651181159518,183.0,-531.0,1.978801228654423,-0.5995911800418179,0.9787674489299293,0.0,0.0,HOLD
66.248,183.3219006281434,-531.7459889106791,2.5608557351649135,-2.086470382541514,-0.0018042103352369368,-0.021361194083968894,0.021437252333887463,183.0,-531.0,0.812477365380296,183.0,-531.0,1.9781668727640178,-0.5826888624008957,0.9785627476661125,0.0,0.0,HOLD
66.3,183.32176434278117,-531.7471184319564,2.5608376829436983,-2.086470382541514,-0.002090042040613165,-0.021487323213562955,0.021588731658336295,183.0,-531.0,0.8134606589469713,183.0,-531.0,1.9774629113748254,-0.5833747715688729,0.9784112683416637,0.0,0.0,HOLD
66.344,183.32176434278117,-531.7471184319564,2.5608376829436983,-2.086470382541514,-0.002090042040613165,-0.021487323213562955,0.021588731658336295,183.0,-531.0,0.8134606589469713,183.0,-531.0,1.9774629113748254,-0.5833747715688729,0.9784112683416637,0.0,0.0,SUCCESS
