time_s,north_m,east_m,body_yaw_rad,course_angle_rad,vx_mps,vy_mps,speed_mps,reference_north_m,reference_east_m,position_error_m,target_north_m,target_east_m,desired_heading_rad,heading_error_rad,speed_error_mps,left_thrust,right_thrust,controller_state
0.0,161.88570009337232,-531.8965275091105,0.5708017028767106,-2.605982925758027,-0.007838687635065414,-0.0028347405741426853,0.008335513059363425,163.0,-531.000000000002,1.4301838540896001,163.99031132097502,-526.661162608826,1.1885678998945015,0.6177661970177909,0.9916644869406366,0.0,0.0,TRACK
0.048,161.88934147553283,-531.8941469268917,0.5707998179883256,-2.605982925758027,0.01941415604063655,0.014180568175979484,0.02404158831200191,163.0,-531.000000000002,1.4258545104034421,163.99031132097502,-526.661162608826,1.189009587860695,0.6182097698723694,0.9759584116879981,0.0,0.0,TRACK
0.092,161.89286646370894,-531.8918556777866,0.5707981776156505,-2.605982925758027,0.038322240210551736,0.02592439403947998,0.046267356754729934,163.0,-531.000000000002,1.4216719794582822,163.99031132097502,-526.661162608826,1.189438564422417,0.6186403868067665,0.9537326432452701,531.7745360564695,-268.2254639435305,TRACK
0.148,161.89754337369237,-531.8899890004344,0.5718300386711983,0.480815645597146,0.05638865794841175,0.029415030611317394,0.06359972304253941,163.0,-531.000000000002,1.4168595674166857,163.99031132097502,-526.661162608826,1.190085959545197,0.6182559208739986,0.9364002769574606,531.7745360564695,-268.2254639435305,TRACK
0.192,161.9032590046549,-531.8892091487731,0.575871957597017,0.3066992025812876,0.07832910343489385,0.02480618826073832,0.08216322426086681,163.0,-531.000000000002,1.411925536679888,163.99031132097502,-526.661162608826,1.1909771326080991,0.6151051750110821,0.9178367757391332,508.1139775099722,-291.8860224900278,TRACK
0.248,161.91062401351132,-531.889498252496,0.5821468094673418,0.1401701862947118,0.10048609222784918,0.014178131927415603,0.10148139807952497,163.0,-531.000000000002,1.4063951013594713,163.99031132097502,-526.661162608826,1.1922118194816962,0.6100650100143544,0.8985186019204751,508.1139775099722,-291.8860224900278,TRACK
0.296,161.9185026989285,-531.890724298692,0.5915023758959211,0.002247104350519032,0.12276470778172355,0.0002758655732723759,0.1227650177312189,163.0,-531.000000000002,1.4010803647548815,163.99031132097502,-526.661162608826,1.1935938517953308,0.6020914758994097,0.877234982268781,505.66641280494974,-294.33358719505026,TRACK
0.348,161.92860359484678,-531.8927296360463,0.6053334515351254,-0.08987632889787237,0.14778385950801903,-0.013318150338754062,0.14838275593724348,163.0,-531.000000000002,1.3945811055822193,163.99031132097502,-526.661162608826,1.1953952236615593,0.5900617721264338,0.8516172440627565,505.66641280494974,-294.33358719505026,TRACK
0.396,161.93986043624977,-531.8947709508464,0.6162118077097896,-0.1313892334080301,0.1781406439103958,-0.02354138480401269,0.17968941485602605,163.0,-531.000000000002,1.3872674396464946,163.99031132097502,-526.661162608826,1.1973915733917553,0.5811797656819657,0.8203105851439739,496.46402488000416,-303.53597511999584,TRACK
0.444,161.9545678321475,-531.8967551443462,0.6308675427816401,-0.1326395809974206,0.21478350631484544,-0.028657048679489074,0.21668682706597062,163.0,-531.000000000002,1.3773518818691748,163.99031132097502,-526.661162608826,1.1999581756309365,0.5690906328492964,0.7833131729340294,496.46402488000416,-303.53597511999584,TRACK
0.496,161.97062620679682,-531.8981056932406,0.6485507264895888,-0.11047418275134524,0.256701594256036,-0.028474833996516548,0.25827606289534405,163.0,-531.000000000002,1.366090861678321,163.99031132097502,-526.661162608826,1.2027118733882687,0.5541611468986799,0.741723937104656,477.9557228518352,-322.0442771481648,TRACK
0.548,161.99052590881308,-531.898995827141,0.6710574971051293,-0.081270816350765,0.3007963382989478,-0.024499927965706134,0.30179245120509535,163.0,-531.000000000002,1.3517512485627268,163.99031132097502,-526.661162608826,1.2060805987699785,0.5350231016648492,0.6982075487949047,477.9557228518352,-322.0442771481648,TRACK
0.592,162.01085748105362,-531.8993789953589,0.6871914395710226,-0.05439826863586997,0.34376866748156043,-0.018718888100060567,0.3442779306225571,163.0,-531.000000000002,1.3368939748823472,163.99031132097502,-526.661162608826,1.2094969994778415,0.5223055599068189,0.6557220693774428,459.39710152117743,-340.60289847882257,TRACK
0.648,162.03451279195005,-531.8995327205217,0.7129074481923863,-0.03448610618238291,0.3826680725889862,-0.013201965860928836,0.3828957373509958,163.0,-531.000000000002,1.3195926129656976,163.99031132097502,-526.661162608826,1.2134641281344105,0.5005566799420242,0.6171042626490042,459.39710152117743,-340.60289847882257,TRACK
0.696,162.05745881402697,-531.8996146065776,0.7309651124249792,-0.022057198280667035,0.4160489914937352,-0.009178363633942449,0.4161502200911962,163.0,-531.000000000002,1.3029544610689994,163.99031132097502,-526.661162608826,1.217319176425926,0.4863540640009467,0.5838497799088038,445.0943008376522,-341.4119456128558,TRACK
0.748,162.08322380771395,-531.8997394882075,0.7534823449360987,-0.015333899351840676,0.44385007121019554,-0.0068064857938022584,0.44390225721678517,163.0,-531.000000000002,1.2845270465734553,163.99031132097502,-526.661162608826,1.2216628075011602,0.4681804625650615,0.5560977427832148,445.0943008376522,-341.4119456128558,TRACK
0.792,162.10770281053644,-531.8999013393469,0.7787881592259964,-0.012000359731250493,0.46699527520060474,-0.005604380324168791,0.4670289028941426,163.0,-531.000000000002,1.2672871398697512,163.99031132097502,-526.661162608826,1.2258048372671877,0.4470166780411913,0.5329710971058574,424.5454559302616,-314.41921628893203,TRACK
0.848,162.13495960693774,-531.8999676471057,0.8028385592875326,-0.008396307649629252,0.48700613542762816,-0.00408914943302024,0.48702330240681385,163.0,-531.000000000002,1.2482934941200774,163.99031132097502,-526.661162608826,1.230424293951916,0.42758573466438354,0.5129766975931862,424.5454559302616,-314.41921628893203,TRACK
0.896,162.16086540876802,-531.8997300201816,0.8294513818752596,-0.0018305449300308383,0.5054504597070598,-0.0009252508098714367,0.5054513065638858,163.0,-531.000000000002,1.2303092990846962,163.99031132097502,-526.661162608826,1.2348108709637595,0.40535948908849995,0.4945486934361142,387.2564136404781,-268.3515415342196,TRACK
0.948,162.18979244575533,-531.8988563566463,0.8543693093740261,0.010088668800712665,0.5232440093011135,0.005279014614559171,0.523270638641998,163.0,-531.000000000002,1.2101152965048194,163.99031132097502,-526.661162608826,1.239689723646463,0.3853204142724369,0.47672936135800204,387.2564136404781,-268.3515415342196,TRACK
0.996,162.21729921242232,-531.8972857064124,0.8815143012272562,0.027521441490604495,0.5406787796591804,0.014884017455202174,0.5408836073956645,163.0,-531.000000000002,1.1906897840340414,163.99031132097502,-526.661162608826,1.2443028631022925,0.3627885618750364,0.45911639260433545,350.61478470820987,-232.49176757472154,TRACK
1.048,162.2478588286284,-531.8946774231711,0.9066184646525252,0.04883719458732861,0.5571309312425399,0.02723036393175266,0.5577959907233426,163.0,-531.000000000002,1.1688301986176504,163.99031132097502,-526.661162608826,1.2493987700552682,0.34278030540274307,0.4422040092766574,350.61478470820987,-232.49176757472154,TRACK
1.096,162.27657895826889,-531.8914754304993,0.9378346574783704,0.07169460423326394,0.5715527172694548,0.04104759978703247,0.5730247935878288,163.0,-531.000000000002,1.148070749910319,163.99031132097502,-526.661162608826,1.25416594707305,0.3163312895946796,0.42697520641217124,312.64589873057344,-200.2430546247649,TRACK
1.148,162.30797338352025,-531.8873003915984,0.9584632327073981,0.09371997260812064,0.5828178977247082,0.05478216323327857,0.5853868697850729,163.0,-531.000000000002,1.1252567808475682,163.99031132097502,-526.661162608826,1.25936316083314,0.30089992812574184,0.4146131302149271,312.64589873057344,-200.2430546247649,TRACK
1.196,162.33700146962443,-531.8829633647215,0.9890034259362299,0.11336980011941455,0.5904947613640138,0.06723256041233647,0.5943099194679002,163.0,-531.000000000002,1.104169984520886,163.99031132097502,-526.661162608826,1.264165328925775,0.2751619029895451,0.40569008053209976,279.64782737359667,-165.9008912931336,TRACK
1.248,162.36833532931627,-531.8778595435332,1.0090375909433682,0.1304981965933038,0.5947225735816964,0.07805380688157437,0.5998227540668514,163.0,-531.000000000002,1.081497866090682,163.99031132097502,-526.661162608826,1.2693514343018215,0.2603138433584533,0.40017724593314863,279.64782737359667,-165.9008912931336,TRACK
1.292,162.39709775463217,-531.8728133330982,1.0346108789609743,0.14574913831644745,0.5962956907565676,0.08753025889498395,0.6026857365468964,163.0,-531.000000000002,1.060798864959777,163.99031132097502,-526.661162608826,1.2741163177625479,0.2395054388015736,0.3973142634531036,253.20646273451288,-128.31471983470098,TRACK
1.348,162.4281108330313,-531.8668771334935,1.057711341859404,0.16100297890297752,0.5963340728320462,0.09684985792850198,0.6041475162584278,163.0,-531.000000000002,1.03852452251574,163.99031132097502,-526.661162608826,1.2792538611073445,0.22154251924794055,0.3958524837415722,253.20646273451288,-128.31471983470098,TRACK
1.392,162.45669433086354,-531.8607861798217,1.0821046373208991,0.17822080408927574,0.5960384857009432,0.10736561151030825,0.6056312830193433,163.0,-531.000000000002,1.0179066251304092,163.99031132097502,-526.661162608826,1.2839810949967918,0.20187645767589268,0.3943687169806567,228.52399645220143,-92.92255603180425,TRACK
1.448,162.48773000734857,-531.853233758201,1.109400197369121,0.1995834376040747,0.5963189920471783,0.12062125454440098,0.6083961105431459,163.0,-531.000000000002,0.9952026886526072,163.99031132097502,-526.661162608826,1.2890931726333326,0.17969297526421157,0.3916038894568541,228.52399645220143,-92.92255603180425,TRACK
1.496,162.51653859540474,-531.8451149681139,1.130534193546076,0.2262896340805216,0.5976699660735374,0.13760332650570456,0.6133058485060932,163.0,-531.000000000002,0.9736294156710144,163.99031132097502,-526.661162608826,1.2938091523523552,0.16327495880627918,0.38669415149390685,190.85142514951528,-54.78840189180488,TRACK
1.548,162.54793113735047,-531.8348599619246,1.1476215863085024,0.2583042908700333,0.5997814333517835,0.15846624234868906,0.620362247205319,163.0,-531.000000000002,0.9493984477544712,163.99031132097502,-526.661162608826,1.2989090940920267,0.1512875077835243,0.37963775279468104,190.85142514951528,-54.78840189180488,TRACK
1.596,162.57698639810775,-531.8239566880558,1.1690657850912722,0.29448865351386005,0.6017192080337889,0.1825060961536672,0.6287881045710564,163.0,-531.000000000002,0.9261992934430052,163.99031132097502,-526.661162608826,1.3035907921518477,0.13452500706057546,0.3712118954289436,176.8446215379843,-50.3827492435016,TRACK
1.648,162.60842312536238,-531.8107098462128,1.1881393430469376,0.3319987780093857,0.6027108417435053,0.20779039798122773,0.6375242805167202,163.0,-531.000000000002,0.9003237770347293,163.99031132097502,-526.661162608826,1.3086217146728085,0.12048237162587094,0.36247571948327983,176.8446215379843,-50.3827492435016,TRACK
1.696,162.63725119269967,-531.7973743422808,1.2110603953135646,0.3682965547147506,0.6019667048009938,0.23230180819205368,0.6452348748930613,163.0,-531.000000000002,0.8760094399732915,163.99031132097502,-526.661162608826,1.3132130727078402,0.10215267739427558,0.3547651251069387,144.5360830184592,-26.548575228545246,TRACK
1.748,162.66810164714144,-531.7820416374972,1.2257562896992047,0.401380764559894,0.5989256476326001,0.25419707290706545,0.6506366753163009,163.0,-531.000000000002,0.8495561425863999,163.99031132097502,-526.661162608826,1.3181152672071441,0.09235897750793942,0.34936332468369913,144.5360830184592,-26.548575228545246,TRACK
1.796,162.6960506465641,-531.767327941088,1.24688237269578,0.4307087841779417,0.5930964584179987,0.27251546704013263,0.6527082723269826,163.0,-531.000000000002,0.8253347070281544,163.99031132097502,-526.661162608826,1.3225542828352355,0.0756719101394554,0.3472917276730174,125.02318795922315,-5.03738761693927,TRACK
1.848,162.72572873334894,-531.7510121431259,1.2643002217740418,0.45585135369296514,0.5852690513313009,0.2869529244746949,0.6518296121770021,163.0,-531.000000000002,0.7995273396387538,163.99031132097502,-526.661162608826,1.3272752658493674,0.06297504407532561,0.3481703878229979,125.02318795922315,-5.03738761693927,TRACK
1.896,162.7524973675912,-531.7356959587053,1.2771361672827453,0.4779881576499816,0.5756128413817175,0.2981999123088517,0.6482694893827267,163.0,-531.000000000002,0.776212662033761,163.99031132097502,-526.661162608826,1.3315418692421788,0.054405701959433506,0.35173051061727334,105.80999650418255,27.382127680247862,TRACK
1.944,162.78097349010807,-531.7188302021183,1.2918827147777836,0.4976061192607405,0.565814556146333,0.307349458490047,0.6439020124065439,163.0,-531.000000000002,0.7514582300500217,163.99031132097502,-526.661162608826,1.3360932434838428,0.04421052870605924,0.3560979875934561,105.80999650418255,27.382127680247862,TRACK
2.0,162.80667449569725,-531.7028569845944,1.3092638211535568,0.5177890079903277,0.5551826272495828,0.3162485257968127,0.6389373049591066,163.0,-531.000000000002,0.7289600067247688,163.99031132097502,-526.661162608826,1.3402026720251283,0.030938850871571555,0.3610626950408934,107.83323183961853,38.16407685247388,TRACK
2.048,162.8339848883989,-531.6849339616091,1.3234518392364167,0.539587631322178,0.5446886585887237,0.3261972733998538,0.6348940037271436,163.0,-531.000000000002,0.7047663081069102,163.99031132097502,-526.661162608826,1.3445655444996338,0.021113705263217097,0.36510599627285645,107.83323183961853,38.16407685247388,TRACK
2.096,162.8587650690503,-531.6676470436531,1.3358794081139849,0.5637845344673746,0.534736445332393,0.33807867113886114,0.6326454408637918,163.0,-531.000000000002,0.6824220692624073,163.99031132097502,-526.661162608826,1.3485149251461759,0.012635517032191013,0.3673545591362082,86.38874201463193,64.52217605387244,TRACK
2.148,162.8852001296007,-531.6479830512267,1.345723140507631,0.5903267802665907,0.5255069816321942,0.3521049314182519,0.6325626217800346,163.0,-531.000000000002,0.6580737382072599,163.99031132097502,-526.661162608826,1.3527143254189717,0.006991184911340653,0.36743737821996536,86.38874201463193,64.52217605387244,TRACK
2.196,162.90918626872326,-531.6288988346017,1.3595868214510938,0.6191084875558548,0.5164784691630004,0.36802395164543367,0.6341858072313483,163.0,-531.000000000002,0.6354218110430592,163.99031132097502,-526.661162608826,1.356508380455382,-0.003078440995711862,0.3658141927686517,81.67756689556848,64.45405807673006,TRACK
2.248,162.9347246899037,-531.6072626087025,1.3682685689027023,0.6487015770559998,0.5076042244396998,0.3848440121219408,0.6369984005750262,163.0,-531.000000000002,0.6107607895353659,163.99031132097502,-526.661162608826,1.360532787227387,-0.007735781675315412,0.3630015994249738,81.67756689556848,64.45405807673006,TRACK
2.296,162.95787349361464,-531.58649216772,1.378930583465601,0.6779248392720045,0.4987361062780656,0.40159974004303267,0.6403280838039491,163.0,-531.000000000002,0.5880031507864577,163.99031132097502,-526.661162608826,1.3641700073613796,-0.014760576104221323,0.3596719161960509,65.32486480413496,74.11657969283178,TRACK
2.348,162.9824390596826,-531.5632551349507,1.3903715395899248,0.7060903849108777,0.48952362530741733,0.4174429362060602,0.6433443749054262,163.0,-531.000000000002,0.5635288223958899,163.99031132097502,-526.661162608826,1.368021597146618,-0.02234994244330668,0.3566556250945738,65.32486480413496,74.11657969283178,TRACK
2.392,163.00460250933276,-531.5412338619645,1.3974853141541796,0.7329195689778409,0.47979884348217094,0.4319096907249381,0.6455640256000488,163.0,-531.000000000002,0.5412534308685686,163.99031132097502,-526.661162608826,1.3714913435658456,-0.02599397058833408,0.3544359743999512,52.00442924984216,85.17584166931448,TRACK
2.448,163.02800620869547,-531.5168353434626,1.4054889749032262,0.7586840252544811,0.46939414782016087,0.4449620965803238,0.6467782722084691,163.0,-531.000000000002,0.5175935857171149,163.99031132097502,-526.661162608826,1.3751498144285137,-0.030339160474712523,0.35322172779153094,52.00442924984216,85.17584166931448,TRACK
2.496,163.04905748686406,-531.4938557894203,1.4134976947949025,0.7834094082557329,0.45860509939570326,0.45678461100237533,0.6472795516933423,163.0,-531.000000000002,0.496286386836625,163.99031132097502,-526.661162608826,1.3784365905940204,-0.035061104200882154,0.3527204483066577,53.95879540842574,86.64869050939109,TRACK
2.548,163.07129665236207,-531.4684609888168,1.4203239503892982,0.8072996104149958,0.4477800054591785,0.467836539675247,0.6475939786195752,163.0,-531.000000000002,0.47385536894639246,163.99031132097502,-526.661162608826,1.3819046985523618,-0.0384192518369364,0.35240602138042476,53.95879540842574,86.64869050939109,TRACK
2.596,163.0913294774323,-531.444539855653,1.4281524176023424,0.830569258571385,0.4371296863523394,0.47851868010794596,0.6481222800542698,163.0,-531.000000000002,0.45382458804064313,163.99031132097502,-526.661162608826,1.3850245810369273,-0.04312783656541508,0.35187771994573025,48.9024450593248,95.52575270652946,TRACK
2.648,163.1125037130756,-531.4180817494293,1.4343224385255624,0.8535053171665505,0.42665318988191014,0.4891205493449724,0.6490545864778531,163.0,-531.000000000002,0.43295431012982094,163.99031132097502,-526.661162608826,1.3883163376096816,-0.046006100915880754,0.3509454135221469,48.9024450593248,95.52575270652946,TRACK
2.696,163.13158252637257,-531.3931604053805,1.43868942783616,0.8759767392459288,0.4164409203803252,0.49964649076365175,0.6504380492403902,163.0,-531.000000000002,0.41459506220401127,163.99031132097502,-526.661162608826,1.3912771963772,-0.04741223145896001,0.34956195075960983,43.10384995249453,101.634099290461,TRACK
2.748,163.15174139291955,-531.3656636346138,1.444639398956625,0.8978572248809765,0.4063712769287986,0.5098446376182239,0.6519809577133372,163.0,-531.000000000002,0.39589814852139754,163.99031132097502,-526.661162608826,1.3944005040761418,-0.050238894880483276,0.3480190422866628,43.10384995249453,101.634099290461,TRACK
2.796,163.1698867470741,-531.3398834685156,1.4482135973653405,0.918826571244834,0.3964512040472462,0.5193793922514356,0.6533976662691579,163.0,-531.000000000002,0.37997668217961084,163.99031132097502,-526.661162608826,1.3972088265608344,-0.05100477080450605,0.34660233373084215,42.51626938995051,101.2913526688022,TRACK
2.844,163.18904493288505,-531.3116050908977,1.452114919783314,0.938672783053062,0.3866426102045166,0.5279318389299336,0.6543733907958843,163.0,-531.000000000002,0.36446634868204336,163.99031132097502,-526.661162608826,1.400172638679071,-0.05194228110424315,0.3456266092041157,42.51626938995051,101.2913526688022,TRACK
2.896,163.206269602104,-531.2852421280716,1.455892642030821,0.9573873964651263,0.3769142430209921,0.5353856325786124,0.6547534819790487,163.0,-531.000000000002,0.3520088356529723,163.99031132097502,-526.661162608826,1.4028374585180947,-0.0530551835127262,0.3452465180209513,44.26004058127904,100.79306539796303,TRACK
2.948,163.22444058693324,-531.2564354461881,1.4589947745461544,0.9751196303260629,0.36729896354516317,0.5418917892377958,0.6546413062622086,163.0,-531.000000000002,0.3407825041336212,163.99031132097502,-526.661162608826,1.4056493585323888,-0.053345416013765634,0.3453586937377914,44.26004058127904,100.79306539796303,TRACK
2.992,163.2407703608767,-531.2296145787896,1.4619703789683214,0.9921829943299949,0.3578155946420416,0.547798487785701,0.6543051145981809,163.0,-531.000000000002,0.33270590837623737,163.99031132097502,-526.661162608826,1.4081762508871563,-0.05379412808116513,0.34569488540181914,44.98640365165923,103.5016154692253,TRACK
3.048,163.25799856178807,-531.2002601908189,1.4649350272080564,1.0089435016534631,0.34853918111312643,0.5536466284017576,0.6542202610066755,163.0,-531.000000000002,0.32659975797711177,163.99031132097502,-526.661162608826,1.4108402066808132,-0.054094820527243126,0.3457797389933245,44.98640365165923,103.5016154692253,TRACK
3.092,163.2734966526098,-531.1728226517904,1.4669646408515729,1.0256680721245863,0.33955737996525936,0.5599356972104983,0.6548489896911183,163.0,-531.000000000002,0.32352447814642993,163.99031132097502,-526.661162608826,1.4132328402148646,-0.05373180063670824,0.34515101030888173,45.992544563827835,104.64879907845773,TRACK
3.148,163.28988100445054,-531.1426517242161,1.4688419821910033,1.042428414410406,0.33099158821317987,0.5670317541678074,0.6565671646545416,163.0,-531.000000000002,0.3230797288015575,163.99031132097502,-526.661162608826,1.4157565342937428,-0.05308544789726044,0.34343283534545843,45.992544563827835,104.64879907845773,TRACK
3.196,163.304658010679,-531.1143303562872,1.4700710824627201,1.0591856469101346,0.32289353608772847,0.5750806146908172,0.6595285809124616,163.0,-531.000000000002,0.32540426217116547,163.99031132097502,-526.661162608826,1.4180262215100201,-0.0520448609527,0.3404714190875384,47.50726027846278,101.00991198880769,TRACK
3.248,163.3203231572773,-531.0831222351608,1.4713193620497602,1.075614699948289,0.3153192851764109,0.5838570609766109,0.6635625963361774,163.0,-531.000000000002,0.3309323663014556,163.99031132097502,-526.661162608826,1.4204261630995632,-0.05089319895019706,0.3364374036638226,47.50726027846278,101.00991198880769,TRACK
3.296,163.3344816482786,-531.053849401681,1.4724188185859632,1.0914628793835586,0.3081965322491216,0.5929548337584003,0.6682668160007917,163.0,-531.000000000002,0.33878862303262874,163.99031132097502,-526.661162608826,1.422590704244725,-0.04982811434123824,0.33173318399920826,47.81663274778614,95.39075045936335,TRACK
3.344,163.34950342571014,-531.0217110904313,1.4733932290215839,1.1063941681896396,0.301435863289616,0.6017361984312968,0.6730156255093228,163.0,-531.000000000002,0.35017712094131564,163.99031132097502,-526.661162608826,1.4248849121967688,-0.048508316824815045,0.3269843744906772,47.81663274778614,95.39075045936335,TRACK
3.396,163.36307799308707,-530.9917427728215,1.4738873143509907,1.120236283354081,0.29491453159506775,0.6096475115519047,0.6772330981924672,163.0004314616755,-530.9826989329488,0.3627592835262604,163.99031132097502,-526.661162608826,1.4269584013632142,-0.04692891298777657,0.32276690180753276,48.018707282351144,91.42648591299054,TRACK
3.448,163.3774651669097,-530.9590586685624,1.4744180094831392,1.1329131267796522,0.28853119241985886,0.6162600457906934,0.6804606476771256,163.00125498793264,-530.9496765724374,0.3763271482283088,163.99031132097502,-526.661162608826,1.429158994332373,-0.045259015150766135,0.31953935232287445,48.018707282351144,91.42648591299054,TRACK
3.496,163.39044978107847,-530.9287736431187,1.4746785011107348,1.1444737406947822,0.2822247533868719,0.6213973402911607,0.6824847734163813,163.00201785033957,-530.9190867555333,0.3885526999116655,163.99031132097502,-526.661162608826,1.4311497833615798,-0.04352871774915501,0.31751522658361875,52.198921031077674,88.5519362692217,TRACK
3.548,163.40421171245237,-530.8958960179895,1.4747992539563872,1.1549682807720878,0.2760744739488199,0.62519997878985,0.6834413864004334,163.0028458110935,-530.8858865773143,0.40149069189241426,163.99031132097502,-526.661162608826,1.4332670743043625,-0.041532179652024714,0.3165586135995666,52.198921031077674,88.5519362692217,TRACK
3.596,163.41663999607437,-530.865504931183,1.4748442626357408,1.1646455945557908,0.2700713094771527,0.6279816608441545,0.6835930650315922,163.00361097108035,-530.8552046303631,0.4131574417634127,163.99031132097502,-526.661162608826,1.4351864384872464,-0.03965782414849439,0.31640693496840777,58.22220400341076,87.52045511805142,TRACK
3.648,163.42983831204424,-530.8325127424143,1.474787931971208,1.1736056844360134,0.26438117018814256,0.630250888568235,0.6834570840155959,163.00444143678814,-530.821904006665,0.42552913737116865,163.99031132097502,-526.661162608826,1.4372337467107204,-0.037554185260487705,0.3165429159844041,58.22220400341076,87.52045511805142,TRACK
3.696,163.4417911428542,-530.8019549915115,1.4746133248259121,1.1821228104000323,0.2590038186116904,0.6324800112360258,0.6834573451712702,163.00521045502208,-530.7910673488891,0.4367164271582323,163.99031132097502,-526.661162608826,1.4390956566137711,-0.035517668212140974,0.3165426548287298,63.85500540928099,86.13694743297965,TRACK
3.748,163.45452691943,-530.7686823302387,1.4744449753829572,1.1902234220446866,0.2540740552039116,0.6350626120242134,0.684001569237072,163.0060476234436,-530.7574979548544,0.4486187347639357,163.99031132097502,-526.661162608826,1.441088772260155,-0.033356203122802075,0.315998430762928,63.85500540928099,86.13694743297965,TRACK
3.796,163.46610108241177,-530.7377653338035,1.4741806276317835,1.1980776408914853,0.2495430742912031,0.6382271301554963,0.6852777652844324,163.00682535977643,-530.7263117123481,0.4594185181799463,164.2177842662969,-526.2174602137884,1.4060138040130672,-0.06816682361871629,0.3147222347155676,67.79356694868852,82.73544306384235,TRACK
3.848,163.47846873324156,-530.7040220974346,1.4739023998835132,1.2056093134514434,0.24544680195131335,0.6419655716992855,0.6872873691806927,163.00767402750952,-530.6922812104752,0.4709410826970867,164.2177842662969,-526.2174602137884,1.407479573973658,-0.06642282590985515,0.31271263081930734,67.79356694868852,82.73544306384235,TRACK
3.896,163.48973441218092,-530.6726329180757,1.473582736916927,1.2128710792146933,0.24168599686790326,0.6461570544301333,0.6898775689003509,163.00846334029538,-530.6606307668555,0.4814207061061789,164.2177842662969,-526.2174602137884,1.4088113850374955,-0.0647713518794315,0.3101224310996491,-0.7886853262411506,148.8520062756249,TRACK
3.948,163.50144825696105,-530.6383510226103,1.4729056261583469,1.2229698509447728,0.2359390839842595,0.6507456125503441,0.6921973010672998,163.00932502663213,-530.6260782354548,0.49227623864446807,164.2177842662969,-526.2174602137884,1.4101581610532856,-0.06274746510506124,0.3078026989327002,-0.7886853262411506,148.8520062756249,TRACK
3.996,163.5119022406551,-530.6064843105511,1.4720634258398893,1.233827587415079,0.22958736902554205,0.6553460902563547,0.6943981984642246,163.01012573643763,-530.5939707857744,0.5019325138771592,164.2177842662969,-526.2174602137884,1.411332935449501,-0.06073049039038825,0.30560180153577543,40.154470883024054,106.13321102022701,TRACK
4.044,163.52312885425093,-530.5717833325773,1.4704240678849314,1.2423075232001877,0.22479553522310836,0.6595392334901824,0.6967962637450499,163.01099756471038,-530.5590115755765,0.512290518654554,164.2177842662969,-526.2174602137884,1.412597072092165,-0.0578269957927664,0.3032037362549501,40.154470883024054,106.13321102022701,TRACK
4.096,163.5333130008216,-530.5396059729574,1.4689650506114718,1.2500399923117083,0.22037649997289382,0.6633270823306545,0.698976837880628,163.01180584905288,-530.5266003965503,0.5216692959755385,164.2177842662969,-526.2174602137884,1.4137368657608418,-0.05522818485062997,0.30102316211937197,45.588132272773265,100.9658415883963,TRACK
4.148,163.54411378643255,-530.5046041443825,1.4676694130379901,1.2575849076700079,0.21594232044062733,0.6667518343073675,0.7008488384163319,163.01517175940882,-530.4649654192865,0.5304252034728448,164.2177842662969,-526.2174602137884,1.4149334899168002,-0.05273592312118991,0.29915116158366806,45.588132272773265,100.9658415883963,TRACK
4.196,163.5538306335363,-530.4721695454992,1.4659005575657003,1.2653654659627616,0.2112145184179949,0.6698909758234279,0.7023998094249528,163.01764308704577,-530.4319878437826,0.5376910396913699,164.2177842662969,-526.2174602137884,1.4159933922805208,-0.04990716528517947,0.29760019057504716,50.22485860764647,96.9656764701459,TRACK
4.248,163.5640842496446,-530.4369018385479,1.4637657215100868,1.2732666704826596,0.20630416077747293,0.6728079310731272,0.7037271622361888,163.02032853873925,-530.3961529813145,0.5452804255683562,164.2177842662969,-526.2174602137884,1.4170925682682871,-0.04667315324179966,0.2962728377638112,50.22485860764647,96.9656764701459,TRACK
4.296,163.5733140213856,-530.4042329073399,1.4620075312136491,1.2810552730153608,0.2013981234502877,0.6755361119227961,0.7049186071037321,163.02281460897188,-530.362978679543,0.5520430367090773,164.2177842662969,-526.2174602137884,1.4180650162770894,-0.04394251493655976,0.2950813928962679,57.01108791963241,91.75887031898398,TRACK
4.348,163.5831290360932,-530.3687291207682,1.4600806155524522,1.2880870995560656,0.19697137923604136,0.6780662669821875,0.7060960180154733,163.02551520417856,-530.326941740935,0.5591774053516891,164.2177842662969,-526.2174602137884,1.419088775291518,-0.040991840260934165,0.2939039819845267,57.01108791963241,91.75887031898398,TRACK
4.396,163.59207293295134,-530.3358678239049,1.4585971692417474,1.294046914852887,0.1932473110940448,0.6803566965000017,0.7072692257672987,163.02801401322466,-530.2935974515111,0.5656405654702757,164.2177842662969,-526.2174602137884,1.4200189899328264,-0.038578179308921046,0.29273077423270133,61.7824078181105,88.01425984462745,TRACK
4.448,163.60170481773807,-530.3001961838128,1.456826298663049,1.2986188505229947,0.19044074596795305,0.6823294302681093,0.7084074598243818,163.03072609436092,-530.2574072438244,0.5725797725511503,164.2177842662969,-526.2174602137884,1.421027595436965,-0.035798703226083806,0.2915925401756182,61.7824078181105,88.01425984462745,TRACK
4.492,163.61057029362217,-530.2672226153196,1.4549365315176785,1.3019607813203413,0.1884305798674522,0.6839463999369105,0.7094284751938315,163.03323283206734,-530.2239571537813,0.5789563409072435,164.46709118367755,-525.7856479662065,1.3819531215249627,-0.0729834099927158,0.29057152480616855,65.81655292202073,84.55133657758871,TRACK
4.548,163.6201609117888,-530.2314708154154,1.4532264251205467,1.3043286235462712,0.18703211457373514,0.6852022746990232,0.7102697861620177,163.03595065634659,-530.1876903091772,0.5858484064075873,164.46709118367755,-525.7856479662065,1.3825516244585305,-0.07067480066201615,0.28973021383798225,65.81655292202073,84.55133657758871,TRACK
4.596,163.6289784215152,-530.1984481726547,1.4514257365750065,1.3062711770209041,0.18586521622802044,0.6861715820175861,0.7108989510275041,163.03846078325188,-530.1541949934184,0.5921734754044727,164.46709118367755,-525.7856479662065,1.3831042127736632,-0.06832152380134326,0.2891010489724959,-5.4885174888730575,156.94014032568333,TRACK
4.648,163.63809185859472,-530.162600342548,1.4496236321788565,1.3117238721310531,0.1821528324295992,0.687295000183569,0.7110232567500573,163.04118309895136,-530.1178682149762,0.5985825177668243,164.46709118367755,-525.7856479662065,1.3836125361874498,-0.06601109599140664,0.2889767432499427,-5.4885174888730575,156.94014032568333,TRACK
4.696,163.64617749090738,-530.1294396134454,1.4471922565003625,1.3186919142331686,0.17735707669236192,0.688538733159352,0.7110141487435715,163.04369942897432,-530.0842901243648,0.6041674366223727,164.46709118367755,-525.7856479662065,1.3840137022131593,-0.0631785542872032,0.2889858512564285,41.15058641727967,112.35101045522075,TRACK
4.748,163.6548983422056,-530.093452833875,1.4439959736410923,1.3237203098531038,0.17398013743421908,0.6897688852005551,0.7113720568116563,163.04642990691588,-530.0478544283715,0.6101746072464698,164.46709118367755,-525.7856479662065,1.3844440414050474,-0.059551932236044935,0.2886279431883437,41.15058641727967,112.35101045522075,TRACK
4.792,163.66280309966015,-530.0601391874707,1.4417939945851297,1.3286646053600821,0.17072594577169933,0.6912617804115756,0.7120324414079899,163.0522850626068,-529.9836313514809,0.6152932004624319,164.46709118367755,-525.7856479662065,1.3848109098061165,-0.05698308477901315,0.28796755859201006,49.038205462709314,105.90031600840724,TRACK
4.844,163.67118495435867,-530.0239196965604,1.4391007094670898,1.3338290381613342,0.16738819445313266,0.6931051922406828,0.7130312862373387,163.05688337111502,-529.9469377207191,0.6191063396380877,164.46709118367755,-525.7856479662065,1.3851679714015779,-0.05393273806551191,0.2869687137626613,49.038205462709314,105.90031600840724,TRACK
4.896,163.6787367719493,-529.9903510081695,1.4356985093311359,1.339337733481218,0.16386766299293948,0.695290061140197,0.7143394711865686,163.0611417935575,-529.9129563163714,0.6224254940579462,164.46709118367755,-525.7856479662065,1.3854546739886433,-0.05024383534249255,0.2856605288134314,52.39119107434918,101.87684764687582,TRACK
4.948,163.68674342090648,-529.9538457370817,1.4334191485873162,1.3448013786109103,0.1604048873879535,0.6976470951396239,0.7158499823669044,163.0657695600623,-529.8760276163777,0.6258308044205122,164.46709118367755,-525.7856479662065,1.3857240323006235,-0.04769511628669276,0.28415001763309555,52.39119107434918,101.87684764687582,TRACK
4.996,163.6940125670531,-529.9200395743918,1.430001609855822,1.349790245197884,0.15726736745465336,0.6999738814543958,0.7174234869199987,163.07005291129073,-529.8418472850408,0.6288399527169517,164.46709118367755,-525.7856479662065,1.3859437353896327,-0.04405787446618925,0.2825765130800013,57.73982498839504,95.69243675407145,TRACK
5.048,163.70183327971876,-529.8833363405141,1.427738781392215,1.3536782729003614,0.1548632010181558,0.7020240201990287,0.7189021741280214,163.07470222735958,-529.8047466236081,0.6320361543744857,164.46709118367755,-525.7856479662065,1.3861695604919229,-0.04156922090029225,0.2810978258719786,57.73982498839504,95.69243675407145,TRACK
5.092,163.709050473206,-529.84941891931,1.4248363858938682,1.3562968429482027,0.15328644983956238,0.7036301427428681,0.7201333997814332,163.07899850226016,-529.7704631638161,0.6349799189095153,164.46709118367755,-525.7856479662065,1.3863795303606377,-0.03845685553323053,0.2798666002185668,62.67287389752122,90.79565017624407,TRACK
5.148,163.71691418234883,-529.8126715925357,1.4222066966347322,1.357589562707402,0.15256500393405495,0.7046973691481763,0.7210232052505379,163.08365392323708,-529.7333137863735,0.6382133006833669,164.7376122568391,-525.3667994193652,1.3451237240183036,-0.0770829726164286,0.27897679474946213,62.67287389752122,90.79565017624407,TRACK
5.196,163.72421510819072,-529.7787708285312,1.4194306281028426,1.3579697757250806,0.1524031701542447,0.7052463608128725,0.7215255752313039,163.08794943760986,-529.6990363954492,0.6412422189614525,164.7376122568391,-525.3667994193652,1.3450199215821061,-0.07441070652073645,0.2784744247686961,-10.65463845856523,165.58891302240954,TRACK
5.248,163.73176655086039,-529.7420151468425,1.416743549540242,1.3615387745790535,0.14988907856916303,0.7058041458942576,0.7215443355995771,163.0926010613419,-529.6619173193018,0.6441647188166663,164.7376122568391,-525.3667994193652,1.3448264746533554,-0.0719170748868867,0.2784556644004229,-10.65463845856523,165.58891302240954,TRACK
5.296,163.73849016956336,-529.7080718240878,1.4133503972004196,1.366332772788212,0.14645428744583552,0.7062760899174798,0.7213007510743292,163.09689290060615,-529.627669255047,0.6466155184046593,164.7376122568391,-525.3667994193652,1.3445902392867208,-0.06876015791369872,0.2786992489256708,37.85923747367157,119.6478245781908,TRACK
5.348,163.74582053540382,-529.6713200053958,1.4099264617492424,1.368988237177153,0.14453428768904103,0.7064474688731642,0.721081262130059,163.10154062957892,-529.5905812583405,0.6493191375015877,164.7376122568391,-525.3667994193652,1.344341411437358,-0.06558505031188444,0.27891873786994104,37.85923747367157,119.6478245781908,TRACK
5.392,163.7524852298153,-529.6373760800349,1.4061392555979937,1.3717627432315784,0.14254401708161157,0.7066986438579815,0.7209311825940622,163.10583163214247,-529.556339870799,0.651711395167023,164.7376122568391,-525.3667994193652,1.3440843332090886,-0.06205492238890509,0.2790688174059378,45.34418841605018,114.37041003500389,TRACK
5.448,163.7595343534991,-529.6005518854162,1.402594113265952,1.375226343958068,0.14009963589785226,0.7072092745951117,0.7209527488345231,163.1156690190659,-529.4870210550129,0.653797995054162,164.7376122568391,-525.3667994193652,1.343760207230698,-0.05883390603525407,0.2790472511654769,45.34418841605018,114.37041003500389,TRACK
5.492,163.76584592375008,-529.566489325533,1.3987328999160342,1.3795533595485996,0.13708662974694108,0.7080588609683584,0.7212073867142405,163.12168437700282,-529.4529062649067,0.6540987769206225,164.7376122568391,-525.3667994193652,1.3434081575690238,-0.05532474234701046,0.27879261328575955,51.68843196012597,108.79786715629038,TRACK
5.548,163.77250503468633,-529.5295051402237,1.3942778839858705,1.384143944051326,0.13392724832953487,0.7091702761341999,0.7217056106179155,163.12820984194718,-529.4158985142031,0.6542344846173682,164.7376122568391,-525.3667994193652,1.3429752686365084,-0.05130261534936209,0.2782943893820845,51.68843196012597,108.79786715629038,TRACK
5.596,163.77853856463756,-529.4952924550274,1.3913269816139087,1.3883845366554843,0.13104720064187725,0.7104281757101069,0.7224137053232468,163.13424248888376,-529.3816856733076,0.6542353812539307,164.7376122568391,-525.3667994193652,1.3425389059881672,-0.0487880756257415,0.2775862946767532,58.68973220361009,101.7721174146282,TRACK
5.648,163.7850602622847,-529.4581698491796,1.3878228720717123,1.3913682509370309,0.12907672227300157,0.7116420074179044,0.7232531693359707,163.14078748161666,-529.3445671750119,0.6542117268039437,164.7376122568391,-525.3667994193652,1.3420514784838404,-0.045771393587871856,0.2767468306640293,58.68973220361009,101.7721174146282,TRACK
5.696,163.79114045882574,-529.4238668309117,1.38353309748413,1.3927716028591435,0.1282346359224969,0.7126934796917843,0.7241381897437527,163.14683698358812,-529.3102587444632,0.654242894886726,164.7376122568391,-525.3667994193652,1.3416058307258583,-0.04192726675827174,0.27586181025624734,61.019365525427716,99.28907423912553,TRACK
5.748,163.7978523141849,-529.3866857169796,1.3807317251033289,1.3925717425208375,0.12852846288241063,0.7135082594195155,0.7249921392889593,163.15339771574935,-529.2730509834339,0.6543963494035753,164.7376122568391,-525.3667994193652,1.3411429723918862,-0.03958875271144269,0.27500786071104066,61.019365525427716,99.28907423912553,TRACK
5.796,163.80417174195725,-529.3523563050763,1.3771642003936941,1.3912322796140857,0.12962266171364772,0.7140989970841467,0.7257681531083566,163.1594589450026,-529.2386760441653,0.6546585310510205,165.02867492776977,-524.9619558967465,1.2988036096341742,-0.07836059075951995,0.27423184689164337,66.99748103827997,93.71620585303953,TRACK
5.848,163.8111385957946,-529.3151607443788,1.3739556056927558,1.3892709500338112,0.13114701555760513,0.7145190835690991,0.7264551331459445,163.16602983685118,-529.2014106646858,0.6550606013917195,165.02867492776977,-524.9619558967465,1.298077566608552,-0.07587803908420376,0.27354486685405555,66.99748103827997,93.71620585303953,TRACK
5.896,163.8176247748191,-529.2808154673482,1.3705916695014633,1.387473228045956,0.13254061549946694,0.7148717160008242,0.7270547332181674,163.17209880736647,-529.1669918225385,0.6554842460146825,165.02867492776977,-524.9619558967465,1.2974077416303649,-0.0731839278710984,0.2729452667818326,-8.116197751954942,169.78042518062637,TRACK
5.948,163.82426755770888,-529.2435074745013,1.367391790052004,1.3899679855182645,0.13086243875579917,0.7157781057168207,0.7276422709688294,163.1786791543102,-529.1296728205497,0.6555476451358278,165.02867492776977,-524.9619558967465,1.296581045612152,-0.07081074443985202,0.2723577290311706,-8.116197751954942,169.78042518062637,TRACK
6.0,163.83011518142558,-529.2089903493801,1.3628235406274964,1.3945282330734026,0.12769950812557102,0.7169431393911279,0.7282270452925509,163.18475825778125,-529.0951965115547,0.6553125944331439,165.02867492776977,-524.9619558967465,1.2957385636610748,-0.06708497696642168,0.2717729547074491,40.257765874781484,122.42571343936143,TRACK
6.048,163.83647532213732,-529.1715817581003,1.3595749321844481,1.3972829821208772,0.12581331968752765,0.717801635756827,0.7287442484891202,163.19134728536568,-529.0578282792061,0.6550801766115022,165.02867492776977,-524.9619558967465,1.294815356113234,-0.06475957607121408,0.2712557515108798,40.257765874781484,122.42571343936143,TRACK
6.096,163.84227453200586,-529.1370197637992,1.3553067634258864,1.3998307115721769,0.12406456308834331,0.7185856050203783,0.7292169002133759,163.20445958473718,-528.9914426642168,0.6542175470607405,165.02867492776977,-524.9619558967465,1.2939310806367117,-0.06137568278917471,0.27078309978662407,46.633940847202574,116.89237613300838,TRACK
6.148,163.84847042884843,-529.0995440147962,1.3503477546427327,1.402324421587826,0.12234511783241273,0.7193212615531971,0.7296515642276866,163.21289643712836,-528.954478398694,0.6519189611646985,165.02867492776977,-524.9619558967465,1.292935467139668,-0.05741228750306471,0.2703484357723134,46.633940847202574,116.89237613300838,TRACK
6.196,163.85410843218241,-529.064920546745,1.3463804035432727,1.4047948690356702,0.12063476756804145,0.7200216078822463,0.7300574381262961,163.22068688594445,-528.9203462122782,0.6497111615364358,165.02867492776977,-524.9619558967465,1.2919805356119163,-0.05439986793135643,0.2699425618737039,54.52586252450604,110.00346605719054,TRACK
6.248,163.86017706074983,-529.0273870106802,1.3430931613626487,1.4067929678719933,0.11925913735378098,0.7206436147908599,0.7304450433682231,163.22912997300816,-528.8833546308704,0.6472756394156413,165.02867492776977,-524.9619558967465,1.2909177497997957,-0.05217541156285299,0.26955495663177687,54.52586252450604,110.00346605719054,TRACK
6.296,163.8657748977065,-528.99272094967,1.338868935547806,1.4081615892279093,0.1183360004223239,0.721191711146554,0.730835749825121,163.2369276731595,-528.8491906742789,0.6450192026399713,165.02867492776977,-524.9619558967465,1.2899175273209116,-0.04895140822689448,0.269164250174879,57.02648292054933,108.45051556669596,TRACK
6.348,163.87188121690716,-528.9551472652809,1.3350209370957744,1.4086967538170239,0.11801862566352947,0.721674411018346,0.7312607958329127,163.24538133634877,-528.8121527558374,0.6426114923269395,165.02867492776977,-524.9619558967465,1.2888234699073438,-0.04619746718843065,0.2687392041670873,57.02648292054933,108.45051556669596,TRACK
6.396,163.87758420496436,-528.9204443715976,1.3309132924487996,1.4084226850968729,0.11829639459844171,0.7221303002692365,0.7317555654328349,163.25319223366535,-528.7779309786871,0.6404493742533676,165.02867492776977,-524.9619558967465,1.2878099107877168,-0.04310338166108285,0.26824443456716507,63.10861707319356,103.16791436862397,TRACK
6.448,163.883869328257,-528.8828261022271,1.3271887106677152,1.4073102408316567,0.11919637095859736,0.7225845851684527,0.732349819125235,163.26166442278964,-528.7408118928208,0.6382060639487324,165.33955556880917,-524.5721239031359,1.2451288245394707,-0.08205988612824444,0.267650180874765,63.10861707319356,103.16791436862397,TRACK
6.492,163.88976467451187,-528.8480700291843,1.3232477872767392,1.405719958277678,0.12046454089821343,0.7231096796298073,0.7330752446973912,163.26949638166093,-528.7064978389701,0.6362196477304576,165.33955556880917,-524.5721239031359,1.243903048202086,-0.07934473907465311,0.26692475530260884,-11.235940060230888,177.97862968838584,TRACK
6.548,163.89589745569936,-528.8102857641106,1.3185428205400354,1.4071831024374457,0.11958028649963003,0.7243384605246422,0.7341427996749286,163.27799703889787,-528.6692540261529,0.633790877336395,165.33955556880917,-524.5721239031359,1.2424904533613004,-0.07605236717873498,0.26585720032507143,-11.235940060230888,177.97862968838584,TRACK
6.596,163.9013616586338,-528.7752890221656,1.315056025158421,1.410248517861254,0.11757033262167127,0.7260045760237827,0.7354627302047622,163.28585986062518,-528.6348047532948,0.6313305735919806,165.33955556880917,-524.5721239031359,1.241114626341582,-0.07394139881683892,0.26453726979523784,37.86324692870075,128.71129142341584,TRACK
6.648,163.90741938364454,-528.7373394008356,1.3106447842750835,1.4110412340843603,0.11719386531489334,0.7273331179825735,0.736714236717126,163.29439267410842,-528.5974200547572,0.6287918336076569,165.33955556880917,-524.5721239031359,1.2396265287977677,-0.07101825547731577,0.263285763282874,37.86324692870075,128.71129142341584,TRACK
6.696,163.91301463728485,-528.7022482154639,1.3058150263971962,1.4116160450814779,0.1169747369152622,0.7286397533573037,0.7379694975058164,163.3022824736192,-528.5628525845071,0.626438279214776,165.33955556880917,-524.5721239031359,1.2382262326609617,-0.0675887937362345,0.2620305024941836,40.64644968423911,125.46667691809907,TRACK
6.748,163.91901353529374,-528.6641575000228,1.3013227577546451,1.4126600554738045,0.11641077713173024,0.7299956551509084,0.7392192675868353,163.31961303536926,-528.4955123484812,0.6226733866548654,165.33955556880917,-524.5721239031359,1.236664356046766,-0.06465840170787907,0.2607807324131647,40.64644968423911,125.46667691809907,TRACK
6.792,163.9244559018488,-528.6289244310993,1.2964355880331895,1.4143732972960672,0.11535092793292762,0.7314049700819676,0.7404451815195986,163.32919813899872,-528.4614448650415,0.6183697997802082,165.33955556880917,-524.5721239031359,1.2351716889485715,-0.061263899084617934,0.2595548184804014,47.427134654044536,119.09569937553407,TRACK
6.848,163.93027096913517,-528.5906869744146,1.2919234628572196,1.416304519089295,0.11411797912230923,0.7327807274700848,0.7416134489817094,163.33959387869768,-528.4244962097396,0.6136112738786198,165.33955556880917,-524.5721239031359,1.2335036793712393,-0.058419783485980314,0.25838655101829056,47.427134654044536,119.09569937553407,TRACK
6.896,163.93559481398964,-528.5553388313467,1.2863198955288866,1.4180605640033632,0.11299638849336831,0.7340543493918572,0.7427004589157374,163.34920029007498,-528.3903529940621,0.6091624284060835,165.33955556880917,-524.5721239031359,1.2319234312707465,-0.05439646425814004,0.25729954108426256,52.622321076965925,114.37586981964057,TRACK
6.948,163.94139163116623,-528.517010412669,1.282617991175483,1.4189842126654395,0.11246469120926186,0.7351150682044724,0.7436682528319066,163.35961840643785,-528.3533248073691,0.6043616983175533,165.33955556880917,-524.5721239031359,1.2301854205322533,-0.05243257064322959,0.25633174716809337,52.622321076965925,114.37586981964057,TRACK
6.996,163.94682671919185,-528.4816130742861,1.2778618137010558,1.4187937219175901,0.11273289947283902,0.7359303867085822,0.7445147686275918,163.36924580409348,-528.3191070020245,0.600006614136686,165.33955556880917,-524.5721239031359,1.2285705184647229,-0.04929129523633291,0.2554852313724082,57.64167440831929,110.14772907636842,TRACK
7.048,163.9528702035327,-528.4432604171462,1.2735359389476901,1.4172897974660605,0.11395368310547094,0.7364976359557474,0.7452611687601244,163.37968833401118,-528.2819920443994,0.5954367670849716,165.66948128170066,-524.1982726222919,1.1865151605350914,-0.0870207784125987,0.2547388312398756,57.64167440831929,110.14772907636842,TRACK
7.096,163.95860802997612,-528.4078515529286,1.2682356476784524,1.4147856565564958,0.11590821183507137,0.7369130982914496,0.7459729405308931,163.38934094389796,-528.2476846294585,0.5913699845830835,165.66948128170066,-524.1982726222919,1.1847644489014597,-0.08347119877699272,0.25402705946910686,-14.023885171016374,182.84644217541,TRACK
7.148,163.9646578856009,-528.3693695538188,1.2646119618415133,1.4148117662698099,0.1160605197826673,0.7380069694359253,0.7470771922554065,163.39981766290657,-528.2104481565809,0.5867712396440639,165.66948128170066,-524.1982726222919,1.1827927840756787,-0.08181917776583458,0.2529228077445935,-14.023885171016374,182.84644217541,TRACK
7.196,163.97012136400448,-528.3337327122742,1.2594831646981899,1.4161672108071248,0.11527720121820093,0.7395564997294026,0.7484869066407959,163.40950958581578,-528.1760010148522,0.5823786175809805,165.66948128170066,-524.1982726222919,1.1809083002716516,-0.07857486442653827,0.25151309335920413,32.400175468651526,136.68931753826067,TRACK
7.248,163.97622348867765,-528.2950950538719,1.2544740037742454,1.4154617132714609,0.116002173784271,0.7407728871473336,0.7498006232694612,163.4200307221148,-528.1386066735399,0.5777880292596635,165.66948128170066,-524.1982726222919,1.1788687063966496,-0.0756052973775958,0.2501993767305388,32.400175468651526,136.68931753826067,TRACK
7.296,163.98187595652678,-528.2593488089989,1.248136584225549,1.4149367696275603,0.11661732435969276,0.7421520788451115,0.751258483130097,163.4297650316349,-528.1040088808408,0.5735477021705665,165.66948128170066,-524.1982726222919,1.1769517896502728,-0.07118479457527616,0.24874151686990298,38.152389143098645,130.2528807556688,TRACK
7.348,163.98794823780548,-528.220511390513,1.2426091636500267,1.4152052241673938,0.11667238482508324,0.7438045525964245,0.7528995004938837,163.4403360597548,-528.066437213456,0.568874282759577,165.66948128170066,-524.1982726222919,1.1748194424558764,-0.06778972119415028,0.24710049950611634,38.152389143098645,130.2528807556688,TRACK
7.396,163.9934628850146,-528.1845420838976,1.237501026600052,1.4164217830374406,0.11604801936940504,0.7457491532588147,0.754724414860021,163.4600990189936,-528.0053413553385,0.5626632338201721,165.66948128170066,-524.1982726222919,1.1727877067716939,-0.06471331982835804,0.24527558513997905,46.10690686913009,122.04568511089593,TRACK
7.448,163.99937368054543,-528.145456181046,1.23199526344735,1.4179289434583795,0.11521541327844446,0.7478151418881123,0.7566386706308766,163.47249869339007,-527.9684355998392,0.5558179002702123,165.66948128170066,-524.1982726222919,1.1705244420950998,-0.06147082135225035,0.24336132936912336,46.10690686913009,122.04568511089593,TRACK
7.496,164.0048199038827,-528.1092833697664,1.2277970862393575,1.4191345592647093,0.11460206379850219,0.749839924474243,0.7585469961461943,163.48397177571906,-527.9342877054897,0.5494599668103298,165.66948128170066,-524.1982726222919,1.1683883156452184,-0.05940877059413907,0.24145300385380575,49.31366211002739,118.13078679607716,TRACK
7.548,164.0108032648177,-528.0700312975346,1.2228077515775828,1.4192723379558427,0.11476396314694545,0.7515925909304955,0.7603040115498593,163.4964289775987,-527.8972107281372,0.5426304972620648,165.66948128170066,-524.1982726222919,1.1660457543894105,-0.05676199718817232,0.23969598845014073,49.31366211002739,118.13078679607716,TRACK
7.592,164.01647927912882,-528.033769868901,1.2174730875534219,1.4179562362700924,0.11598418039743501,0.7529414345579045,0.7618222456561504,163.50795212226166,-527.8629138308223,0.5364621655059575,165.66948128170066,-524.1982726222919,1.1638760184132915,-0.053597069140130404,0.23817775434384958,51.42953156383381,116.04181371336048,TRACK
7.648,164.02285894183416,-527.9944822349956,1.2126143930203441,1.4150990932532543,0.11832975469813548,0.7538479299025633,0.7630783919528196,163.52046025866218,-527.8256852545718,0.5299970353248631,165.66948128170066,-524.1982726222919,1.1615341155109447,-0.051080277509399474,0.23692160804718043,51.42953156383381,116.04181371336048,TRACK
7.696,164.02897335426601,-527.9582206458425,1.207426255949286,1.4111160245791703,0.12149859786940434,0.7544085753448888,0.7641297061612877,163.53202792015014,-527.79125585966,0.5242442220125729,166.01763181913816,-523.8413315074039,1.1208013859633588,-0.08662486998592733,0.23587029383871227,57.64092385659862,110.91853868248936,TRACK
7.748,164.0358314438402,-527.9189368196729,1.2015541564775216,1.4065007390287934,0.12513430690295943,0.7547759424233628,0.7650786351906316,163.54458343561654,-527.7538862667857,0.5182338184565919,166.01763181913816,-523.8413315074039,1.1183946122275459,-0.08315954424997574,0.23492136480936843,57.64092385659862,110.91853868248936,TRACK
7.796,164.04232089670012,-527.8826517657097,1.1977209467059091,1.402052093040534,0.12865622659043224,0.7551828810567327,0.766063710458625,163.55619622293807,-527.7193225616552,0.5128290429932288,166.01763181913816,-523.8413315074039,1.1161660565299387,-0.0815548901759704,0.23393628954137502,-8.864235697249768,178.59078424443297,TRACK
7.848,164.0491570510234,-527.8431702662116,1.1918416735072768,1.4011020264621505,0.12963912445971185,0.756609734693668,0.7676357164853023,163.5688091914436,-527.6817819684991,0.5067348900968273,166.01763181913816,-523.8413315074039,1.1136556688417913,-0.07818600466548542,0.23236428351469773,-8.864235697249768,178.59078424443297,TRACK
7.892,164.05530475311718,-527.8065637151406,1.1867509140352899,1.4022650347471277,0.12909242533265686,0.7587190957771546,0.7696229730037758,163.58048437439038,-527.6470325522267,0.5009037671997507,166.01763181913816,-523.8413315074039,1.1112504769591083,-0.07550043707618159,0.2303770269962242,34.17062918129936,135.20514261465576,TRACK
7.948,164.0620986244206,-527.766852338395,1.181050198778229,1.4019453135566287,0.12963805639306067,0.7604555249657341,0.7714263614346353,163.5931624544187,-527.6092981644706,0.49469632023803767,166.01763181913816,-523.8413315074039,1.1086226708612514,-0.07242752791697749,0.22857363856536472,34.17062918129936,135.20514261465576,TRACK
7.996,164.06840567663633,-527.7301080957026,1.176642443029851,1.4015446170517416,0.1302536590618671,0.7622228608598625,0.7732720771606837,163.61406530800025,-527.5517926410771,0.4880794729658901,166.01763181913816,-523.8413315074039,1.1061539698722869,-0.07048847315756412,0.2267279228393163,38.957701497468605,129.0329307217517,TRACK
8.048,164.0752765799659,-527.6902074215946,1.1713429108701061,1.4010959990633813,0.13091134310847635,0.7640070891321624,0.7751416722113869,163.62855207076504,-527.5148809715377,0.4798980633533607,166.01763181913816,-523.8413315074039,1.103431497762003,-0.06791141310810311,0.22485832778861314,38.957701497468605,129.0329307217517,TRACK
8.092,164.0816639340884,-527.6532922518257,1.1656132372414625,1.400522524412744,0.13166683016370248,0.765777720833434,0.7770145892389705,163.641958962922,-527.480720767434,0.4723572576912616,166.01763181913816,-523.8413315074039,1.1008751892505693,-0.06473804799089322,0.2229854107610295,41.23907759124133,126.70929928415629,TRACK
8.148,164.08866974569702,-527.61322157955,1.1590254238582263,1.3995336107778231,0.13273794081828294,0.7674619665516602,0.7788563609780815,163.65652154650266,-527.4436159096065,0.4642393233494046,166.01763181913816,-523.8413315074039,1.0980666898776168,-0.06095873398060947,0.22114363902191847,41.23907759124133,126.70929928415629,TRACK
8.196,164.0952503597259,-527.5761725495787,1.1546535058931513,1.3979438475927832,0.1342633054924461,0.7689994551325361,0.780632306016024,163.66999975787493,-527.4092739871057,0.45682951363736113,166.01763181913816,-523.8413315074039,1.0954455539852521,-0.05920795190789918,0.21936769398397604,49.43100241739252,118.38458935693261,TRACK
8.248,164.10256585686423,-527.535998344782,1.1494477533153447,1.3953900861547919,0.13651007161658107,0.7702529473523851,0.7822560978080006,163.68463888644095,-527.3719740958362,0.4489620327482196,166.01763181913816,-523.8413315074039,1.0925904956541215,-0.05685725766122318,0.21774390219199935,49.43100241739252,118.38458935693261,TRACK
8.296,164.10950822535517,-527.4988896251967,1.1438899711939665,1.3920401050996705,0.13935298346387848,0.7712488294215885,0.7837372077963726,163.69818568227555,-527.3374574229755,0.4418671637036278,166.38314162403026,-523.5021879703237,1.0535754879250623,-0.09031448326890423,0.21626279220362743,49.83925006309164,118.23536628575462,TRACK
8.348,164.1172345346554,-527.4586642041168,1.137576422656775,1.3881746817813283,0.14258344415697388,0.772059765623907,0.7851154821062358,163.7128970615702,-527.2999734398518,0.4343633856622033,166.38314162403026,-523.5021879703237,1.0506859666191153,-0.08689045603765977,0.21488451789376417,49.83925006309164,118.23536628575462,TRACK
8.396,164.12454074893984,-527.4215069418207,1.1334231509016286,1.3841261280924186,0.14595371785930925,0.7727772185645374,0.7864395191553497,163.7265089300958,-527.2652909644783,0.42758947647168966,166.38314162403026,-523.5021879703237,1.0480052721419928,-0.0854178787596358,0.2135604808446503,-11.39228127382087,180.0889651079708,TRACK
8.448,164.13231504259014,-527.3810712295177,1.1283386480026842,1.3829747475522876,0.1471968931009554,0.7744686402598928,0.7883327977983545,163.7412982312351,-527.2276084397324,0.42005353779124444,166.38314162403026,-523.5021879703237,1.045005315662407,-0.08333333234027718,0.21166720220164548,-11.39228127382087,180.0889651079708,TRACK
8.492,164.13945833551153,-527.3436207426181,1.1224423705030269,1.3827446732886253,0.1477644914008174,0.7764810831452931,0.7904158509300214,163.75498807567496,-527.1927272849697,0.4130208424037411,166.38314162403026,-523.5021879703237,1.04216899152174,-0.08027337898128684,0.20958414906997858,26.749529769635473,141.5437969194183,TRACK
8.544,164.14742957658225,-527.3030456598165,1.1167672079726925,1.380659458533364,0.1496995035403794,0.7778142229016215,0.7920889512600775,163.76985106219368,-527.1548570129389,0.4056173191461131,166.38314162403026,-523.5021879703237,1.0390891855969968,-0.07767802237569565,0.2079110487399225,26.749529769635473,141.5437969194183,TRACK
8.596,164.15488952903837,-527.2655374647991,1.1096020651140606,1.3784848002711354,0.15170016396042954,0.779076500221122,0.7937084684834936,163.791576437003,-527.1016043547992,0.39858558353075346,166.38314162403026,-523.5021879703237,1.0362112401185746,-0.07339082499548599,0.20629153151650637,33.14149619364147,134.3944433043174,TRACK
8.648,164.16304850111734,-527.2248318479718,1.1033638825410659,1.3765504951441887,0.1535212647981407,0.7803798384041856,0.7953373315348423,163.8082167380816,-527.0647256593527,0.3892808391035956,166.38314162403026,-523.5021879703237,1.0330462574083106,-0.0703176251327553,0.20466266846515768,33.14149619364147,134.3944433043174,TRACK
8.696,164.1706220838998,-527.1871776511535,1.0985664326046805,1.3750602970736514,0.15501286324076208,0.7818087467625798,0.7970281703205822,163.8236140677329,-527.0306016715585,0.38069751860264356,166.38314162403026,-523.5021879703237,1.0300724412559226,-0.06849399134875789,0.20297182967941785,40.77095088095538,126.41910934790718,TRACK
8.748,164.17889898761382,-527.1463120462671,1.0914047556100637,1.3736195914553784,0.15646828995095202,0.7832326413621509,0.7987087681096952,163.84033429580242,-526.9935458397044,0.3714344685255974,166.38314162403026,-523.5021879703237,1.026799355850057,-0.06460539976000668,0.20129123189030484,40.77095088095538,126.41910934790718,TRACK
8.792,164.18663091202822,-527.1085346624851,1.0866742748150564,1.371966347092156,0.1580830039897908,0.7845613069623785,0.8003291076381963,163.85580459169694,-526.9592601421041,0.36294481213942514,166.38314162403026,-523.5021879703237,1.0237357755582774,-0.06293849925677897,0.1996708923618037,43.14333604167907,123.02361966883328,TRACK
8.848,164.19516156685677,-527.0675822217494,1.0810482107280235,1.3696698467704316,0.16017182163166369,0.7856062775545449,0.8017681932939933,163.87260029750814,-526.9220370343916,0.35387734322335035,166.38314162403026,-523.5021879703237,1.0203850137284436,-0.060663196999579894,0.1982318067060067,43.14333604167907,123.02361966883328,TRACK
8.896,164.20322449113834,-527.0297837546368,1.0750233515117735,1.366498100904407,0.1629038402803963,0.7862579031062473,0.8029565065276786,163.88813448831655,-526.887609731116,0.3456807238512781,166.7651019814115,-523.1816851753206,0.9834275517961288,-0.09159579971564469,0.19704349347232142,44.17611156653853,121.4952646523584,TRACK
8.948,164.2122049293466,-526.9888668176823,1.069525175303865,1.3623748263200992,0.16633275335320372,0.7864700972900405,0.8038667792423465,163.90499296813752,-526.8502475019069,0.3370378373654211,166.7651019814115,-523.1816851753206,0.9801116360041634,-0.08941353929970164,0.1961332207576535,44.17611156653853,121.4952646523584,TRACK
8.996,164.22073305622683,-526.951138026609,1.0627385398627993,1.357508960369078,0.17030054818130455,0.7863113314811747,0.8045419732534472,163.92057973036742,-526.8157036883932,0.3292939097408381,166.7651019814115,-523.1816851753206,0.9770488014446364,-0.08568973841816296,0.19545802674655277,-14.5585164129469,180.65292159676864,TRACK
9.048,164.2299287346778,-526.9101426481916,1.0581146990306105,1.3549222251284718,0.17258934589165,0.78703279711829,0.8057342651613788,163.93750402656678,-526.7781955951061,0.32081495403386534,166.7651019814115,-523.1816851753206,0.9736522847290637,-0.08446241430154677,0.1942657348386212,-14.5585164129469,180.65292159676864,TRACK
9.096,164.2384665153781,-526.8722353566737,1.0517591364435794,1.3529361468270147,0.1744377257692177,0.7879786521112402,0.8070556835526181,163.95315933994775,-526.7434998566356,0.3130064109920347,166.7651019814115,-523.1816851753206,0.970465231397224,-0.08129390504635547,0.19294431644738186,24.93821970048557,140.8952076372735,TRACK
9.144,164.2479866254601,-526.8312254762301,1.0456592483079254,1.3493442288197999,0.17746218576350542,0.7882141653199723,0.807944551183447,163.97014395272822,-526.7058580880733,0.30481721211906365,166.7651019814115,-523.1816851753206,0.9670115257273192,-0.07864772258060626,0.192055448816553,24.93821970048557,140.8952076372735,TRACK
9.196,164.2569178018976,-526.7933661827088,1.0379901708187913,1.345761339998247,0.1804735822697141,0.7883965560504366,0.8087891217675053,163.98584781778604,-526.6710547480338,0.29738699255095064,166.7651019814115,-523.1816851753206,0.963795144646729,-0.0741950261720623,0.19121087823249472,30.063538545303302,134.8313561422769,TRACK
9.248,164.26666682734688,-526.7523063543499,1.031336816629527,1.3429260150410118,0.18292626899932007,0.788821990771696,0.8097543782005956,164.01082714960796,-526.6211450045886,0.28750172238921873,166.7651019814115,-523.1816851753206,0.9602582872854972,-0.0710785293440297,0.1902456217994044,30.063538545303302,134.8313561422769,TRACK
9.296,164.27568999942935,-526.714340533696,1.0252091244955692,1.3410078539407337,0.18469603795086326,0.7895684029361486,0.8108827839767515,164.02811807219942,-526.5874178123047,0.2782107768540314,166.7651019814115,-523.1816851753206,0.9569324644075775,-0.06827666008799171,0.1891172160232485,38.055134169628225,126.76715124027243,TRACK
9.348,164.28552107562567,-526.6731598445921,1.0201326570871916,1.3394091848884349,0.18622312983560352,0.7903971770312608,0.8120386391944378,164.04688227932968,-526.5508168722109,0.2681721051650451,166.7651019814115,-523.1816851753206,0.9532697394297611,-0.06686291765743047,0.18796136080556225,38.055134169628225,126.76715124027243,TRACK
9.396,164.29468815962778,-526.635126003093,1.013598424073166,1.337610670480776,0.1878883552418988,0.7910882593345914,0.8130945013296669,164.06423076839943,-526.516977392357,0.25897819095555696,166.7651019814115,-523.1816851753206,0.9498434377450206,-0.06375498632814536,0.18690549867033313,37.32640911278027,126.40317306463795,TRACK
9.448,164.304788624466,-526.593950805865,1.0076270626298216,1.3350269901538867,0.1901113288567739,0.7913481191403728,0.8138637250957277,164.0830488133617,-526.4802714376868,0.24918174607695087,166.7651019814115,-523.1816851753206,0.9461015319524535,-0.0615255306773681,0.18613627490427231,37.32640911278027,126.40317306463795,TRACK
9.496,164.31433641225968,-526.5560187390655,1.000236544103943,1.331238343811724,0.19319164975247688,0.7909642645209216,0.8142158689703893,164.10043522023926,-526.4463579964125,0.24037304014168714,166.7651019814115,-523.1816851753206,0.942639053427719,-0.057597490676223884,0.18578413102961067,42.82838038544741,120.88451680249668,TRACK
9.548,164.32499386336093,-526.515058609177,0.995365778899776,1.325993523454836,0.19730741628984844,0.7898199538804525,0.8140919948449902,164.1192818790564,-526.4095962283535,0.23117035764879681,167.16256327765092,-522.8806199428423,0.9079070758099566,-0.0874587030898194,0.18590800515500983,42.82838038544741,120.88451680249668,TRACK
9.596,164.33513142639396,-526.4773843184605,0.9881638160793081,1.3196807157985826,0.20216955103755452,0.7880913398300722,0.8136095422755836,164.13668638567225,-526.3756474822335,0.22300407626885146,167.16256327765092,-522.8806199428423,0.9045860061740657,-0.08357780990524244,0.18639045772441643,-11.45975086575885,176.74323534379138,TRACK
9.648,164.34615114688043,-526.4365244633341,0.9817836002955109,1.3153705900328077,0.20558140375644257,0.7872776265481967,0.8136767016658589,164.1555677345062,-526.3388180487933,0.2141695135041764,167.16256327765092,-522.8806199428423,0.9009290452124565,-0.08085455508305439,0.18632329833414107,-11.45975086575885,176.74323534379138,TRACK
9.696,164.35641964830123,-526.3988001483898,0.9766493463415017,1.311751247808362,0.2085024019683279,0.7868035870584038,0.8139613849775267,164.17301980137415,-526.3047765329695,0.2060969289183438,167.16256327765092,-522.8806199428423,0.8975130265119714,-0.07913631982953029,0.18603861502247332,28.71379979034522,137.33770445560629,TRACK
9.748,164.36784984241334,-526.3580582199202,0.9703472288446782,1.3066860272155185,0.2124605601109102,0.7856468501335341,0.8138675953294771,164.19193870676287,-526.2678738427592,0.19768143445896288,167.16256327765092,-522.8806199428423,0.8938214749964463,-0.0765257538482319,0.18613240467052294,28.71379979034522,137.33770445560629,TRACK
9.792,164.37853606830518,-526.3204675204518,0.9635284656120291,1.3021834810449475,0.2160197612001311,0.7847693028772873,0.8139578588400417,164.2094234701165,-526.2337685500805,0.19004152790787807,167.16256327765092,-522.8806199428423,0.8903824696261542,-0.0731459959858749,0.18604214115995832,29.408992261615452,135.9724057560474,TRACK
9.844,164.39017882126302,-526.2797111662685,0.9572459467756053,1.2988051923307418,0.2187775281501643,0.7844216615652496,0.8143592266047478,164.23392745190964,-526.1894993961112,0.18042354031480565,167.16256327765092,-522.8806199428423,0.8866001760342367,-0.07064577074136857,0.1856407733952522,29.408992261615452,135.9724057560474,TRACK
9.892,164.40096180999146,-526.2420435436948,0.9504562293982887,1.2964148377187201,0.22083135277579136,0.7845338279509007,0.8150213577373782,164.25293375811623,-526.156579508097,0.1709280711955385,167.16256327765092,-522.8806199428423,0.8830483229223852,-0.06740790647590345,0.18497864226262184,35.58724766116905,129.35605018350688,TRACK
9.948,164.41272912135247,-526.2012223816902,0.9442190925115762,1.2942152313033024,0.22274343654184836,0.7847048093528306,0.8157059987176352,164.27355166761046,-526.1208682413071,0.16070828076614468,167.16256327765092,-522.8806199428423,0.8791468038572811,-0.06507228865429515,0.18429400128236484,35.58724766116905,129.35605018350688,TRACK
10.0,164.42372910549173,-526.1635737530606,0.936497261636459,1.2915237011601797,0.22499145143431087,0.7845793765030711,0.8162021509727021,164.2926039980507,-526.0878686369821,0.15141023215716531,167.16256327765092,-522.8806199428423,0.8755119306266196,-0.06098533100983938,0.1837978490272979,39.15829623606499,124.55289360853232,TRACK
10.048,164.43588656960247,-526.1229007348728,0.9314030874037393,1.2876096976656333,0.22807352879307236,0.7837372940680771,0.8162485409783444,164.313255297578,-526.0520995369584,0.14160239582880785,167.16256327765092,-522.8806199428423,0.8715651989929016,-0.0598378884108377,0.18375145902165557,39.15829623606499,124.55289360853232,TRACK
10.096,164.44739121242438,-526.0855163531088,0.9248562836291067,1.282241245856134,0.23213581429188435,0.782023691506849,0.815750017073218,164.33231937043968,-526.0190795941628,0.13287351789201834,167.16256327765092,-522.8806199428423,0.8679329923980197,-0.05692329123108697,0.18424998292678196,43.37819199711181,121.01020845585579,TRACK
10.148,164.4602071904534,-526.0452309792679,0.9188938617103738,1.2754487248992137,0.23714966986960362,0.7794669541778337,0.8147445603221486,164.3529674435205,-525.9833160825084,0.12382979351904942,167.5745373613412,-522.599740768493,0.8358384384112694,-0.08305542329910443,0.1852554396778514,43.37819199711181,121.01020845585579,TRACK
10.192,164.47235186058305,-526.0082408705216,0.9125337930122587,1.2678110268502878,0.24270217177732967,0.7763730631573256,0.8134245369926586,164.37202079798445,-525.9503147045223,0.11585233199874019,167.5745373613412,-522.599740768493,0.832411474936723,-0.08012231807553571,0.1865754630073414,-5.1771546744818835,172.0566531151398,TRACK
10.248,164.4855820907136,-525.9681693956477,0.9066206511995331,1.262250435875428,0.24680603753393562,0.7743543411651232,0.8127348065909781,164.39267981312102,-525.9145322406713,0.1072743099528008,167.5745373613412,-522.599740768493,0.8286508273680134,-0.07796982383151962,0.18726519340902192,-5.1771546744818835,172.0566531151398,TRACK
10.296,164.4979020023948,-525.9312047016301,0.8988879762802603,1.2576465706922428,0.2502566137391645,0.7728645489687768,0.8123718260580582,164.41176597307248,-525.881474041914,0.09946131943232261,167.5745373613412,-522.599740768493,0.8251438605969045,-0.07374411568335582,0.18762817394194176,29.388629860387553,138.5425220391328,TRACK
10.348,164.51152210764369,-525.8913084562847,0.89362202831363,1.2521125925108967,0.254340584259525,0.7708943774237673,0.8117679926832878,164.43244658037707,-525.8456541793311,0.09130855390736135,167.5745373613412,-522.599740768493,0.8213492181488907,-0.0722728101647393,0.1882320073167122,29.388629860387553,138.5425220391328,TRACK
10.396,164.52422430268868,-525.8545200180685,0.8867836829294471,1.247294254371529,0.2579415519717751,0.7693303739856987,0.8114204018698217,164.45155199016872,-525.8125626388725,0.08391475839203939,167.5745373613412,-522.599740768493,0.8178155416580531,-0.06896814127139395,0.18857959813017833,34.22930514996572,132.89369404546778,TRACK
10.448,164.53808679910424,-525.8146805598266,0.8804914974750413,1.2433213232033085,0.26096727311712337,0.7682149427957077,0.8113310766714164,164.47475751139274,-525.7737781692048,0.07538968258736387,167.5745373613412,-522.599740768493,0.813942333654247,-0.06654916382079434,0.18866892332858365,34.22930514996572,132.89369404546778,TRACK
10.496,164.5509702304818,-525.7779154074805,0.8737194081204099,1.239968132662913,0.26357041465417086,0.7674189486742351,0.8114192543101499,164.49530565825899,-525.7419634149802,0.0662653028778037,167.5745373613412,-522.599740768493,0.8103226921542206,-0.06339671596618934,0.18858074568985006,38.67886555500702,128.01907239440357,TRACK
10.548,164.5650717398202,-525.7381399018325,0.8675185386644483,1.2365117442734987,0.26623477468763335,0.7665420661919726,0.8114602236060825,164.5175843315538,-525.7074692817653,0.05653088429494938,167.5745373613412,-522.599740768493,0.8063671695619191,-0.06115136910252916,0.1885397763939175,38.67886555500702,128.01907239440357,TRACK
10.596,164.57827836574776,-525.7015236432719,0.8608732838538663,1.232359064374783,0.2693509176020271,0.7652458950289434,0.8112651827064333,164.5381597540415,-525.6756122966184,0.04775877815268754,167.5745373613412,-522.599740768493,0.8027009878723317,-0.058172295981534616,0.18873481729356667,42.401566819872336,123.68369180531428,TRACK
10.644,164.59286830617592,-525.6620368887301,0.8548119916444823,1.226943879720704,0.2732796185538813,0.7631860642618782,0.8106384635585031,164.56045060101562,-525.6410993148611,0.03859131518074412,167.5745373613412,-522.599740768493,0.7987374664039714,-0.05607452524051093,0.1893615364414969,42.401566819872336,123.68369180531428,TRACK
10.696,164.60663846841024,-525.6257986617597,0.8473496731860728,1.220210233650957,0.2780391850186274,0.7603080134289519,0.80955176714655,164.58101961504573,-525.6092522519474,0.03049769377166516,167.5745373613412,-522.599740768493,0.7951007984593069,-0.05224887472676587,0.19044823285345003,46.77439546489118,120.50106389421322,TRACK
10.748,164.62191010141643,-525.5867943923431,0.8424502798599499,1.2123246513393517,0.2835153078037921,0.7567289451869442,0.8080962976296973,164.60329122861842,-525.5747690493203,0.02216464073893414,167.9999999999988,-522.3397459621563,0.7656213109054917,-0.07682896895445823,0.19190370237030274,46.77439546489118,120.50106389421322,TRACK
10.796,164.63631154912977,-525.5510089333173,0.8352238161985205,1.2039078738362243,0.28929550631556616,0.7528094531010153,0.8064824627061828,164.62383971528445,-525.5429537689827,0.014846963053906363,167.9999999999988,-522.3397459621563,0.7622195614264765,-0.07300425477204397,0.19351753729381715,3.046302021827273,166.66342357955864,TRACK
10.848,164.65204464738935,-525.5122931913319,0.8303670131574354,1.1972377319167198,0.29393793277532715,0.7499128694178654,0.8054618675286678,164.64611566690917,-525.5084638497373,0.007058092276425732,167.9999999999988,-522.3397459621563,0.7585036368810284,-0.07186337627640704,0.19453813247133223,3.046302021827273,166.66342357955864,TRACK
10.896,164.66667737152298,-525.4765854711667,0.8228120846504395,1.1918682581281574,0.29775660311170826,0.747812157992803,0.8049111866153161,164.66669680156772,-525.47659802042,2.3130291803611795e-05,167.9999999999988,-522.3397459621563,0.755039920363176,-0.06777216428726351,0.19508881338468387,34.66336860643242,135.8418319030868,TRACK
10.948,164.6827387985354,-525.4380159020278,0.8161528693648206,1.1863939899751041,0.3016475507601295,0.7456807718992693,0.804382408099453,164.68900278017549,-525.4420616103114,0.007456890873744933,167.9999999999988,-522.3397459621563,0.7512768627050272,-0.06487600665979332,0.19561759190054695,34.66336860643242,135.8418319030868,TRACK
10.996,164.69770786476488,-525.4024705908735,0.8110469883633586,1.1814335616692853,0.30522034925062747,0.7438770622350017,0.8040600383777642,164.7096089009169,-525.410157094971,0.014167462960381086,167.9999999999988,-522.3397459621563,0.7477777634507314,-0.06326922491262721,0.19593996162223581,41.85119924056224,127.35272851279038,TRACK
11.048,164.71408304448786,-525.3640360582036,0.8049576680907935,1.1767459904222604,0.3086107828406921,0.7422140603459031,0.8038173465786221,164.73194569139233,-525.3755729787601,0.021264399600294255,167.9999999999988,-522.3397459621563,0.7439609967515545,-0.06099667133923903,0.19618265342137786,41.85119924056224,127.35272851279038,TRACK
11.096,164.72935534902976,-525.3286398539839,0.7984378400375275,1.1720987015107545,0.311957562797769,0.7405364616605201,0.8035619279404712,164.75288490816064,-525.3455564549515,0.028979502086683793,167.9999999999988,-522.3397459621563,0.7404170981271826,-0.0580207419103449,0.1964380720595288,41.47387936377038,127.35493125447186,TRACK
11.148,164.74610317727985,-525.2904166545987,0.7924855190468669,1.1671099707685293,0.3154981828864606,0.7386202344023249,0.8031805239628287,164.77670825040408,-525.3124202036983,0.037693854590825145,167.9999999999988,-522.3397459621563,0.7365655792219612,-0.05591993982490573,0.19681947603717131,41.47387936377038,127.35493125447186,TRACK
11.196,164.76178917470565,-525.2552881418377,0.7861027465815947,1.1614199345690748,0.319450883439364,0.7362485579108202,0.8025651412539374,164.79870299766716,-525.2818273731831,0.045463844162565735,167.9999999999988,-522.3397459621563,0.7330116896103979,-0.05309105697119687,0.1974348587460626,46.98104354658345,122.09058529512974,TRACK
11.248,164.77907990753434,-525.2174533209792,0.7788392565750297,1.1546833112427435,0.3240230067363411,0.7332190107281288,0.8016239932709067,164.82252726095655,-525.248689840833,0.05351067829854797,167.9999999999988,-522.3397459621563,0.7291804171915719,-0.04965883938345783,0.19837600672909328,46.98104354658345,122.09058529512974,TRACK
11.296,164.7953292435238,-525.1827504878197,0.7740701379127162,1.1470714438135914,0.32909969596851496,0.7296338487611995,0.8004199917197533,164.84451221292792,-525.2181106347389,0.06057478410652119,167.9999999999988,-522.3397459621563,0.7256667807694495,-0.04840335714326671,0.1995800082802467,54.03858646677072,122.09058529512974,TRACK
11.348,164.81325323768098,-525.1454028597849,0.7670413368292995,1.1387905980971658,0.33455707074511826,0.7256402673136858,0.7990508313822291,164.8683213525417,-525.1849941381405,0.06782305357431065,167.9999999999988,-522.3397459621563,0.721888197925332,-0.04515313890396755,0.2009491686177709,54.03858646677072,116.38694603544573,TRACK
11.396,164.83007043185125,-525.111130245511,0.7615454025536873,1.1303584593943747,0.3400874701425629,0.7215706528340201,0.7976989998610269,164.89029589785528,-525.154429406826,0.07417495619130082,168.43789342646718,-522.101281911886,0.6952826115170617,-0.06626279103662558,0.20230100013897312,56.707409554099854,115.44164596724019,TRACK
11.448,164.848550301746,-525.0741804508715,0.755717634960506,1.1222189019628561,0.3454405952688518,0.7177214651852672,0.7965257726196846,164.91410589725976,-525.1213117143317,0.08073965629427046,168.43789342646718,-522.101281911886,0.6917349134274853,-0.06398272153302076,0.2034742273803154,56.707409554099854,115.44164596724019,TRACK
11.496,164.8658182086887,-525.0402004401745,0.7504519324720337,1.1146770953069614,0.35044820838188256,0.7142898637023547,0.7956280262446767,164.93609534249293,-525.090726258491,0.08655480259517462,168.43789342646718,-522.101281911886,0.6884587162775345,-0.06199321619449916,0.20437197375532334,16.362496170323922,156.4095198194819,TRACK
11.548,164.88461934078748,-525.0033817348005,0.74603737643414,1.109078256666151,0.354337416882367,0.7121066206546296,0.7953935153010897,164.95995268258804,-525.0575427191058,0.09278213517563196,168.43789342646718,-522.101281911886,0.6848650253618703,-0.061172351072269704,0.2046064846989103,16.362496170323922,156.4095198194819,TRACK
11.596,164.90207678452873,-524.9693999031268,0.7401255945261379,1.1045781356661881,0.3576131815868214,0.7106534927130048,0.7955599124829266,164.98200757682727,-525.026866229241,0.09844445232990759,168.43789342646718,-522.101281911886,0.6815097191794939,-0.05861587534664403,0.20444008751707343,40.92019472502804,130.73027798101626,TRACK
11.648,164.92120135242416,-524.9327060688568,0.7345709376150635,1.0995935394351035,0.3611716211737637,0.7089025009273727,0.7956052386468859,165.00591594546188,-524.9936117134794,0.10433628237790217,168.43789342646718,-522.101281911886,0.6778663254541788,-0.05670461216088474,0.20439476135311407,40.92019472502804,130.73027798101626,TRACK
11.696,164.93906589471115,-524.8989666112776,0.7285720413653805,1.0940808821398904,0.3650238412722215,0.7068035037840575,0.7954958187561694,165.0279946847318,-524.9629020571966,0.10952657640682134,168.43789342646718,-522.101281911886,0.6745008634508918,-0.05407117791448868,0.20450418124383063,45.56572138227753,124.65535247096608,TRACK
11.748,164.9586696677924,-524.862591732116,0.7230654551781582,1.0879271709519018,0.369213969489252,0.7042531948934703,0.795167603580321,165.04989756448157,-524.9353435520493,0.11668485950598674,168.43789342646718,-522.101281911886,0.6708611914887044,-0.052204263689453856,0.20483239641967899,45.56572138227753,124.65535247096608,TRACK
11.796,164.9769964955713,-524.8291849290736,0.7162516425454325,1.0813211715040447,0.37362219938920926,0.7013558488653104,0.7946656999103524,165.07330653932553,-524.9059896260496,0.12318516958434823,168.43789342646718,-522.101281911886,0.6675085783184269,-0.048743064227005584,0.2053343000896476,49.63399921007955,121.36696203909948,TRACK
11.848,164.99710381997363,-524.793179508176,0.7104198030014529,1.0743882773070481,0.3781921900032028,0.6982254808808834,0.7940706232639257,165.09867439613546,-524.8741793397585,0.12991364307971248,168.43789342646718,-522.101281911886,0.6638849603153638,-0.046534842686089095,0.20592937673607425,49.63399921007955,121.36696203909948,TRACK
11.896,165.01588463119649,-524.7600985283764,0.7059864854638732,1.0674184154585722,0.382768338668724,0.6950620402779365,0.793487769863243,165.12210102520447,-524.8448032760608,0.1358558671399389,168.43789342646718,-522.101281911886,0.6605430247763356,-0.045443460687537574,0.206512230136757,55.992833416628216,115.9737182801589,TRACK
11.948,165.03646723518784,-524.7244233200122,0.6994411783452518,1.060455996702314,0.38733617776880847,0.6919119209395795,0.7929510835775742,165.14749267527202,-524.8129631539682,0.14200686794252126,168.43789342646718,-522.101281911886,0.656924531920692,-0.04251664642455977,0.20704891642242584,55.992833416628216,115.9737182801589,TRACK
11.996,165.05567259143814,-524.691625538919,0.6951599442559059,1.0536722736016397,0.39180757154146917,0.6888932357488073,0.7925194403783956,165.17094629261499,-524.7835532480455,0.1474405978292671,168.43789342646718,-522.101281911886,0.6535811836996807,-0.041578760556225225,0.2074805596216044,57.6685062464242,114.61908448827857,TRACK
12.048,165.07669686105785,-524.656232592458,0.6888591587066217,1.0470655110437057,0.39618442855773406,0.6860023582627008,0.7921876904961382,165.19637204306866,-524.7516703654212,0.15307030312082956,168.88712896869268,-521.8849414768838,0.6288079179872862,-0.06005124071933554,0.20781230950386176,57.6685062464242,114.61908448827857,TRACK
12.096,165.09630641377552,-524.623689419159,0.6839216971616505,1.0405671725751966,0.40050620046219,0.6831955048427634,0.7919351706080607,165.21985867543498,-524.7222190599686,0.1580292741210806,168.88712896869268,-521.8849414768838,0.6256465385482575,-0.05827515861339305,0.20806482939193927,19.914815951977033,152.2121216831525,TRACK
12.148,165.11768174707225,-524.5884644235828,0.6797756436591444,1.0352480914613102,0.40420146595150175,0.681168394525975,0.7920664156359852,165.2453390282158,-524.6902677081918,0.1632797911137211,168.88712896869268,-521.8849414768838,0.6221897655500231,-0.0575858781091213,0.20793358436401477,19.914815951977033,152.2121216831525,TRACK
12.196,165.13755539524354,-524.555999789111,0.6733451613653058,1.030426042564056,0.4076429707840902,0.6794807494654805,0.7923805149824481,165.26889004007802,-524.6607356734047,0.16798331581616163,168.88712896869268,-521.8849414768838,0.618975326502922,-0.05436983486238378,0.2076194850175519,42.70450079528887,128.7987132295428,TRACK
12.248,165.15931988782845,-524.520985955774,0.6689855684228869,1.0249017126540878,0.4114597080234532,0.6773325192282578,0.792513995416386,165.29441874047828,-524.6287236956307,0.17279791832291172,168.88712896869268,-521.8849414768838,0.615494980897446,-0.05349058752544089,0.207486004583614,42.70450079528887,128.7987132295428,TRACK
12.296,165.1796241050741,-524.4888080777548,0.6633257032372758,1.0189484853278468,0.4155003942982273,0.6748964980549136,0.7925439172366212,165.31799734812657,-524.5991570568225,0.17698602084383228,168.88712896869268,-521.8849414768838,0.6122834435919694,-0.0510422596453064,0.2074560827633788,47.38121681626592,123.4217074263351,TRACK
12.348,165.20184690851383,-524.4540999842884,0.6568261720847093,1.0127667761023165,0.4196518179073328,0.6722948912980461,0.7925200749119109,165.33955556880917,-524.5721239031359,0.1813651580112796,168.88712896869268,-521.8849414768838,0.6088040986473381,-0.04802207343737119,0.2074799250880891,47.38121681626592,123.4217074263351,TRACK
12.396,165.2225500662143,-524.422178753452,0.6516695216582185,1.0066972458749113,0.42373420653900506,0.6697506541921905,0.7925380852565429,165.36271799451808,-524.5458776841224,0.18694510845154705,168.88712896869268,-521.8849414768838,0.6055854509323637,-0.04608407072585474,0.2074619147434571,53.52598838268928,117.72636520899839,TRACK
12.448,165.24518002356785,-524.3877148103217,0.6474148021242642,1.00077338527446,0.4277442548993055,0.6673067732179376,0.7926307319186521,165.38972426462217,-524.5152758599095,0.19278189488102054,168.88712896869268,-521.8849414768838,0.6020884565654916,-0.045326345558772574,0.20736926808134792,53.52598838268928,117.72636520899839,TRACK
12.496,165.2662454909931,-524.355994602674,0.6411255801042327,0.9950995565403994,0.43163613232696196,0.6650425833562024,0.7928375548668655,165.41468433603967,-524.4869926606777,0.197976215539963,168.88712896869268,-521.8849414768838,0.5988465353636238,-0.04227904474060895,0.20716244513313453,52.6695524611642,118.44650820680151,TRACK
12.548,165.28925311243069,-524.3217256408793,0.635755413780839,0.9896479141511278,0.43542247645781423,0.6629341527991912,0.7931421209040894,165.4417592240472,-524.4563130829279,0.20340082014966146,168.88712896869268,-521.8849414768838,0.5953171693694719,-0.04043824441136712,0.20685787909591058,52.6695524611642,118.44650820680151,TRACK
12.596,165.31067068524382,-524.290189907111,0.6308570934351198,0.9842363462288526,0.439194411460023,0.6608552580470323,0.7934868638774845,165.4667819360066,-524.4279589033333,0.20820907505398634,168.88712896869268,-521.8849414768838,0.5920456473136718,-0.038811446121447934,0.20651313612251554,58.716397169504305,111.85414764124137,TRACK
12.648,165.33409441915038,-524.2561710296152,0.6268316860154963,0.97847834571026,0.44313611489697846,0.6585291316444926,0.7937444384374844,165.49391493804248,-524.397213474384,0.2131562091174017,168.88712896869268,-521.8849414768838,0.5884973298691487,-0.038334356146347615,0.20625556156251557,58.716397169504305,111.85414764124137,TRACK
12.696,165.35593250856766,-524.2249219707237,0.6216921074064876,0.97230575976616,0.44727454335075145,0.6559016566526995,0.7938901059525676,165.51897953898157,-524.3688118288051,0.21745947987031736,169.34658975633485,-521.6912625135584,0.5656851852188757,-0.05600692218761194,0.2061098940474324,57.31051915106468,113.00680983439835,TRACK
12.748,165.37982758618384,-524.1912413133218,0.615878546290964,0.9658097637763543,0.4515607063637732,0.6530328093368605,0.793951460482404,165.54615111094196,-524.3380226948182,0.22182941383401153,169.34658975633485,-521.6912625135584,0.5623525097242671,-0.053526036566696855,0.20604853951759605,57.31051915106468,113.00680983439835,TRACK
12.796,165.4021017901841,-524.1603104464131,0.6120633611755649,0.9591166485291467,0.4559305299717442,0.6500088972786773,0.7939673889409801,165.57124879384085,-524.3095835628217,0.22559515094166654,169.34658975633485,-521.6912625135584,0.5592813847642096,-0.05278197641135529,0.20603261105901993,26.300094142382335,144.3659746479673,TRACK
12.844,165.42638966398025,-524.1268612925066,0.6062928300647411,0.9533868918400545,0.4598309181095037,0.647644319139721,0.7942843554819532,165.59847748960277,-524.2787296996986,0.22951739112866915,169.34658975633485,-521.6912625135584,0.5559302515819867,-0.05036257848275438,0.2057156445180468,26.300094142382335,144.3659746479673,TRACK
12.896,165.44894865290323,-524.0960276110152,0.6023250395476896,0.9483983395143486,0.46338272433457983,0.6457977349827017,0.7948448048018714,165.62365164376618,-524.2502039152253,0.23300529564011419,169.34658975633485,-521.6912625135584,0.5528110452594521,-0.04951399428823744,0.20515519519812864,48.15467190228218,122.29419414445633,TRACK
12.948,165.47358171740518,-524.0627325269941,0.5962968005240508,0.9432922416903461,0.46699824342679375,0.6438700548039865,0.7953967606402477,165.65095503664506,-524.2192654099791,0.23656677246347613,169.34658975633485,-521.6912625135584,0.5494196688238684,-0.04687713170018237,0.20460323935975233,48.15467190228218,122.29419414445633,TRACK
13.0,165.49648573725747,-524.0320785064249,0.5922942978125928,0.9383189068368369,0.47055733631703733,0.6420344356060421,0.7960103160548577,165.66948128170066,-524.1982726222919,0.23989152245549752,169.34658975633485,-521.6912625135584,0.5462721375125621,-0.0460221603000307,0.20398968394514227,50.75544338140364,118.60096310666023,TRACK
13.048,165.52146751387502,-523.9989463050791,0.5875162293846365,0.9335580725461696,0.4740088419934386,0.6403275845097515,0.7966829970396341,165.69695162210004,-524.1701086734419,0.2451351231118657,169.34658975633485,-521.6912625135584,0.5428400509177236,-0.044676178466912964,0.20331700296036592,50.75544338140364,118.60096310666023,TRACK
13.092,165.54467774293263,-523.9684273130848,0.5823823126323212,0.92901422427315,0.47734700084081394,0.6387472465565385,0.7974071759115787,165.72352216616707,-524.1428672402036,0.2498291734270939,169.34658975633485,-521.6912625135584,0.5396489419847339,-0.04273337064758731,0.20259282408842127,50.86984408729114,117.96661004611295,TRACK
13.148,165.56998819395804,-523.9354411661692,0.577680913382363,0.9245604241780339,0.48063435552521616,0.6372078529630302,0.7981498804039844,165.75234983526735,-524.1133116909748,0.2547424028614901,169.34658975633485,-521.6912625135584,0.5361677549717709,-0.04151315841059211,0.20185011959601562,50.86984408729114,117.96661004611295,TRACK
13.196,165.5935146744086,-523.9050783860761,0.5726273849548381,0.9200104818556223,0.48395958437669573,0.6355803759383618,0.7988612480199634,165.77899648117403,-524.0859922343743,0.2591009863876478,169.34658975633485,-521.6912625135584,0.5329355919904792,-0.039691792964358874,0.2011387519800366,54.150081263978,114.11137396320748,TRACK
13.248,165.61919742039632,-523.8723116352666,0.566858968330024,0.9151028407932217,0.4874383663006749,0.6336726825008931,0.7994605865768172,165.80789599301306,-524.0563630284237,0.2635945117612905,169.34658975633485,-521.6912625135584,0.5294219214260331,-0.03743704690399097,0.20053941342318282,54.150081263978,114.11137396320748,TRACK
13.296,165.6430939106895,-523.8421989921017,0.5630594558173516,0.9098067264765591,0.49108017981645824,0.631458600036296,0.7999373141492799,165.8345980019498,-524.0289868109122,0.26751356269437765,169.34658975633485,-521.6912625135584,0.5261713243168411,-0.03688813150051051,0.20006268585072007,58.34703890104899,109.72509549691031,TRACK
13.348,165.66919798798315,-523.8097423336128,0.5574426633416565,0.9040784647981694,0.4949026371265328,0.6289063683139601,0.8002823503868188,165.86354792943217,-523.9993059163556,0.27148895307827314,169.81513349748198,-521.5207265383291,0.5044623466765183,-0.05298031666513814,0.19971764961318117,58.34703890104899,109.72509549691031,TRACK
13.392,165.693489012223,-523.779930877877,0.5537622282626358,0.8981258855148675,0.4988087658812105,0.6261643374780026,0.8005572824284357,165.89029174043284,-523.971886841305,0.2749152700859623,169.81513349748198,-521.5207265383291,0.5014077476358126,-0.05235448062682313,0.1994427175715643,24.548565647415742,143.80435251966543,TRACK
13.448,165.7199348505654,-523.7476650982633,0.5493218456105486,0.8932460625166055,0.5022265328196918,0.6241803359912481,0.8011445450767523,165.9193128784966,-523.9421329381456,0.2785127264062506,169.81513349748198,-521.5207265383291,0.49806493434495014,-0.051256911265598504,0.19885545492324774,24.548565647415742,143.80435251966543,TRACK
13.496,165.74446199751443,-523.7178981485646,0.5443383324916247,0.8891648347920544,0.5052910261694492,0.6227678932805396,0.8019718636139653,165.9461495613987,-523.9146186462377,0.28173893524029847,169.81513349748198,-521.5207265383291,0.4949447581310412,-0.04939357436058345,0.19802813638603467,44.014114405076185,124.0680051761642,TRACK
13.548,165.77119634863323,-523.6857322910962,0.5396379727846583,0.8850229748375023,0.5083819149250781,0.6213000943618681,0.8027863842124849,165.97526141389525,-523.8847717381643,0.2850600855075604,169.81513349748198,-521.5207265383291,0.49154222518275786,-0.04809574760190044,0.19721361578751506,44.014114405076185,124.0680051761642,TRACK
13.596,165.79601631204028,-523.6561027698721,0.5337507280642391,0.8809819990623686,0.5114271445444063,0.6198936535945503,0.8036329174092145,166.00217216208827,-523.8571815108644,0.2879807191255527,169.81513349748198,-521.5207265383291,0.488376684198296,-0.04537404386594307,0.1963670825907855,47.45088099521548,119.39772052551686,TRACK
13.648,165.82305453978634,-523.6240729119905,0.5298303322270985,0.8770269855040291,0.5144157153215854,0.6185164567313423,0.8044787973696464,166.0213983384726,-523.8378366881884,0.2916079808435898,169.81513349748198,-521.5207265383291,0.48491961164138925,-0.044910720585709274,0.19552120263035355,47.45088099521548,119.39772052551686,TRACK
13.696,165.84814774070776,-523.5945698170686,0.523975548648117,0.8731585994455495,0.5173414716777047,0.6171624306808393,0.8053146367486035,166.0495928467023,-523.8116760076286,0.29616756863071036,169.81513349748198,-521.5207265383291,0.48170161689912194,-0.042273931748995075,0.19468536325139651,49.78412037399744,116.5623378976606,TRACK
13.748,165.87548580953913,-523.5626923686153,0.5200951435344323,0.8692133895012811,0.5202781891093354,0.6157153291475452,0.8060984807144592,166.08017752566013,-523.783297572732,0.30094078276614306,169.81513349748198,-521.5207265383291,0.4781894902282411,-0.041905653306191226,0.19390151928554078,49.78412037399744,116.5623378976606,TRACK
13.796,165.900869825758,-523.5333595981634,0.5143186696359621,0.8650860537130383,0.523272607850397,0.6140997484910194,0.8068040178527178,166.10844338376162,-523.757070689166,0.30517770924467685,169.81513349748198,-521.5207265383291,0.4749265371278021,-0.03939213250815998,0.19319598214728217,51.83077229594715,114.15887170683851,TRACK
13.848,165.92854265790396,-523.5017081297518,0.509361759280129,0.8606271364768013,0.5263866422389814,0.6122035662126935,0.8073884465430311,166.13909527874586,-523.7286298869111,0.3095575714074042,169.81513349748198,-521.5207265383291,0.4713746524262824,-0.03798710685384654,0.1926115534569689,51.83077229594715,114.15887170683851,TRACK
13.896,165.95425243616978,-523.472621338507,0.5048315123763263,0.8558343553649309,0.5296184506436133,0.6100235041984113,0.8078517060306617,166.1674135442853,-523.7023543763489,0.3133926079043875,169.81513349748198,-521.5207265383291,0.46808318677521576,-0.03674832560111052,0.1921482939693383,55.986064727297844,109.99707204093343,TRACK
13.948,165.9822930452428,-523.4412709206881,0.5010982256994965,0.8506625464112368,0.5329868616791354,0.6075277053560798,0.8081861836840553,166.19811296533803,-523.6738694763468,0.3173016325271743,169.81513349748198,-521.5207265383291,0.4645080426122167,-0.03659018308727979,0.19181381631594474,55.986064727297844,109.99707204093343,TRACK
14.0,166.00834687995976,-523.4124771224775,0.4963126768424797,0.8452866294942466,0.5364173382358447,0.6048477871003073,0.8084456730790062,166.22647002790526,-523.6475579674036,0.3206878721137011,170.29159531856877,-521.3737575305003,0.4442436275217099,-0.05206904932076978,0.19155432692099383,54.54166488593391,111.73200830488285,TRACK
14.044,166.03674548004744,-523.3814228212469,0.491955004446623,0.8399459786713969,0.5398156935204023,0.602170396821143,0.8087089524536288,166.25721417652323,-523.6190315662858,0.324136332188604,170.29159531856877,-521.3737575305003,0.44087785037207544,-0.05107715407454755,0.19129104754637116,54.54166488593391,111.73200830488285,TRACK
14.096,166.06311133129023,-523.3528713497642,0.4865738754925917,0.8347724595963953,0.5431311994335808,0.5995985708286391,0.8090178897514607,166.28561808129888,-523.5926765941248,0.3271327085790253,170.29159531856877,-521.3737575305003,0.43775705302094897,-0.04881682247164271,0.19098211024853928,25.51950980359308,140.89593062946668,TRACK
14.148,166.09177794530953,-523.3219503877051,0.48294976922553,0.8307205467277855,0.5459836432232753,0.5978609310517842,0.8096516729714495,166.3164397680717,-523.5640782481133,0.33030112835514736,170.29159531856877,-521.3737575305003,0.4343327859681328,-0.04861698325739722,0.19034832702855053,25.51950980359308,140.89593062946668,TRACK
14.196,166.1183375721728,-523.2934199969214,0.4780860584957167,0.8273666211249585,0.5485533139731744,0.5966437046478311,0.8104902519875489,166.34493729021614,-523.5376364117283,0.33315025060536635,170.29159531856877,-521.3737575305003,0.4311316017232235,-0.046954456772493214,0.18950974801245113,45.066457995755854,120.66902215405679,TRACK
14.248,166.14726747959955,-523.2626035883933,0.4734996771317546,0.8237184412837868,0.5512801848394842,0.5952365423451932,0.811305357765938,166.3758483310741,-523.5089551572418,0.33606294222204364,170.29159531856877,-521.3737575305003,0.427639042559213,-0.045860634572541636,0.18869464223406196,45.066457995755854,120.66902215405679,TRACK
14.292,166.17410866738138,-523.2342555268417,0.4685303734066331,0.8198540859431008,0.5540491143881505,0.5936083680046663,0.8119983471162101,166.39240702352095,-523.4944133770283,0.3396119540106809,170.29159531856877,-521.3737575305003,0.424393672379245,-0.04413670102738809,0.1880016528837899,46.99406203566867,117.57491240282104,TRACK
14.348,166.20333351344547,-523.2036612248328,0.4628090327506571,0.815800439248852,0.5568376190144857,0.5917686258015459,0.8125627609192853,166.424621620092,-523.467382120927,0.34426318011074064,170.29159531856877,-521.3737575305003,0.42085582608361943,-0.04195320666703767,0.18743723908071475,46.99406203566867,117.57491240282104,TRACK
14.396,166.23044258543945,-523.1755311936547,0.4590098768554385,0.8116233957365282,0.55961476898216,0.5897644174445023,0.8130133810378581,166.45438121296232,-523.4424108575256,0.3483866585916698,170.29159531856877,-521.3737575305003,0.41756963083808585,-0.04144024601735263,0.18698661896214186,51.42010355016112,113.21903452316204,TRACK
14.448,166.25996061734577,-523.1451945545757,0.4544772296332804,0.8072276549910019,0.5624286607463328,0.5875357882167863,0.813341441747827,166.48664098382255,-523.4153416956948,0.3526520472092327,170.29159531856877,-521.3737575305003,0.4139909299416057,-0.04048629969167472,0.18665855825217303,51.42010355016112,113.21903452316204,TRACK
14.496,166.28734537333222,-523.1173220100193,0.4488726774400272,0.8026743615959423,0.5652591418862878,0.5851355663982167,0.8135733086515218,166.5164355672899,-523.3903410716963,0.3564010732399259,170.29159531856877,-521.3737575305003,0.41067040388322035,-0.03820227355680683,0.18642669134847822,50.106219011722565,114.81472933778463,TRACK
14.548,166.317158053589,-523.0872669749762,0.44406071872019015,0.798042622072897,0.5680807131851995,0.5826316232567619,0.8137415468757966,166.548729581981,-523.3632431758797,0.3602613443417933,170.29159531856877,-521.3737575305003,0.4070535208116622,-0.03700719790852797,0.18625845312420342,50.106219011722565,114.81472933778463,TRACK
14.592,166.34481160498797,-523.059657524702,0.4403821537515531,0.7933364300275144,0.5708929425212022,0.5800294633663617,0.8138506805265854,166.57855235242695,-523.3382189001978,0.3636360500988514,170.7747906604357,-521.250720878182,0.38767509864186056,-0.052707055109692535,0.18614931947341462,55.20226369069063,109.99894951128088,TRACK
14.648,166.37492299682125,-523.0299144819002,0.43600537101323256,0.7884038611782314,0.5737532422859095,0.577212708507832,0.8138595050108717,166.6108680320777,-523.3111028253217,0.3670653131777539,170.7747906604357,-521.250720878182,0.38427166665225565,-0.051733704360976907,0.18614049498912832,55.20226369069063,109.99894951128088,TRACK
14.692,166.40285885028004,-523.0026171791238,0.4313285326810943,0.7833063172812323,0.5766385389561532,0.5742310932741839,0.8137895017093496,166.64070276153467,-523.286068514838,0.3700194398123567,170.7747906604357,-521.250720878182,0.3811221404019013,-0.05020639227919299,0.1862104982906504,23.57677212213443,141.8812920540263,TRACK
14.748,166.4332209740856,-522.9731019478663,0.42698592164524074,0.7790867478851854,0.5791754990127621,0.5719104210152708,0.8139568712914378,166.67305340145907,-523.2589231048091,0.37311302171858524,170.7747906604357,-521.250720878182,0.37767431188275574,-0.049311609762485,0.1860431287085622,23.57677212213443,141.8812920540263,TRACK
14.796,166.46134309999923,-522.9459199060688,0.42210765898063674,0.7753442871855771,0.5815212424784844,0.5699441617672305,0.8142501476734721,166.70294068512686,-523.2338446961065,0.3758591196948713,170.7747906604357,-521.250720878182,0.37446020577154626,-0.04764745320909047,0.18574985232652785,43.640928788387875,121.8122562061647,TRACK
14.848,166.49195138158274,-522.9166301680312,0.41635342698576383,0.7711582956471308,0.5840060875000337,0.5676061727088327,0.8143954061352914,166.7353247426294,-523.2066712454001,0.3786217366032193,170.7747906604357,-521.250720878182,0.37096443906023624,-0.04538898792552759,0.18560459386470862,43.640928788387875,121.8122562061647,TRACK
14.896,166.5203330738411,-522.8897345642783,0.4117436228875344,0.7667343093083653,0.5865537962589256,0.5650577896256743,0.8144542108199884,166.7651019814115,-523.1816851753206,0.38098159719485847,170.7747906604357,-521.250720878182,0.3677232562612057,-0.04402036662632869,0.18554578918001163,48.17347865924084,116.81443377232283,TRACK
14.948,166.55121688517744,-522.8607563000827,0.4079108964738882,0.7621292341982865,0.5891317746398081,0.5623335722658289,0.8144294287336982,166.78366202192328,-523.1676264909547,0.38496760336763464,170.7747906604357,-521.250720878182,0.3641970572720728,-0.043713839201815374,0.18557057126630183,48.17347865924084,116.81443377232283,TRACK
14.996,166.5798446537436,-522.8341459502135,0.40295594916655864,0.7574968520619036,0.5916797993108452,0.5595506231023855,0.8143598005346223,166.81466056932848,-523.1441460037491,0.38889400535887186,170.7747906604357,-521.250720878182,0.3609257933748875,-0.04203015579167113,0.1856401994653777,47.291794613791765,118.10032156170111,TRACK
15.048,166.61098376412772,-522.805461076404,0.39840537847587076,0.7529125278015355,0.5941820355989953,0.5567791710422929,0.8142820989897227,166.8482533676624,-523.1187004478279,0.39295771855452327,170.7747906604357,-521.250720878182,0.35736186119776797,-0.04104351727810279,0.1857179010102773,47.291794613791765,118.10032156170111,TRACK
15.092,166.63984464100665,-522.7791203915953,0.39349406962335043,0.7483154656005009,0.5966622170481535,0.5539739545742652,0.8141823773574738,166.8792702437434,-523.09520607719,0.3965284099327272,170.7747906604357,-521.250720878182,0.3540543093474981,-0.03943976027585233,0.18581762264252621,50.59487717134645,115.0217282956279,TRACK
15.148,166.67124613834363,-522.7507603121243,0.387862941463021,0.7434992563688775,0.599186673157172,0.5509682207587533,0.8139967134916615,166.91287344060356,-523.0697526446912,0.4001747886035729,170.7747906604357,-521.250720878182,0.3504576880018568,-0.037405253461164245,0.18600328650833853,50.59487717134645,115.0217282956279,TRACK
15.196,166.70036135956644,-522.7247607341312,0.3841389776922073,0.7384026103869484,0.6017698256351579,0.547709599692503,0.8137030961230823,166.9438877533813,-523.04626021568,0.4033199984139381,170.7747906604357,-521.250720878182,0.34712890741141017,-0.037010070280797114,0.18629690387691766,54.68602605636484,111.14758263004732,TRACK
15.248,166.73205169476952,-522.6968182951235,0.3797103610974779,0.7328879458734039,0.6044507197605123,0.544085348505723,0.8132585929933943,166.9774734682477,-523.0208200252769,0.40645906071770616,171.26351822332956,-521.1519224698782,0.3285685300664466,-0.051141831031031315,0.1867414070066057,54.68602605636484,111.14758263004732,TRACK
15.296,166.76144200280052,-522.671240975822,0.37497619568783214,0.7270339693519469,0.6071972972370143,0.5401567631023907,0.8126856012611441,167.008459338522,-522.9973491406249,0.4091015757706861,171.26351822332956,-521.1519224698782,0.32546948982486085,-0.04950670586297129,0.18731439873885591,24.972794753801935,141.51980728285366,TRACK
15.348,166.79338656132873,-522.6436565745023,0.3694631057210327,0.7218759178749551,0.6096896948362414,0.5367661356683836,0.8123049971469329,167.04203426415327,-522.9719171227498,0.4118017334296571,171.26351822332956,-521.1519224698782,0.32209081796871525,-0.047372287752317443,0.18769500285306706,24.972794753801935,141.51980728285366,TRACK
15.396,166.82297257337135,-522.6183133164843,0.36489177087140745,0.7171308923258739,0.6120296394542927,0.5336925778989177,0.8120394370194983,167.07303183218303,-522.9484373773923,0.41413950367944014,171.26351822332956,-521.1519224698782,0.31895281809521403,-0.04593895277619342,0.18796056298050168,46.78957257636645,120.17698634869649,TRACK
15.448,166.85516381171936,-522.5910743165377,0.36103515373736816,0.7119312484932816,0.614491062218486,0.5302395983516228,0.8116361852495819,167.1065972572948,-522.9230125558811,0.41641538431269776,171.26351822332956,-521.1519224698782,0.3155519473161327,-0.04548320642123549,0.18836381475041808,46.78957257636645,120.17698634869649,TRACK
15.496,166.88500145981587,-522.5661177713265,0.35526763345030576,0.7065539293502654,0.6169853744790266,0.5266305477605142,0.8111785784619586,167.13756859040265,-522.8995526827048,0.4182929542541689,171.26351822332956,-521.1519224698782,0.31240833574833643,-0.042859297701969334,0.18882142153804138,46.21292827119776,120.64070839097545,TRACK
15.548,166.9174476744949,-522.5392644947544,0.350282745527271,0.7012411952110245,0.6194284768278951,0.5230530637409556,0.8107256905970887,167.16256327765092,-522.8806199428423,0.42024421572435783,171.26351822332956,-521.1519224698782,0.3089930205375832,-0.041289724989687804,0.18927430940291134,46.21292827119776,120.64070839097545,TRACK
15.596,166.9475050658409,-522.5146374594743,0.3464548721724334,0.6960584482518317,0.6217969885026441,0.5195566236823785,0.8102904294900626,167.18609112116084,-522.8645789307473,0.423535522842888,171.26351822332956,-521.1519224698782,0.3058290364559284,-0.04062583571650502,0.18970957050993742,52.31123800653649,115.0316572786,TRACK
15.648,166.98019128611332,-522.4881556252938,0.34074807402396073,0.6907654113885738,0.6241714482065949,0.5159549200704754,0.8098144702962825,167.22073066202287,-522.8409620916733,0.42700303755614916,171.26351822332956,-521.1519224698782,0.30239421501532326,-0.03835385900863747,0.1901855297037175,52.31123800653649,115.0316572786,TRACK
15.696,167.01048079942927,-522.4639048006275,0.33698251629993936,0.685298600137905,0.62657247592976,0.5121996279042271,0.809284576906034,167.25269564762445,-522.8191687335003,0.42997731880471646,171.26351822332956,-521.1519224698782,0.29921948755953237,-0.03776302874040699,0.19071542309396605,53.46763675367254,114.11854259604459,TRACK
15.748,167.0434279488922,-522.4378660821627,0.33250517651923395,0.6795352510398266,0.6290317692009726,0.508190363188931,0.8086645855372938,167.28730707475688,-522.7955710620427,0.4329317274853269,171.26351822332956,-521.1519224698782,0.29578092679126766,-0.036724249727966285,0.1913354144627062,53.46763675367254,114.11854259604459,TRACK
15.796,167.0739682748596,-522.4140642150736,0.32770691074622693,0.6734174168335447,0.6315605268262032,0.5038790169308569,0.8079373507569744,167.31923432134826,-522.7738034338911,0.4353937747781793,171.26351822332956,-521.1519224698782,0.2926119030552471,-0.03509500769097984,0.19206264924302563,53.63460501190224,114.5014687041513,TRACK
15.848,167.10719607957748,-522.3885477642843,0.32332256737683407,0.6669393360240816,0.6341630280381612,0.4992667028559052,0.8071121277190278,167.35379426091288,-522.7502408660628,0.4377585669202003,171.26351822332956,-521.1519224698782,0.2891880451091844,-0.03413452226764968,0.19288787228097215,53.63460501190224,114.5014687041513,TRACK
15.896,167.1379997416648,-522.3652478657178,0.3186176848984874,0.6601787501516516,0.6368160042782056,0.49441845057045275,0.8062159931242662,167.38566764464795,-522.7285099609849,0.4396575258378581,171.75656295352405,-521.0776079339984,0.27189248476972955,-0.04672520012875786,0.19378400687573383,57.150159754209575,111.81041567886697,TRACK
15.948,167.17151534095598,-522.3402878574933,0.31432138658458575,0.6531724273252728,0.6395161672406717,0.48937204822816494,0.805273822838684,167.42016506419327,-522.704990018584,0.4414004431015018,171.75656295352405,-521.0776079339984,0.26872949690991665,-0.045591889674669095,0.19472617716131602,57.150159754209575,111.81041567886697,TRACK
15.996,167.20258200141794,-522.3174955166899,0.30972873760006703,0.6461129784114863,0.6422132412415685,0.48428598304012516,0.8043449263811773,167.4519817530647,-522.6832977674096,0.44273188585542833,171.75656295352405,-521.0776079339984,0.2658213121531883,-0.0439074254468787,0.19565507361882273,32.94663502199724,136.79527690011042,TRACK
16.048,167.23634353859674,-522.2929645352955,0.3054794830828036,0.6399061453994731,0.6446797224335914,0.47989826374593253,0.8036879295245221,167.4864473822469,-522.6597994993112,0.4439817827715769,171.75656295352405,-521.0776079339984,0.26265938933582733,-0.04282009374697626,0.19631207047547794,32.94663502199724,136.79527690011042,TRACK
16.096,167.26760415106605,-522.2704602508902,0.300013059879724,0.6343278740655328,0.646983785503881,0.47602761188996046,0.8032373908046057,167.51826240436492,-522.6381083845101,0.4449659651041316,171.75656295352405,-521.0776079339984,0.25972797598621844,-0.04028508389350555,0.19676260919539434,50.313388414882525,119.5927764653,TRACK
16.148,167.30159468587323,-522.2463016671109,0.29632311297836544,0.6285844073919018,0.6493219063950406,0.4720238000895097,0.8027611138909454,167.55271103589342,-522.6146217052159,0.44577917371401926,171.75656295352405,-521.0776079339984,0.25655388362654835,-0.03976922935181709,0.1972388861090546,50.313388414882525,119.5927764653,TRACK
16.196,167.33308476027182,-522.2242068129852,0.29154162281754203,0.6227264848276516,0.6516743649798382,0.4679237813907752,0.8022668777675651,167.5745373613412,-522.599740768493,0.446458408256003,171.75656295352405,-521.0776079339984,0.25362562905010505,-0.037915993767436984,0.1977331222324349,52.85488925955197,116.62463944111066,TRACK
16.248,167.36732184755226,-522.200503254951,0.2871495567560523,0.6167266612877781,0.6540302708552775,0.46369363698101773,0.801727749408558,167.6012977457276,-522.5833878380031,0.44871519348688754,171.75656295352405,-521.0776079339984,0.2504572456925502,-0.036692311063502125,0.19827225059144205,52.85488925955197,116.62463944111066,TRACK
16.296,167.39903698290883,-522.1788427616434,0.2817025675837233,0.61060207954001,0.6563758713641968,0.45934196107177183,0.8011393896884423,167.63402723596008,-522.5633872628613,0.45066050686297626,171.75656295352405,-521.0776079339984,0.24753720664325066,-0.03416536094047265,0.19886061031155766,55.56324044655146,114.30019545110322,TRACK
16.348,167.43351983880873,-522.1556309488742,0.277028647074568,0.6042654412480989,0.6587404618668914,0.4548056298739922,0.8004918219855117,167.66946215599614,-522.5417334339812,0.4524863600657791,171.75656295352405,-521.0776079339984,0.24438253153259878,-0.032646115541969195,0.19950817801448828,55.56324044655146,114.30019545110322,TRACK
16.396,167.4654660180397,-522.1344454094275,0.27346753660555634,0.5977333852811866,0.661122190439318,0.4501015512170954,0.799796197227342,167.70214854647912,-522.5217591965481,0.4539059252336589,171.75656295352405,-521.0776079339984,0.2414801731553408,-0.03198736345021555,0.20020380277265803,60.16912602033723,110.23022432507823,TRACK
16.448,167.50020490226407,-522.111774955642,0.2692422116084243,0.5909075771219481,0.6635488368341694,0.445155601078179,0.7990372757482932,167.7375290120535,-522.500138644097,0.45513633957059196,171.75656295352405,-521.0776079339984,0.2383512617754109,-0.03089094983301341,0.2009627242517068,60.16912602033723,110.23022432507823,TRACK
16.492,167.53239110132597,-522.0911074129963,0.26473883238478235,0.5838889228349698,0.6659977787685509,0.44005197249236105,0.7982473174518417,167.77015968687923,-522.4801984537933,0.4559887480020486,171.75656295352405,-521.0776079339984,0.23547743254138126,-0.029261399843401092,0.20175268254815826,59.44341876082474,111.56643964920731,TRACK
16.548,167.5673864275535,-522.06898905722,0.260643287786033,0.5768154497344006,0.668444021192459,0.4349073306138834,0.7974721284719851,167.80548122101553,-522.4586139135943,0.45661434425383146,172.25269906413467,-521.0279620281883,0.2186377138738166,-0.042005573912216404,0.20252787152801488,59.44341876082474,111.56643964920731,TRACK
16.596,167.5998045888089,-522.0488145861,0.2562637307133939,0.5697760302877041,0.6708710395957661,0.4297952834828752,0.7967383117890271,167.8380614035252,-522.4387045785026,0.456925065994888,172.25269906413467,-521.0279620281883,0.21597947225218336,-0.04028425846121056,0.2032616882109729,36.656933550154655,134.88251837777474,TRACK
16.648,167.635024843902,-522.0271283886023,0.2522111534861866,0.5635283935594039,0.6731255850176903,0.4253317251139701,0.7962443906200116,167.87335442683258,-522.4171374609084,0.4570646196994224,172.25269906413467,-521.0279620281883,0.21309357460541906,-0.039117578880767556,0.20375560937998838,36.656933550154655,134.88251837777474,TRACK
16.696,167.66762882359396,-522.0072628703765,0.24770332241854942,0.5578271432020367,0.675268982182123,0.421318358386792,0.7959254722717584,167.90593244050064,-522.3972294511683,0.45701482247870917,172.25269906413467,-521.0279620281883,0.21042299699344752,-0.0372803254251019,0.20407452772824164,53.79935019118046,117.72218728859048,TRACK
16.744,167.70306742586996,-521.9859760377891,0.2434839282070269,0.5519108166646253,0.6774538921991677,0.4171336907512702,0.7955779609916164,167.94120675176785,-522.3756737682638,0.4566997478390491,172.25269906413467,-521.0279620281883,0.2075376512702723,-0.03594627693675462,0.20442203900838363,53.79935019118046,117.72218728859048,TRACK
16.796,167.73588713778963,-521.9665403121512,0.23893394930726375,0.5458784110061221,0.679655429343722,0.41285573176460705,0.7952240928740076,167.97375061106666,-522.3557866298243,0.4561707221440622,172.25269906413467,-521.0279620281883,0.20488095351383226,-0.03405299579343149,0.20477590712599236,56.47110853058561,114.65436858935573,TRACK
16.848,167.77155553420334,-521.945715949735,0.23476027755515094,0.5397820849693891,0.6818517741657127,0.40852020344829026,0.7948651448883406,167.9999999999988,-522.3397459621563,0.4554629783431982,172.25269906413467,-521.0279620281883,0.20201002359163686,-0.03275025396351408,0.2051348551116594,56.47110853058561,114.65436858935573,TRACK
16.896,167.80458177380302,-521.9266999118433,0.2302787072767125,0.5337115672006417,0.6840199836220431,0.40419674186818605,0.7945176801878968,168.02276386750296,-522.327349420631,0.45620549635341234,172.25269906413467,-521.0279620281883,0.19936502396912398,-0.030913683307588535,0.2054823198121032,59.21431583675195,112.1482836255363,TRACK
16.948,167.84047148671067,-521.9063273332023,0.226183153348545,0.5276179619006081,0.6861783646942434,0.39985100768297677,0.7941798137195115,168.05900138587137,-522.3076155199155,0.45693273643152466,172.25269906413467,-521.0279620281883,0.19650621857667683,-0.02967693477186817,0.20582018628048848,59.21431583675195,112.1482836255363,TRACK
17.0,167.8737028610877,-521.8877320856425,0.22180024760090022,0.5215120013091806,0.6883280418838393,0.39549350178415876,0.7938580497778787,168.0924420970644,-522.289404679211,0.45737044698986473,172.25269906413467,-521.0279620281883,0.1938734125803928,-0.027926835020507412,0.20614195022212134,61.6647754066512,109.85216178728986,TRACK
17.048,167.9098161969652,-521.8678254428175,0.2168180071258221,0.5153118208833737,0.6904837571692231,0.39105779517369155,0.7935326194181531,168.1286563907391,-522.2696834259896,0.4575815436073477,172.25269906413467,-521.0279620281883,0.19103029926931686,-0.02578770785650525,0.20646738058184688,61.6647754066512,109.85216178728986,TRACK
17.096,167.94325543181105,-521.8496729004644,0.21289579454056473,0.5090256013158148,0.6926421962442624,0.38654985485471444,0.7932048930171044,168.16207147720198,-522.2514865397693,0.4575310508063755,172.25269906413467,-521.0279620281883,0.1884150731178577,-0.02448072142270702,0.2067951069828956,65.79237754677003,105.8578640774066,TRACK
17.148,167.97959599591132,-521.830263889501,0.2096781272295083,0.5025618649936918,0.6948173782336762,0.3818949794475879,0.7928524228523194,168.19825201406778,-522.2317836695263,0.457196443585902,172.25269906413467,-521.0279620281883,0.1855954977331532,-0.02408262949635509,0.20714757714768062,65.79237754677003,105.8578640774066,TRACK
17.196,168.01324556855195,-521.812582372225,0.20495001105486144,0.49600304288176145,0.6969927630231366,0.377159466778044,0.7924949054012428,168.23163149178274,-522.2136061747965,0.45663169151321786,172.75069308261823,-521.0031081799918,0.1692328371244109,-0.03571717393045054,0.2075050945987572,64.95688759802067,106.90812027252366,TRACK
17.248,168.04980944872474,-521.7936698405397,0.20185703394314514,0.4894788474937495,0.699148335589606,0.3724495397495885,0.7921660525529963,168.2677757386033,-522.1939230670588,0.4557542636798676,172.75069308261823,-521.0031081799918,0.16661393120990742,-0.03524310273323772,0.20783394744700368,64.95688759802067,106.90812027252366,TRACK
17.296,168.08365991652988,-521.7764259339464,0.19789851771801925,0.48306777719622823,0.7012727458790317,0.36782901974676274,0.7918848728701549,168.30112635920213,-522.175761287077,0.4547091135533346,172.75069308261823,-521.0031081799918,0.16420597898940836,-0.03369253872861089,0.20811512712984515,41.98294805372947,130.07106066050915,TRACK
17.348,168.120419738006,-521.7578813895335,0.19424385792261845,0.47752300457448804,0.7032491601414408,0.3639079117681204,0.7918259590889124,168.33726717086122,-522.1560800500285,0.45341480165069925,172.75069308261823,-521.0031081799918,0.16158713460103907,-0.03265672332157937,0.2081740409110876,41.98294805372947,130.07106066050915,TRACK
17.396,168.1544325964316,-521.740880970146,0.19017627269389625,0.4726157272593354,0.70512238011193,0.36050153401647156,0.7919336632338231,168.3706407712001,-522.1379057559473,0.4520781518468384,172.75069308261823,-521.0031081799918,0.15915822340775443,-0.031018049286141824,0.20806633676617692,58.49502546441155,113.29574219614784,TRACK
17.448,168.19137859465488,-521.7226547966557,0.1863697313759931,0.46760001651048533,0.7070045351140071,0.35700216483419334,0.792026488425781,168.40679145606802,-522.1182191422358,0.45041519996161894,172.75069308261823,-521.0031081799918,0.15652801651197654,-0.029841714864016572,0.20797351157421895,58.49502546441155,113.29574219614784,TRACK
17.496,168.22557236986015,-521.706003849524,0.18227116701593737,0.462544741708164,0.7088825586958538,0.3534645633106266,0.7921184756963775,168.43789342646718,-522.101281911886,0.44869252017763855,172.75069308261823,-521.0031081799918,0.15410041243344644,-0.028170754582490937,0.2078815243036225,60.720489102136675,113.29574219614784,TRACK
17.544,168.26270988231337,-521.6881493131538,0.1785168536915318,0.45750327176042704,0.7107376892798019,0.34992673018234904,0.7922100601853669,168.45718911383503,-522.0919895985971,0.44822890094263645,172.75069308261823,-521.0031081799918,0.15146984289091744,-0.027047010800614363,0.20778993981463312,60.720489102136675,110.46458940663615,TRACK
17.592,168.2970746823955,-521.6718302600644,0.1744907303853147,0.45254753792246477,0.7125561652973957,0.34644547006147275,0.7923135442673213,168.4914639398078,-522.0754837123446,0.4480215317761241,172.75069308261823,-521.0031081799918,0.1490391199781096,-0.025451610407205116,0.20768645573267874,62.959356709195845,108.1941841342798,TRACK
17.648,168.33439452509637,-521.6543286458062,0.16990421709139403,0.44763324095292595,0.7143527563914551,0.3429888822778971,0.7924274313338167,168.52859978833425,-522.0576000302464,0.4475974684664258,172.75069308261823,-521.0031081799918,0.14640338572087988,-0.023500831370514147,0.20757256866618334,62.959356709195845,108.1941841342798,TRACK
17.692,168.36892750018126,-521.6383359396222,0.16688654059892416,0.4427570432649426,0.71613223498175,0.33955625607288004,0.7925552529749504,168.5628835553656,-522.041089838207,0.44702310249912536,172.75069308261823,-521.0031081799918,0.1439677553150098,-0.02291878528391436,0.20744474702504956,66.62392653166123,104.43722557885903,TRACK
17.748,168.40643076150798,-521.6212008916432,0.1633144281969252,0.43779110051172315,0.7179117501295202,0.3360436201519654,0.7926680235879767,168.60002499649755,-522.0232034628518,0.4461891920245909,172.75069308261823,-521.0031081799918,0.14132939384659346,-0.02198503435033175,0.20733197641202328,66.62392653166123,104.43722557885903,TRACK
17.792,168.44113414213822,-521.6055620391111,0.1595172853558906,0.43274896624965054,0.7196881213464014,0.3324616528120482,0.7927684041368144,168.6343087623988,-522.0066932713567,0.4452220787378722,172.75069308261823,-521.0031081799918,0.13889466424847458,-0.020622621107416028,0.20723159586318562,65.64649166870151,105.32689789942327,TRACK
17.848,168.47881980806397,-521.5888087278308,0.1552195672968415,0.4276959605321473,0.7214507995292483,0.3288627464063725,0.7928694483427481,168.6714490426494,-521.9888074550526,0.44396509299263986,173.2493069173797,-521.0031081799918,0.12216445331585771,-0.03305511398098379,0.20713055165725192,65.64649166870151,105.32689789942327,TRACK
17.896,168.5136885573264,-521.5735154135084,0.15183751062553408,0.4226665837140261,0.7231943163991308,0.3252745354318979,0.7929776432362031,168.70573196936922,-521.9722976676859,0.44261490977590756,173.2493069173797,-521.0031081799918,0.11987293108086765,-0.03196457954466643,0.20702235676379688,42.94862114171417,128.01116896904082,TRACK
17.948,168.5515375685765,-521.5570434641689,0.1489963456545622,0.4183982751498416,0.7248292659966489,0.3222973378155632,0.7932547124399829,168.74289485554232,-521.9544009649433,0.44103355280129697,173.2493069173797,-521.0031081799918,0.11737256013104781,-0.0316237855235144,0.2067452875600171,42.94862114171417,128.01116896904082,TRACK
17.996,168.5865428871603,-521.5419197532939,0.14460090082712074,0.4146918939262125,0.7263861375714711,0.31977032804409383,0.7936560234468252,168.77722234105505,-521.9378697191928,0.4394713069506989,173.2493069173797,-521.0031081799918,0.11504599168500074,-0.02955490914212,0.20634397655317482,57.16244137771888,113.5069868342981,TRACK
18.048,168.6245453621146,-521.5256763181011,0.14162379702152417,0.4109210557378569,0.7279368785368223,0.31718152702629604,0.7940379211477657,168.81442047083047,-521.9199560440259,0.4376174804383205,173.2493069173797,-521.0031081799918,0.11251629847061083,-0.029107498550913338,0.20596207885223428,57.16244137771888,113.5069868342981,TRACK
18.092,168.65969660168832,-521.5108047361763,0.1377564410481575,0.407178682115881,0.7294700929407489,0.31460661076881474,0.7944205032817477,168.84876784578725,-521.903415220024,0.43576476150818916,173.2493069173797,-521.0031081799918,0.11017075213742893,-0.027585688910728587,0.20557949671825226,60.04133406059229,110.0130747229383,TRACK
18.148,168.69785219785572,-521.4948213690761,0.13331133633477021,0.40350510083951846,0.7309720730766784,0.31207465248149524,0.7948023404214805,168.88598860621542,-521.8854906465091,0.4336101849362726,173.2493069173797,-521.0031081799918,0.10761690709195738,-0.02569442924281283,0.20519765957851954,60.04133406059229,110.0130747229383,TRACK
18.192,168.73313927193738,-521.4801748435475,0.1303677842355746,0.3999747715072808,0.7324334293452246,0.30964610609259136,0.7951977360636224,168.90125298962082,-521.8789877027971,0.4327977804658521,173.2493069173797,-521.0031081799918,0.10524497503661956,-0.025122809198955043,0.20480226393637757,63.696763668746144,106.17337268598794,TRACK
18.248,168.77143957020596,-521.4644311006565,0.12686485240923198,0.3964820418853372,0.7338721981898466,0.30723746918809897,0.7955898853989445,168.93940968976196,-521.8629033048984,0.4324280964704476,173.2493069173797,-521.0031081799918,0.10266072734359126,-0.024204125065640722,0.20441011460105551,63.696763668746144,106.17337268598794,TRACK
18.296,168.80686069040655,-521.4500143523796,0.12312004048603797,0.3929972981614075,0.7352959302860669,0.30482647782435,0.7959769385340579,168.97464665107597,-521.8480496801243,0.43195399145111735,173.2493069173797,-521.0031081799918,0.10026180341807907,-0.022858237067958906,0.20402306146594207,62.7336507210332,106.90323621898415,TRACK
18.348,168.84530562117078,-521.4345246936206,0.11885593200505686,0.3894980049614815,0.736706311752868,0.30239452915646214,0.7963533393163317,169.01283521612825,-521.8319518500393,0.4312939946784723,173.2493069173797,-521.0031081799918,0.09764856816328474,-0.021207363841772117,0.20364666068366832,62.7336507210332,106.90323621898415,TRACK
18.396,168.88085995696912,-521.4203533377331,0.11604204030037435,0.38592020226006146,0.7381094678355874,0.2998892472978386,0.7967051820801708,169.04809745912036,-521.8170875681442,0.43054202083613247,173.2493069173797,-521.0031081799918,0.09522451480336028,-0.020817525497014072,0.20329481791982917,66.69956242525413,102.75872530979424,TRACK
18.448,168.91945084748096,-521.4051603508021,0.1127043084953181,0.3821157630262549,0.7395175325382015,0.29718849970203887,0.7969988615340292,169.08630377251788,-521.8009822565042,0.42955195218621695,173.2493069173797,-521.0031081799918,0.09259028046761965,-0.020114028027698447,0.2030011384659708,66.69956242525413,102.75872530979424,TRACK
18.496,168.95514037314456,-521.3912853404406,0.10915090381880697,0.3781486004971479,0.7409225207802527,0.2943444753590542,0.797248300075805,169.12157473574433,-521.7861142987222,0.4284743905435739,173.74730093586325,-521.0279620281881,0.07567141372054802,-0.03347949009825896,0.20275169992419495,65.5251902820269,103.88175845037199,TRACK
18.548,168.9938746250591,-521.3764049588832,0.10592208157077442,0.37416807922169626,0.742310949470468,0.2914803233121632,0.7974875074770206,169.15979088803613,-521.7700048396405,0.42714057692099905,173.74730093586325,-521.0279620281881,0.07317265563547011,-0.032749425935304305,0.20251249252297943,65.5251902820269,103.88175845037199,TRACK
18.596,169.0296925469247,-521.3627977636596,0.1019439208976951,0.37027746736717865,0.7436744640924647,0.2886813419915446,0.7977396979950626,169.19507501485185,-521.7551313329402,0.42576635644696564,173.74730093586325,-521.0279620281881,0.07085691521255062,-0.031087005685144484,0.2022603020049374,40.327341736567206,129.10981104074455,TRACK
18.648,169.0685525650575,-521.3480889723087,0.09926042032566795,0.3673218436769698,0.7449462160154516,0.28664435254112697,0.7981916120828769,169.23333653968456,-521.7390027477287,0.42422557455559196,173.74730093586325,-521.0279620281881,0.06831501913895037,-0.030945401186717583,0.20180838791712308,40.327341736567206,129.10981104074455,TRACK
18.696,169.1044757487598,-521.3345325591761,0.09563995889388034,0.3650531155215311,0.7461549215726181,0.2851676749104172,0.7987914432446389,169.26869186965587,-521.7240992263813,0.4227636722325675,173.74730093586325,-521.0279620281881,0.06593531342673167,-0.02970464546714867,0.2012085567553611,56.848874641922464,112.1807462574346,TRACK
18.748,169.143454264864,-521.3199358420949,0.09221674366772638,0.3626918801499328,0.7473560958774529,0.28360612289208953,0.7993582219424977,169.30701389817037,-521.7079451367292,0.421073587832285,173.74730093586325,-521.0279620281881,0.06333471409444318,-0.028882029573283202,0.20064177805750227,56.848874641922464,112.1807462574346,TRACK
18.792,169.1794901487089,-521.3065447273261,0.08850419217677108,0.36027350676888487,0.7485431153560861,0.2819875250686662,0.799896093152946,169.34240575809798,-521.6930262167141,0.41941559034226433,173.74730093586325,-521.0279620281881,0.06091278269165755,-0.02759140948511353,0.20010390684705404,58.390341902133756,109.85625158960151,TRACK
18.848,169.2185861495487,-521.2921276001177,0.08507955625718644,0.35782667787723926,0.7496991844801479,0.2803302475049477,0.8003960987388583,169.36183921557944,-521.6857121643047,0.41884394479742615,173.74730093586325,-521.0279620281881,0.05826522176067915,-0.02681433449650729,0.1996039012611417,58.390341902133756,109.85625158960151,TRACK
18.896,169.25472496977096,-521.278901396887,0.08138101469999028,0.355379482594852,0.7508167006993348,0.2786557261021855,0.8008587464332089,169.39800141667658,-521.6725501994998,0.41891230590231004,173.74730093586325,-521.0279620281881,0.055798474151627774,-0.025582540548362502,0.19914125356679113,59.98967757570179,108.11217744870848,TRACK
18.948,169.29392949758218,-521.2646699698226,0.07798138125628395,0.3528687456703223,0.7519074849531617,0.27691467336123804,0.8012781054361527,169.4371937784122,-521.6582853464174,0.4188767346768974,173.74730093586325,-521.0279620281881,0.053102555438376345,-0.02487882581790761,0.19872189456384726,59.98967757570179,108.11217744870848,TRACK
18.996,169.3301676955963,-521.2516284273056,0.07432091664807139,0.35027086927067214,0.7529767257390714,0.27508911853825424,0.8016532745787834,169.4733843834985,-521.6451130434059,0.4187375822651699,173.74730093586325,-521.0279620281881,0.05059288891792604,-0.023728027730145346,0.19834672542121656,61.373044139029766,106.65328477582776,TRACK
19.048,169.3694790268497,-521.2376153095505,0.07096527012000298,0.3475219574642911,0.7540303705513683,0.2731269888630282,0.8019726627256185,169.51260089178737,-521.6308394016969,0.41846033846423086,173.74730093586325,-521.0279620281881,0.04785330016878727,-0.023111969951215706,0.1980273372743815,61.373044139029766,106.65328477582776,TRACK
19.092,169.4058148601431,-521.2247923184381,0.06736025411851343,0.34462769928949827,0.7550685252894718,0.2710335196225324,0.802239145543145,169.54880746992743,-521.6176612849694,0.4180824216781925,173.74730093586325,-521.0279620281881,0.045306052946034105,-0.022054201172479325,0.19776085445685498,62.62185133550297,105.41110773898585,TRACK
19.148,169.4452305799995,-521.2110294297125,0.06324259906401442,0.3415845765134334,0.756092655856285,0.2688066157148993,0.8024544229374702,169.58803573361251,-521.603383364646,0.4175343364996467,174.2434370464739,-521.0776079339981,0.027799371551277496,-0.035443227512736916,0.19754557706252984,62.62185133550297,105.41110773898585,TRACK
19.192,169.48166122400926,-521.1984434050254,0.06052494756743587,0.3384531850583431,0.7571003388777254,0.2664973968918417,0.8026342789084544,169.6242498721809,-521.5902024961475,0.416901316937551,174.2434370464739,-521.0776079339981,0.025370691163048385,-0.03515425640438749,0.1973657210915456,37.31068406185507,130.81144192455457,TRACK
19.248,169.52117226950506,-521.1848366124165,0.05722584305412037,0.336073290426691,0.758054949569178,0.264807489001311,0.8029759104714839,169.66351214219904,-521.5759121985312,0.41617394610132274,174.2434370464739,-521.0776079339981,0.02270314346868811,-0.03452269958543226,0.19702408952851613,37.31068406185507,130.81144192455457,TRACK
19.296,169.55768548867667,-521.1723003172326,0.05349908866416331,0.3341996274850497,0.7589779403462784,0.26353535356641933,0.8034291484080327,169.69978321371602,-521.562710608134,0.4154659537231351,174.2434370464739,-521.0776079339981,0.020205829279392844,-0.033293259384770464,0.1965708515919673,51.93904308057078,116.00369031843562,TRACK
19.348,169.5972892045171,-521.1588087092898,0.04996386788436014,0.3321449634871799,0.7598991332279659,0.26210687943315103,0.8038325129819011,169.73909029406965,-521.5484040008894,0.4145986495815448,174.2434370464739,-521.0776079339981,0.01747523154385592,-0.03248863634050422,0.19616748701809894,51.93904308057078,116.00369031843562,TRACK
19.396,169.6338896434414,-521.1464361546401,0.04610664009972365,0.3299867872248363,0.7608126370878456,0.26058601595218667,0.8042020520132954,169.77538575737313,-521.5351935326081,0.41370696051954403,174.2434370464739,-521.0776079339981,0.014930556108504252,-0.0311760839912194,0.19579794798670458,54.457784393306156,112.91458238921635,TRACK
19.448,169.67358431796177,-521.1331225576887,0.042530489993114484,0.32775301716807215,0.7617039079942318,0.2589916590804922,0.8045306227403349,169.81471594463255,-521.5208785151375,0.41264127106214143,174.2434370464739,-521.0776079339981,0.012147414017132561,-0.030383075975981923,0.19546937725966507,54.457784393306156,112.91458238921635,TRACK
19.496,169.71026412386325,-521.1209130172879,0.038057128460871725,0.32550406371215357,0.7625644582279251,0.25737247715828615,0.8048261582174385,169.8319867272554,-521.5155280054165,0.4129617186039514,174.2434370464739,-521.0776079339981,0.009552639350535281,-0.028504489110336442,0.19517384178256147,56.211553227249055,111.13691530988788,TRACK
19.548,169.75004186711237,-521.1077802022645,0.03507781452787584,0.3231867750842066,0.7634017081787566,0.2556860574255592,0.8050823113272766,169.8720075448543,-521.5031832180806,0.41378638385466254,174.2434370464739,-521.0776079339981,0.006714703158575739,-0.0283631113693001,0.1949176886727234,56.211553227249055,111.13691530988788,TRACK
19.596,169.78679719428246,-521.0957520358726,0.031214879621912273,0.32076304411538387,0.7642187042647124,0.2539013172677563,0.805292559793233,169.90895740036981,-521.4917856970952,0.4144463496916326,174.2434370464739,-521.0776079339981,0.004071229049350714,-0.02714365057256156,0.194707440206767,57.74554779488908,109.60566331346614,TRACK
19.648,169.82665529006056,-521.082841756298,0.02766273664628871,0.3181298599141663,0.7650178024323586,0.25193196874546986,0.8054327749194241,169.94898891007978,-521.4794376116798,0.41503468179548164,174.2434370464739,-521.0776079339981,0.0011849849367063885,-0.02647775170958232,0.1945672250805759,57.74554779488908,109.60566331346614,TRACK
19.696,169.86348318342579,-521.0710480380154,0.023248775966043578,0.31525578278375693,0.7657982940358283,0.2497516421614649,0.8054954437552911,169.98593899253362,-521.4680400206934,0.4154492261333757,174.2434370464739,-521.0776079339981,-0.0014977078030807434,-0.02474648376912432,0.19450455624470886,59.174241548394434,108.28926183224672,TRACK
19.748,169.90341807235635,-521.0584215176499,0.020324949519478164,0.3120975211493014,0.7665614127712902,0.2473247621729389,0.8054724933440106,170.02596069993282,-521.4556949588904,0.4157437704745624,174.2434370464739,-521.0776079339981,-0.004420785133339742,-0.024745734652817906,0.1945275066559894,59.174241548394434,108.28926183224672,TRACK
19.796,169.94031510463265,-521.0469104138873,0.015972249029415186,0.3087076591304335,0.7673057786493527,0.24469622701460086,0.8053784212802516,170.06289431325288,-521.4443024479589,0.4158678770108426,174.7364817766684,-521.1519224698777,-0.02189149948009241,-0.03786374850950759,0.1946215787197484,60.55612149129453,107.21427480211298,TRACK
19.848,169.980323521581,-521.034601190805,0.013094409080851577,0.30512729310273295,0.7680361778898448,0.2419030875364946,0.8052308205150436,170.10289379054865,-521.4319642432347,0.4158375479331278,174.7364817766684,-521.1519224698777,-0.02466223491166668,-0.037756643992518255,0.19476917948495642,60.55612149129453,107.21427480211298,TRACK
19.896,170.01728772166473,-521.0233840668776,0.009384818882731238,0.30145368457325833,0.7687541412389418,0.23902853553597836,0.8050574951346626,170.13980593372693,-521.4205783549647,0.415660937274546,174.7364817766684,-521.1519224698777,-0.027230630741689257,-0.036615449624420496,0.19494250486533737,34.11787165373708,134.00432777529318,TRACK
19.948,170.0573681147427,-521.0112823614497,0.005922044867959553,0.2985758315195597,0.7694620682916433,0.23682233463219482,0.805081792565387,170.17981268439348,-521.4082379067029,0.4154110946330036,174.7364817766684,-521.1519224698777,-0.030047951176434114,-0.035969996044393666,0.19491820743461297,34.11787165373708,134.00432777529318,TRACK
20.004,170.09439981484235,-521.000158862562,0.0020075513545645407,0.2962045665360071,0.770173157616167,0.23504336356737676,0.8052403836554171,170.21676009271354,-521.3968411405773,0.4151251224536139,174.7364817766684,-521.1519224698777,-0.032681364364201,-0.03468891571876554,0.19475961634458294,51.16784769290694,116.89937074427345,TRACK
20.048,170.1345548108698,-520.9882385837723,-0.002634585816960966,0.29353205779961417,0.7708865641736607,0.2330108320188109,0.8053323181529287,170.25678386414742,-521.384495442104,0.414679923845004,174.7364817766684,-521.1519224698777,-0.035553565490044334,-0.03291897967308337,0.19466768184707128,51.16784769290694,116.89937074427345,TRACK
20.096,170.17165470941413,-520.9773593115332,-0.005744030647701903,0.2906316112485385,0.7715963602653535,0.23078506755562117,0.8053711508251297,170.29159531856877,-521.3737575305003,0.41414646892694623,174.7364817766684,-521.1519224698777,-0.038222289372248267,-0.03247825872454636,0.19462884917487033,54.74567951914915,112.84666191719361,TRACK
20.148,170.21188010279,-520.9657198736534,-0.009479414460237702,0.28749271843215796,0.7722854742023286,0.22835266425601386,0.8053383096169804,170.31430671597522,-521.3679744981234,0.4150903443783609,174.7364817766684,-521.1519224698777,-0.04113015880139566,-0.03165074434115796,0.19466169038301961,54.74567951914915,112.84666191719361,TRACK
20.196,170.24904017852634,-520.9551124874348,-0.013514291385498645,0.2841906621809996,0.7729444438090929,0.2257747562767941,0.8052436611282288,170.35174065626416,-521.3584426456879,0.41620019784237566,174.7364817766684,-521.1519224698777,-0.04382986035336626,-0.030315568967867614,0.19475633887177124,53.966830939114246,113.87373780304408,TRACK
20.248,170.28932804212363,-520.9437706766063,-0.017230687198943825,0.2807708830565452,0.7735822011499489,0.22309270292576433,0.8051085492247138,170.39228755661762,-521.3481181362212,0.4172499607212049,174.7364817766684,-521.1519224698777,-0.04677148603545828,-0.02954079883651446,0.19489145077528625,53.966830939114246,113.87373780304408,TRACK
20.296,170.32654482268248,-520.9334479521908,-0.021871136718887296,0.2772005538871147,0.7742007889890737,0.2202801224311366,0.8049286887728507,170.4297066786971,-521.3385900569654,0.4180699625631178,174.7364817766684,-521.1519224698777,-0.04950094410385882,-0.027629807384971526,0.19507131122714927,56.70487899613656,111.43769577558109,TRACK
20.348,170.3668923406389,-520.922446469263,-0.02495517620353982,0.2733514713399384,0.7748003452419743,0.2172305223633846,0.8046767517664167,170.47022821951643,-521.3282720048295,0.4187752012490665,174.7364817766684,-521.1519224698777,-0.05246840416680011,-0.027513227963260292,0.19532324823358327,56.70487899613656,111.43769577558109,TRACK
20.396,170.40416222076735,-520.912469927767,-0.029555348080497312,0.26922452525853535,0.7753797670104603,0.213945454611423,0.8043546734109799,170.50761442629516,-521.3187523068391,0.41924662237523136,174.7364817766684,-521.1519224698777,-0.05521502971702452,-0.02565968163652721,0.19564532658902012,58.41007147829412,110.0538423831307,TRACK
20.448,170.44456511945822,-520.9018698807159,-0.03260193296718694,0.26480143822644564,0.7759394358991858,0.21041101603347379,0.8039619417931333,170.54809198160697,-521.3084454547896,0.41954917306525186,175.22520933956227,-521.2507208781816,-0.07284243703081562,-0.04024050406362868,0.1960380582068667,58.41007147829412,110.0538423831307,TRACK
20.496,170.48188446068247,-520.8922808914654,-0.03713609417483843,0.26015183610315257,0.776480829761283,0.20668687370719468,0.8035184769186234,170.5854319636327,-521.2989375270677,0.41963282122185147,175.22520933956227,-521.2507208781816,-0.07542389451622891,-0.03828780034139048,0.19648152308137656,32.254648391168374,136.68866151048957,TRACK
20.548,170.52234480612807,-520.882003957244,-0.041145095217437026,0.256160049090741,0.7770417875364377,0.20351814055329687,0.803251874017169,170.62588620281335,-521.2886366120348,0.4196080751960405,175.22520933956227,-521.2507208781816,-0.07824256792671157,-0.03709747270927454,0.19674812598283098,32.254648391168374,136.68866151048957,TRACK
20.592,170.5597228881382,-520.8726237803307,-0.044997000280901034,0.25256189649291017,0.7776256765558117,0.20068391468565797,0.8031038080176462,170.66323141627913,-521.2791273522245,0.4194748733360051,175.22520933956227,-521.2507208781816,-0.08086458004332937,-0.03586757976242834,0.19689619198235375,51.694608187541014,117.43285821543506,TRACK
20.648,170.60024528063494,-520.8626630013347,-0.049240937077038804,0.24852800208835174,0.7782035623354924,0.19748824932685177,0.8028713427778048,170.7036683232676,-521.26883085051,0.4191284378935415,175.22520933956227,-521.2507208781816,-0.08370898653764933,-0.03446804946061052,0.1971286572221952,51.694608187541014,117.43285821543506,TRACK
20.696,170.6376778551173,-520.8536519774349,-0.053161330206167305,0.2442270606425798,0.7787781711185652,0.1940727446651807,0.8025955831130979,170.74097643675316,-521.2593310375155,0.4186240518124511,175.22520933956227,-521.2507208781816,-0.08633875911086333,-0.03317742890469603,0.19740441688690213,53.15219105344183,115.73990006208473,TRACK
20.748,170.6782581665794,-520.8440844188689,-0.05642628458399801,0.239789557408362,0.7793425229913532,0.19054431284201473,0.8022978893771088,170.7747906604357,-521.250720878182,0.4179374742863741,175.22520933956227,-521.2507208781816,-0.0891932961252479,-0.03276701154124989,0.19770211062289123,53.15219105344183,115.73990006208473,TRACK
20.796,170.71574226026817,-520.8354281985813,-0.060662715292623126,0.23529943119123514,0.7798941564249169,0.18697207627734777,0.8019934242456076,170.7987176759978,-521.2458839276344,0.41875867170482856,175.22520933956227,-521.2507208781816,-0.09183447812753442,-0.0311717628349113,0.1980065757543924,53.68891793227527,115.55290532442157,TRACK
20.848,170.75637810512242,-520.8262448976615,-0.06456478624711148,0.2307375612988749,0.7804416958874998,0.1833425288485521,0.8016880462900384,170.83954163742712,-521.2376311857878,0.4197080546805698,175.22520933956227,-521.2507208781816,-0.09470177735546975,-0.03013699110835827,0.19831195370996157,53.68891793227527,115.55290532442157,TRACK
20.896,170.793913764685,-520.8179566199116,-0.06942964401238383,0.22604593831247355,0.7809846199705854,0.1796080023445676,0.8013713316165022,170.8772133036399,-521.2300156941672,0.42039445032786527,175.22520933956227,-521.2507208781816,-0.09735216709867371,-0.027922523086289883,0.1986286683834978,56.90271855249179,112.53860539028275,TRACK
20.948,170.8346030816569,-520.8092092034304,-0.07265752869422061,0.22104916668471225,0.7815104056763913,0.17562204322386749,0.8010003846731933,170.91800398142868,-521.2217696807537,0.4209059960750699,175.22520933956227,-521.2507208781816,-0.10022134308411716,-0.02756381438989655,0.19899961532680666,56.90271855249179,112.53860539028275,TRACK
20.996,170.87218452587487,-520.8013623862024,-0.07682470841446509,0.21573028276781667,0.7820131277790825,0.1713707037165546,0.8005700782012345,170.95563389539066,-521.2141626295327,0.42115061221147326,175.22520933956227,-521.2507208781816,-0.10286467078902944,-0.02603996237456435,0.1994299217987655,59.06290234213582,110.64096024488916,TRACK
21.048,170.91291985767518,-520.7931262931165,-0.08063878075793385,0.21005458807291336,0.7824886509430813,0.16682619933998027,0.8000746650412986,170.9963694734791,-521.2059277547639,0.4211518551734691,175.22520933956227,-521.2507208781816,-0.10571845036514928,-0.02507966960721543,0.19992533495870135,59.06290234213582,110.64096024488916,TRACK
21.096,170.95054114555367,-520.7857715737705,-0.08472832650724628,0.2041131524863977,0.7829395138936783,0.16206519146919296,0.7995369964560837,171.03394209279375,-521.1983322859057,0.4209062356369691,175.70840468142924,-521.3737575304997,-0.1229584978288944,-0.03823017132164812,0.20046300354391633,61.23405617054435,108.95941440233078,TRACK
21.148,170.99131873031692,-520.7780759975984,-0.08846168718832059,0.19796561455865597,0.7833751968604461,0.1571395217669739,0.798980305362589,171.0746132871251,-521.1901104265943,0.42036930652917476,175.70840468142924,-521.3737575304997,-0.12561675549484805,-0.037155068306527456,0.20101969463741098,61.23405617054435,108.95941440233078,TRACK
21.196,171.02897994490806,-520.7712158102431,-0.09306497426708615,0.19174802884629893,0.7838069010196917,0.15216288861426908,0.7984402311742134,171.11212821883748,-521.1825266195365,0.41963104901686765,175.70840468142924,-521.3737575304997,-0.12805941130580717,-0.034994437038721016,0.20155976882578663,35.831779678890236,134.8252672927525,TRACK
21.248,171.0698127561661,-520.7639406138937,-0.09616311057268256,0.18635195097190113,0.7843107152842386,0.14787354533550628,0.7981289892741436,171.15277082629146,-521.1743105391869,0.4186711322554021,175.70840468142924,-521.3737575304997,-0.13071632488069845,-0.03455321430801589,0.20187101072585645,35.831779678890236,134.8252672927525,TRACK
21.296,171.1075370769206,-520.7573661909272,-0.10097415936224596,0.18152011094895873,0.7848751371030203,0.1440563052657428,0.7979857141135434,171.19029088608366,-521.1667256954654,0.41764027210837407,175.70840468142924,-521.3737575304997,-0.13317982439109943,-0.03220566502885347,0.20201428588645665,53.4580668313126,117.17727863950762,TRACK
21.348,171.14843246043554,-520.7504734707194,-0.10521757897242989,0.17643150251045445,0.7854262281598048,0.1400299075138006,0.7978112150625994,171.23091932556815,-521.1585124792327,0.41629306430442437,175.70840468142924,-521.3737575304997,-0.135844113743217,-0.03062653477078711,0.20218878493740056,53.4580668313126,117.17727863950762,TRACK
21.396,171.18620667573884,-520.7443247010395,-0.10847880133116927,0.1711592091499414,0.785964034890454,0.13585421879946807,0.7976188519003902,171.26351822332956,-521.1519224698782,0.4148650582455672,175.70840468142924,-521.3737575304997,-0.13829884026725273,-0.029820038936083454,0.20238114809960983,57.84703169785886,112.32781735263106,TRACK
21.448,171.22715183357477,-520.7379065373406,-0.11237728864635876,0.165675961198769,0.7864690311897851,0.13150442096279644,0.7973875781283274,171.28897633110714,-521.1480852775344,0.41481184578327324,175.70840468142924,-521.3737575304997,-0.1409504448392944,-0.028573156192935628,0.2026124218716726,57.84703169785886,112.32781735263106,TRACK
21.5,171.2649670568502,-520.7322047016384,-0.11720428079871192,0.16007141688345564,0.7869408733233828,0.1270537589544455,0.7971314796013408,171.32679186503665,-521.1423855028874,0.4148139301187492,175.70840468142924,-521.3737575304997,-0.14339118663971046,-0.02618690584099853,0.2028685203986592,57.62465371056414,112.77110823958623,TRACK
21.548,171.305955275232,-520.7262669310467,-0.12039638914748996,0.1544021354163188,0.7873938067685554,0.12255070691827559,0.7968736930678828,171.3677446819524,-521.1362128589146,0.4145764037645945,175.70840468142924,-521.3737575304997,-0.1460281702064072,-0.025631781058917252,0.2031263069321172,57.62465371056414,112.77110823958623,TRACK
21.592,171.34381012623246,-520.7210091978612,-0.1245185616635478,0.14866768143495923,0.7878309296111388,0.11799559730731118,0.7966181862321875,171.4055335125752,-521.1305171091435,0.41413343963557037,175.70840468142924,-521.3737575304997,-0.14845502378675385,-0.023936462123206048,0.2033818137678125,61.082054040339514,109.54269021593741,TRACK
21.648,171.38483839788253,-520.7155721747905,-0.12828911169750157,0.14275045169094416,0.7882419326612247,0.11329248584117993,0.7963419691022046,171.4464516940706,-521.1243496856206,0.4133947890668088,175.70840468142924,-521.3737575304997,-0.15107216291876863,-0.02278305122126706,0.20365803089779544,61.082054040339514,109.54269021593741,TRACK
21.696,171.42272706295972,-520.7107955899442,-0.13232340910055407,0.13668413613057592,0.7886287724176523,0.10846938030143372,0.7960533569729797,171.4842026771566,-521.1186596404477,0.4124710109014521,175.70840468142924,-521.3737575304997,-0.15347594481033325,-0.02115253570977918,0.20394664302702026,63.39586009495061,107.38863967079729,TRACK
21.748,171.4637891550143,-520.7058908420258,-0.1359979485481484,0.13045808916372975,0.7889881678234159,0.10351782356922166,0.795750129602163,171.52507548235593,-521.112499056301,0.41120098958422113,176.18486650251606,-521.5207265383284,-0.17091145987553252,-0.03491351132738413,0.20424987039783704,63.39586009495061,107.38863967079729,TRACK
21.796,171.50170714144414,-520.701608944427,-0.13991831618130623,0.12415889929539886,0.7893276268028402,0.09850875531156299,0.7954508641690178,171.5627822296489,-521.106815678601,0.40978367929825094,176.18486650251606,-521.5207265383284,-0.1731554781503937,-0.033237161969087464,0.20454913583098222,37.38631662066679,133.61713066269056,TRACK
21.848,171.54281560742868,-520.6971312207909,-0.1435520990910888,0.11867825195450113,0.7897545553946852,0.0941692154263618,0.7953490421825334,171.60363744483803,-521.1006577457217,0.40808449153160525,176.18486650251606,-521.5207265383284,-0.17559334039613136,-0.03204124130504257,0.20465095781746656,37.38631662066679,133.61713066269056,TRACK
21.896,171.58079142028006,-520.6931417162514,-0.14762582094187393,0.11377468858657246,0.7902474297145756,0.09030012729435431,0.795389912659112,171.6413576418361,-521.094972340805,0.40636943539440173,176.18486650251606,-521.5207265383284,-0.17785126287848657,-0.03022544193661264,0.20461008734088804,55.55701480399321,115.35831431687774,TRACK
21.944,171.62195245746452,-520.6890474845039,-0.1514589704123257,0.10865314923770128,0.7907062719021134,0.08625241181066735,0.7953966852888538,171.68220774232043,-521.0888151788434,0.4042832036958747,176.18486650251606,-521.5207265383284,-0.1802901273187222,-0.02883115690639651,0.20460331471114623,55.55701480399321,115.35831431687774,TRACK
21.996,171.65996641338546,-520.6854725889754,-0.155600191974987,0.103442412761275,0.791144171993277,0.08213101423944325,0.7953958790306419,171.7199041310176,-521.0831333624507,0.402152484458237,176.18486650251606,-521.5207265383284,-0.18253586968786398,-0.02693567771287697,0.2046041209693581,58.29915483782449,112.14505880725434,TRACK
22.044,171.7011675204486,-520.6818155179292,-0.15940461904613315,0.09822271341287171,0.7915588554897821,0.07800006052798622,0.7953926270381586,171.75656295352405,-521.0776079339984,0.39965021033836623,176.18486650251606,-521.5207265383284,-0.18496386452949476,-0.02555924548336161,0.2046073729618414,58.29915483782449,112.14505880725434,TRACK
22.096,171.73921725680404,-520.6786282325384,-0.16349378063685682,0.09309435396016343,0.7919592503268145,0.07394066198460482,0.7954034672246102,171.77891736233983,-521.075371038012,0.39872415536891564,176.18486650251606,-521.5207265383284,-0.18720283937611482,-0.023709058739257993,0.2045965327753898,61.07153545369371,109.42657776823864,TRACK
22.148,171.78045654806726,-520.6753827837856,-0.16816149751665344,0.0879985371893,0.7923456654456715,0.06990579689504296,0.7954234557706197,171.82006935390538,-521.0712531601687,0.3978473693315617,176.18486650251606,-521.5207265383284,-0.18962521185279438,-0.021463714336140943,0.20457654422938032,61.07153545369371,109.42657776823864,TRACK
22.196,171.81854044336347,-520.6725788744989,-0.17184804298690692,0.08292068907087827,0.7927197524079004,0.06588393986425956,0.7954528894847767,171.85805348665875,-521.0674522744105,0.3968454139185721,176.18486650251606,-521.5207265383284,-0.1918581839278886,-0.020010140940981663,0.20454711051522334,65.30245208678085,105.15181394254608,TRACK
22.248,171.85981189715275,-520.6697684444315,-0.17487895765413453,0.07769513985871908,0.7930564703391254,0.06174091713445398,0.7954561622084246,171.89919422326156,-521.063335522796,0.39553256854793856,176.18486650251606,-521.5207265383284,-0.1942694170989211,-0.019390459444786567,0.20454383779157537,65.30245208678085,105.15181394254608,TRACK
22.292,171.89791926139569,-520.6673896779265,-0.17875207703446128,0.07232156631403794,0.7933529033251394,0.05747676856960932,0.7954322146730244,171.93715947209498,-521.059536526659,0.3941052462307154,176.18486650251606,-521.5207265383284,-0.19648642187872323,-0.01773434484426195,0.20456778532697562,64.84603589419277,105.59760623715553,TRACK
22.344,171.93921239178783,-520.6650462441572,-0.18226527897714506,0.06685094012404831,0.7936139186469557,0.05313301147888422,0.795390576244773,171.97827540364642,-521.0554222571643,0.39232556687880027,176.18486650251606,-521.5207265383284,-0.19887841662451355,-0.016613137647368492,0.20460942375522695,64.84603589419277,105.59760623715553,TRACK
22.396,171.97733759087993,-520.6630965571119,-0.18601071577182782,0.06133660005733803,0.7938452905003761,0.048752925500209016,0.7953409287811457,172.01621580029862,-521.0516257478631,0.3904695215166076,176.65341024366322,-521.6912625135577,-0.2164340267496301,-0.030423310977802293,0.2046590712188543,67.93797056828595,102.62354674541245,TRACK
22.444,172.0186474218666,-520.66121877496,-0.18940802152517344,0.05576797138767472,0.7940463781586294,0.04432831990480709,0.7952827488462327,172.05730213334294,-521.0475144401458,0.3882248416326004,176.65341024366322,-521.6912625135577,-0.2186887755570843,-0.029280754031910855,0.20471725115376727,67.93797056828595,102.62354674541245,TRACK
22.496,172.05678766446573,-520.6596906940019,-0.19301355652174298,0.05026466358676521,0.7942360814217524,0.03995566492434352,0.7952404719276597,172.09521565455444,-521.0437206201381,0.38594778738888164,176.65341024366322,-521.6912625135577,-0.2207618617374542,-0.027748305215711228,0.20475952807234032,40.92530646947142,129.70806653239208,TRACK
22.548,172.09813680283355,-520.6581428270275,-0.1971981918877943,0.04576606003909258,0.7945649611690876,0.03638951760557186,0.7953978089668087,172.13630821958614,-521.0396086888164,0.3833709179988179,176.65341024366322,-521.6912625135577,-0.22302363695316085,-0.025825445065366548,0.20460219103319133,40.92530646947142,129.70806653239208,TRACK
22.596,172.13633566045388,-520.6568012330226,-0.2000885842545177,0.04203261145234378,0.7950005615748013,0.03343564272923696,0.795703358739277,172.17426129888855,-521.0358109104246,0.3809024673260103,176.65341024366322,-521.6912625135577,-0.22512919311408483,-0.02504060885956713,0.204296641260723,60.701352347444896,109.67368732439857,TRACK
22.648,172.17773397042157,-520.6555162498129,-0.20360624356154955,0.0381790335283051,0.7953928359599964,0.030382093224293128,0.7959728858982418,172.2153765033428,-521.031696713687,0.37805912458934887,176.65341024366322,-521.6912625135577,-0.2274134992353515,-0.023807255673801958,0.20402711410175822,60.701352347444896,109.67368732439857,TRACK
22.696,172.21596196272503,-520.6544822219183,-0.20796771324443752,0.0342788813571681,0.7957511205867489,0.02728814732686824,0.7962188699720696,172.25269906413467,-521.0279620281883,0.37528226751532895,176.65341024366322,-521.6912625135577,-0.22952592468428334,-0.02155821143984582,0.2037811300279304,60.50119430849964,109.25081061803007,TRACK
22.744,172.25739057406034,-520.6535137123417,-0.21085384146170538,0.030459836289709996,0.7960846508305621,0.024256110220599328,0.7964540979686474,172.2760204237122,-521.0267981075202,0.37374899462319855,176.65341024366322,-521.6912625135577,-0.23182150515998518,-0.020967663698279793,0.2035459020313526,60.50119430849964,109.25081061803007,TRACK
22.796,172.29564528858057,-520.6527528677818,-0.21458143392046436,0.026757064448546978,0.7963956497499032,0.021314296559060503,0.7966808207672493,172.31421796792478,-521.0248917473431,0.3726020532674557,176.65341024366322,-521.6912625135577,-0.2339487303207967,-0.01936729640033233,0.20331917923275067,63.68373528735183,106.03607837420074,TRACK
22.848,172.3370991493418,-520.6520816457972,-0.21799113710973783,0.02305696907594583,0.7966735428457661,0.01837213304427999,0.7968853550812823,172.35560224797675,-521.0228263437921,0.3712061364664885,176.65341024366322,-521.6912625135577,-0.2362603571563189,-0.018269220046581075,0.20311464491871767,63.68373528735183,106.03607837420074,TRACK
22.896,172.37537333286053,-520.6516047630696,-0.22219567998994116,0.01934601355453961,0.7969203910071151,0.015419156367819044,0.7970695452631649,172.3938050760808,-521.0209197199068,0.3697746158159354,176.65341024366322,-521.6912625135577,-0.2384005743927452,-0.016204894402804038,0.20293045473683513,65.71962757716437,103.93643206973516,TRACK
22.948,172.4168434156779,-520.6512516146514,-0.22578261015869242,0.015553935337271525,0.797123811579209,0.012399412146095991,0.797220243350691,172.43518970293337,-521.0188542990477,0.3680602122362687,176.65341024366322,-521.6912625135577,-0.2407241547871806,-0.01494154462848818,0.20277975664930903,65.71962757716437,103.93643206973516,TRACK
22.996,172.45512767223212,-520.6510777508555,-0.2285027233555974,0.011698365735159706,0.7972865149010206,0.009327374740124149,0.7973410730437497,172.47338749357408,-521.0169479265718,0.36632554723101557,176.65341024366322,-521.6912625135577,-0.24287341993145276,-0.014370696575855352,0.20265892695625032,69.14365735281756,100.52171668159492,TRACK
23.048,172.49660307117603,-520.6510638224895,-0.231716005050981,0.007720640335196386,0.7973975737311603,0.006156542198401124,0.7974213400732274,172.5147605356396,-521.0148830838854,0.3642720802894116,177.11287103130542,-521.884941476883,-0.26118331980830195,-0.02946731475732095,0.2025786599267726,69.14365735281756,100.52171668159492,TRACK
23.092,172.53488842955502,-520.6512074217591,-0.23512357454321628,0.003705031737719995,0.7974724944387814,0.002954674421728299,0.7974779680262964,172.55294362081057,-521.0129774453289,0.36222029192885097,177.11287103130542,-521.884941476883,-0.26323918036729244,-0.028115605824076156,0.20252203197370355,38.02784014363412,131.7206920011252,TRACK
23.148,172.5763934425114,-520.6514095027984,-0.23828556538213697,0.0007024758009107285,0.797717785514678,0.0005603775324570799,0.797717982340514,172.59433544951358,-521.0109116650405,0.35994960796197106,177.11287103130542,-521.884941476883,-0.2654949662488776,-0.02720940086674062,0.20228201765948595,38.02784014363412,131.7206920011252,TRACK
23.192,172.6147343113443,-520.6516315040589,-0.2418734121415891,-0.0015719029166872919,0.7980853958244765,-0.0012545137947127013,0.798086381811626,172.63257000405778,-521.0090034577544,0.3578167481026036,177.11287103130542,-521.884941476883,-0.2676059465506024,-0.02573253440901327,0.20191361818837406,57.536989827092135,112.03497231963371,TRACK
23.248,172.65628092471127,-520.6519863576691,-0.2452766510656701,-0.004012863079821297,0.7983961741789191,-0.003203871727841959,0.79840260253683,172.6739957241925,-521.0069359860149,0.3553914078639171,177.11287103130542,-521.884941476883,-0.2699077808250661,-0.02463112975939602,0.20159739746316996,57.536989827092135,112.03497231963371,TRACK
23.292,172.69464150616218,-520.6524141029739,-0.24896460947533305,-0.0065126005774639225,0.7986700862958878,-0.0052014928040684996,0.7986870239782737,172.71223969963083,-521.0050273085515,0.3530520771232322,177.11287103130542,-521.884941476883,-0.272047844860622,-0.023083235385288947,0.20131297602172626,59.68757092868884,109.30579564867557,TRACK
23.348,172.7362084530606,-520.6529779031263,-0.252362754044791,-0.008981685531360582,0.7989130832932846,-0.007175779040380621,0.7989453088053143,172.75069308261823,-521.0031081799918,0.35042975797067005,177.11287103130542,-521.884941476883,-0.27438493798789426,-0.022022183943103235,0.20105469119468566,59.68757092868884,109.30579564867557,TRACK
23.396,172.77458725772829,-520.6535806858622,-0.2560259968226229,-0.011336150021022121,0.7991389548424255,-0.009059547158721218,0.7991903055851999,172.77458725772829,-521.0031081799918,0.3495274941296884,177.11287103130542,-521.884941476883,-0.2765622017253378,-0.020536204902714905,0.20080969441480012,61.85317816787026,107.1407171251465,TRACK
23.448,172.81617311915343,-520.6543252337337,-0.2593867610402394,-0.013635423846691867,0.7993451571629764,-0.010900085558106828,0.7994194719576685,172.81617311915343,-521.0031081799918,0.3487829462580976,177.11287103130542,-521.884941476883,-0.2789425319254763,-0.01955577088523691,0.2005805280423315,61.85317816787026,107.1407171251465,TRACK
23.496,172.85456673557314,-520.6550995961505,-0.2635494428494207,-0.015922363468382803,0.799527805216337,-0.012731448235207799,0.7996291647308887,172.85456673557314,-521.0031081799918,0.34800858384130606,177.11287103130542,-521.884941476883,-0.28115960862971595,-0.01761016578029523,0.20037083526911126,63.693638974844234,105.24407197121472,TRACK
23.548,172.8961620095717,-520.6560465960985,-0.2662960952544024,-0.01831755723357325,0.7996612637654957,-0.014649479463938337,0.7997954388564579,172.8961620095717,-521.0031081799918,0.34706158389337816,177.11287103130542,-521.884941476883,-0.28358021748485635,-0.017284122230453947,0.20020456114354213,63.693638974844234,105.24407197121472,TRACK
23.596,172.93455588226652,-520.6570295024426,-0.26983047741847277,-0.020865364234079167,0.799735143180667,-0.016689187077436385,0.7999092624813814,172.93455588226652,-521.0031081799918,0.3460786775492579,177.11287103130542,-521.884941476883,-0.285830216157188,-0.01599973873871524,0.2000907375186186,65.34934441165821,103.58861380545595,TRACK
23.648,172.97614236065027,-520.6582247236092,-0.2730529258668781,-0.023619289905734156,0.7997368321888244,-0.018892729452812132,0.799959958988944,172.97614236065027,-521.0031081799918,0.344883456382604,177.11287103130542,-521.884941476883,-0.28828196349217705,-0.015229037625298925,0.200040041011056,65.34934441165821,103.58861380545595,TRACK
23.696,173.0145215829514,-520.6594502250912,-0.27702088870021413,-0.026524753097263015,0.7996774368684945,-0.021216222450142368,0.7999588308979524,173.0145215829514,-521.0031081799918,0.34365795490066375,177.562106573531,-522.1012819118849,-0.3070286471850171,-0.03000775848480297,0.2000411691020476,66.891476153785,102.21871037590519,TRACK
23.748,173.05608912861607,-520.6609101957341,-0.2804053003187161,-0.02952880856284805,0.7995718913228287,-0.023617270073924848,0.7999206115854935,173.05608912861607,-521.0031081799918,0.34219798425772296,177.562106573531,-522.1012819118849,-0.30939010257147476,-0.02898480225275868,0.20007938841450645,66.891476153785,102.21871037590519,TRACK
23.796,173.09445143755107,-520.662372229449,-0.2829712005696863,-0.032525880711325686,0.7994468986775851,-0.026011888052642047,0.7998699657602304,173.09445143755107,-521.0031081799918,0.3407359505428076,177.562106573531,-522.1012819118849,-0.31158196816405215,-0.02861076759436587,0.2001300342397696,38.65314291275572,130.6757929431237,TRACK
23.844,173.13603544177266,-520.6639662550232,-0.28608312978408673,-0.03455236077844257,0.7995328202472913,-0.02763674552176402,0.8000103251556333,173.13603544177266,-521.0031081799918,0.3391419249686578,177.562106573531,-522.1012819118849,-0.3139953542382589,-0.027912224454172185,0.1999896748443667,38.65314291275572,130.6757929431237,TRACK
23.896,173.174446217551,-520.6654400724566,-0.28961422415282295,-0.03588277959797829,0.799774906544518,-0.0287104700410732,0.8002900675556781,173.174446217551,-521.0031081799918,0.3376681075352508,177.562106573531,-522.1012819118849,-0.3162614794635187,-0.026647255310695728,0.1997099324443219,55.10661890853699,114.06658570473893,TRACK
23.948,173.21606471292182,-520.6671060713426,-0.29297053714230237,-0.03732774649830248,0.7999781773266963,-0.029875259566966045,0.8005358301370006,173.21606471292182,-521.0031081799918,0.33600210864926794,177.562106573531,-522.1012819118849,-0.31874383096107756,-0.02577329381877519,0.19946416986299942,55.10661890853699,114.06658570473893,TRACK
24.0,173.25448672051044,-520.6687092412719,-0.29719163076768096,-0.03885919355439908,0.8001462872627308,-0.031108699453397608,0.8007507928200973,173.2493069173797,-521.0031081799918,0.33443905360689913,177.562106573531,-522.1012819118849,-0.32106079184176023,-0.02386916107407927,0.1992492071799027,57.67264892684586,110.91546494616625,TRACK
24.048,173.29611164807008,-520.6705207919775,-0.30085837190795495,-0.040481793462215206,0.8002628683721904,-0.03241378439401266,0.8009190420473391,173.279437851445,-521.0046119523937,0.33450697894380876,177.562106573531,-522.1012819118849,-0.32359811036126196,-0.022739738453307012,0.1990809579526609,57.67264892684586,110.91546494616625,TRACK
24.096,173.33453374108373,-520.6722608561934,-0.30423963013427735,-0.042153672291214764,0.8003319593331164,-0.03375692809648832,0.8010435539497816,173.31785110767657,-521.0065290783102,0.3346842610200921,177.562106573531,-522.1012819118849,-0.325966192163385,-0.021726562029107666,0.19895644605021845,61.128736933018665,107.50274617404389,TRACK
24.148,173.37615153723485,-520.6742337054299,-0.3078845534159387,-0.04397916025124767,0.8003355553528806,-0.03522079620066306,0.8011101707299767,173.35946371591382,-521.0086058772471,0.3347883400989472,177.562106573531,-522.1012819118849,-0.3285570401380482,-0.02067248672210953,0.1988898292700233,61.128736933018665,107.50274617404389,TRACK
24.196,173.41455960946897,-520.6761416389548,-0.31066823303877866,-0.04595860811693313,0.8002769710198377,-0.03680553281681587,0.8011228854493023,173.39787134339485,-521.0105227222443,0.3347972626626606,177.562106573531,-522.1012819118849,-0.330971224178503,-0.020302991139724336,0.19887711455069768,61.86023740816884,106.916609252449,TRACK
24.248,173.45615550833585,-520.6783123799319,-0.3139852046540661,-0.04812158595779356,0.8001524273823327,-0.03853435290703683,0.8010797734307135,173.43947196058136,-521.0125989227328,0.3347026045065261,177.562106573531,-522.1012819118849,-0.33360937062875445,-0.019624165974688357,0.19892022656928654,61.86023740816884,106.916609252449,TRACK
24.292,173.4945368029851,-520.6804190472674,-0.31754850556938097,-0.05047001636277121,0.7999626846158896,-0.04040844537767288,0.8009826085725592,173.4778627707582,-521.0145149284133,0.3345117055490995,177.562106573531,-522.1012819118849,-0.33606438499429386,-0.018515879424912896,0.1990173914274408,61.728778187362735,107.28247582132795,TRACK
24.348,173.53609839895418,-520.6828178366209,-0.320812179741617,-0.05298309324409171,0.7997172563307127,-0.042411187067069936,0.8008410571777403,173.5194405234192,-521.0165899877808,0.3341875726403506,177.9999999999994,-522.3397459621552,-0.3554208030435243,-0.03460862330190728,0.19915894282225965,61.728778187362735,107.28247582132795,TRACK
24.396,173.57444511149234,-520.6851419790901,-0.32432300917244095,-0.05562507436805778,0.7994276622057024,-0.04451414376488968,0.8006660328094329,173.55780766417348,-521.0185048121695,0.33377774511191793,177.9999999999994,-522.3397459621552,-0.35778393472892733,-0.03346092555648639,0.19933396719056706,32.24004552890767,137.04757219437818,TRACK
24.448,173.61600518563026,-520.6876713761502,-0.32761841246704404,-0.05743154934177943,0.7993592486696857,-0.045958981351896175,0.8006793592947605,173.59939040094852,-521.0205801202836,0.33332309099507496,177.9999999999994,-522.3397459621552,-0.36038483771828794,-0.0327664252512439,0.19932064070523947,32.24004552890767,137.04757219437818,TRACK
24.492,173.65438538082765,-520.6900197255037,-0.33138198532611024,-0.05871953401670922,0.7994391016162803,-0.04699671858131407,0.8008193109250404,173.63779214628428,-521.0224966717152,0.3328907556462567,177.9999999999994,-522.3397459621552,-0.3628237690904848,-0.031441783764374565,0.19918068907495956,51.50278336075509,117.74919019782074,TRACK
24.548,173.6959577166221,-520.6926514919754,-0.3349838689546904,-0.06029548713682011,0.7994492146671133,-0.048261679868294764,0.8009046363803708,173.67939221060132,-521.0245728446112,0.3323344705643071,177.9999999999994,-522.3397459621552,-0.36549153859775046,-0.030507669643060065,0.1990953636196292,51.50278336075509,117.74919019782074,TRACK
24.596,173.7343238364629,-520.6951693000456,-0.33891727347700473,-0.062128374863081336,0.7993949467060244,-0.049729109092480614,0.8009402381640339,173.71778835187203,-521.0264891163555,0.33173218555078354,177.9999999999994,-522.3397459621552,-0.36797657328316014,-0.029059299806155403,0.19905976183596608,53.53436625885872,115.2623013568394,TRACK
24.648,173.7758785952652,-520.6979863903612,-0.3434801422913365,-0.06407451603320544,0.7993022072975159,-0.051285105726667155,0.8009458038220042,173.74730093586325,-521.0279620281881,0.331210815306771,177.9999999999994,-522.3397459621552,-0.37069503350510774,-0.027214891213771242,0.1990541961779958,53.53436625885872,115.2623013568394,TRACK
24.696,173.81422973962256,-520.7006638917661,-0.34652820214450863,-0.06604421649924291,0.7991901956825069,-0.05285876646673424,0.8009363383362179,173.78113979208348,-521.0313481164665,0.3323356753251296,177.9999999999994,-522.3397459621552,-0.3732305086268042,-0.026702306482295546,0.1990636616637821,57.41117981595269,111.5626210569931,TRACK
24.748,173.85576449077413,-520.7036631771089,-0.35018202972080537,-0.06815876741012214,0.7990344522522984,-0.054545695702676145,0.8008940559186462,173.822559926255,-521.0354928260244,0.3334868198360138,177.9999999999994,-522.3397459621552,-0.3760027795043862,-0.025820749783580843,0.19910594408135385,57.41117981595269,111.5626210569931,TRACK
24.796,173.89408963190877,-520.7065326547116,-0.3541195037584206,-0.07045916238432126,0.7988265480706972,-0.056377976393514315,0.8008135426706854,173.86078940924884,-521.0393182627772,0.3344475530853632,177.9999999999994,-522.3397459621552,-0.3785836092520692,-0.02446410549364858,0.19918645732931461,56.55994254699336,112.52255684980545,TRACK
24.848,173.9355880260068,-520.7097634567073,-0.3577381453420432,-0.07299165420357631,0.7985533703672962,-0.05839146731875773,0.8006853619122843,173.9021964838677,-521.0434616655299,0.33536471140812585,177.9999999999994,-522.3397459621552,-0.38140064186442085,-0.023662496522377674,0.19931463808771566,56.55994254699336,112.52255684980545,TRACK
24.892,173.9738690403645,-520.7128751084127,-0.36164631269396263,-0.0758304903273559,0.7981920870969328,-0.06064358077622363,0.8004925057697416,173.94040627047892,-521.0472851313622,0.33608008036398246,177.9999999999994,-522.3397459621552,-0.3840169236509038,-0.02237061095694115,0.19950749423025838,59.22787249650963,110.07051571970047,TRACK
24.948,174.01530351913422,-520.7164118476392,-0.36523683915078964,-0.07909059641482877,0.7977107714092508,-0.0632233030670763,0.8002122598867462,173.9817803735516,-521.051425234814,0.33668645781516393,177.9999999999994,-522.3397459621552,-0.3868626425390782,-0.021625803388288567,0.19978774011325384,59.22787249650963,110.07051571970047,TRACK
24.996,174.05351377546006,-520.7198381809474,-0.36909730772580285,-0.082706982507755,0.7971284537919395,-0.06607882736587817,0.7998626027454827,174.0199512800818,-521.0552448101075,0.33708166366712505,178.42546263865705,-522.599740768492,-0.4060912201842289,-0.03699391245842604,0.2001373972545173,60.9512028978056,108.74323829036292,TRACK
25.048,174.09486700157404,-520.723731484239,-0.3735097632030245,-0.08661083996938142,0.7964725168858057,-0.06915616378929455,0.7994692271403958,174.06128026191493,-521.0593803984983,0.33732515874802776,178.42546263865705,-522.599740768492,-0.4087946463425439,-0.03528488313951944,0.2005307728596042,60.9512028978056,108.74323829036292,TRACK
25.096,174.13300411983158,-520.7274879274535,-0.3764230978441927,-0.09065697883368831,0.7957902899369766,-0.0723422382351179,0.7990717020335809,174.0994114604522,-521.0631960004079,0.337384612884064,178.42546263865705,-522.599740768492,-0.4112957626337813,-0.034872664789588614,0.2009282979664191,33.02753737464875,137.14044732621772,TRACK
25.148,174.17432682547854,-520.7316259100063,-0.3799634774746241,-0.09385783638159978,0.7953972841597445,-0.07487426049690063,0.7989136339640569,174.14073446551672,-521.0673309907328,0.33738160571284903,178.42546263865705,-522.599740768492,-0.41403676830823527,-0.03407329083361116,0.2010863660359431,33.02753737464875,137.14044732621772,TRACK
25.192,174.21248117902806,-520.7355086268977,-0.38397115107623564,-0.09650274950060223,0.7952170626690609,-0.07697974665639935,0.7989343265596319,174.1788952388005,-521.071149552042,0.33731712973502387,178.42546263865705,-522.599740768492,-0.4165970345033714,-0.03262588342713574,0.20106567344036808,49.68315387397813,120.44122214922642,TRACK
25.248,174.25379860730612,-520.7398553086348,-0.38777763394317244,-0.09941262458119961,0.7949891656833931,-0.07929334701832379,0.7989337947761039,174.2202336952839,-521.0752860885145,0.33710593499639385,178.42546263865705,-522.599740768492,-0.4193872405520133,-0.03160960660884088,0.20106620522389607,49.68315387397813,120.44122214922642,TRACK
25.296,174.29192164229732,-520.7440018303049,-0.3919317211503912,-0.10253747565516168,0.7947234211717068,-0.08177572940655355,0.798919636808882,174.2434370464739,-521.0776079339981,0.3371109438353159,178.42546263865705,-522.599740768492,-0.42197752464192784,-0.030045803491536627,0.201080363191118,52.6994219809858,116.83138333230781,TRACK
25.348,174.33319775966078,-520.7486508625805,-0.3957832189855559,-0.10590492676384529,0.7943902444771549,-0.08444578750739642,0.7988660410533285,174.28272295186235,-521.0835293314835,0.3386610328295134,178.42546263865705,-522.599740768492,-0.42479711438669326,-0.029013895401137357,0.20113395894667152,52.6994219809858,116.83138333230781,TRACK
25.396,174.37127394930238,-520.7530912561956,-0.3999573282869986,-0.10947049204020688,0.7939925417134972,-0.08726763199021305,0.7987739329058247,174.32060774686514,-521.0892395455576,0.33994519633375,178.42546263865705,-522.599740768492,-0.42741147437307586,-0.02745414608607727,0.20122606709417534,54.99754433578191,114.64111087616045,TRACK
25.444,174.41249061163177,-520.7580785769833,-0.4038058727589753,-0.11330065970793081,0.7935149947154192,-0.09029246609530966,0.7986355716293787,174.36164385816775,-521.095424744139,0.3411566045564442,178.42546263865705,-522.599740768492,-0.43025297553967934,-0.026447102780704057,0.2013644283706213,54.99754433578191,114.64111087616045,TRACK
25.496,174.45050294289507,-520.7628551749871,-0.4079601459152953,-0.11739518592407888,0.7929579953599514,-0.09351946340622985,0.798453675826633,174.3995157623081,-521.1011330152282,0.34209880119994807,178.42546263865705,-522.599740768492,-0.43288236148683557,-0.024922215571540285,0.20154632417336704,57.167238551054794,112.6989958834699,TRACK
25.548,174.49163938162403,-520.7682350109709,-0.4117765361955361,-0.12181936273407037,0.7923025730442461,-0.09699808572060498,0.7982180127546576,174.4405312800076,-521.1073151098234,0.34291012158968115,178.42546263865705,-522.599740768492,-0.4357336848682272,-0.02395714867269111,0.20178198724534235,57.167238551054794,112.6989958834699,TRACK
25.596,174.52956784448534,-520.7733989270195,-0.41588289558480823,-0.1265405547121377,0.7915583808425146,-0.1007023102391364,0.797938359504995,174.4783782607638,-521.1130196243168,0.3434568262742068,178.42546263865705,-522.599740768492,-0.43836626459834505,-0.022483369013536814,0.20206164049500497,59.26529824811736,110.90321449066631,TRACK
25.648,174.57060512768572,-520.7792201261608,-0.41964407524967573,-0.1315667802493219,0.7907254306271281,-0.10463764972213216,0.7976187964057948,174.5193618725729,-521.1191969098728,0.34381693480357767,178.8374367223474,-522.8806199428411,-0.4576268465894841,-0.037982771339808374,0.2023812035942052,59.26529824811736,110.90321449066631,TRACK
25.696,174.60843770173514,-520.7848048983279,-0.42367999036726456,-0.13681039668517095,0.7898340490179803,-0.10873676937144854,0.7972838327731705,174.55717711931194,-521.1248966412328,0.343933192498821,178.8374367223474,-522.8806199428411,-0.46010682472544473,-0.03642683435818017,0.2027161672268295,30.095290274990084,140.41830373833832,TRACK
25.748,174.64942022195066,-520.7909802379513,-0.42744747993710575,-0.1412707852073494,0.7892360179277017,-0.11224368601805532,0.7971776069642795,174.59815937698883,-521.1310737226862,0.3439349540034048,178.8374367223474,-522.8806199428411,-0.46281277603468185,-0.035365296097576104,0.20282239303572047,30.095290274990084,140.41830373833832,TRACK
25.796,174.68724850813786,-520.7968007529106,-0.43170841572958674,-0.14526090134075562,0.7888346651012732,-0.11539965082316753,0.7972309629433285,174.63600517431843,-521.1367780588068,0.34381746288604303,178.8374367223474,-522.8806199428411,-0.4653280616681936,-0.03361964593860689,0.2027690370566715,49.80308434148649,120.66649844778519,TRACK
25.848,174.72819100276917,-520.8033182703575,-0.4367590495378,-0.1496715980834134,0.788317015411182,-0.11887767892781148,0.7972299664049625,174.67699872486534,-521.1429568423865,0.3434749029068679,178.8374367223474,-522.8806199428411,-0.4680530327954382,-0.031293983257638214,0.20277003359503754,49.80308434148649,120.66649844778519,TRACK
25.896,174.76595067525108,-520.8095281795908,-0.44013725995405384,-0.15433639116897072,0.7877370051978819,-0.12255107946208146,0.7972128677056394,174.71483482063542,-521.1486597162323,0.34296214038566447,178.8374367223474,-522.8806199428411,-0.47056908035882494,-0.030431820404771104,0.20278713229436063,54.41944076373281,115.53198365131351,TRACK
25.948,174.80681700950794,-520.8164711240181,-0.44418896004947195,-0.1592188740865663,0.7870909185690211,-0.1263895583729049,0.7971740302841804,174.73890502745263,-521.1524123405922,0.34273683534153127,178.8374367223474,-522.8806199428411,-0.47329414230926237,-0.02910518225979042,0.20282596971581957,54.41944076373281,115.53198365131351,TRACK
25.996,174.8445049004395,-520.8230733510875,-0.4485549553267827,-0.1641896922534881,0.7864166351124315,-0.13029445198994727,0.7971372329786885,174.77639548776622,-521.15999120065,0.3437332242430374,178.8374367223474,-522.8806199428411,-0.47581034404911643,-0.02725538872233374,0.20286276702131145,54.25184454468938,115.82510599425852,TRACK
26.048,174.88529794634326,-520.8304336307277,-0.45256537093843807,-0.16920152784716477,0.7857393910215253,-0.1342317375258395,0.7971226693314419,174.81701641578442,-521.168202898407,0.34460186535196324,178.8374367223474,-522.8806199428411,-0.47853770201513873,-0.02597233107670066,0.20287733066855806,54.25184454468938,115.82510599425852,TRACK
26.096,174.922918275563,-520.837425617845,-0.4568912291238547,-0.17429715785226743,0.7850455047246493,-0.13823386878889662,0.7971229810817935,174.8545176651694,-521.1757839395226,0.3452028350849308,178.8374367223474,-522.8806199428411,-0.4810553093023865,-0.024164080178531777,0.20287701891820653,57.81830998005147,112.26763738080932,TRACK
26.148,174.96362433900586,-520.8452386128006,-0.46085907487621336,-0.17966373875980018,0.7842626973979305,-0.14243948075970872,0.7970928328676488,174.8951429510135,-521.1839965182332,0.3456105018579185,178.8374367223474,-522.8806199428411,-0.48377676702978845,-0.022917692153575087,0.20290716713235124,57.81830998005147,112.26763738080932,TRACK
26.196,175.0011476071924,-520.8526821968587,-0.46511555810804506,-0.18532135876076716,0.7833779171687991,-0.1468617962510636,0.7970253122114848,174.9326386581481,-521.1915764389588,0.3457495964245535,178.8374367223474,-522.8806199428411,-0.48628031044518666,-0.0211647523371416,0.20297468778851524,60.23281445467302,109.83908463578115,TRACK
26.248,175.04173318811365,-520.8610129280999,-0.4699660702815791,-0.1913155015779044,0.7823678254374307,-0.1515323970708023,0.7969074486047406,174.9732487452369,-521.1997859451747,0.3456259191873518,178.8374367223474,-522.8806199428411,-0.48897879741916556,-0.01901272713758645,0.2030925513952594,60.23281445467302,109.83908463578115,TRACK
26.296,175.0791351646137,-520.868951375714,-0.4731582519391164,-0.19755334396238897,0.7812618318470785,-0.15638057194920588,0.7967590182634983,175.01072403393866,-521.2073617382249,0.345255928631203,179.23489801858688,-523.1816851753193,-0.5078294250376356,-0.03467117309851919,0.20324098173650174,64.46436244969784,105.81579248181588,TRACK
26.348,175.11958276195463,-520.8778290288647,-0.4778711299544067,-0.2040282202876514,0.7800636343415674,-0.16140080643480909,0.7965861497289426,175.0513077766941,-521.2155659188189,0.344568832671078,179.23489801858688,-523.1816851753193,-0.510355050133024,-0.03248392017861723,0.2034138502710574,64.46436244969784,105.81579248181588,TRACK
26.396,175.1568574883719,-520.8862714370235,-0.4809538704521095,-0.21057310509414326,0.7788362424480297,-0.1664697503411644,0.7964283208985073,175.08875868929815,-521.2231367841348,0.34367965974098114,179.23489801858688,-523.1816851753193,-0.5126717997602246,-0.03171792930811507,0.20357167910149265,34.80129600062152,135.7032338983622,TRACK
26.448,175.19723150628184,-520.895573077741,-0.4856213072229352,-0.21612648970939466,0.7779917550618578,-0.17081253485855225,0.7965225000017475,175.12935408725247,-521.2313433208781,0.34256240335216465,179.23489801858688,-523.1816851753193,-0.515192945264968,-0.029571638042032777,0.2034774999982525,34.80129600062152,135.7032338983622,TRACK
26.496,175.23449772104348,-520.9042973188737,-0.4888470136829177,-0.22097311219634758,0.7774274567605368,-0.17464240591699845,0.7968019957741284,175.16685155925146,-521.2389235983787,0.34139529894332254,179.23489801858688,-523.1816851753193,-0.5175324698016396,-0.028685456118721864,0.20319800422587164,54.394631973499315,115.86361909090144,TRACK
26.548,175.27482733059028,-520.9139712519473,-0.4937626599282887,-0.2260339473212009,0.7767771419209043,-0.17863057491835707,0.7970518242288085,175.20747659805187,-521.2471361271483,0.3399043324837312,179.23489801858688,-523.1816851753193,-0.5200624900172958,-0.026299830089007048,0.2029481757711915,54.394631973499315,115.86361909090144,TRACK
26.592,175.312015265171,-520.9231056075415,-0.49703047301794845,-0.23122559160277636,0.7760671652329538,-0.18271454990504474,0.797285928447076,175.2283880673293,-521.2515302817275,0.33890452170634383,179.23489801858688,-523.1816851753193,-0.5223938790334843,-0.025363406015535883,0.20271407155292398,57.08001724173545,112.43154494837773,TRACK
26.648,175.35225574239348,-520.9332230852605,-0.5009342355126383,-0.23651132696757912,0.7752930233219787,-0.18686286516198075,0.7974942021032371,175.2685976955366,-521.2617689111532,0.33902953929631474,179.23489801858688,-523.1816851753193,-0.5249146983720802,-0.023980462859441887,0.20250579789676293,57.08001724173545,112.43154494837773,TRACK
26.696,175.3893577915922,-520.9427623397446,-0.5051298842851275,-0.24181516522738822,0.7744762405666468,-0.1910179263021357,0.7976849599754371,175.30572172335232,-521.2712218501765,0.3389404695574106,179.23489801858688,-523.1816851753193,-0.5272380130579232,-0.022108128772795665,0.2023150400245629,57.942231973998524,111.54040746784068,TRACK
26.748,175.4295042205959,-520.9533134098926,-0.5089715879891266,-0.24713326804114155,0.7736259054316768,-0.1951784704005028,0.7978669543619799,175.3459467135151,-521.2814643912367,0.33862209547903505,179.23489801858688,-523.1816851753193,-0.5297508918457973,-0.020779303856670706,0.20213304563802015,57.942231973998524,111.54040746784068,TRACK
26.792,175.46651719837516,-520.9632538476324,-0.5130978574767622,-0.25247029140161903,0.7727431348376519,-0.19934836427907912,0.7980424316911137,175.38308302714407,-521.2909204586124,0.33812226912783827,179.23489801858688,-523.1816851753193,-0.5320663915164338,-0.01896853403967158,0.20195756830888634,61.49440730369017,107.96014659493298,TRACK
26.848,175.50655647353582,-520.9742535701073,-0.5168668709626707,-0.2579458852465837,0.7717781589181891,-0.20361303036269507,0.7981853122656601,175.42331467285717,-521.3011646943839,0.3373426752666291,179.23489801858688,-523.1816851753193,-0.5345667095082461,-0.01769983854557544,0.20181468773433986,61.49440730369017,107.96014659493298,TRACK
26.892,175.5434597853432,-520.9846214636901,-0.5208930658523716,-0.2635270837208395,0.7707424518923024,-0.20794769377728456,0.798302054673699,175.46045021421784,-521.310620565116,0.3364015502771619,179.23489801858688,-523.1816851753193,-0.5368665455913417,-0.01597347973897012,0.20169794532630103,63.88908858571425,105.53629747674178,TRACK
26.948,175.58337264885202,-520.9960903771084,-0.5245541496248416,-0.26922756281309457,0.7696268673470212,-0.21236061050146776,0.798387464728089,175.50067534160286,-521.3208631411172,0.33513608111956145,179.61685837596818,-523.5021879703223,-0.555950834998545,-0.03139668537370344,0.20161253527191103,63.88908858571425,105.53629747674178,TRACK
27.0,175.62015540695032,-521.0068909763153,-0.5284530450586193,-0.2749607164954693,0.7684650749089932,-0.21678876604253955,0.7984584775911215,175.5378011412681,-521.3303165313089,0.33374588341877764,179.61685837596818,-523.5021879703223,-0.558123750895083,-0.029670705836463696,0.20154152240887846,34.59494382302566,134.89535294172472,TRACK
27.048,175.6599984339103,-521.0187188721188,-0.5320693128605067,-0.27972906798019226,0.7676765186137324,-0.22052353506692293,0.7987226469490599,175.57804652677376,-521.3405642656614,0.33211529990037497,179.61685837596818,-523.5021879703223,-0.5604928656588744,-0.028423552798367613,0.20127735305094008,34.59494382302566,134.89535294172472,TRACK
27.096,175.69677415788965,-521.0297496906643,-0.5361413909020887,-0.2838210383410474,0.7671460577817526,-0.22377334968750645,0.7991167536727353,175.61522077227934,-521.3500299916799,0.3305002661468623,179.61685837596818,-523.5021879703223,-0.5626952076145995,-0.02655381671251078,0.20088324632726473,54.556103463857134,114.70907019258067,TRACK
27.148,175.73656881371394,-521.0418900760568,-0.5399833357281899,-0.2881245283068827,0.7664935825293575,-0.2271668097464869,0.799448041782007,175.65549545662435,-521.3602851864337,0.32855492013005433,179.61685837596818,-523.5021879703223,-0.5650807814396698,-0.02509744571147987,0.200551958217993,54.556103463857134,114.70907019258067,TRACK
27.196,175.77326248299138,-521.0532646828848,-0.5447737610923942,-0.2924923160458001,0.7657788337920937,-0.23059826778927814,0.7997454491220283,175.69267485273122,-521.3697522239562,0.32658648135582297,179.61685837596818,-523.5021879703223,-0.5672843132403694,-0.02251055214797526,0.20025455087797173,57.3605461732311,111.31289577780213,TRACK
27.248,175.8129716916325,-521.0657608139555,-0.5489013214905119,-0.29683074208978505,0.7650297616646653,-0.2339974485776791,0.8000158387016836,175.7171364815795,-521.3764509341427,0.32513495393112796,179.61685837596818,-523.5021879703223,-0.5696748554585246,-0.020773533968012736,0.19998416129831642,57.3605461732311,111.31289577780213,TRACK
27.296,175.84959152124898,-521.0774439473801,-0.5520539783320043,-0.3010332963697897,0.7642889360355509,-0.2372878561293251,0.8002768923396487,175.7538654296563,-521.3877803142074,0.32476475360971957,179.61685837596818,-523.5021879703223,-0.5718875359848965,-0.019833557652892186,0.19972310766035128,61.99597135439721,106.68734399035812,TRACK
27.348,175.88921946141488,-521.0902682121236,-0.5558011987055615,-0.3052171335498499,0.7635143287705146,-0.24055427302742555,0.8005126410679863,175.7936625528749,-521.4000561009651,0.3241907753816758,179.61685837596818,-523.5021879703223,-0.5742893445734787,-0.01848814586791714,0.19948735893201375,61.99597135439721,106.68734399035812,TRACK
27.396,175.92575740955246,-521.1022604458049,-0.5597992738339173,-0.3093906605697938,0.762706852204019,-0.24380364806000338,0.800725896425443,175.8304037945731,-521.4113892731099,0.32350107227118546,179.61685837596818,-523.5021879703223,-0.5765107926805636,-0.016711518846646345,0.199274103574557,61.677922486094,106.94568700078406,TRACK
27.448,175.96529130149958,-521.1154212886057,-0.56433968268915,-0.31358207804707955,0.7618529574227985,-0.24705496701399998,0.8009095363773321,175.8702098411252,-521.4236678123515,0.3225777480054615,179.61685837596818,-523.5021879703223,-0.5789214713574077,-0.014581788668257656,0.1990904636226679,61.677922486094,106.94568700078406,TRACK
27.496,176.00173346444262,-521.1277309195658,-0.56732717348034,-0.31784308909455744,0.7609285271178774,-0.2503434543097568,0.8010518513164573,175.90695301763205,-521.4350015813058,0.32155651550500153,179.61685837596818,-523.5021879703223,-0.581149004869788,-0.013821831389448036,0.1989481486835427,66.63174195167826,101.98829201615513,TRACK
27.548,176.04114263346432,-521.1412597443764,-0.5717324776666013,-0.3223388509188008,0.7598575648880332,-0.25378264306484866,0.8011174376073411,175.94674882308647,-521.447276961587,0.3202447949100695,179.98236818086036,-523.8413315074024,-0.6006451294235794,-0.028912651756978103,0.1988825623926589,66.63174195167826,101.98829201615513,TRACK
27.596,176.07745339213676,-521.1539257762505,-0.5746074079167149,-0.3269895426882691,0.7586733658304381,-0.2573152004075973,0.8011219559975171,175.98347239569807,-521.4586046835403,0.318844263299391,179.98236818086036,-523.8413315074024,-0.6027700598562982,-0.028162651939583228,0.19887804400248288,35.30165323702621,133.45612392626776,TRACK
27.648,176.11678561851215,-521.1677321578975,-0.57807677483666,-0.33069872708293546,0.7578738268549321,-0.2601824490427338,0.8012912355826778,176.02327611999704,-521.4708825064617,0.3172446376964952,179.98236818086036,-523.8413315074024,-0.6050945320035466,-0.02701775716688659,0.19870876441732221,35.30165323702621,133.45612392626776,TRACK
27.696,176.15309235271627,-521.1805463914808,-0.582609248866079,-0.33370939057348736,0.7573545910274069,-0.26255571175600245,0.8015743747937504,176.06003776028632,-521.4822219707386,0.3157013023299511,179.98236818086036,-523.8413315074024,-0.6072634750112789,-0.024654226145199853,0.19842562520624962,53.99869405507182,114.74766341130847,TRACK
27.748,176.19238425056494,-521.1945618144028,-0.5856970098645373,-0.33683370999401074,0.7567451812261756,-0.2649957900014016,0.8018017448393988,176.0998635383973,-521.49450659636,0.31389003552730144,179.98236818086036,-523.8413315074024,-0.6096238269986612,-0.023926817134123923,0.1981982551606012,53.99869405507182,114.74766341130847,TRACK
27.796,176.22862194631148,-521.2076103645221,-0.5897131577117953,-0.33991333562752496,0.7561175659488276,-0.26739294145388287,0.8020054605024453,176.13662813593479,-521.5058469728272,0.31210244420850114,179.98236818086036,-523.8413315074024,-0.6118155469872875,-0.02210238927549213,0.19799453949755474,57.55749300150322,110.70898788713896,TRACK
27.848,176.26784663601313,-521.2218575830326,-0.5934126155946076,-0.34288628106263874,0.755488752397109,-0.2697001519194813,0.8021854068380524,176.17645783253593,-521.5181328071427,0.3100498698959364,179.98236818086036,-523.8413315074024,-0.6142061791571181,-0.020793563562510498,0.1978145931619476,57.55749300150322,110.70898788713896,TRACK
27.896,176.30402862118967,-521.2350992171982,-0.5980052439364814,-0.3456688617234192,0.7548946643037372,-0.2718586812054439,0.8023547200216468,176.19829044976774,-521.5256124555543,0.3091577308685536,179.98236818086036,-523.8413315074024,-0.6164312082631578,-0.018425964326676425,0.19764527997835324,60.19157168834042,108.1023788103403,TRACK
27.948,176.34319463971104,-521.2495444958632,-0.6010418883400684,-0.34835579402223166,0.7542989641527943,-0.27393597995175856,0.802500995908484,176.2375175375243,-521.5398899478747,0.30897917637008837,179.98236818086036,-523.8413315074024,-0.6188611378795961,-0.017819249539527626,0.197499004091516,60.19157168834042,108.1023788103403,TRACK
28.0,176.37931461659412,-521.2629747905756,-0.6049514954011208,-0.3510263198863341,0.7536691581383892,-0.27598761924661414,0.8026122139031042,176.27372869327203,-521.5530697307153,0.3087125872043265,179.98236818086036,-523.8413315074024,-0.6211213420376512,-0.016169846636530427,0.19738778609689578,62.465705443196214,105.81378857620692,TRACK
28.044,176.41839473945086,-521.2776444519807,-0.6094031200771717,-0.3538518821869963,0.7529242412488186,-0.2781300581211259,0.8026526286573602,176.31295204847055,-521.5673458644956,0.3082938038532241,179.98236818086036,-523.8413315074024,-0.623584254887884,-0.01418113481071237,0.1973473713426398,62.465705443196214,105.81378857620692,TRACK
28.092,176.4544131333106,-521.2913064422859,-0.6123305351165969,-0.3568925943634031,0.7520348787056195,-0.28040321708744237,0.8026097575676259,176.3491479696795,-521.5805201024175,0.3077747486084741,179.98236818086036,-523.8413315074024,-0.6258682187660072,-0.013537683649410326,0.19739024243237413,62.465705443196214,105.81378857620692,TRACK
28.148,176.49335761386578,-521.3062557104417,-0.615793976776644,-0.3602598784954266,0.7509489825878014,-0.28288216523291365,0.8024628925106229,176.38834141358905,-521.594785349379,0.3070468284575081,179.98236818086036,-523.8413315074024,-0.6283487771796593,-0.012554800403015265,0.19753710748937714,66.24744082400734,102.15919438196714,TRACK
28.196,176.52923394193581,-521.320192597168,-0.6194729045260878,-0.3638517555119757,0.7497150641927275,-0.28549653978024503,0.8022349728751537,176.42450023755546,-521.6079460850088,0.3062208657126592,180.33051871829792,-524.1982726222905,-0.6480509346143739,-0.028578030088286077,0.19776502712484634,65.64932041328474,103.1565683925456,TRACK
28.248,176.56802747012463,-521.335429640155,-0.622807564910394,-0.36749268597319446,0.7484250776115564,-0.2881297709619417,0.8019718584292377,176.46365287621904,-521.6221964800753,0.3051708969263918,180.33051871829792,-524.1982726222905,-0.6504345267223554,-0.027626961811961337,0.19802814157076232,65.64932041328474,103.1565683925456,TRACK
28.296,176.60377735885882,-521.3496104088074,-0.6263618285375578,-0.3710382963826159,0.7471525724676198,-0.29068578921573984,0.8017076740289814,176.4997784335824,-521.6353451076518,0.30407251533532864,180.33051871829792,-524.1982726222905,-0.6526436167642529,-0.026281788226695024,0.19829232597101865,35.480556029282155,133.7638464320835,TRACK
28.348,176.6425193393662,-521.3649916431445,-0.6305215441192402,-0.3734510316894621,0.746412502442102,-0.29247330179800946,0.8016684202751849,176.53893189670444,-521.6495958027967,0.302869420656053,180.33051871829792,-524.1982726222905,-0.6550749781116239,-0.024553433992383633,0.19833157972481508,35.480556029282155,133.7638464320835,TRACK
28.392,176.67829907544973,-521.3791994922457,-0.6334251009945895,-0.3750425931901016,0.7460620355297554,-0.29370654586442146,0.8017930505700405,176.57509251342898,-521.6627571909372,0.30175580016195735,180.33051871829792,-524.1982726222905,-0.6573575111795037,-0.02393241018491421,0.19820694942995953,57.1552176730808,111.97829937965402,TRACK
28.448,176.71702549199017,-521.3946729464179,-0.636983298992345,-0.37682184810007896,0.7455988959626829,-0.2950575040481783,0.801858244551936,176.61426187210606,-521.6770136715909,0.30046072399380014,180.33051871829792,-524.1982726222905,-0.6598531501677081,-0.02286985117536311,0.198141755448064,57.1552176730808,111.97829937965402,TRACK
28.496,176.75273908536667,-521.4090308603083,-0.6414211019838145,-0.37872339648466424,0.7450509007460613,-0.29648049974897656,0.8018737627793543,176.6504123132441,-521.6901713561208,0.2991834665864701,180.33051871829792,-524.1982726222905,-0.6621783787570852,-0.02075727677327066,0.1981262372206457,56.76106670043099,111.8179951231494,TRACK
28.544,176.79139343956146,-521.4246584264694,-0.6443734218408825,-0.3806397894176388,0.7444566233344908,-0.29789786630520737,0.8018471193287329,176.67514780152717,-521.7004256625914,0.29926679882741486,180.33051871829792,-524.1982726222905,-0.6647228924344495,-0.020349470593566954,0.19815288067126713,56.76106670043099,111.8179951231494,TRACK
28.596,176.8270395526964,-521.4391497374236,-0.648793729667397,-0.3825594094109531,0.7438163801096116,-0.2992994221395178,0.8017748757677653,176.7106024969581,-521.7153710699923,0.2997595911977774,180.33051871829792,-524.1982726222905,-0.667095819086982,-0.018302089419585,0.1982251242322347,59.81401409074688,108.97330392434175,TRACK
28.644,176.86560797167792,-521.4549326576268,-0.6517278480089805,-0.38461286920876653,0.7430757748315242,-0.3007758180665058,0.8016406301298892,176.749000886202,-521.7315573483912,0.3001973216464077,180.33051871829792,-524.1982726222905,-0.6696896176118341,-0.01796176960285356,0.19835936987011082,59.81401409074688,108.97330392434175,TRACK
28.696,176.90115938166878,-521.469584885549,-0.6555166102180667,-0.3868227280488908,0.7422282848238464,-0.3023434436757216,0.8014451851039116,176.78443276501133,-521.7464931377796,0.30050504686223645,180.33051871829792,-524.1982726222905,-0.672103935446144,-0.016587325228077265,0.1985548148960884,61.75823616553458,107.28363245115037,TRACK
28.748,176.9396092670851,-521.4855596556395,-0.6589850407969213,-0.38925313295182223,0.7412456908223177,-0.3040457293826453,0.8011797424538889,176.82279917471007,-521.7626659356697,0.3007199496422891,180.33051871829792,-524.1982726222905,-0.6747383178556745,-0.01575327705875318,0.1988202575461111,61.75823616553458,107.28363245115037,TRACK
28.796,176.9750378770048,-521.500403272942,-0.6627047162509401,-0.3918765914219695,0.7401433130323487,-0.3058644335962387,0.8008527802072296,176.8581952863747,-521.7775866479424,0.3008036142764305,180.33051871829792,-524.1982726222905,-0.6771865708898407,-0.014481854638900615,0.1991472197927704,63.572424790530924,105.8520196672593,TRACK
28.848,177.01334476011994,-521.5165958155221,-0.6669440288242106,-0.3946913777890541,0.7389279436689942,-0.30780014920390175,0.8004720093699919,176.89651821823998,-521.7937411183888,0.3007622978178499,180.6604444311895,-524.5721239031343,-0.6973666216931987,-0.030422592868988185,0.19952799063000815,63.572424790530924,105.8520196672593,TRACK
28.896,177.0486373725914,-521.5316444295316,-0.6697356760873454,-0.39761487710364857,0.7376451293226258,-0.3097995741352566,0.8000600683372341,176.93187222714107,-521.8086440828582,0.30060423672178077,180.6604444311895,-524.5721239031343,-0.6997240064102724,-0.029988330322927026,0.1999399316627659,33.545652108064466,136.31935550318218,TRACK
28.948,177.0868732461454,-521.5479639747057,-0.6731291815860899,-0.3996403813449931,0.736826175288448,-0.3112128157055012,0.7998538799365474,176.97018032195416,-521.8247922989627,0.30041830780974005,180.6604444311895,-524.5721239031343,-0.7023170908498991,-0.02918790926380921,0.20014612006345256,33.545652108064466,136.31935550318218,TRACK
29.0,177.12217159870468,-521.5630443321271,-0.6775950193799707,-0.40108001028481016,0.7363208346823577,-0.3122492697398045,0.7997924593545285,177.00555056689765,-521.8397021074979,0.30023322556452003,180.6604444311895,-524.5721239031343,-0.7047479464242877,-0.027152927044317043,0.20020754064547153,51.385226986045176,118.55276902559766,TRACK
29.048,177.16036578642306,-521.5794615705921,-0.6806567634167431,-0.40278746198040005,0.7356848060325962,-0.3134626688453647,0.7996817983341108,177.0438582331945,-521.8558501429677,0.2999410823797313,180.6604444311895,-524.5721239031343,-0.7074053640187844,-0.026748600602041317,0.2003182016658892,51.385226986045176,118.55276902559766,TRACK
29.096,177.195580338604,-521.5946897534226,-0.68466296463576,-0.40466569120853335,0.7349679002405769,-0.3147895678883226,0.7995437989474744,177.07921023334896,-521.8707522606794,0.2995872315536733,180.6604444311895,-524.5721239031343,-0.7098811665811811,-0.025218201945421015,0.2004562010525256,54.43471044180768,115.0933957026185,TRACK
29.144,177.23368105314066,-521.6112687219794,-0.6883769113663596,-0.4066803096006842,0.7341762522300088,-0.3162024305675067,0.7993739715773215,177.11287103130542,-521.884941476883,0.29915186469811167,180.6604444311895,-524.5721239031343,-0.712587836934388,-0.024210925568028396,0.20062602842267852,54.43471044180768,115.0933957026185,TRACK
29.196,177.2688077393443,-521.6266447039043,-0.6924012798163433,-0.40875233541446004,0.7333466508511579,-0.31764811473777244,0.7991856074223754,177.13847958445643,-521.8972739061049,0.3003757530831137,180.6604444311895,-524.5721239031343,-0.7151102709525162,-0.022708991136172973,0.20081439257762457,56.716841671531064,113.03188039587744,TRACK
29.248,177.30680962897893,-521.6433884313739,-0.6961109073485932,-0.4109420038963256,0.7324572725170052,-0.3191694402402449,0.7989760870303452,177.1758728112278,-521.9152815350333,0.30177857786850276,180.6604444311895,-524.5721239031343,-0.7178674048808839,-0.021756497532290697,0.20102391296965483,56.716841671531064,113.03188039587744,TRACK
29.296,177.34183571296523,-521.6589304353166,-0.7001142240942055,-0.41327970035470174,0.7314957562028852,-0.3207872482387464,0.7987430750719645,177.21038067029477,-521.9318996441093,0.3029729644578874,180.6604444311895,-524.5721239031343,-0.7204338489457188,-0.020319624851513285,0.20125692492803549,58.7316105909968,111.21502306441866,TRACK
29.348,177.3797107725235,-521.6758774543015,-0.7037910945417116,-0.4158847314180911,0.7304005270202628,-0.3225781852917793,0.7984620313437673,177.2477504132518,-521.9498959638288,0.3041376004092363,180.6604444311895,-524.5721239031343,-0.723233190552218,-0.019442096010506393,0.20153796865623275,58.7316105909968,111.21502306441866,TRACK
29.392,177.4145991553067,-521.6916330440664,-0.7077465892622038,-0.4187871035350695,0.7291548003571997,-0.3245603291422151,0.7981266379070747,177.28222998812925,-521.966500451957,0.3050798065093025,180.6604444311895,-524.5721239031343,-0.7258320216143475,-0.01808543235214366,0.20187336209292528,60.603395759289555,109.59874920651691,TRACK
29.448,177.4523037365501,-521.7088381733308,-0.7122695343150776,-0.4220409347205,0.7277314555243981,-0.3267679686068353,0.797728259915052,177.3195622455547,-521.9844787195959,0.3059379253655967,180.6604444311895,-524.5721239031343,-0.7286594664629155,-0.016389932147837905,0.20227174008494797,60.603395759289555,109.59874920651691,TRACK
29.496,177.4870197426843,-521.7248514733922,-0.71525628608812,-0.42558698298095804,0.7261629908194371,-0.3291628258749886,0.7972834221115086,177.35400263757785,-522.001064338256,0.3065731510866522,180.97132507222898,-524.9619558967449,-0.7486365987209388,-0.03338031263281882,0.2027165778884914,64.11296663997575,106.5089558636497,TRACK
29.548,177.52452592032685,-521.7423526376692,-0.7188035621181119,-0.4294336137662198,0.7244513704728169,-0.3317521348374446,0.7967993895260869,177.39128956663836,-522.0190207769049,0.3070784675165661,180.97132507222898,-524.9619558967449,-0.751330614265998,-0.03252705214788609,0.20320061047391313,64.11296663997575,106.5089558636497,TRACK
29.592,177.55905542304222,-521.758647425982,-0.7225895772295025,-0.43345058897698535,0.7226710147735791,-0.33445505242468987,0.7963124874609695,177.4256886036507,-522.0355864800414,0.3073791602856929,180.97132507222898,-524.9619558967449,-0.7538224305769813,-0.03123285334747883,0.2036875125390305,30.405670539337457,140.6628105712956,TRACK
29.648,177.596456253423,-521.7763510081262,-0.7270330236956735,-0.43647615211454943,0.7214725179350673,-0.3365545100468682,0.7961102513901285,177.46296914593927,-522.0535398429829,0.3076563960550679,180.97132507222898,-524.9619558967449,-0.7565570372120707,-0.02952401351639722,0.20388974860987152,30.405670539337457,140.6628105712956,TRACK
29.696,177.6309762597219,-521.7927431897424,-0.730782572168462,-0.43887656778263157,0.7206655159205486,-0.3382867558152412,0.7961135063525999,177.4973985468594,-522.0701201686068,0.3078652201491835,180.97132507222898,-524.9619558967449,-0.7591142587525106,-0.02833168658404861,0.20388649364740008,53.08659754730848,117.92039752792488,TRACK
29.748,177.6683004361614,-521.8106351403404,-0.7339732641275116,-0.44172112603572417,0.7196530036910351,-0.34031298184355435,0.796061160547844,177.53469050189568,-522.088079027638,0.307939482907351,180.97132507222898,-524.9619558967449,-0.7618983437124789,-0.02792507958496726,0.20393883945215596,53.08659754730848,117.92039752792488,TRACK
29.796,177.70268565757297,-521.8272771825805,-0.7387672085809824,-0.4448828946629887,0.7185000251919541,-0.34255166286534144,0.7959798539741123,177.562106573531,-522.1012819118849,0.3079627746194234,180.97132507222898,-524.9619558967449,-0.7644807016227653,-0.02571349304178283,0.2040201460258877,52.55073586898262,117.81543783166049,TRACK
29.848,177.73986652955972,-521.8454375719745,-0.7429299597742807,-0.4481963755178209,0.7172808855163506,-0.3448919710142861,0.7958909098596612,177.59175011264142,-522.1174249228857,0.3097024249443604,180.97132507222898,-524.9619558967449,-0.7672935512081316,-0.024363591433850917,0.20410909014033884,52.55073586898262,117.81543783166049,TRACK
29.896,177.77412279080588,-521.8623220856733,-0.7467793457561194,-0.4516067258087962,0.7160178138388602,-0.34729602688021266,0.7957989947350789,177.62526276114448,-522.1356749385614,0.31125727399180964,180.97132507222898,-524.9619558967449,-0.7699045628596878,-0.023125217103568407,0.20420100526492113,57.639120084223876,112.89614972167796,TRACK
29.948,177.81114911861994,-521.880763718592,-0.7509352131485554,-0.4552787041060526,0.7146272469745023,-0.3498687928862293,0.7956759857844294,177.66156589782008,-522.1554445731023,0.31276942270521807,180.97132507222898,-524.9619558967449,-0.7727439571591499,-0.021808744010594516,0.20432401421557056,57.639120084223876,112.89614972167796,TRACK
29.996,177.8452437327598,-521.8979331177687,-0.7547439312186026,-0.45920778741685725,0.7131142719699173,-0.3526082510397608,0.7955278396061977,177.69507352784646,-522.1736918558612,0.313996770808334,180.97132507222898,-524.9619558967449,-0.7753730523054809,-0.02062912108687831,0.20447216039380234,58.712670129536455,111.92544620719843,TRACK
30.048,177.8820795872638,-521.9167036711696,-0.7578963553177265,-0.463430195161793,0.7114579128650991,-0.35553562645064485,0.7953476871494726,177.73136790844148,-522.1934567220949,0.3151289598401194,180.97132507222898,-524.9619558967449,-0.7782268337627016,-0.020330478444975153,0.20465231285052743,58.712670129536455,111.92544620719843,TRACK
30.096,177.9159827306772,-521.934196198965,-0.7619635238716675,-0.4679432905478374,0.7096580640849928,-0.3586478390344576,0.795136994715342,177.7648635804491,-522.2116974928639,0.3159809577826529,180.97132507222898,-524.9619558967449,-0.7808638888507756,-0.018900364979108075,0.20486300528465795,58.863316053373794,111.97801092874515,TRACK
30.148,177.9525977614632,-521.9533344870173,-0.765688574302807,-0.4727325670559855,0.7077250642533887,-0.361936495724538,0.7949042668836428,177.80114209896357,-522.2314537210689,0.31668458448848963,181.26238774315974,-525.3667994193635,-0.800817292319524,-0.03512871801671702,0.2050957331163572,58.863316053373794,111.97801092874515,TRACK
30.196,177.98628928254234,-521.9711784764592,-0.7703078928018599,-0.4777475215363734,0.7056886329667349,-0.36537114523460146,0.7946650366465756,177.83462217079764,-522.2496859964361,0.31712671200753384,181.26238774315974,-525.3667994193635,-0.8033110417741672,-0.03300314897230738,0.20533496335342438,29.250993554837194,141.82597125443232,TRACK
30.248,178.0227543354402,-521.9906218202002,-0.7734425485569756,-0.4819860771993751,0.7041354674716206,-0.36835990419798903,0.7946670847419247,177.87091314273988,-522.2694490064164,0.3174907047046971,181.26238774315974,-525.3667994193635,-0.806034304346634,-0.03259175578965845,0.2053329152580753,29.250993554837194,141.82597125443232,TRACK
30.296,178.05638207882026,-522.0086785954978,-0.7776933706918845,-0.4857645333782205,0.7028903493361922,-0.371097924273856,0.7948386707944693,177.90443339736572,-522.2877031641658,0.31771545715643906,181.26238774315974,-525.3667994193635,-0.8085677258519962,-0.03087435516011172,0.20516132920553065,49.57924080916902,121.35015766801718,TRACK
30.348,178.09271528687577,-522.0284234713904,-0.7817302657231204,-0.4899754167728031,0.701429165903688,-0.37411185390107626,0.794960724822078,177.94074932833544,-522.307479766108,0.317751582492702,181.26238774315974,-525.3667994193635,-0.8113146453950085,-0.029584379671888095,0.20503927517792198,49.57924080916902,121.35015766801718,TRACK
30.396,178.1261695865849,-522.0468151695512,-0.7861227228426415,-0.4944149070861799,0.6998665598830763,-0.37727883745839624,0.7950801989966362,177.97427648246165,-522.325737681125,0.3175992483347999,181.26238774315974,-525.3667994193635,-0.8138539766583566,-0.027731253815715062,0.20491980100336382,52.21527532051584,118.09366290226546,TRACK
30.448,178.16232347720725,-522.0669155095549,-0.7901853210593188,-0.498965486296665,0.6982567584975525,-0.3805219943724294,0.7952103426067096,177.9999999999994,-522.3397459621552,0.3174671118698313,181.26238774315974,-525.3667994193635,-0.8166100962244719,-0.02642477516515307,0.20478965739329036,52.21527532051584,118.09366290226546,TRACK
30.496,178.19562044772928,-522.0856265785962,-0.7952566234348404,-0.5035181427800056,0.6966573030798919,-0.3837741747688673,0.7953703635125422,178.02936545263876,-522.3576908167165,0.3188411407841076,181.26238774315974,-525.3667994193635,-0.8191609377469633,-0.02390431431212292,0.2046296364874578,54.94937818914016,115.33809264650864,TRACK
30.548,178.23160409337368,-522.1060750067031,-0.7996342696853809,-0.5081554971252725,0.6950248619161148,-0.3870868643191119,0.7955474839441811,178.06466357663106,-522.3792610512743,0.32015582312169116,181.26238774315974,-525.3667994193635,-0.8219297011613022,-0.02229543147592128,0.20445251605581893,54.94937818914016,115.33809264650864,TRACK
30.596,178.26473282561514,-522.125122032775,-0.802984180938946,-0.5129294451251634,0.6933298328394831,-0.39049102691514315,0.7957320523935608,178.09725948887993,-522.3991799986095,0.3211776566863695,181.26238774315974,-525.3667994193635,-0.8244885901793771,-0.021504409240431177,0.20426794760643918,59.29364859020161,110.8146679311648,TRACK
30.648,178.300504915367,-522.1459647233737,-0.807963838415727,-0.5180541266530415,0.6914380723676979,-0.39410650806281416,0.7958684235582053,178.1325789994379,-522.4207633022255,0.3220456057448898,181.26238774315974,-525.3667994193635,-0.8272568781972786,-0.019293039781551502,0.2041315764417947,59.29364859020161,110.8146679311648,TRACK
30.696,178.33340490467324,-522.1654078908063,-0.8112424690368734,-0.5235521802042274,0.6893305023971487,-0.397942326103116,0.7959488905950332,178.1651846202513,-522.440688182341,0.3226101408797404,181.26238774315974,-525.3667994193635,-0.829804849044446,-0.0185623800075726,0.20405110940496685,60.5354531801099,109.50398979031428,TRACK
30.748,178.36890398075593,-522.1867033098774,-0.8160976007228338,-0.5294271664295199,0.687000915576231,-0.4019970634076599,0.7959722966227919,178.20050678325433,-522.4622731068325,0.32294942192279535,181.26238774315974,-525.3667994193635,-0.8325531996031079,-0.016455598880274147,0.2040277033772081,60.5354531801099,109.50398979031428,TRACK
30.796,178.40153737513532,-522.2065775040568,-0.8192914281799619,-0.5355852158611082,0.6845024291409147,-0.406214090439411,0.7959607168518626,178.2331100741563,-522.4821965631687,0.3230071538849078,181.53290881632137,-525.7856479662047,-0.8520162104098356,-0.03272478222987363,0.20403928314813735,62.79612723752152,107.43742799831901,TRACK
30.848,178.4367421216295,-522.2283453034117,-0.8230760592103992,-0.5419538775506856,0.6818816034216095,-0.4105531929055509,0.7959374631777095,178.26842811316632,-522.5037789675405,0.32278988333020014,181.53290881632137,-525.7856479662047,-0.8545951044227712,-0.03151904521237203,0.20406253682229047,62.79612723752152,107.43742799831901,TRACK
30.896,178.4691103598611,-522.2486505743358,-0.8271114146970091,-0.5483637767206953,0.6792414459962268,-0.41491884254307904,0.7959438346116725,178.30103014398543,-522.5237016538562,0.3223415196870251,181.53290881632137,-525.7856479662047,-0.8569638982705572,-0.029852483573548083,0.2040561653883275,31.20805425207,139.1764787066332,TRACK
30.948,178.50413889586233,-522.2707854452121,-0.8318238312134363,-0.5536837667046314,0.6772759322134424,-0.41868195547462683,0.7962394540561557,178.33638320649592,-522.5453054606436,0.32171914799601165,181.53290881632137,-525.7856479662047,-0.8595468001334959,-0.027722968920059654,0.2037605459438443,31.20805425207,139.1764787066332,TRACK
30.996,178.5364447540434,-522.291341226733,-0.8350985393361992,-0.5582359672621542,0.6757929051757554,-0.4220291779817249,0.7967463070223909,178.3690512792268,-522.5652685043314,0.32102449879036304,181.53290881632137,-525.7856479662047,-0.8619483714481131,-0.02684983211191394,0.2032536929776091,54.079746633182474,115.88029633404165,TRACK
31.048,178.57133989331413,-522.313807949548,-0.8391013018967652,-0.5630690020828997,0.6741365180710835,-0.42553729232761983,0.7972089012037726,178.40445486770946,-522.5869031868978,0.3200494031148391,181.53290881632137,-525.7856479662047,-0.8645482813232235,-0.02544697942645824,0.20279109879622736,54.079746633182474,115.88029633404165,TRACK
31.096,178.603456606228,-522.334727081693,-0.8440864550291454,-0.5680627350503806,0.6723731017432061,-0.42913457857000536,0.7976478386307054,178.42546263865705,-522.599740768492,0.3192398889274816,181.53290881632137,-525.7856479662047,-0.866947031119536,-0.022860576090390605,0.20235216136929457,53.84537754277452,115.1747345137641,TRACK
31.148,178.6381523262891,-522.357576204337,-0.847397928808816,-0.5730745262415475,0.6705714011595874,-0.4327296477124579,0.7980732748704721,178.45794729883704,-522.6218884347933,0.3198981198565937,181.53290881632137,-525.7856479662047,-0.8695465638435748,-0.022148635034758724,0.20192672512952792,53.84537754277452,115.1747345137641,TRACK
31.196,178.67008947735928,-522.3788362485687,-0.8523473975499991,-0.5780660263521759,0.6687464706405657,-0.4362954268698263,0.798483275655625,178.48964505865098,-522.6434996015092,0.3203230847639293,181.53290881632137,-525.7856479662047,-0.8719476556423512,-0.019600258092352107,0.20151672434437495,57.57715748274878,111.32022683578163,TRACK
31.248,178.70457827109016,-522.402060295038,-0.8556262444476088,-0.5831699639792415,0.6668213175664739,-0.4399077248548738,0.7988551032246584,178.5239988687296,-522.6669216326336,0.32056270636149925,181.53290881632137,-525.7856479662047,-0.8745470148045219,-0.018920770356913086,0.20114489677534164,57.57715748274878,111.32022683578163,TRACK
31.292,178.73630790655562,-522.4236778901359,-0.8598510148696628,-0.5883889938080817,0.6647957816872656,-0.44356831874407854,0.7991910189326648,178.5557213811169,-522.6885496753682,0.3205753511769051,181.53290881632137,-525.7856479662047,-0.8769435744982406,-0.017092559628577808,0.20080898106733525,60.100163989940846,108.67344863689954,TRACK
31.344,178.77055432098444,-522.4472999015738,-0.8637087243301016,-0.5937951639769793,0.6626219705984074,-0.4473137149391848,0.7994732237494956,178.59009495356435,-522.7119851802476,0.32034962156406815,181.53290881632137,-525.7856479662047,-0.8795334173366001,-0.01582469300649847,0.2005267762505044,60.100163989940846,108.67344863689954,TRACK
31.392,178.80204504951735,-522.4692927415363,-0.8678333496277117,-0.5993459919307018,0.6603241764413619,-0.4511183727697933,0.7997098250261959,178.62182902403052,-522.7336211031469,0.3199176434553634,181.53290881632137,-525.7856479662047,-0.8819172731506169,-0.014083923522905106,0.20029017497380408,62.518688516237745,106.25764473321905,TRACK
31.448,178.83602164659712,-522.4933249753261,-0.8725166359542973,-0.605044689977055,0.6578993488776561,-0.45498236203976405,0.799900308176542,178.65620933273934,-522.7570612007314,0.31920097870451797,181.78221573370212,-526.2174602137866,-0.9015007526871777,-0.02898411673288037,0.200099691823458,62.518688516237745,106.25764473321905,TRACK
31.496,178.86725952730617,-522.5156945837734,-0.8761987815239376,-0.6107901769757378,0.6554107902740067,-0.45885026358755165,0.8000667899631653,178.68794615339803,-522.7786989986804,0.31831526561394086,181.78221573370212,-526.2174602137866,-0.9037546642986994,-0.027555882774761842,0.19993321003683473,34.2409205457805,134.6169013100589,TRACK
31.548,178.90105522342571,-522.5400531407854,-0.8802474693896634,-0.6156007606106613,0.6534880452519347,-0.4622044973739811,0.8004246514694117,178.72235484921617,-522.8021584502684,0.31722707482464996,181.78221573370212,-526.2174602137866,-0.9062124643043392,-0.025964994914675854,0.19957534853058834,34.2409205457805,134.6169013100589,TRACK
31.592,178.93221342314152,-522.5626489529494,-0.8834672862798594,-0.6197481871125452,0.6519624356748224,-0.46519405365567845,0.8009123079886145,178.75414255756127,-522.8238309428543,0.31610957755055474,181.78221573370212,-526.2174602137866,-0.9084977118927116,-0.02503042561285218,0.19908769201138554,53.719479922466505,114.89941357854163,TRACK
31.648,178.96587166246846,-522.5872906060404,-0.8874033530469827,-0.6240250676937287,0.650321424812268,-0.46823341529606677,0.8013491665745196,178.78858917903457,-522.8473162517162,0.31471004963553406,181.78221573370212,-526.2174602137866,-0.9109765890270506,-0.023573235980067886,0.1986508334254804,53.719479922466505,114.89941357854163,TRACK
31.696,178.9968475414283,-522.6101875687929,-0.8916575187551596,-0.6284109932858793,0.6485747102102084,-0.4713087400127316,0.8017362927650491,178.8203925889644,-522.8689994494615,0.31324102512965646,181.78221573370212,-526.2174602137866,-0.9132670798403814,-0.021609561085221718,0.1982637072349509,54.67462987274936,113.28935681310597,TRACK
31.748,179.0303129345275,-522.6351431850956,-0.8955699581512642,-0.6327342391791669,0.6468213998042752,-0.47432117535331203,0.8020963163070315,178.84184323070346,-522.8839577432136,0.3121370109279017,181.78221573370212,-526.2174602137866,-0.9157544250346915,-0.020184466883427343,0.1979036836929685,54.67462987274936,113.28935681310597,TRACK
31.796,179.06112561291098,-522.6583089892588,-0.8997877958596794,-0.6369149740782439,0.645109689752372,-0.47722608600320326,0.8024408071467568,178.87257221240807,-522.9072340423356,0.31227562647526924,181.78221573370212,-526.2174602137866,-0.9180585181117793,-0.018270722252099914,0.1975591928532432,58.512800453119205,109.43351557771689,TRACK
31.848,179.0944127492712,-522.6835500804884,-0.9036534888781449,-0.6410713796376373,0.6433693315328952,-0.4800889161016202,0.8027511844405544,178.90587237560425,-522.9324579357539,0.3122540518797402,181.78221573370212,-526.2174602137866,-0.9205616288590636,-0.01690813998091867,0.19724881555944562,58.512800453119205,109.43351557771689,TRACK
31.896,179.12505013627185,-522.7069830998145,-0.9077954130914057,-0.645227383253255,0.6415876790426938,-0.48292356138505044,0.8030254765822883,178.93661858751477,-522.9557472862498,0.3120738198244453,181.78221573370212,-526.2174602137866,-0.9228783449907466,-0.015082931899340957,0.1969745234177117,61.058878519906386,106.80740609912195,TRACK
31.948,179.15813032178175,-522.7325204786777,-0.9125082634062638,-0.6494980910822861,0.6396870861559428,-0.48578651878714935,0.8032360238622381,178.96992985678324,-522.9809795921909,0.31169110688862195,181.78221573370212,-526.2174602137866,-0.9253915703165233,-0.012883306910259518,0.19676397613776186,61.058878519906386,106.80740609912195,TRACK
31.996,179.18855666227614,-522.7562353915014,-0.9162203178586356,-0.6538983775691865,0.6376553387729245,-0.48868247655127006,0.8033771803791141,179.00067764423133,-523.0042701361101,0.3111587375514314,181.78221573370212,-526.2174602137866,-0.9277131516111032,-0.01149283375246768,0.1966228196208859,65.21654468905865,102.69439402336101,TRACK
32.044,179.22138328017718,-522.7820892992586,-0.9192660738252134,-0.6585293378162074,0.6354243599209211,-0.4916602965856987,0.8034263901687879,179.03398014070453,-523.029495796917,0.3103706039041117,181.78221573370212,-526.2174602137866,-0.9302257074240783,-0.01095963359886487,0.19657360983121208,65.21654468905865,102.69439402336101,TRACK
32.096,179.25155867750965,-522.8061016996658,-0.9237410501386263,-0.6632967344396482,0.6330547728311897,-0.49466961241633484,0.8034029940524718,179.06471165817044,-523.0527740168036,0.3094495769557568,182.00968867902407,-526.6611626088242,-0.949771742732712,-0.026030692594085747,0.19659700594752816,64.70251836954787,103.45859084807628,TRACK
32.148,179.28411934908132,-522.8322658418429,-0.9266674291789472,-0.6680580928877422,0.6306439686880746,-0.49764005118567894,0.8033414191903281,179.0979944865522,-523.0779847796101,0.30825356580087443,182.00968867902407,-526.6611626088242,-0.9521668820460858,-0.025499452867138617,0.1966585808096719,64.70251836954787,103.45859084807628,TRACK
32.196,179.31406402446527,-522.8565472520748,-0.9309805900354862,-0.672705176076525,0.6282651709885039,-0.500517982878964,0.803265445704246,179.1287088763136,-523.1012500257648,0.3069787914463747,182.00968867902407,-526.6611626088242,-0.9543788477623468,-0.02339825772686066,0.19673455429575404,35.166936519679425,133.29808106563752,TRACK
32.248,179.34648375105536,-522.8829161462324,-0.933884575828225,-0.6762513666207596,0.6265820593450719,-0.5028196303167074,0.8033882359886417,179.1620006950127,-523.1264675984721,0.30553446263047707,182.00968867902407,-526.6611626088242,-0.9568036594296656,-0.02291908360144057,0.19661176401135827,35.166936519679425,133.29808106563752,TRACK
32.296,179.37639595227003,-522.9073105385909,-0.9378057396150412,-0.6790143504093301,0.6253881390979641,-0.5047085373194395,0.803642353393313,179.19274882969702,-523.1497584054125,0.3041500185035442,182.00968867902407,-526.6611626088242,-0.9590705198522386,-0.021264780237197356,0.19635764660668698,55.328169097973635,112.98974946073989,TRACK
32.348,179.40871689508867,-522.9338427575105,-0.9415107868920196,-0.6819347096045412,0.6240470978468527,-0.5066427919861818,0.8038169561552138,179.226056489377,-523.1749879771966,0.3025158521336956,182.00968867902407,-526.6611626088242,-0.9615397398336082,-0.020028952941588574,0.19618304384478624,55.328169097973635,112.98974946073989,TRACK
32.392,179.43847474196406,-522.9584268840551,-0.9455166583914223,-0.6849255133269976,0.622614913733455,-0.5085770708453577,0.803927837428809,179.24442849570977,-523.1896821951581,0.30188236881058755,182.00968867902407,-526.6611626088242,-0.9638324071190615,-0.01831574872763919,0.19607216257119098,57.77761244560757,110.03603027877445,TRACK
32.448,179.47062826753165,-522.9851551290037,-0.9491997091236035,-0.6879336043682877,0.6211176544778607,-0.5104767447417952,0.8039736610276851,179.27645805047865,-523.2165581827514,0.302075233136022,182.00968867902407,-526.6611626088242,-0.9663315375821911,-0.017131828458587628,0.19602633897231492,57.77761244560757,110.03603027877445,TRACK
32.496,179.50023388857488,-523.0099086090062,-0.953162258431405,-0.6908874523693058,0.6196007955174951,-0.5123040091000944,0.8039655114157214,179.30602005158192,-523.241363646974,0.30214309371592757,182.00968867902407,-526.6611626088242,-0.9686544905294825,-0.015492232098077485,0.19603448858427863,60.28975543564193,107.76007411436575,TRACK
32.548,179.53221986558995,-523.0368149833621,-0.9567900811003018,-0.6938520194891062,0.6180307469954888,-0.5140982025414289,0.8039023361628761,179.33803899643482,-523.2682307317908,0.3020918048651311,182.00968867902407,-526.6611626088242,-0.9711875085204709,-0.014397427420169029,0.1960976638371239,60.28975543564193,107.76007411436575,TRACK
32.596,179.56166203373655,-523.0617346774799,-0.9606788253850405,-0.6968420951787051,0.6164024616160321,-0.5158699345940989,0.8037871509948538,179.36758692391567,-523.293024386842,0.3019272725489053,182.00968867902407,-526.6611626088242,-0.9735407087519866,-0.012861883366946159,0.19621284900514624,62.50041965174581,105.8013554774034,TRACK
32.648,179.59345523333852,-523.088826899342,-0.9642272293298291,-0.6999531584792118,0.614654289679025,-0.5176669507892755,0.8036037380203584,179.3995842543713,-523.319873335026,0.30160970131610165,182.00968867902407,-526.6611626088242,-0.9761036341846582,-0.011876404854829103,0.19639626197964155,62.50041965174581,105.8013554774034,TRACK
32.696,179.62270198538755,-523.1139252202148,-0.968598902977786,-0.7031915394283105,0.6127828553155599,-0.5194921077102125,0.8033522749963987,179.42910546348534,-523.3446445707056,0.30118272192060275,182.21476211870396,-527.1156520372529,-0.9960147376220551,-0.02741583464426911,0.19664772500360128,64.51465458667107,104.09878743460399,TRACK
32.748,179.65426711675389,-523.1412168179661,-0.9714716237141166,-0.706592707197183,0.6107664709208334,-0.5213633164145304,0.8030288847257282,179.46106713146708,-523.3714635945208,0.300565820459796,182.21476211870396,-527.1156520372529,-0.9984801151322437,-0.027008491418127112,0.1969711152742718,64.51465458667107,104.09878743460399,TRACK
32.796,179.683293590065,-523.1665010994982,-0.9757135001731267,-0.7100934927474873,0.6086495739921489,-0.523250708507655,0.8026491187776806,179.490550643461,-523.3962031985607,0.29985479449110203,182.21476211870396,-527.1156520372529,-1.0007627696855461,-0.02504926951241937,0.19735088122231936,33.28472867916632,135.76395313097345,TRACK
32.848,179.71472242341352,-523.1939214392445,-0.9785802627141704,-0.7126456056253618,0.6071624475560488,-0.5246729395916101,0.8024512017948213,179.52249572154003,-523.4230083017948,0.29905166026338986,182.21476211870396,-527.1156520372529,-1.0032702260554467,-0.024689963341276266,0.19754879820517868,33.28472867916632,135.76395313097345,TRACK
32.892,179.74372093663578,-523.2192574212505,-0.982471194797228,-0.7145518188708007,0.606103083157088,-0.5257789461951519,0.8023742566125938,179.55198828339405,-523.447755499569,0.2982830570353355,182.21476211870396,-527.1156520372529,-1.0056181882602049,-0.023146993462976884,0.19762574338740624,53.72376823576472,115.48156830554903,TRACK
32.948,179.77505068089744,-523.246777891028,-0.9861651260994249,-0.7167239124308906,0.6048402827363216,-0.52699024622175,0.802215985401322,179.58392451802553,-523.4745531822693,0.29733952551620063,182.21476211870396,-527.1156520372529,-1.008180287342682,-0.022015161243257086,0.197784014598678,53.72376823576472,115.48156830554903,TRACK
33.0,179.80389694376743,-523.2722439070803,-0.9901752917678142,-0.7190038618772623,0.6034835172056142,-0.5282333604254241,0.802011744680335,179.61339176497376,-523.4992791383155,0.29637344578961994,182.21476211870396,-527.1156520372529,-1.0105643458180549,-0.020389054050240718,0.19798825531966502,56.145484626634854,112.77258805484682,TRACK
33.048,179.83507218656885,-523.2998933293704,-0.9938767141122451,-0.7212874709121387,0.6020976511932387,-0.5294535650752534,0.8017746935039235,179.63325435845925,-523.5174012188357,0.2967155501865857,182.21476211870396,-527.1156520372529,-1.0131698938779876,-0.01929317976574252,0.1982253064960765,56.145484626634854,112.77258805484682,TRACK
33.096,179.86378698426333,-523.3254654752036,-0.9978743381508397,-0.7234861497748741,0.6007422064644892,-0.5306083806657457,0.8015213361230927,179.66143500752946,-523.5435490399748,0.29750086337926346,182.21476211870396,-527.1156520372529,-1.0155987114759497,-0.01772437332511001,0.19847866387690727,58.59385769619208,110.65220701082484,TRACK
33.148,179.89482184841953,-523.3532257165526,-1.0015478169750804,-0.7256806661776032,0.599370942945555,-0.5317432257435052,0.8012467693361092,179.69195336780095,-523.5718659401231,0.2982602350153713,182.21476211870396,-527.1156520372529,-1.0182548467281831,-0.016707029753102676,0.19875323066389083,58.59385769619208,110.65220701082484,TRACK
33.196,179.92339584113455,-523.3789068157331,-1.0054999053392821,-0.7279357929878785,0.5979431431283239,-0.5328911115908951,0.8009425317878675,179.7201126775426,-523.5979939612588,0.2988699080445303,182.21476211870396,-527.1156520372529,-1.0207285848578675,-0.01522867951858542,0.19905746821213255,60.691493243076806,108.7835965616644,TRACK
33.248,179.95425248810042,-523.4068001488955,-1.0100182178279473,-0.7304067035271667,0.596352012996018,-0.5341228111272294,0.8005766051858229,179.75060162995612,-523.6262835749025,0.29941049800342046,182.21476211870396,-527.1156520372529,-1.0234277968323715,-0.013409579004424188,0.19942339481417715,60.691493243076806,108.7835965616644,TRACK
33.296,179.98263139059858,-523.4326217816841,-1.013000761126269,-0.7331496113521871,0.5945583058298625,-0.5354625663164092,0.8001373250620366,179.7787261753581,-523.6523793394449,0.2997844575611822,182.21476211870396,-527.1156520372529,-1.0259341629339187,-0.01293340180764968,0.1998626749379634,64.33807684155938,108.7835965616644,TRACK
33.348,180.0132413957113,-523.4606877471149,-1.016543009371735,-0.7362671866834571,0.5924917793557986,-0.5369562046588299,0.799605199036259,179.8091686658374,-523.6806258427137,0.3000307400480768,182.396926207859,-527.5797985667431,-1.0461939594436904,-0.029650950071955506,0.20039480096374096,64.33807684155938,105.4607087855279,TRACK
33.396,180.04136698529376,-523.4866836699974,-1.0203211732867299,-0.7396929627216248,0.5902020806200219,-0.5385751373801134,0.7990004221351894,179.83724399110432,-523.7066759376448,0.3001046393868476,182.396926207859,-527.5797985667431,-1.0485915772092345,-0.028270403922504572,0.2009995778648106,30.24027569580754,140.12482877114655,TRACK
33.448,180.07181249105318,-523.5148726671354,-1.0238454216038186,-0.7422246725442269,0.588553025783706,-0.539807473879306,0.7986155351701553,179.8676594292237,-523.7348973399918,0.3001488452750257,182.396926207859,-527.5797985667431,-1.0512239790576,-0.02737855745378126,0.20138446482984473,30.24027569580754,140.12482877114655,TRACK
33.496,180.09989728385315,-523.5409184747779,-1.0284962177443817,-0.7441568701409391,0.5873444142592044,-0.540792205414799,0.7983919278142095,179.89573770436172,-523.7609501720034,0.30015842763790934,182.396926207859,-527.5797985667431,-1.0536875118341456,-0.025191294089763838,0.20160807218579047,51.822402828160754,118.82477649619233,TRACK
33.548,180.1302266756324,-523.569209267667,-1.0326430264811326,-0.7464230419041683,0.5859140062441874,-0.5419337318119888,0.7981148992399417,179.92614150244157,-523.7891607739721,0.300049034396369,182.396926207859,-527.5797985667431,-1.0563743591287384,-0.02373133264760585,0.20188510076005828,51.822402828160754,118.82477649619233,TRACK
33.596,180.15814383208195,-523.5953881750174,-1.0364863231093113,-0.7488202262690078,0.5844067031699948,-0.543144791774549,0.7978329772213233,179.95419605943135,-523.8151915987581,0.29984702609375996,182.396926207859,-527.5797985667431,-1.0588737996599913,-0.022387476550679963,0.2021670227786767,56.09420200236393,114.18663038785978,TRACK
33.644,180.18830256362267,-523.6238166332134,-1.0396882046172813,-0.7512872278924331,0.5828558193538276,-0.5443895063573294,0.7975467640123671,179.98236818086036,-523.8413315074024,0.29953579167961514,182.396926207859,-527.5797985667431,-1.0616033022715268,-0.021915097654245486,0.20245323598763287,56.09420200236393,114.18663038785978,TRACK
33.696,180.21606982919104,-523.6501165670913,-1.0438341817117252,-0.7537281895284844,0.5813259273493566,-0.5456235303253374,0.7972733976831748,180.00072807951614,-523.8601549817065,0.3008125741505792,182.396926207859,-527.5797985667431,-1.0641452387324406,-0.02031105702071545,0.20272660231682516,55.733957575571516,114.76705631625859,TRACK
33.748,180.24607408220976,-523.6786729620528,-1.0476468695541707,-0.7561596025601156,0.5798135557876786,-0.546861799259825,0.7970204432540263,180.02962995219403,-523.8897866081056,0.30235249786958457,182.396926207859,-527.5797985667431,-1.0669238192136457,-0.019276949659474907,0.20297955674597368,55.733957575571516,114.76705631625859,TRACK
33.796,180.27368839583315,-523.7051003721891,-1.051764820470209,-0.7587058827570992,0.5782331814325536,-0.5481600350961469,0.7967641032239225,180.05630248504625,-523.9171326052804,0.3036680787937829,182.396926207859,-527.5797985667431,-1.0695091339803857,-0.01774431351017669,0.20323589677607745,58.817113348950414,111.78127450702809,TRACK
33.848,180.30348542195213,-523.733821507643,-1.0564883599586774,-0.7616118380358018,0.5764084745012501,-0.5496193575984079,0.796447215905577,180.08518567207332,-523.946745074228,0.30494462776777986,182.396926207859,-527.5797985667431,-1.0723247072546804,-0.015836347296003028,0.203552784094423,58.817113348950414,111.78127450702809,TRACK
33.896,180.3308623117165,-523.76042911289,-1.0602344011530795,-0.7649468467214589,0.5742886629575596,-0.5512663706984972,0.7960540684304518,180.11183252211796,-523.9740647401209,0.3059644259613799,182.396926207859,-527.5797985667431,-1.0749326968998072,-0.014698295746727652,0.2039459315695482,62.6126211488736,108.18626558028804,TRACK
33.948,180.3603563565891,-523.7893733548215,-1.0633256570125487,-0.7688076921945172,0.5718052406419788,-0.5531401539539182,0.7955660017508263,180.14067951385388,-524.0036400998695,0.3068682995481691,182.396926207859,-527.5797985667431,-1.0777610971297231,-0.014435440117174458,0.20443399824917374,62.6126211488736,108.18626558028804,TRACK
33.996,180.38742555328363,-523.8162047586223,-1.0678980537577023,-0.7730649309274814,0.5690529656482008,-0.5551867527848178,0.7950179923629168,180.16728821736078,-524.0309206560489,0.3075115660831491,182.55572805786136,-528.0524482558908,-1.09771722438317,-0.029819170625467795,0.20498200763708319,61.86622774754059,109.48186176056308,TRACK
34.048,180.41659137222985,-523.8453928877428,-1.0718066157441144,-0.777509858780632,0.5661928244246766,-0.5573299506980096,0.7944752912300284,180.19609709327545,-524.0604569375762,0.30801018259522206,182.55572805786136,-528.0524482558908,-1.1004003758693384,-0.028593760125223966,0.20552470876997164,61.86622774754059,109.48186176056308,TRACK
34.096,180.4433788063078,-523.8724434350287,-1.074783867126364,-0.7819762545831612,0.5633503760278233,-0.5595080419130443,0.7939854502042584,180.22267796542815,-524.0877089596777,0.3082987305640372,182.55572805786136,-528.0524482558908,-1.1028809676764244,-0.028097100550060317,0.20601454979574163,33.70056221226472,138.15187220596448,TRACK
34.148,180.4723618362423,-523.9018103303722,-1.0783980066419345,-0.7854749427256448,0.5612558305156438,-0.5613420228248275,0.7937965569822498,180.25148708069486,-524.1172454866006,0.30854167332355803,182.55572805786136,-528.0524482558908,-1.1055988805709491,-0.027200873929014602,0.20620344301775018,33.70056221226472,138.15187220596448,TRACK
34.196,180.49908742022131,-523.9289772728,-1.0824832752817297,-0.7883146912465305,0.5596903396821473,-0.5629646033722565,0.7938402994202295,180.27809597826308,-524.1445262417412,0.30870467348325403,182.55572805786136,-528.0524482558908,-1.108137665510685,-0.025654390228955215,0.2061597005797705,51.14755422454321,120.46465619139687,TRACK
34.248,180.52793998239667,-523.9585114085316,-1.0873287138016572,-0.7913798390411536,0.5579986585121615,-0.5647144442318356,0.7938922511433417,180.30692508017935,-524.1740832599638,0.3087374453026818,182.55572805786136,-528.0524482558908,-1.1109037869213145,-0.02357507311965734,0.20610774885665828,51.14755422454321,120.46465619139687,TRACK
34.296,180.55447578516657,-523.9858733901873,-1.0905756177558668,-0.794651351441373,0.5561893565634428,-0.5665788383231247,0.7939509936954787,180.33051871829792,-524.1982726222905,0.3086587137898809,182.55572805786136,-528.0524482558908,-1.113470695816167,-0.022895078060300333,0.20604900630452128,56.085228587812736,114.71033546561046,TRACK
34.344,180.58309767206083,-524.0156328928284,-1.0944739611561416,-0.798232176629762,0.5541703974006609,-0.5685805896099276,0.7939702237718864,180.3504937436384,-524.2209070776137,0.31022907416423673,182.55572805786136,-528.0524482558908,-1.116261765520313,-0.021787804364171492,0.20602977622811358,56.085228587812736,114.71033546561046,TRACK
34.396,180.60939651685453,-524.0432140311265,-1.0993213096644725,-0.802068301857285,0.5519731682644884,-0.5706898500030338,0.7939529478378567,180.37569166153145,-524.2494597896662,0.31169740505367854,182.55572805786136,-528.0524482558908,-1.1188464764755865,-0.019525166811114048,0.20604705216214325,55.58161078382621,115.21130377330162,TRACK
34.448,180.63775177085523,-524.073217652526,-1.1035028166403227,-0.8061167836875172,0.5496352305304821,-0.5728958542292912,0.7939197355107162,180.40299177461375,-524.280394578451,0.31310467015210847,182.55572805786136,-528.0524482558908,-1.1216547559820325,-0.018151939341709777,0.20608026448928385,55.58161078382621,115.21130377330162,TRACK
34.496,180.66379426777155,-524.101032815267,-1.1073494372941584,-0.8103806344522202,0.5471561065262932,-0.575201200235747,0.7938741875521941,180.4281935603043,-524.3089516732509,0.314225945562135,182.55572805786136,-528.0524482558908,-1.1242529083338288,-0.016903471039670492,0.20612581244780592,60.61491260289901,110.32267939741757,TRACK
34.548,180.69184024913022,-524.1313094305353,-1.1105330986901434,-0.815015685881083,0.5444224976177763,-0.5776656906132778,0.793784294392433,180.45549370272852,-524.3398864952843,0.3152206876702536,182.55572805786136,-528.0524482558908,-1.1270677717741926,-0.016534673084049212,0.20621570560756697,60.61491260289901,110.32267939741757,TRACK
34.592,180.71757003504678,-524.1593934031094,-1.1146269868693137,-0.8199500800140646,0.5414876457597485,-0.5802616655848334,0.793670253353192,180.48069193656903,-524.3684395653488,0.3159296305911139,182.55572805786136,-528.0524482558908,-1.129664942881366,-0.015037956012052378,0.20632974664680803,59.85387625283109,111.20655651636696,TRACK
34.644,180.74527449502133,-524.1899658034009,-1.1183658564122672,-0.8250662563103892,0.5384392964956703,-0.5829458538227688,0.7935633210399213,180.5079892960666,-524.3993712339428,0.3164725896241638,182.69077286229074,-528.532426023097,-1.1495922342901383,-0.031226377877871192,0.20643667896007867,59.85387625283109,111.20655651636696,TRACK
34.696,180.77069351335774,-524.2183237671708,-1.122993865229231,-0.8302903606951199,0.535332551425149,-0.585691624139944,0.7934832192321684,180.5331873995165,-524.4279241562568,0.31676722876112257,182.69077286229074,-528.532426023097,-1.1520493879255427,-0.02905552269631162,0.20651678076783164,30.261478623788342,140.94515323694822,TRACK
34.748,180.79817076092897,-524.249145201805,-1.1261292308372495,-0.8346351947475734,0.5329091709249903,-0.5881515195755189,0.7936714650502137,180.56050882984772,-524.4588831004213,0.3169750457074345,182.69077286229074,-528.532426023097,-1.1547338436246655,-0.028604612787415995,0.2063285349497863,30.261478623788342,140.94515323694822,TRACK
34.796,180.82347657843715,-524.2776930576491,-1.131044511364386,-0.8384505731346512,0.5309125470984338,-0.5904599365871007,0.7940472715027674,180.5857515799692,-524.4874866135643,0.31705916009497503,182.69077286229074,-528.532426023097,-1.157232300085783,-0.02618778872139682,0.20595272849723256,50.53899822735322,120.30261416778468,TRACK
34.844,180.8507449040544,-524.3087660633623,-1.1344015663187963,-0.8426782574967878,0.5286299626532133,-0.5929441895436107,0.7943755090184157,180.6131063477322,-524.5184833336313,0.31694387026719223,182.69077286229074,-528.532426023097,-1.1599416175137414,-0.025540051194945068,0.2056244909815843,50.53899822735322,120.30261416778468,TRACK
34.896,180.87578246480243,-524.3375839000433,-1.1387767039388268,-0.8471609964186242,0.5261750228455463,-0.5955437823357352,0.794690223511819,180.638365590279,-524.5471055349641,0.31664820828221735,182.69077286229074,-528.532426023097,-1.1624454811757288,-0.023668777236901972,0.20530977648818105,53.11592309057981,116.92950538264593,TRACK
34.948,180.90276220091897,-524.3689483830645,-1.1428180214072765,-0.8518017005433165,0.5236081425571173,-0.5982105557763534,0.7949977081692551,180.6604444311895,-524.5721239031343,0.3162249096486283,182.69077286229074,-528.532426023097,-1.1651614830798138,-0.022343461672537313,0.20500229183074492,53.11592309057981,116.92950538264593,TRACK
34.996,180.92753915993916,-524.3980310823749,-1.1471850188699095,-0.8564850268416737,0.5210106188509825,-0.6008982103928034,0.7953180019393234,180.67941073618186,-524.5959068973467,0.3173681660580112,182.69077286229074,-528.532426023097,-1.1676733987865275,-0.020488379916618005,0.20468199806067655,55.83952035135696,114.12390985571017,TRACK
35.052,180.95423624992284,-524.4296835454818,-1.1511993254472337,-0.8612612673439897,0.5183488540664039,-0.6036292615130756,0.7956467934119857,180.70521838536123,-524.628268665826,0.31850580354672664,182.69077286229074,-528.532426023097,-1.1703983654503844,-0.019199040003150758,0.20435320658801426,55.83952035135696,114.12390985571017,TRACK
35.096,180.97874204694062,-524.4590389386736,-1.1555183752196823,-0.8661420120768587,0.5156148583978096,-0.6064087620073939,0.7959838370469173,180.72905445354817,-524.6581581499382,0.31936241887351996,182.69077286229074,-528.532426023097,-1.1729162215561724,-0.017397846336490108,0.20401616295308267,58.27302716682876,111.49016623691682,TRACK
35.148,181.00512339096284,-524.490997420587,-1.1604553047402768,-0.8712433150311926,0.5127163965696218,-0.6092708620289892,0.7962971095193585,180.75488853292796,-524.6905530608406,0.3200623966240952,182.69077286229074,-528.532426023097,-1.175642440282889,-0.015187135542612085,0.2037028904806415,58.27302716682876,111.49016623691682,TRACK
35.196,181.02931106277376,-524.520646506784,-1.1637126734399397,-0.8765855751599737,0.5096340980582136,-0.6122173138392273,0.7965782781799462,180.77874409802476,-524.7204669933044,0.32048717705512253,182.69077286229074,-528.532426023097,-1.178155050750119,-0.014442377310179388,0.2034217218200538,62.43060698679116,107.15823200120221,TRACK
35.248,181.0553134463079,-524.5529366406442,-1.168533390583688,-0.8822806656730404,0.5062782067561475,-0.6152786934392547,0.7967970213527011,180.8045925288515,-524.7528799003519,0.3206840899588103,182.69077286229074,-528.532426023097,-1.18086710752398,-0.01233371694029195,0.20320297864729886,62.43060698679116,107.15823200120221,TRACK
35.296,181.07912623351234,-524.5829007058,-1.1723212737490827,-0.8882361189076247,0.5027157410905164,-0.6184191258291534,0.7969726040030995,180.82845590237065,-524.7828036242678,0.32061938763375786,182.8017248784854,-529.0185385680059,-1.200369560019263,-0.0280482862701803,0.20302739599690045,63.57612993974037,106.03330245628659,TRACK
35.348,181.10471829686955,-524.6155320885753,-1.1754312240561449,-0.8943566448191174,0.4990195043054352,-0.6216067389305355,0.7971294772877849,180.85431117206957,-524.8152251069898,0.3202827340867923,182.8017248784854,-529.0185385680059,-1.2029217889076154,-0.0274905648514705,0.20287052271221506,63.57612993974037,106.03330245628659,TRACK
35.392,181.12816000562742,-524.6458067144531,-1.179410816719856,-0.9005074114336172,0.49529180415800966,-0.624796860664068,0.7972986193151039,180.87818167988493,-524.8451577770302,0.3197342795066379,182.8017248784854,-529.0185385680059,-1.2052681045382323,-0.025857287818376262,0.20270138068489607,31.769733257529722,137.9222852328552,TRACK
35.448,181.1534825134475,-524.6787195328502,-1.1831065344463485,-0.9055872815673369,0.4923796291840052,-0.6276465447967954,0.7977329656161478,180.9040693524118,-524.8776198916132,0.3190114067143638,182.8017248784854,-529.0185385680059,-1.2078283022013183,-0.024721767754969814,0.20226703438385218,31.769733257529722,137.9222852328552,TRACK
35.496,181.17679420767354,-524.709206155143,-1.1872814186802043,-0.9099321205730311,0.49002786270112453,-0.6302685416692528,0.7983518903599582,180.92799265904986,-524.9076187692831,0.318229125077289,182.8017248784854,-529.0185385680059,-1.2102099247415612,-0.02292850606135688,0.20164810964004176,52.7921449167858,116.4623475955931,TRACK
35.548,181.2018958458992,-524.7423798389678,-1.1912297903449778,-0.9145253319224776,0.4874714449669302,-0.6329589624448149,0.7989151755958598,180.95392163332716,-524.9401326746231,0.3171709225487406,182.8017248784854,-529.0185385680059,-1.2127907134743636,-0.021560923129385845,0.20108482440414022,52.7921449167858,116.4623475955931,TRACK
35.592,181.22492786172137,-524.7731341711396,-1.1955037662976138,-0.9192465619072517,0.48479822126513483,-0.6356736643417988,0.799443758421797,180.97132507222898,-524.9619558967449,0.3161771954124501,182.8017248784854,-529.0185385680059,-1.215174409063566,-0.019670642765952318,0.20055624157820295,55.351086692051936,112.99749654351332,TRACK
35.648,181.24972883387738,-524.8065902852819,-1.1994372963296054,-0.9240264191887387,0.4820484641032103,-0.6383732654720533,0.7999319644905538,180.99255535644087,-524.991485423905,0.3167402875910317,182.8017248784854,-529.0185385680059,-1.2177587740235125,-0.01832147769390713,0.20006803550944618,55.351086692051936,112.99749654351332,TRACK
35.696,181.27248807885897,-524.8375955832946,-1.2036727633253017,-0.9287773571142365,0.47928432965781076,-0.6410229205661052,0.800389813370108,181.0150061060146,-525.0227125150116,0.31712023705233355,182.8017248784854,-529.0185385680059,-1.2201477992463703,-0.01647503592106858,0.19961018662989205,58.05421336862311,110.19272582623357,TRACK
35.748,181.29699144838202,-524.8713186047179,-1.2075529309521564,-0.933562653767388,0.4764613399134655,-0.6436467733322904,0.8008099507705956,181.03933927983775,-525.05655789881,0.31732985367168476,182.8017248784854,-529.0185385680059,-1.2227382064346846,-0.015185275482528127,0.19919004922940442,58.05421336862311,110.19272582623357,TRACK
35.796,181.31946567589497,-524.9025704871756,-1.2123501806956343,-0.938390987676992,0.47357444655909353,-0.6462487122533769,0.8011929571101456,181.06180977987583,-525.0878124611396,0.31733444450849807,182.8017248784854,-529.0185385680059,-1.2251309097685186,-0.0127807290728843,0.1988070428898544,60.490888390248145,107.66415826185194,TRACK
35.848,181.34364144277797,-524.936562678943,-1.2155113275357001,-0.9433620399987901,0.47054489812969424,-0.6488552613992856,0.8015145983707468,181.08615889787768,-525.12168002194,0.31712094160842313,182.8017248784854,-529.0185385680059,-1.2277213504866227,-0.01221002295092255,0.1984854016292532,60.490888390248145,107.66415826185194,TRACK
35.896,181.36579247178608,-524.9680653483019,-1.2201895785172043,-0.9484749144069398,0.4673721036351276,-0.6514628839850499,0.8017733922165559,181.1086381297488,-525.1529467295098,0.31671672002905293,182.8017248784854,-529.0185385680059,-1.2301095410222753,-0.00991996250507099,0.19822660778344414,62.779606600246034,105.36496857114804,TRACK
35.948,181.38959900872538,-525.0023299550153,-1.224176856795177,-0.9537638128362923,0.46402817368507343,-0.6540780351609097,0.8019602372022324,181.13299054497116,-525.1868188764648,0.3160444048040018,182.88830826225126,-529.5095773382382,-1.2497860710960385,-0.025609214300861494,0.19803976279776758,62.779606600246034,105.36496857114804,TRACK
35.996,181.41139874625637,-525.0340819087064,-1.227798049294765,-0.9591491255019633,0.46057473239204655,-0.6566753851857221,0.8020920431140193,181.15546822364436,-525.2180834236678,0.31520943817176195,182.88830826225126,-529.5095773382382,-1.2520495674724321,-0.02425151817766702,0.19790795688598073,34.21548664327758,134.07508099554127,TRACK
36.048,181.4349345127247,-525.068571898118,-1.2308485259384878,-0.9636446787886108,0.45778738882251796,-0.658983159871567,0.8023889944155854,181.17983519523284,-525.2519758172953,0.3141857083866305,182.88830826225126,-529.5095773382382,-1.2545195980971093,-0.02367107215862152,0.19761100558441458,34.21548664327758,134.07508099554127,TRACK
36.096,181.45659034149998,-525.1004905080111,-1.234954246847963,-0.9675059859214014,0.45546888755427983,-0.6610789177209639,0.8027933999386481,181.20234282502264,-525.2832820239647,0.3131366122629166,182.88830826225126,-529.5095773382382,-1.2568178538294723,-0.021863606981509243,0.19720660006135193,51.97364594370969,116.22004455024964,TRACK
36.148,181.4799079877945,-525.1351780391778,-1.2398000083100014,-0.971517738856406,0.45300047312336666,-0.6631750639867766,0.803125515809241,181.22672909832184,-525.3172012646368,0.31182046866919005,182.88830826225126,-529.5095773382382,-1.2593125876293445,-0.019512579319343137,0.19687448419075904,51.97364594370969,116.22004455024964,TRACK
36.192,181.50130869707274,-525.1672921882781,-1.2430334524662348,-0.9755329541002766,0.4504971460174495,-0.6652294621141712,0.8034164025177584,181.24924247292097,-525.3485154618494,0.31045008655502576,182.88830826225126,-529.5095773382382,-1.2616223451539228,-0.01858889268768804,0.19658359748224163,57.50785540813826,110.17537313011579,TRACK
36.248,181.52435546532402,-525.2021816504903,-1.246901044748737,-0.979559066894129,0.4479456235257059,-0.6672320691099282,0.8036503690564383,181.26447460159935,-525.3700305082198,0.309372433114813,182.88830826225126,-529.5095773382382,-1.264131789166988,-0.01723074441825112,0.19634963094356173,57.50785540813826,110.17537313011579,TRACK
36.296,181.54551218092521,-525.234471579096,-1.2516866345625366,-0.9834835605686134,0.4454323732170973,-0.6691482410045491,0.8038466069775362,181.28541844671165,-525.402457923164,0.30962584254306075,182.88830826225126,-529.5095773382382,-1.2664575883439746,-0.014770953781438001,0.19615339302246382,57.429470514139254,110.33030136684765,TRACK
36.348,181.56831080289354,-525.2695390812455,-1.2557935041698203,-0.9872799903928123,0.4429833058394239,-0.6709776211211442,0.8040181448809562,181.3081114848211,-525.4375936185997,0.30975153373423087,182.88830826225126,-529.5095773382382,-1.2689892560842364,-0.013195751914416132,0.19598185511904376,57.429470514139254,110.33030136684765,TRACK
36.396,181.58923954675777,-525.3019878926935,-1.259553757076838,-0.9910192865671136,0.4405445728056451,-0.6727413705373202,0.8041520206160899,181.3290606363029,-525.4700292494109,0.3097272397011539,182.88830826225126,-529.5095773382382,-1.2713367881224897,-0.011783031045651704,0.19584797938391008,62.66764152540566,105.15471232436195,TRACK
36.448,181.61175655639428,-525.3372324085076,-1.262652815923985,-0.9949603540499099,0.43791076795406764,-0.6745045934437777,0.8041904545982109,181.35175145450208,-525.5051615077532,0.30952033113095845,182.88830826225126,-529.5095773382382,-1.273884804080333,-0.011231988156348072,0.19580954540178908,62.66764152540566,105.15471232436195,TRACK
36.496,181.63238538165788,-525.3698507707735,-1.267224126423835,-0.9991289336043608,0.43506051671722157,-0.6762702105940206,0.8041262655473559,181.37268959629114,-525.5375800922258,0.3091521085357328,182.88830826225126,-529.5095773382382,-1.2762387120298828,-0.009014585606047731,0.1958737344526441,62.17007621410113,105.80610633263973,TRACK
36.548,181.65455855394268,-525.4052774579316,-1.2711183807777457,-1.0034776685431424,0.4320318416292376,-0.6780244927577056,0.8039705995625055,181.39536222887173,-525.5726841937231,0.30855753129469643,182.88830826225126,-529.5095773382382,-1.2787897981986298,-0.0076714174208840635,0.1960294004374945,62.17007621410113,105.80610633263973,TRACK
36.596,181.67486389516034,-525.4380589370737,-1.2746632447838384,-1.0079363555612233,0.4288804767711348,-0.6797475390374074,0.803738253527134,181.41627949203956,-525.6050704517671,0.30782907526338843,182.95030775365402,-530.0043215340418,-1.298419235304295,-0.023755990520456516,0.19626174647286598,67.05690946526951,101.37843782954087,TRACK
36.648,181.69667557637695,-525.4736592222492,-1.278433387404999,-1.012541676493312,0.4255817027053074,-0.6814532044403118,0.8034290606640502,181.4389248351976,-525.640132300974,0.30683665119829523,182.95030775365402,-530.0043215340418,-1.300850754707279,-0.022417367302280056,0.19657093933594982,67.05690946526951,101.37843782954087,TRACK
36.692,181.71664882381236,-525.5065953870404,-1.2812760712026483,-1.0171321378821112,0.4222663693083555,-0.6831041178218883,0.8030816412009931,181.45981484285633,-525.6724763592357,0.30574530366004815,182.95030775365402,-530.0043215340418,-1.3030949436422132,-0.02181887243956493,0.19691835879900688,35.48905041586545,133.41908034548848,TRACK
36.748,181.73824462251653,-525.5423158014125,-1.2847072208686554,-1.020590800711729,0.41982947748233923,-0.6844435425504345,0.8029444271567506,181.4824513888376,-525.7075245877487,0.3045063570413468,182.95030775365402,-530.0043215340418,-1.3055557439713,-0.02084852310264451,0.19705557284324937,35.48905041586545,133.41908034548848,TRACK
36.792,181.75815022281515,-525.5753210843715,-1.2885840444916523,-1.0232183988887364,0.4180341625409302,-0.6855518242333031,0.8029532145529442,181.5033529849326,-525.7398865884193,0.30332068435086873,182.95030775365402,-530.0043215340418,-1.3078575254411493,-0.01927348094949699,0.19704678544705578,54.06344537443531,114.915546051284,TRACK
36.848,181.77961373056846,-525.6111404577712,-1.2931785099054665,-1.02592609779979,0.41618812322196347,-0.686700622095811,0.8029759014427482,181.5259956910858,-525.774944354744,0.30191692005335946,182.95030775365402,-530.0043215340418,-1.3103684019332895,-0.01718989202782306,0.19702409855725178,54.06344537443531,114.915546051284,TRACK
36.896,181.79932707470485,-525.6442522994405,-1.296860387159613,-1.0286810351852693,0.41426541442212694,-0.6877959165344246,0.8029190845831016,181.5382872612158,-525.7949637060276,0.30142281317422126,182.95030775365402,-530.0043215340418,-1.3127018485295043,-0.015841461369891396,0.19708091541689843,59.03345451115216,109.4098908772744,TRACK
36.948,181.82056263524132,-525.6801740633035,-1.299918236168356,-1.031557050983263,0.41220417683137844,-0.6888484486716169,0.8027605300676706,181.559150731377,-525.831100296369,0.3018524661308682,182.95030775365402,-530.0043215340418,-1.3152444410212265,-0.015326204852870617,0.19723946993232944,59.03345451115216,109.4098908772744,TRACK
36.996,181.84005423259475,-525.7133749854653,-1.3038622374549504,-1.0344863008360048,0.41005894564253115,-0.6898415490661014,0.8025146115301469,181.57840005172594,-525.8644410972245,0.3021322235183927,182.95030775365402,-530.0043215340418,-1.3176057868898978,-0.013743549434947377,0.19748538846985308,58.812197307607875,109.94065783866961,TRACK
37.048,181.8610514794281,-525.7493865797895,-1.307474424018543,-1.0374357033246417,0.40786593758449485,-0.6907827379214813,0.8022065906311023,181.59924284119205,-525.9005418675513,0.30231057552351587,182.95030775365402,-530.0043215340418,-1.3201801859955788,-0.012705761977035879,0.19779340936889767,58.812197307607875,109.94065783866961,TRACK
37.096,181.88031981291323,-525.7826677249187,-1.3113606308615178,-1.0404285157564215,0.40561112442554925,-0.6916837962159973,0.8018396711347797,181.6184710831378,-525.9338461595415,0.30235686924561866,182.95030775365402,-530.0043215340418,-1.3225710725150432,-0.011210441653525471,0.19816032886522028,62.02581705779893,107.22037156273613,TRACK
37.148,181.90105296745688,-525.8187685155201,-1.314916925004883,-1.043592792501792,0.40319730953578325,-0.6925805581266187,0.8013962190526437,181.63928647265246,-525.9698994717603,0.30226191248033185,182.95030775365402,-530.0043215340418,-1.3251731904062451,-0.010256265401362041,0.1986037809473563,62.02581705779893,107.22037156273613,TRACK
37.196,181.92005560851484,-525.8521346913109,-1.3187243776019262,-1.0469134820717145,0.40063917557925766,-0.6934723945900261,0.8008843306416052,181.65848511084792,-526.0031524885509,0.30203559448009476,182.98756921218921,-530.501541143393,-1.3451058560511526,-0.026381478449226448,0.19911566935839475,64.1120381573442,105.6118273103341,TRACK
37.248,181.94048625481372,-525.8883280017349,-1.3230551307826817,-1.0504037542606766,0.3979294295997279,-0.694365876644939,0.8003073169667133,181.67926493555973,-526.0391442007242,0.30163239797870767,182.98756921218921,-530.501541143393,-1.347603073814782,-0.024547943032100283,0.1996926830332867,64.1120381573442,105.6118273103341,TRACK
37.292,181.95920347500703,-525.9217783555912,-1.3264671709557736,-1.0539844676267216,0.395133859816053,-0.6952466500215997,0.7996866083281556,181.69842866871065,-526.0723367602043,0.30111680922617984,182.98756921218921,-530.501541143393,-1.3499143989336635,-0.023447227977889895,0.20031339167184437,34.62809477285012,135.6701612242572,TRACK
37.344,181.9794421886515,-525.9580322924322,-1.329353661545086,-1.0566620187243934,0.3930591199489159,-0.6959272050979329,0.7992559956424704,181.71918676226753,-526.1082908329131,0.30051708096170177,182.98756921218921,-530.501541143393,-1.3524507365509204,-0.023097075005834355,0.2007440043575296,34.62809477285012,135.6701612242572,TRACK
37.396,181.99809160746835,-525.9915124476763,-1.3338798037480935,-1.058729289994724,0.3914737735064218,-0.6964788153018194,0.7989583565540717,181.73834644945376,-526.1414763845768,0.29992787380087443,182.98756921218921,-530.501541143393,-1.3548231946696323,-0.02094339092153885,0.20104164344592834,52.57733420211738,117.96236227297308,TRACK
37.448,182.01819256454158,-526.0278152535302,-1.3369825455342883,-1.060962515052698,0.38975285615665356,-0.6970570385781567,0.7986211892465782,181.75909126477111,-526.1774074587,0.299184410339701,182.98756921218921,-530.501541143393,-1.3574128735622955,-0.02043032802800715,0.2013788107534218,52.57733420211738,117.96236227297308,TRACK
37.496,182.0366459985516,-526.0613573667146,-1.3410330243653767,-1.0633649260038203,0.3878956461581635,-0.6976649837117013,0.7982477446293899,181.77822878433076,-526.2105546149081,0.2983944963872214,182.98756921218921,-530.501541143393,-1.359820294178108,-0.018787269812731155,0.20175225537061015,55.92180119606213,114.3613420434045,TRACK
37.548,182.05652898810874,-526.0977273539751,-1.345714019806603,-1.0658600539665335,0.38595998432975426,-0.6982802305891435,0.7978473475142043,181.79070021796343,-526.2340098126062,0.2987270385611626,182.98756921218921,-530.501541143393,-1.3624475607610511,-0.016733540954448012,0.20215265248579573,55.92180119606213,114.3613420434045,TRACK
37.596,182.07478920176098,-526.1313274226352,-1.3494496388098045,-1.0683531586969424,0.38402138102858896,-0.6988826505296496,0.7974392643320575,181.8081412690729,-526.2680298413982,0.29964757850260076,182.98756921218921,-530.501541143393,-1.3648924667486668,-0.015442827938862314,0.20256073566794253,60.244631824658384,110.3865295200366,TRACK
37.648,182.0944570989873,-526.1677618677315,-1.3534702315419063,-1.070958910180346,0.3819939751534779,-0.6995055648389187,0.7970115634632728,181.8270259677555,-526.3048658089598,0.3005277036351894,182.98756921218921,-530.501541143393,-1.3675599841161001,-0.01408975257419387,0.20298843653672716,60.244631824658384,110.3865295200366,TRACK
37.696,182.11250133441942,-526.2014274520784,-1.3571462219302992,-1.0736924814971271,0.37986863387558994,-0.7001568363411668,0.7965674952430449,181.84444866505257,-526.3388500373162,0.30122616169273164,182.98756921218921,-530.501541143393,-1.3700388328755293,-0.012892610945230087,0.20343250475695507,61.45429411899275,109.4626126133013,TRACK
37.748,182.13191442458287,-526.2379392307892,-1.3601824311391546,-1.0766375673964517,0.37757964196545757,-0.700854300328708,0.7960924169441673,181.86331172625935,-526.3756437994199,0.3018442607843544,182.98756921218921,-530.501541143393,-1.3727390800422734,-0.012556648903118806,0.20390758305583268,61.45429411899275,109.4626126133013,TRACK
37.796,182.149697429464,-526.271683190812,-1.3640911517894194,-1.079835096417126,0.3750945112024278,-0.7016050037139199,0.7955787035677852,181.88071187221655,-526.4095840397605,0.3022745013202771,182.98756921218921,-530.501541143393,-1.3752427051629128,-0.011151553373493384,0.20442129643221485,61.69742439926611,109.54929995476573,TRACK
37.848,182.16880203163015,-526.3082868709503,-1.3676628116915106,-1.0833037296757773,0.37240010070760254,-0.702414176421353,0.7950267355534153,181.89954803751374,-526.4463253394516,0.3025761592291081,183.0,-531.0,-1.3954527084246302,-0.0277898967331196,0.2049732644465847,61.69742439926611,109.54929995476573,TRACK
37.896,182.18628347506072,-526.3421208509002,-1.3714948232538724,-1.087004525071209,0.3695289238078342,-0.7032753184753562,0.7944481097637465,181.91692196533995,-526.4802144394357,0.3026969806814562,183.0,-531.0,-1.3978448778147397,-0.026350054560867253,0.20555189023625353,31.318758985630886,140.3613251753816,TRACK
37.948,182.2051714717655,-526.3788031040747,-1.3750785015637077,-1.0899032342700177,0.36732454752657123,-0.7040287379911286,0.7940930594917586,181.9357449471574,-526.5169300237982,0.30277004164004423,183.0,-531.0,-1.4004666347271268,-0.025388133163419146,0.20590694050824143,31.318758985630886,140.3613251753816,TRACK
37.996,182.2225608871212,-526.4126929316935,-1.3797938597257238,-1.0922849068580882,0.36555877619420474,-0.7047320060816735,0.7939020211893307,181.95312239377182,-526.5508259874326,0.30278349160119056,183.0,-531.0,-1.402915355562543,-0.023121495836819328,0.20609797881066927,51.999611512687714,119.79413261096624,TRACK
38.044,182.2412661928949,-526.4494569840856,-1.3830215405101653,-1.0950322984138507,0.36351430107993843,-0.7055261565920405,0.7936685736030957,181.97194056040797,-526.5875321794365,0.3026566633756305,183.0,-531.0,-1.4055813737317004,-0.022559833221535097,0.20633142639690427,51.999611512687714,119.79413261096624,TRACK
38.096,182.25841967458385,-526.4834389289124,-1.3878813436763524,-1.0979350835958834,0.3613617663505525,-0.70637701614684,0.7934423829872617,181.9893062993126,-526.6214053063381,0.30241813776602156,183.0,-531.0,-1.4080570138817496,-0.020175670205397234,0.20655761701273834,54.56310450617323,116.82342532063151,TRACK
38.148,182.2768883624996,-526.5203010772101,-1.3911255096530915,-1.100872911524154,0.35919362448381936,-0.7072556740376629,0.7932405992687791,182.00811504300546,-526.6580931182111,0.3020359975816204,183.0,-531.0,-1.4107571132128913,-0.01963160355979987,0.2067594007312209,54.56310450617323,116.82342532063151,TRACK
38.196,182.2938397839215,-526.5543714946599,-1.3953370322891705,-1.1037576636630866,0.3570799704492219,-0.7081463153626798,0.7930808970450348,182.01771986552654,-526.6789615464575,0.3029272030395314,183.0,-531.0,-1.4132686754216692,-0.01793164313249873,0.20691910295496518,57.134172826279574,114.36983632188029,TRACK
38.244,182.31208921503588,-526.5913331414364,-1.3992125387870757,-1.1067009331060285,0.35493469021573465,-0.709075419827503,0.7929480344398926,182.03466346001932,-526.716512409156,0.30435981767201403,183.0,-531.0,-1.4160084820650285,-0.016795943277952752,0.2070519655601074,57.134172826279574,114.36983632188029,TRACK
38.292,182.32881716298175,-526.6255040941638,-1.403387029429644,-1.1097986801087174,0.352682169078855,-0.7100622198587926,0.7928260013754357,182.05030347988958,-526.7511742537253,0.30555336796337246,183.0,-531.0,-1.4185526778283446,-0.015165648398700604,0.20717399862456432,59.34186270353447,112.10168177680563,TRACK
38.348,182.3467834124748,-526.662586241174,-1.4081652291570625,-1.1132372418172516,0.35017008918135106,-0.7111318170154002,0.7926711503069227,182.06724434661095,-526.7887190710615,0.3066783006986913,183.0,-531.0,-1.4213191659451532,-0.013153936788090625,0.2073288496930773,59.34186270353447,112.10168177680563,TRACK
38.396,182.363204007469,-526.6968796308965,-1.4119508417656963,-1.117083065454481,0.34734406313392674,-0.7122916477866114,0.7924691096193915,182.08287827603175,-526.8233674178081,0.30754134021884205,183.0,-531.0,-1.4238779094893188,-0.011927067723622509,0.20753089038060846,63.24561960745619,108.25560431544157,TRACK
38.448,182.38078610294818,-526.7341067771179,-1.4150720398953922,-1.1214471773919983,0.3441146683007954,-0.7135569013970535,0.7921984325098925,182.09980851922285,-526.8608886909826,0.3082564780168248,183.0,-531.0,-1.4266485211817153,-0.011576481286323048,0.20780156749010747,63.24561960745619,108.25560431544157,TRACK
38.492,182.39681914986528,-526.7685431161372,-1.419073576511948,-1.1262075838338395,0.34058216816604436,-0.7149102912570932,0.7918919988344278,182.11543048248996,-526.8955105180086,0.30870747199450405,183.0,-531.0,-1.4292033722923523,-0.010129795780404294,0.20810800116557215,62.51638754776761,109.31072982783479,TRACK
38.544,182.41398465196417,-526.8059299004325,-1.4227168284775837,-1.1311625471514335,0.33691544266584844,-0.7163335066895659,0.7916095681034274,182.13235010277438,-526.9330082484036,0.3089772254072955,183.0,-531.0,-1.431970365567912,-0.009253537090328168,0.20839043189657258,62.51638754776761,109.31072982783479,TRACK
38.596,182.4296542762581,-526.8405163200298,-1.4266167705842818,-1.1361443865254206,0.333252714876071,-0.7178094222452135,0.7913960693838952,182.14796685432947,-526.9676185250892,0.30903523133092314,183.0,-531.0,-1.4345267644023676,-0.00790999381808577,0.20860393061610483,65.36823619110166,106.73427953534548,TRACK
38.648,182.44644492380743,-526.8780694842228,-1.431048766734933,-1.1411124653608293,0.32962823855915635,-0.7193378065277528,0.7912658564324451,182.16488543957234,-527.0051139615965,0.30889487272191785,183.0,-531.0,-1.4372999452943716,-0.006251178559438575,0.20873414356755493,65.36823619110166,106.73427953534548,TRACK
38.696,182.46178408372262,-526.9128134893481,-1.4339568807627079,-1.1459873487144363,0.32610639611167846,-0.7209112782815013,0.7912385561500496,182.18050536807107,-527.0397312791124,0.3085868455350085,183.0,-531.0,-1.4398659444165307,-0.005909063653822821,0.20876144384995043,68.5100754992851,103.43347311187809,TRACK
38.748,182.47822281334462,-526.9505417014983,-1.4373921969150718,-1.1508524083141307,0.322614453005255,-0.7225322203556634,0.7912855961913908,182.1974300477385,-527.0772402222519,0.3080537167084509,183.0,-531.0,-1.4426512870979886,-0.005259090182916815,0.20871440380860917,68.5100754992851,103.43347311187809,TRACK
38.796,182.49322840273183,-526.9854520733641,-1.4415909291374933,-1.1557495268788813,0.3191151504018703,-0.724200738085628,0.7913919308786113,182.21305591974772,-527.1118707119402,0.3073732135384262,183.0,-531.0,-1.4452267093212436,-0.0036357801837503256,0.20860806912138874,67.01196079459864,104.55502269521558,TRACK
38.848,182.509297012566,-527.0233644909837,-1.445155353020506,-1.160708591468108,0.31557895241434075,-0.7259102137338908,0.791540089704947,182.22268915149857,-527.1358497874123,0.3078912274461418,183.0,-531.0,-1.448020452586228,-0.002865099565722007,0.20845991029505295,67.01196079459864,104.55502269521558,TRACK
38.896,182.52394416957588,-527.058448718751,-1.4478566817034992,-1.165820429801124,0.3119285055996589,-0.7276641330639932,0.7917035323613312,182.23657583469853,-527.1712324791563,0.3087081736872763,183.0,-531.0,-1.4505997280392449,-0.0027430463357456247,0.20829646763866883,70.34282471176411,100.91658913153324,TRACK
38.948,182.53958552055585,-527.0965557414062,-1.4518321587707308,-1.171242584841953,0.30803185254336946,-0.7294712620550405,0.7918408579667215,182.25162322834544,-527.2095726128866,0.3093462380154355,183.0,-531.0,-1.4533879713761808,-0.0015558126054500132,0.20815914203327845,70.34282471176411,100.91658913153324,TRACK
39.0,182.5538075796485,-527.1318240641214,-1.45442433701065,-1.1769305892303656,0.3039232183703939,-0.7313211734673084,0.7919595832024632,182.26551578018106,-527.2449702576705,0.30970021432803163,183.0,-531.0,-1.455954309138416,-0.001529972127765955,0.20804041679753682,70.22454996336371,100.90753190894942,TRACK
39.048,182.56898356034358,-527.1701318152407,-1.458231424522706,-1.1827686703442322,0.29969611585002065,-0.7331993952875366,0.7920852953474129,182.28056932397925,-527.2833260617308,0.30983174333191077,183.0,-531.0,-1.4587270718302427,-0.0004956473075368173,0.2079147046525871,70.22454996336371,100.90753190894942,TRACK
39.096,182.5827870304322,-527.2055848355101,-1.4612115200242553,-1.1886301144062152,0.2954527780320162,-0.73509121306804,0.7922445554099306,182.2944688181599,-527.3187413953212,0.3097285885354855,183.0,-531.0,-1.4612817699815366,-7.024995728133199e-05,0.20775544459006945,70.8447080196826,100.27986010564686,TRACK
39.148,182.59752999557477,-527.2440912862309,-1.4643762846226833,-1.1944131093547221,0.29127580187275093,-0.736987322191748,0.7924594032680649,182.30953214063845,-527.3571221150528,0.3093844416128514,183.0,-531.0,-1.4640471734263398,0.00032911119634349006,0.20754059673193515,70.8447080196826,100.27986010564686,TRACK
39.196,182.61095519569437,-527.2797263778484,-1.466766590110801,-1.2000475806552413,0.2872213554226931,-0.7388809691360326,0.7927428293981925,182.3234430655727,-527.3925665737283,0.30886264709952865,183.0,-531.0,-1.4666008002418733,0.0001657898689275683,0.20725717060180748,71.17178242368374,99.72073346275064,TRACK
39.248,182.6253079345268,-527.3184281177867,-1.4702826898859702,-1.2055181646938162,0.28329885393532916,-0.7407651102919146,0.7930896476861007,182.33852071816057,-527.4309838059829,0.3080839015859627,183.0,-531.0,-1.4693705357375448,0.0009121541484253815,0.20691035231389932,71.17178242368374,99.72073346275064,TRACK
39.292,182.638381620115,-527.3542420572027,-1.4730376625025463,-1.2108657251676553,0.2794732124720096,-0.742640629931558,0.7934862202423973,182.35244554872008,-527.4664636956138,0.307169550985196,183.0,-531.0,-1.4719309003202723,0.0011067621822740126,0.20651377975760266,71.19226095796112,99.2708252012359,TRACK
39.348,182.65235073884008,-527.3931364048914,-1.475295963606106,-1.2161641404470456,0.2756805026024832,-0.744505288129529,0.7939067096126539,182.36753750124362,-527.5049173635103,0.3059633360714257,183.0,-531.0,-1.4747076777496064,0.0005882858564996152,0.20609329038734614,71.19226095796112,99.2708252012359,TRACK
39.392,182.66505897770634,-527.4291272027152,-1.4781829320228441,-1.22149002309129,0.27185656842470496,-0.7463613380830356,0.7943306872963902,182.38147370127766,-527.5404262220899,0.30464418707878127,183.0,-531.0,-1.4772718819741169,0.0009110500487272688,0.20566931270360977,69.75769023879602,100.29705830133466,TRACK
39.448,182.6786204837535,-527.4682118135154,-1.48080488009656,-1.2268596247293388,0.2679861371011317,-0.7482043655242807,0.7947492323166963,182.39657595397122,-527.5789061343916,0.30298902530345756,183.0,-531.0,-1.4800499856375706,0.0007548944589894635,0.20525076768330375,69.75769023879602,100.29705830133466,TRACK
39.496,182.6909449490637,-527.504376367245,-1.4836074627215612,-1.2322870632507505,0.26405688200261157,-0.750032708535606,0.7951572805465585,182.40397950194114,-527.6007916298298,0.3027293687463346,183.0,-531.0,-1.482613622499272,0.0009938402222890996,0.20484271945344146,70.2934830396932,99.51099690138071,TRACK
39.548,182.7040844095567,-527.5436470992241,-1.4861599821508347,-1.2377633028111603,0.2600756496970397,-0.7518434950233456,0.7955551423843962,182.41716820722732,-527.6400458164384,0.3026774187805776,183.0,-531.0,-1.4853896136770346,0.000770368473800076,0.20444485761560383,70.2934830396932,99.51099690138071,TRACK
39.596,182.71602248872853,-527.5799806353745,-1.489303221920117,-1.243220347990835,0.25609766626420816,-0.7536303061946046,0.7959551828344026,182.42934830600754,-527.6762980383248,0.3024221042679431,183.0,-531.0,-1.4879524806045548,0.0013507413155622316,0.20404481716559741,70.05978527062668,99.56758711234853,TRACK
39.648,182.7287600766315,-527.6194300256864,-1.4913715409591481,-1.2485663705946086,0.25219724780320707,-0.7553844415105417,0.7963724670502523,182.44255018519598,-527.715591435061,0.3019323079904522,183.0,-531.0,-1.4907328717803427,0.0006386691788053955,0.20362753294974767,70.05978527062668,99.56758711234853,TRACK
39.692,182.74034811327184,-527.6559237367302,-1.4940303364024095,-1.2537394778312203,0.2484243115746142,-0.7570998633430128,0.7968154376361753,182.4547431350044,-527.7518819060892,0.30129416502461326,183.0,-531.0,-1.4933064762062775,0.0007238601961319091,0.20318456236382465,69.68049996649134,99.71766079048666,TRACK
39.748,182.75272851774312,-527.6955409647737,-1.4964568348838858,-1.2587050875634216,0.244805448003316,-0.7587693306967833,0.7972832649555294,182.46795945432052,-527.7912182816815,0.30041233072770984,183.0,-531.0,-1.4961058876411326,0.0003509472427531968,0.20271673504447063,69.68049996649134,99.71766079048666,TRACK
39.796,182.7640013431195,-527.7321842906257,-1.4990584807509069,-1.263485755011788,0.24132122623827246,-0.7603909826235471,0.7977658683400456,182.48016560011004,-527.8275480285517,0.2994277400658823,183.0,-531.0,-1.4987024066372998,0.0003560741136070522,0.2022341316599544,69.10595012545146,99.95428577722178,TRACK
39.848,182.77604717885544,-527.7719576332061,-1.501437524551891,-1.26812160995049,0.2379365375851929,-0.7619593291500439,0.7982454604924571,182.49339511418881,-527.8669236763594,0.2981790385196621,183.0,-531.0,-1.501530028727012,-9.250417512096654e-05,0.20175453950754285,69.10595012545146,99.95428577722178,TRACK
39.896,182.78700927066348,-527.8087394269628,-1.503993832367014,-1.2726856557091875,0.23459066886399393,-0.7634741434237853,0.7987024161693382,182.50561154487417,-527.9032840346666,0.296855794831872,183.0,-531.0,-1.5041532831359048,-0.00015945076889090082,0.20129758383066176,68.41468446611036,100.33693136894995,TRACK
39.948,182.79871154035126,-527.8486566030135,-1.506336638817937,-1.2772182959401674,0.23124921150632494,-0.7649314935668574,0.7991222607791127,182.51884963340345,-527.9426852030294,0.2952356085932401,183.0,-531.0,-1.5070091227615343,-0.0006724839435974239,0.20087773922088725,68.41468446611036,100.33693136894995,TRACK
39.996,182.80934994404242,-527.8855651072712,-1.5088600047274432,-1.281753958097184,0.22788368106048798,-0.7663299810306032,0.7994952232002659,182.53107148537006,-527.9790616969603,0.2935651764848252,183.0,-531.0,-1.5096576428195752,-0.0007976380921319581,0.2005047767997341,67.7090729540084,100.89640374131957,TRACK
40.048,182.82069938855733,-527.9256128699768,-1.5111781216793165,-1.286267552595753,0.22451488461656852,-0.7676667366500702,0.7998244507223815,182.54431320991932,-528.0184736873867,0.2915689475101213,183.0,-531.0,-1.512541548860492,-0.0013634271811755472,0.2001755492776185,67.7090729540084,100.89640374131957,TRACK
40.096,182.83101749503095,-527.9626354089485,-1.5140652614812535,-1.2907254356320856,0.2211708680375725,-0.7689393921575212,0.8001152052548879,182.55572805786136,-528.0524482558908,0.28956971819068866,183.0,-531.0,-1.515219040063882,-0.0011537785826285507,0.19988479474511212,67.00458419572263,101.59237434481298,TRACK
40.148,182.84203396224729,-528.0027994773261,-1.5159856860158407,-1.2950570242811887,0.21791036279591783,-0.7701456805210878,0.8003807190575857,182.56378559079513,-528.0810864303329,0.28905190403604347,183.0,-531.0,-1.518140518298079,-0.002154832282238228,0.19961928094241432,67.00458419572263,101.59237434481298,TRACK
40.192,182.8520627705088,-528.0399226673601,-1.5184799622896699,-1.299220389662953,0.214768462724287,-0.7712846196698068,0.8006281640812744,182.57419991867704,-528.1181011519642,0.2886514158688283,183.0,-531.0,-1.5208603869180377,-0.00238042462836785,0.19937183591872565,66.22977918054555,101.59237434481298,TRACK
40.248,182.86278686104785,-528.080187970986,-1.520781953323337,-1.3031714849184801,0.21178087939895887,-0.7723514694982679,0.8008607452704436,182.58548445300383,-528.1582087711578,0.28806921176421624,183.0,-531.0,-1.5238370488847048,-0.0030550955613677377,0.1991392547295564,66.22977918054555,102.3681925571605,TRACK
40.296,182.87256226859574,-528.1173979416085,-1.523279037293455,-1.3069256852348923,0.2089365849793751,-0.7733511576295198,0.80107834170558,182.595902818015,-528.1952378415995,0.28740129023066113,183.0,-531.0,-1.5266158252595612,-0.0033367879661061473,0.19892165829442,65.32712480601953,103.22096748732557,TRACK
40.348,182.883023912859,-528.157750481067,-1.525589110467846,-1.310497182341737,0.20622369354689593,-0.774281883429645,0.8012743891997812,182.60719084462795,-528.2353578731161,0.28654282198375414,183.0,-531.0,-1.5296633764534553,-0.004074265985609227,0.19872561080021878,65.32712480601953,103.22096748732557,TRACK
40.392,182.89256148128726,-528.1950343617625,-1.5281008705601873,-1.3139496327348914,0.20359017059495918,-0.7751448543010084,0.8014352766831618,182.61761103271232,-528.2723934231451,0.28562593290798616,183.0,-531.0,-1.5325120705447233,-0.004411199984535985,0.19856472331683817,64.31539422659704,104.19041477529568,TRACK
40.448,182.90276488803966,-528.2354598587024,-1.5310142919901804,-1.3173141790777856,0.20101038710477365,-0.775938846237028,0.8015524117758371,182.6288991377261,-528.3125137333146,0.28449911913319553,183.0,-531.0,-1.535638564341724,-0.004624272351543723,0.19844758822416286,64.31539422659704,104.19041477529568,TRACK
40.496,182.91206167413944,-528.2728043763407,-1.5329682188189828,-1.3206380684351136,0.19844581692900842,-0.7766640245000167,0.8016157116780983,182.6393174724472,-528.3495426960991,0.28333402421184684,183.0,-531.0,-1.5385625308403297,-0.005594312021346859,0.1983842883219017,64.37179559745842,104.19856526400524,TRACK
40.548,182.92199939795637,-528.3132884839921,-1.5359152886033742,-1.3239441039447963,0.19587830669474765,-0.7773208020403606,0.8016208207864058,182.65060136925052,-528.3896480493995,0.2819355834488237,183.0,-531.0,-1.5417724817684444,-0.0058571931650701625,0.19837917921359416,64.37179559745842,104.19856526400524,TRACK
40.596,182.93105067803958,-528.3506804312299,-1.5378900320889364,-1.3272182487798498,0.1933198166250115,-0.777908136601698,0.8015694732779275,182.6610140607174,-528.4266569548662,0.28052131262822616,183.0,-531.0,-1.5447769057062142,-0.0068868736172778,0.1984305267220725,62.69830761483001,106.06799095279706,TRACK
40.648,182.9407350367366,-528.3912085791484,-1.540873664326289,-1.3303754892213928,0.1908410643439561,-0.778425899781062,0.8014781302630097,182.67229085410685,-528.466737061133,0.27886704857093714,183.0,-531.0,-1.5480828316551472,-0.007209167328858124,0.19852186973699026,62.69830761483001,106.06799095279706,TRACK
40.696,182.9495687795928,-528.4286345302299,-1.54288139376653,-1.3333953395178,0.18845940014990253,-0.7788743948273817,0.8013502782320483,182.68269645362696,-528.5037207603224,0.27723416152398944,183.0,-531.0,-1.5511862183581346,-0.008304824591604643,0.1986497217679517,61.547547655924724,107.47239582802669,TRACK
40.748,182.9590349239903,-528.4691926058467,-1.5453124449715165,-1.3362322994961675,0.1862130435421004,-0.7792554040584785,0.8011955331500262,182.69077286229074,-528.532426023097,0.2756138581501854,183.0,-531.0,-1.5546111761652157,-0.009298731193699172,0.19880446684997377,61.547547655924724,107.47239582802669,TRACK
40.796,182.9676819024067,-528.5066401165549,-1.5479767956381978,-1.3389024570841814,0.18408936258868086,-0.779570778218287,0.8010115427821077,182.6988901273826,-528.5679900851738,0.27570425635116064,183.0,-531.0,-1.5578353867696242,-0.009858591131426397,0.19898845721789227,59.100439997061116,110.13765537109835,TRACK
40.848,182.97696236995168,-528.5472150546257,-1.5504693933960092,-1.3413644592932559,0.18212277108156494,-0.7798215505491308,0.8008060654411145,182.70815205790862,-528.6085692541983,0.2757232700841279,183.0,-531.0,-1.5614041651690136,-0.010934771773004393,0.19919393455888545,59.100439997061116,110.13765537109835,TRACK
40.896,182.98544886873734,-528.5846723886079,-1.5536417821768604,-1.343683313279297,0.18026052151510197,-0.7800104014776769,0.8005685992032557,182.71669833576254,-528.6460129439984,0.2756619536857408,183.0,-531.0,-1.5647719037909076,-0.01113012161404714,0.19943140079674426,58.28812704295402,111.16281594957184,TRACK
40.948,182.9945559353239,-528.6252522448947,-1.5557919482619855,-1.3459035421054857,0.1784669025481447,-0.7801404090443211,0.8002933794109318,182.7259527472089,-528.6865591697823,0.2755108195783014,183.0,-531.0,-1.5685038495718322,-0.012711901309846674,0.19970662058906818,58.28812704295402,111.16281594957184,TRACK
40.996,183.0028799153515,-528.6627090946865,-1.5586301155485334,-1.3480781836245206,0.1766991743577315,-0.7802141289443838,0.7999729278064024,182.73449087281338,-528.7239671422437,0.27529116684894894,183.0,-531.0,-1.5720284857390496,-0.013398370190516262,0.2000270721935976,56.748228820070736,112.96506049068925,TRACK
41.048,183.01181163597812,-528.7032833801532,-1.5612948294045292,-1.3501909302806154,0.17497181370391224,-0.7802353359930156,0.7996138537587819,182.74373539336113,-528.7644700331696,0.274970322695,183.0,-531.0,-1.575939117047441,-0.014644287642911813,0.2003861462412181,56.748228820070736,112.96506049068925,TRACK
41.096,183.01997665266936,-528.7407307987597,-1.5646918974763464,-1.3522630676719793,0.17326825894780915,-0.7802070624017289,0.7992152086768246,182.75226360178706,-528.8018345556327,0.27459779080811214,183.0,-531.0,-1.579638182415595,-0.014946284939248544,0.2007847913231754,55.1028342421583,114.96177427169289,TRACK
41.148,183.02874286545264,-528.781289774339,-1.567698693656772,-1.3542464734767392,0.17162772358819176,-0.78012769542181,0.7987836357038176,182.7614966057647,-528.842286989168,0.2741189952084325,183.0,-531.0,-1.5837503652942981,-0.016051671637526077,0.2012163642961824,55.1028342421583,114.96177427169289,TRACK
41.196,183.0367644645821,-528.818719946297,-1.5705291139575306,-1.3561466866852658,0.17004884731789127,-0.7800113392180743,0.7983321988889821,182.7700139712687,-528.8796040056862,0.27361047927783566,183.0,-531.0,-1.5876492677180687,-0.017120153760538104,0.2016678011110179,54.62626623007054,115.81327541949736,TRACK
41.248,183.04538303047335,-528.8592585069389,-1.5729273911345774,-1.3579531778108798,0.16854132887084,-0.7798630671194854,0.7978675222081418,182.77923523557217,-528.9200050043485,0.2729922813529514,183.0,-531.0,-1.591992829818072,-0.01906543868349475,0.20213247779185817,54.62626623007054,115.81327541949736,TRACK
41.296,183.05327497575445,-528.8966676060923,-1.5760980304062617,-1.3596762657500392,0.1670972981074222,-0.7796856749543145,0.7973902800785608,182.78774160961885,-528.9572738641456,0.27236205140681546,183.0,-531.0,-1.596119755195274,-0.020021724789012207,0.20260971992143917,50.516746867016636,120.25439284077852,TRACK
41.344,183.0617719327792,-528.9371813756636,-1.5790856855216957,-1.3612098339842116,0.16580430066725355,-0.7794845223737046,0.7969235764738796,182.7969514741693,-528.9976249172263,0.271630810135741,183.0,-531.0,-1.6007327825695739,-0.02164709704787815,0.20307642352612043,50.516746867016636,120.25439284077852,TRACK
41.396,183.0695656693259,-528.9745661942515,-1.582921747499663,-1.3626282305276962,0.16460212441997948,-0.7792625750792216,0.796457167889567,182.80228154776958,-529.0216955963967,0.2714074099627779,183.0,-531.0,-1.605128890047058,-0.022207142547394865,0.203542832110433,48.89568088457553,122.15514629127537,TRACK
41.448,183.07795673173595,-529.0150524202355,-1.58633901292418,-1.363958283657641,0.16346968555605218,-0.7790241179250332,0.795990524067134,182.80945812166786,-529.0623959694732,0.2726406339174651,183.0,-531.0,-1.6100501027172403,-0.023711089793060358,0.204009475932866,48.89568088457553,122.15514629127537,TRACK
41.496,183.0856498043694,-529.052410945184,-1.589570616522532,-1.3652698314984817,0.16235061689706368,-0.7787715877336723,0.7955142416500675,182.81607878022083,-529.0999435899586,0.2737295917137582,183.0,-531.0,-1.6147453582195792,-0.025174741697047143,0.20448575834993254,47.77290625159479,123.51514588607021,TRACK
41.548,183.09392697859604,-529.0928680197532,-1.5931549862391245,-1.3665703435186487,0.1612396505854397,-0.7785087647041288,0.7950308935142478,182.82324693478463,-529.1405962146165,0.2748557197925118,183.0,-531.0,-1.6200069460936046,-0.02685195985448008,0.20496910648575217,47.77290625159479,123.51514588607021,TRACK
41.596,183.10151213963476,-529.130199335311,-1.5959705927760368,-1.3678882814866316,0.1601142387878596,-0.7782382063334563,0.7945384038923047,182.82985968632502,-529.1780989922052,0.2758431302747646,183.0,-531.0,-1.6250334355001275,-0.029062842724090654,0.20546159610769532,44.0736417134134,127.49699156416628,TRACK
41.648,183.10968220431283,-529.1706277005521,-1.5994221804978006,-1.3691140720421338,0.15906507516064994,-0.777968830932215,0.7940637254263039,182.8370197015565,-529.2187054564156,0.27686876136215466,183.0,-531.0,-1.630680835023251,-0.03125865452545029,0.20593627457369612,44.0736417134134,127.49699156416628,TRACK
41.696,183.11717944796104,-529.2079340039959,-1.6032621864797731,-1.3702886130665424,0.15805970045589923,-0.7777048693833198,0.7936042671071869,182.84362552473976,-529.2561689413385,0.2777739334246379,183.0,-531.0,-1.6360912835795227,-0.03282909709974957,0.2063957328928131,39.093259582935815,132.7425087702829,TRACK
41.748,183.12527113912347,-529.2483378123674,-1.6069072456853795,-1.3712858710322615,0.15720211119733463,-0.7774568752918105,0.7931908324630366,182.85077897724852,-529.2967381864989,0.2787266459218743,183.0,-531.0,-1.6421903589767848,-0.03528311329140532,0.20680916753696343,39.093259582935815,132.7425087702829,TRACK
41.796,183.13270985792136,-529.2856244140019,-1.6109815691990461,-1.3721931895113806,0.15642203017952347,-0.7772284391912072,0.7928126501343705,182.8573796664838,-529.334172555356,0.2795776034412884,183.0,-531.0,-1.6480522842288339,-0.03707071502978776,0.20718734986562948,36.10391342655638,135.86788214223907,TRACK
41.848,183.14074279168753,-529.3260101520748,-1.614858977050048,-1.3729837412884471,0.15574214304286016,-0.7770255686574545,0.7924798732251964,182.86452825703725,-529.3747142269974,0.2804755890735216,183.0,-531.0,-1.6546753079170655,-0.03981633086701741,0.20752012677480358,36.10391342655638,135.86788214223907,TRACK
41.896,183.14812914968417,-529.3632833042708,-1.619191621511549,-1.3737458118489945,0.1550912533700027,-0.7768500210565579,0.7921800629196956,182.87112506741173,-529.4121265977418,0.28127731674042333,183.0,-531.0,-1.6610542724098922,-0.04186265089834329,0.20781993708030444,31.677156663473625,140.31844195890235,TRACK
41.948,183.15611223794187,-529.4036586190945,-1.6243686047019514,-1.3743916420154731,0.15454163950196315,-0.7767094403845933,0.7919347656988566,182.87827037245856,-529.4526496363495,0.2821280241077273,183.0,-531.0,-1.668280116943122,-0.043911512241170625,0.20806523430114343,31.677156663473625,140.31844195890235,TRACK
41.996,183.16345692592233,-529.440926260994,-1.6279329692970796,-1.3750279392637799,0.15400708220048706,-0.7766043584343778,0.7917275484073919,182.88486498401215,-529.4900495369608,0.2828896716725241,183.0,-531.0,-1.6752570328062106,-0.04732406350913099,0.2082724515926081,28.58597665649981,143.38527697295112,TRACK
42.048,183.17139284769556,-529.4813003337645,-1.632329805621817,-1.3756167173032028,0.15351946151932916,-0.7765413997063212,0.7915710773664215,182.8891963540364,-529.5166641424375,0.2844036919545825,183.0,-531.0,-1.6831758365262268,-0.05084603090440987,0.20842892263357848,28.58597665649981,143.38527697295112,TRACK
42.092,183.1786919867305,-529.5185716018285,-1.6372443735274953,-1.3762426729022488,0.15301053878411403,-0.7765215727761015,0.7914530800784562,182.893907689188,-529.5542597044013,0.28701173633149357,183.0,-531.0,-1.6908377994438983,-0.05359342591640304,0.20854691992154384,19.594405324081833,143.38527697295112,TRACK
42.144,183.18660341762052,-529.5589571925392,-1.6431348094098512,-1.3766297681918136,0.1527068658154745,-0.7765651136263828,0.7914371501065275,182.89901273227846,-529.5949969811302,0.28984007427751357,183.0,-531.0,-1.699571674347433,-0.05643686493758171,0.2085628498934725,19.594405324081833,152.28831020221256,TRACK
42.196,183.19389729115113,-529.5962463940652,-1.6472124339557495,-1.3769807177444209,0.15244395727411564,-0.7766677516512561,0.7914871802906284,182.90372619862546,-529.6326095496293,0.292440664101475,183.0,-531.0,-1.7080555136857805,-0.060843079730031,0.20851281970937163,16.08962574218937,155.5940081129279,TRACK
42.248,183.2017953435313,-529.6366580284258,-1.6522631336226736,-1.3772637503346397,0.1522485401716301,-0.7768354236925161,0.7916141064230244,182.9088342480976,-529.6733708167147,0.2952524890016319,183.0,-531.0,-1.7177445932078828,-0.06548145958520912,0.20838589357697557,16.08962574218937,155.5940081129279,TRACK
42.296,183.20907165272538,-529.6739776602607,-1.65882025617639,-1.377605356990208,0.15201797231841946,-0.7770653408626998,0.791795433099906,182.91355119732805,-529.7110111779637,0.2978318669848924,183.0,-531.0,-1.7271772411474096,-0.0683569849710195,0.20820456690009403,4.5037480681448585,166.81517839156345,TRACK
42.344,183.2169955224498,-529.7144340243333,-1.6633613762413362,-1.3775273402157333,0.15214542053664196,-0.7773949220494848,0.792143354335941,182.91866516466504,-529.7518196684895,0.3006637470080982,183.0,-531.0,-1.7380138977664616,-0.07465252152512547,0.20785664566405904,4.5037480681448585,166.81517839156345,TRACK
42.396,183.22431554157822,-529.751804488257,-1.6694974582939681,-1.3774715834495106,0.15226966282694054,-0.7777996654425225,0.7925644262644711,182.92338906130735,-529.7895154687691,0.3032801750517167,183.0,-531.0,-1.7486101572696993,-0.07911269897573114,0.2074355737355289,-3.7558073004239247,174.57395221507716,TRACK
42.448,183.23233360189647,-529.7923303099568,-1.676915033406065,-1.376769350184956,0.15294299451803933,-0.7783397362864055,0.7932239939982504,182.92851305455042,-529.8304039641258,0.30619687805631607,183.0,-531.0,-1.7608560250934853,-0.08394099168742031,0.2067760060017496,-3.7558073004239247,174.57395221507716,TRACK
42.5,183.2397230873986,-529.8297722287931,-1.6831236377762375,-1.3764792796108374,0.15329461155642737,-0.7789348201007937,0.7938757408421622,182.93324684125125,-529.8681786851989,0.3088733483909327,183.0,-531.0,-1.7728525505222117,-0.08972891274597417,0.20612425915783783,-12.3023740983474,182.26956596617788,TRACK
42.544,183.24774003244553,-529.8703772156098,-1.6884882043114786,-1.376264257972767,0.15360170455834082,-0.7796104289469823,0.7945979515239927,182.93838058453983,-529.9091449840716,0.31177910109568946,183.0,-531.0,-1.7866904682572815,-0.09820226394580289,0.2054020484760073,-12.3023740983474,182.26956596617788,TRACK
42.596,183.25513111254833,-529.9078997389764,-1.6968787597617931,-1.3762799541911004,0.1537344003791119,-0.780348511697329,0.7953477639172448,182.94312434077742,-529.9469992601595,0.3144471309896939,183.0,-531.0,-1.8002954622757175,-0.10341670251392432,0.20465223608275518,-30.10245009862392,199.40427009770764,TRACK
42.648,183.26320696844022,-529.9486088372373,-1.704533899040625,-1.3758166775047405,0.15428408259567436,-0.7812300785900299,0.7963190402321002,182.9482718400421,-529.9880753291156,0.31739839174185014,183.0,-531.0,-1.8160964901171188,-0.11156259107649391,0.2036809597678998,-30.10245009862392,199.40427009770764,TRACK
42.696,183.27071505236728,-529.9862468768351,-1.7119515069253899,-1.3751439183386256,0.15503109898869485,-0.7822435898176356,0.7974582593869248,182.95075015211782,-530.0102249312786,0.3208620957460367,183.0,-531.0,-1.8317494606092146,-0.11979795368382473,0.20254174061307517,-41.03441673335307,209.52349072119864,TRACK
42.748,183.2789498621039,-530.0270997980406,-1.7203841671616404,-1.374001213404027,0.15619681833913768,-0.7834299184180928,0.7988490990993538,182.9538405461065,-530.0514633731483,0.32602093665947757,183.0,-531.0,-1.8500254703116266,-0.12964130314998612,0.20115090090064625,-41.03441673335307,209.52349072119864,TRACK
42.796,183.28663793579082,-530.0648894207853,-1.7271566886072292,-1.3726277061641368,0.15758680255424734,-0.7847787794856191,0.8004444597036132,182.9566996063279,-530.0896148804238,0.3308634908887902,183.0,-531.0,-1.8682316518523314,-0.14107496324510227,0.19955554029638678,-62.261328249784384,229.25050372540196,TRACK
42.848,183.29512378281507,-530.1059304367717,-1.7356414865788319,-1.3706156503907871,0.15954769970807484,-0.7863438142661943,0.8023665388816044,182.9598054192923,-530.1310590742258,0.33625861079812264,183.0,-531.0,-1.8896254103390142,-0.15398392376018233,0.19763346111839564,-62.261328249784384,229.25050372540196,TRACK
42.896,183.30307901539226,-530.1439134093413,-1.7453302105365698,-1.3684078145752365,0.16171290901891297,-0.7880826542595362,0.8045031602722981,182.9626803801338,-530.1694227605306,0.34135312783672356,183.0,-531.0,-1.9110554551050052,-0.1657252445684354,0.19549683972770193,-62.261328249784384,229.25050372540196,BRAKE
42.948,183.3116007266941,-530.1845624101104,-1.754391559094578,-1.366923764765231,0.16247106308630427,-0.7858527689070205,0.8024720685103157,182.9657571799672,-530.210479801005,0.34681330707375363,183.0,-531.0,-1.935800645966045,-0.18140908687146706,0.19752793148968428,0.0,0.0,BRAKE
42.996,183.31916769140918,-530.2210201489714,-1.7649525658464358,-1.366658051928555,0.16078197538679673,-0.776641978984574,0.7931100851271253,182.9685163103489,-530.2472978372402,0.35163462278370716,183.0,-531.0,-1.9596582990828224,-0.19470573323638662,0.20688991487287467,-139.05920660396598,-139.05920660396598,BRAKE
43.048,183.32757397845896,-530.2583316153577,-1.7715404310436986,-1.3608424216876727,0.16108906222109343,-0.755952156247854,0.7729251894608242,182.9713437487416,-530.2850273805367,0.35722911477506775,183.0,-531.0,-1.9867029384508335,-0.21516250740713483,0.22707481053917578,-139.05920660396598,-139.05920660396598,BRAKE
43.096,183.33534138669316,-530.2898823958664,-1.7796064925641721,-1.3507696258091133,0.1613452421514272,-0.7214266761030438,0.7392487647321359,182.97373832642108,-530.316980799033,0.3626170109803326,183.0,-531.0,-2.0119851035583443,-0.23237861099417212,0.26075123526786415,-133.1302384596052,-133.1302384596052,BRAKE
43.148,183.3437383315661,-530.3208860860516,-1.7882667245478727,-1.3369727891226078,0.1613923055816913,-0.6776060234060279,0.6965611238485138,182.9760956500118,-530.348437096263,0.36867356762330233,183.0,-531.0,-2.039357477605488,-0.2510907530576152,0.30343887615148624,-133.1302384596052,-133.1302384596052,BRAKE
43.196,183.35153741746018,-530.346506945641,-1.794734706536696,-1.3183928819732735,0.16177333327241566,-0.6272626830530438,0.6477878394265913,182.97804850017192,-530.3744960706537,0.3745361964565386,183.0,-531.0,-2.064330167114611,-0.26959546057791495,0.35221216057340865,-116.4851568082606,-116.4851568082606,BRAKE
43.248,183.36014975839743,-530.3710567578283,-1.8013150190571514,-1.2934367977209653,0.16312034601239106,-0.5729598644765139,0.5957274994358976,182.9799260763595,-530.399550583687,0.38128984577947544,183.0,-531.0,-2.0908452574949554,-0.289530238437804,0.40427250056410236,-116.4851568082606,-116.4851568082606,BRAKE
43.296,183.36837593387762,-530.3908211750106,-1.807022460724791,-1.2598327615586689,0.1660107544511064,-0.5165394538638244,0.5425611283453354,182.98144488291447,-530.4198176486819,0.38801602245888434,183.0,-531.0,-2.114671153872007,-0.3076486931472162,0.45743887165466457,-97.5616324444393,-97.5616324444393,BRAKE
43.348,183.37769041007857,-530.4092673130043,-1.8115228017198153,-1.2155849763044961,0.17060058020734536,-0.45990734304595215,0.49052963432872226,182.98287152752053,-530.4388548979359,0.3959259718766457,183.0,-531.0,-2.139654826918328,-0.3281320251985129,0.5094703656712778,-97.5616324444393,-97.5616324444393,BRAKE
43.396,183.38670558463755,-530.4237744180363,-1.8170536603650052,-1.159297309879257,0.17662602496068353,-0.40472074717118856,0.4415831019006696,182.98400295945095,-530.4539528078025,0.4038318208624294,183.0,-531.0,-2.1618625980719117,-0.34480893770690657,0.5584168980993305,-78.39930530169819,-78.39930530169819,BRAKE
43.448,183.3968882196597,-530.4370670000754,-1.8218586951515017,-1.0912229282955908,0.1833438827196665,-0.35253778784809336,0.3973636510698357,182.9850504035362,-530.467929977762,0.4129926272720229,183.0,-531.0,-2.1848943910193666,-0.3630356958678649,0.6026363489301643,-78.39930530169819,-78.39930530169819,BRAKE
43.492,183.40656652187988,-530.4474331542572,-1.8267608186603896,-1.0138874003343994,0.18974447745659678,-0.30473610300966636,0.35898058332282395,182.98587695041127,-530.4789594793028,0.4218692033241237,183.0,-531.0,-2.2051330412497525,-0.37837222258936287,0.6410194166771761,-60.92463999752958,-60.92463999752958,BRAKE
43.548,183.4171635719439,-530.4569877607322,-1.8310244191722271,-0.9325133784008541,0.19466020885452726,-0.26238831823055864,0.3267112279294195,182.98664815065882,-530.489250431426,0.4317226052508137,183.0,-531.0,-2.2258690268225307,-0.3948446076503036,0.6732887720705805,-60.92463999752958,-60.92463999752958,BRAKE
43.596,183.42692138430726,-530.4646026244836,-1.8353792153939452,-0.8523119559712826,0.19767985090505125,-0.22607745503735646,0.30031373450112336,182.98727011228488,-530.4975499325429,0.44088407331095414,183.0,-531.0,-2.2439447727118025,-0.40856555731785726,0.6996862654988767,-47.63815792514791,-47.63815792514791,BRAKE
43.648,183.43729720804828,-530.4718735552216,-1.8391713972312733,-0.7792090967528188,0.19832917826819085,-0.1958893026642998,0.2787599000050787,182.98756921218921,-530.501541143393,0.4507054870392823,183.0,-531.0,-2.2623883564757103,-0.42321695924443703,0.7212400999949213,-47.63815792514791,-47.63815792514791,BRAKE
43.696,183.44665029003772,-530.4779676166585,-1.8436256057662723,-0.7167850795744182,0.19711352204736082,-0.17176391137583666,0.2614509166651394,182.98756921218921,-530.501541143393,0.45968592234399597,183.0,-531.0,-2.2785318262833965,-0.43490622051712413,0.7385490833348606,-39.444619777797364,-39.444619777797364,BRAKE
43.748,183.45650281187295,-530.4841149258729,-1.847246365684953,-0.6667614543577088,0.1944388401448189,-0.15302266210649565,0.24743160201360936,182.98756921218921,-530.501541143393,0.46925727907982967,183.0,-531.0,-2.295201743824806,-0.44795537813985287,0.7525683979863906,-39.444619777797364,-39.444619777797364,BRAKE
43.796,183.46539622648967,-530.4895052745759,-1.8504039511078425,-0.6277378342978902,0.19123306100773652,-0.13876935632882845,0.23627741719916026,182.98756921218921,-530.501541143393,0.4779785745548358,183.0,-531.0,-2.3100147037331733,-0.4596107526253308,0.7637225828008397,-35.48114298676024,-35.48114298676024,BRAKE
43.848,183.47486482843888,-530.4950855942973,-1.8529075114018616,-0.5968050814747994,0.18803246431316492,-0.127759925892319,0.227329730347116,182.9877111943285,-530.5072344474606,0.48730509730570803,183.0,-531.0,-2.3255343581391252,-0.47262684673726363,0.772670269652884,-35.48114298676024,-35.48114298676024,BRAKE
43.896,183.4835222579757,-530.4999809926057,-1.8564579867331255,-0.5697598154958925,0.18534819217613446,-0.11873956449588183,0.2201205045415646,182.98783858299416,-530.5123425717076,0.4958377902914327,183.0,-531.0,-2.339423254184103,-0.4829652674509777,0.7798794954584354,-33.87319782186362,-33.87319782186362,BRAKE
43.948,183.4928523369013,-530.5049147156304,-1.8593483869043903,-0.5421168718143853,0.18327493306766424,-0.11038846805005786,0.21395166503066868,182.98796734490261,-530.5175057612528,0.5050419681327333,183.0,-531.0,-2.3539342830519185,-0.49458589614752824,0.7860483349693314,-33.87319782186362,-33.87319782186362,BRAKE
43.996,183.50144061170758,-530.5090119525156,-1.861461238059434,-0.5098486151192175,0.1817515436230428,-0.10162818985358672,0.20823523376766837,182.98807479805436,-530.5218144966258,0.5135254265988481,183.0,-531.0,-2.3667264086862576,-0.5052651706268236,0.7917647662323316,-32.060432952522255,-32.060432952522255,BRAKE
44.048,183.5107045637456,-530.5128157069132,-1.8644615226900607,-0.4698974783185627,0.18049202668784553,-0.09166051646566022,0.20243275914890235,182.98817535671884,-530.5258467717873,0.5226916690055161,183.0,-531.0,-2.3797601572660834,-0.5152986345760227,0.7975672408510976,-32.060432952522255,-32.060432952522255,BRAKE
44.096,183.51920985920307,-530.5156296552548,-1.8667246287029864,-0.42004863538153747,0.1793375967244667,-0.08009770902651217,0.19641185450527995,182.98825077496863,-530.5288709481415,0.5311241671854017,183.0,-531.0,-2.390895781482931,-0.5241711527799444,0.80358814549472,0.0,0.0,BRAKE
44.148,183.52808758487916,-530.5180081217723,-1.86852383925622,-0.3684367296387126,0.17632336069071583,-0.06807242011953196,0.1890073593969249,182.98831557120988,-530.5314691953979,0.5399398366889988,183.0,-531.0,-2.4017985721738517,-0.5332747329176317,0.8109926406030751,0.0,0.0,BRAKE
44.196,183.53617630356672,-530.5198060862028,-1.8707502489071344,-0.31912357748704173,0.1735904248790881,-0.057357230384005364,0.18282091643744214,182.98836540923187,-530.5334676369962,0.5479812167602296,183.0,-531.0,-2.4112195951708535,-0.5404693462637191,0.8171790835625579,0.0,0.0,BRAKE
44.248,183.54488487738897,-530.5213673684069,-1.8731703151261334,-0.27184580335907765,0.17144917689807015,-0.0477908299693685,0.17798534683559442,182.98840973370068,-530.5352449920894,0.556648159955616,183.0,-531.0,-2.420834269734966,-0.5476639546088327,0.8220146531644056,0.0,0.0,BRAKE
44.296,183.5528928156314,-530.5225318487514,-1.874998517095846,-0.22882592845977387,0.1698331813347949,-0.039555041992272874,0.1743786421248537,182.98844373322677,-530.5366083300505,0.5646245778862113,183.0,-531.0,-2.429266331819379,-0.5542678147235327,0.8256213578751463,0.0,0.0,BRAKE
44.348,183.56151525175136,-530.523611072128,-1.8768775084842713,-0.1933351913995677,0.1684271955981444,-0.03297478079108253,0.1716247545818363,182.98847598983298,-530.5379017791297,0.5732174282125169,183.0,-531.0,-2.438028838948441,-0.5611513304641698,0.8283752454181637,0.0,0.0,BRAKE
44.392,183.56937432184014,-530.5245526959847,-1.8782549710567278,-0.16807801043018,0.16678339653617788,-0.028299614802256696,0.1691672827650195,182.98850434259217,-530.5390386888845,0.5810505802267485,183.0,-531.0,-2.445851144365209,-0.5675961733084811,0.8308327172349805,0.0,0.0,BRAKE
44.444,183.57770140959892,-530.5256322982929,-1.8798341313961713,-0.15478845620567147,0.16445691381717525,-0.025661303619029907,0.16644692549187518,182.98853642507183,-530.5403251557095,0.5893481645444141,183.0,-531.0,-2.454099967870508,-0.5742658364743367,0.8335530745081248,0.0,0.0,BRAKE
44.492,183.5851448378474,-530.5267717559976,-1.881459085165485,-0.15381710357525064,0.16117199162631954,-0.024988393116293382,0.1630976108817319,182.9885694500949,-530.5416494173331,0.59676087177265,183.0,-531.0,-2.4615469689728164,-0.5800878838073313,0.8369023891182681,0.0,0.0,BRAKE
44.548,183.59288699190986,-530.528229176747,-1.8828844808292102,-0.1645693897354394,0.15687244690065488,-0.026052018261769734,0.15902098054065184,182.98861058536264,-530.5432988895012,0.604464284926848,183.0,-531.0,-2.469468175274397,-0.586583694445187,0.8409790194593482,0.0,0.0,BRAKE
44.596,183.59971690941455,-530.5298110317765,-1.884352583564992,-0.18542155717541872,0.15176857229044677,-0.028468171460146637,0.15441546658727187,182.98865425490789,-530.545049982989,0.6112526428301086,183.0,-531.0,-2.476672968252425,-0.5923203846874332,0.8455845334127281,0.0,0.0,BRAKE
44.648,183.60679050104338,-530.5317795154059,-1.8859541656359637,-0.21378650810596458,0.1462602848751079,-0.03175372049321344,0.14966753053654905,182.98870771182865,-530.5471935378481,0.6182749602008015,183.0,-531.0,-2.4843886304645895,-0.5984344648286257,0.850332469463451,0.0,0.0,BRAKE
44.696,183.61306510123714,-530.5338003705335,-1.8869699042378374,-0.24611420121268832,0.1408214782483372,-0.03537532029285752,0.14519677001183315,182.98876197739665,-530.5493695184365,0.6244972288196481,183.0,-531.0,-2.4914429412125343,-0.6044730369746969,0.8548032299881668,0.0,0.0,BRAKE
44.748,183.61965605723216,-530.5361474330987,-1.8884200080234381,-0.2780548565231096,0.13589616467407298,-0.038791494686558264,0.14132426413443672,182.98882456964157,-530.5518793882293,0.6310276223336011,183.0,-531.0,-2.4990108563827813,-0.6105908483593432,0.8586757358655632,0.0,0.0,BRAKE
44.796,183.62561162813736,-530.5383846686688,-1.8893402860245339,-0.3053244947225674,0.13175854488857328,-0.04152764757808455,0.13814796294018877,182.98888402975768,-530.5542636636226,0.6369255663098295,183.0,-531.0,-2.5059049370073283,-0.6165646509827944,0.8618520370598113,0.0,0.0,BRAKE
44.848,183.63197815990736,-530.5407919181955,-1.8903981178695226,-0.3242981980561513,0.12849471032179413,-0.043195611971219,0.13556087737341443,182.9889479825503,-530.5568280896562,0.6432301048512797,183.0,-531.0,-2.5132233034507268,-0.6228251855812041,0.8644391226265855,0.0,0.0,BRAKE
44.892,183.63780231863225,-530.5429172242268,-1.89148983979241,-0.3329782006610442,0.1259893857448318,-0.04357417092620873,0.1333117912724395,182.98900457137506,-530.559097229901,0.6489994679732973,183.0,-531.0,-2.519777570351007,-0.6282877305585968,0.8666882087275605,0.0,0.0,BRAKE
44.948,183.64405759694841,-530.5450381330731,-1.8924502415489635,-0.33091543701414056,0.12399593555445328,-0.04259855910622399,0.13110922649436457,182.98906131856685,-530.5613727204628,0.6551999263117215,183.0,-531.0,-2.5265847239599615,-0.634134482410998,0.8688907735056355,0.0,0.0,BRAKE
44.996,183.64976753844533,-530.5467818313477,-1.8935905035109617,-0.31924071752454414,0.12223234819208156,-0.04040353000463265,0.12873691071866497,182.98910832561285,-530.5632576435057,0.6608646214518549,183.0,-531.0,-2.5325410147750542,-0.6389505112640925,0.871263089281335,0.0,0.0,BRAKE
45.048,183.6558597672609,-530.5484189077565,-1.894527605652952,-0.30014806645132325,0.1204564125834365,-0.03728107802357622,0.12609371955442927,182.98915291293477,-530.5650455386775,0.6669141432457527,183.0,-531.0,-2.5386041930197387,-0.6440765873667866,0.8739062804455707,0.0,0.0,BRAKE
45.092,183.66137763610126,-530.549709840718,-1.8952179260953648,-0.27658063521462994,0.11853112847360714,-0.03364575355977038,0.12321389998629036,182.989188516356,-530.566473190803,0.672398113181462,183.0,-531.0,-2.543844084581102,-0.6486261584857373,0.8767861000137096,0.0,0.0,BRAKE
45.148,183.66722982610253,-530.550914122033,-1.896013003438837,-0.2519723685527376,0.11643497390096519,-0.029975479433548054,0.12023157869124695,182.98922216795697,-530.5678225774066,0.6782184606505103,183.0,-531.0,-2.5491767703804595,-0.6531637669416226,0.8797684213087531,0.0,0.0,BRAKE
45.2,183.67251619784122,-530.5519058885335,-1.8968354138996626,-0.22974838995163077,0.11422919363024989,-0.026715692364860773,0.11731170826456754,182.98925017138504,-530.5689454794257,0.6834784638648035,183.0,-531.0,-2.553847472490995,-0.6570120585913324,0.8826882917354325,0.0,0.0,BRAKE
45.248,183.67812642301004,-530.552926464358,-1.8975605106237652,-0.21307531269179011,0.11201010680366391,-0.024234460394739442,0.11460180232785343,182.9892790941139,-530.5701052442433,0.6890615016133906,183.0,-531.0,-2.5587230436799526,-0.6611625330561874,0.8853981976721466,0.0,0.0,BRAKE
45.296,183.68320665860014,-530.5538842875385,-1.8983111473688032,-0.20409610810085713,0.10984995393353034,-0.022736526613975176,0.11217826002246041,182.9893061234528,-530.5711890865201,0.694116278980383,183.0,-531.0,-2.5631300724751687,-0.6648189251063654,0.8878217399775395,0.0,0.0,BRAKE
45.348,183.688608048822,-530.5549964042791,-1.8989735637624048,-0.20374555080391155,0.10775798116548699,-0.022264143437835435,0.11003397015413903,182.98933719785154,-530.5724351305761,0.6994882645132925,183.0,-531.0,-2.567867739711524,-0.6688941759491194,0.8899660298458609,0.0,0.0,BRAKE
45.396,183.6934958835019,-530.5561224099137,-1.899762727465838,-0.2114168428433324,0.10568314896510747,-0.022682150986493156,0.10808981426829806,182.98936829920737,-530.5736822555781,0.7043465078668331,183.0,-531.0,-2.572238315221099,-0.6724755877552611,0.891910185731702,0.0,0.0,BRAKE
45.448,183.69867187739342,-530.5574571620988,-1.9002660126127628,-0.22528702669639494,0.10353246725105811,-0.023727307079596485,0.10621655650764097,182.98940478224387,-530.575145179162,0.7094876166710147,183.0,-531.0,-2.576971521899674,-0.6767055092869112,0.893783443492359,0.0,0.0,BRAKE
45.496,183.7033245622604,-530.5587790595573,-1.9008945226419416,-0.2427095857567645,0.10122193086826926,-0.0250615852368103,0.10427829277123112,182.98944061964556,-530.5765822136082,0.7141058995817565,183.0,-531.0,-2.581315156024854,-0.6804206333829124,0.8957217072287689,0.0,0.0,BRAKE
45.548,183.708216729097,-530.5602711709641,-1.9014499640817946,-0.26066992242863046,0.09872230107984152,-0.026333087949917573,0.1021739900927676,182.98948084812724,-530.5781953248033,0.7189593464753121,183.0,-531.0,-2.585950081360739,-0.6845001172789444,0.8978260099072324,0.0,0.0,BRAKE
45.596,183.71259330759213,-530.5616602524606,-1.9020262888967114,-0.2763087667313323,0.09608204722896115,-0.02724522641222643,0.09987022660413764,182.9895181883419,-530.5796926201465,0.7232999338884999,183.0,-531.0,-2.5901201036433905,-0.6880938147466791,0.9001297733958624,0.0,0.0,BRAKE
45.648,183.71719571666156,-530.5631269333498,-1.902660105824982,-0.2870515786473974,0.09343108405078826,-0.027581287768869082,0.09741711811532215,182.98955760292438,-530.581273095014,0.7278643470772226,183.0,-531.0,-2.5944791802533005,-0.6918190744283186,0.9025828818846778,0.0,0.0,BRAKE
45.692,183.7213392540766,-530.5644045168684,-1.9030650708317334,-0.2910582810924746,0.09094349828439337,-0.02724355020601945,0.09493645721234473,182.9895920194371,-530.5826531536102,0.7319747455653693,183.0,-531.0,-2.5983320695778933,-0.6952669987461599,0.9050635427876552,0.0,0.0,BRAKE
45.748,183.72574838900215,-530.5656705035026,-1.9035333889118642,-0.2872391910733138,0.0887901435759783,-0.026229371517725274,0.09258331127399634,182.98962631200064,-530.5840282420014,0.7363509481299045,183.0,-531.0,-2.6023081873990095,-0.6987747984871453,0.9074166887260037,0.0,0.0,BRAKE
45.796,183.72977594611143,-530.5667102337908,-1.9040200545404133,-0.2756446720590751,0.08708119724623736,-0.02463045817130205,0.09049748274712595,182.98965472842457,-530.5851677046319,0.7403513322066316,183.0,-531.0,-2.6057963104344632,-0.7017762558940499,0.909502517252874,0.0,0.0,BRAKE
45.848,183.73411909573346,-530.5676881719212,-1.9044512131387823,-0.25736489996385825,0.0858355160506461,-0.022592073689067328,0.08875887341135517,182.98968180095926,-530.586253279005,0.7446687512255111,183.0,-531.0,-2.6093859314241254,-0.7049347182853432,0.9112411265886449,0.0,0.0,BRAKE
45.892,183.73811944575976,-530.5684568082611,-1.9048997388832822,-0.23441547923704967,0.08496230437470874,-0.020289487876322856,0.0873513393311408,182.9897034440139,-530.5871211381021,0.7486486952353971,183.0,-531.0,-2.6125347108899053,-0.7076349720066231,0.9126486606688592,0.0,0.0,BRAKE
45.948,183.74243829907783,-530.5691576711139,-1.905394466605591,-0.20930467620241325,0.08429470286902027,-0.017905513244195533,0.0861754276828057,182.9897235959162,-530.5879292038754,0.7529487331803801,183.0,-531.0,-2.615778980722721,-0.7103845141171299,0.9138245723171943,0.0,0.0,BRAKE
45.996,183.7463930922488,-530.5697016378837,-1.905711436009262,-0.18447736921423757,0.08362859040323053,-0.015605007971726934,0.08507207183693696,182.98973961122863,-530.5885713976324,0.7568887356626024,183.0,-531.0,-2.618629054947557,-0.7129176189382951,0.914927928163063,0.0,0.0,BRAKE
46.048,183.75061542318596,-530.5702052694947,-1.9060787511038237,-0.16205262036456894,0.08277811891601872,-0.013533083333134653,0.08387706072446806,182.98975478755548,-530.5891799491293,0.761097198338852,183.0,-531.0,-2.621571594091752,-0.7154928429879284,0.9161229392755319,0.0,0.0,BRAKE
46.092,183.75443162689163,-530.5706166181154,-1.9064613432223292,-0.1435073938434261,0.08163226264923977,-0.011795921192280803,0.08248011919249976,182.98976741149457,-530.5896861531073,0.7649019606940561,183.0,-531.0,-2.6241672977902764,-0.7177059545679472,0.9175198808075002,0.0,0.0,BRAKE
46.148,183.75845828308317,-530.5710320744594,-1.9068010505640063,-0.12979557859704344,0.0801634643189209,-0.01046368955153033,0.08084348959960665,182.9897802686147,-530.5902017073508,0.7689170077143391,183.0,-531.0,-2.626867478693226,-0.7200664281292195,0.9191565104003934,0.0,0.0,BRAKE
46.196,183.76206993258538,-530.5714099560558,-1.9071551762373693,-0.12123624801395862,0.07844119609420373,-0.009556784849479236,0.07902122108236849,182.98979193131856,-530.5906693670131,0.7725181138012774,183.0,-531.0,-2.629277252990249,-0.7221220767528795,0.9209787789176315,0.0,0.0,BRAKE
46.248,183.7658742590472,-530.5718316700335,-1.9074699063760419,-0.11761673755659885,0.0765928209542395,-0.009050369616979734,0.07712567284589573,182.98980480621066,-530.5911856338898,0.7763107441887922,183.0,-531.0,-2.6318215355063126,-0.7243516291302707,0.9228743271541042,0.0,0.0,BRAKE
46.296,183.76929938693817,-530.5722409608453,-1.9078477825818576,-0.11805635183468256,0.0747602244919717,-0.008867152420637778,0.07528424508581345,182.98981713579408,-530.5916800345778,0.7797246035852883,183.0,-531.0,-2.6341262130486376,-0.72627843046678,0.9247157549141866,0.0,0.0,BRAKE
46.348,183.7729354901479,-530.5727055335602,-1.908090554123419,-0.12108038545988425,0.07306791752363105,-0.008890580808440768,0.07360681353211512,182.98983097429468,-530.592234940935,0.7833479945095289,183.0,-531.0,-2.6365866875830952,-0.7284961334596762,0.9263931864678849,0.0,0.0,BRAKE
46.396,183.7762383376367,-530.573143936315,-1.9084416908883652,-0.12474548097271418,0.07157740932960809,-0.008975564278893977,0.07213796698315544,182.98984395343126,-530.5927553878843,0.7866388857299789,183.0,-531.0,-2.6388236477404345,-0.7303819568520693,0.9278620330168446,0.0,0.0,BRAKE
46.448,183.7797694218383,-530.5736095195141,-1.908667539146575,-0.12689403238267372,0.07029222895961271,-0.008967849852253018,0.07086197699107166,182.98985775184264,-530.5933086867149,0.79015726509584,183.0,-531.0,-2.641197175359417,-0.7325296362128417,0.9291380230089283,0.0,0.0,BRAKE
46.496,183.7829888161857,-530.5740081607704,-1.9089943812998016,-0.12563991297942842,0.0691646992736211,-0.008735861564564218,0.06971420875894435,182.98986968813628,-530.5937873169811,0.7933657203952593,183.0,-531.0,-2.643322379763505,-0.7343279984637034,0.9302857912410556,0.0,0.0,BRAKE
46.548,183.78643001822098,-530.5743801557705,-1.909204706715535,-0.1195424349239085,0.06811899130375067,-0.00818212251788786,0.06860862996109299,182.98988109818902,-530.5942448456533,0.7967965787503296,183.0,-531.0,-2.6455269223463382,-0.7363222156308031,0.931391370038907,0.0,0.0,BRAKE
46.596,183.78955872914688,-530.5746483051049,-1.9094694407014903,-0.10799290468265828,0.06709086151540408,-0.007273635199773386,0.06748399416082684,182.98988972587665,-530.5945908050059,0.7999176320681358,183.0,-531.0,-2.647450334302855,-0.7379808936013645,0.9325160058391732,0.0,0.0,BRAKE
46.648,183.79289165494905,-530.5748427575152,-1.90970548888099,-0.09115303943739474,0.06604221442269204,-0.0060366771796493985,0.06631753581990311,182.9898966437476,-530.5948682028755,0.8032446741038929,183.0,-531.0,-2.649397591976186,-0.739692103095196,0.9336824641800969,0.0,0.0,BRAKE
46.696,183.79591490945901,-530.5749296038904,-1.9099526116916545,-0.070024684458385,0.06497200350994195,-0.004557094986021003,0.06513162330855517,182.98990068728662,-530.5950303436716,0.8062648237917377,183.0,-531.0,-2.651065765978017,-0.7411131542863625,0.9348683766914448,0.0,0.0,BRAKE
46.748,183.79913626779128,-530.5749296775715,-1.9101731247591582,-0.04631986059529841,0.06391402182557844,-0.0029626076715401316,0.0639826478831252,182.98990269132406,-530.5951107030364,0.8094851790309358,183.0,-531.0,-2.6527424065193403,-0.7425692817601821,0.9360173521168748,0.0,0.0,BRAKE
46.796,183.8020660807584,-530.5748566122002,-1.910404213719158,-0.022138898464132698,0.06290733373857921,-0.0013929266538208304,0.06292275329926299,182.98990269131417,-530.5951107026392,0.8124159029296902,183.0,-531.0,-2.654186998582505,-0.7437827848633469,0.937077246700737,0.0,0.0,BRAKE
46.848,183.80519985469965,-530.5747193889802,-1.9106106217960488,0.00029388147428944535,0.06198247614998542,1.821550199547007e-05,0.06198247882658473,182.98990121907164,-530.5950516675776,0.8155521239073946,183.0,-531.0,-2.6556655829125275,-0.7450549611164787,0.9380175211734153,0.0,0.0,BRAKE
46.892,183.8080595922442,-530.5745600429992,-1.9108270862220478,0.019194915663318726,0.06114086242653124,0.001173737853932102,0.061152127671976975,182.9898990251404,-530.5949636937119,0.8184149451995727,183.0,-531.0,-2.6569737960269673,-0.7461467098049195,0.938847872328023,0.0,0.0,BRAKE
46.948,183.81112073987637,-530.5743733718432,-1.9110206152543434,0.033451025534383776,0.06034543887067514,0.0020193700783324386,0.060379217020491864,182.9898962753697,-530.5948534313867,0.8214797952130024,183.0,-531.0,-2.658350335426614,-0.7473297201722706,0.9396207829795081,0.0,0.0,BRAKE
46.996,183.8139067065746,-530.5742033920956,-1.9112237090330242,0.042836969829807205,0.059538875773944094,0.0025520262106808844,0.059593544668908136,182.9898937705622,-530.594752991777,0.8242691336953485,183.0,-531.0,-2.6595957576666756,-0.7483720486336514,0.9404064553310919,0.0,0.0,BRAKE
47.048,183.81687126063832,-530.5740326465906,-1.9114054023713314,0.047838566151989455,0.058653998528028925,0.002808065628209248,0.05872117825706795,182.98989135766885,-530.5946562378084,0.8272370231258471,183.0,-531.0,-2.6609232008422676,-0.7495177984709362,0.9412788217429321,0.0,0.0,BRAKE
47.096,183.81954781843075,-530.5738915024816,-1.9116250646064599,0.049479635622019125,0.05764166627966196,0.002854418452878397,0.057712298483079426,182.9898895035284,-530.594581889123,0.8299162678162141,183.0,-531.0,-2.6621275031333735,-0.7505024385269137,0.9422877015169205,0.0,0.0,BRAKE
47.148,183.82237415874113,-530.5737559870851,-1.9118089949782873,0.04895128633715948,0.05649052747855456,0.0027674948557688647,0.056558277224311164,182.98988788276776,-530.5945168986725,0.8327451081417082,183.0,-531.0,-2.6634052780506274,-0.7515962830723402,0.9434417227756888,0.0,0.0,BRAKE
47.196,183.82491259848788,-530.5736430523251,-1.9119466841880188,0.04744644018904212,0.05522829934783396,0.002622354280917535,0.055290521708775756,182.9898866458415,-530.5944672994947,0.8352855744373842,183.0,-531.0,-2.6645552582212315,-0.7526085740332127,0.9447094782912242,0.0,0.0,BRAKE
47.248,183.82759012759462,-530.5735276834562,-1.912147041959024,0.04598094214162749,0.053920225102185096,0.002481051515798071,0.0539772756972261,182.98988543469957,-530.5944187342369,0.8379651475455914,183.0,-531.0,-2.6657656578120728,-0.7536186158530487,0.9460227243027739,0.0,0.0,BRAKE
47.292,183.83000386656317,-530.5734216563026,-1.9123023544938056,0.04528476462157186,0.05264832629547893,0.002385798146980647,0.05270235568277147,182.98988429242473,-530.5943729304616,0.8403807796109123,183.0,-531.0,-2.6668494703623558,-0.7545471158685502,0.9472976443172285,0.0,0.0,BRAKE
47.348,183.83256876592387,-530.5733009850233,-1.9124658232029061,0.04586413524203018,0.05148515778902785,0.0023629793294162537,0.05153935529158609,182.98988287912732,-530.5943162590245,0.8429478901731863,183.0,-531.0,-2.6679879684992733,-0.7555221452963672,0.948460644708414,0.0,0.0,BRAKE
47.396,183.8349017244473,-530.5731797058746,-1.912588188982988,0.04791162375348288,0.050476508462841976,0.0024202636895445727,0.0505344989381144,182.98988130651964,-530.5942531994475,0.8452831471441971,183.0,-531.0,-2.669007644672709,-0.756419455689721,0.9494655010618855,0.0,0.0,BRAKE
47.448,183.83740035375436,-530.5730340303759,-1.9127314175785506,0.04791162375348288,0.04962742775997024,0.002553679562820347,0.049693086696044865,182.98987922885405,-530.5941698876871,0.8477846316232506,183.0,-531.0,-2.670079640324195,-0.7573482227456443,0.9503069133039551,0.0,0.0,BRAKE
47.496,183.83968274540234,-530.5728847181867,-1.9128822205184035,0.04791162375348288,0.04890026714384024,0.002748626428291664,0.048977454751969754,182.98987692615123,-530.594077552218,0.8500700363189713,183.0,-531.0,-2.6710389350580406,-0.7581567145396371,0.9510225452480302,0.0,0.0,HOLD
47.544,183.8421266995225,-530.5727074676901,-1.913017453191878,0.04791162375348288,0.04823486483692997,0.002979639367559057,0.04832680867383663,182.98987402756097,-530.5939613224183,0.8525176497917143,183.0,-531.0,-2.672044997447623,-0.7590275442557448,0.9516731913261633,0.0,0.0,HOLD
47.596,183.8443494668683,-530.572532206584,-1.9131816375084674,0.04791162375348288,0.04756034070701847,0.003214711153868831,0.047668861702063824,182.9898710410759,-530.5938415681475,0.8547440956420168,183.0,-531.0,-2.6729425882497324,-0.759760950741265,0.9523311382979361,0.0,0.0,HOLD
47.648,183.846712591503,-530.57233556216,-1.9132881092695462,0.04791162375348288,0.04681986803935593,0.003413130488627407,0.046944110418188786,182.9898676088932,-530.5937039419658,0.8571113882565763,183.0,-531.0,-2.673882869799632,-0.760594760530086,0.9530558895818112,0.0,0.0,HOLD
47.692,183.84884581205483,-530.5721555012542,-1.9134238916425679,0.04791162375348288,0.045987647415980853,0.0035314789223332534,0.04612304259516554,182.98986444712617,-530.5935771591088,0.8592484348079752,183.0,-531.0,-2.674725545414374,-0.7613016537718063,0.9538769574048345,0.0,0.0,HOLD
47.748,183.85110000711316,-530.5719724457367,-1.9135453995151368,0.04791162375348288,0.04506443755913025,0.0035275657441069357,0.04520229255911414,182.989861285915,-530.5934503985421,0.861506492922577,183.0,-531.0,-2.6756189586111896,-0.7620735590960528,0.9547977074408859,0.0,0.0,HOLD
47.796,183.85312841351873,-530.5718249387354,-1.9136916493741405,0.04791162375348288,0.04408234778739557,0.0033684896182633924,0.04421085962472623,182.9898588703409,-530.5933535370791,0.8635379463145288,183.0,-531.0,-2.6764356468979837,-0.7627439975238433,0.9557891403752737,0.0,0.0,HOLD
47.848,183.85527239841605,-530.5716993334516,-1.9137872500771957,0.04791162375348288,0.043084193639895234,0.0030349384309992,0.04319095498920977,182.98985707245868,-530.5932814442771,0.8656843962493403,183.0,-531.0,-2.67732371194369,-0.7635364618664944,0.9568090450107902,0.0,0.0,HOLD
47.892,183.85720650744653,-530.5716228471703,-1.913906816176491,0.04791162375348288,0.04210760421322729,0.0025304224485939893,0.042183567539341014,182.9898563683204,-530.5932532092237,0.8676198109798332,183.0,-531.0,-2.678156078682364,-0.7642492625058732,0.957816432460659,0.0,0.0,HOLD
47.944,183.85925831873,-530.5715884538689,-1.9140156606659924,0.04791162375348288,0.04118021099278551,0.0018762679660454403,0.04122293243924722,182.98985678641964,-530.5932699744744,0.8696718419722457,183.0,-531.0,-2.679079328186391,-0.7650636675203988,0.9587770675607528,0.0,0.0,HOLD
47.996,183.86111472498956,-530.57160289274,-1.9141327848290006,0.04791162375348288,0.040303432787853026,0.001114290743099986,0.04031883354395492,182.9898583001084,-530.5933306714783,0.8715273112562731,183.0,-531.0,-2.6799539961861876,-0.765821211357187,0.9596811664560451,0.0,0.0,HOLD
48.048,183.86308567514877,-530.5716664558764,-1.914236247016498,0.04791162375348288,0.03946324199905912,0.00029646017998422855,0.039464355534008407,182.989861109312,-530.5934433169858,0.8734960641357287,183.0,-531.0,-2.6809241828259625,-0.7666879358094645,0.9605356444659916,0.0,0.0,HOLD
48.096,183.86486673178075,-530.5717649149249,-1.9143482057946655,0.04791162375348288,0.03863797857426982,-0.0005252314445880973,0.03864154831753146,182.98986467019807,-530.5935861040107,0.8752741125310709,183.0,-531.0,-2.681835981397503,-0.7674877756028373,0.9613584516824686,0.0,0.0,HOLD
48.148,183.8667519207406,-530.5719079379028,-1.9144466771348674,0.04791162375348288,0.03780345791839665,-0.0013040550979845707,0.0378259433495923,182.98986940647077,-530.5937760225509,0.8771551498784821,183.0,-531.0,-2.682833891914936,-0.7683872147800688,0.9621740566504077,0.0,0.0,HOLD
48.196,183.86844975282224,-530.5720676180803,-1.914547413413484,0.04791162375348288,0.03695227324229504,-0.0020119704412172607,0.03700700640189052,182.98987444144024,-530.5939779184528,0.8788484733060672,183.0,-531.0,-2.6837583584478857,-0.7692109450344018,0.9629929935981095,0.0,0.0,HOLD
48.248,183.87024324828863,-530.5722653282493,-1.9146674160164567,0.04791162375348288,0.03609058170817484,-0.002638522308936867,0.03618690216099192,182.98988048368756,-530.5942202049221,0.8806364822705015,183.0,-531.0,-2.684758775755614,-0.7700913597391572,0.963813097839008,0.0,0.0,HOLD
48.292,183.8718584751515,-530.5724679224251,-1.9147358550803972,0.04791162375348288,0.03523657398538903,-0.003192288699272571,0.03538088259734765,182.98988653685774,-530.5944629293843,0.8822461562788413,183.0,-531.0,-2.6856797562105705,-0.7709439011301733,0.9646191174026524,0.0,0.0,HOLD
48.348,183.87356940652964,-530.5727089386813,-1.9148245368257284,0.04791162375348288,0.03441965736645753,-0.003697212456332828,0.03461765724556757,182.98989360710337,-530.5947464372845,0.8839505471667195,183.0,-531.0,-2.686676897269161,-0.7718523604434326,0.9653823427544325,0.0,0.0,HOLD
48.396,183.87511730897245,-530.5729530337564,-1.9149366947452242,0.04791162375348288,0.03365956593367846,-0.004183048019351043,0.03391849450632861,182.9899006527533,-530.595028958929,0.8854918830345221,183.0,-531.0,-2.687600535779438,-0.7726638410342137,0.9660815054936713,0.0,0.0,HOLD
48.448,183.87676465802176,-530.5732444768555,-1.9150234236395252,0.04791162375348288,0.03296664415030337,-0.004680617456241827,0.03329726424654745,182.9899089402653,-530.5953612776708,0.8871314541800477,183.0,-531.0,-2.688610041047042,-0.7735866174075168,0.9667027357534526,0.0,0.0,HOLD
48.496,183.87826041006204,-530.5735423381076,-1.9151053239035465,0.04791162375348288,0.03233484399143803,-0.005214306309634614,0.032752574345253097,182.9899172935131,-530.595696232333,0.8886193154266102,183.0,-531.0,-2.689554846399759,-0.7744495224962125,0.9672474256547469,0.0,0.0,HOLD
48.548,183.87985325081965,-530.5739001968556,-1.9151968849092829,0.04791162375348288,0.03173869215526994,-0.005797963751095023,0.03226392665789466,182.9899272024195,-530.5960935669368,0.8902027394344953,183.0,-531.0,-2.690595831258695,-0.775398946349412,0.9677360733421053,0.0,0.0,HOLD
48.596,183.88129586295076,-530.5742659368536,-1.9152750749177196,0.04791162375348288,0.031149196690302566,-0.006435530590833686,0.0318070512376849,182.9899372143768,-530.5964950337527,0.8916357850246719,183.0,-531.0,-2.6915745918006815,-0.7762995168829618,0.9681929487623151,0.0,0.0,HOLD
48.644,183.88282453131396,-530.5747025502093,-1.9153388245009542,0.04791162375348288,0.030536091831724968,-0.0071218386239664585,0.03135559742281051,182.9899490461941,-530.5969694746502,0.8931530931772318,183.0,-531.0,-2.692654352678004,-0.7773155281770496,0.9686444025771895,0.0,0.0,HOLD
48.692,183.88420023428566,-530.5751435186463,-1.9154379972385744,0.04791162375348288,0.02987962719259904,-0.007844589958943752,0.030892227384775366,182.98996089147886,-530.5974444555745,0.8945173749075038,183.0,-531.0,-2.6936679764870206,-0.7782299792484462,0.9691077726152246,0.0,0.0,HOLD
48.748,183.8856501344379,-530.5756622469958,-1.9155111482997962,0.04791162375348288,0.02918070100756138,-0.008590424286904987,0.030418887236743897,182.9899747208859,-530.5979989972924,0.8959538921481159,183.0,-531.0,-2.694783491310296,-0.7792723430105,0.9695811127632561,0.0,0.0,HOLD
48.796,183.88695103908992,-530.5761778702116,-1.9155823023586047,0.04791162375348288,0.028453218742610642,-0.009343528402039492,0.02994807472634206,182.98998838029732,-530.5985467224004,0.8972415376121089,183.0,-531.0,-2.695828357249399,-0.7802460548907943,0.9700519252736579,0.0,0.0,HOLD
48.848,183.88832253013274,-530.576774518993,-1.9156404496975938,0.04791162375348288,0.027725781893970316,-0.010089198720916015,0.029504421913708893,182.99000410297649,-530.599177181934,0.8985977275039898,183.0,-531.0,-2.6969763975815377,-0.7813359478839439,0.970495578086291,0.0,0.0,HOLD
48.896,183.88955809096,-530.5773582419981,-1.9157189524273381,0.04791162375348288,0.02703105592991318,-0.010814292747397692,0.029114032910480005,182.9900194190213,-530.5997913359441,0.8998183516783987,183.0,-531.0,-2.6980510734845504,-0.7823321210572123,0.97088596708952,0.0,0.0,HOLD
48.948,183.89086880683558,-530.5780230168834,-1.9157976105654664,0.04791162375348288,0.02639231244005033,-0.011503736629230196,0.028790451756926773,182.99003680182932,-530.6004883645425,0.9011120868621441,183.0,-531.0,-2.699230811359482,-0.7834332007940155,0.9712095482430733,0.0,0.0,HOLD
48.992,183.8920576053654,-530.5786631822697,-1.915851785449567,0.04791162375348288,0.025823325699335688,-0.01214530141702867,0.02853686206793679,182.99005349551973,-530.6011577603985,0.9022845561261059,183.0,-531.0,-2.7003330712546627,-0.7844812858050958,0.9714631379320632,0.0,0.0,HOLD
49.048,183.89332579064666,-530.5793810180982,-1.9159155618071912,0.04791162375348288,0.02532102417450487,-0.01272603322815797,0.028339128197071285,182.99007217432816,-530.601906756973,0.9035344510887755,183.0,-531.0,-2.701538962823305,-0.7856234010161136,0.9716608718029287,0.0,0.0,HOLD
49.096,183.89447901043997,-530.5800618423137,-1.915975549273978,0.04791162375348288,0.02486756003964142,-0.01323626483689549,0.02817080490787593,182.9900898592427,-530.6026158996605,0.9046703390219742,183.0,-531.0,-2.7026594598672884,-0.7866839105933103,0.9718291950921241,0.0,0.0,HOLD
49.148,183.89570906372532,-530.5808147714145,-1.9160363274210879,0.04791162375348288,0.024443118831037086,-0.013671364168012706,0.028006646646869766,182.9901093889782,-530.6033990173338,0.9058812389413085,183.0,-531.0,-2.7038772195508054,-0.7878408921297175,0.9719933533531302,0.0,0.0,HOLD
49.196,183.89682496622441,-530.5815204603816,-1.9161186383114173,0.04791162375348288,0.024024816296071526,-0.01403203542817819,0.027822469630096318,182.99012767040134,-530.6041320792617,0.9069792012837246,183.0,-531.0,-2.7050010009693213,-0.788882362657904,0.9721775303699037,0.0,0.0,HOLD
49.244,183.8980110762385,-530.5822937544218,-1.9161672972011463,0.04791162375348288,0.023599563379584597,-0.014325686760340762,0.02760733041897447,182.99014768037858,-530.6049344540212,0.9081456638781329,183.0,-531.0,-2.7062149571206384,-0.7900476599194921,0.9723926695810255,0.0,0.0,HOLD
49.296,183.89908450667525,-530.5830143559244,-1.916237842589487,0.04791162375348288,0.023166813131347733,-0.014566082350835872,0.027365525496765415,182.99016630706794,-530.6056813606871,0.9092007955794529,183.0,-531.0,-2.7073310175744716,-0.7910931749849845,0.9726344745032346,0.0,0.0,HOLD
49.348,183.90022450852618,-530.5838018098999,-1.9162941198461783,0.04791162375348288,0.02273151791662072,-0.014768124516828417,0.027107552610632288,182.9901866412944,-530.6064967374298,0.9103208113249694,183.0,-531.0,-2.7085349238776377,-0.7922408040314595,0.9728924473893678,0.0,0.0,HOLD
49.396,183.9012576317925,-530.5845353424419,-1.9163447737866586,0.04791162375348288,0.022308677129421257,-0.014947955721148773,0.026853648830395236,182.99020556521083,-530.6072555625245,0.9113353260042896,183.0,-531.0,-2.7096426990658364,-0.7932979252791779,0.9731463511696048,0.0,0.0,HOLD
49.448,183.9023586450242,-530.5853377510564,-1.9164211902365518,0.04791162375348288,0.02191130611674677,-0.015116998431755794,0.026620085975208485,182.99022624791795,-530.6080849129003,0.9124159924194489,183.0,-531.0,-2.710840635474777,-0.7944194452382252,0.9733799140247915,0.0,0.0,HOLD
49.496,183.90336019503903,-530.586085659314,-1.9164461281100247,0.04791162375348288,0.02154531783394719,-0.015279546692368156,0.026413353965183246,182.99024551049547,-530.6088573178772,0.9133985852642871,183.0,-531.0,-2.711945416163646,-0.7954992880536211,0.9735866460348167,0.0,0.0,HOLD
49.548,183.90443126600468,-530.5869031620354,-1.916497525249172,0.04791162375348288,0.021213588091637973,-0.015434127513046424,0.026234111607040575,182.99026655078185,-530.6097010067289,0.9144489424134611,183.0,-531.0,-2.7131415840258053,-0.7966440587766332,0.9737658883929594,0.0,0.0,HOLD
49.592,183.90540743529215,-530.5876627934879,-1.9165621125542363,0.04791162375348288,0.020906733314026017,-0.015571162224804043,0.026068229531269853,182.9902860897608,-530.6104844950519,0.9154058701523629,183.0,-531.0,-2.7142437585327968,-0.7976816459785605,0.9739317704687301,0.0,0.0,HOLD
49.644,183.90645101758855,-530.5884882353516,-1.9166117086427186,0.04791162375348288,0.020613488264529252,-0.01567711414446313,0.025897640941414165,182.99030731082868,-530.6113354330129,0.9164285492479396,183.0,-531.0,-2.715432855274309,-0.7988211466315904,0.9741023590585859,0.0,0.0,HOLD
49.692,183.90740082850658,-530.5892491456981,-1.9166618499953805,0.04791162375348288,0.020324471982578623,-0.015738428803486193,0.025705686191444633,182.99032686529864,-530.6121195425068,0.9173590949263573,183.0,-531.0,-2.71652265739546,-0.7998608074000797,0.9742943138085554,0.0,0.0,HOLD
49.748,183.90841399078948,-530.5900679194191,-1.9167227622138603,0.04791162375348288,0.020030268308209913,-0.01574095569049292,0.025475269077066483,182.99034790126953,-530.6129630583133,0.918351529704963,183.0,-531.0,-2.7176903225881444,-0.8009675603742841,0.9745247309229336,0.0,0.0,HOLD
49.796,183.90933468996266,-530.5908147566688,-1.916762668776846,0.04791162375348288,0.019733105871432004,-0.01567730947804002,0.025202648666427657,182.99036708690244,-530.6137323779071,0.9192533235389889,183.0,-531.0,-2.7187527810471797,-0.8019901122703337,0.9747973513335724,0.0,0.0,HOLD
49.848,183.91031722341532,-530.5916101261034,-1.9168311224343324,0.04791162375348288,0.019439724747774383,-0.015543699278407729,0.024889947479390242,182.9903875205326,-530.6145517406135,0.9202157224923958,183.0,-531.0,-2.71988385540703,-0.8030527329726975,0.9751100525206098,0.0,0.0,HOLD
49.896,183.9112118869358,-530.5923285198035,-1.9168457989160859,0.04791162375348288,0.01915940925624615,-0.015341691926990322,0.024544866555575542,182.99040598108635,-530.6152919854512,0.921092197883458,183.0,-531.0,-2.7209073062064575,-0.8040615072903716,0.9754551334444245,0.0,0.0,HOLD
49.948,183.91217058838538,-530.5930870302502,-1.9169122134491918,0.04791162375348288,0.018906414234862997,-0.015077458528799582,0.02418227150016932,182.99042548126957,-530.6160739181153,0.9220316911612408,183.0,-531.0,-2.721992487053655,-0.8050802736044631,0.9758177284998307,0.0,0.0,HOLD
50.0,183.91304788531247,-530.5937669676606,-1.9169552880626688,0.04791162375348288,0.018686126012666365,-0.014758224994422215,0.023811268558126743,182.99044297258538,-530.616775297739,0.922891764098662,183.0,-531.0,-2.722971493537926,-0.8060162054752571,0.9761887314418732,0.0,0.0,HOLD
50.048,183.91399190710237,-530.5944799747433,-1.9169906112994168,0.04791162375348288,0.018499974724904764,-0.014391932379991586,0.023438787990260192,182.99046132956687,-530.6175113894608,0.9238177167098203,183.0,-531.0,-2.7240067679186395,-0.8070161566192227,0.9765612120097398,0.0,0.0,HOLD
50.096,183.9148584262374,-530.5951151692844,-1.9170480557250127,0.04791162375348288,0.018343352264117346,-0.013986382909418673,0.023067238221650587,182.99047769905988,-530.6181677854104,0.9246681306758077,183.0,-531.0,-2.7249383838382566,-0.8078903281132439,0.9769327617783494,0.0,0.0,HOLD
50.148,183.91579125339274,-530.5957770390278,-1.9170865244769237,0.04791162375348288,0.018201823286455365,-0.013546041394369438,0.022689239925773607,182.99049477459047,-530.6188524925734,0.9255841670211359,183.0,-531.0,-2.7259201321779067,-0.808833607700983,0.9773107600742263,0.0,0.0,HOLD
50.196,183.91664598308188,-530.5963627882642,-1.917126355310277,0.04791162375348288,0.018063589119493025,-0.013076015088372155,0.022299673147138346,182.99050990443337,-530.6194591801228,0.9264240279112635,183.0,-531.0,-2.7267997564201667,-0.8096734011098896,0.9777003268528617,0.0,0.0,HOLD
50.248,183.91756338389942,-530.5969689655952,-1.9171589355577707,0.04791162375348288,0.01791614612266543,-0.012579449535762888,0.021891341724789386,182.99052558235707,-530.6200878450189,0.9273260311639533,183.0,-531.0,-2.7277222355776747,-0.810563300019904,0.9781086582752107,0.0,0.0,RECOVER
50.296,183.91840072247498,-530.597501382847,-1.9172203212414758,0.04791162375348288,0.017751088759892272,-0.012058851325572368,0.021459660935201942,182.99053937220071,-530.6206408002938,0.9281498359492234,183.0,-531.0,-2.7285441993034296,-0.8113238780619538,0.9785403390647981,-250.0,250.0,RECOVER
50.348,183.91987138407487,-530.5982550908626,-1.9178589798604027,0.04791162375348288,0.021436891539288662,-0.012911288082158663,0.0250248212542611,182.9905590708966,-530.6214306930651,0.9296012499788141,183.0,-531.0,-2.7298200352088573,-0.8119610553484546,0.9749751787457389,-250.0,250.0,RECOVER
50.396,183.92213035818938,-530.5992542938949,-1.9210096598732334,0.04791162375348288,0.03040566575218079,-0.015678192697105235,0.03420979736977265,182.99058537801807,-530.6224855753361,0.9318346111407149,183.0,-531.0,-2.7316299809760247,-0.8106203211027914,0.9657902026302273,-250.0,250.0,RECOVER
50.448,183.92549919098164,-530.6006539591602,-1.9256114910936841,0.04791162375348288,0.04243851884068018,-0.019611649154534096,0.04675087875057863,182.99062235565773,-530.6239683318814,0.9351675022158451,183.0,-531.0,-2.7342356038937843,-0.8086241128001002,0.9532491212494214,-250.0,250.0,RECOVER
50.496,183.92941078755945,-530.6022319827706,-1.93135156796928,-0.40802096066076576,0.056107095626291334,-0.024253994109349024,0.06112497370039628,182.9906641158613,-530.6256428631859,0.9390385417788546,183.0,-531.0,-2.7372017312886903,-0.8058501633194102,0.9388750262996037,-250.0,250.0,RECOVER
50.548,183.93446178801292,-530.6042463960619,-1.9371828682210153,-0.39433770477910224,0.07046673059395521,-0.029323647169869557,0.07632454653611813,182.99071746036435,-530.6277819102354,0.9440377515736708,183.0,-531.0,-2.7409850055578797,-0.8038021373368645,0.9236754534638819,-250.0,250.0,RECOVER
50.592,183.939824552672,-530.6063843489337,-1.9459701544211152,-0.38746066760450976,0.08490686719187993,-0.034649610351079274,0.09170480681960545,182.990774077611,-530.6300521901624,0.9493455487449942,183.0,-531.0,-2.7449696546842604,-0.7989995002631451,0.9082951931803945,-250.0,250.0,RECOVER
50.652,183.94633447194678,-530.6089996371459,-1.957800741285982,-0.3850489654731518,0.09900622802418033,-0.040125148156168446,0.10682818308915704,182.99084330446087,-530.6328280992159,0.9557882436754612,183.0,-531.0,-2.7497816136684747,-0.7919808723824928,0.8931718169108429,-250.0,250.0,RECOVER
50.692,183.952936057822,-530.6116877170566,-1.9665420021528137,-0.38575003115025,0.11249061188917008,-0.045681928983989886,0.12141242275359712,182.99091440246846,-530.6356790393264,0.9623207619673475,183.0,-531.0,-2.7546457707589966,-0.7881037686061829,0.8785875772464029,-250.0,250.0,RECOVER
50.748,183.96066996204067,-530.6148947095196,-1.9779635996956293,-0.38880605740280827,0.12517402227668742,-0.051278780032810826,0.1352702817864221,182.9909991370844,-530.63907679017,0.9699723098088668,183.0,-531.0,-2.760335135870803,-0.7823715361751737,0.8647297182135779,-250.0,250.0,RECOVER
50.796,183.96829385621447,-530.6181259114985,-1.991363070893595,-0.39371980879180557,0.13695400949717412,-0.05689205478418609,0.14830073032496802,182.99108440669713,-530.6424959937082,0.9775132782386643,183.0,-531.0,-2.7659419410827466,-0.7745788701891516,0.851699269675032,-250.0,250.0,RECOVER
50.848,183.9770235861796,-530.6219193926407,-2.0079497272912676,-0.40019164490698117,0.14777790401535412,-0.06251288175931023,0.1604561288982902,182.99118437728183,-530.6465046876133,0.9861457207375962,183.0,-531.0,-2.7723676603460237,-0.764417933054756,0.8395438711017098,-250.0,250.0,RECOVER
50.896,183.98547102832242,-530.625692590419,-2.0197071184895248,-0.4080027901308726,0.15765156990140286,-0.06814627361022581,0.17174962037610642,182.99128366689237,-530.6504860753181,0.9944964688326885,183.0,-531.0,-2.778597794026481,-0.7588906755369562,0.8282503796238936,-250.0,250.0,RECOVER
50.948,183.99499814800322,-530.6300765337587,-2.034380166915486,-0.4170140521503993,0.1665983644412775,-0.07380238878686628,0.1822136318313108,182.99139884914175,-530.6551047377235,1.003911332573223,183.0,-531.0,-2.7856452838821104,-0.7512651169666245,0.8177863681686892,-250.0,250.0,RECOVER
50.996,184.0041019723933,-530.6343999427828,-2.0509506164484965,-0.4271042626717217,0.17467098973116973,-0.07949641017882696,0.19191048404135377,182.99151225960316,-530.6596523536733,1.0129045417531766,183.0,-531.0,-2.7924064806742925,-0.741455864225796,0.8080895159586462,-250.0,250.0,RECOVER
51.044,184.014260928861,-530.6393871398914,-2.066848618689877,-0.4381935762749943,0.18191373493481772,-0.08524033946232959,0.20089430661317484,182.9916428694232,-530.6648896421337,1.0229360063605941,183.0,-531.0,-2.799988758719899,-0.7331401400300219,0.7991056933868251,-250.0,250.0,RECOVER
51.096,184.0238783499236,-530.6442735938364,-2.0846203164613315,-0.45018536676930704,0.18837095628898598,-0.0910366139995083,0.20921587478421072,182.99177063184152,-530.6700127533904,1.0324286154786368,183.0,-531.0,-2.8072088927095393,-0.7225885762482078,0.7907841252157892,-250.0,250.0,RECOVER
51.148,184.03452062384346,-530.6498759757949,-2.101527515105881,-0.4630135540579993,0.19407181143312435,-0.09688213920504118,0.21691015856773319,182.99191687427924,-530.6758768900324,1.0429279103306055,183.0,-531.0,-2.8152524121325793,-0.7137248970266983,0.7830898414322668,-250.0,250.0,RECOVER
51.196,184.0445175677756,-530.655332505946,-2.1232689769667403,-0.47658531787293584,0.19904106027013074,-0.10276058950207895,0.2240024161215066,182.99205908056268,-530.6815791819972,1.0527857119614927,183.0,-531.0,-2.8228652124475713,-0.6995962354808309,0.7759975838784934,-250.0,250.0,RECOVER
51.248,184.05549960474758,-530.6615514016463,-2.138072892204942,-0.49083290174489685,0.20329424571767174,-0.10865233500510404,0.23050787458127858,182.99222089951326,-530.6880679170885,1.0636092941470452,183.0,-531.0,-2.8312979210371516,-0.6932250288322095,0.7694921254187215,-250.0,250.0,RECOVER
51.292,184.06574668504965,-530.6675738002847,-2.157691991369336,-0.5056765265292303,0.20685955358571967,-0.11453734115816894,0.23645227304736574,182.99237736437428,-530.6943419599654,1.0737030469081268,183.0,-531.0,-2.839237559051247,-0.6815455676819107,0.7635477269526343,-250.0,250.0,RECOVER
51.348,184.07693483918692,-530.6744002101024,-2.176102108480857,-0.5210535917947283,0.20976359344697543,-0.12039626091025085,0.2418595145470965,182.9925544524744,-530.7014429686265,1.0847175364468837,183.0,-531.0,-2.8479910416538856,-0.6718889331730287,0.7581404854529035,-250.0,250.0,RECOVER
51.392,184.08731750246758,-530.6809781197654,-2.1963360869219817,-0.5369083691073574,0.21205325549538623,-0.12622149421817636,0.24677611061215118,182.99272484657507,-530.7082755563829,1.0949329807708361,183.0,-531.0,-2.8561993727764956,-0.6598632858545139,0.7532238893878488,-250.0,250.0,RECOVER
51.448,184.098600270369,-530.6884015757164,-2.2200951045608677,-0.5531968788829265,0.21377632310069608,-0.13200954014257793,0.2512505423021174,182.99291687362805,-530.7159755981429,1.1060271698929314,183.0,-531.0,-2.8652189879663617,-0.645123883405494,0.7487494576978826,-250.0,250.0,RECOVER
51.496,184.10902751048997,-530.6955272677795,-2.236063936928956,-0.569883749468272,0.214986569230896,-0.13776437238641223,0.25533947452106365,182.99310094778443,-530.7233567388172,1.116273520607756,183.0,-531.0,-2.873653883406887,-0.6375899464779313,0.7446605254789364,-250.0,250.0,RECOVER
51.548,184.12031771511533,-530.7035421595714,-2.2603755382063544,-0.5869467361157682,0.2157330319015984,-0.14349322911166357,0.2590965994650421,182.99330771978126,-530.7316480341625,1.127360399237728,183.0,-531.0,-2.88290255035223,-0.6225270121458757,0.740903400534958,-250.0,250.0,RECOVER
51.596,184.1307172221566,-530.7112123578554,-2.2800072731019694,-0.6043602262181598,0.216056209578532,-0.14919912807687505,0.26256554518127906,182.99350534739784,-530.7395726514357,1.1375654505760378,183.0,-531.0,-2.891536085117945,-0.6115288120159756,0.7374344548187209,-250.0,250.0,RECOVER
51.648,184.14194116068322,-530.7198150066946,-2.2964910133728385,-0.6221135381197541,0.21598227630910866,-0.1548818773599747,0.26577573180073155,182.99372672684297,-530.7484496869679,1.1485714305142034,183.0,-531.0,-2.9009871902476703,-0.6044961768748318,0.7342242681992684,-250.0,250.0,RECOVER
51.696,184.15224658786678,-530.7280246166753,-2.318097257698606,-0.6401843779516255,0.21553221948109685,-0.16053495972634968,0.2687482296291241,182.9939377397121,-530.7569110359251,1.1586689833298034,183.0,-531.0,-2.9097960908334035,-0.5916988331347977,0.7312517703708759,-250.0,250.0,RECOVER
51.748,184.16333242495818,-530.7372060413576,-2.3431664976155395,-0.6585643240275904,0.21471215385483033,-0.16614577456844867,0.2714879876162665,182.994173458119,-530.7663630456744,1.1695224754750058,183.0,-531.0,-2.919424063161351,-0.5762575655458115,0.7285120123837334,-250.0,250.0,RECOVER
51.796,184.17347703081083,-530.7459431161652,-2.3599987065295616,-0.6772357018456597,0.21353398434785006,-0.17170259060854737,0.27400463881685344,182.99439751700706,-530.7753475234776,1.1794461068828588,183.0,-531.0,-2.928383937535395,-0.5683852310058333,0.7259953611831466,-250.0,250.0,RECOVER
51.848,184.18435387950655,-530.7556875831369,-2.385410508890958,-0.6961902653557673,0.21200664835496102,-0.17719444235899307,0.276305427651392,182.99464713819023,-530.7853570169575,1.1900766385559869,183.0,-531.0,-2.9381628317376633,-0.5527523228467053,0.723694572348608,-250.0,250.0,RECOVER
51.896,184.19427517165963,-530.7649364734245,-2.4058267292546756,-0.715417318023603,0.2101470767136019,-0.18261621254715454,0.27840703104688286,182.994883814228,-530.7948474264925,1.1997642657602117,183.0,-531.0,-2.947251579355497,-0.5414248501008214,0.7215929689531171,-250.0,250.0,RECOVER
51.948,184.2048806123605,-530.7752279596701,-2.4228527906008557,-0.7349087418751319,0.20797837381210982,-0.18797015711636528,0.28033512790922355,182.99514690005049,-530.8053968349664,1.2101098362281153,183.0,-531.0,-2.957161344261683,-0.5343085536608272,0.7196648720907765,-250.0,250.0,RECOVER
51.996,184.2145272661868,-530.7849764027917,-2.448597870136312,-0.7546569440672695,0.20552612712782903,-0.19326299988705492,0.2821197902620593,182.99539585571642,-530.8153796420484,1.21951045627037,183.0,-531.0,-2.9663653477941576,-0.5177674776578458,0.7178802097379406,-250.0,250.0,RECOVER
52.048,184.22481200231928,-530.7958045561118,-2.4709474519286254,-0.7746504743958557,0.20281616814023687,-0.19850275111931454,0.2837917198598743,182.9956721175312,-530.8264573911352,1.2295220423692446,183.0,-531.0,-2.976396225905241,-0.5054487739766156,0.7162082801401257,-250.0,250.0,RECOVER
52.096,184.2341435975393,-530.8060451707964,-2.488263794460928,-0.79487463289302,0.1998733911036833,-0.20369793696998134,0.28538083677274556,182.99593314373953,-530.8369242116887,1.2385954315535863,183.0,-531.0,-2.985710235960346,-0.49744644149941797,0.7146191632272545,-250.0,250.0,RECOVER
52.148,184.24406738283784,-530.8174025757108,-2.509030212233948,-0.8153116003403609,0.19671241295766106,-0.20884773056976152,0.2869026803216817,182.99622237171639,-530.8485218874622,1.2482329844001814,183.0,-531.0,-2.9958586678613353,-0.4868284556273874,0.7130973196783184,-250.0,250.0,RECOVER
52.196,184.2530480804851,-530.8281267017938,-2.5315570983046727,-0.8359337963172012,0.19334732210031233,-0.21394777755892092,0.28836927451752453,182.996495230355,-530.8594631734925,1.2569435308034091,183.0,-531.0,-3.0052791059028046,-0.4737220075981319,0.7116307254824754,-250.0,250.0,RECOVER
52.248,184.262572602612,-530.840000632518,-2.552423695773054,-0.8567196861575676,0.18978311983488283,-0.21898674297978757,0.289780651830237,182.9967970835173,-530.8715671032214,1.266169067230822,183.0,-531.0,-3.015539673141626,-0.463115977368572,0.710219348169763,-250.0,250.0,RECOVER
52.296,184.27116689276457,-530.8511925153937,-2.575047285700706,-0.8776368667863825,0.1860257269217525,-0.2239488622385898,0.2911334126731683,182.99708135986424,-530.8829662249032,1.2744816647413604,183.0,-531.0,-3.0250593545720514,-0.4500120688713456,0.7088665873268317,-250.0,250.0,RECOVER
52.348,184.28025417079974,-530.8635620412223,-2.601265061343244,-0.8986654846993147,0.1820810938896894,-0.22882318430145304,0.2924270412016006,182.99739529295056,-530.8955545442952,1.2832577374515723,183.0,-531.0,-3.035422388623271,-0.434157327280027,0.7075729587983994,-250.0,250.0,RECOVER
52.396,184.28842858424494,-530.8752007580796,-2.618753296418275,-0.9197837650584555,0.1779578090662399,-0.23360071354712758,0.2936635407696765,182.99769044474536,-530.9073897576704,1.2911394488797483,183.0,-531.0,-3.045032293077205,-0.42627899665893,0.7063364592303235,-250.0,250.0,RECOVER
52.448,184.29704494253178,-530.8880430747013,-2.644994817648881,-0.9409759108733846,0.17366729513142748,-0.2382791333746755,0.2948512757307533,182.9980158684744,-530.9204388372915,1.2994329612104636,183.0,-531.0,-3.0554891510177526,-0.41049433336887153,0.7051487242692467,-250.0,250.0,RECOVER
52.496,184.30477159906897,-530.9001094973913,-2.662588649390358,-0.9622348861355733,0.1692239457524156,-0.2428657688085159,0.29600764428468396,182.99832140165867,-530.9326903312437,1.3068563918992513,183.0,-531.0,-3.065183855360857,-0.40259520597049914,0.703992355715316,-250.0,250.0,RECOVER
52.548,184.31289023392054,-530.9134069713316,-2.6836542228134515,-0.9835490971521502,0.16464022239386897,-0.24736497816965974,0.29714615133765215,182.99865785989283,-530.9461818805524,1.314640988109281,183.0,-531.0,-3.075732014555391,-0.3920777917419396,0.7028538486623479,-250.0,250.0,RECOVER
52.596,184.32014678936602,-530.925886910973,-2.7064702695143144,-1.0049140185375562,0.1599285280126361,-0.25178679569523876,0.2982846368131695,182.99897340695009,-530.9588349181362,1.3215841545586078,183.0,-531.0,-3.0855114846645826,-0.37904121515026823,0.7017153631868305,-250.0,250.0,RECOVER
52.648,184.32774521185058,-530.9396256770209,-2.73288712223848,-1.0263205041082213,0.1550967714696933,-0.256133880986092,0.29943208496973034,182.99932054014974,-530.9727545200491,1.3288376983754946,183.0,-531.0,-3.096152637549856,-0.36326551531137596,0.7005679150302697,-250.0,250.0,RECOVER
52.696,184.33451147979375,-530.9525055236552,-2.7504344149714366,-1.0477542412138428,0.1501502718741992,-0.2604025710159979,0.30059042422478754,182.99964574933313,-530.9857949966604,1.3352807597547154,183.0,-531.0,-3.106018257996961,-0.35558384302552426,0.6994095757752125,-250.0,250.0,RECOVER
52.748,184.34156772776734,-530.9666681641169,-2.7715759958981407,-1.069205399843177,0.14509165346357444,-0.264587135806304,0.30175808247498115,183.0,-531.0,1.341981735892917,183.0,-531.0,-3.1167523274554374,-0.34517633155729666,0.6982419175250189,-250.0,250.0,RECOVER
52.792,184.34782340868855,-530.9799288238042,-2.7945252087845636,-1.090651844233483,0.13992391480184702,-0.2686739484945558,0.3029263813752935,183.0,-531.0,1.3479728458402702,183.0,-531.0,-3.1267022068038433,-0.3321769980192797,0.6970736186247065,-250.0,250.0,RECOVER
52.848,184.3543157343608,-530.9944907423378,-2.815694481405905,-1.1120802088884716,0.13464889049205309,-0.27265097972810937,0.3040869619984369,183.0,-531.0,1.3543269399436793,183.0,-531.0,-3.137524748939791,-0.321830267533886,0.6959130380015631,-250.0,250.0,RECOVER
52.896,184.36004163847485,-531.0081072924341,-2.8421410942580585,-1.1334716851617916,0.12927316298484112,-0.27651048127577804,0.3052369520937262,183.0,-531.0,1.360065802296337,183.0,-531.0,3.135631662265727,-0.30541255065580053,0.6947630479062739,-250.0,250.0,RECOVER
52.948,184.3659510561315,-531.0230405323117,-2.859862569522486,-1.154810232231337,0.12380248247531284,-0.2802440043128612,0.3063719253135918,183.0,-531.0,1.3661453633768215,183.0,-531.0,3.1247264947275046,-0.2985962429295954,0.6936280746864082,-250.0,250.0,RECOVER
52.996,184.37113150082558,-531.0369872975731,-2.8863337777690066,-1.1760853969417446,0.11824568950325909,-0.2838537661675871,0.3074979734138493,183.0,-531.0,1.3716302901066229,183.0,-531.0,3.1146234462658757,-0.2822280831447035,0.6925020265861507,-250.0,250.0,RECOVER
53.048,184.37644328493056,-531.0522657783041,-2.9093433697968645,-1.197282492507354,0.11261209119137658,-0.2873408760061331,0.3086199314795901,183.0,-531.0,1.377435235578124,183.0,-531.0,3.103639269756608,-0.2702026676261138,0.6913800685204099,-250.0,250.0,RECOVER
53.096,184.3810664926233,-531.0665199965225,-2.9269622785155334,-1.2183948928138595,0.10690874870055746,-0.29070857724656685,0.30974337351014,183.0,-531.0,1.3826675547593326,183.0,-531.0,3.093464176257876,-0.26275885240617747,0.69025662648986,-233.75660987582873,233.75660987582873,RECOVER
53.148,184.3857619058277,-531.0820816970116,-2.9534563004878462,-1.239291988071289,0.10109442937739574,-0.29370279004085464,0.3106145723061357,183.0,-531.0,1.3881907162301392,183.0,-531.0,3.0824296003769094,-0.2472994063148306,0.6893854276938642,-233.75660987582873,233.75660987582873,RECOVER
53.196,184.3898031095865,-531.0965268230515,-2.971016092566043,-1.2599209810389829,0.09517848983647204,-0.2962358575670916,0.31115049129972716,183.0,-531.0,1.3931511443431766,183.0,-531.0,3.0722504127328425,-0.2399188018807008,0.6888495087002728,-220.36607873810402,220.36607873810402,RECOVER
53.248,184.3938616562095,-531.1122295544964,-2.991975449542952,-1.2802326762256133,0.08918315912553258,-0.29824476906690606,0.3112933956051464,183.0,-531.0,1.3983725503432798,183.0,-531.0,3.061248979983245,-0.22996087765338924,0.6887066043948535,-220.36607873810402,220.36607873810402,RECOVER
53.296,184.3973146532275,-531.1267518220532,-3.0145325646829098,-1.300211593273027,0.08314715668786153,-0.2997506341618289,0.3110689511116376,183.0,-531.0,1.4030517682958517,183.0,-531.0,3.0511292282046036,-0.21752351429207284,0.6889310488883624,-211.72030122824557,211.72030122824557,RECOVER
53.344,184.4007410965059,-531.1424939123817,-3.0351529627578704,-1.3198513195714012,0.07710825083624473,-0.3007942894166399,0.31052034859681343,183.0,-531.0,1.4079702179046232,183.0,-531.0,3.040213883332338,-0.20781846108937785,0.6894796514031866,-211.72030122824557,211.72030122824557,RECOVER
53.396,184.40361863963366,-531.1570209744754,-3.060638972787493,-1.3391564774977536,0.07110244835018943,-0.3014427825535628,0.30971488390942065,183.0,-531.0,1.412374196858696,183.0,-531.0,3.0301871574666746,-0.19235917692541804,0.6902851160905794,-188.0674737051367,188.0674737051367,RECOVER
53.448,184.40643032638644,-531.1726997990232,-3.082484435442339,-1.3579877230133632,0.06514140610978654,-0.30146835850129305,0.3084259618894367,183.0,-531.0,1.4169938191686435,183.0,-531.0,3.019411292231542,-0.18128957950570523,0.6915740381105633,-188.0674737051367,188.0674737051367,RECOVER
53.496,184.40875082313727,-531.1870844486399,-3.0989628876524917,-1.3762991039040842,0.05926220277946942,-0.30084250314730737,0.30662390705587944,183.0,-531.0,1.4211190916361736,183.0,-531.0,3.00956354353736,-0.17465887598973495,0.6933760929441206,-161.17865198790577,161.17865198790577,RECOVER
53.548,184.41097716805194,-531.2025182518355,-3.11850646875028,-1.3939710169013608,0.05350544565542849,-0.29942899470848217,0.30417191781444625,183.0,-531.0,1.425436849211633,183.0,-531.0,2.999035775855141,-0.1656430625741656,0.6958280821855538,-161.17865198790577,161.17865198790577,RECOVER
53.596,184.41277914748994,-531.2165947301039,-3.139249289944964,-1.4109775461559422,0.04791797307810795,-0.2972698339343127,0.3011071010641366,183.0,-531.0,1.4292859044611028,183.0,-531.0,2.9894660464196656,-0.15446997081495617,0.6988928989358634,-159.58230163974466,159.58230163974466,RECOVER
53.648,184.41447197587922,-531.2316738717866,3.1252054633332498,-1.427443414924137,0.04254071973631529,-0.29471961492156723,0.29777401541303194,183.0,-531.0,1.4333191387183342,183.0,-531.0,2.979245910588662,-0.14595955274458783,0.702225984586968,-159.58230163974466,159.58230163974466,RECOVER
53.696,184.41580679822536,-531.245447670583,3.1052647757455842,-1.443460517881626,0.03738454743585935,-0.2920016992558404,0.29438511639565323,183.0,-531.0,1.436924997658455,183.0,-531.0,2.9699363623127586,-0.13532841343282564,0.7056148836043468,0.0,0.0,RECOVER
53.748,184.41704036659277,-531.2598429644921,3.0834465420566293,-1.4575622659380798,0.03260281984472852,-0.28669250582795425,0.28854035551329626,183.0,-531.0,1.4406671255878065,183.0,-531.0,2.960237219058173,-0.1232093229984561,0.7114596444867037,0.0,0.0,RECOVER
53.796,184.41802826758519,-531.2724182159448,3.069980583582805,-1.469024281857765,0.02839527763542215,-0.2780446706302826,0.27949084181399403,183.0,-531.0,1.4439583969246361,183.0,-531.0,2.951794466802237,-0.118186116780568,0.7205091581860059,-63.21611168088241,144.01473060108842,RECOVER
53.848,184.41862312640512,-531.2855513309555,3.0546169232824667,-1.4875307230116248,0.022460787904910583,-0.2691250023282604,0.2700606485060264,183.0,-531.0,1.4470767558709217,183.0,-531.0,2.942959265314614,-0.11165765796785276,0.7299393514939736,-63.21611168088241,144.01473060108842,RECOVER
53.896,184.41848665674627,-531.2974143910808,3.0384647547512307,-1.5188052823354268,0.01360442087570553,-0.26143273159352487,0.2617864653029552,183.0,-531.0,1.4493307819090722,183.0,-531.0,2.9349163436450043,-0.10354841110622637,0.7382135346970449,-43.228304239753996,120.72193113241245,RECOVER
53.948,184.41759988713187,-531.309918713915,3.023958400002999,-1.5594851656068498,0.002874231933846827,-0.254094986919568,0.2541112425432314,183.0,-531.0,1.4510820270511906,183.0,-531.0,2.9263569830104696,-0.09760141699252944,0.7458887574567685,-43.228304239753996,120.72193113241245,RECOVER
53.996,184.4160846653021,-531.3211458005844,3.00873902528091,-1.6079423039166632,-0.00918024175179084,-0.2470259151292271,0.24719643926248905,183.0,-531.0,1.452043527080628,183.0,-531.0,2.918580518329154,-0.09015850695175587,0.752803560737511,-35.14230576654634,100.4168240244804,RECOVER
54.048,184.4137132852868,-531.3329396635978,2.9952040698819955,-1.6619309486729361,-0.02192836878004233,-0.23994861511646398,0.24094852407446388,183.0,-531.0,1.4523890913226496,183.0,-531.0,2.910300087585914,-0.08490398229608154,0.7590514759255361,-35.14230576654634,100.4168240244804,RECOVER
54.092,184.41086791496772,-531.3434885391006,2.978991632697671,-1.7199722839443976,-0.03500093161697898,-0.23288548370001677,0.23550098456746887,183.0,-531.0,1.4520787340839414,183.0,-531.0,2.9027796053294033,-0.0762120273682676,0.7644990154325311,-31.427579064410324,86.13770894077241,RECOVER
54.148,184.4071144575329,-531.3545341254508,2.9684925819960526,-1.780387630300332,-0.04801426136226765,-0.22572085714659673,0.23077104377533694,183.0,-531.0,1.451091155891757,183.0,-531.0,2.8947717630484426,-0.07372081894760996,0.769228956224663,-31.427579064410324,86.13770894077241,RECOVER
54.196,184.40307409378698,-531.3643756752125,2.955448413697696,-1.841664166567657,-0.06067025553287326,-0.21847985749134413,0.22674727790176927,183.0,-531.0,1.4496159992710935,183.0,-531.0,2.8875074003726136,-0.06794101332508262,0.7732527220982307,-27.465242503152027,74.91927305582031,RECOVER
54.248,184.39813985828408,-531.3746367995675,2.943831134496844,-1.902269825483037,-0.07264686659666424,-0.21107716745108657,0.2232288911532008,183.0,-531.0,1.4474625366180678,183.0,-531.0,2.8797890258607586,-0.06404210863608562,0.7767711088467992,-27.465242503152027,74.91927305582031,RECOVER
54.296,184.39313697585501,-531.3837451799302,2.9317702057462,-1.96080762865713,-0.08369981433312157,-0.20361543232126605,0.22014745785217485,183.0,-531.0,1.4450228360182127,183.0,-531.0,2.87280439323956,-0.0589658125066399,0.7798525421478252,-23.319112325274713,66.33868102099457,RECOVER
54.348,184.38731228955146,-531.3932211396877,2.9210362378095365,-2.0161046213211065,-0.09360949866737979,-0.19613052937686476,0.21732446432559632,183.0,-531.0,1.441963332903385,183.0,-531.0,2.8653959999587686,-0.05564023785076788,0.7826755356744037,-23.319112325274713,66.33868102099457,RECOVER
54.396,184.38163256874293,-531.4016234889923,2.90815253188628,-2.067301622755168,-0.10226080502932629,-0.18875197444071437,0.2146731937166678,183.0,-531.0,1.4388224289055043,183.0,-531.0,2.858701067142868,-0.04945146474341211,0.7853268062833322,-18.498229314692264,60.05029872170458,RECOVER
54.448,184.3752191623574,-531.4103687239856,2.897543973524373,-2.1140707419277063,-0.10963668163313423,-0.1815509419951112,0.2120871200682339,183.0,-531.0,1.4351411896188384,183.0,-531.0,2.8516021739226094,-0.04594179960176348,0.7879128799317661,-18.498229314692264,60.05029872170458,RECOVER
54.496,184.36910814477974,-531.418136102424,2.888108568767811,-2.1563895952522585,-0.11582334623201819,-0.1746452467436036,0.209561470081015,183.0,-531.0,1.4315358578298232,183.0,-531.0,2.845182124874604,-0.0429264438932071,0.790438529918985,-8.275229591995675,51.49171840376057,RECOVER
54.548,184.3623192233826,-531.4262124521772,2.8782789946746643,-2.195237558975159,-0.12097983830082987,-0.1678794567990861,0.20692905376106846,183.0,-531.0,1.4274350145588648,183.0,-531.0,2.8383816793028633,-0.03989731537180097,0.7930709462389316,-8.275229591995675,51.49171840376057,RECOVER
54.596,184.35590840031344,-531.4333826318571,2.869631779115151,-2.2312442407869852,-0.1253824797748307,-0.16140420708505468,0.20438220152264003,183.0,-531.0,1.4234844908308268,183.0,-531.0,2.832229639019624,-0.03740214009552689,0.79561779847736,-6.460294553588081,51.10657595007086,RECOVER
54.648,184.348806638988,-531.4408530516373,2.860622614210823,-2.265421486039918,-0.12929892846711036,-0.1551944062031059,0.20199880351001478,183.0,-531.0,1.4190245813642741,183.0,-531.0,2.8256913499335425,-0.03493126427728033,0.7980011964899852,-6.460294553588081,51.10657595007086,RECOVER
54.696,184.34209247636196,-531.4474858984812,2.8540622539285008,-2.2987217754109652,-0.13300173931859421,-0.14924087226878524,0.19990572932589792,183.0,-531.0,1.4147281874787454,183.0,-531.0,2.8197604634305713,-0.034301790497929474,0.8000942706741021,-2.9899525953053256,48.70637211356296,RECOVER
54.748,184.3346293869087,-531.4543656087056,2.8444811087847737,-2.3325241064032882,-0.1366834634156176,-0.14331230886997257,0.1980423869905907,183.0,-531.0,1.4098523705603754,183.0,-531.0,2.8134568520103262,-0.031024256774447423,0.8019576130094093,-2.9899525953053256,48.70637211356296,RECOVER
54.796,184.32753868417055,-531.4604349895938,2.8371851197595173,-2.3674849584161786,-0.14054729201909097,-0.1374089030746001,0.19655723832528904,183.0,-531.0,1.405118976318898,183.0,-531.0,2.8077414818844746,-0.029443637875042672,0.803442761674711,-1.3299507482438955,46.21134346001485,RECOVER
54.848,184.31962050391175,-531.4666864813018,2.8313241051302285,-2.404186307621142,-0.1446511838620128,-0.13139313503377154,0.1954178111807743,183.0,-531.0,1.399712308359901,183.0,-531.0,2.8016680597943897,-0.029656045335838765,0.8045821888192257,-1.3299507482438955,46.21134346001485,RECOVER
54.892,184.31207393363303,-531.4721587160608,2.823949792809043,-2.4425201008969135,-0.14905034445930518,-0.12530724955589062,0.19472522172204548,183.0,-531.0,1.3944432080480822,183.0,-531.0,2.796163856794226,-0.027785936014816937,0.8052747782779546,-4.520461329415255,46.25023839693659,RECOVER
54.948,184.30363032137933,-531.4777879600559,2.817441101633224,-2.4814298756177973,-0.1537147294522984,-0.11933885448634268,0.1946021074929708,183.0,-531.0,1.3884283739516372,183.0,-531.0,2.7902897460607523,-0.027151355572471836,0.8053978925070292,-4.520461329415255,46.25023839693659,RECOVER
54.996,184.29559770242025,-531.482695807845,2.810685112725519,-2.520706155971653,-0.15848575405393409,-0.11335664554434433,0.1948524142193527,183.0,-531.0,1.3825948970785782,183.0,-531.0,2.78495750230799,-0.0257276104175288,0.8051475857806473,-2.9533515059854984,41.34516749687906,RECOVER
55.048,184.28665734595526,-531.4877039777623,2.804639766482825,-2.5595677402876493,-0.1631912163417205,-0.10739065558596125,0.19535640762020778,183.0,-531.0,1.3759877527891753,183.0,-531.0,2.7792784058905187,-0.025361360592306426,0.8046435923797922,-2.9533515059854984,41.34516749687906,RECOVER
55.096,184.27820772547406,-531.4920552356242,2.7973456766973817,-2.597147964783413,-0.16768610663087502,-0.10153184804065538,0.19602894307619964,183.0,-531.0,1.3696471605368907,183.0,-531.0,2.774121108258219,-0.023224568439162763,0.8039710569238003,-3.8340264082189783,39.10225822809845,RECOVER
55.148,184.26887131164926,-531.4965077761008,2.7927642482527664,-2.63227518131864,-0.17183721620774656,-0.09596472366483524,0.1968178270942346,183.0,-531.0,1.3625543575413994,183.0,-531.0,2.768609774044907,-0.024154474207859433,0.8031821729057654,-3.8340264082189783,39.10225822809845,RECOVER
55.196,184.26012098317682,-531.5003910482321,2.7859821610673796,-2.6646185574632915,-0.1754986689799431,-0.09069259633998306,0.19754728508541633,183.0,-531.0,1.3558377828462238,183.0,-531.0,2.7635908262192648,-0.02239133484811484,0.8024527149145837,-4.296533933081186,37.97071174747169,RECOVER
55.248,184.25053381681445,-531.5043789738902,2.780401923166716,-2.6937883614777287,-0.17860313919903867,-0.08579199493489605,0.19813971769097788,183.0,-531.0,1.3484186947306291,183.0,-531.0,2.7582180828539573,-0.02218384031275855,0.8018602823090222,-4.296533933081186,37.97071174747169,RECOVER
55.296,184.2416177582354,-531.5078712676033,2.7761321653036752,-2.7199690827079857,-0.1811049676182641,-0.08122943836545757,0.1984873571620625,183.0,-531.0,1.3414722814961413,183.0,-531.0,2.7533175883679637,-0.02281457693571154,0.8015126428379376,-1.6710745096160018,35.78425821345539,RECOVER
55.348,184.23191741240112,-531.5114464262788,2.7712529664059384,-2.743969700389097,-0.1830090182211297,-0.07686270294583397,0.1984947753831352,183.0,-531.0,1.3338657945724524,183.0,-531.0,2.7480835192084125,-0.023169447197525894,0.8015052246168648,-1.6710745096160018,35.78425821345539,RECOVER
55.396,184.22293677565875,-531.5145726010624,2.7654211291281916,-2.765863226718444,-0.1844396714234753,-0.0727557813783534,0.19827101684001697,183.0,-531.0,1.3267853326829862,183.0,-531.0,2.743312043736787,-0.022109085391404548,0.801728983159983,-5.231209045182727,40.25263559496686,RECOVER
55.448,184.21317547985225,-531.5177979348651,2.7616260294546393,-2.785634872848176,-0.18558681589207654,-0.06900023541469899,0.1979987341379823,183.0,-531.0,1.3190562710761633,183.0,-531.0,2.7381881703548068,-0.023437859099832536,0.8020012658620177,-5.231209045182727,40.25263559496686,RECOVER
55.496,184.20413455518172,-531.5206198144546,2.7560399642788918,-2.80428683877875,-0.1865548393857893,-0.0654263583590674,0.1976950087037777,183.0,-531.0,1.3118631857725835,183.0,-531.0,2.733504434323912,-0.02253552995497987,0.8023049912962223,-4.039673901909659,40.49189402996793,RECOVER
55.548,184.19429521332222,-531.5234973732989,2.7525185789932474,-2.8227267144918633,-0.18748698503973105,-0.06189531746284119,0.19743961072468266,183.0,-531.0,1.303990243987759,183.0,-531.0,2.728484397304938,-0.024034181688309175,0.8025603892753174,-4.039673901909659,40.49189402996793,RECOVER
55.596,184.18514977349312,-531.5259896482243,2.7472060672614473,-2.841211208387073,-0.18855203902966056,-0.05840479434794521,0.19739045423998702,183.0,-531.0,1.2966283567969177,183.0,-531.0,2.723892372459449,-0.02331369480199852,0.802609545760013,-4.80633205017843,41.539087937230406,RECOVER
55.648,184.17514923063587,-531.528515037557,2.743771970942615,-2.8598280218626404,-0.18987017152388636,-0.05496092914262801,0.19766483189159118,183.0,-531.0,1.2885277875109764,183.0,-531.0,2.7189525422392715,-0.024819428703343416,0.8023351681084088,-4.80633205017843,41.539087937230406,RECOVER
55.696,184.1658111692152,-531.5306842338616,2.7393523327530422,-2.878683377985909,-0.1915056426828633,-0.05154166033067173,0.19832033160777757,183.0,-531.0,1.2809142978108312,183.0,-531.0,2.714417862067323,-0.0249344706857193,0.8016796683922225,-6.304693711843914,41.88096303534073,RECOVER
55.748,184.1555610784716,-531.5328674611596,2.7353900300183307,-2.8974437799486847,-0.19346966313345504,-0.04819687833621927,0.19938267134916438,183.0,-531.0,1.2725050637389161,183.0,-531.0,2.7095191065070274,-0.025870923511303268,0.8006173286508356,-6.304693711843914,41.88096303534073,RECOVER
55.792,184.14596927542814,-531.5347255309763,2.7312150549319307,-2.9161726146249887,-0.19569551156200587,-0.044876396664941684,0.20077505876762772,183.0,-531.0,1.2645856925108625,183.0,-531.0,2.7050085826702763,-0.0262064722616544,0.7992249412323723,-8.6140166251982,42.02734246592861,RECOVER
55.848,184.13543614543826,-531.5365812403652,2.726392776026394,-2.934313299732955,-0.19809814975488643,-0.04166000948830879,0.20243130520469257,183.0,-531.0,1.2558402238658986,183.0,-531.0,2.7001229555359734,-0.026269820490420592,0.7975686947953075,-8.6140166251982,42.02734246592861,RECOVER
55.896,184.12559455326183,-531.53814573033,2.7226247492293094,-2.951969074784539,-0.20052540696046497,-0.0384867454943225,0.2041853775749009,183.0,-531.0,1.2476233107012504,183.0,-531.0,2.6956187775491816,-0.02700597168012786,0.795814622425099,-9.3590775408315,40.699694575952044,RECOVER
55.948,184.1148218535044,-531.539689629049,2.719605789518104,-2.968781109660561,-0.20285007058398757,-0.03540801056443219,0.20591716380151434,183.0,-531.0,1.2385849428900833,183.0,-531.0,2.6907425868814845,-0.028863202636619345,0.7940828361984856,-9.3590775408315,40.699694575952044,RECOVER
55.996,184.1047980204602,-531.5409789910234,2.715576566160486,-2.984717597925091,-0.20494299516011832,-0.03241680459678095,0.20749091663363523,183.0,-531.0,1.2301369577171009,183.0,-531.0,2.6862485859265948,-0.02932798023389127,0.7925090833663648,-14.74502256681199,44.45353920492357,RECOVER
56.048,184.09386844869786,-531.5422608638366,2.7119291849275946,-2.9989407492360405,-0.20677737217756534,-0.029698913077100736,0.20889927496911176,183.0,-531.0,1.2208992700077805,183.0,-531.0,2.6813687413544027,-0.030560443573191876,0.7911007250308882,-14.74502256681199,44.45353920492357,RECOVER
56.1,184.08373668032976,-531.5433487368523,2.707946870543476,-3.011562583192444,-0.2082827695994588,-0.027236700905890344,0.21005606391689377,183.0,-531.0,1.2123172200918213,183.0,-531.0,2.6768528326728287,-0.031094037870647462,0.7899439360831062,-15.296682153244252,45.00213361925303,RECOVER
56.148,184.07272952760624,-531.5444383466375,2.7043191892379306,-3.022628163529767,-0.20947040510950865,-0.025037767604959738,0.21096146667906354,183.0,-531.0,1.2029803625528301,183.0,-531.0,2.671942223920411,-0.032376965317519435,0.7890385333209364,-15.296682153244252,45.00213361925303,RECOVER
56.196,184.06255025500843,-531.5453742602061,2.700438876254691,-3.0322343293555276,-0.21037962601354268,-0.02309891871413903,0.2116439157815799,183.0,-531.0,1.1943392014473395,183.0,-531.0,2.6673861665311223,-0.033052709723568885,0.7883560842184201,-16.590180412663404,47.16835099753608,RECOVER
56.248,184.05150289556798,-531.5463255626062,2.6958685802357865,-3.040484837423589,-0.21110398391185825,-0.02141729408753537,0.21218763514750355,183.0,-531.0,1.1849598979479397,183.0,-531.0,2.6624147405566734,-0.033453839679113084,0.7878123648524964,-16.590180412663404,47.16835099753608,RECOVER
56.296,184.0412837595353,-531.5471529307052,2.6922400138158764,-3.047627831148994,-0.2117321231142989,-0.019954133545928253,0.2126703068226906,183.0,-531.0,1.1762857635163777,183.0,-531.0,2.6577851380210538,-0.03445487579482265,0.7873296931773094,-16.191883393210876,47.97235272968932,RECOVER
56.348,184.0301815240009,-531.5479917378005,2.688345533335062,-3.0541506129019536,-0.21235246535195232,-0.0186160037924902,0.2131668950335725,183.0,-531.0,1.166862852733986,183.0,-531.0,2.652723016494014,-0.03562251684104778,0.7868331049664274,-16.191883393210876,47.97235272968932,RECOVER
56.4,184.019892793457,-531.548709936772,2.6847033401720832,-3.0603954568704617,-0.21305109602818031,-0.017337269965002525,0.21375535185966288,183.0,-531.0,1.1581294853589499,183.0,-531.0,2.6480033621696584,-0.03669997800242486,0.7862446481403371,-19.033489801650404,51.25669621174394,RECOVER
56.448,184.00868669768928,-531.5494270673668,2.681655465181382,-3.066486884016984,-0.21390885700863643,-0.01609606601922667,0.21451359501914224,183.0,-531.0,1.1486161049064905,183.0,-531.0,2.6428311442643793,-0.03882432091700272,0.7854864049808578,-19.033489801650404,51.25669621174394,RECOVER
56.496,183.99827497249495,-531.5500257634311,2.6776222083636343,-3.0727216447005548,-0.21495958659760592,-0.014827935048339128,0.21547039594341355,183.0,-531.0,1.1397724602515078,183.0,-531.0,2.6380002602273582,-0.039621948136276064,0.7845296040565864,-23.151610992424544,54.88869716430026,RECOVER
56.548,183.98690803166716,-531.5506081575444,2.673905022559908,-3.0789729079633656,-0.21623198686016537,-0.013558118159268742,0.21665662858430024,183.0,-531.0,1.130113625315422,183.0,-531.0,2.632695021253099,-0.041210001306809296,0.7833433714156998,-23.151610992424544,54.88869716430026,RECOVER
56.596,183.97632723608913,-531.551080429938,2.6698688285298235,-3.085353018415017,-0.2177024258821828,-0.012256429673585537,0.21804716531826512,183.0,-531.0,1.1211175282681536,183.0,-531.0,2.6277289310121708,-0.04213989751765279,0.7819528346817348,-24.883947445793087,55.633473735508886,RECOVER
56.648,183.96476450503374,-531.5515239298484,2.666052495899479,-3.0917018297573593,-0.2193326512347107,-0.010951774838432033,0.2196059044510392,183.0,-531.0,1.1112826802251499,183.0,-531.0,2.6222668978162225,-0.04378559808325644,0.7803940955489608,-24.883947445793087,55.633473735508886,RECOVER
56.696,183.95399944132535,-531.5518716811234,2.661907364360525,-3.0979477401766093,-0.2210614795095745,-0.009654340025610641,0.22127219437672718,183.0,-531.0,1.1021239887032142,183.0,-531.0,2.617145357370181,-0.04476200699034427,0.7787278056232728,-28.015015357879754,57.441337011533626,RECOVER
56.744,183.94223943538685,-531.5521973464782,2.6579849341877875,-3.103614364664515,-0.22284384780573216,-0.008467299366314985,0.22300465390530108,183.0,-531.0,1.0921250217148868,183.0,-531.0,2.6114952976343098,-0.04648963655347771,0.7769953460946989,-28.015015357879754,57.441337011533626,RECOVER
56.792,183.9313020527705,-531.5524584618956,2.6536230319563643,-3.1086228464751513,-0.2246002493180402,-0.007407711173327318,0.22472237578521917,183.0,-531.0,1.0828360289603527,183.0,-531.0,2.6061801468571595,-0.0474428850992048,0.7752776242147809,-31.01836912297494,59.475553741390634,RECOVER
56.848,183.91937306820114,-531.5527148143541,2.6485974804341574,-3.112696593704324,-0.22628140435043903,-0.0065404615022316755,0.2263759077098733,183.0,-531.0,1.072725735936289,183.0,-531.0,2.600301073822535,-0.04829640661162227,0.7736240922901267,-31.01836912297494,59.475553741390634,RECOVER
56.896,183.9083005012563,-531.5529343104558,2.644464639605687,-3.115912308640853,-0.22782038013395864,-0.005851792385040106,0.2278955222870757,183.0,-531.0,1.0633654838585396,183.0,-531.0,2.594759033318764,-0.04970560628692278,0.7721044777129242,-31.738265967504255,60.12531459673664,RECOVER
56.948,183.89625190739906,-531.5531585958315,2.640878600276679,-3.118412895764125,-0.22917955189535338,-0.0053132781558128984,0.22924113490321935,183.0,-531.0,1.0532102893813537,183.0,-531.0,2.5886285292975666,-0.05225007097911227,0.7707588650967807,-31.738265967504255,60.12531459673664,RECOVER
56.996,183.88509225437588,-531.5533553928808,2.6363162140528162,-3.120372314494412,-0.2303391786927006,-0.004888609285642391,0.23039104961255663,183.0,-531.0,1.0438345125480573,183.0,-531.0,2.5828530113558372,-0.05346320269697902,0.7696089503874434,-37.33303293231699,65.96689621964407,RECOVER
57.048,183.8729633760133,-531.5535708865182,2.6319856752987736,-3.1215914698353027,-0.23135714743681426,-0.004628033979503738,0.23140343205885097,183.0,-531.0,1.03368553354541,183.0,-531.0,2.5764559950419907,-0.05552968025678284,0.7685965679411491,-37.33303293231699,65.96689621964407,RECOVER
57.096,183.86173327264657,-531.5537760332189,2.6263968581090475,-3.1222033581548874,-0.23226831621631722,-0.004504083446316049,0.2323119830866555,183.0,-531.0,1.0243300874980985,183.0,-531.0,2.570415600117357,-0.055981257991690736,0.7676880169133445,-39.03574086871266,68.61240244172286,RECOVER
57.144,183.84952712812995,-531.5540042947445,2.622714584931928,-3.1224468445472806,-0.23313114747943078,-0.004464029892747188,0.23317388251680213,183.0,-531.0,1.0142076217540592,183.0,-531.0,2.5637197351689776,-0.05899484976295044,0.7668261174831978,-39.03574086871266,68.61240244172286,RECOVER
57.196,183.83821665799675,-531.5542195673384,2.6176614702769285,-3.1224873990927935,-0.23400742391618326,-0.004471315427409774,0.23405013802503874,183.0,-531.0,1.004871382100194,183.0,-531.0,2.557391929377193,-0.060269540899735574,0.7659498619749613,-41.91211081800242,72.23308861308358,RECOVER
57.248,183.82590366257955,-531.5544607493772,2.6129400125220323,-3.12231816151612,-0.23498075623824116,-0.0045296956739141895,0.2350244113814435,183.0,-531.0,0.9947580522228702,183.0,-531.0,2.5503628214840246,-0.06257719103800774,0.7649755886185565,-41.91211081800242,72.23308861308358,RECOVER
57.292,183.8144719513821,-531.5546881135718,2.607661635778357,-3.1221021590720026,-0.2360937190362415,-0.004602166107316916,0.23613856970271305,183.0,-531.0,0.9854153758319685,183.0,-531.0,2.5437050657162286,-0.06395657006212829,0.7638614302972869,-45.07830023272664,75.63341712543453,RECOVER
57.348,183.80200152474234,-531.5549429766186,2.6015185316502603,-3.1217683677272183,-0.23739648129505764,-0.004706832322776676,0.23744313761780816,183.0,-531.0,0.9752785002179224,183.0,-531.0,2.5362914986230276,-0.06522703302723265,0.7625568623821919,-45.07830023272664,75.63341712543453,RECOVER
57.396,183.79040476130177,-531.5551787878289,2.596442795703127,-3.1215888381672143,-0.23886744626257017,-0.004778897752008118,0.238915245950789,183.0,-531.0,0.9659001879820288,183.0,-531.0,2.529259051205813,-0.06718374449731401,0.7610847540492109,-46.54961784713251,76.95506863608497,RECOVER
57.448,183.77774361615045,-531.5554306562639,2.5921310650158818,-3.1216290294202427,-0.24048308628152604,-0.004801551850832435,0.24053101606167993,183.0,-531.0,0.95571352736083,183.0,-531.0,2.5214287358126857,-0.07070232920319608,0.7594689839383201,-46.54961784713251,76.95506863608497,RECOVER
57.492,183.76596656238047,-531.5556523891146,2.5864649350760076,-3.1220326442915374,-0.2421883564890601,-0.0047378107395306766,0.2422346937774927,183.0,-531.0,0.946284498559339,183.0,-531.0,2.514005006047341,-0.07245992902866671,0.7577653062225073,-54.82053194103803,84.20092863147404,RECOVER
57.548,183.7531014530912,-531.5559018576497,2.5810682797548776,-3.122093448715197,-0.24401451347256015,-0.004758692120903161,0.2440609102989493,183.0,-531.0,0.9360495040255469,183.0,-531.0,2.505718764218557,-0.07534951553632041,0.7559390897010507,-54.82053194103803,84.20092863147404,RECOVER
57.592,183.7411359540648,-531.5561369004711,2.5750131209264646,-3.1220431817757,-0.24585786415811545,-0.004807003784432506,0.24590485284714064,183.0,-531.0,0.9265909315728796,183.0,-531.0,2.497845537704794,-0.07716758322167072,0.7540951471528594,-58.23752937736761,87.19775274221867,RECOVER
57.644,183.72808001315488,-531.5564031735679,2.569323050491417,-3.121744270886356,-0.24768413705792441,-0.004916775226984657,0.24773293367810703,183.0,-531.0,0.9163432747131623,183.0,-531.0,2.489061475340388,-0.08026157515102916,0.752267066321893,-58.23752937736761,87.19775274221867,RECOVER
57.696,183.71595159434736,-531.5566598365397,2.562948713097189,-3.1212795962936886,-0.24943107622582006,-0.0050674047333253485,0.24948254523694074,183.0,-531.0,0.9068940726815305,183.0,-531.0,2.4807160805841173,-0.08223263251307156,0.7505174547630593,-62.8604466977613,91.77190687035034,RECOVER
57.748,183.70272948592302,-531.5569648764396,2.556958507070046,-3.1203038331087076,-0.25112516009525304,-0.005346966249061193,0.2511820775472149,183.0,-531.0,0.896681997127725,183.0,-531.0,2.4713964035768825,-0.08556210349316329,0.7488179224527851,-62.8604466977613,91.77190687035034,RECOVER
57.792,183.69045454735934,-531.5572742661578,2.5493040842132517,-3.118918756987375,-0.2527361144220765,-0.005731494757594146,0.2528010948657566,183.0,-531.0,0.8872891804203062,183.0,-531.0,2.4625300443472464,-0.08677403986600529,0.7471989051342434,-67.70602984661738,97.06292399072598,RECOVER
57.848,183.67707665689022,-531.5576540292548,2.5440321776355024,-3.1168983949196294,-0.25432196791647416,-0.0062815693602357656,0.2543995312073817,183.0,-531.0,0.8771606555527395,183.0,-531.0,2.4526141536599466,-0.09141802397555576,0.7456004687926183,-67.70602984661738,97.06292399072598,RECOVER
57.892,183.66465736346228,-531.5580445445345,2.5358615815061283,-3.1145127907986483,-0.2558666270577617,-0.006930527332102605,0.25596047165727903,183.0,-531.0,0.8678612357337608,183.0,-531.0,2.4431689655178404,-0.09269261598828793,0.744039528342721,-73.04577304587735,103.17375283869276,RECOVER
57.948,183.65111933189866,-531.5585178221493,2.5303986291379625,-3.1117284606568014,-0.25743467388118824,-0.0076903651730906,0.2575495156912729,183.0,-531.0,0.8578452902653922,183.0,-531.0,2.4325985998514366,-0.09780002928652598,0.7424504843087272,-73.04577304587735,103.17375283869276,RECOVER
57.996,183.6385437786785,-531.5589961548163,2.5229317217180274,-3.1088413556222023,-0.2590292802530983,-0.008486579726470841,0.2591682659275473,183.0,-531.0,0.8486547344995206,183.0,-531.0,2.4225229122291094,-0.10040880948891795,0.7408317340724526,-78.79151092435364,109.73045792324919,RECOVER
58.048,183.6248259954378,-531.559557668222,2.5141571993750227,-3.1059511192058076,-0.2607002655154312,-0.0092956939761443,0.26086593945226816,183.0,-531.0,0.8387564060207988,183.0,-531.0,2.4112462270466812,-0.10291097232834145,0.7391340605477319,-78.79151092435364,109.73045792324919,RECOVER
58.096,183.61206922170456,-531.5601114240569,2.508005444287969,-3.103207597509061,-0.26247331438982824,-0.010080004046998714,0.26266679890760675,183.0,-531.0,0.8296707416301284,183.0,-531.0,2.400491254064469,-0.10751419022349973,0.7373332010923932,-81.52120772525345,113.39115645255868,RECOVER
58.148,183.59813986358793,-531.5607398978259,2.4987332801550037,-3.1008299746220596,-0.2643629493691484,-0.010782114537171567,0.26458273373946306,183.0,-531.0,0.8198783625799542,183.0,-531.0,2.3884558091856216,-0.11027747096938212,0.7354172662605369,-81.52120772525345,113.39115645255868,RECOVER
58.196,183.58517480700655,-531.5613375728801,2.492357073447672,-3.0989474172527545,-0.26637278799583164,-0.011366421719538456,0.26661518660304906,183.0,-531.0,0.8108818813379051,183.0,-531.0,2.3769825782539407,-0.11537449519373144,0.7333848133969509,-90.39957505600646,122.19077024425016,RECOVER
58.248,183.57099996343862,-531.5620091080098,2.482481841990291,-3.0972793770765747,-0.26854991313527476,-0.011908122105666202,0.26881380027269264,183.0,-531.0,0.8011836217327689,183.0,-531.0,2.3641297017840452,-0.11835214020624596,0.7311861997273074,-90.39957505600646,122.19077024425016,RECOVER
58.296,183.557787863981,-531.5626522153784,2.475845717431252,-3.095741450504918,-0.2708956687498434,-0.01242960393182874,0.27118067483013425,183.0,-531.0,0.792278244478997,183.0,-531.0,2.3518530524610726,-0.12399266497017924,0.7288193251698658,-98.28336757672386,129.93568840851873,RECOVER
58.348,183.54332801401804,-531.5633777508856,2.4675573466207856,-3.094216752331707,-0.2734080978995401,-0.01296265462319274,0.27371521406733074,183.0,-531.0,0.7826875628305979,183.0,-531.0,2.33807987976828,-0.1294774668525056,0.7262847859326693,-98.28336757672386,129.93568840851873,RECOVER
58.396,183.5298419438145,-531.5640741323465,2.4568135824510224,-3.092714937333101,-0.2760511922022881,-0.013503506990789744,0.2763812682099764,183.0,-531.0,0.7738941220913638,183.0,-531.0,2.3249114496715766,-0.13190213277944585,0.7236187317900236,-111.47490631725091,142.50479538225332,RECOVER
58.448,183.51507195430355,-531.5648716411655,2.449463497759648,-3.0909088377645704,-0.278846665870496,-0.01414512736423993,0.27920520714206354,183.0,-531.0,0.7644469171257608,183.0,-531.0,2.310113904573453,-0.139349593186195,0.7207947928579365,-111.47490631725091,142.50479538225332,RECOVER
58.496,183.5012867920657,-531.5656547190079,2.4395631073432686,-3.0887461856630116,-0.2817671408000523,-0.014904275387273786,0.28216105163444544,183.0,-531.0,0.7558132765672921,183.0,-531.0,2.2959381364458467,-0.143624970897422,0.7178389483655545,-118.50293065083632,150.07039962233634,RECOVER
58.548,183.48618792012115,-531.5665529894108,2.430178928518084,-3.0863988586987983,-0.28477566422379913,-0.01573382979047444,0.28520997937306053,183.0,-531.0,0.7465661280034027,183.0,-531.0,2.280003378355414,-0.15017555016267004,0.7147900206269395,-118.50293065083632,150.07039962233634,RECOVER
58.596,183.47209996963426,-531.5674254924681,2.4197378866973462,-3.084021424419191,-0.28782882071241744,-0.016588990823973963,0.28830647694642386,183.0,-531.0,0.7381396011808234,183.0,-531.0,2.264749242690654,-0.15498864400669232,0.7116935230535761,-118.50293065083632,150.07039962233634,BRAKE
58.648,183.4569557615158,-531.5682702914186,2.407681016019823,-3.084672200411592,-0.28902090349124343,-0.01646899081728833,0.2894897412922167,183.0,-531.0,0.7292048354827468,183.0,-531.0,2.2480425550006884,-0.1596384610191346,0.7105102587077833,0.0,0.0,BRAKE
58.696,183.44335550730509,-531.5688389650519,2.3987529875063407,-3.089897424281658,-0.2870321075556642,-0.014851422607562313,0.2874160669157429,183.0,-531.0,0.7212086203166609,183.0,-531.0,2.2328521148605494,-0.16590087264579134,0.7125839330842572,-38.10357758704174,-38.10357758704174,BRAKE
58.748,183.42910079370145,-531.5696340923913,2.391846799971425,-3.0885296260878663,-0.28251605762795096,-0.015005243325597183,0.28291426288700977,183.0,-531.0,0.7131693279787685,183.0,-531.0,2.2164009761834835,-0.17544582378794127,0.7170857371129902,-38.10357758704174,-38.10357758704174,BRAKE
58.796,183.41674776558128,-531.5705072401587,2.383239262277266,-3.082765666413869,-0.27370960083444534,-0.016120110632111644,0.274183886389669,183.0,-531.0,0.7065105881658625,183.0,-531.0,2.201691301059536,-0.18154796121772998,0.7258161136103309,-37.20949843604625,-37.20949843604625,BRAKE
58.848,183.40428708767828,-531.5716110440883,2.374121964619686,-3.0732926075266063,-0.2617811879663829,-0.01790752143699561,0.26239296807861895,183.0,-531.0,0.7001337265030795,183.0,-531.0,2.186389206169082,-0.1877327584506041,0.737607031921381,-37.20949843604625,-37.20949843604625,BRAKE
58.896,183.3936462003333,-531.5728275485773,2.3683020104069175,-3.0589941896373474,-0.24774757573526693,-0.020510234166191244,0.24859511457036684,183.0,-531.0,0.6950458484487841,183.0,-531.0,2.1728788743001797,-0.19542313610673778,0.7514048854296331,-32.94615988422733,-32.94615988422733,BRAKE
58.944,183.3830203406759,-531.5744130087194,2.361822150668693,-3.0387429744495282,-0.2325561334604871,-0.024003018549147343,0.2337915740773448,183.0,-531.0,0.690401974184262,183.0,-531.0,2.158893337004575,-0.2029288136641183,0.7662084259226551,-32.94615988422733,-32.94615988422733,BRAKE
58.996,183.373973548571,-531.5762035839848,2.3552951255604833,-3.01036322419272,-0.21712767918085396,-0.028658240034049758,0.21901078463927992,183.0,-531.0,0.68692560385221,183.0,-531.0,2.146489513680991,-0.20880561187949231,0.7809892153607201,-28.072371435695985,-28.072371435695985,BRAKE
59.048,183.36492143005685,-531.5785368865978,2.349600261855445,-2.9732868824612977,-0.20206071223586164,-0.034332777455855945,0.20495675406557604,183.0,-531.0,0.6840121192413438,183.0,-531.0,2.1335312782155884,-0.2160689836398566,0.795043245934424,-28.072371435695985,-28.072371435695985,BRAKE
59.096,183.35717037676218,-531.5810845328963,2.342901660039,-2.9272560172899484,-0.18785755989360245,-0.04089289293929452,0.19225683733517265,183.0,-531.0,0.6820776439729814,183.0,-531.0,2.121926756211544,-0.220974903827456,0.8077431626648274,-22.78049837859072,-22.78049837859072,BRAKE
59.148,183.3493694439472,-531.5842208546248,2.338846323340492,-2.8749764534031463,-0.17461369249316225,-0.04769023819893697,0.1810091169680908,183.0,-531.0,0.6807150764766184,183.0,-531.0,2.1097507153276447,-0.22909560801284723,0.8189908830319093,-22.78049837859072,-22.78049837859072,BRAKE
59.196,183.3426587782108,-531.5874114135631,2.3329358315295257,-2.81917992639216,-0.1624308377819542,-0.054263147087642856,0.1712549742179849,183.0,-531.0,0.6800494151671245,183.0,-531.0,2.098873468363059,-0.23406236316646645,0.828745025782015,-17.878475977413316,-17.878475977413316,BRAKE
59.248,183.33589731938076,-531.591064392675,2.3292656620397705,-2.7643858690604857,-0.1510898636065314,-0.05985840501363898,0.16251515478692163,183.0,-531.0,0.6798412501867072,183.0,-531.0,2.0875749504322907,-0.2416907116074798,0.8374848452130783,-17.878475977413316,-17.878475977413316,BRAKE
59.292,183.33008188112828,-531.5945333242051,2.324704831127328,-2.713272446983485,-0.14061264860194095,-0.06420225566631986,0.15457634547205606,183.0,-531.0,0.6800175893604542,183.0,-531.0,2.0776192086864365,-0.2470856224408915,0.8454236545279439,-13.945162937116399,-13.945162937116399,BRAKE
59.348,183.32422037821615,-531.59828423344,2.32079212656171,-2.668497524646766,-0.13085064503826127,-0.06697797064875101,0.14699639403452724,183.0,-531.0,0.6804872354670309,183.0,-531.0,2.067412582034676,-0.25337954452703393,0.8530036059654728,-13.945162937116399,-13.945162937116399,BRAKE
59.392,183.31915515607614,-531.6016961673492,2.316858316526455,-2.630469639362558,-0.12198683071250316,-0.06841436567631284,0.13986176138663906,183.0,-531.0,0.6811007939011334,183.0,-531.0,2.0584872509888474,-0.2583710655376077,0.8601382386133609,0.0,0.0,BRAKE
59.448,183.31402340602546,-531.6051489706053,2.31339382868109,-2.604992171609879,-0.11383206530424125,-0.06770935960563193,0.13244733470188755,183.0,-531.0,0.681774138668029,183.0,-531.0,2.049464468978027,-0.26392935970306297,0.8675526652981125,0.0,0.0,BRAKE
59.496,183.30937597400722,-531.6081894963321,2.3099130641828394,-2.591317860774943,-0.10787836758069178,-0.06618158383462028,0.12656122720143687,183.0,-531.0,0.6823547147500445,183.0,-531.0,2.041366595845071,-0.2685464683377683,0.8734387727985631,0.0,0.0,BRAKE
59.548,183.30436587632656,-531.6113731634529,2.306841363939082,-2.586151493649959,-0.1038427502396351,-0.06444655818996463,0.12221569309979685,183.0,-531.0,0.6829463607505348,183.0,-531.0,2.03271426055639,-0.27412710338269175,0.8777843069002031,0.0,0.0,BRAKE
59.592,183.29973328849024,-531.614239070152,2.3036525893512927,-2.58662750058861,-0.1012770739622035,-0.0627874991716999,0.11916088184711397,183.0,-531.0,0.6834688577619572,183.0,-531.0,2.0247777123944397,-0.278874876956853,0.8808391181528861,0.0,0.0,BRAKE
59.648,183.29471744518492,-531.6172732198291,2.300320932334443,-2.5903199467991658,-0.09959058186130607,-0.06123403574972157,0.11690975634938122,183.0,-531.0,0.6840209064162895,183.0,-531.0,2.0162422013804226,-0.2840787309540205,0.8830902436506187,0.0,0.0,BRAKE
59.696,183.2901353593643,-531.6199973219207,2.298084172773598,-2.595361727053727,-0.09814492065173272,-0.05966536765465053,0.1148580930848999,183.0,-531.0,0.6845255334479897,183.0,-531.0,2.0084868729827314,-0.28959729979086646,0.8851419069151001,0.0,0.0,BRAKE
59.748,183.28529565536445,-531.6228420189788,2.295659190211692,-2.6003494403398757,-0.09636912919193741,-0.0579294884050047,0.11244036058319049,183.0,-531.0,0.6850735665425775,183.0,-531.0,2.000328241309862,-0.29533094890182987,0.8875596394168095,0.0,0.0,BRAKE
59.796,183.28100583390304,-531.6253531194341,2.2932367668337417,-2.604213607088929,-0.09391988213089672,-0.05596427494987754,0.10932952176858282,183.0,-531.0,0.6855879248305499,183.0,-531.0,1.9931141173548927,-0.3001226494788489,0.8906704782314172,0.0,0.0,BRAKE
59.848,183.27659799379958,-531.627947719036,2.291078677775129,-2.6059627058970327,-0.0907160779275617,-0.05384042988428758,0.1054902776784872,183.0,-531.0,0.6861667348512833,183.0,-531.0,1.9857047181832261,-0.30537395959190294,0.8945097223215128,0.0,0.0,BRAKE
59.896,183.27276075734267,-531.6302455099734,2.288927384175638,-2.604700166927769,-0.08694529981793403,-0.05175100501003034,0.10118128127266734,183.0,-531.0,0.6867370920430786,183.0,-531.0,1.9792423559501848,-0.3096850282254533,0.8988187187273327,0.0,0.0,BRAKE
59.948,183.2688295849851,-531.6326698666809,2.287004588255854,-2.5996557857700466,-0.0829742588268259,-0.04995593878762912,0.09685206992116607,183.0,-531.0,0.6874158173691303,183.0,-531.0,1.9725931936776886,-0.31441139457816525,0.9031479300788339,0.0,0.0,BRAKE
59.996,183.26536421636533,-531.6348906503061,2.284981285838664,-2.5906235257297507,-0.07920158108993586,-0.048664574146159684,0.09295768512593651,183.0,-531.0,0.6881164909906946,183.0,-531.0,1.9666960855801545,-0.3182852002585095,0.9070423148740635,0.0,0.0,BRAKE
60.048,183.2617286383614,-531.6373185726542,2.2832655115367055,-2.578233675219797,-0.07595126427332485,-0.04797375822984454,0.08983360186150842,183.0,-531.0,0.6889679551245304,183.0,-531.0,1.9604683736241624,-0.32279713791254316,0.9101663981384915,0.0,0.0,BRAKE
60.096,183.2584380303819,-531.639598516968,2.2814518696896235,-2.5640491058712405,-0.07336233829480471,-0.04780753680448925,0.08756479461172717,183.0,-531.0,0.6898380088508996,183.0,-531.0,1.9548002878680917,-0.32665158182153187,0.9124352053882728,0.0,0.0,BRAKE
60.148,183.25491745029586,-531.642103433471,2.279919117022751,-2.550231265704621,-0.0713817320092454,-0.0479349138467638,0.08598318225174267,183.0,-531.0,0.6908543448083554,183.0,-531.0,1.9487170362475643,-0.33120208077518676,0.9140168177482573,0.0,0.0,BRAKE
60.196,183.2517072399308,-531.6444192552348,2.2781733491454195,-2.538796425533122,-0.06980590971796741,-0.04804389436123971,0.08474125805619702,183.0,-531.0,0.6918328635956151,183.0,-531.0,1.9431691499911707,-0.3350041991542487,0.915258741943803,0.0,0.0,BRAKE
60.248,183.24829104132894,-531.646884402345,2.2766474481733256,-2.5312238339749724,-0.06836748575223882,-0.047820867653653815,0.08343229884901202,183.0,-531.0,0.6928981679882337,183.0,-531.0,1.9372823037984643,-0.3393651443748613,0.916567701150988,0.0,0.0,BRAKE
60.296,183.24521860414552,-531.6490757161475,2.2756902563486014,-2.528136272821738,-0.066842053534726,-0.04706189378507239,0.08174767255021155,183.0,-531.0,0.6938526133924365,183.0,-531.0,1.9320165610016202,-0.3436736953469812,0.9182523274497885,0.0,0.0,BRAKE
60.348,183.24199870594856,-531.651323532855,2.2744641287279657,-2.529466845095613,-0.06511972650787978,-0.045719766491514026,0.07956680104478016,183.0,-531.0,0.6948278334461973,183.0,-531.0,1.926538168560898,-0.34792596016706767,0.9204331989552198,0.0,0.0,BRAKE
60.396,183.23913199202605,-531.6532713436629,2.273148541129727,-2.5344955579102892,-0.06323094458179235,-0.0439206353604621,0.07698814560159485,183.0,-531.0,0.6956633942227544,183.0,-531.0,1.9217001500425093,-0.3514483910872179,0.9230118543984052,0.0,0.0,BRAKE
60.448,183.23612768526365,-531.6552580133754,2.272049472685504,-2.5419482625907612,-0.061321409494266274,-0.0419202283564733,0.07428068933324702,183.0,-531.0,0.6965050953443286,183.0,-531.0,1.9166690921201142,-0.3553803805653899,0.925719310666753,0.0,0.0,BRAKE
60.496,183.23342335484287,-531.6570094139599,2.270812815942277,-2.550110744839385,-0.059577992156153205,-0.0400187776941742,0.07177074416149234,183.0,-531.0,0.6972430226385093,183.0,-531.0,1.9121685859928772,-0.35864422994939993,0.9282292558385077,0.0,0.0,BRAKE
60.548,183.23053719802397,-531.65886157876,2.269876329228747,-2.5570401522605692,-0.0581517504133463,-0.03847869934793398,0.06972973812975936,183.0,-531.0,0.6980300707268233,183.0,-531.0,1.907384127620533,-0.36249220160821394,0.9302702618702406,0.0,0.0,BRAKE
60.596,183.22789135132297,-531.6605666707511,2.2689236477703365,-2.5611060505788474,-0.057091269963467556,-0.03744411701114683,0.06827499545797121,183.0,-531.0,0.6987723481327892,183.0,-531.0,1.9030042631653106,-0.36591938460502593,0.9317250045420288,0.0,0.0,BRAKE
60.648,183.22503670210483,-531.6624360137815,2.2680381966371206,-2.561350001358199,-0.05632331059832513,-0.03692079260815664,0.06734582573233412,183.0,-531.0,0.6996163160254211,183.0,-531.0,1.8982756239301999,-0.3697625727069207,0.9326541742676658,0.0,0.0,BRAKE
60.696,183.22242221271978,-531.6641890011421,2.2671888104320903,-2.5577720599891776,-0.055674136988254096,-0.03678071469918518,0.06672653522527405,183.0,-531.0,0.7004417677075326,183.0,-531.0,1.8939363394400395,-0.37325247099205083,0.933273464774726,0.0,0.0,BRAKE
60.748,183.21963732411714,-531.6661079578911,2.266393173123816,-2.5510515420616864,-0.05493263156008993,-0.036823519595971306,0.06613293888488149,183.0,-531.0,0.7013846061264618,183.0,-531.0,1.8893024780441234,-0.3770906950796926,0.9338670611151185,0.0,0.0,BRAKE
60.796,183.21713862915934,-531.6678780366435,2.2655150512609414,-2.542231526857835,-0.053925861248076086,-0.03684211197384475,0.06530956841106875,183.0,-531.0,0.7022892965893699,183.0,-531.0,1.885134214710193,-0.3803808365507484,0.9346904315889313,0.0,0.0,BRAKE
60.848,183.21453504254,-531.6697703260846,2.2646860727489213,-2.532390290115275,-0.05257595051827635,-0.03668393632897355,0.06410882745370117,183.0,-531.0,0.703290533265702,183.0,-531.0,1.8807816820962078,-0.38390439065271353,0.9358911725462988,0.0,0.0,BRAKE
60.896,183.21223620894554,-531.6714779442862,2.2640008190742518,-2.52248043424627,-0.05093669612986047,-0.03629594133326107,0.06254552238084891,183.0,-531.0,0.7042207310569129,183.0,-531.0,1.8769332108593866,-0.3870676082148652,0.9374544776191511,0.0,0.0,BRAKE
60.948,183.20985022836783,-531.6732789480635,2.263354936162351,-2.5133857534148896,-0.049168337142096806,-0.035714502675768624,0.060770478677532075,183.0,-531.0,0.7052245459791785,183.0,-531.0,1.8729375564233484,-0.3904173797390025,0.939229521322468,0.0,0.0,BRAKE
60.996,183.20772025792226,-531.6749012592993,2.262653036529219,-2.5058728048987886,-0.04749045364127913,-0.03504377950023278,0.059020417388522574,183.0,-531.0,0.7061440471710267,183.0,-531.0,1.8693742117987802,-0.39327882473043885,0.9409795826114774,0.0,0.0,BRAKE
61.048,183.2054551933191,-531.6766282714282,2.2621695808154296,-2.5006394955911273,-0.046114422003519055,-0.034402576773298034,0.057533270421220695,183.0,-531.0,0.7071334061955089,183.0,-531.0,1.8655943378837854,-0.39657524293164426,0.9424667295787793,0.0,0.0,BRAKE
61.096,183.20337181273894,-531.678206808175,2.261417931848352,-2.498125973133341,-0.04516569103262095,-0.033871838681537196,0.056455656068477814,183.0,-531.0,0.7080427733347967,183.0,-531.0,1.862131060297317,-0.39928687155103515,0.9435443439315222,0.0,0.0,BRAKE
61.148,183.20109756969026,-531.6799089713411,2.2611061775764227,-2.4984536706614646,-0.04466510430651224,-0.03347356260714024,0.05581622466922818,183.0,-531.0,0.7090249938087034,183.0,-531.0,1.8583690916587419,-0.40273708591768087,0.9441837753307718,0.0,0.0,BRAKE
61.196,183.19897482398798,-531.6814723745091,2.2604211141717565,-2.501339977271148,-0.04451067187835975,-0.033157630461354906,0.05550340862392846,183.0,-531.0,0.709926459430917,183.0,-531.0,1.8548771786171954,-0.40554393555456114,0.9444965913760716,0.0,0.0,BRAKE
61.248,183.1966582425513,-531.6831479572056,2.2600264273001267,-2.5062307281708627,-0.044524311775466854,-0.032830420257233026,0.05531953392198377,183.0,-531.0,0.7108907059440152,183.0,-531.0,1.8510884627237847,-0.408937964576342,0.9446804660780163,0.0,0.0,BRAKE
61.296,183.19452274004368,-531.6846643807555,2.25947302100648,-2.512435915933391,-0.044512175105505744,-0.0323970282185674,0.05505362086200923,183.0,-531.0,0.7117614843958912,183.0,-531.0,1.8476158574039552,-0.4118571636025248,0.9449463791379907,0.0,0.0,BRAKE
61.348,183.19223772711265,-531.686259148404,2.259042351766143,-2.519253163928973,-0.04431280854663629,-0.03179208136080825,0.05453770657575448,183.0,-531.0,0.7126759168750194,183.0,-531.0,1.8439201051462328,-0.41512224661991004,0.9454622934242455,0.0,0.0,BRAKE
61.396,183.19017311552028,-531.6876790575612,2.2585957416479583,-2.5260184045004106,-0.04385778508303953,-0.031018357155927365,0.05371818866122307,183.0,-531.0,0.7134902242322637,183.0,-531.0,1.8405968720713894,-0.41799886957656884,0.946281811338777,0.0,0.0,BRAKE
61.448,183.18799470512445,-531.6891616930477,2.258112645043142,-2.5320764067359454,-0.04316993796820423,-0.03014120946411891,0.05265107835684368,183.0,-531.0,0.7143429486732643,183.0,-531.0,1.8371044459923067,-0.4210081990508354,0.9473489216431563,0.0,0.0,BRAKE
61.496,183.18603510779437,-531.6904887297654,2.257933158718864,-2.536855739478922,-0.04234919021120358,-0.02926809555175946,0.05147888235744462,183.0,-531.0,0.7151110034569071,183.0,-531.0,1.8339723985344747,-0.4239607601843891,0.9485211176425554,0.0,0.0,BRAKE
61.548,183.1839538185457,-531.6918995603542,2.2575788873078797,-2.5398862870964787,-0.04153565127262042,-0.028520237225060783,0.050384662924489995,183.0,-531.0,0.7159357575759284,183.0,-531.0,1.8306527466664793,-0.42692614064140044,0.94961533707551,0.0,0.0,BRAKE
61.596,183.1820545075618,-531.6931943168402,2.257148064300173,-2.5398862870964787,-0.040847315918152015,-0.027979086906736367,0.04951093335670437,183.0,-531.0,0.716702312416435,183.0,-531.0,1.8276274661375584,-0.4295205981626147,0.9504890666432957,0.0,0.0,BRAKE
61.648,183.1800038605899,-531.6946033159264,2.2568258419351563,-2.5398862870964787,-0.04035318688840173,-0.02767005418539848,0.048928637735718386,183.0,-531.0,0.7175480167370374,183.0,-531.0,1.8243645499428593,-0.432461291992297,0.9510713622642816,0.0,0.0,BRAKE
61.696,183.17810864684387,-531.6959146401421,2.2565087606782823,-2.5398862870964787,-0.040048838375556915,-0.027547274292847687,0.04860824802640872,183.0,-531.0,0.718345234858986,183.0,-531.0,1.82135266526279,-0.43515609541549227,0.9513917519735913,0.0,0.0,HOLD
61.748,183.17605353324996,-531.6973409569265,2.256134080277223,-2.5398862870964787,-0.03986424028774739,-0.02750593741633533,0.048432780705536804,183.0,-531.0,0.7192212849860287,183.0,-531.0,1.8180927627439234,-0.43804131753329956,0.9515672192944632,0.0,0.0,HOLD
61.796,183.17416229888687,-531.6986497654576,2.2558969804435645,-2.5398862870964787,-0.03970200675120544,-0.027422254860043196,0.04825172952011073,183.0,-531.0,0.720030555690203,183.0,-531.0,1.815101116422265,-0.44079586402129944,0.9517482704798893,0.0,0.0,HOLD
61.844,183.17213255890152,-531.7000399653285,2.255629976325242,-2.5398862870964787,-0.03946801582811362,-0.027181580174779313,0.04792246419171476,183.0,-531.0,0.7208922047651465,183.0,-531.0,1.8119026683039046,-0.4437273080213373,0.9520775358082852,0.0,0.0,HOLD
61.896,183.17028711314867,-531.701281181944,2.2554201963730183,-2.5398862870964787,-0.03911058556946523,-0.026718564934423056,0.04736580639809105,183.0,-531.0,0.7216598901513231,183.0,-531.0,1.8090087258939263,-0.446411470479092,0.9526341936019089,0.0,0.0,HOLD
61.948,183.16832351428843,-531.7025683308527,2.2550504447962325,-2.5398862870964787,-0.03863841141025035,-0.026030569477961923,0.04658881178625151,183.0,-531.0,0.7224507353305107,183.0,-531.0,1.805947096863873,-0.4491033479323596,0.9534111882137485,0.0,0.0,HOLD
62.0,183.16654145312128,-531.7037000625642,2.2548570960227488,-2.5398862870964787,-0.03810916342711776,-0.025172080556584223,0.04567211377484006,183.0,-531.0,0.7231388757773715,183.0,-531.0,1.8031859374313468,-0.45167115859140194,0.95432788622516,0.0,0.0,HOLD
62.044,183.16463361703524,-531.704869968998,2.2546339775222104,-2.5398862870964787,-0.03761216065294709,-0.02423622258929172,0.04474448697192533,183.0,-531.0,0.7238410744447303,183.0,-531.0,1.8002488453312486,-0.45438513219096177,0.9552555130280747,0.0,0.0,HOLD
62.096,183.16288065970326,-531.705907836206,2.2543349578787075,-2.5398862870964787,-0.037229884970054854,-0.023321326408646717,0.04393118027485898,183.0,-531.0,0.7244556456557434,183.0,-531.0,1.7975667299599656,-0.45676822791874194,0.956068819725141,0.0,0.0,HOLD
62.148,183.16097786053047,-531.706998538051,2.2541485879841985,-2.5398862870964787,-0.03700672735512877,-0.022500124583802503,0.0433099697047166,183.0,-531.0,0.7250936521493428,183.0,-531.0,1.7946715035214682,-0.4594770844627303,0.9566900302952834,0.0,0.0,HOLD
62.196,183.15921139734212,-531.7079828838087,2.2539864956185394,-2.5398862870964787,-0.036934833529191496,-0.021802602128749595,0.04288980516875362,183.0,-531.0,0.7256638566234703,183.0,-531.0,1.7919968260213177,-0.46198966959722165,0.9571101948312464,0.0,0.0,HOLD
62.248,183.15728812542662,-531.7090287559457,2.2537992224437295,-2.5398862870964787,-0.03695274122523363,-0.02121121538319446,0.04260775448309082,183.0,-531.0,0.726265331100253,183.0,-531.0,1.7890972255289965,-0.464701996914733,0.9573922455169092,0.0,0.0,HOLD
62.296,183.15551250040318,-531.7099729902197,2.2536736222424536,-2.5398862870964787,-0.03696654759232948,-0.020672331580442353,0.04235411354128091,183.0,-531.0,0.7268051902836182,183.0,-531.0,1.7864307888332707,-0.46724283340918293,0.9576458864587191,0.0,0.0,HOLD
62.348,183.1536026963774,-531.7109662566577,2.25339099371417,-2.5398862870964787,-0.036882706108573124,-0.020122462705762463,0.04201484874703441,183.0,-531.0,0.7273697865874312,183.0,-531.0,1.7835737773020999,-0.4698172164120702,0.9579851512529656,0.0,0.0,HOLD
62.396,183.15186618969264,-531.711847919859,2.253227398473368,-2.5398862870964787,-0.036635786880209936,-0.019508394934980307,0.04150612428631861,183.0,-531.0,0.7278672959951845,183.0,-531.0,1.7809860349228634,-0.4722413635505045,0.9584938757136814,0.0,0.0,HOLD
62.448,183.15002456354625,-531.7127580423988,2.2530958389475444,-2.5398862870964787,-0.036208822072817906,-0.018806281495090605,0.040801409529249995,183.0,-531.0,0.7283758622246203,183.0,-531.0,1.778252570046515,-0.47484326890102935,0.95919859047075,0.0,0.0,HOLD
62.496,183.14836452017843,-531.7135541486449,2.252861203992341,-2.5398862870964787,-0.035640217237690175,-0.018029024349408614,0.03994084129986894,183.0,-531.0,0.7288151712856482,183.0,-531.0,1.7757986891438342,-0.4770625148485068,0.960059158700131,0.0,0.0,HOLD
62.548,183.146605984908,-531.714370382998,2.252714805490136,-2.5398862870964787,-0.035002436293903864,-0.017212750896219122,0.03900576034285309,183.0,-531.0,0.7292587736294944,183.0,-531.0,1.7732099305284392,-0.4795048749616968,0.9609942396571469,0.0,0.0,HOLD
62.592,183.1450107332661,-531.7150859478688,2.2526328078836926,-2.5398862870964787,-0.03438362681323912,-0.01640594859880794,0.03809709886932107,183.0,-531.0,0.7296410251636314,183.0,-531.0,1.7708710572122914,-0.48176175067140115,0.9619029011306789,0.0,0.0,HOLD
62.648,183.14330112755795,-531.7158263064416,2.2524977590012334,-2.5398862870964787,-0.03385631892581858,-0.015647049290658098,0.037297191351508295,183.0,-531.0,0.7300291187022758,183.0,-531.0,1.7683743832545682,-0.4841233757466652,0.9627028086484917,0.0,0.0,HOLD
62.692,183.1417314227476,-531.7164814764647,2.2522648832250085,-2.5398862870964787,-0.0334523715439204,-0.014947863456909346,0.03664013897133718,183.0,-531.0,0.730365321131161,183.0,-531.0,1.7660909039414936,-0.4861739792835149,0.9633598610286628,0.0,0.0,HOLD
62.748,183.1400347304574,-531.7171617770177,2.2523033392982357,-2.5398862870964787,-0.033164085764576974,-0.014295057277374582,0.036113781955974054,183.0,-531.0,0.7307056453521558,183.0,-531.0,1.7636323804601466,-0.4886709588380891,0.963886218044026,0.0,0.0,HOLD
62.796,183.13847346690616,-531.7177593468134,2.25208233499262,-2.5398862870964787,-0.03294086914131869,-0.013649066990408309,0.03565666683096074,183.0,-531.0,0.730994788610031,183.0,-531.0,1.76137949631374,-0.4907028386788801,0.9643433331690393,0.0,0.0,HOLD
62.848,183.13679421081497,-531.7183671372351,2.251986114055606,-2.5398862870964787,-0.032714250171046226,-0.012962790612685618,0.03518886336217935,183.0,-531.0,0.7312755978232902,183.0,-531.0,1.7589672898140887,-0.4930188242415172,0.9648111366378207,0.0,0.0,HOLD
62.896,183.13526390039274,-531.7188848472059,2.2517932249440458,-2.5398862870964787,-0.03242277610657398,-0.012200782435592961,0.03464239458377117,183.0,-531.0,0.731499655701715,183.0,-531.0,1.7567798071816165,-0.49501341776242924,0.9653576054162288,0.0,0.0,HOLD
62.948,183.13363725030425,-531.7193923207619,2.2516853912051964,-2.5398862870964787,-0.03202341083415492,-0.011346195979376009,0.033974034271123575,183.0,-531.0,0.7316995461527295,183.0,-531.0,1.754466783563686,-0.4972186076415104,0.9660259657288764,0.0,0.0,HOLD
63.0,183.1321700468364,-531.7198093401986,2.2516282964444274,-2.5398862870964787,-0.031513575661969086,-0.010415794112298038,0.03319027294242144,183.0,-531.0,0.7318431577311288,183.0,-531.0,1.7523916253430865,-0.49923667110134096,0.9668097270575786,0.0,0.0,HOLD
63.048,183.13061949859036,-531.7202074420037,2.251545062827918,-2.5398862870964787,-0.03092020660547946,-0.009449797553498238,0.03233199422132258,183.0,-531.0,0.7319564282998734,183.0,-531.0,1.7502098693436605,-0.5013351934842576,0.9676680057786774,0.0,0.0,HOLD
63.092,183.12922196240322,-531.7205306969328,2.25151330990912,-2.5398862870964787,-0.03028850232480561,-0.008499435600920683,0.031458445266954196,183.0,-531.0,0.7320265027919153,183.0,-531.0,1.748252576489364,-0.5032607334197559,0.9685415547330458,0.0,0.0,HOLD
63.148,183.1277388920259,-531.7208415892201,2.2513238241158766,-2.5398862870964787,-0.029669730973938956,-0.007617177382057458,0.030631916808055618,183.0,-531.0,0.7320722787302635,183.0,-531.0,1.7461835705745226,-0.5051402535413541,0.9693680831919443,0.0,0.0,HOLD
63.196,183.12639372850455,-531.7210995652948,2.25124880738169,-2.5398862870964787,-0.029093809142799684,-0.0068322408433851445,0.02988526803258881,183.0,-531.0,0.7320928613732434,183.0,-531.0,1.74431284842883,-0.5069359589528599,0.9701147319674112,0.0,0.0,HOLD
63.248,183.1249590719754,-531.7213535546939,2.2511614900600683,-2.5398862870964787,-0.028567317965891504,-0.006150500580498599,0.029221914946749486,183.0,-531.0,0.7320967972464362,183.0,-531.0,1.7423227224481896,-0.5088387676118786,0.9707780850532505,0.0,0.0,HOLD
63.292,183.12365589327732,-531.7215666721146,2.2509958250584168,-2.5398862870964787,-0.028071101351435562,-0.0055518065698202355,0.02861484382748343,183.0,-531.0,0.7320855429857474,183.0,-531.0,1.7405190643238242,-0.5104767607345926,0.9713851561725165,0.0,0.0,HOLD
63.348,183.1222714919804,-531.7217726977261,2.2509683274646193,-2.5398862870964787,-0.02756430153075992,-0.004995385117238513,0.0280132931185925,183.0,-531.0,0.732056107777238,183.0,-531.0,1.7386075849309428,-0.5123607425336765,0.9719867068814075,0.0,0.0,HOLD
63.392,183.12102457278726,-531.7219363724736,2.250902748621227,-2.5398862870964787,-0.027008915111609612,-0.0044404620263972135,0.02737150340251718,183.0,-531.0,0.7320102957736654,183.0,-531.0,1.7368907488327574,-0.5140119997884698,0.9726284965974829,0.0,0.0,HOLD
63.448,183.11971408471177,-531.7220801138426,2.2508261920998383,-2.5398862870964787,-0.026376387638342248,-0.0038537903009166047,0.026656434955401157,183.0,-531.0,0.731936577092108,183.0,-531.0,1.7350924798141656,-0.5157337122856727,0.9733435650445988,0.0,0.0,HOLD
63.496,183.11854611486228,-531.7221784413176,2.2506583402382185,-2.5398862870964787,-0.02566109878412145,-0.003221934867687266,0.025862576343049396,183.0,-531.0,0.731843482209751,183.0,-531.0,1.7334960669062447,-0.5171622733319738,0.9741374236569506,0.0,0.0,HOLD
63.548,183.11732698016206,-531.7222471384503,2.2507494667858667,-2.5398862870964787,-0.024885428538091843,-0.0025566422105658287,0.025016414069912635,183.0,-531.0,0.7317148005018987,183.0,-531.0,1.7318367283266263,-0.5189127384592405,0.9749835859300874,0.0,0.0,HOLD
63.592,183.11624223407193,-531.72227762402,2.250598383510033,-2.5398862870964787,-0.024085135456951446,-0.0018841080493331422,0.02415871712490673,183.0,-531.0,0.7315717484580457,183.0,-531.0,1.730366470406294,-0.5202319131037392,0.9758412828750933,0.0,0.0,HOLD
63.648,183.1151059600747,-531.7222799791848,2.250530775777865,-2.5398862870964787,-0.023303336105410164,-0.0012405223030933145,0.023336331528888272,183.0,-531.0,0.7313943877115254,183.0,-531.0,1.7288321230217738,-0.5216986527560912,0.9766636684711117,0.0,0.0,HOLD
63.696,183.1140874816652,-531.7222596168768,2.250383360895926,-2.5398862870964787,-0.0225735735377271,-0.0006578643347716603,0.022583157612391977,183.0,-531.0,0.7312146795871829,183.0,-531.0,1.7274610042568632,-0.5229223566390626,0.9774168423876081,0.0,0.0,HOLD
63.748,183.11301279358207,-531.7222187685818,2.2503804358154778,-2.5398862870964787,-0.021906300282075953,-0.0001526713701943031,0.02190683228118018,183.0,-531.0,0.7310074152873085,183.0,-531.0,1.726017580339592,-0.5243628554758857,0.9780931677188198,0.0,0.0,HOLD
63.796,183.11204556386642,-531.7221676601886,2.2503291696945755,-2.5398862870964787,-0.021291811860004145,0.00027342897662050857,0.021293567472057587,183.0,-531.0,0.7308080033800834,183.0,-531.0,1.7247207964770217,-0.5256083732175538,0.9787064325279424,0.0,0.0,HOLD
63.848,183.1110263838643,-531.722099760391,2.2502691688016627,-2.5398862870964787,-0.020699543107869846,0.0006347467033576322,0.020709273001532077,183.0,-531.0,0.7305853282612962,183.0,-531.0,1.72335652006919,-0.5269126487324727,0.979290726998468,0.0,0.0,HOLD
63.896,183.11011636440261,-531.7220254898067,2.250283459182879,-2.5398862870964787,-0.020090261594900856,0.0009541417007742052,0.020112906237953393,183.0,-531.0,0.7303741655068653,183.0,-531.0,1.7221404814429004,-0.5281429777399784,0.9798870937620466,0.0,0.0,HOLD
63.944,183.10916932742535,-531.7219320200237,2.250227099808086,-2.5398862870964787,-0.019432957383667317,0.0012493156449006936,0.01947307428877176,183.0,-531.0,0.7301395644573742,183.0,-531.0,1.7208775451175733,-0.5293495546905127,0.9805269257112282,0.0,0.0,HOLD
63.996,183.10833574201456,-531.7218333925613,2.2500897706267597,-2.5398862870964787,-0.01870964925304875,0.0015312137493390127,0.018772202607000396,183.0,-531.0,0.7299178581281403,183.0,-531.0,1.7197685592804848,-0.530321211346275,0.9812277973929996,0.0,0.0,HOLD
64.048,183.1074794778387,-531.7217145475216,2.2500363027830232,-2.5398862870964787,-0.01792458858280856,0.0017952074731841369,0.018014262286719575,183.0,-531.0,0.7296737121897892,183.0,-531.0,1.7186322413848691,-0.5314040613981541,0.9819857377132805,0.0,0.0,HOLD
64.096,183.10673184662454,-531.7215969813758,2.2500500717971725,-2.5398862870964787,-0.017102460182029162,0.002024138004260961,0.017221825656363685,183.0,-531.0,0.7294476613263944,183.0,-531.0,1.7176422333690538,-0.5324078384281188,0.9827781743436363,0.0,0.0,HOLD
64.148,183.1059654851803,-531.7214660342097,2.24985068930759,-2.5398862870964787,-0.016274801146918955,0.0021970648592040736,0.016422431195389553,183.0,-531.0,0.7292063648705785,183.0,-531.0,1.7166288664809632,-0.5332218228266268,0.9835775688046104,0.0,0.0,HOLD
64.196,183.10529384823633,-531.7213473970561,2.2498762584339733,-2.5398862870964787,-0.015475973461893968,0.0022931547368527723,0.01564494529362109,183.0,-531.0,0.7289916746548037,183.0,-531.0,1.7157409717263228,-0.5341352867076505,0.984355054706379,0.0,0.0,HOLD
64.248,183.1046001605595,-531.7212269389258,2.2497372584716953,-2.5398862870964787,-0.014728434421198283,0.00230132645566753,0.014907142045177327,183.0,-531.0,0.7287725921173269,183.0,-531.0,1.7148229693045942,-0.534914289167101,0.9850928579548227,0.0,0.0,HOLD
64.296,183.10398815108164,-531.721126856261,2.2496907115180487,-2.5398862870964787,-0.014036051483191536,0.002225631627438927,0.014211410112295675,183.0,-531.0,0.728585944406164,183.0,-531.0,1.714011386177835,-0.5356793253402137,0.9857885898877043,0.0,0.0,HOLD
64.348,183.10335411618198,-531.7210330128094,2.2498125590516076,-2.5398862870964787,-0.013390976057950294,0.002078299174527737,0.013551293932442048,183.0,-531.0,0.728402827350839,183.0,-531.0,1.71316824011567,-0.5366443189359376,0.986448706067558,0.0,0.0,HOLD
64.396,183.10279645205546,-531.720960150061,2.2496777037740037,-2.5398862870964787,-0.012770435360194041,0.0018821853365463012,0.012908394204160494,183.0,-531.0,0.728251775508468,183.0,-531.0,1.7124244269506526,-0.5372532768233511,0.9870916057958395,0.0,0.0,HOLD
64.448,183.10222431471314,-531.7208955843348,2.2497118785787027,-2.5398862870964787,-0.012151707403568647,0.0016579974722527155,0.012264295676472475,183.0,-531.0,0.7281073094208034,183.0,-531.0,1.7116590245446068,-0.5380528540340959,0.9877357043235275,0.0,0.0,HOLD
64.496,183.10172759423105,-531.7208488678637,2.2495160008372332,-2.5398862870964787,-0.01152052999422603,0.0014183392925120057,0.011607510400449574,183.0,-531.0,0.7279914791591623,183.0,-531.0,1.7109924758699238,-0.5385235249673095,0.9883924895995504,0.0,0.0,HOLD
64.548,183.1012250996493,-531.720812369387,2.249475044810706,-2.5398862870964787,-0.010870519565734087,0.0011675833639051354,0.010933043791217322,183.0,-531.0,0.7278852881191359,183.0,-531.0,1.710315907384645,-0.5391591374260611,0.9890669562087827,0.0,0.0,HOLD
64.596,183.1007935307856,-531.7207936333268,2.2495065428327803,-2.5398862870964787,-0.010212694015462707,0.0008955462918409973,0.01025188383733926,183.0,-531.0,0.7278068409218952,183.0,-531.0,1.709732277635023,-0.5397742651977573,0.9897481161626608,0.0,0.0,HOLD
64.648,183.10035862006288,-531.720793157031,2.2494744985590724,-2.5398862870964787,-0.00956553482074165,0.0005853109266873914,0.009583425550799706,183.0,-531.0,0.7277462661145693,183.0,-531.0,1.7091405137608529,-0.5403339847982196,0.9904165744492003,0.0,0.0,HOLD
64.696,183.09998415783573,-531.7208151324296,2.2495155137278506,-2.5398862870964787,-0.00894805137306385,0.00022021482112531248,0.008950760746575293,183.0,-531.0,0.7277164880347515,183.0,-531.0,1.7086266941566355,-0.5408888195712152,0.9910492392534247,0.0,0.0,HOLD
64.748,183.09960333698024,-531.7208685091491,2.249388142610199,-2.5398862870964787,-0.008379450689107486,-0.00021612674756274792,0.008382237447256906,183.0,-531.0,0.7277171375063693,183.0,-531.0,1.7080982704450396,-0.5412898721651593,0.9916177625527431,0.0,0.0,HOLD
64.796,183.0992718087434,-531.7209488926362,2.249358446059639,-2.5398862870964787,-0.007864036341558665,-0.0007266119793689672,0.007897533320595607,183.0,-531.0,0.7277514670576561,183.0,-531.0,1.7076318881990347,-0.5417265578606043,0.9921024666794044,0.0,0.0,HOLD
64.848,183.0989321746198,-531.7210727690448,2.249323650655474,-2.5398862870964787,-0.007397622530895959,-0.0013060813057812126,0.007512034843298498,183.0,-531.0,0.7278279421902604,183.0,-531.0,1.7071463925543748,-0.5421772581010991,0.9924879651567015,0.0,0.0,HOLD
64.896,183.09863598070896,-531.7212225891075,2.249204089357888,-2.5398862870964787,-0.0069682019115325875,-0.0019413908058604971,0.007233590819293422,183.0,-531.0,0.7279361783352306,183.0,-531.0,1.7067152976191846,-0.5424887917387033,0.9927664091807066,0.0,0.0,HOLD
64.944,183.0983347957613,-531.7214232175758,2.249170764504766,-2.5398862870964787,-0.006556537620972493,-0.0026122879450060235,0.007057778254015313,183.0,-531.0,0.7280942184324649,183.0,-531.0,1.7062681130091064,-0.5429026514956596,0.9929422217459847,0.0,0.0,HOLD
64.996,183.0980757388029,-531.721643361019,2.249213627140949,-2.5398862870964787,-0.006150706442059331,-0.0033031997712385432,0.0069815699140738045,183.0,-531.0,0.728277413520795,183.0,-531.0,1.705874834986576,-0.5433387921543731,0.9930184300859262,0.0,0.0,HOLD
65.048,183.09781624601862,-531.7219190126718,2.24918754568436,-2.5398862870964787,-0.005744545235286023,-0.004002427514569836,0.007001373148863944,183.0,-531.0,0.7285156682201491,183.0,-531.0,1.7054709308441187,-0.5437166148402413,0.992998626851136,0.0,0.0,HOLD
65.096,183.09759590004805,-531.722207505894,2.249065383092959,-2.5398862870964787,-0.00534064377171535,-0.004705174295726099,0.007117664016341566,183.0,-531.0,0.7287720091192758,183.0,-531.0,1.7051181646480402,-0.5439472184449188,0.9928823359836584,0.0,0.0,HOLD
65.148,183.0973755619872,-531.722557943899,2.2492086715170734,-2.5398862870964787,-0.004954463091898123,-0.005417080633952716,0.007341080787167941,183.0,-531.0,0.7290898314774952,183.0,-531.0,1.7047543090695518,-0.5444543624475215,0.9926589192128321,0.0,0.0,HOLD
65.196,183.0971862221408,-531.7229176736215,2.249088247154895,-2.5398862870964787,-0.00460100405640456,-0.00614413163866228,0.007675909843156188,183.0,-531.0,0.7294210886780951,183.0,-531.0,1.7044311922298296,-0.5446570549250656,0.9923240901568439,0.0,0.0,HOLD
65.248,183.09699217838062,-531.7233486135298,2.24914241046991,-2.5398862870964787,-0.004296716407164916,-0.006894242639929708,0.008123567779111905,183.0,-531.0,0.7298223752136209,183.0,-531.0,1.7040890116513885,-0.5450533988185216,0.9918764322208881,0.0,0.0,HOLD
65.296,183.09681948771552,-531.7237861847402,2.2491151499681834,-2.5398862870964787,-0.004052068430981001,-0.007671881125519963,0.008676232971368523,183.0,-531.0,0.7302331507281081,183.0,-531.0,1.7037749868340524,-0.545340163134131,0.9913237670286315,0.0,0.0,HOLD
65.348,183.0966365697753,-531.7243040131272,2.2490010464893118,-2.5398862870964787,-0.0038650229238449936,-0.008472106105173047,0.009312088061179282,183.0,-531.0,0.7307221975895064,183.0,-531.0,1.7034329137622741,-0.5455681327270376,0.9906879119388207,0.0,0.0,HOLD
65.396,183.09646980428562,-531.7248224546465,2.248979243462606,-2.5398862870964787,-0.0037282632628575056,-0.009287171713807241,0.010007572402881441,183.0,-531.0,0.7312140684496735,183.0,-531.0,1.7031130845716669,-0.545866158890939,0.9899924275971186,0.0,0.0,HOLD
65.448,183.0962909645999,-531.7254266715331,2.2489536093135096,-2.5398862870964787,-0.0036270997748144304,-0.010103506042920016,0.01073483521698308,183.0,-531.0,0.7317894544438239,183.0,-531.0,1.7027619024479728,-0.5461917068655369,0.989265164783017,0.0,0.0,HOLD
65.496,183.09612814606328,-531.7260217993253,2.24901256224933,-2.5398862870964787,-0.003544833349734519,-0.010906752412447063,0.011468351741371115,183.0,-531.0,0.7323580228010624,183.0,-531.0,1.7024345878235043,-0.5465779744258259,0.9885316482586289,0.0,0.0,HOLD
65.548,183.09595451414086,-531.7267051050162,2.2489884727775027,-2.5398862870964787,-0.0034728180782455775,-0.011688561987792489,0.012193561692428377,183.0,-531.0,0.733012672769459,183.0,-531.0,1.7020774053049936,-0.5469110674725091,0.9878064383075716,0.0,0.0,HOLD
65.592,183.09579703308702,-531.7273696430693,2.2488764551112475,-2.5398862870964787,-0.003405631101725204,-0.012443155262699443,0.012900792072298618,183.0,-531.0,0.7336509178124644,183.0,-531.0,1.7017460258697046,-0.5471304292415429,0.9870992079277013,0.0,0.0,HOLD
65.648,183.09562853694942,-531.7281249404923,2.2489345758709147,-2.5398862870964787,-0.003347768834611578,-0.013171783575453028,0.013590564327082623,183.0,-531.0,0.7343777951749444,183.0,-531.0,1.7013842542046236,-0.5475503216662911,0.9864094356729174,0.0,0.0,HOLD
65.696,183.0954729779589,-531.7288544232032,2.24874185957923,-2.5398862870964787,-0.003310334048327144,-0.01388080409088345,0.014270074762277901,183.0,-531.0,0.7350808525211318,183.0,-531.0,1.7010452090481436,-0.5476966505310863,0.9857299252377221,0.0,0.0,HOLD
65.748,183.09530202110565,-531.7296791940422,2.2487196721834177,-2.5398862870964787,-0.0033023882590792605,-0.014573864844767866,0.01494333646570488,183.0,-531.0,0.7358764851827408,183.0,-531.0,1.700669288919849,-0.5480503832635688,0.9850566635342951,0.0,0.0,HOLD
65.796,183.0951391946593,-531.7304721977861,2.2487839282291686,-2.5398862870964787,-0.003333828539645397,-0.015255331114784712,0.015615362312590532,183.0,-531.0,0.7366417705362864,183.0,-531.0,1.7003106944658521,-0.5484732337633165,0.9843846376874095,0.0,0.0,HOLD
65.848,183.094954924947,-531.7313646500108,2.248763132214009,-2.5398862870964787,-0.0034072654606214494,-0.015922855199058405,0.016283328149040207,183.0,-531.0,0.7375030095241483,183.0,-531.0,1.6999066433270145,-0.5488564888869945,0.9837166718509598,0.0,0.0,HOLD
65.896,183.0947763296718,-531.732217445996,2.2486496338725654,-2.5398862870964787,-0.0035169797644154675,-0.016568159937487226,0.01693732772244384,183.0,-531.0,0.7383257688086592,183.0,-531.0,1.6995180507397096,-0.5491315831328558,0.9830626722775562,0.0,0.0,HOLD
65.948,183.09457273808187,-531.7331701614949,2.248716665341145,-2.5398862870964787,-0.003656364855965888,-0.01718181212502256,0.01756654979953419,183.0,-531.0,0.7392445390360971,183.0,-531.0,1.6990794894427816,-0.5496371758983631,0.9824334502004658,0.0,0.0,HOLD
65.996,183.09437579698923,-531.7340729106581,2.2487007105410837,-2.5398862870964787,-0.0038126659568721993,-0.01775072386357135,0.01815556717316905,183.0,-531.0,0.7401147405770732,183.0,-531.0,1.6986595370151611,-0.5500411735259225,0.981844432826831,0.0,0.0,HOLD
66.048,183.0941531579892,-531.735072295262,2.2487665610874368,-2.5398862870964787,-0.003976764602834397,-0.018264597652291777,0.018692516794334008,183.0,-531.0,0.7410776588327321,183.0,-531.0,1.698189602264088,-0.5505769588233487,0.981307483205666,0.0,0.0,HOLD
66.096,183.09393916669217,-531.7360113481732,2.2487488036295975,-2.5398862870964787,-0.004145250199461919,-0.01871924928508138,0.01917272523699119,183.0,-531.0,0.7419819887830962,183.0,-531.0,1.6977427411084187,-0.5510060625211788,0.9808272747630088,0.0,0.0,HOLD
66.148,183.0936982625539,-531.7370430182715,2.248555345675146,-2.5398862870964787,-0.004315882791153298,-0.01911144538933822,0.01959270754991842,183.0,-531.0,0.742974949233397,183.0,-531.0,1.6972453071552556,-0.5513100385198904,0.9804072924500816,0.0,0.0,HOLD
66.196,183.09346656454522,-531.7380062543839,2.2486263331312775,-2.5398862870964787,-0.004494788460742246,-0.01944603615596933,0.01995874358485744,183.0,-531.0,0.7439013578409613,183.0,-531.0,1.6967730348108598,-0.5518532983204176,0.9800412564151426,0.0,0.0,HOLD
66.248,183.09320411985135,-531.7390592972743,2.248609691992114,-2.5398862870964787,-0.00468806716978802,-0.01972771218651075,0.020277095499657956,183.0,-531.0,0.7449131847703977,183.0,-531.0,1.696245895237581,-0.552363796754533,0.979722904500342,0.0,0.0,HOLD
66.296,183.0929501369819,-531.740038116947,2.2484991334717197,-2.5398862870964787,-0.004899202083452044,-0.01996023970130572,0.020552696903036398,183.0,-531.0,0.7458526278691647,183.0,-531.0,1.695743842105916,-0.5527552913658036,0.9794473030969636,0.0,0.0,HOLD
66.348,183.09266069402182,-531.7411038961478,2.2485726159913098,-2.5398862870964787,-0.00513265512402282,-0.020147669657867337,0.0207911697906757,183.0,-531.0,0.7468741454234998,183.0,-531.0,1.6951814892852148,-0.5533911267060949,0.9792088302093243,0.0,0.0,HOLD
66.396,183.09237984735145,-531.7420902102444,2.248559913354886,-2.5398862870964787,-0.005384066135352975,-0.020287858898813786,0.020990125936926448,183.0,-531.0,0.7478181037774608,183.0,-531.0,1.69464520427638,-0.5539147090785062,0.9790098740630736,0.0,0.0,HOLD
66.448,183.09206074845736,-531.7431583603991,2.2486326895653272,-2.5398862870964787,-0.005647424005931972,-0.02037658047899936,0.021144702171464,183.0,-531.0,0.7488387877491369,183.0,-531.0,1.694046135333757,-0.5545865542315702,0.978855297828536,0.0,0.0,HOLD
66.496,183.09175285922632,-531.7441409562298,2.2484381736916137,-2.5398862870964787,-0.005915851246844149,-0.020409538576811336,0.021249624958881923,183.0,-531.0,0.749776199885528,183.0,-531.0,1.6934774962007277,-0.554960677490886,0.9787503750411181,0.0,0.0,HOLD
66.544,183.09140619968449,-531.7451976647567,2.248423974674399,-2.5398862870964787,-0.00617858868817122,-0.020378661313697276,0.021294712844177527,183.0,-531.0,0.7507826935269494,183.0,-531.0,1.6928469976416216,-0.5555769770327772,0.9787052871558225,0.0,0.0,HOLD
66.596,183.0910749293047,-531.7461625244855,2.2485009926484913,-2.5398862870964787,-0.006431595833168745,-0.020281565376481986,0.021276919868292648,183.0,-531.0,0.7517001767290136,183.0,-531.0,1.6922533091695948,-0.5562476834788965,0.9787230801317074,0.0,0.0,HOLD
66.648,183.09070472725574,-531.7471926288597,2.248487844472169,-2.5398862870964787,-0.006672281851932739,-0.020116412321022924,0.02119408855745002,183.0,-531.0,0.7526780003220485,183.0,-531.0,1.6915992700536953,-0.5568885744184737,0.97880591144255,0.0,0.0,HOLD
66.692,183.09070472725574,-531.7471926288597,2.248487844472169,-2.5398862870964787,-0.006672281851932739,-0.020116412321022924,0.02119408855745002,183.0,-531.0,0.7526780003220485,183.0,-531.0,1.6915992700536953,-0.5568885744184737,0.97880591144255,0.0,0.0,SUCCESS
