time_s,north_m,east_m,body_yaw_rad,course_angle_rad,vx_mps,vy_mps,speed_mps,reference_north_m,reference_east_m,position_error_m,target_north_m,target_east_m,desired_heading_rad,heading_error_rad,speed_error_mps,left_thrust,right_thrust,controller_state
0.0,161.88570009337232,-531.8965275091105,0.5708019367777963,-2.605982925758027,-0.007838687635065414,-0.0028347405741426853,0.008335513059363425,163.0,-531.0,1.4301838540908829,166.5,-531.0,0.19190236524823354,-0.3788995715295628,0.9916644869406366,0.0,0.0,TRACK
0.052,161.88934147553283,-531.8941469268917,0.5708002937932077,-2.605982925758027,0.01941415604063655,0.014180568175979484,0.02404158831200191,163.0,-531.0,1.4258545104047256,166.5,-531.0,0.19155266806964882,-0.3792476257235589,0.9759584116879981,0.0,0.0,TRACK
0.1,161.89286646370894,-531.8918556777866,0.5707981776156505,-2.605982925758027,0.038322240210551736,0.02592439403947998,0.046267356754729934,163.0,-531.0,1.4216719794595658,166.5,-531.0,0.19121634676131227,-0.3795818308543383,0.9537326432452701,207.11600830264177,330.5508988241182,TRACK
0.152,161.89777118407096,-531.888877636294,0.5705700843699433,0.567170410752133,0.05792199703507363,0.036895366172081084,0.06867478274813123,163.0,-531.0,1.4159843978546722,166.5,-531.0,0.19079145121649885,-0.3797786331534444,0.9313252172518688,207.11600830264177,330.5508988241182,TRACK
0.2,161.90424819809647,-531.8845514537013,0.5699443625509253,0.5793236917446848,0.08487752534211515,0.05552706941658697,0.10142706614210956,163.0,-531.0,1.4082270007423983,166.5,-531.0,0.19014629310385633,-0.37979806944706895,0.8985729338578905,182.82355945820473,308.14419423660644,TRACK
0.252,161.91306908448473,-531.8782456511021,0.569132402927734,0.6010297407437056,0.1145417421626144,0.07853549723059464,0.13887993023797057,163.0,-531.0,1.3974026759608946,166.5,-531.0,0.18917739858832464,-0.37995500433940943,0.8611200697620294,182.82355945820473,308.14419423660644,TRACK
0.3,161.92297086967264,-531.8708723641099,0.5677006982184538,0.6205191332733773,0.14665264940085343,0.10481162418482118,0.18025669513377257,163.0,-531.0,1.3850669377846336,166.5,-531.0,0.1880227436996945,-0.3796779545187593,0.8197433048662275,157.28826788121333,282.5293378660808,TRACK
0.352,161.93600012870536,-531.8610276934257,0.5660232503335803,0.633367665730348,0.1830211579077093,0.13438976224822902,0.22706244171816303,163.0,-531.0,1.3687455625356606,166.5,-531.0,0.18646482218115543,-0.3795584281524248,0.772937558281837,157.28826788121333,282.5293378660808,TRACK
0.4,161.95068086645506,-531.8500135583945,0.5638443000563209,0.6382607778729725,0.22601079873157248,0.16766474673085152,0.28141135094307046,163.0,-531.0,1.3504050109052377,166.5,-531.0,0.18471427597689857,-0.3791300240794223,0.7185886490569295,129.02833380576268,253.5474359427632,TRACK
0.452,161.9699023601274,-531.8358629253264,0.5615194821526386,0.6365502495561249,0.2762824573547832,0.20422673102561922,0.3435703041699154,163.0,-531.0,1.326562466530058,166.5,-531.0,0.18246105889132558,-0.379058423261313,0.6564296958300846,129.02833380576268,253.5474359427632,TRACK
0.5,161.99078855045911,-531.8207978620035,0.558683412561016,0.6312169220797094,0.331878735115984,0.2425967952297282,0.4110920819937063,163.0,-531.0,1.3008523667787548,166.5,-531.0,0.18005554882634164,-0.3786278637346743,0.5889079180062937,89.84738125243439,214.59137439451246,TRACK
0.552,162.01642288418063,-531.8025879930957,0.5557896126160096,0.6252215568190003,0.38825996248941796,0.2802543422401149,0.4788405734863366,163.0,-531.0,1.2694768329610968,166.5,-531.0,0.17713013680116066,-0.37865947581484893,0.5211594265136634,89.84738125243439,214.59137439451246,TRACK
0.6,162.04226355416682,-531.7843754690356,0.5523741675137739,0.6204216189640739,0.44079052760079374,0.31496497706110227,0.5417556884774601,163.0,-531.0,1.2379434462454066,166.5,-531.0,0.17417528294483628,-0.3781988845689376,0.45824431152253986,47.66132029123284,173.08961516782617,TRACK
0.652,162.0717204715787,-531.763575045094,0.548094244415297,0.6181394821520035,0.4847815562895971,0.3447300885430412,0.5948545967423106,163.0,-531.0,1.2019774259013,166.5,-531.0,0.17075244302699646,-0.37734180138830054,0.40514540325768944,47.66132029123284,173.08961516782617,TRACK
0.7,162.09957409236674,-531.7437928154973,0.5450511469652464,0.6179096369957812,0.5182073298344406,0.36831998169537405,0.6357660305570135,163.0,-531.0,1.167901779912397,166.5,-531.0,0.16744478277701205,-0.37760636418823434,0.36423396944298647,21.59342135145453,145.2753194206235,TRACK
0.752,162.1298490557425,-531.7220293238572,0.5412141492714729,0.6199359277095294,0.5406085563447133,0.3858930279870022,0.6642070763264212,163.0,-531.0,1.1307028832995452,166.5,-531.0,0.16373921790390925,-0.3774749313675637,0.3357929236735788,21.59342135145453,145.2753194206235,TRACK
0.8,162.157574182248,-531.7018893934006,0.5361560698968624,0.6229781662708869,0.553557942393241,0.3976841277708818,0.6816003675670412,163.0,-531.0,1.0965080843219621,166.5,-531.0,0.1602493564504744,-0.375906713446388,0.31839963243295877,12.582042581893774,139.93925422987772,TRACK
0.852,162.18725649124434,-531.6801009949054,0.5315456208234934,0.626651031172573,0.5595974346463732,0.40514736523052114,0.6908644414181665,163.0,-531.0,1.0597591114473885,166.5,-531.0,0.15640765036905277,-0.37513797045444064,0.3091355585818335,12.582042581893774,139.93925422987772,TRACK
0.9,162.21439093526496,-531.6600649653753,0.5271095838163131,0.6299716685394453,0.5615936535038148,0.40944183605643214,0.6950036321984404,163.0,-531.0,1.0260932516637151,166.5,-531.0,0.1528181151021647,-0.3742914687141484,0.3049963678015596,18.80669261564134,140.84198844277012,TRACK
0.952,162.24370687289243,-531.6384116638731,0.5221327566532563,0.6321555136794902,0.5623546857316245,0.41188056893281827,0.6970569529304877,163.0,-531.0,0.9897215500732063,166.5,-531.0,0.14888252463483528,-0.373250232018421,0.30294304706951225,18.80669261564134,140.84198844277012,TRACK
1.0,162.27083905473154,-531.6184026568995,0.5181969531456372,0.6333070954878068,0.5633693716357129,0.4136213789881734,0.6989046387407198,163.0,-531.0,0.9560844785714364,166.5,-531.0,0.14519450502357886,-0.3730024481220583,0.30109536125928016,21.90692124869247,144.86328146908346,TRACK
1.052,162.30038882994845,-531.5966526857477,0.5133569287121111,0.6337307513609957,0.5650828093693175,0.4152479329412929,0.7012484775432578,163.0,-531.0,0.9194836685177433,166.5,-531.0,0.14112882034438123,-0.3722281083677299,0.2987515224567422,21.90692124869247,144.86328146908346,TRACK
1.1,162.3277690236052,-531.576482396032,0.5071364594026011,0.6341490966717197,0.5669510715039889,0.41698618558866807,0.703783344823752,163.0,-531.0,0.8855656037581329,166.5,-531.0,0.13730190367593534,-0.3698345557266658,0.29621665517624796,20.3035522964177,145.32984320149654,TRACK
1.152,162.35740562625244,-531.5545470089348,0.5015984844364465,0.6352094791655709,0.5679953296801015,0.4186830491713943,0.7056303495470297,163.0,-531.0,0.8487932105587224,166.5,-531.0,0.1330735468821864,-0.3685249375542601,0.29436965045297026,20.3035522964177,145.32984320149654,TRACK
1.2,162.38462120665585,-531.5342548506214,0.49724914845244483,0.6371285483486789,0.5676439047335758,0.42010763632991655,0.7061940446392126,163.0,-531.0,0.8149351536841659,166.5,-531.0,0.12909712533784276,-0.36815202311460204,0.29380595536078735,22.23421989291716,141.04474909275768,TRACK
1.252,162.41388237497065,-531.5122660368069,0.49194171164494205,0.6396819695528451,0.5659187094264672,0.42107159505869096,0.7053830688669728,163.0,-531.0,0.7784281359482398,166.5,-531.0,0.12471674853023061,-0.3672249631147114,0.2946169311330272,22.23421989291716,141.04474909275768,TRACK
1.3,162.44070724024283,-531.4919712207097,0.4851974046693925,0.6424731711956566,0.5634451370701477,0.42167957082975527,0.7037642239721795,163.0,-531.0,0.7448785626687162,166.5,-531.0,0.1206080661324907,-0.3645893385369018,0.2962357760278205,20.95971477192014,144.95530871017522,TRACK
1.352,162.46970216165874,-531.4699473241488,0.4792495020500538,0.6449603075023128,0.5613974640104089,0.42232948635296585,0.7025164109403269,163.0,-531.0,0.7085663588006913,166.5,-531.0,0.11607942796995832,-0.3631700740800955,0.2974835890596731,20.95971477192014,144.95530871017522,TRACK
1.4,162.4966072932439,-531.4495240976217,0.4746066636224864,0.6464769997670554,0.5610916027485042,0.4234335262228671,0.7029365105074687,163.0,-531.0,0.6748897180709464,166.5,-531.0,0.11181742087306874,-0.36278924274941765,0.29706348949253125,25.736331627492376,143.2393698015901,TRACK
1.452,162.52618350355462,-531.427224862553,0.467553221457389,0.6463191057877371,0.5637801881086963,0.42532279731544326,0.7062206329611949,163.0,-531.0,0.6379836639657662,166.5,-531.0,0.10709859749585826,-0.3604546239615307,0.29377936703880514,25.736331627492376,143.2393698015901,TRACK
1.5,162.5540899945302,-531.4063944845984,0.46280446417599547,0.6445014716420342,0.5699419523008322,0.4283479908403211,0.7129627130849298,163.0,-531.0,0.6033176693004323,166.5,-531.0,0.10262947103769955,-0.36017499313829593,0.28703728691507024,21.88217045644437,141.87812269236707,TRACK
1.552,162.585075760647,-531.383502145337,0.45705690809718913,0.6415573637389411,0.5790203101663073,0.4325092467670027,0.7227231614692079,163.0,-531.0,0.5650097520227365,166.5,-531.0,0.09764747541101226,-0.35940943268617687,0.2772768385307921,21.88217045644437,141.87812269236707,TRACK
1.6,162.6143363618345,-531.3620790921194,0.4497953915558288,0.6381068132154992,0.5897217519336371,0.4373407734437821,0.7341925475105857,163.0,-531.0,0.5289968910618269,166.5,-531.0,0.09291502258061374,-0.3568803689752151,0.2658074524894143,12.308338435701174,136.02782379263732,TRACK
1.652,162.64650071265248,-531.338618926558,0.44490514756939104,0.6352549364290232,0.5998099615702795,0.4421764632482831,0.7451791829148883,163.0,-531.0,0.48951457953616173,166.5,-531.0,0.08764796566458487,-0.35725718190480615,0.25482081708511173,12.308338435701174,136.02782379263732,TRACK
1.696,162.67633922528196,-531.3168739499346,0.4384855300279904,0.6332937811667719,0.6074489629439862,0.44597182232353894,0.7535815210634497,163.0,-531.0,0.45295187077460947,166.5,-531.0,0.0826829417174284,-0.355802588310562,0.24641847893655033,5.9076131379880366,127.18489009658917,TRACK
1.752,162.70846041747342,-531.293370036199,0.4325041508438512,0.6327312977364801,0.6110421579714557,0.44808110388431044,0.7577263321784427,163.0,-531.0,0.41359558305085986,166.5,-531.0,0.07722105154268882,-0.35528309930116236,0.24227366782155735,5.9076131379880366,127.18489009658917,TRACK
1.8,162.7376667911645,-531.2718822751559,0.42597349854059496,0.6332793013540657,0.6101405441788147,0.4479343084640022,0.7569125632131786,163.0,-531.0,0.37780773417426944,166.5,-531.0,0.07213887492162553,-0.35383462361896945,0.24308743678682143,4.879838581625684,126.45521219569471,TRACK
1.852,162.76866267302927,-531.2489222018795,0.41990078967028843,0.6347552473706847,0.6052174816522661,0.44569625524665624,0.7516204840465722,163.0,-531.0,0.33982233805108525,166.5,-531.0,0.06661255627683954,-0.3532882333934489,0.24837951595342778,4.879838581625684,126.45521219569471,TRACK
1.9,162.79664273869002,-531.2280633751124,0.41327613152699283,0.6367596201871786,0.5974126751836559,0.4417981777541518,0.743025931133619,163.0,-531.0,0.3055602703152565,166.5,-531.0,0.06150519838584748,-0.3517709331411453,0.25697406886638097,11.41544573210922,132.86326260056705,TRACK
1.948,162.82640612711913,-531.2058066540586,0.40712140042089806,0.6385764562027735,0.5886487379114163,0.4369736687865008,0.733112081374627,163.0,-531.0,0.26924192013240555,166.5,-531.0,0.055964744752847836,-0.3511566556680502,0.266887918625373,11.41544573210922,132.86326260056705,TRACK
2.004,162.85355330184302,-531.1854647083495,0.4004137683562603,0.6401106870130118,0.5805698286708096,0.43235957217345555,0.7238757666981723,163.0,-531.0,0.23631291425618572,166.5,-531.0,0.050817972693052375,-0.3495957956632079,0.27612423330182767,19.930108696294155,140.9604438066236,TRACK
2.048,162.8829043230582,-531.1635208873939,0.39418795212141594,0.6407553745557882,0.5749253391227964,0.42873251680610436,0.7171824848198393,163.0,-531.0,0.2011230423709743,166.5,-531.0,0.04517702602263843,-0.3490109260987775,0.28281751518016074,19.930108696294155,140.9604438066236,TRACK
2.1,162.9101807347879,-531.1431980566764,0.3874097219043615,0.6406105355817625,0.5725919726255577,0.42686344323930714,0.714194627737667,163.0,-531.0,0.16903604301786665,166.5,-531.0,0.03986890858057586,-0.34754081332378567,0.28580537226233305,23.81893437335635,144.67990449885096,TRACK
2.152,162.9401342382165,-531.1210066697379,0.38112411612935615,0.6395635792367819,0.5737949014375802,0.42682634249940843,0.715137270436372,163.0,-531.0,0.13500564267826418,166.5,-531.0,0.03397883638703005,-0.3471452797423261,0.284862729563628,23.81893437335635,144.67990449885096,TRACK
2.2,162.9682577396314,-531.1003035127892,0.3742860068806033,0.6377994162622344,0.5780338837514818,0.42839764204210584,0.719477387047055,163.0,-531.0,0.105206301005024,166.5,-531.0,0.02839294331625798,-0.34589306356434535,0.280522612952945,20.671257091937903,142.0654714243223,TRACK
2.248,162.99922312871323,-531.0776527134466,0.3679484229584973,0.6355753648561413,0.584142912489136,0.4309157705949638,0.725886591389276,163.0,-531.0,0.07765659942730714,166.5,-531.0,0.022177929199260926,-0.34577049375923635,0.274113408610724,20.671257091937903,142.0654714243223,TRACK
2.3,163.0282020123696,-531.0566053945466,0.361055467256316,0.6329328933235343,0.5909972531123662,0.43356528453216464,0.7329779049451758,163.0282020123696,-531.0,0.05660539454663649,166.5,-531.0,0.01630290118039693,-0.34475256607591903,0.2670220950548242,13.977323272594042,136.50203689559368,TRACK
2.352,163.0598790283858,-531.0337391962995,0.35466745623403423,0.630198203413544,0.5973588992474855,0.43572453853235504,0.7393872652334508,163.0598790283858,-531.0,0.03373919629950706,166.5,-531.0,0.00980724656745296,-0.34486020966658126,0.2606127347665492,13.977323272594042,136.50203689559368,TRACK
2.4,163.08926532776795,-531.0126741439292,0.34771857568610387,0.6272706201654958,0.6025583841722972,0.43682029024626584,0.744236906036755,163.08926532776795,-531.0,0.012674143929189086,166.5,-531.0,0.003715940057305037,-0.34400263562879885,0.25576309396324504,9.020683380697392,132.76981096911283,TRACK
2.452,163.121139423297,-530.9899571999788,0.33966311960684004,0.624426651058084,0.6062001311575081,0.43683569601853145,0.7471974466841913,163.121139423297,-531.0,0.010042800021210496,166.5,-531.0,-0.0029722358232585366,-0.3426353554300986,0.2528025533158087,9.020683380697392,132.76981096911283,TRACK
2.5,163.15053198401785,-530.9691300113649,0.3342698322649167,0.6216324191662065,0.6083508405085833,0.43580811938845276,0.7483444808859084,163.15053198401785,-531.0,0.030869988635117807,166.5,-531.0,-0.009216124614999,-0.3434859568799157,0.25165551911409156,9.840669683840176,130.6671800536016,TRACK
2.552,163.1823151398503,-530.9467222308265,0.32615357026547875,0.6189928704935302,0.609353133664329,0.4340968773801953,0.7481653162622375,163.1823151398503,-531.0,0.05327776917351912,166.5,-531.0,-0.016057338875433227,-0.34221090914091196,0.2518346837377625,9.840669683840176,130.6671800536016,TRACK
2.6,163.21159075923373,-530.9261500894621,0.320731022907222,0.6167395525989069,0.6095475948860687,0.4321681677456485,0.7472065281058657,163.21159075923373,-531.0,0.07384991053788781,166.5,-531.0,-0.022453865560865774,-0.34318488846808776,0.25279347189413426,9.289334296296765,134.28504095661378,TRACK
2.652,163.24324955994297,-530.9039302958145,0.3142056573276042,0.6150744026433719,0.6092940183727371,0.43046561243231884,0.746015981270863,163.24324955994297,-531.0,0.09606970418553828,166.5,-531.0,-0.029490086773632254,-0.34369574410123643,0.253984018729137,9.289334296296765,134.28504095661378,TRACK
2.7,163.27242817287024,-530.8834502953412,0.30710772940973885,0.6139977441478706,0.608801831203608,0.42913598486547744,0.7448472079449111,163.27242817287024,-531.0,0.11654970465883707,167.0,-531.0,-0.031256740812405724,-0.33836447022214455,0.2551527920550889,8.228330349500567,138.2414902597715,TRACK
2.752,163.3039865161101,-530.8612721789013,0.3005226809274117,0.6135027386580798,0.6081331159351913,0.428214173892106,0.7437696319554487,163.3039865161101,-531.0,0.1387278210986551,167.0,-531.0,-0.03751683497060487,-0.33803951589801656,0.25623036804455135,8.228330349500567,138.2414902597715,TRACK
2.8,163.33306442241167,-530.840825750711,0.29334715205876494,0.6132727571493966,0.6073129254735651,0.4274277519176597,0.7426462634098716,163.33306442241167,-531.0,0.15917424928898072,167.0,-531.0,-0.043380742306858205,-0.3367278943656231,0.2573537365901284,17.046478126778467,130.8427288961069,TRACK
2.848,163.3645145210573,-530.8187833154502,0.28670733884749455,0.6125881515031358,0.606436757826418,0.4261905837710971,0.7412178862778246,163.3645145210573,-531.0,0.18121668454978135,167.0,-531.0,-0.04980540290882118,-0.33651274175631574,0.2587821137221754,17.046478126778467,130.8427288961069,TRACK
2.9,163.39349469558087,-530.7985441312416,0.27842971681269835,0.6115599990092552,0.6054976651549592,0.4246012643060463,0.7395361087589977,163.39349469558087,-531.0,0.201455868758444,167.0,-531.0,-0.05580103551127002,-0.33423075232396837,0.26046389124100233,13.558628026575349,136.02499303374964,TRACK
2.952,163.42485899506056,-530.776739243961,0.27125941674096676,0.6101474052206186,0.6046793442332573,0.4227544861876468,0.7378065226969354,163.42485899506056,-531.0,0.22326075603905338,167.0,-531.0,-0.06236710983763806,-0.3336265265786048,0.26219347730306464,13.558628026575349,136.02499303374964,TRACK
3.0,163.4538321038263,-530.7567287186296,0.26462733208851574,0.6081534332979269,0.604303825168472,0.4207004965632264,0.736323312765386,163.4538321038263,-531.0,0.24327128137042564,167.0,-531.0,-0.06849386184667515,-0.3331211939351909,0.263676687234614,16.406186375824674,135.62763397589077,TRACK
3.052,163.48532691140468,-530.7351706657835,0.25909545204320605,0.6053909904301352,0.6047817681370876,0.41855760153794697,0.7354940196060201,163.48532691140468,-531.0,0.2648293342165289,167.0,-531.0,-0.07520751789142961,-0.33430296993463565,0.2645059803939799,16.406186375824674,135.62763397589077,TRACK
3.1,163.51457903653028,-530.7153448432693,0.2507965012705904,0.6019763871002208,0.606404894996569,0.41662573016513604,0.7357335765828773,163.51457903653028,-531.0,0.28465515673065056,167.0,-531.0,-0.0814893795043713,-0.3322858807749617,0.2642664234171227,12.73533743909298,135.62763397589077,TRACK
3.152,163.5465398780195,-530.69388802304,0.2435874375776126,0.5982021326390682,0.6092842302329223,0.41522762999707274,0.7373203224674542,163.5465398780195,-531.0,0.3061119769599827,167.0,-531.0,-0.0884081548296512,-0.3319955924072638,0.26267967753254584,12.73533743909298,140.1525351484128,TRACK
3.2,163.57634459080975,-530.6740714264566,0.23802020342656172,0.5941700667106194,0.6133607804136542,0.41439397625192653,0.7402255159770765,163.57634459080975,-531.0,0.325928573543365,167.0,-531.0,-0.09491296302910339,-0.3329331664556651,0.25977448402292347,14.47984039413776,135.44253586200463,TRACK
3.252,163.6089699141052,-530.6525958938504,0.22964951852499407,0.5899233796347682,0.6182780294496848,0.41390293864425465,0.7440318301783432,163.6089699141052,-531.0,0.3474041061496109,167.0,-531.0,-0.10209178075436857,-0.33174129927936263,0.2559681698216568,14.47984039413776,135.44253586200463,TRACK
3.3,163.63936503965866,-530.6327767184274,0.22406613511084572,0.5856418423796502,0.6235118429696691,0.4135517309113356,0.7481925236616542,163.63936503965866,-531.0,0.367223281572592,167.0,-531.0,-0.10884016705430404,-0.33290630216514977,0.25180747633834577,9.093985136010772,134.79235034843788,TRACK
3.352,163.67250370493346,-530.6113277768166,0.21567467985792033,0.58168357480872,0.628331406510702,0.4131765013192843,0.7520074319115214,163.67250370493346,-531.0,0.3886722231834483,167.0,-531.0,-0.11627929184434414,-0.3319539717022645,0.24799256808847858,9.093985136010772,134.79235034843788,TRACK
3.4,163.70319610407532,-530.5916094182382,0.2089415341812928,0.5779361633055252,0.6322141579746541,0.41234442382432224,0.7547997518564862,163.70319610407532,-531.0,0.4083905817617506,167.0,-531.0,-0.12324685030564661,-0.33218838448693944,0.24520024814351382,5.8572274460032006,133.12833078620676,TRACK
3.452,163.73644599907473,-530.5703772991567,0.20332136578097113,0.574549623519039,0.6347365728718948,0.41093236930400345,0.7561454417524185,163.73644599907473,-531.0,0.42962270084331067,167.0,-531.0,-0.1308899549625838,-0.3342113207435549,0.2438545582475815,5.8572274460032006,133.12833078620676,TRACK
3.5,163.767059130111,-530.5509468390884,0.1948514085202555,0.571402265166494,0.635799519506139,0.4087864780455692,0.7558752632790267,163.767059130111,-531.0,0.4490531609116033,167.5,-531.0,-0.11971947439077736,-0.31457088291103286,0.24412473672097335,2.986853442255992,135.79346248206565,TRACK
3.552,163.80008553186005,-530.5300719945687,0.18918238170435386,0.568704391187129,0.6355627763745539,0.40621497191959577,0.7542881718047614,163.80008553186005,-531.0,0.4699280054312567,167.5,-531.0,-0.12633407649869702,-0.31551645820305085,0.24571182819523862,2.986853442255992,135.79346248206565,TRACK
3.6,163.83043985193035,-530.5109819439767,0.18177138492433076,0.5661652766278917,0.6344493884894106,0.40323801731449593,0.7517492435395681,163.83043985193035,-531.0,0.4890180560232693,167.5,-531.0,-0.13248281832040457,-0.3142542032447353,0.24825075646043193,29.74977834857107,113.21951649428375,TRACK
3.652,163.86324658873625,-530.4905961922013,0.17495969033549397,0.562634648648606,0.6332066771731792,0.3993165020503365,0.7486016062141566,163.86324658873625,-531.0,0.5094038077986625,167.5,-531.0,-0.13916560851241205,-0.314125298847906,0.2513983937858434,29.74977834857107,113.21951649428375,TRACK
3.7,163.89350528576142,-530.4719542860627,0.1677276128938041,0.5589954623378415,0.6322206726378026,0.39548629192717766,0.7457294321755742,163.89350528576142,-531.0,0.5280457139373311,167.5,-531.0,-0.14538221918291014,-0.3131098320767143,0.2542705678244258,14.246371955290641,133.92475815584507,TRACK
3.752,163.9263321702202,-530.4518236762697,0.16112471740767245,0.5558943339645137,0.6318936210717824,0.3925605787440132,0.7439041311453001,163.9263321702202,-531.0,0.5481763237303312,167.5,-531.0,-0.15220681179405773,-0.3133315292017302,0.2560958688546999,14.246371955290641,133.92475815584507,TRACK
3.8,163.956756712834,-530.4332943575372,0.15286043925178228,0.5527963920546136,0.6325764769221871,0.3902739919412459,0.7432810961816815,163.956756712834,-531.0,0.5667056424628072,167.5,-531.0,-0.1585965697256071,-0.31145700897738937,0.2567189038183185,14.61050162470282,135.77858166905844,TRACK
3.852,163.98991507569832,-530.41327742721,0.14568941120573098,0.5494045366330206,0.6343559985093146,0.38840743350249546,0.7438197814287711,163.98991507569832,-531.0,0.586722572789995,167.5,-531.0,-0.16562220269564132,-0.3113116139013723,0.25618021857122886,14.61050162470282,135.77858166905844,TRACK
3.9,164.02074719539624,-530.3948976785506,0.13905656654527232,0.5452460219826749,0.6371489384950493,0.3864838324181754,0.7452036785644636,164.02074719539624,-531.0,0.605102321449408,167.5,-531.0,-0.17219496495405517,-0.3112515314993275,0.25479632143553643,14.892308604535302,133.33910144090066,TRACK
3.952,164.05439607830883,-530.3751354718023,0.13352444858415513,0.5402490837684109,0.6406296757795804,0.3842293441852553,0.7470197925239208,164.05439607830883,-531.0,0.6248645281976906,167.5,-531.0,-0.17940145862482457,-0.3129259072089797,0.2529802074760792,14.892308604535302,133.33910144090066,TRACK
4.0,164.08567173824005,-530.357064533938,0.12632923578085362,0.5345111313606494,0.6444609762552439,0.38151632898099996,0.7489223318842887,164.08567173824005,-531.0,0.6429354660619993,167.5,-531.0,-0.18612560509817427,-0.31245484087902786,0.2510776681157113,8.937997184808516,135.9998068356127,TRACK
4.048,164.11974803978333,-530.3376651436256,0.11967655449689385,0.5285429203021704,0.6482593564918326,0.3785584332480424,0.7506974628053684,164.11974803978333,-531.0,0.6623348563744003,167.5,-531.0,-0.1934910442204021,-0.31316759871729594,0.24930253719463158,8.937997184808516,135.9998068356127,TRACK
4.1,164.1513499909221,-530.31993347318,0.1124376342730562,0.5224932172307635,0.6517994754399776,0.37535641194403085,0.7521535695397098,164.1513499909221,-531.0,0.6800665268200419,167.5,-531.0,-0.20036184202846777,-0.31279947630152394,0.2478464304602902,9.015945319064926,133.7858653197007,TRACK
4.152,164.1857096536375,-530.3008966072102,0.10572846093738097,0.5166851431551754,0.6549366196203296,0.37211441948291635,0.7532669625748976,164.1857096536375,-531.0,0.6991033927897661,167.5,-531.0,-0.2078885616686817,-0.31361702260606267,0.24673303742510244,9.015945319064926,133.7858653197007,TRACK
4.196,164.2175175874762,-530.2834754580147,0.0973145846185981,0.5112106540262414,0.6576416536604489,0.36890358554826197,0.7540440305841654,164.2175175874762,-531.0,0.7165245419853363,167.5,-531.0,-0.21491617961364404,-0.31223076423224216,0.24595596941583464,8.11482333116276,133.96327304267214,TRACK
4.252,164.25205710232217,-530.2647391163438,0.09000244041604577,0.5062429247229482,0.6599445786501794,0.3658973226219613,0.7545910797191301,164.25205710232217,-531.0,0.735260883656224,168.0,-531.0,-0.19371708760995923,-0.283719528026005,0.2454089202808699,8.11482333116276,133.96327304267214,TRACK
4.296,164.28400241622919,-530.2475533099571,0.08436090337239976,0.5018012607551021,0.6618985566946101,0.36314643127390456,0.7549735292719743,164.28400241622919,-531.0,0.7524466900429161,168.0,-531.0,-0.19978717679959818,-0.28414808017199794,0.24502647072802575,44.454062433072835,97.65461214609041,TRACK
4.352,164.3186831710895,-530.2292325772555,0.07766697202994721,0.4962760729017767,0.6636622195651737,0.3593578042808982,0.7547089327520651,164.3186831710895,-531.0,0.7707674227444841,168.0,-531.0,-0.20639136046810452,-0.28405833249805174,0.24529106724793492,44.454062433072835,97.65461214609041,TRACK
4.396,164.35074995227887,-530.2125704069082,0.07066188859728428,0.4903128786816847,0.6652007222231954,0.35507756489853953,0.7540371860462435,164.35074995227887,-531.0,0.7874295930918151,168.0,-531.0,-0.21252011629511777,-0.2831820048924021,0.24596281395375652,13.106638264548323,129.6766426148024,TRACK
4.452,164.3855284579005,-530.1946654068547,0.06273490931629011,0.48511568325716303,0.6664665649752873,0.3513148406208985,0.7533921949890683,164.3855284579005,-531.0,0.8053345931452895,168.0,-531.0,-0.21922746204746935,-0.28196237136375946,0.2466078050109317,13.106638264548323,129.6766426148024,TRACK
4.5,164.41766482173654,-530.1783272729828,0.057436998356783286,0.4799564335754497,0.667530920204996,0.3474868725532529,0.7525587392533353,164.41766482173654,-531.0,0.8216727270172441,168.0,-531.0,-0.22546797122521828,-0.28290496958200156,0.24744126074666473,16.780321590250615,127.58355251195357,TRACK
4.552,164.45251944422913,-530.1608895744779,0.051072097789394366,0.47434677372357453,0.6684935187564398,0.3432355917115837,0.7514614135382918,164.45251944422913,-531.0,0.839110425522108,168.0,-531.0,-0.23226802699067667,-0.28334012478007103,0.24853858646170823,16.780321590250615,127.58355251195357,TRACK
4.6,164.4847378279643,-530.1450508223944,0.044179246262244565,0.46826255586805693,0.6694465019273015,0.3385940352212535,0.7502029989476927,164.4847378279643,-531.0,0.8549491776055902,168.0,-531.0,-0.23857854434172773,-0.2827577906039723,0.2497970010523073,13.679553139684138,132.1880337992074,TRACK
4.652,164.51970775685405,-530.1281517882489,0.03781139611038652,0.4619426889091369,0.6705147476260688,0.33382962194984384,0.7490208563686503,164.51970775685405,-531.0,0.8718482117510575,168.0,-531.0,-0.24545866008924694,-0.28327005619963347,0.25097914363134965,13.679553139684138,132.1880337992074,TRACK
4.696,164.55207352408738,-530.1127735748385,0.030889134481653313,0.45552313674477685,0.6718349720333072,0.32912206038552433,0.7481200172962941,164.55207352408738,-531.0,0.8872264251615434,168.0,-531.0,-0.25185774871881417,-0.2827468832004675,0.25187998270370593,16.07001661538053,131.53029033877766,TRACK
4.752,164.58726454720775,-530.0963232535437,0.024480926761225374,0.4491429398373801,0.6735553874395671,0.3246526556576928,0.7477139872802018,164.58726454720775,-531.0,0.9036767464563127,168.0,-531.0,-0.25885457265178735,-0.2833354994130127,0.2522860127197982,16.07001661538053,131.53029033877766,TRACK
4.8,164.61989829436087,-530.0813099906903,0.016456292987049315,0.4428533681183324,0.6757654081605028,0.3204959344832382,0.7479147885197986,164.61989829436087,-531.0,0.918690009309671,168.0,-531.0,-0.2653828090561783,-0.2818391020432276,0.25208521148020135,16.05609311305693,131.82074167264474,TRACK
4.852,164.655438860118,-530.0652104547545,0.011102237282624605,0.4367102054458952,0.6784628617466484,0.3166846185206969,0.748732931275933,164.655438860118,-531.0,0.9347895452455077,168.0,-531.0,-0.2725407517895632,-0.2836429890721878,0.251267068724067,16.05609311305693,131.82074167264474,TRACK
4.9,164.68843087908104,-530.0504923295829,0.004127851154448026,0.43070699283092867,0.6815676650740715,0.31316466474812354,0.7500710561815636,164.68843087908104,-531.0,0.9495076704171197,168.0,-531.0,-0.27923328919000884,-0.28336114034445686,0.24992894381843644,14.949258528744856,131.31930191474078,TRACK
4.952,164.7243654630708,-530.0347341215061,-0.0023184962681290777,0.42458044417491625,0.6848863745368983,0.3096218941417864,0.7516216224658815,164.7243654630708,-531.0,0.9652658784939376,168.0,-531.0,-0.2865694742825208,-0.2842509780143917,0.2483783775341185,14.949258528744856,131.31930191474078,TRACK
5.0,164.75769502008015,-530.0203856703787,-0.009314656766944429,0.41823626547513587,0.6882041633088463,0.30587835399594065,0.7531178777846766,164.75769502008015,-531.0,0.9796143296213131,168.5,-531.0,-0.2560230550543436,-0.24670839828739916,0.24688212221532335,13.332954121785171,130.52786762194955,TRACK
5.052,164.79393668255403,-530.0050897482702,-0.01578241856035345,0.4116147973790653,0.6912669728018953,0.3017742519816392,0.7542663500685777,164.79393668255403,-531.0,0.9949102517298343,168.5,-531.0,-0.2622710072945135,-0.24648858873416007,0.24573364993142233,13.332954121785171,130.52786762194955,TRACK
5.1,164.82747653939154,-529.9912389921595,-0.023882034781580463,0.40461059938782623,0.6938849884280531,0.2971483604280614,0.7548334420724114,164.82747653939154,-531.0,1.0087610078404623,168.5,-531.0,-0.2680667263652746,-0.24418469158369416,0.24516655792758857,58.93771118892694,83.7194907965948,TRACK
5.152,164.8638601221162,-529.9767173035259,-0.029173441256342914,0.3959220370266752,0.6959147415864753,0.2908885693123253,0.7542635396954716,164.8638601221162,-531.0,1.023282696474098,168.5,-531.0,-0.27432503663520086,-0.24515159537885794,0.24573646030452845,58.93771118892694,83.7194907965948,TRACK
5.2,164.89746009603178,-529.9637243300343,-0.036741846488924645,0.38652482214201467,0.697344391832351,0.283818001762432,0.7528890083833415,164.89746009603178,-531.0,1.0362756699656757,168.5,-531.0,-0.28008966405285085,-0.2433478175639262,0.2471109916166585,21.831002126004847,122.29788619750471,TRACK
5.252,164.93387082097965,-529.9498952572292,-0.0416442194001947,0.37831156736606436,0.6983460418401596,0.2775619988725631,0.7514837705313073,164.93387082097965,-531.0,1.0501047427708272,168.5,-531.0,-0.2863722739175166,-0.24472805451732188,0.24851622946869267,21.831002126004847,122.29788619750471,TRACK
5.296,164.9674933075561,-529.9373358709038,-0.04802379590459416,0.3710481543867989,0.6990888918161393,0.27199415788981995,0.7501373878076669,164.9674933075561,-531.0,1.0626641290962198,168.5,-531.0,-0.29221293300856255,-0.2441891371039684,0.24986261219233308,22.478738796215197,124.71728670295383,TRACK
5.348,165.00395099649947,-529.9239555898935,-0.05390796902614037,0.3643118596785165,0.6997960706453971,0.2668557863516454,0.748950299552709,165.00395099649947,-531.0,1.0760444101065332,168.5,-531.0,-0.29858699328478144,-0.24467902425864108,0.251049700447291,22.478738796215197,124.71728670295383,TRACK
5.4,165.03765702797014,-529.9118226226124,-0.06028564655890545,0.35775121167456986,0.7006405920598235,0.26192581421995537,0.7479989113606561,165.03765702797014,-531.0,1.0881773773876375,168.5,-531.0,-0.3045141540233205,-0.24422850746441505,0.2520010886393439,22.795730734795626,125.80101323886552,TRACK
5.452,165.074252378568,-529.8989333158466,-0.06617399248867706,0.35107451771403597,0.7017312446321055,0.2570067286275887,0.7473146581278725,165.074252378568,-531.0,1.101066684153352,168.5,-531.0,-0.31098069176296916,-0.2448066992742921,0.25268534187212754,22.795730734795626,125.80101323886552,TRACK
5.5,165.10812623622255,-529.8872862467064,-0.0735405803339011,0.34411565047574383,0.703122187742,0.2519809194224817,0.7469104328151371,165.10812623622255,-531.0,1.112713753293633,168.5,-531.0,-0.31699058776979355,-0.24345000743589246,0.25308956718486286,22.879035415495842,126.29493053674474,TRACK
5.552,165.14493960654067,-529.8749519799325,-0.07845604926774465,0.3368297726742862,0.7048117222504751,0.2468067009105145,0.7467751411475967,165.14493960654067,-531.0,1.1250480200675383,168.5,-531.0,-0.3235453027274903,-0.2450892534597457,0.2532248588524033,22.879035415495842,126.29493053674474,TRACK
5.6,165.1790375403924,-529.8638295310009,-0.08583424132111528,0.3292947607834462,0.7067583871315387,0.24152554571799184,0.7468882158764776,165.1790375403924,-531.0,1.1361704689991257,168.5,-531.0,-0.3296383528831724,-0.2438041115620571,0.2531117841235224,22.608309331307197,126.43936970217885,TRACK
5.652,165.21610483662994,-529.8520577460133,-0.09076192952113815,0.3216616585997848,0.7088843686190225,0.23622477290218677,0.7472075959230339,165.21610483662994,-531.0,1.1479422539866846,168.5,-531.0,-0.33628925822335143,-0.24552732870221328,0.2527924040769661,22.608309331307197,126.43936970217885,TRACK
5.7,165.25043630829248,-529.8414362893294,-0.0971678190064107,0.31408430687557126,0.7111084871417188,0.23099422403991082,0.7476855034202446,165.25043630829248,-531.0,1.1585637106705917,169.0,-531.0,-0.29968055611014893,-0.20251273710373824,0.25231449657975535,22.07559312310203,126.37353062395869,TRACK
5.752,165.28774584778483,-529.8301797170486,-0.10457359799733479,0.30670163606605627,0.7133424170714334,0.2259116359773855,0.7482602964632653,165.28774584778483,-531.0,1.1698202829513775,169.0,-531.0,-0.30527360419778377,-0.20070000620044898,0.2517397035367347,22.07559312310203,126.37353062395869,TRACK
5.8,165.32228439685332,-529.8200123966732,-0.10950722802571988,0.2995460867251244,0.7155161580541434,0.22097927445624949,0.7488626123500708,165.32228439685332,-531.0,1.179987603326822,169.0,-531.0,-0.310471963050742,-0.2009647350250221,0.2511373876499292,76.24940948188365,71.43748664461498,TRACK
5.852,165.3597720894672,-529.8094373933135,-0.11669917327130097,0.2909355728710512,0.7174065107133225,0.2148144356252477,0.7488773887405455,165.3597720894672,-531.0,1.1905626066865125,169.0,-531.0,-0.31609140447354794,-0.19939223120224697,0.25112261125945445,76.24940948188365,71.43748664461498,TRACK
5.9,165.39442718043202,-529.8000815390693,-0.1211938195031015,0.28140657516234974,0.7190076035820252,0.2078491536868679,0.7484471956638717,165.39442718043202,-531.0,1.1999184609306894,169.0,-531.0,-0.32126643921863135,-0.20007261971552986,0.25155280433612826,30.99595767800075,116.7032478933681,TRACK
5.952,165.43203515070562,-529.7902060617762,-0.1264092119388589,0.2727970552467115,0.7204855114775346,0.20157150860016737,0.7481513518856943,165.43203515070562,-531.0,1.209793938223811,169.0,-531.0,-0.3269056683138534,-0.20049645637499452,0.25184864811430574,30.99595767800075,116.7032478933681,TRACK
6.0,165.4668010055122,-529.781326756063,-0.13205402295255064,0.2648425479163763,0.7218166070917058,0.19576641808224998,0.7478928430745518,165.4668010055122,-531.0,1.218673243937019,169.0,-531.0,-0.33214262646639414,-0.2000886035138435,0.25210715692544816,28.90289177295395,120.0081767007191,TRACK
6.052,165.50451020919922,-529.7719853485842,-0.1385555908015761,0.2571449132240891,0.7229927425030782,0.19012302978394374,0.7475729209691512,165.50451020919922,-531.0,1.2280146514158332,169.0,-531.0,-0.33784497924327855,-0.19928938844170246,0.2524270790308488,28.90289177295395,120.0081767007191,TRACK
6.096,165.53935285241243,-529.7636374706904,-0.14290301533199523,0.2494563281996277,0.724006222723324,0.18444991233527244,0.7471323716066552,165.53935285241243,-531.0,1.2363625293096447,169.0,-531.0,-0.3431308336860858,-0.2002278183540906,0.25286762839334476,31.7010308311895,117.58545959629357,TRACK
6.152,165.57712633052935,-529.754906466682,-0.148122485439812,0.24166055713770515,0.7248486090186455,0.1786588161512677,0.7465416790674434,165.57712633052935,-531.0,1.2450935333180269,169.0,-531.0,-0.3488773600824857,-0.20075487464267372,0.2534583209325566,31.7010308311895,117.58545959629357,TRACK
6.2,165.61201702453434,-529.7471196864218,-0.1537603145773725,0.23394372524184634,0.7255629063151408,0.17290683656210637,0.7458808920668156,165.61201702453434,-531.0,1.2528803135782027,169.0,-531.0,-0.3542050836504452,-0.20044476907307268,0.2541191079331844,29.136027399016776,121.07993645232929,TRACK
6.252,165.64984792014,-529.73893715689,-0.1602858423762823,0.22662721522033993,0.7262469172198052,0.16746416176811682,0.7453045218217642,165.64984792014,-531.0,1.2610628431100395,169.0,-531.0,-0.3600146534530292,-0.1997288110767469,0.2546954781782358,29.136027399016776,121.07993645232929,TRACK
6.3,165.68480781475188,-529.7315896293488,-0.16464199035638313,0.21981840131741778,0.7269763944045522,0.1624274268033366,0.7449008974349516,165.68480781475188,-531.0,1.2684103706511678,169.0,-531.0,-0.3654216734796245,-0.20077968312324138,0.2550991025650484,32.364648026078875,121.07993645232929,TRACK
6.352,165.7227343389395,-529.7238406764573,-0.17117130559874827,0.21342404716829605,0.7278093383949551,0.15773424111546053,0.7447056625776203,165.7227343389395,-531.0,1.2761593235427426,169.0,-531.0,-0.3713330802240276,-0.20016177462527934,0.2552943374223797,32.364648026078875,118.76964277974619,TRACK
6.396,165.75780479490422,-529.7168740198616,-0.1755468247711487,0.20735774646583602,0.7287981446995315,0.15332579440156746,0.7447519955974278,165.75780479490422,-531.0,1.2831259801383794,169.5,-531.0,-0.33031830688690866,-0.15477148211575997,0.2552480044025722,30.839809898043917,120.43396220045511,TRACK
6.452,165.79587413235055,-529.709527913314,-0.1807709426329558,0.2014964431658707,0.7299547191742302,0.149106714277756,0.7450279889288977,165.79587413235055,-531.0,1.2904720866860089,169.5,-531.0,-0.3352377974720741,-0.15446685483911832,0.25497201107110234,30.839809898043917,120.43396220045511,TRACK
6.5,165.83108972624237,-529.7029500773319,-0.1864234893769865,0.1955968419504165,0.7312509395911047,0.14488275164970674,0.7454655916797662,165.83108972624237,-531.0,1.2970499226680658,169.5,-531.0,-0.3398112898919454,-0.15338780051495893,0.2545344083202338,86.18087526354542,64.58183202068453,TRACK
6.552,165.86928336344383,-529.6962470755215,-0.19151319164837943,0.1879423111322934,0.7323856688209653,0.13929014691207076,0.7455135900311401,165.86928336344383,-531.0,1.3037529244785446,169.5,-531.0,-0.3447494807277088,-0.15323628907932935,0.25448640996885985,86.18087526354542,64.58183202068453,TRACK
6.6,165.904565637904,-529.6904956892557,-0.19661504237703298,0.1787251383324287,0.7333172693390511,0.1324757870137851,0.7451872594561746,165.904565637904,-531.0,1.3095043107442734,169.5,-531.0,-0.3492802933963608,-0.15266525101932782,0.2548127405438254,39.813046983660335,110.73258525919744,TRACK
6.652,165.94283930412666,-529.6845811150644,-0.20110719806636768,0.16983711770742999,0.7342674400306246,0.1259188955393034,0.744986068153603,165.94283930412666,-531.0,1.3154188849356387,169.5,-531.0,-0.3541992572056683,-0.15309205913930063,0.255013931846397,39.813046983660335,110.73258525919744,TRACK
6.7,165.97821510476373,-529.6793660011527,-0.20597967355346403,0.16162260041767035,0.7352223823318722,0.1198741543727593,0.7449307111190528,165.97821510476373,-531.0,1.3206339988472564,169.5,-531.0,-0.35876187349010397,-0.15278219993663994,0.25506928888094715,39.169850651919454,112.31279085317564,TRACK
6.752,166.01658060922784,-529.6739728709869,-0.21045580136486253,0.15393404116165788,0.7361239054856916,0.11421811492036554,0.7449323338421211,166.01658060922784,-531.0,1.3260271290131413,169.5,-531.0,-0.3637308021345274,-0.15327500076966488,0.2550676661578789,39.169850651919454,112.31279085317564,TRACK
6.8,166.0520256824503,-529.6692177562969,-0.21532158944662028,0.1467318394123561,0.736934197479485,0.10891448597906667,0.7449391764908172,166.0520256824503,-531.0,1.3307822437030836,169.5,-531.0,-0.3683451700761183,-0.153023580629498,0.2550608235091828,38.759732527246754,112.64561457738488,TRACK
6.852,166.09044863050528,-529.6642869805177,-0.2197967013601212,0.1400466146877372,0.737623224885513,0.10398232978524226,0.7449163354351085,166.09044863050528,-531.0,1.3357130194823412,169.5,-531.0,-0.37337954721292643,-0.15358284585280524,0.2550836645648915,38.759732527246754,112.64561457738488,TRACK
6.9,166.12593281415673,-529.6599206574951,-0.22462682823216795,0.13388286071321567,0.7381939353007257,0.09942628639953759,0.7448596327778644,166.12593281415673,-531.0,1.3400793425048505,169.5,-531.0,-0.37806461974352423,-0.15343779151135628,0.2551403672221356,38.64084182192601,112.88744015560957,TRACK
6.952,166.164390137088,-529.655375373521,-0.230244397477962,0.12820024353182577,0.7386734238289883,0.09522034367803636,0.7447854328069283,166.164390137088,-531.0,1.3446246264790034,169.5,-531.0,-0.3831863214593517,-0.15294192398138973,0.2552145671930717,38.64084182192601,112.88744015560957,TRACK
7.0,166.19990398221026,-529.6513443786079,-0.23472547140812106,0.1228883655061032,0.7390928461720403,0.09128589463234732,0.7447089027408731,166.19990398221026,-531.0,1.3486556213921403,169.5,-531.0,-0.3879594960399769,-0.15323402463185587,0.2552910972591269,39.86775395655016,111.9241311269742,TRACK
7.052,166.23839435355683,-529.6471616689744,-0.2384161718788507,0.11776363509071028,0.7394801571521962,0.08748868481331387,0.7446376117227763,166.23839435355683,-531.0,1.3528383310256231,169.5,-531.0,-0.39317973361178443,-0.15476356173293374,0.2553623882772237,39.86775395655016,111.9241311269742,TRACK
7.1,166.27394193049471,-529.6434777227341,-0.24328436129236097,0.11268978751386854,0.7398631839876868,0.08372975313043346,0.7445859269283036,166.27394193049471,-531.0,1.3565222772658672,170.0,-531.0,-0.34914833049130084,-0.10586396919893987,0.2554140730716964,37.11141743411729,114.90380066869389,TRACK
7.148,166.31247696094272,-529.639677426087,-0.24776089071024265,0.1076535930025652,0.7402814668381709,0.0800032592749724,0.7445919497541538,166.31247696094272,-531.0,1.3603225739129812,170.0,-531.0,-0.35341091363769045,-0.1056500229274478,0.25540805024584623,37.11141743411729,114.90380066869389,TRACK
7.2,166.34807348721716,-529.6363528622154,-0.25264923127417616,0.10256780905607978,0.7407409575293145,0.07624373009259347,0.744654465198375,166.34807348721716,-531.0,1.3636471377845965,170.0,-531.0,-0.3573714655921753,-0.10472223431799915,0.25534553480162503,98.33792026303396,53.784079086112094,TRACK
7.252,166.3866223770863,-529.6331202208229,-0.2569998835644576,0.09595522458185914,0.7409453042055232,0.07131658777903466,0.7443695315612132,166.3866223770863,-531.0,1.3668797791771112,170.0,-531.0,-0.36164591505389104,-0.10464603148943347,0.2556304684387868,98.33792026303396,53.784079086112094,TRACK
7.3,166.42217590609263,-529.6305380943846,-0.2612523470542684,0.08775808923540598,0.740858930071455,0.06518378733532053,0.7437209694488903,166.42217590609263,-531.0,1.369461905615367,170.0,-531.0,-0.3655599432832394,-0.10430759622897096,0.2562790305511097,48.40602640072758,104.0615090127795,TRACK
7.352,166.46069908539886,-529.6280235177585,-0.2659065840065227,0.07986563788472326,0.7408489344921904,0.05929449675159509,0.743217990284976,166.46069908539886,-531.0,1.3719764822415073,170.0,-531.0,-0.36980646637860903,-0.10389988237208636,0.25678200971502396,48.40602640072758,104.0615090127795,TRACK
7.4,166.496288270657,-529.625871818092,-0.26893074045168763,0.07305032221933647,0.7410562832605749,0.05423089962311104,0.7430379569267707,166.496288270657,-531.0,1.3741281819079632,170.0,-531.0,-0.3737573900462044,-0.10482664959451676,0.25696204307322934,48.8768599205987,104.82949096455829,TRACK
7.452,166.5348776061168,-529.6237174606416,-0.27261194323193627,0.06700106858720296,0.7414224958679603,0.04975056759440207,0.743089790237385,166.5348776061168,-531.0,1.3762825393583853,170.0,-531.0,-0.37807428407047505,-0.10546234083853878,0.256910209762615,48.8768599205987,104.82949096455829,TRACK
7.5,166.57053106184992,-529.6218887422315,-0.2766177722212999,0.0614838220887816,0.7418977370348832,0.04567227401028577,0.7433022324941256,166.57053106184992,-531.0,1.3781112577685235,170.0,-531.0,-0.3820949559644632,-0.10547718374316328,0.25669776750587436,46.05475557806484,107.3377355792211,TRACK
7.552,166.60918763709566,-529.6200706733769,-0.28118141791988355,0.05640929574851234,0.742422016303609,0.041923980012769244,0.7436047810446268,166.60918763709566,-531.0,1.3799293266231416,170.0,-531.0,-0.3864930349932961,-0.10531161707341258,0.2563952189553732,46.05475557806484,107.3377355792211,TRACK
7.6,166.64489433398245,-529.6185452212563,-0.2843073047553087,0.05160555293346246,0.7429356420635314,0.038373675387076436,0.7439260092314721,166.64489433398245,-531.0,1.3814547787436595,170.0,-531.0,-0.3905919264868044,-0.10628462173149572,0.2560739907685279,47.631444791588336,105.28557190384277,TRACK
7.652,166.68359277856942,-529.6170678881801,-0.2879952413362048,0.04689522379142548,0.7433784674459033,0.03488647701445385,0.7441966219627041,166.68359277856942,-531.0,1.382932111819855,170.0,-531.0,-0.39507261828248147,-0.10707737694627667,0.2558033780372959,47.631444791588336,105.28557190384277,TRACK
7.7,166.71932384927555,-529.6158658094048,-0.2919571029903867,0.04224979985844164,0.7437350610720674,0.03144136779632169,0.7443993556396832,166.71932384927555,-531.0,1.384134190595205,170.0,-531.0,-0.39924637101125615,-0.10728926802086947,0.2556006443603168,45.227527835647166,107.45842841849806,TRACK
7.752,166.7580414021775,-529.6147254570006,-0.2956436486091176,0.037766079114522774,0.7440267034599148,0.028112337941693953,0.7445576129528031,166.7580414021775,-531.0,1.3852745429993547,170.5,-531.0,-0.3545561701525251,-0.05891252154340748,0.2554423870471969,45.227527835647166,107.45842841849806,TRACK
7.8,166.79378658857982,-529.6138161633736,-0.299619772092784,0.033448015496627403,0.7442593414325516,0.024903285692646868,0.7446758630088026,166.79378658857982,-531.0,1.386183836626401,170.5,-531.0,-0.3579078771234076,-0.058288105030623594,0.2553241369911974,105.22326862669388,47.514437875087744,TRACK
7.852,166.83247177172095,-529.613120013482,-0.303177458485272,0.028041791993870805,0.7441496123041262,0.020872759970671215,0.7444422862795844,166.83247177172095,-531.0,1.3868799865180108,170.5,-531.0,-0.3615304488737101,-0.05835299038843811,0.2555577137204156,105.22326862669388,47.514437875087744,TRACK
7.9,166.86811624833362,-529.6128250678976,-0.3066331420573105,0.021134340045952216,0.743604889965098,0.015717938867292478,0.7437709902801005,166.86811624833362,-531.0,1.3871749321024254,170.5,-531.0,-0.36484431274350715,-0.058211170686196634,0.2562290097198995,55.79265438498535,97.38342545327095,TRACK
7.952,166.90669891035796,-529.6127584812031,-0.3095544543878448,0.014352109309276162,0.7430341728719068,0.010664839938363913,0.7431107056598967,166.90669891035796,-531.0,1.387241518796941,170.5,-531.0,-0.36843451168397895,-0.05888005729613416,0.2568892943401033,55.79265438498535,97.38342545327095,TRACK
8.004,166.94231759572855,-529.6128280782982,-0.31315608450402044,0.008650300099651715,0.7426917931939838,0.00642466714114678,0.7427195810166646,166.94231759572855,-531.0,1.3871719217017926,170.5,-531.0,-0.3717769713066394,-0.058620886802618954,0.2572804189833354,55.31370918662402,99.34585140534406,TRACK
8.052,166.9809167851244,-529.6130433482607,-0.31564112370709885,0.0036725903387060236,0.7425519018943347,0.002727101201870037,0.7425569096627268,166.9809167851244,-531.0,1.3869566517392968,170.5,-531.0,-0.37543098746977766,-0.05978986376267881,0.2574430903372732,55.31370918662402,99.34585140534406,TRACK
8.1,167.01656325261504,-529.6133743686552,-0.3192333401155212,-0.0008633058568583837,0.7425808950172068,-0.0006410745951231612,0.7425811717389503,167.01656325261504,-531.0,1.3866256313448275,170.5,-531.0,-0.3788350259688734,-0.05960168585335224,0.25741882826104967,54.789023627949064,99.9156468031525,TRACK
8.152,167.05519894539432,-529.6138810027726,-0.3216507923346372,-0.005152242494366063,0.7427255139294195,-0.0038267358155798454,0.742735372086669,167.05519894539432,-531.0,1.3861189972274133,170.5,-531.0,-0.3825564031573426,-0.06090561082270535,0.25726462791333105,54.789023627949064,99.9156468031525,TRACK
8.2,167.09087993804602,-529.6144911851997,-0.3247603318938619,-0.00933638294708134,0.7429454888060409,-0.006936625144158779,0.7429778705356154,167.09087993804602,-531.0,1.385508814800346,170.5,-531.0,-0.386022093364754,-0.06126176147089213,0.25702212946438463,54.22569225414625,100.14404019760266,TRACK
8.252,167.12955244110609,-529.615307666911,-0.32766577528541063,-0.013460191080103597,0.7432102613974683,-0.010004356323969323,0.7432775926879204,167.12955244110609,-531.0,1.3846923330889922,170.5,-531.0,-0.3898104639671762,-0.06214468868176559,0.2567224073120796,54.22569225414625,100.14404019760266,TRACK
8.3,167.16526588103395,-529.6162043768527,-0.33085480050399596,-0.017538741110307343,0.7434971693823383,-0.013041341602033203,0.7436115366710837,167.16526588103395,-531.0,1.3837956231473072,170.5,-531.0,-0.39333970974602755,-0.062484909242031594,0.2563884633289163,53.72183513393635,100.29922286815427,TRACK
8.352,167.20397167138302,-529.6173242195866,-0.3344616293994125,-0.021527230407253937,0.7437929028326467,-0.016014275058240816,0.7439652809841706,167.20397167138302,-531.0,1.382675780413365,170.5,-531.0,-0.3972007995226885,-0.06273917012327601,0.2560347190158294,53.72183513393635,100.29922286815427,TRACK
8.4,167.23971379513964,-529.6184879631198,-0.33697145499305226,-0.025388024170119424,0.744085039233241,-0.01889490871742311,0.7443249043167731,167.23971379513964,-531.0,1.3815120368801672,170.5,-531.0,-0.40080250588040045,-0.0638310508873482,0.2556750956832269,54.13983639453641,99.56275335246954,TRACK
8.452,167.27844603877486,-529.619884015378,-0.34058839667099194,-0.029115310000099308,0.7443530692002286,-0.021678196250370638,0.7446686751975471,167.27844603877486,-531.0,1.3801159846219662,171.0,-531.0,-0.3551220912114401,-0.014533694540448172,0.2553313248024529,54.13983639453641,99.56275335246954,TRACK
8.5,167.3142066578427,-529.6212924329095,-0.34351288452491935,-0.032705312184151326,0.7445840090165101,-0.024360538729777066,0.7449824040407286,167.3142066578427,-531.0,1.378707567090487,171.0,-531.0,-0.35794623696954864,-0.014433352444629288,0.2550175959592714,112.8040536338624,40.63681912290583,TRACK
8.548,167.35290897265838,-529.6230625485025,-0.34579827306897415,-0.037255401364395944,0.7444759555816565,-0.02774858974255641,0.7449929077997463,167.35290897265838,-531.0,1.376937451497497,171.0,-531.0,-0.3609991868707448,-0.015200913801770632,0.25500709220025375,112.8040536338624,40.63681912290583,TRACK
8.6,167.38855231106157,-529.6250352661657,-0.3487755155543899,-0.04356022398455723,0.7438087136513385,-0.03242098296011192,0.7445149579691188,167.38855231106157,-531.0,1.3749647338343038,171.0,-531.0,-0.3637794853333115,-0.0150039697789216,0.2554850420308812,61.70483864304576,91.88295253728604,TRACK
8.652,167.4271083718879,-529.6274441287829,-0.35046600342720624,-0.05014334082038261,0.742987611742856,-0.037287137309370826,0.7439226584881528,167.4271083718879,-531.0,1.3725558712170596,171.0,-531.0,-0.3667755658375534,-0.016309562410347145,0.25607734151184725,61.70483864304576,91.88295253728604,TRACK
8.7,167.46268701980966,-529.6298021698373,-0.35317150053584606,-0.055750876558724426,0.742369588729074,-0.04143068860552083,0.7435247865593333,167.46268701980966,-531.0,1.3701978301627378,171.0,-531.0,-0.3695586947881207,-0.01638719425227464,0.2564752134406667,61.778849577963975,93.23848991717426,TRACK
8.752,167.50122530590073,-529.6324992756871,-0.3549446467332724,-0.06069039437647411,0.7419325429022344,-0.04508354465986933,0.7433010320297385,167.50122530590073,-531.0,1.3675007243128903,171.0,-531.0,-0.3725947938926432,-0.0176501471593708,0.2566989679702615,61.778849577963975,93.23848991717426,TRACK
8.8,167.53680047987103,-529.6351180084922,-0.35755908621126964,-0.06516571103298448,0.7416584630865634,-0.048399230732796325,0.7432360065305298,167.53680047987103,-531.0,1.3648819915077866,171.0,-531.0,-0.37541860819509576,-0.01785952198382612,0.2567639934694702,61.443851763357735,93.82236071749847,TRACK
8.852,167.5753451641391,-529.6380935343004,-0.3594259208620558,-0.06932386378048375,0.7415133758874466,-0.05148707753158059,0.743298732524643,167.5753451641391,-531.0,1.361906465699576,171.0,-531.0,-0.37850218930670604,-0.019076268444650213,0.25670126747535704,61.443851763357735,93.82236071749847,TRACK
8.9,167.61093170043017,-529.6409695984704,-0.36169004462988347,-0.0732875067024198,0.7414688547826147,-0.054437901634978525,0.7434645571559291,167.61093170043017,-531.0,1.3590304015295942,171.0,-531.0,-0.3813717107916981,-0.01968166616181466,0.2565354428440709,61.03427649177366,94.05342665188593,TRACK
8.952,167.64949168448035,-529.6442285440281,-0.36440849115611273,-0.077149842913815,0.741493109792613,-0.05731984654737732,0.7437053157522372,167.64949168448035,-531.0,1.355771455971876,171.0,-531.0,-0.3845055497363362,-0.02009705858022348,0.2562946842477628,61.03427649177366,94.05342665188593,TRACK
9.0,167.68509206595505,-529.6473742469441,-0.36655042114874137,-0.08099667705134113,0.7415566362848429,-0.06019531735132437,0.743995780262978,167.68509206595505,-531.0,1.3526257530559178,171.0,-531.0,-0.38742091116336724,-0.020870490014625875,0.25600421973702203,61.143921889833194,93.64666766472962,TRACK
9.052,167.72366420567147,-529.6509365035265,-0.36824025777352776,-0.08488314230997414,0.7416319847533737,-0.06310368327546532,0.744311813457343,167.72366420567147,-531.0,1.3490634964734909,171.0,-531.0,-0.390602881655138,-0.022362623881610255,0.255688186542657,61.143921889833194,93.64666766472962,TRACK
9.1,167.75927194002702,-529.6543712417471,-0.37097085846981015,-0.08883435979163694,0.7417005197655868,-0.06606236032065323,0.7446367547144563,167.75927194002702,-531.0,1.3456287582529285,171.5,-531.0,-0.3453110112202763,0.02565984724953385,0.25536324528554366,59.32565231294641,95.16338084239447,TRACK
9.152,167.79784989101879,-529.6582466563117,-0.3727644083381294,-0.09278799014319475,0.7417646233691315,-0.06902505531643084,0.7449692710061173,167.79784989101879,-531.0,1.3417533436883105,171.5,-531.0,-0.347701076799545,0.02506333153858442,0.2550307289938827,59.32565231294641,95.16338084239447,TRACK
9.196,167.83346121164394,-529.6619661247535,-0.3751586327519447,-0.09673962960921126,0.7418128847483259,-0.07198741001027287,0.7452976205373395,167.83346121164394,-531.0,1.3380338752465377,171.5,-531.0,-0.34991401602771527,0.02524461672422945,0.2547023794626605,118.81874708164523,35.41582846393583,TRACK
9.252,167.87199676729773,-529.6662530510898,-0.3771829456668457,-0.10165885674396112,0.7415523073715603,-0.07564612838604119,0.7454006716577887,167.87199676729773,-531.0,1.333746948910175,171.5,-531.0,-0.3522898411481946,0.024893104518651066,0.25459932834221133,118.81874708164523,35.41582846393583,TRACK
9.3,167.90747297399093,-529.6705753364766,-0.37889488461445175,-0.10850662828158213,0.7406896735961261,-0.0806866477298234,0.745071491666278,167.90747297399093,-531.0,1.3294246635233549,171.5,-531.0,-0.35442635513428994,0.024468529480161816,0.25492850833372205,69.08518283523358,85.1595207237664,TRACK
9.352,167.9458297215979,-529.6755748699125,-0.38028305163408005,-0.11588574935724089,0.7396187044228496,-0.08609702684231907,0.7446130041593563,167.9458297215979,-531.0,1.3244251300875476,171.5,-531.0,-0.3566998075243289,0.023583244109751156,0.2553869958406437,69.08518283523358,85.1595207237664,TRACK
9.4,167.98121879396345,-529.6803440234901,-0.3817202805846336,-0.1222066794310674,0.738797477206964,-0.0907381456177016,0.7443487914932849,167.98121879396345,-531.0,1.319655976509921,171.5,-531.0,-0.3587988302208197,0.022921450363813878,0.2556512085067151,68.29345286668931,87.13600892421908,TRACK
9.452,168.01954749289266,-529.6856622936226,-0.3830888536098467,-0.1276892336151386,0.7381999875926457,-0.09477584362048552,0.7442591499039545,168.01954749289266,-531.0,1.314337706377387,171.5,-531.0,-0.3610780552373579,0.02201079837248876,0.2557408500960455,68.29345286668931,87.13600892421908,TRACK
9.5,168.05492340110197,-529.6907064357229,-0.38462554198342547,-0.13257007653434874,0.737779322628161,-0.09838450116760977,0.7443103109373587,168.05492340110197,-531.0,1.3092935642771408,171.5,-531.0,-0.36318872261185337,0.021436819371572102,0.25568968906264133,67.83620272224398,87.70175807204386,TRACK
9.552,168.0932417422455,-529.6963186646387,-0.38599539053291765,-0.13707250076047303,0.737468471251343,-0.10172454346198048,0.7444512266309602,168.0932417422455,-531.0,1.3036813353612615,171.5,-531.0,-0.3654824312171245,0.020512959315793167,0.2555487733690398,67.83620272224398,87.70175807204386,TRACK
9.6,168.12860424821585,-529.7016447949694,-0.3876560225487251,-0.14142133188718714,0.7372061123471049,-0.10495732024477528,0.7446401084785162,168.12860424821585,-531.0,1.2983552050305889,171.5,-531.0,-0.36760386043192916,0.020052162116795946,0.25535989152148375,67.56346014613379,87.72560362852118,TRACK
9.652,168.16689885148207,-529.7075867259138,-0.38891405508359633,-0.145803805523275,0.7369361103944305,-0.10821602413066106,0.7448392703677218,168.16689885148207,-531.0,1.2924132740862433,171.5,-531.0,-0.3699024939019155,0.019011561181680847,0.2551607296322782,67.56346014613379,87.72560362852118,TRACK
9.7,168.2022295745932,-529.7132427161611,-0.39035192411377917,-0.15033381665994802,0.7366283277749335,-0.11158201123819858,0.7450314345800829,168.2022295745932,-531.0,1.2867572838389378,171.5,-531.0,-0.3720210430488566,0.01833088106492259,0.2549685654199171,67.24192578641494,87.86754134801346,TRACK
9.752,168.24048220331883,-529.7195637891756,-0.39173439288330814,-0.15503724389675186,0.7362780294763034,-0.1150739910564916,0.7452163176603004,168.24048220331883,-531.0,1.280436210824405,171.5,-531.0,-0.37431005805919115,0.017424334824116983,0.2547836823396996,67.24192578641494,87.86754134801346,TRACK
9.8,168.27577135053951,-529.7255797512405,-0.39352588598071203,-0.15987518112314045,0.7358974176437267,-0.11866448424333595,0.7454034270886085,168.27577135053951,-531.0,1.2744202487594976,172.0,-531.0,-0.32970662110777754,0.06381926487293449,0.2545965729113915,66.8746430720346,88.16597156086134,TRACK
9.848,168.31398139646666,-529.7322872133911,-0.3945696456905769,-0.16474153256158536,0.7355163229011255,-0.12227829461826953,0.7456113213925503,168.31398139646666,-531.0,1.267712786608854,172.0,-531.0,-0.3312522930270507,0.06331735266352617,0.25438867860744974,66.8746430720346,88.16597156086134,TRACK
9.9,168.34923681266272,-529.7386463427121,-0.3963744829649163,-0.16954402868447557,0.7351563529820417,-0.12584954280019817,0.7458505016106615,168.34923681266272,-531.0,1.2613536572879411,172.0,-531.0,-0.33266396410229554,0.06371051886262075,0.25414949838933854,123.91988692720018,31.027112544606425,TRACK
9.948,168.38738115091775,-529.7457898708727,-0.397395630958934,-0.1750018238603588,0.734592367693292,-0.1298836423630883,0.7459863988215464,168.38738115091775,-531.0,1.254210129127273,172.0,-531.0,-0.33415569962631814,0.06323993133261585,0.2540136011784536,123.91988692720018,31.027112544606425,TRACK
10.0,168.42248537033694,-529.7527560959074,-0.3984021150853514,-0.18231327940675515,0.733453305598945,-0.1352197584141481,0.7458137398570771,168.42248537033694,-531.0,1.2472439040925565,172.0,-531.0,-0.3354575416047221,0.06294457348062932,0.2541862601429229,75.89362191173697,78.9897326047892,TRACK
10.052,168.46042288667016,-529.7606435140725,-0.39903749997731164,-0.1902438950761225,0.732093316266729,-0.14098123446485336,0.7455443194027106,168.46042288667016,-531.0,1.2393564859274875,172.0,-531.0,-0.3368017893290168,0.06223571064829486,0.2544556805972894,75.89362191173697,78.9897326047892,TRACK
10.1,168.4954145894524,-529.7680956188276,-0.3996526283286608,-0.1970987559489595,0.7310084883605092,-0.1459760662413441,0.7454410922201794,168.4954145894524,-531.0,1.2319043811723986,172.0,-531.0,-0.338021317934765,0.0616313103938958,0.2545589077798206,75.20731817552485,80.4664120074431,TRACK
10.152,168.53329829829556,-529.7763413273016,-0.4002639846487268,-0.20312542583337284,0.7301420192633488,-0.15038440393932706,0.74546820002073,168.53329829829556,-531.0,1.2236586726984342,172.0,-531.0,-0.3393225985993661,0.060941386049360724,0.25453179997927,75.20731817552485,80.4664120074431,TRACK
10.2,168.56824795614065,-529.784106490043,-0.4008610576605167,-0.2085539038159916,0.7294335676416217,-0.1543708408833222,0.7455894890067913,168.56824795614065,-531.0,1.2158935099570272,172.0,-531.0,-0.34050655808129815,0.06035449957921857,0.25441051099320866,74.73776497762809,80.92535821186486,TRACK
10.252,168.60608590484858,-529.7926857082813,-0.4014630360567826,-0.21360044771403403,0.7288103198858167,-0.15808578471663043,0.7457584043787501,168.60608590484858,-531.0,1.207314291718717,172.0,-531.0,-0.3417696240888287,0.05969341196795386,0.2542415956212499,74.73776497762809,80.92535821186486,TRACK
10.3,168.64098660782028,-529.8007655342051,-0.4021744555932931,-0.21846805369477454,0.7282110004277396,-0.16167115742685761,0.7459415689500815,168.64098660782028,-531.0,1.199234465794916,172.0,-531.0,-0.34291484607321465,0.05925960952007847,0.25405843104991854,74.52529129927822,80.92526830263773,TRACK
10.352,168.67876076142775,-529.8097020770031,-0.4027739225961646,-0.22331394557745204,0.7275862610975576,-0.16523605962157317,0.7461130763746119,168.67876076142775,-531.0,1.1902979229969333,172.0,-531.0,-0.34412929769151196,0.058644624904652665,0.2538869236253881,74.52529129927822,80.92526830263773,TRACK
10.4,168.7135927826705,-529.8181272779855,-0.40348438999486325,-0.22821902627088547,0.7269145579417943,-0.16883719591736526,0.7462645464397683,168.7135927826705,-531.0,1.181872722014532,172.0,-531.0,-0.34522316797296,0.05826122202190326,0.25373545356023175,74.49928444463511,80.72941799524217,TRACK
10.452,168.75128505796295,-529.8274488336612,-0.4040820291459162,-0.23319897008019713,0.7261924694382262,-0.17248541747107837,0.7463958212027726,168.75128505796295,-531.0,1.1725511663388488,172.5,-531.0,-0.3031467665523806,0.10093526259353558,0.2536041787972274,74.49928444463511,80.72941799524217,TRACK
10.5,168.7860390307798,-529.8362293619182,-0.40466401148591613,-0.2381953510636847,0.7254394902576693,-0.17614020656374302,0.7465171306766009,168.7860390307798,-531.0,1.1637706380818145,172.5,-531.0,-0.3036592955230883,0.10100471596282784,0.25348286932339914,126.65176377920119,28.45777151594541,TRACK
10.552,168.82362233773813,-529.8459865652004,-0.40512223937842795,-0.24373059473011122,0.7245002347332324,-0.18016461789676014,0.7465653887439428,168.82362233773813,-531.0,1.1540134347995945,172.5,-531.0,-0.30415942963635473,0.10096280974207322,0.25343461125605715,126.65176377920119,28.45777151594541,TRACK
10.6,168.85819273927143,-529.8553556952063,-0.4051695933465369,-0.2510529154011649,0.723000997090256,-0.1854235745925346,0.7463995872240134,168.85819273927143,-531.0,1.144644304793701,172.5,-531.0,-0.30452995294130625,0.10063964040523066,0.25360041277598655,82.5599601979852,72.51360502192809,TRACK
10.652,168.89553492536504,-529.865841060202,-0.40504733021450545,-0.2589905961898677,0.7212922852772006,-0.19109989557160506,0.7461780825566273,168.89553492536504,-531.0,1.1341589397979988,172.5,-531.0,-0.30484592173227326,0.10020140848223219,0.2538219174433727,82.5599601979852,72.51360502192809,TRACK
10.7,168.92996736704717,-529.8756777049053,-0.4049636892760262,-0.26573664128274516,0.7199098726956968,-0.19594046641674046,0.746098446040698,168.92996736704717,-531.0,1.1243222950946574,172.5,-531.0,-0.3051001792258163,0.09986351005020994,0.25390155395930203,81.9397166566401,73.6292405506177,TRACK
10.752,168.96723992540868,-529.8864782409571,-0.4048092803797694,-0.27144602071104756,0.718814406223884,-0.20005721890388542,0.7461347341000498,168.96723992540868,-531.0,1.1135217590428965,172.5,-531.0,-0.30534167488630914,0.09946760549346023,0.2538652658999502,81.9397166566401,73.6292405506177,TRACK
10.8,169.00162387335445,-529.8965657857148,-0.4046998479083706,-0.2763217033624491,0.7179456511500968,-0.2035922061454099,0.7462544769771847,169.00162387335445,-531.0,1.1034342142852438,172.5,-531.0,-0.3055367346907567,0.0991631132176139,0.2537455230228153,81.85360201936942,73.56489643218131,TRACK
10.852,169.0388473653154,-529.9076189559589,-0.40441028974292426,-0.2806375807975376,0.7172074076001681,-0.20673127217641452,0.7464075859825062,169.0388473653154,-531.0,1.0923810440410762,172.5,-531.0,-0.30571741417350046,0.0986928755694238,0.2535924140174938,81.85360201936942,73.56489643218131,TRACK
10.9,169.07317745356693,-529.9179447118267,-0.40425530862571324,-0.28467583904091376,0.716508375107459,-0.20966729678422766,0.7465551734064513,169.07317745356693,-531.0,1.082055288173251,172.5,-531.0,-0.30585254805695355,0.09840276056875968,0.2534448265935487,81.60866195821353,73.49941185861738,TRACK
10.952,169.1103256552233,-529.929278157215,-0.40408301199811003,-0.28868159239190694,0.7157664165070159,-0.2125665484074617,0.7466633113399618,169.1103256552233,-531.0,1.0707218427850194,172.5,-531.0,-0.3059589094229953,0.09812410257511472,0.2533366886600382,81.60866195821353,73.49941185861738,TRACK
11.0,169.1445684090311,-529.9398878222858,-0.4037710941125512,-0.2928035490046047,0.7149349172447883,-0.2155303976059112,0.746716337164237,169.1445684090311,-531.0,1.0601121777142453,172.5,-531.0,-0.3060149618852383,0.09775613222731289,0.253283662835763,81.74375689744271,73.23224811557982,TRACK
11.052,169.18160731172685,-529.9515480540346,-0.40355994581137405,-0.29706832174048875,0.7140080028150645,-0.2185770875223443,0.7467150536005738,169.18160731172685,-531.0,1.0484519459654393,172.5,-531.0,-0.3060264170948038,0.09753352871657023,0.2532849463994262,81.74375689744271,73.23224811557982,TRACK
11.1,169.21574341633212,-529.9624609696062,-0.40339410816073396,-0.3013911340766063,0.7130142979098624,-0.22164844959969082,0.746670894192241,169.21574341633212,-531.0,1.0375390303937593,172.5,-531.0,-0.3059911038412162,0.09740300431951776,0.253329105807759,81.7403633654658,73.31054160039228,TRACK
11.152,169.2526710442178,-529.9744298489991,-0.40303404807992216,-0.30560528149329896,0.7120106351797018,-0.2246312573839081,0.7466045448581718,169.2526710442178,-531.0,1.0255701510009203,173.0,-531.0,-0.26713889231463195,0.1358951557652902,0.25339545514182815,81.7403633654658,73.31054160039228,TRACK
11.2,169.28671621703617,-529.985593169909,-0.40298348172276044,-0.30954038710271836,0.7110529646673958,-0.22740953226736205,0.7465329288975491,169.28671621703617,-531.0,1.0144068300910476,173.0,-531.0,-0.2666763840828226,0.1363070976399378,0.2534670711024509,128.83149888117197,26.3624574894097,TRACK
11.252,169.3235669244228,-529.9978444506729,-0.40263114088440854,-0.31353880182629634,0.7102180344438371,-0.23027673957737566,0.7466170593012551,169.3235669244228,-531.0,1.0021555493270853,173.0,-531.0,-0.26612342912057646,0.13650771176383208,0.2533829406987449,128.83149888117197,26.3624574894097,TRACK
11.3,169.3574765814952,-530.0094155466683,-0.4018188854908964,-0.3188945767541878,0.7088996385414075,-0.23405245569139027,0.7465381768799961,169.3574765814952,-531.0,0.990584453331735,173.0,-531.0,-0.2655284985637159,0.13629038692718048,0.25346182312000387,89.56254235164707,65.56217823004047,TRACK
11.352,169.39411260627477,-530.0221974237074,-0.40093202034764386,-0.32476903064033413,0.7073733933759341,-0.2381659608861531,0.7463914137910541,169.39411260627477,-531.0,0.9778025762925608,173.0,-531.0,-0.2648004891450926,0.13613153120255128,0.2536085862089459,89.56254235164707,65.56217823004047,TRACK
11.4,169.42789403324943,-530.0340913562284,-0.3998665213982753,-0.32958459617972746,0.7061156107178896,-0.2415344658744762,0.7462828913386443,169.42789403324943,-531.0,0.9659086437716269,173.0,-531.0,-0.264087537505025,0.13577898389325027,0.25371710866135566,88.69926035298646,66.67035222583677,TRACK
11.452,169.46445697532877,-530.047064175298,-0.3989320918791437,-0.3335623106356114,0.7050718725006664,-0.24431445424881157,0.7462009769133853,169.46445697532877,-531.0,0.9529358247019672,173.0,-531.0,-0.2632739584281726,0.1356581334509711,0.25379902308661473,88.69926035298646,66.67035222583677,TRACK
11.5,169.49817954366264,-530.0591094462392,-0.39782098044904957,-0.3368871376889635,0.704190444559913,-0.2466344958742345,0.7461318628530923,169.49817954366264,-531.0,0.9408905537608234,173.0,-531.0,-0.26248682446745725,0.13533415598159232,0.2538681371469077,88.6724015471811,66.78418176831224,TRACK
11.552,169.53468119169673,-530.0722315248686,-0.3966960497754699,-0.33976340726014476,0.7034079584241654,-0.2486341054008066,0.7460574202720001,169.53468119169673,-531.0,0.9277684751314155,173.0,-531.0,-0.26159450929721656,0.13510154047825335,0.25394257972799994,88.6724015471811,66.78418176831224,TRACK
11.596,169.56834373866022,-530.0844121612126,-0.39603753934344627,-0.3423615234087774,0.7026712445844442,-0.25042930851926243,0.745963616090817,169.56834373866022,-531.0,0.9155878387873599,173.0,-531.0,-0.26073283973938277,0.1353046996040635,0.25403638390918304,88.63041940690657,66.88141711256945,TRACK
11.652,169.60477380605096,-530.0976842835794,-0.3950486480353166,-0.34481471463765584,0.7019386856483288,-0.2521106433906001,0.7458402609946219,169.60477380605096,-531.0,0.9023157164206168,173.0,-531.0,-0.2597558387042762,0.13529280933104038,0.25415973900537814,88.63041940690657,66.88141711256945,TRACK
11.696,169.63836448524805,-530.1100061377135,-0.3938848900117007,-0.3471827533890454,0.7011921814835275,-0.2537187712653493,0.7456833713219215,169.63836448524805,-531.0,0.8899938622864738,173.0,-531.0,-0.25881235929593094,0.13507253071576975,0.25431662867807847,89.62881411194687,66.03984626143028,TRACK
11.752,169.6747134834887,-530.1234291564139,-0.39269493387523924,-0.34947951347738915,0.7004316368916753,-0.25526444257474157,0.7454960855710412,169.6747134834887,-531.0,0.876570843586137,173.0,-531.0,-0.2577442605147902,0.13495067336044902,0.2545039144289588,89.62881411194687,66.03984626143028,TRACK
11.796,169.7082293786036,-530.1358835155438,-0.39167250844189305,-0.35168445865212705,0.6996672991924202,-0.2567349229961127,0.7452832684590709,169.7082293786036,-531.0,0.8641164844561899,173.0,-531.0,-0.256715917635835,0.13495659080605804,0.2547167315409291,89.25031443608056,66.67214800981556,TRACK
11.852,169.74450317117368,-530.1494319500622,-0.39062627314311293,-0.35370446493536484,0.6989342713891125,-0.2580690861289051,0.7450562186423504,169.74450317117368,-531.0,0.8505680499378059,173.0,-531.0,-0.25555853760907304,0.1350677355340399,0.2549437813576496,89.25031443608056,66.67214800981556,TRACK
11.9,169.77795989916854,-530.1619760949185,-0.3895624976300272,-0.3554571077233368,0.6982625846987778,-0.25921262889425367,0.7448233509822902,169.77795989916854,-531.0,0.8380239050815135,173.5,-531.0,-0.22145889154829543,0.16810360608173178,0.25517664901770976,90.00178808844844,66.2112687280562,TRACK
11.952,169.8141811925172,-530.1755946238796,-0.3884927455282065,-0.3569170350086684,0.6976678468240364,-0.26015138448138325,0.7445932898835897,169.8141811925172,-531.0,0.8244053761203531,173.5,-531.0,-0.22004772567598194,0.16844501985222457,0.25540671011641025,90.00178808844844,66.2112687280562,TRACK
12.0,169.84759800170914,-530.1881852246916,-0.38740145140695725,-0.3581093253438253,0.6971483341269109,-0.2609048641663697,0.7443703029551884,169.84759800170914,-531.0,0.8118147753084486,173.5,-531.0,-0.21871327027520227,0.168688181131755,0.25562969704481164,130.42609275510856,26.053442801928156,TRACK
12.052,169.88376707030386,-530.2018798425822,-0.3862016113250197,-0.3594519478507807,0.6965920711853948,-0.26176347443386017,0.7441509458342738,169.88376707030386,-531.0,0.7981201574177703,173.5,-531.0,-0.21722251856428712,0.16897909276073256,0.25584905416572623,130.42609275510856,26.053442801928156,TRACK
12.1,169.91707274310593,-530.214700046969,-0.38450485593713024,-0.3622475638860132,0.6956387104522829,-0.2636269153690825,0.7439169079855171,169.91707274310593,-531.0,0.7852999530309717,173.5,-531.0,-0.21576641697208365,0.1687384389650466,0.25608309201448287,96.4472714870559,60.2652932031925,TRACK
12.152,169.95307853677286,-530.2287561287203,-0.3828362493831394,-0.36572529627996153,0.6945118499367884,-0.2659657375465819,0.7436964994211801,169.95307853677286,-531.0,0.7712438712796938,173.5,-531.0,-0.21410752272750477,0.16872872665563465,0.2563035005788199,96.4472714870559,60.2652932031925,TRACK
12.2,169.98629327937,-530.2417682750959,-0.38091774995374567,-0.3684036500035464,0.6936235338962771,-0.2677579633937262,0.7435105471582201,169.98629327937,-531.0,0.7582317249041353,173.5,-531.0,-0.21253356729648992,0.16838418265725574,0.25648945284177993,95.84943242839513,61.11938816830521,TRACK
12.252,170.02226185145042,-530.2558832912295,-0.3792063708808142,-0.37034773408965416,0.6929514552662709,-0.26904759248967974,0.743349397242061,170.02226185145042,-531.0,0.744116708770548,173.5,-531.0,-0.21078735692612413,0.16841901395469008,0.25665060275793905,95.84943242839513,61.11938816830521,TRACK
12.3,170.0554586943386,-530.2689087581017,-0.37713419168059126,-0.3715948077063386,0.6924787586493425,-0.26985829772844827,0.7432027529775641,170.0554586943386,-531.0,0.731091241898298,173.5,-531.0,-0.20914266788451727,0.167991523796074,0.2567972470224359,95.93954078560584,61.16591923536838,TRACK
12.352,170.09142196294806,-530.2830000041748,-0.37515981452244684,-0.3722395806074482,0.6921716549165451,-0.2702528190156561,0.7430600151103662,170.09142196294806,-531.0,0.7169999958251765,173.5,-531.0,-0.20732896245389676,0.16783085206855008,0.25693998488963377,95.93954078560584,61.16591923536838,TRACK
12.4,170.12462045975985,-530.295982570206,-0.3734041797318812,-0.3724268407020485,0.6919839482817389,-0.2703288763373507,0.742912838805064,170.12462045975985,-531.0,0.7040174297940212,173.5,-531.0,-0.20562632257617114,0.1677778571557101,0.257087161194936,95.7518501513421,61.483630263346555,TRACK
12.452,170.16058550568462,-530.3100222447474,-0.372109106554059,-0.3723394921193781,0.691861990876769,-0.2702115790327929,0.7427565629890871,170.16058550568462,-531.0,0.6899777552525848,173.5,-531.0,-0.20374929978197578,0.1683598067720832,0.2572434370109129,95.7518501513421,61.483630263346555,TRACK
12.5,170.19378075001728,-530.3229652808495,-0.3700981332884816,-0.37214192344098973,0.6917589506622119,-0.2700138312825705,0.7425886579427248,170.19378075001728,-531.0,0.6770347191504698,173.5,-531.0,-0.20198372761084735,0.16811440567763428,0.2574113420572752,97.2257075145967,60.18392035298754,TRACK
12.552,170.22973393609956,-530.3369803590491,-0.3679496861678113,-0.37198563007249563,0.6916359165611788,-0.2698412474462101,0.7424113010324861,170.22973393609956,-531.0,0.6630196409508926,173.5,-531.0,-0.20003051429726723,0.1679191718705441,0.2575886989675139,97.2257075145967,60.18392035298754,TRACK
12.6,170.26290971143376,-530.3499215583857,-0.36613969765654253,-0.37196453284366243,0.6914700409099769,-0.26975972266968495,0.742227138718917,170.26290971143376,-531.0,0.6500784416142551,174.0,-531.0,-0.17222969505416996,0.19391000260237257,0.257772861281083,96.38043854196472,61.24040697863633,TRACK
12.652,170.29883828482303,-530.3639448941354,-0.36407319704793517,-0.3720211707187398,0.6912824628654226,-0.2697316565121105,0.7420421888208591,170.29883828482303,-531.0,0.6360551058645569,174.0,-531.0,-0.17019038892992927,0.1938828081180059,0.25795781117914085,96.38043854196472,61.24040697863633,TRACK
12.7,170.3319963273435,-530.3768836883094,-0.3625450304897202,-0.3720289561282495,0.6911109942408419,-0.2696709509177024,0.741860383178279,170.3319963273435,-531.0,0.6231163116906373,174.0,-531.0,-0.16827242516700716,0.19427260532271304,0.25813961682172104,128.43534336442718,29.400744845070136,TRACK
12.752,170.36790484166877,-530.3909116080782,-0.360014123529097,-0.3721679970059217,0.6909140695998087,-0.2697048088484746,0.7416892445539179,170.36790484166877,-531.0,0.6090883919217731,174.0,-531.0,-0.16615017401611484,0.19386394951298216,0.25831075544608206,128.43534336442718,29.400744845070136,TRACK
12.8,170.40100699485944,-530.4039600555701,-0.35781980897618215,-0.37332865810945004,0.6904640122551671,-0.27045305537982234,0.7415425863588583,170.40100699485944,-531.0,0.5960399444298901,174.0,-531.0,-0.16412329063396347,0.19369651834221868,0.2584574136411417,101.53170687057023,56.490444197980636,TRACK
12.848,170.43683525948217,-530.418168862526,-0.3560887570954865,-0.37480760008589437,0.689953389080338,-0.2714306866618321,0.7414245051016036,170.43683525948217,-531.0,0.5818311374739551,174.0,-531.0,-0.16186202158113686,0.19422673551434963,0.2585754948983964,101.53170687057023,56.490444197980636,TRACK
12.896,170.4699169858066,-530.4312509270359,-0.3534942342936105,-0.37542606643245513,0.6896906240179267,-0.271820000047709,0.7413226485708997,170.4699169858066,-531.0,0.568749072964124,174.0,-531.0,-0.15974217162457024,0.19375206266904024,0.2586773514291003,102.19420034125378,55.92895841768922,TRACK
12.952,170.50577241084494,-530.445371453466,-0.35067382134161074,-0.37533509349028354,0.6896334972158317,-0.27172500484921713,0.7412346718431657,170.50577241084494,-531.0,0.5546285465339906,174.0,-531.0,-0.15741387090084788,0.19325995044076286,0.2587653281568343,102.19420034125378,55.92895841768922,TRACK
13.0,170.53888763169323,-530.4583538537146,-0.34832343855942516,-0.374736024495133,0.6897269252090545,-0.2712845882978488,0.7411602790262508,170.53888763169323,-531.0,0.5416461462854159,174.0,-531.0,-0.15523571534759126,0.1930877232118339,0.2588397209737492,100.83540532895611,57.35427327416261,TRACK
13.052,170.57478203190422,-530.4723632347835,-0.3461681995287964,-0.37381758810589155,0.6899194258829503,-0.2706288934345784,0.741099731596419,170.57478203190422,-531.0,0.5276367652164708,174.0,-531.0,-0.15284330401630444,0.19332489551249196,0.25890026840358105,100.83540532895611,57.35427327416261,TRACK
13.1,170.60793178898714,-530.4852501916473,-0.3432983856634,-0.3727511751466647,0.6901646055535733,-0.2698761745308794,0.7410535286592603,170.60793178898714,-531.0,0.5147498083526898,174.0,-531.0,-0.15060199441157623,0.19269639125182375,0.25894647134073967,102.10091167195205,56.13521690064596,TRACK
13.152,170.64385677927075,-530.4991780366457,-0.3413133439271818,-0.3717363794763832,0.6904098128263904,-0.26916462401136326,0.7410231470515276,170.64385677927075,-531.0,0.5008219633542694,174.0,-531.0,-0.14813235001506872,0.1931809939121131,0.2589768529484724,102.10091167195205,56.13521690064596,TRACK
13.2,170.67702536387344,-530.5120184586096,-0.33822059785830194,-0.3709043551777504,0.690620641065112,-0.2685850824276004,0.7410093227266625,170.67702536387344,-531.0,0.4879815413903543,174.0,-531.0,-0.14580864862969295,0.192411949228609,0.25899067727333747,102.01932966330548,56.2293756381375,TRACK
13.252,170.71296386238635,-530.525917728485,-0.3356997956677694,-0.3702495134618867,0.690797156683026,-0.2681330815848319,0.7410101626303996,170.71296386238635,-531.0,0.47408227151504434,174.0,-531.0,-0.14324012379395798,0.19245967187381144,0.25898983736960035,102.01932966330548,56.2293756381375,TRACK
13.3,170.74614455045105,-530.538734922471,-0.3336767433282093,-0.3696817091785154,0.6909606689824308,-0.26774520917843786,0.7410223634403038,170.74614455045105,-531.0,0.46126507752899215,174.0,-531.0,-0.14082124666972193,0.19285549665848736,0.2589776365596962,101.43973023915834,56.783889097678944,TRACK
13.352,170.78210135918766,-530.5525961228826,-0.33072492827202815,-0.36907229427672367,0.6911414167196391,-0.26733092719798385,0.7410413500890242,170.78210135918766,-531.0,0.44740387711738094,174.5,-531.0,-0.11976195297440312,0.21096297529762503,0.25895864991097584,101.43973023915834,56.783889097678944,TRACK
13.4,170.81530732357135,-530.5653556982209,-0.328490820721673,-0.3682980569354997,0.6913687444987859,-0.26680367285333106,0.7410633850878444,170.81530732357135,-531.0,0.43464430177914437,174.5,-531.0,-0.11741685455156281,0.2110739661701102,0.2589366149121556,124.67103640771082,33.513031440367214,TRACK
13.452,170.85129363479328,-530.5791503803562,-0.32597549295621575,-0.36751286164113384,0.6916052402256846,-0.2662712094192695,0.7410925483859808,170.85129363479328,-531.0,0.42084961964383183,174.5,-531.0,-0.11483469310669323,0.21114079984952253,0.2589074516140192,124.67103640771082,33.513031440367214,TRACK
13.5,170.88450071207535,-530.591928312823,-0.3231679535107912,-0.3674490923888839,0.6916783446617987,-0.26624871036005227,0.7411526888856823,170.88450071207535,-531.0,0.40807168717697095,174.5,-531.0,-0.11239166919397987,0.21077628431681134,0.2588473111143177,105.70123189122893,52.444515497667595,TRACK
13.552,170.9204696788511,-530.6058035363335,-0.3203800140473163,-0.3677002619496718,0.6916897388669836,-0.2664525892083355,0.7412365864888901,170.9204696788511,-531.0,0.3941964636665034,174.5,-531.0,-0.1096832203166257,0.2106967937306906,0.2587634135111099,105.70123189122893,52.444515497667595,TRACK
13.6,170.95368819122342,-530.6185811503926,-0.31743870070137126,-0.36752756827157823,0.6918166496450026,-0.26636428549992397,0.741323282593985,170.95368819122342,-531.0,0.38141884960737116,174.5,-531.0,-0.10714180526066425,0.210296895440707,0.25867671740601506,105.08402314701377,52.93539613041744,TRACK
13.652,170.98969336318592,-530.6323910845229,-0.3146165469465159,-0.3670799823205384,0.6920233258630071,-0.266088265297601,0.7414170543409317,170.98969336318592,-531.0,0.3676089154771489,174.5,-531.0,-0.10434240932020904,0.21027413762630687,0.25858294565906825,105.08402314701377,52.93539613041744,TRACK
13.7,171.0229465304388,-530.6451096247317,-0.31097110933217786,-0.3664599247742833,0.6922861730297688,-0.2656967281331895,0.7415220136374139,171.0229465304388,-531.0,0.35489037526826905,174.5,-531.0,-0.10171418454563379,0.20925692478654406,0.2584779863625861,105.14623187569741,52.75539728149188,TRACK
13.752,171.05898925698727,-530.658861450761,-0.3085969229721086,-0.365771658120815,0.6925812873149307,-0.26526324079151736,0.741642384477873,171.05898925698727,-531.0,0.3411385492389627,174.5,-531.0,-0.09881615806653037,0.20978076490557823,0.258357615522127,105.14623187569741,52.75539728149188,TRACK
13.796,171.09227561582148,-530.6715365927813,-0.3053965197025583,-0.3650946129930698,0.6928908699207728,-0.2648440170789613,0.7417817138498942,171.09227561582148,-531.0,0.3284634072186918,174.5,-531.0,-0.09609105456685461,0.2093054651357037,0.2582182861501058,105.08591780999922,52.66895590811266,TRACK
13.852,171.12835266662398,-530.6852520045409,-0.3025235069525163,-0.3644646861409066,0.6932053689268972,-0.2644638825599214,0.7419399090814185,171.12835266662398,-531.0,0.314747995459129,174.5,-531.0,-0.0930816383345954,0.20944186861792088,0.2580600909185815,105.08591780999922,52.66895590811266,TRACK
13.9,171.16166970016488,-530.6979010581764,-0.2995013463735041,-0.36389841402968887,0.6935201927048537,-0.264134206423005,0.7421166597591567,171.16166970016488,-531.0,0.3020989418236013,174.5,-531.0,-0.09024820696236104,0.2092531394111431,0.25788334024084325,105.25884971910824,52.295681587225346,TRACK
13.952,171.19777933824568,-530.7115934524757,-0.2966054068159192,-0.36338721931905466,0.6938337661866327,-0.26384758041994144,0.7423077803675403,171.19777933824568,-531.0,0.288406547524346,174.5,-531.0,-0.08711609989235403,0.20948930692356516,0.2576922196324597,105.25884971910824,52.295681587225346,TRACK
14.004,171.2311262919054,-530.7242233858565,-0.293558520961982,-0.3629183852211647,0.6941468184568468,-0.263594191508122,0.7425104062372345,171.2311262919054,-531.0,0.27577661414352406,174.5,-531.0,-0.08416511372093285,0.20939340724104913,0.2574895937627655,105.71774898209719,51.59865830493999,TRACK
14.052,171.2672681660727,-530.7378959941395,-0.29063711245576895,-0.3624791208693825,0.694458046584543,-0.26336339561625516,0.7427195006303143,171.2672681660727,-531.0,0.2621040058604649,175.0,-531.0,-0.07010267994188699,0.22053443251388197,0.25728049936968567,105.71774898209719,51.59865830493999,TRACK
14.096,171.30064414447037,-530.7505094176831,-0.2868594081283456,-0.3620758457265848,0.6947642394295387,-0.2631590871559708,0.7429334112441499,171.30064414447037,-531.0,0.2494905823168665,175.0,-531.0,-0.06733965647528475,0.21951975165306084,0.2570665887558501,119.04832842370132,38.01924983541674,TRACK
14.152,171.33681234853208,-530.7641800313125,-0.2843635575922811,-0.36183034474402814,0.6950365906599405,-0.2630671522339836,0.7431555617370373,171.33681234853208,-531.0,0.23581996868745136,175.0,-531.0,-0.0642869094987436,0.2200766480935375,0.25684443826296266,119.04832842370132,38.01924983541674,TRACK
14.2,171.37019459855114,-530.7768520418846,-0.2809085712935253,-0.3621700371057882,0.6951860236512681,-0.2633937260398253,0.7434109646737826,171.37019459855114,-531.0,0.223147958115419,175.0,-531.0,-0.06139928999671189,0.2195092812968134,0.25658903532621735,107.00424986023216,49.810989124320514,TRACK
14.248,171.4063569992472,-530.7906299957707,-0.2777484809631978,-0.3628188276223456,0.6952716892891804,-0.263942150005535,0.7436855387034058,171.4063569992472,-531.0,0.2093700042292994,175.0,-531.0,-0.05819542799834027,0.21955305296485755,0.2563144612965942,107.00424986023216,49.810989124320514,TRACK
14.3,171.43974725469948,-530.8033565198568,-0.27442031254518606,-0.3632840060463991,0.6953972107108066,-0.26435996896498704,0.7439512577148714,171.43974725469948,-531.0,0.19664348014316602,175.0,-531.0,-0.055176947709522854,0.2192433648356632,0.25604874228512864,106.85567255495103,49.6202763524566,TRACK
14.352,171.47593081074754,-530.8171500441457,-0.2712377464549805,-0.36360610034426255,0.6955513526701127,-0.2646750086946472,0.7442073262396273,171.47593081074754,-531.0,0.18284995585429442,175.0,-531.0,-0.05183954215198194,0.21939820430299856,0.25579267376037274,106.85567255495103,49.6202763524566,TRACK
14.396,171.50934138470282,-530.8298869546405,-0.2678872825032146,-0.36381972386980826,0.6957271476594874,-0.26491206134293793,0.7444559518436069,171.50934138470282,-531.0,0.17011304535947147,175.0,-531.0,-0.04869527038206225,0.21919201212115233,0.2555440481563931,107.24886138942952,48.94405162944349,TRACK
14.452,171.54554709431022,-530.8436909021785,-0.264682688826247,-0.3639708987045178,0.69591492218233,-0.26510402522488924,0.7446997536634997,171.54554709431022,-531.0,0.15630909782146318,175.0,-531.0,-0.04521773936747611,0.2194649494587709,0.2553002463365003,107.24886138942952,48.94405162944349,TRACK
14.5,171.57897685805065,-530.8564423831178,-0.26108615720480643,-0.36412311643658823,0.6961033933591428,-0.2652971649119112,0.7449446422093465,171.57897685805065,-531.0,0.14355761688216262,175.0,-531.0,-0.04193875200292341,0.21914740520188303,0.25505535779065347,107.53768044545144,48.39908544800092,TRACK
14.552,171.61520092613102,-530.8702718638008,-0.25785367223516853,-0.3643244577462374,0.6962830485321041,-0.2655262002510168,0.7451941000121401,171.61520092613102,-531.0,0.12972813619921908,175.0,-531.0,-0.038307937506323796,0.21954573472884473,0.25480589998785985,107.53768044545144,48.39908544800092,TRACK
14.6,171.64864467347527,-530.8830589222025,-0.2539044484666359,-0.3646292576695576,0.6964446392643614,-0.265830997675756,0.745453724174314,171.64864467347527,-531.0,0.11694107779749174,175.0,-531.0,-0.03487951584118399,0.21902493262545192,0.254546275825686,107.6035208245302,48.0601896168612,TRACK
14.652,171.68488060772594,-530.8969398428436,-0.2509617835275251,-0.36504889350915387,0.6965847268244185,-0.26621942203510546,0.7457231807539279,171.68488060772594,-531.0,0.10306015715639205,175.0,-531.0,-0.031077907936230997,0.21988387559129408,0.25427681924607215,107.6035208245302,48.0601896168612,TRACK
14.7,171.71833292130296,-530.9097834357278,-0.24752368635450983,-0.3655862220389046,0.6967031922682765,-0.2666938224369493,0.746003306321653,171.71833292130296,-531.0,0.0902165642721684,175.0,-531.0,-0.027484155178540515,0.2200395311759693,0.253996693678347,107.94766059985065,47.407246118820694,TRACK
14.752,171.7545762867408,-530.9237315640902,-0.24423155845327352,-0.36621275927158803,0.6968028038828207,-0.26723261779219437,0.7462890991506105,171.7545762867408,-531.0,0.07626843590981025,175.5,-531.0,-0.020360285685371442,0.22387127276790209,0.2537109008493895,107.94766059985065,47.407246118820694,TRACK
14.8,171.78803449069042,-530.936638714848,-0.24076065583287343,-0.3669013446040475,0.6968878929899246,-0.2678158425069931,0.7465775652225742,171.78803449069042,-531.0,0.06336128515204109,175.5,-531.0,-0.01706781280071851,0.22369284303215492,0.25342243477742576,112.41929284609921,42.60546916851484,TRACK
14.852,171.8242828147352,-530.950657840247,-0.23742501364107493,-0.36764834538521673,0.6969562345909923,-0.2684397955077348,0.746865393995122,171.8242828147352,-531.0,0.04934215975299594,175.5,-531.0,-0.013423012105022647,0.2240020015360523,0.253134606004878,112.41929284609921,42.60546916851484,TRACK
14.896,171.8577411926988,-530.9636446745211,-0.23307839589638576,-0.36855903582708816,0.6969888918020449,-0.269181533662021,0.7471627756788212,171.8577411926988,-531.0,0.036355325478893974,175.5,-531.0,-0.00998120125504686,0.2230971946413389,0.25283722432117883,108.42776160454886,46.27455512172554,TRACK
14.952,171.89398691839872,-530.9777573907508,-0.23023058884758396,-0.3695199077030049,0.6970043949593066,-0.2699574330414003,0.7474571173297443,171.89398691839872,-531.0,0.022242609249246925,175.5,-531.0,-0.006168121597587246,0.2240624672499967,0.2525428826702557,108.42776160454886,46.27455512172554,TRACK
15.0,171.92744661333163,-530.9908107748788,-0.22639820996311233,-0.37037540333244845,0.6970297989426197,-0.2706532574106567,0.7477323895358473,171.92744661333163,-531.0,0.009189225121190248,175.5,-531.0,-0.0025721672599860845,0.22382604270312625,0.2522676104641527,108.3755987103861,45.99322068383041,TRACK
15.052,171.96369649242845,-531.0049783046102,-0.2229525237558876,-0.37114611626079325,0.6970589401567451,-0.2712829905088196,0.7479877184766158,171.96369649242845,-531.0,0.004978304610176565,175.5,-531.0,0.0014077698112797228,0.2243602935671673,0.2520122815233842,108.3755987103861,45.99322068383041,TRACK
15.1,171.9971589549743,-531.0180811261484,-0.21874333059386866,-0.37187105508889856,0.6970854338320747,-0.2718753508806034,0.7482274443491784,171.9971589549743,-531.0,0.018081126148445037,175.5,-531.0,0.005161800187375294,0.22390513078124397,0.2517725556508216,108.71975004358914,45.38800879037406,TRACK
15.152,172.03341024437518,-531.0323042640852,-0.21485931825754911,-0.3725790927645361,0.6971045952659098,-0.27245163726178967,0.7484548826666025,172.03341024437518,-531.0,0.03230426408515541,175.5,-531.0,0.009318474731969823,0.22417779298951893,0.25154511733339746,108.71975004358914,45.38800879037406,TRACK
15.2,172.06687244669112,-531.0454621254314,-0.2121852574554304,-0.3733022578457439,0.6971132121432856,-0.2730363032032977,0.7486759335063821,172.06687244669112,-531.0,0.04546212543141337,175.5,-531.0,0.013241415490474228,0.22542667294590463,0.25132406649361794,108.25413997320246,45.62864644484594,TRACK
15.252,172.1031222894032,-531.0597478949645,-0.20868230852120997,-0.37403785456910377,0.6971129138397423,-0.2736278150934152,0.7488915781573006,172.1031222894032,-531.0,0.05974789496451649,175.5,-531.0,0.017587249142778552,0.22626955766398854,0.25110842184269944,108.25413997320246,45.62864644484594,TRACK
15.3,172.13658335192764,-531.0729613434645,-0.20475570317891092,-0.37475777522017173,0.6971103082366208,-0.2742061417897546,0.749100654148012,172.13658335192764,-531.0,0.0729613434644989,175.5,-531.0,0.021689225526527425,0.22644492870543836,0.25089934585198803,111.03665646124958,42.621218921664784,TRACK
15.352,172.1728324052491,-531.0873041764054,-0.20122195129790832,-0.3754631476840478,0.6971057130943709,-0.274772290803903,0.7493038015534393,172.1728324052491,-531.0,0.08730417640538235,175.5,-531.0,0.026233769448782352,0.22745572074669068,0.25069619844656066,111.03665646124958,42.621218921664784,TRACK
15.4,172.20629151881718,-531.1005757277433,-0.19724124706321677,-0.37621666897114436,0.6970914166119717,-0.2753737175279142,0.7495112590343317,172.20629151881718,-531.0,0.10057572774326218,175.5,-531.0,0.03052622473001415,0.22776747179323092,0.2504887409656683,110.35619408528571,43.08720037099367,TRACK
15.452,172.24253853380236,-531.1149813949038,-0.19286961176023065,-0.3769424471866682,0.6970797139672394,-0.2759541376659449,0.7497138212142042,172.24253853380236,-531.0,0.11498139490379344,175.5,-531.0,0.03528320396667558,0.22815281572690624,0.25028617878579584,110.35619408528571,43.08720037099367,TRACK
15.5,172.27599847868262,-531.1282978101588,-0.18985639431223558,-0.37758045521260686,0.6970805788306358,-0.2764690507169694,0.7499043068200079,172.27599847868262,-531.0,0.12829781015875596,176.0,-531.0,0.034437979175759977,0.22429437348799555,0.25009569317999214,110.02726446561846,43.19157640404035,TRACK
15.548,172.31224911394918,-531.1427377127322,-0.18622223525296433,-0.3781021406274401,0.6970970366878801,-0.2768965349029532,0.7500773090823946,172.31224911394918,-531.0,0.14273771273224156,176.0,-531.0,0.038686587156281656,0.22490882240924598,0.24992269091760544,110.02726446561846,43.19157640404035,TRACK
15.6,172.34571444535254,-531.156073866637,-0.1823873664692255,-0.3784929310594105,0.6971311153299684,-0.27722553657599697,0.7502304913098742,172.34571444535254,-531.0,0.15607386663702982,176.0,-531.0,0.04268387580585662,0.2250712422750821,0.24976950869012582,105.47472571357429,47.567637566042684,TRACK
15.652,172.38197348232958,-531.1705202768338,-0.17872874088164048,-0.37872143115072326,0.6971864353868863,-0.27743205202207044,0.7503582272332661,172.38197348232958,-531.0,0.17052027683382676,176.0,-531.0,0.04709589184102081,0.2258246327226613,0.24964177276673394,105.47472571357429,47.567637566042684,TRACK
15.7,172.4154510658978,-531.1838361815837,-0.17465655329454743,-0.3786685139363757,0.6972785631863767,-0.27742597261571855,0.7504415799787718,172.4154510658978,-531.0,0.18383618158372883,176.0,-531.0,0.05124082889712405,0.2258973821916715,0.2495584200212282,110.09262867731269,42.83696647004021,TRACK
15.752,172.4517263273039,-531.1982423776694,-0.17022147065244342,-0.37844661084321873,0.6973914793814602,-0.2772916635462862,0.7504968635418328,172.4517263273039,-531.0,0.19824237766943043,176.0,-531.0,0.05581206873181933,0.22603353938426274,0.24950313645816724,110.09262867731269,42.83696647004021,TRACK
15.8,172.4852160855217,-531.2115365912196,-0.16655328583564288,-0.3782503741503939,0.6975006152693786,-0.2771765551080792,0.7505557614213242,172.4852160855217,-531.0,0.2115365912195557,176.0,-531.0,0.06011229707519119,0.22666558291083408,0.24944423857867581,109.56552920990543,43.35987022858321,TRACK
15.852,172.52150303987509,-531.2259317325035,-0.16323385065652432,-0.3780440102293336,0.697614515765197,-0.27705513484649374,0.7506167866169255,172.52150303987509,-531.0,0.22593173250345444,176.0,-531.0,0.06485986032267509,0.2280937109791994,0.24938321338307445,109.56552920990543,43.35987022858321,TRACK
15.9,172.55500597648663,-531.2392080573264,-0.15935449891143683,-0.3777799726552716,0.6977416813732044,-0.2768923728178025,0.750674923019398,172.55500597648663,-531.0,0.23920805732643657,176.0,-531.0,0.06932514931525499,0.22867964822669182,0.24932507698060202,111.98660378161492,40.882275118577574,TRACK
15.952,172.59130988691868,-531.2535740919304,-0.15457869860293272,-0.37743964663234914,0.6978853361852357,-0.27667450601230203,0.7507281297111031,172.59130988691868,-531.0,0.2535740919304317,176.0,-531.0,0.07425370909184408,0.2288324076947768,0.24927187028889686,111.98660378161492,40.882275118577574,TRACK
16.0,172.62483003192915,-531.2668202601174,-0.15082747080005768,-0.3770533121451462,0.698043192555093,-0.2764250719376575,0.7507830039820066,172.62483003192915,-531.0,0.26682026011735616,176.0,-531.0,0.07888980560593614,0.22971727640599382,0.2492169960179934,110.8790216117146,41.932923562118205,TRACK
16.052,172.66115536110703,-531.2811441254288,-0.14793893308824546,-0.37654519836019645,0.6982254830888822,-0.2760869286633977,0.7508280877894027,172.66115536110703,-531.0,0.28114412542879563,176.0,-531.0,0.08400584674573686,0.23194477983398232,0.2491719122105973,110.8790216117146,41.932923562118205,TRACK
16.096,172.69469989575623,-531.294329219849,-0.14370798008011862,-0.37583332822568927,0.6984421291581455,-0.2755978171120994,0.7508498948391201,172.69469989575623,-531.0,0.2943292198490326,176.0,-531.0,0.08881340010526399,0.2325213801853826,0.24915010516087988,114.02303151325125,38.739667712889805,TRACK
16.152,172.73105592890678,-531.3085667650791,-0.13989470294522377,-0.3749314536042276,0.6986914532353709,-0.2749682124794198,0.7508510269675881,172.73105592890678,-531.0,0.30856676507914926,176.0,-531.0,0.09411454332705906,0.2340092462722828,0.2491489730324119,114.02303151325125,38.739667712889805,TRACK
16.2,172.7646302484185,-531.3216710655031,-0.1352070948907147,-0.373948398960658,0.6989621910426894,-0.27428152870290856,0.7508518505636125,172.7646302484185,-531.0,0.32167106550309654,176.5,-531.0,0.08590299193258769,0.22111008682330238,0.24914814943638752,113.46177281754754,39.3273339979024,TRACK
16.252,172.80102048322235,-531.3358200565344,-0.13170943680732572,-0.3728552970002811,0.699259696895852,-0.27351658713702354,0.7508498166357662,172.80102048322235,-531.0,0.3358200565344305,176.5,-531.0,0.09053901105544583,0.22224844786277154,0.24915018336423378,113.46177281754754,39.3273339979024,TRACK
16.3,172.8346298570558,-531.3488309398048,-0.1275995370466556,-0.3716300169622898,0.6995871538512507,-0.2726568054852905,0.7508421401407469,172.8346298570558,-531.0,0.3488309398047704,176.5,-531.0,0.09488359097829221,0.22248312802494782,0.2491578598592531,97.29510836869073,55.50690353734712,TRACK
16.352,172.8710635771578,-531.3628502151977,-0.123700882906286,-0.37012327204034784,0.6999586122282907,-0.2715874310177276,0.7508007668611983,172.8710635771578,-531.0,0.3628502151976818,176.5,-531.0,0.09965680407021514,0.22335768697650116,0.24919923313880166,97.29510836869073,55.50690353734712,TRACK
16.4,172.90472410793222,-531.3756611778648,-0.11969879226118763,-0.3678638265977682,0.7004144681785905,-0.26994509960925855,0.7506335884017916,172.90472410793222,-531.0,0.37566117786479936,176.5,-531.0,0.1041096610868869,0.22380845334807453,0.24936641159820838,111.12526398836553,41.727989349751084,TRACK
16.452,172.94122065735723,-531.3894066857367,-0.11592726407355647,-0.36518105733657125,0.7009192562151748,-0.26798215619170385,0.7504013857732331,172.94122065735723,-531.0,0.38940668573673065,176.5,-531.0,0.10898782706236709,0.22491509113592356,0.24959861422676688,111.12526398836553,41.727989349751084,TRACK
16.5,172.9749338763955,-531.4020141884748,-0.11168650152367343,-0.36262036435494377,0.7014230720273021,-0.2661181089898656,0.7502087535510099,172.9749338763955,-531.0,0.40201418847482273,176.5,-531.0,0.11355383609233576,0.2252403376160092,0.2497912464489901,112.2233046058931,41.02731121721087,TRACK
16.552,173.01148492936636,-531.4155860141221,-0.10787324062517567,-0.3601406726553792,0.7019416995061627,-0.264325597315748,0.7500601115256876,173.01148492936636,-531.0,0.415586014122141,176.5,-531.0,0.11857096588330077,0.22644420650847644,0.24993988847431237,112.2233046058931,41.02731121721087,TRACK
16.6,173.04525233635246,-531.4280359892247,-0.1035826263290196,-0.35772400014905215,0.7024827806193157,-0.2625927067111579,0.7499579899464621,173.04525233635246,-531.0,0.4280359892246679,176.5,-531.0,0.12326970561647568,0.22685233194549528,0.2500420100535379,112.70066898371371,40.7083320726016,TRACK
16.652,173.08186608892683,-531.4414350194525,-0.09972217523039471,-0.35530741790998516,0.703052526653112,-0.2608710397415956,0.7498910284895972,173.08186608892683,-531.0,0.4414350194524559,176.5,-531.0,0.12843415493534824,0.22815633016574294,0.2501089715104028,112.70066898371371,40.7083320726016,TRACK
16.7,173.11569528906188,-531.4537162937014,-0.09500045825062985,-0.3528348081183167,0.7036553933092371,-0.25911713389729096,0.7498483857502953,173.11569528906188,-531.0,0.45371629370140454,176.5,-531.0,0.1332701995616318,0.22827065781226163,0.25015161424970467,113.35351037714929,40.06128591604613,TRACK
16.752,173.1523801801259,-531.4669166716942,-0.09174356319411969,-0.35023505659399984,0.7042935416588811,-0.2572748350617196,0.7498131324393066,173.1523801801259,-531.0,0.46691667169420725,176.5,-531.0,0.1385831641573772,0.2303267273514969,0.2501868675606934,113.35351037714929,40.06128591604613,TRACK
16.796,173.1862786314901,-531.478996954332,-0.08762125218016359,-0.3474704378488138,0.7049670099421829,-0.2553140370243604,0.7497757948937124,173.1862786314901,-531.0,0.4789969543320467,176.5,-531.0,0.143555225614661,0.2311764777948246,0.2502242051062876,114.36533442411911,39.04612158904184,TRACK
16.848,173.22304206375597,-531.4919611527088,-0.0836649469587436,-0.3445142653310804,0.7056747351750183,-0.2532131516014602,0.749729105749721,173.22304206375597,-531.0,0.49196115270876817,176.5,-531.0,0.14901453524129,0.2326794822000336,0.25027089425027904,114.36533442411911,39.04612158904184,TRACK
16.9,173.25701558316152,-531.5038105291948,-0.07854367918284577,-0.34139112805957705,0.7064121568625676,-0.2509902520846855,0.7496760913919817,173.25701558316152,-531.0,0.5038105291947659,177.0,-531.0,0.13379713323789164,0.2123408124207374,0.25032390860801834,115.14661765903578,38.314192744658286,TRACK
16.952,173.29386303569606,-531.5165154304992,-0.07432700836449468,-0.3381159516769515,0.7071796017123978,-0.24865742263505813,0.7496222401380681,173.29386303569606,-531.0,0.5165154304992257,177.0,-531.0,0.1384756488367404,0.2128026572012351,0.2503777598619319,115.14661765903578,38.314192744658286,TRACK
17.0,173.32791575281067,-531.5281216197668,-0.0706777688606095,-0.33474454548522486,0.7079678034070623,-0.24625578812224008,0.7495734279206584,173.32791575281067,-531.0,0.5281216197668073,177.0,-531.0,0.14284118437743876,0.21351895323804826,0.2504265720793416,115.14661765903578,38.314192744658286,TRACK
17.052,173.3648519105444,-531.5405332201552,-0.06667217224684951,-0.3310456873074613,0.7087878261915551,-0.24360588027842578,0.7494824931001236,173.3648519105444,-531.0,0.5405332201552255,177.0,-531.0,0.14761473236385553,0.21428690461070504,0.2505175068998764,88.90561859972487,64.62558422661766,TRACK
17.1,173.39899459762327,-531.5517527834544,-0.06263739840247462,-0.32630497693708443,0.7096691803080283,-0.24015313790404663,0.7492021590493642,173.39899459762327,-531.0,0.5517527834543898,177.0,-531.0,0.1520394222044306,0.2146768206069052,0.25079784095063584,111.68231394596175,41.94246841510598,TRACK
17.152,173.43603207340453,-531.5636726885756,-0.05886627844933767,-0.32108052881516375,0.7105756695740941,-0.2363296702611164,0.7488454414873608,173.43603207340453,-531.0,0.5636726885755934,177.0,-531.0,0.15685945121898895,0.21572572966832662,0.25115455851263924,111.68231394596175,41.94246841510598,TRACK
17.196,173.47026173187072,-531.5745347510066,-0.054899302011504274,-0.31625259533047717,0.7114654448724583,-0.232816824229015,0.7485898428990665,173.47026173187072,-531.0,0.5745347510065812,177.0,-531.0,0.16135474088497154,0.21625404289647582,0.2514101571009335,112.34076685674957,41.886675141752235,TRACK
17.252,173.507390913801,-531.5861568659253,-0.051086961544817955,-0.3117407541716141,0.7123604944670787,-0.22955670924035784,0.7484342034104555,173.507390913801,-531.0,0.586156865925318,177.0,-531.0,0.1662782063373457,0.21736516788216365,0.2515657965895445,112.34076685674957,41.886675141752235,TRACK
17.296,173.54170949419284,-531.5967544893934,-0.04679199042689253,-0.3074611759326635,0.7132739700940933,-0.22648619879467258,0.7483687290756138,173.54170949419284,-531.0,0.5967544893934473,177.0,-531.0,0.1708749139729378,0.21766690439983033,0.2516312709243862,113.04470108577628,41.294639977672986,TRACK
17.352,173.578938428045,-531.6080925977448,-0.04211109767030363,-0.30331901091340474,0.714207443027641,-0.2235302200426657,0.7483702499086957,173.578938428045,-531.0,0.6080925977447578,177.0,-531.0,0.17591238781814136,0.218023485488445,0.2516297500913043,113.04470108577628,41.294639977672986,TRACK
17.4,173.61335140705646,-531.6184225665947,-0.03822819530159349,-0.2992233306306836,0.7151628099264606,-0.22061733255889343,0.7484182334278824,173.61335140705646,-531.0,0.6184225665947451,177.0,-531.0,0.18061606296420563,0.21884425826579912,0.2515817665721176,112.22918929068487,41.96934777362036,TRACK
17.452,173.65068506488396,-531.6294539851151,-0.0346918788441406,-0.29505167613400973,0.7161400618296081,-0.2176511985118572,0.7484842231944256,173.65068506488396,-531.0,0.6294539851151058,177.0,-531.0,0.18576828250469324,0.22046016134883384,0.25151577680557435,112.22918929068487,41.96934777362036,TRACK
17.5,173.685195901438,-531.639476545743,-0.029940707387002382,-0.2907078277968216,0.7171325567290863,-0.21455445027803963,0.7485403903964755,173.685195901438,-531.0,0.6394765457430367,177.0,-531.0,0.1905741947122374,0.2205149020992398,0.25145960960352454,114.58079644504068,39.464837901943895,TRACK
17.552,173.72263567772546,-531.6501531343365,-0.026659632347477702,-0.286187252237454,0.7181346561164996,-0.21132204667523058,0.7485815865532437,173.72263567772546,-531.0,0.6501531343365059,177.0,-531.0,0.19583433026668554,0.22249396261416324,0.2514184134467563,114.58079644504068,39.464837901943895,TRACK
17.6,173.75724393599623,-531.6598451587602,-0.02250914503737067,-0.2815901889005828,0.7191394097000448,-0.20803034176139712,0.7486241471373285,173.75724393599623,-531.0,0.659845158760163,177.5,-531.0,0.17450604913736933,0.19701519417474,0.2513758528626715,114.6435849821826,39.3568795003529,TRACK
17.652,173.79478840541114,-531.6701690147074,-0.018516341584146504,-0.27695351551794883,0.7201437758284701,-0.2047072140976399,0.7486735612856266,173.79478840541114,-531.0,0.670169014707426,177.5,-531.0,0.17893743910154075,0.19745378068568725,0.25132643871437343,114.6435849821826,39.3568795003529,TRACK
17.7,173.8294924979167,-531.679540515667,-0.014015637368967715,-0.27233116944831215,0.7211441288082502,-0.20139355032692569,0.7487377489000365,173.8294924979167,-531.0,0.6795405156669858,177.5,-531.0,0.183062587802629,0.1970782251715967,0.2512622510999635,82.43340262802346,71.51917089350405,TRACK
17.748,173.86713985229576,-531.6894895477848,-0.010053100300975615,-0.2674417792492991,0.7221393381998134,-0.1978704469668458,0.7487575959938728,173.86713985229576,-531.0,0.689489547784774,177.5,-531.0,0.18756165223174917,0.19761475253272479,0.2512424040061272,82.43340262802346,71.51917089350405,TRACK
17.8,173.90193811087502,-531.6983860659376,-0.005821873499626485,-0.2614441571723739,0.7231278719702912,-0.1934862353927873,0.7485658571607143,173.90193811087502,-531.0,0.6983860659375978,177.5,-531.0,0.19171670342699812,0.1975385769266246,0.25143414283928567,108.92694941020113,44.983396299373595,TRACK
17.852,173.93968442383047,-531.7077459621183,-0.002164625578471968,-0.25501564399518,0.72409483859621,-0.1887653542218327,0.748295191910362,173.93968442383047,-531.0,0.707745962118338,177.5,-531.0,0.19622934999936978,0.19839397557784175,0.251704808089638,108.92694941020113,44.983396299373595,TRACK
17.9,173.97456992193673,-531.7162184137601,0.0016622706991735736,-0.24915031698370355,0.7250350687790464,-0.18447577346529395,0.748135791120205,173.97456992193673,-531.0,0.7162184137600889,177.5,-531.0,0.20042999809782808,0.1987677273986545,0.251864208879795,110.12262843189202,44.319153933088465,TRACK
17.952,174.01241016762896,-531.7252263772614,0.005341756932982333,-0.2437441797617027,0.725966756096328,-0.18053977631881138,0.7480791012922844,174.01241016762896,-531.0,0.7252263772613787,177.5,-531.0,0.2050230458532029,0.19968128892022058,0.2519208987077156,110.12262843189202,44.319153933088465,TRACK
18.0,174.0473845639317,-531.7333921785441,0.009197266764827683,-0.2387127536364113,0.7269000311701277,-0.17689315562733599,0.74811419169999,174.0473845639317,-531.0,0.7333921785441362,177.5,-531.0,0.20930541381617154,0.20010814705134386,0.25188580830000995,111.01784347291706,43.41804154779009,TRACK
18.052,174.0853217488474,-531.7420793606973,0.012908911924732092,-0.2339496030528088,0.7278314571932168,-0.17345196949629943,0.7482140173788157,174.0853217488474,-531.0,0.7420793606972893,177.5,-531.0,0.2139930106727085,0.20108409874797642,0.25178598262118435,111.01784347291706,43.41804154779009,TRACK
18.1,174.1203849626674,-531.7499509900476,0.017100228425730002,-0.2293583474003301,0.7287597146130489,-0.17014107751887686,0.7483573397129054,174.1203849626674,-531.0,0.7499509900476369,177.5,-531.0,0.21836593072708552,0.20126570230135551,0.2516426602870946,111.39955196403952,42.78418699298734,TRACK
18.152,174.1584167827035,-531.7583125726326,0.02164460823430847,-0.22482606383615272,0.7296772185876875,-0.1668715831705153,0.7485151759287838,174.1584167827035,-531.0,0.7583125726325761,177.5,-531.0,0.22315270182894686,0.2015080935946384,0.2514848240712162,111.39955196403952,42.78418699298734,TRACK
18.2,174.19356512731767,-531.7658734044287,0.02509024407262772,-0.22029416330887747,0.7305802048935688,-0.16359759424092873,0.7486732322073152,174.19356512731767,-531.0,0.765873404428703,177.5,-531.0,0.22761705894653442,0.2025268148739067,0.2513267677926848,110.4807662260189,43.45296684461435,TRACK
18.252,174.23168648861093,-531.7738875725667,0.0296823269654376,-0.21571303531798888,0.7314632188085604,-0.16027995256971098,0.7488178040521797,174.23168648861093,-531.0,0.7738875725666503,177.5,-531.0,0.2325028567469672,0.2028205297815296,0.2511821959478203,110.4807662260189,43.45296684461435,TRACK
18.3,174.2669146320733,-531.7811194312512,0.03285458352718562,-0.21107756322883744,0.7323229716387145,-0.1569142720786824,0.7489452740833206,174.2669146320733,-531.0,0.7811194312512271,178.0,-531.0,0.20626640307374133,0.1734118195465557,0.25105472591667943,111.69925082870881,42.067174181415474,TRACK
18.352,174.30511944018016,-531.7887797246854,0.037785815901607345,-0.20645761609738886,0.7331576784382268,-0.15355394419623697,0.7490654145207556,174.30511944018016,-531.0,0.7887797246853552,178.0,-531.0,0.2103219905397331,0.17253617463812576,0.2509345854792444,111.69925082870881,42.067174181415474,TRACK
18.4,174.3404221549531,-531.7957017094612,0.04068670266350538,-0.20196245572344435,0.7339681195375385,-0.15028286938505722,0.749195662913285,174.3404221549531,-531.0,0.7957017094612411,178.0,-531.0,0.21409755408741424,0.17341085142390886,0.250804337086715,73.86409341015828,79.79393231424551,TRACK
18.452,174.37870276116897,-531.802993915627,0.04445239413262381,-0.1971581287292618,0.7347372041523124,-0.14676602198509736,0.7492523102232563,174.37870276116897,-531.0,0.8029939156269847,178.0,-531.0,0.21821133460571987,0.17375894047309606,0.25074768977674367,73.86409341015828,79.79393231424551,TRACK
18.5,174.41406506544132,-531.8094346099647,0.04899217546692958,-0.19121087194618308,0.735429318018261,-0.14236131050269626,0.7490814538679018,174.41406506544132,-531.0,0.8094346099646827,178.0,-531.0,0.22200425377548413,0.17301207830855456,0.2509185461320982,107.08446929784247,46.50146118658523,TRACK
18.552,174.45242092399513,-531.8161508927998,0.051812661230908885,-0.1849599318265997,0.7361934892856195,-0.1377406016783887,0.7489681749028192,174.45242092399513,-531.0,0.8161508927997829,178.0,-531.0,0.2261239941471367,0.1743113329162278,0.2510318250971808,107.08446929784247,46.50146118658523,TRACK
18.6,174.48785462065936,-531.822213145038,0.05565077034605315,-0.17953051063486739,0.7368964728789713,-0.13373531366091407,0.7489336057765411,174.48785462065936,-531.0,0.8222131450379493,178.0,-531.0,0.22996426578752027,0.17431349544146713,0.2510663942234589,106.80967496841933,47.17135840197406,TRACK
18.652,174.5262726188081,-531.8286458502353,0.05906942763177936,-0.17475951828148498,0.7375653872185592,-0.13022500809227353,0.7489734662559789,174.5262726188081,-531.0,0.8286458502352616,178.0,-531.0,0.23417028301584433,0.17510085538406497,0.25102653374402106,106.80967496841933,47.17135840197406,TRACK
18.7,174.56176444958217,-531.8344654994413,0.06320652238866752,-0.17047637025963563,0.7382121010863878,-0.12708119738739845,0.749070582068068,174.56176444958217,-531.0,0.8344654994413077,178.0,-531.0,0.23809793622444286,0.17489141383577533,0.250929417931932,107.24976633315252,46.581673711643006,TRACK
18.752,174.60024335340864,-531.8406462151561,0.0660786512415763,-0.16655129824246215,0.7388304876151055,-0.1242037494589612,0.749197611321098,174.60024335340864,-531.0,0.8406462151560845,178.0,-531.0,0.2424043870773498,0.1763257358357735,0.25080238867890203,107.24976633315252,46.581673711643006,TRACK
18.8,174.63578759086036,-531.8462380686066,0.06967244962870756,-0.16287173441332578,0.7394165483685768,-0.12150636855809242,0.7493334568811638,174.63578759086036,-531.0,0.8462380686065671,178.0,-531.0,0.2464286892455899,0.17675623961688233,0.2506665431188362,107.92610849940206,45.671049752487676,TRACK
18.852,174.67431840067883,-531.852170839407,0.07314912604366053,-0.15933671033995822,0.7399627456023424,-0.11891125071948416,0.7494563032138891,174.67431840067883,-531.0,0.8521708394069947,178.0,-531.0,0.25084241512854366,0.17769328908488313,0.2505436967861109,107.92610849940206,45.671049752487676,TRACK
18.9,174.7099057469258,-531.8575314998754,0.0770926605284845,-0.15589638654522758,0.7404668510257936,-0.11638046221681443,0.7495569154199394,174.7099057469258,-531.0,0.8575314998754493,178.0,-531.0,0.25496782011609015,0.17787515958760564,0.2504430845800606,108.3580270320423,45.07924168598949,TRACK
18.952,174.7484785043918,-531.8632132127333,0.0806079890968534,-0.15251841514701764,0.7409277822648238,-0.11388959852251497,0.7496297880844183,174.7484785043918,-531.0,0.8632132127332852,178.0,-531.0,0.25949397586931156,0.17888598677245815,0.25037021191558173,108.3580270320423,45.07924168598949,TRACK
19.0,174.78410089467783,-531.8683467984688,0.08459563296954542,-0.14923053264445071,0.7413496543077234,-0.11146063502770825,0.7496817878960119,174.78410089467783,-531.0,0.8683467984687923,178.5,-531.0,0.22956462930896362,0.1449689963394182,0.2503182121039881,108.48460248418519,44.90036481253882,TRACK
19.052,174.82270878556278,-531.8737945579335,0.08815103969963234,-0.1460622656301111,0.7417380793333193,-0.10911702454955707,0.7497212171064855,174.82270878556278,-531.0,0.8737945579334792,178.5,-531.0,0.23329252010187018,0.14514148040223784,0.25027878289351446,108.48460248418519,44.90036481253882,TRACK
19.1,174.8583618616291,-531.8787276599314,0.0918643783498132,-0.143062007070591,0.7421000978835988,-0.10689660135892257,0.7497595872417606,174.8583618616291,-531.0,0.8787276599314282,178.5,-531.0,0.23677391363676478,0.14490953528695158,0.2502404127582394,66.6269179751205,86.74931355143971,TRACK
19.152,174.89699477097597,-531.883904359657,0.09534766925323378,-0.13961214434978372,0.7423942611512763,-0.10432596211298144,0.7496886989685443,174.89699477097597,-531.0,0.8839043596569809,178.5,-531.0,0.24057308757638257,0.14522541832314878,0.2503113010314557,66.6269179751205,86.74931355143971,TRACK
19.2,174.93265280802214,-531.8884329390652,0.09867462646059579,-0.13496472553874264,0.7425627898767031,-0.10083276689157834,0.7493775709136777,174.93265280802214,-531.0,0.8884329390651828,178.5,-531.0,0.24408041848997022,0.14540579202937443,0.25062242908632226,102.14201525145515,51.31493015268739,TRACK
19.252,174.971284247742,-531.893145202912,0.1026612420023536,-0.13021418888425754,0.7426851192266399,-0.09725845898710894,0.7490262973789609,174.971284247742,-531.0,0.8931452029120237,178.5,-531.0,0.24790143168240447,0.14524018968005087,0.25097370262103913,102.14201525145515,51.31493015268739,TRACK
19.3,175.00695332122825,-531.8974071671323,0.10521687694557524,-0.12626427391730558,0.7428323216678558,-0.09429482078123999,0.7487932767731178,175.00695332122825,-531.0,0.8974071671323145,178.5,-531.0,0.25147383927898226,0.14625696233340701,0.2512067232268822,102.5295569352081,51.61119124637857,TRACK
19.352,175.04560679981645,-531.9019384674796,0.10828919574768214,-0.12291651125550573,0.7430086534277756,-0.09179077046047004,0.7486570674282605,175.04560679981645,-531.0,0.9019384674795674,178.5,-531.0,0.2553971558373929,0.14710796008971078,0.25134293257173945,102.5295569352081,51.61119124637857,TRACK
19.4,175.08129906224508,-531.9060483248905,0.11197387143064241,-0.12002086988473722,0.7432117049367915,-0.0896317110877099,0.748597009069341,175.08129906224508,-531.0,0.9060483248905484,178.5,-531.0,0.25907103285350697,0.14709716142286455,0.251402990930659,104.91245455431061,49.282934879177674,TRACK
19.452,175.11997816913504,-531.9104285999623,0.1148791109131162,-0.1174817387514654,0.7434277507374645,-0.0877432328822716,0.7485878007843824,175.11997816913504,-531.0,0.9104285999623016,178.5,-531.0,0.26311134034806677,0.14823222943495057,0.25141219921561764,104.91245455431061,49.282934879177674,TRACK
19.5,175.1556934931595,-531.914415070418,0.11860653368777752,-0.11526817703876559,0.7436522756577566,-0.08610111511327084,0.7486201367280396,175.1556934931595,-531.0,0.9144150704180447,178.5,-531.0,0.26690081844833685,0.14829428476055934,0.2513798632719604,104.37862106744842,49.70287101414264,TRACK
19.552,175.19439581509394,-531.9186714559238,0.12121634973674911,-0.11326213006553877,0.7438703768131782,-0.08461447342005506,0.7486673137063838,175.19439581509394,-531.0,0.9186714559237998,178.5,-531.0,0.2710726850933956,0.1498563353566465,0.25133268629361616,104.37862106744842,49.70287101414264,TRACK
19.6,175.2301291954399,-531.9225398944637,0.1244584709916443,-0.11136362375013849,0.7440716432845116,-0.0832067720767583,0.7487095413172902,175.2301291954399,-531.0,0.9225398944637391,178.5,-531.0,0.2749859423973235,0.15052747140567918,0.2512904586827098,105.22349099948256,48.738836750404815,TRACK
19.652,175.2688475424783,-531.9266651012341,0.12762083338946262,-0.10953646109269834,0.7442508270473203,-0.0818502166504476,0.7487381061000872,175.2688475424783,-531.0,0.9266651012341072,179.0,-531.0,0.24343354873065481,0.1158127153411922,0.2512618938999128,105.22349099948256,48.738836750404815,TRACK
19.7,175.30459318685377,-531.930415444703,0.13123543824690898,-0.10778589278163207,0.7444083611517784,-0.0805488952837908,0.7487535860909887,175.30459318685377,-531.0,0.9304154447030442,179.0,-531.0,0.24664967062950535,0.11541423238259638,0.25124641390901126,62.517851376361186,91.4099325482697,TRACK
19.752,175.3433110545628,-531.9343328417259,0.13432626822079818,-0.10535383600772312,0.7444664674056509,-0.07872387728063941,0.7486172386109916,175.3433110545628,-531.0,0.9343328417259045,179.0,-531.0,0.2501609290665195,0.1158346608457213,0.2513827613890084,62.517851376361186,91.4099325482697,TRACK
19.8,175.3790305541314,-531.9377281105412,0.13766012236968028,-0.10165268946109653,0.7443578881679354,-0.07592768867749226,0.7482203416011454,175.3790305541314,-531.0,0.9377281105412294,179.0,-531.0,0.2534044990667953,0.11574437669711501,0.25177965839885463,98.28876125602059,55.80267979466382,TRACK
19.852,175.41771517726391,-531.9412554238453,0.14020801373967595,-0.09790361614861297,0.7442098983934633,-0.07309452949463269,0.7477908685647684,175.41771517726391,-531.0,0.9412554238452913,179.0,-531.0,0.2569448338768618,0.11673682013718584,0.2522091314352316,98.28876125602059,55.80267979466382,TRACK
19.896,175.45342341101042,-531.9444518851689,0.1429226974908575,-0.0948870513219367,0.7441089716906888,-0.07081897465586687,0.7474713967249065,175.45342341101042,-531.0,0.9444518851688599,179.0,-531.0,0.26025965232648157,0.11733695483562406,0.2525286032750935,99.85358233240703,55.05023163454595,TRACK
19.952,175.49210986208055,-531.9478598981892,0.14558880731389978,-0.09243114164830254,0.7440604061094516,-0.06897088270182539,0.7472502061561649,175.49210986208055,-531.0,0.9478598981892219,179.0,-531.0,0.2639056700953057,0.11831686278140591,0.2527497938438351,99.85358233240703,55.05023163454595,TRACK
20.0,175.52782525729253,-531.9509636160152,0.14910448855052483,-0.09042017131621108,0.7440640207251752,-0.06746234957062046,0.7471160790314331,175.52782525729253,-531.0,0.9509636160152013,179.0,-531.0,0.2673258360752768,0.118221347524752,0.25288392096856693,100.988235259711,54.06835729576689,TRACK
20.052,175.56652266095963,-531.9542849589687,0.15100858345467413,-0.088739965328344,0.744104907384543,-0.06620572017742814,0.7470443832718182,175.56652266095963,-531.0,0.9542849589687421,179.0,-531.0,0.27109319220901806,0.12008460875434393,0.2529556167281818,100.988235259711,54.06835729576689,TRACK
20.1,175.6022489739658,-531.9573148404029,0.1541090944991781,-0.08729305554435106,0.7441725554698988,-0.06512660357263442,0.7470169119956434,175.6022489739658,-531.0,0.9573148404028871,179.0,-531.0,0.2746303270787808,0.12052123257960273,0.25298308800435665,101.53793054824885,53.46224853297909,TRACK
20.152,175.6409575952057,-531.9605540999403,0.15683154907163413,-0.08596152879553308,0.7442509578623967,-0.06413500074698592,0.7470092279215237,175.6409575952057,-531.0,0.960554099940282,179.0,-531.0,0.2785274563483368,0.12169590727670268,0.2529907720784763,101.53793054824885,53.46224853297909,TRACK
20.2,175.6766926476676,-531.9635003874951,0.15997143174270234,-0.08466671499532533,0.7443312134787079,-0.06317109723913035,0.7470070567839915,175.6766926476676,-531.0,0.9635003874950598,179.0,-531.0,0.2821856027715953,0.12221417102889298,0.2529929432160085,101.69862050730147,53.23441364228084,TRACK
20.252,175.7154087222419,-531.9666378512811,0.1627300418470665,-0.08333476574097747,0.7444042522420009,-0.062178757919305896,0.7469965787688456,175.7154087222419,-531.0,0.9666378512811207,179.0,-531.0,0.2862144033238656,0.12348436147679911,0.2530034212311544,101.69862050730147,53.23441364228084,TRACK
20.3,175.75114886619417,-531.9694803615884,0.16556503101431688,-0.08194564543811507,0.7444679802759082,-0.06114283030444994,0.746974577448074,175.75114886619417,-531.0,0.9694803615883529,179.5,-531.0,0.25306312483274584,0.08749809381842896,0.25302542255192595,102.26933725743372,52.659252741969496,TRACK
20.352,175.78986955213844,-531.9725002750175,0.1683577663751763,-0.0805069172354592,0.7445241887273129,-0.06006918008654108,0.7469434878197497,175.78986955213844,-531.0,0.9725002750175236,179.5,-531.0,0.2563530161385418,0.08799524976336548,0.25305651218025027,102.26933725743372,52.659252741969496,TRACK
20.4,175.82561407570577,-531.9752352056045,0.17123037205928915,-0.07905718047630585,0.7445778736845516,-0.05898716925268482,0.7469107685105718,175.82561407570577,-531.0,0.9752352056044629,179.5,-531.0,0.25943296772104596,0.08820259566175681,0.2530892314894282,57.66757760826346,97.31072892595591,TRACK
20.452,175.8642986901376,-531.9780534353462,0.17395625068629283,-0.07684214598326124,0.7443528304167785,-0.05731051404495806,0.7465558459817769,175.8642986901376,-531.0,0.978053435346169,179.5,-531.0,0.26279231561105687,0.08883606492476404,0.25344415401822307,57.66757760826346,97.31072892595591,TRACK
20.5,175.89997946843573,-531.9804361990529,0.1767733817680439,-0.0732905729392078,0.7440016815282112,-0.05462615282384924,0.7460043690818039,175.89997946843573,-531.0,0.9804361990528605,179.5,-531.0,0.2658932608595356,0.08911987909149166,0.2539956309181961,96.02516365331981,59.33604671180747,TRACK
20.552,175.9386204188096,-531.9828805680829,0.1790447332023155,-0.0697542970136875,0.7436844128174004,-0.051959483191665955,0.7454973465822039,175.9386204188096,-531.0,0.9828805680829191,179.5,-531.0,0.2692799588783519,0.09023522567603637,0.2545026534177961,96.02516365331981,59.33604671180747,TRACK
20.596,175.97428873928996,-531.9850742949427,0.18168566702944244,-0.06684199770972006,0.743476371833989,-0.049769589093860235,0.7451403407909167,175.97428873928996,-531.0,0.9850742949427058,179.5,-531.0,0.2724497553257967,0.09076408829635424,0.25485965920908327,97.36818950513981,58.91559725610401,TRACK
20.652,176.0129324121914,-531.9873793224202,0.18397057064329345,-0.06430097458643377,0.7433612862209453,-0.0478648409327698,0.7449006946228319,176.0129324121914,-531.0,0.9873793224202245,179.5,-531.0,0.27593158543548574,0.09196101479219229,0.2550993053771681,97.36818950513981,58.91559725610401,TRACK
20.7,176.0486092300899,-531.9894387627794,0.18628202922348303,-0.061977756005530495,0.7433282998869928,-0.046128899225291294,0.7447582404758099,176.0486092300899,-531.0,0.9894387627794003,179.5,-531.0,0.27919067007552106,0.09290864085203804,0.25524175952419015,98.10924828229639,58.26886571915614,TRACK
20.752,176.0872664602609,-531.9915921834267,0.18859042919451505,-0.0597627243485667,0.7433562903082614,-0.04447796193049999,0.7446857481101349,176.0872664602609,-531.0,0.9915921834267465,179.5,-531.0,0.282770747701594,0.09418031850707895,0.2553142518898651,98.10924828229639,58.26886571915614,TRACK
20.796,176.12295848065196,-531.9935065719454,0.19092956895698746,-0.057600575932509675,0.7434359040517908,-0.04286975820356906,0.7446709069123998,176.12295848065196,-531.0,0.9935065719454315,179.5,-531.0,0.2861220464189274,0.09519247746193996,0.2553290930876002,99.02162819201833,57.2813423006656,TRACK
20.852,176.16163538863822,-531.9954991150969,0.19403366057058477,-0.05545543425127471,0.7435586798488605,-0.04127669096714259,0.7447034816594973,176.16163538863822,-531.0,0.9954991150968908,179.5,-531.0,0.2898042679082652,0.09577060733768042,0.2552965183405027,99.02162819201833,57.2813423006656,TRACK
20.9,176.1973485192958,-531.9972633651453,0.1960006159387746,-0.05332177660852548,0.7437213862798799,-0.03969417239809272,0.7447799189911312,176.1973485192958,-531.0,0.9972633651452725,179.5,-531.0,0.2932525241767714,0.09725190823799679,0.25522008100886884,98.63426546739512,57.2813423006656,TRACK
20.948,176.2360504528627,-531.9990899757487,0.19837560948981392,-0.05116522161267514,0.74391268470545,-0.0380957065048298,0.7448874850068112,176.2360504528627,-531.0,0.9990899757486886,179.5,-531.0,0.29704229147402106,0.09866668198420714,0.25511251499318877,98.63426546739512,57.541022748969915,TRACK
21.0,176.2717871552934,-532.0006939640649,0.20114358801537044,-0.04895536002811671,0.7441233669489451,-0.03645795736723907,0.745015951436495,176.2717871552934,-531.0,1.000693964064908,180.0,-531.0,0.26223036703683983,0.06108677902146939,0.254984048563505,100.45331446030083,55.536434987261075,TRACK
21.052,176.31051421331256,-532.0023400348352,0.20397735631523828,-0.046687775733278085,0.7443430790304103,-0.03477699478134166,0.7451550567945527,176.31051421331256,-531.0,1.0023400348352425,180.0,-531.0,0.2652721081828415,0.06129475186760325,0.25484494320544726,100.45331446030083,55.536434987261075,TRACK
21.1,176.34627378275982,-532.003776888022,0.2060070382093928,-0.04440195487720953,0.7445698619227308,-0.03308210109466586,0.7453044375934388,176.34627378275982,-531.0,1.0037768880220028,180.0,-531.0,0.2681122970630225,0.062105258853629663,0.2546955624065612,52.28118459125388,103.51894384047762,TRACK
21.148,176.3849986007447,-532.0051203740531,0.20833938055322254,-0.040999456826907824,0.7446182236094867,-0.03054606015194075,0.7452444972773389,176.3849986007447,-531.0,1.0051203740531491,180.0,-531.0,0.2711916550011058,0.06285227444788327,0.2547555027226611,52.28118459125388,103.51894384047762,TRACK
21.2,176.42071267740548,-532.0060879731415,0.2103573853036793,-0.03613382912946475,0.7444169876643727,-0.026910349117706723,0.7449032275490124,176.42071267740548,-531.0,1.0060879731414616,180.0,-531.0,0.2740155742603673,0.06365818895668801,0.2550967724509876,93.2793557038956,62.56182233142925,TRACK
21.252,176.45939163638354,-532.0069566474112,0.21285392352936253,-0.031349915612755706,0.7442101889496071,-0.023338572973118206,0.7445760500612624,176.45939163638354,-531.0,1.0069566474112435,180.0,-531.0,0.2770861366952788,0.06423221316591629,0.2554239499387376,93.2793557038956,62.56182233142925,TRACK
21.3,176.49509594848809,-532.0076449949969,0.2144040576463675,-0.02712652660993803,0.744080565246188,-0.020189273577899774,0.7443544144724944,176.49509594848809,-531.0,1.0076449949968946,180.0,-531.0,0.2799458906719581,0.06554183302559058,0.2556455855275056,93.74436458587469,62.84881604322943,TRACK
21.352,176.53377819316617,-532.008260674563,0.2162724256110511,-0.023203776331810037,0.7440136296663686,-0.01726702490493354,0.7442139687471554,176.53377819316617,-531.0,1.0082606745629619,180.0,-531.0,0.2830705800075002,0.0667981543964491,0.2557860312528446,93.74436458587469,62.84881604322943,TRACK
21.4,176.56948933057288,-532.0087052507441,0.21849238354836675,-0.01944004743994022,0.7440025695403905,-0.014465267509213866,0.7441431767118588,176.56948933057288,-531.0,1.0087052507441285,180.0,-531.0,0.28597941006551886,0.0674870265171521,0.2558568232881412,95.47422849920412,61.16297201513569,TRACK
21.452,176.60818196625743,-532.0090539388223,0.2206715845989018,-0.015790144241251285,0.744032871924204,-0.011749362868428034,0.7441256359188231,176.60818196625743,-531.0,1.0090539388222624,180.0,-531.0,0.2891584110137546,0.06848682641485282,0.2558743640811769,95.47422849920412,61.16297201513569,TRACK
21.5,176.64390766784183,-532.0092599565394,0.22226420299593075,-0.012281383690299172,0.7441212741369703,-0.009139298385136278,0.744177396457458,176.64390766784183,-531.0,1.0092599565393812,180.0,-531.0,0.29212155062430606,0.06985734762837531,0.25582260354254205,94.84049160700447,61.706591013025374,TRACK
21.552,176.68262273392608,-532.0093585103207,0.22486078707547885,-0.008872846182417541,0.7442610037561053,-0.00660388670908465,0.7442903015838053,176.68262273392608,-531.0,1.0093585103206806,180.0,-531.0,0.2953641249646558,0.07050333788917695,0.25570969841619473,94.84049160700447,61.706591013025374,TRACK
21.6,176.71837227067746,-532.0093321245798,0.22610101021807338,-0.005507590111431378,0.7444433579202858,-0.004100130333854277,0.7444546488674681,176.71837227067746,-531.0,1.009332124579828,180.0,-531.0,0.2983877224690437,0.07228671225097033,0.25554535113253185,95.45624097298823,60.871992153876064,TRACK
21.652,176.75711531662486,-532.009174270642,0.22873139461074563,-0.0021521320426084677,0.7446586842172194,-0.0016026062893603704,0.7446604087280585,176.75711531662486,-531.0,1.0091742706420064,180.5,-531.0,0.26336202941251413,0.034630634801768506,0.2553395912719415,95.45624097298823,60.871992153876064,TRACK
21.7,176.7928917282508,-532.0089060028915,0.23037261363766004,0.001227583771438765,0.7448978128469548,0.0009144249257657109,0.7448983741136248,176.7928917282508,-531.0,1.0089060028915355,180.5,-531.0,0.26571880340835785,0.03534618977069781,0.2551016258863752,49.93206905663888,106.08834361009545,TRACK
21.752,176.83163382661309,-532.0083543680208,0.23247173099678697,0.005781956512617983,0.7449477019428705,0.004307303216096944,0.7449601542975028,176.83163382661309,-531.0,1.0083543680208322,180.5,-531.0,0.26825309187166285,0.03578136087487588,0.25503984570249716,49.93206905663888,106.08834361009545,TRACK
21.8,176.86736572784037,-532.007543678173,0.2341323329988334,0.011695871061491102,0.7447611193784367,0.008711027231161501,0.7448120614848044,176.86736572784037,-531.0,1.007543678172965,180.5,-531.0,0.2705579955326491,0.036425662533815684,0.2551879385151956,88.76614033360484,67.12495472197888,TRACK
21.852,176.9060698397457,-532.0064568314303,0.23552776080454918,0.017426958421726955,0.7446031731126448,0.012977482314067004,0.7447162549969157,176.9060698397457,-531.0,1.0064568314303415,180.5,-531.0,0.2730490532228922,0.03752129241834301,0.25528374500308426,88.76614033360484,67.12495472197888,TRACK
21.9,176.9418005932718,-532.0053001744434,0.2368543843120894,0.02265383781749978,0.7445288069844472,0.016869320700655083,0.7447198925841755,176.9418005932718,-531.0,1.0053001744433914,180.5,-531.0,0.27535377245445136,0.03849938814236195,0.2552801074158245,89.89825969617534,66.40259336347576,TRACK
21.952,176.98051312270707,-532.0038748891949,0.23825959174703892,0.027606256658346647,0.7445088265079616,0.020558324551108363,0.7447926137231832,176.98051312270707,-531.0,1.0038748891948899,180.5,-531.0,0.27785492626196223,0.03959533451492331,0.2552073862768168,89.89825969617534,66.40259336347576,TRACK
22.0,177.01625271930635,-532.0024009928172,0.23960175534702333,0.03237154466026137,0.7445319624333047,0.024110072045330982,0.7449222366521346,177.01625271930635,-531.0,1.002400992817229,180.5,-531.0,0.28016818499407964,0.04056642964705631,0.25507776334786536,90.51255337470461,65.58396635175076,TRACK
22.048,177.054976102467,-532.0006379979798,0.24102683886625173,0.036967374178129224,0.7445839314706938,0.02753785823546847,0.7450929905995302,177.054976102467,-531.0,1.0006379979797657,180.5,-531.0,0.2826807095768909,0.04165387071063917,0.25490700940046984,90.51255337470461,65.58396635175076,TRACK
22.096,177.09072721325379,-531.9988656140604,0.24277661610316947,0.04136848956497386,0.7446647382761864,0.030823240598589485,0.7453023846687596,177.09072721325379,-531.0,0.998865614060378,180.5,-531.0,0.28500860738414147,0.04223199128097199,0.25469761533124036,90.72341511444489,65.09424831562524,TRACK
22.152,177.12946541528527,-531.9967961214891,0.24440099066826715,0.04557228173487282,0.7447699781683423,0.033964383311353555,0.7455440293601671,177.12946541528527,-531.0,0.9967961214890693,180.5,-531.0,0.28754239383476804,0.04314140316650089,0.25445597063983294,90.72341511444489,65.09424831562524,TRACK
22.2,177.16523178946946,-531.9947534699027,0.2460085324645287,0.04959191938648813,0.7448969642358306,0.036971183636600784,0.7458138881431798,177.16523178946946,-531.0,0.9947534699026619,180.5,-531.0,0.28989426072839714,0.04388572826386844,0.25418611185682016,90.23970623212959,65.25335506148947,TRACK
22.248,177.20398629423627,-531.9923965235396,0.24748633909115633,0.0534974822899581,0.7450306549914636,0.03989533142297795,0.7460980594709776,177.20398629423627,-531.0,0.9923965235395826,180.5,-531.0,0.2924564266016017,0.04497008751044537,0.2539019405290224,90.23970623212959,65.25335506148947,TRACK
22.296,177.23976499256383,-531.990083417452,0.24915275388994496,0.05737238923939605,0.7451562677162451,0.04279836398054633,0.7463843267889645,177.23976499256383,-531.0,0.9900834174519559,180.5,-531.0,0.29483379515960223,0.045681041269657274,0.2536156732110355,90.74950094388836,64.38643223357812,TRACK
22.352,177.278528249442,-531.9874219680086,0.2504016646102729,0.06128784567823335,0.7452581106954542,0.04573253861020153,0.7466599739138904,177.278528249442,-531.0,0.9874219680085616,181.0,-531.0,0.25935502278442696,0.008953358174154047,0.2533400260861096,90.74950094388836,64.38643223357812,TRACK
22.4,177.3143104644335,-531.9848167556918,0.2518434844529194,0.06527750325006611,0.7453297562651753,0.04872248990648676,0.7469205624408751,177.3143104644335,-531.0,0.9848167556917815,181.0,-531.0,0.2611003805166159,0.009256896063696507,0.2530794375591249,45.224624645258395,109.59804106378598,TRACK
22.452,177.35303887185185,-531.9816979227071,0.2532511020627217,0.07055668305770302,0.7451363145804525,0.05266176352842587,0.7469949053671403,177.35303887185185,-531.0,0.9816979227070988,181.0,-531.0,0.2629496753614989,0.009698573298777158,0.2530050946328597,45.224624645258395,109.59804106378598,TRACK
22.5,177.38874266824232,-531.978503074474,0.2546485978378572,0.07709618685670161,0.7446787864911072,0.057525914659678906,0.746897399853086,177.38874266824232,-531.0,0.9785030744740197,181.0,-531.0,0.2646055606492701,0.009956962811412895,0.253102600146914,83.72907459599284,71.02428307524539,TRACK
22.552,177.4274073659852,-531.9748372748448,0.25558019154675793,0.08319700357629257,0.7442843691040458,0.06206549587900867,0.7468676910077947,177.4274073659852,-531.0,0.9748372748448446,181.0,-531.0,0.26638070218970955,0.010800510642951622,0.2531323089922053,83.72907459599284,71.02428307524539,TRACK
22.6,177.46309257847548,-531.971297875203,0.25678334690178906,0.0886802773578146,0.7439895143259019,0.06615069470944444,0.7469245690412343,177.46309257847548,-531.0,0.9712978752030494,181.0,-531.0,0.26801088478473867,0.011227537882949612,0.2530754309587657,84.44095108582945,70.61663884069563,TRACK
22.652,177.5017457438385,-531.9672924476439,0.25774911783353116,0.09378355817766716,0.7437587204091554,0.06995756013234183,0.7470415613634453,177.5017457438385,-531.0,0.9672924476438993,181.0,-531.0,0.2697668910397641,0.012017773206232929,0.25295843863655465,84.44095108582945,70.61663884069563,TRACK
22.7,177.5374207820488,-531.9634388374325,0.25852650994454796,0.09862233770130796,0.7435736552159621,0.0735716552109765,0.7472045029185178,177.5374207820488,-531.0,0.9634388374324772,181.0,-531.0,0.271378804739704,0.012852294795156038,0.2527954970814822,84.64398905896678,70.1653151831797,TRACK
22.752,177.57606286825927,-531.9590996316991,0.2598959852703917,0.10324515809508102,0.7434138407685598,0.07702776832311022,0.7473937487958408,177.57606286825927,-531.0,0.9590996316991323,181.0,-531.0,0.2731162823475924,0.013220297077200682,0.25260625120415925,84.64398905896678,70.1653151831797,TRACK
22.8,177.6117274861971,-531.9549498891108,0.26028319342054407,0.10765356156639917,0.7432735022963051,0.08032658911645342,0.747601404583284,177.6117274861971,-531.0,0.9549498891108215,181.0,-531.0,0.27471388950762554,0.014430696087081474,0.25239859541671605,84.69173673613496,69.83335647179585,TRACK
22.852,177.65035891800724,-531.9503066960652,0.2612284564761369,0.11184359347109135,0.7431470290607917,0.08346454380941343,0.7478193878706239,177.65035891800724,-531.0,0.9503066960652404,181.0,-531.0,0.27644014151053947,0.015211685034402567,0.25218061212937615,84.69173673613496,69.83335647179585,TRACK
22.896,177.68601394698481,-531.9458913119325,0.26245827314216563,0.11582376249946907,0.7430301551843239,0.08644746277704878,0.7480420946269198,177.68601394698481,-531.0,0.9458913119325416,181.0,-531.0,0.27803130480527555,0.015573031663109915,0.25195790537308016,85.71482135486316,68.53877947149955,TRACK
22.952,177.7246343993049,-531.9409737040247,0.2634173378994311,0.11961514535478178,0.7429149530242387,0.08929013480007528,0.7482615556071436,177.7246343993049,-531.0,0.9409737040247137,181.0,-531.0,0.2797541297408755,0.016336791841444376,0.2517384443928564,85.71482135486316,68.53877947149955,TRACK
23.0,177.76027813003049,-531.936315582655,0.26467076391729116,0.12323400565616252,0.742796922673131,0.09200405594109753,0.7484731221909615,177.76027813003049,-531.0,0.9363155826549701,181.5,-531.0,0.2453272249164927,-0.019343539000798465,0.2515268778090385,84.87901175567794,69.12284797507925,TRACK
23.052,177.79888273205154,-531.9311383750559,0.2656527321192048,0.1267634350940962,0.7426566671869315,0.0946492259710668,0.7486637438090099,177.79888273205154,-531.0,0.9311383750558662,181.5,-531.0,0.24646803778399912,-0.0191846943352057,0.2513362561909901,84.87901175567794,69.12284797507925,TRACK
23.1,177.83450595048583,-531.926235037605,0.2665211124238742,0.13027241208461937,0.7424794680882353,0.09727549912701239,0.7488246011336688,177.83450595048583,-531.0,0.9262350376050108,181.5,-531.0,0.24750916621746946,-0.019011946206404756,0.2511753988663312,40.72062810967833,113.08013310636412,TRACK
23.152,177.87304883845522,-531.9206654648035,0.267421497102055,0.13490583243167506,0.7420349386666755,0.10071658367345923,0.7488388881654783,177.87304883845522,-531.0,0.9206654648035055,181.5,-531.0,0.24858954969826583,-0.018831947403789157,0.2511611118345217,40.72062810967833,113.08013310636412,TRACK
23.2,177.90856758127953,-531.9152438831936,0.26836037310556704,0.1407020616701691,0.7413135432272642,0.10499814529312768,0.7487124814554367,177.90856758127953,-531.0,0.9152438831936252,181.5,-531.0,0.24952959266597524,-0.0188307804395918,0.2512875185445633,78.2552925021495,75.564136626991,TRACK
23.252,177.94702090663552,-531.9092145822117,0.26830966725851035,0.14589059756683195,0.740674262224566,0.10883062797279552,0.7486270555536035,177.94702090663552,-531.0,0.909214582211689,181.5,-531.0,0.25052575979557123,-0.01778390746293912,0.25137294444639646,78.2552925021495,75.564136626991,TRACK
23.296,177.9824977429429,-531.9035291300362,0.2689689364095398,0.15044592148167782,0.740123535187386,0.11219633029532572,0.7485792301887702,177.9824977429429,-531.0,0.9035291300361905,181.5,-531.0,0.2514309071677894,-0.017538029241750408,0.25142076981122985,79.29370051964764,74.83843838404024,TRACK
23.352,178.02090914991732,-531.8972367663497,0.26938534145666315,0.15462011292821998,0.7396186140456785,0.11528006258185239,0.7485487205731676,178.02090914991732,-531.0,0.8972367663496925,181.5,-531.0,0.25239442973839604,-0.01699091171826711,0.25145127942683243,79.29370051964764,74.83843838404024,TRACK
23.396,178.05634488729072,-531.8913064612359,0.2700412472135527,0.15853893584048728,0.7391376841441094,0.1181738487996137,0.7485249325587165,178.05634488729072,-531.0,0.8913064612358994,181.5,-531.0,0.25326780493021506,-0.01677344228333766,0.25147506744128345,79.12985175402035,74.97774547780863,TRACK
23.452,178.09470995434702,-531.8847544952267,0.27045723877006744,0.16225179646870833,0.7386659075726265,0.12091277293531029,0.7484966410539181,178.09470995434702,-531.0,0.8847544952267299,181.5,-531.0,0.2541972577501512,-0.01625998101991627,0.2515033589460819,79.12985175402035,74.97774547780863,TRACK
23.5,178.13010281468016,-531.8785986153175,0.2707001924096766,0.1657359710512056,0.7382057798513084,0.12347992674598227,0.7484617997700829,178.13010281468016,-531.0,0.8785986153175145,181.5,-531.0,0.25504207812978225,-0.01565811427989433,0.25153820022991713,79.17811739370057,74.94483761866346,TRACK
23.552,178.16842427304655,-531.871826947952,0.27111310840894065,0.16894360106987294,0.7377666497541022,0.12584048273006854,0.7484219776189959,178.16842427304655,-531.0,0.8718269479519449,181.5,-531.0,0.2559467146678921,-0.015166393741048556,0.25157802238100413,79.17811739370057,74.94483761866346,TRACK
23.6,178.2037804528184,-531.8654936859724,0.27183525159050004,0.17184972605749196,0.7373537998431455,0.127976349041983,0.7483772925852581,178.2037804528184,-531.0,0.8654936859724103,181.5,-531.0,0.25677532653291096,-0.015059925057589074,0.2516227074147419,79.74834298507947,74.42715147935708,TRACK
23.652,178.24206578984112,-531.8585557860713,0.271763813731533,0.17444657010089962,0.7369697383202547,0.12988203005788998,0.7483272926546133,178.24206578984112,-531.0,0.8585557860712925,181.5,-531.0,0.25766950230136365,-0.01409431143016937,0.2516727073453867,79.74834298507947,74.42715147935708,TRACK
23.7,178.27739027850654,-531.8520867481799,0.2724211482756813,0.17678362115369917,0.7366047264268902,0.13159338749580268,0.7482668926439645,178.27739027850654,-531.0,0.8520867481798859,182.0,-531.0,0.22501865158478745,-0.04740249669089386,0.2517331073560355,79.91940812351484,74.31834681505637,TRACK
23.748,178.31563991972885,-531.8450099777592,0.27283891609943534,0.17894026131962654,0.7362425804045515,0.1331678104729177,0.7481890155214145,178.31563991972885,-531.0,0.8450099777592186,182.0,-531.0,0.22545147181961123,-0.04738744427982411,0.2518109844785855,79.91940812351484,74.31834681505637,TRACK
23.8,178.3509279959727,-531.838412979419,0.27350437405779937,0.18099543107656693,0.7358665665410855,0.1346621897048928,0.7480865652376617,178.3509279959727,-531.0,0.8384129794189903,182.0,-531.0,0.2258410057343276,-0.04766336832347176,0.2519134347623383,38.63280128577004,115.70315235656152,TRACK
23.852,178.38909468394823,-531.8310568048705,0.27364986162051586,0.1842864503880321,0.7352044373176988,0.13704313661523543,0.7478678933775511,178.38909468394823,-531.0,0.8310568048705136,182.0,-531.0,0.22621267394708644,-0.047437187673429415,0.2521321066224489,38.63280128577004,115.70315235656152,TRACK
23.9,178.42426274118046,-531.8240599126948,0.27363682871311706,0.18852007099099824,0.7343166349081658,0.14009704424786945,0.7475614370136022,178.42426274118046,-531.0,0.8240599126947927,182.0,-531.0,0.2265040387201255,-0.04713278999299156,0.2524385629863978,73.45606827449197,81.14929314984974,TRACK
23.952,178.46233163568215,-531.8163958457338,0.273700134418696,0.19206852080302636,0.7335387564516764,0.14264814484446975,0.7472801351864243,178.46233163568215,-531.0,0.8163958457338367,182.0,-531.0,0.22680175690721113,-0.04689837751148487,0.25271986481357567,73.45606827449197,81.14929314984974,TRACK
24.0,178.4974472008117,-531.8092588225647,0.27355256079849366,0.1950220530977834,0.7328511874299628,0.14476208809021385,0.7470119979396217,178.4974472008117,-531.0,0.8092588225647432,182.0,-531.0,0.2270637780036317,-0.04648878279486196,0.2529880020603783,74.35028651899805,80.71370149305096,TRACK
24.052,178.5354602502781,-531.8014562798046,0.2729986703815057,0.19761932548639766,0.7322103355456328,0.1466124719903915,0.7467443956421644,178.5354602502781,-531.0,0.8014562798045972,182.0,-531.0,0.22733237629137987,-0.04566629409012585,0.25325560435783556,74.35028651899805,80.71370149305096,TRACK
24.1,178.5705219414759,-531.7941902567566,0.2730364751751304,0.19997098431013383,0.7315948830885849,0.14827952485232182,0.7464702877220436,178.5705219414759,-531.0,0.7941902567565648,182.0,-531.0,0.2275661971950094,-0.045470277980121016,0.2535297122779564,75.37210843076487,79.96038192192078,TRACK
24.152,178.60847721277005,-531.7862598245972,0.2728719763155343,0.20207204726583217,0.7310048461797576,0.14975959991890175,0.7461876593097481,178.60847721277005,-531.0,0.7862598245972094,182.0,-531.0,0.22780661506318955,-0.04506536125234473,0.25381234069025194,75.37210843076487,79.96038192192078,TRACK
24.2,178.64348937643038,-531.7788991607624,0.27290830434680347,0.2038704458253054,0.7304501767067304,0.15101524707595265,0.7458974899410138,178.64348937643038,-531.0,0.7788991607624212,182.0,-531.0,0.22802041776793217,-0.0448878865788713,0.2541025100589862,74.93265533648727,80.71689788182437,TRACK
24.252,178.68139698055444,-531.7708959211158,0.2727438352626217,0.20533899144689752,0.7299399503097672,0.15202786975954716,0.7456036509043201,178.68139698055444,-531.0,0.7708959211157662,182.0,-531.0,0.22824728178421852,-0.04449655347840317,0.2543963490956799,74.93265533648727,80.71689788182437,TRACK
24.3,178.71637081526666,-531.7634940458431,0.27234649335194616,0.20646648027718847,0.7294785124779313,0.15279012254010108,0.7453078033355309,178.71637081526666,-531.0,0.7634940458431174,182.0,-531.0,0.22845600342794353,-0.04389048992400263,0.2546921966644691,75.1234392301902,80.86136741641354,TRACK
24.352,178.7542423431325,-531.7554701017973,0.2723465012145496,0.20727741806779054,0.7290655475922183,0.15332089534406643,0.7450126640769587,178.7542423431325,-531.0,0.7554701017973002,182.5,-531.0,0.19901701363097074,-0.07332948758357888,0.25498733592304135,75.1234392301902,80.86136741641354,TRACK
24.4,178.78918564709502,-531.7480618741583,0.2717679631393932,0.2078496994526734,0.728687530661771,0.1536769085077413,0.7447161268231314,178.78918564709502,-531.0,0.7480618741583385,182.5,-531.0,0.19892362899922564,-0.07284433414016758,0.2552838731768686,39.839878550924766,116.47373757963257,TRACK
24.452,178.82699014478263,-531.7399119353713,0.2716095453553036,0.20941699119020948,0.7281002447505381,0.1547453477504098,0.7443628745821415,178.82699014478263,-531.0,0.7399119353713104,182.5,-531.0,0.1987852410041208,-0.07282430435118284,0.25563712541785855,39.839878550924766,116.47373757963257,TRACK
24.5,178.86183659652872,-531.732263067776,0.27115837311995383,0.2117451298210569,0.7273538697364401,0.1563574689203207,0.7439699657296277,178.86183659652872,-531.0,0.7322630677759889,182.5,-531.0,0.19861903529640007,-0.07253933782355376,0.2560300342703723,70.71141194307445,85.98964248377219,TRACK
24.552,178.89956625397508,-531.723959301199,0.2704940586117445,0.21345407745917558,0.7267296327561299,0.15752309137417525,0.7436057311787855,178.89956625397508,-531.0,0.7239593011989882,182.5,-531.0,0.19842955646878002,-0.0720645021429645,0.2563942688212145,70.71141194307445,85.98964248377219,TRACK
24.6,178.9343748513566,-531.7162802980193,0.26998185565605715,0.21473909568213453,0.7261869505317782,0.15838274091146617,0.743258084208488,178.9343748513566,-531.0,0.7162802980193419,182.5,-531.0,0.19824629282090242,-0.07173556283515473,0.25674191579151195,71.27874246624101,85.893442399179,TRACK
24.652,178.97206083446235,-531.7079343200461,0.2689111677060605,0.215859683819435,0.7256771733651013,0.15912363333547772,0.7429183606756847,178.97206083446235,-531.0,0.7079343200460926,182.5,-531.0,0.19803501208426855,-0.07087615562179195,0.25708163932431527,71.27874246624101,85.893442399179,TRACK
24.7,179.00682572586433,-531.7002032927221,0.2683381967453018,0.21689478232301235,0.7251841624934083,0.15980243590544999,0.7425825799549715,179.00682572586433,-531.0,0.700203292722108,182.5,-531.0,0.19782725404540857,-0.07051094269989322,0.25741742004502854,72.03405802942977,85.893442399179,TRACK
24.752,179.0444658602459,-531.6918077247135,0.26769439801581196,0.2177904695838541,0.7247167639582466,0.16038021416572015,0.7422507669635344,179.0444658602459,-531.0,0.6918077247134988,182.5,-531.0,0.1975905840841062,-0.07010381393170576,0.2577492330364656,72.03405802942977,85.48108740478035,TRACK
24.8,179.07919471968415,-531.6840550430301,0.26700269132072263,0.21843498611628057,0.7242971633100628,0.16077710981604448,0.7419269908958726,179.07919471968415,-531.0,0.6840550430300709,182.5,-531.0,0.19736576095521155,-0.06963693036551108,0.25807300910412745,71.84741909199245,86.02513993296294,TRACK
24.852,179.11680600017786,-531.6756726139467,0.2659828802776827,0.21873269016212193,0.7239460056284137,0.16092531713358724,0.7416163271934355,179.11680600017786,-531.0,0.6756726139467446,182.5,-531.0,0.19712094479128514,-0.06886193548639755,0.2583836728065645,71.84741909199245,86.02513993296294,TRACK
24.9,179.15151749855946,-531.6679650224867,0.2653311409678376,0.21865206655627215,0.7236695793576231,0.16080264386655085,0.7413198704757022,179.15151749855946,-531.0,0.6679650224866691,182.5,-531.0,0.19689830536594516,-0.06843283560189245,0.25868012952429775,72.65054959646312,85.55439592316586,TRACK
24.952,179.18911804080977,-531.659659087579,0.2647482332978084,0.21821693605174364,0.7234657994211114,0.16042704962236543,0.7410395409035639,179.18911804080977,-531.0,0.6596590875790298,182.5,-531.0,0.19666438355813706,-0.06808384973967133,0.25896045909643606,72.65054959646312,85.55439592316586,TRACK
25.0,179.22382361559792,-531.6520339689924,0.2636521843159736,0.2175368337119823,0.7233142524539804,0.15987740528174765,0.7407727671308421,179.22382361559792,-531.0,0.6520339689924413,182.5,-531.0,0.196455818537798,-0.06719636577817559,0.25922723286915794,72.38192865293566,86.11125517172785,TRACK
25.052,179.26141640789913,-531.6438086333524,0.26351479361513386,0.21679160701354375,0.7231826738147811,0.15928314947211614,0.7405162398027828,179.26141640789913,-531.0,0.6438086333523643,183.0,-531.0,0.1705339574259819,-0.09298083618915196,0.2594837601972172,72.38192865293566,86.11125517172785,TRACK
25.1,179.2961100366288,-531.6362357257445,0.2625316818053334,0.21613297914945875,0.723043114133338,0.15875316513058463,0.7402661091355013,179.2961100366288,-531.0,0.636235725744541,183.0,-531.0,0.17011480015844035,-0.09241688164689302,0.2597338908644987,41.57999206672899,117.1741048708101,TRACK
25.152,179.33365496322583,-531.6279313539296,0.2617455591220095,0.21667414337780216,0.7226842608974909,0.15908436762758166,0.7399867410787981,179.33365496322583,-531.0,0.6279313539296254,183.0,-531.0,0.169623282031342,-0.09212227709066748,0.26001325892120186,41.57999206672899,117.1741048708101,TRACK
25.2,179.36827343690712,-531.6201632255224,0.2604454747978411,0.21809482387238244,0.7221711401761293,0.16004744192694123,0.7396934090355599,179.36827343690712,-531.0,0.6201632255224467,183.0,-531.0,0.16913128503756045,-0.09131418976028063,0.2603065909644401,68.70372014713423,90.34494817214166,TRACK
25.252,179.40576609129187,-531.6117462610384,0.25931779119677256,0.21905327254375567,0.721765645627222,0.1606834828179849,0.7394354798481056,179.40576609129187,-531.0,0.6117462610384337,183.0,-531.0,0.16858660149978424,-0.09073118969698832,0.26056452015189435,68.70372014713423,90.34494817214166,TRACK
25.3,179.4403684196414,-531.603984771828,0.25812817136729294,0.21961293718986738,0.7214563138730483,0.16103845599123429,0.7392107934380606,179.4403684196414,-531.0,0.6039847718279816,183.0,-531.0,0.16807543853760942,-0.09005273282968351,0.2607892065619394,69.57046219648454,89.79264361603838,TRACK
25.352,179.47784923079408,-531.5955855723919,0.2566701785051184,0.21990621696055448,0.7212212944681878,0.16120806952188926,0.7390184011737074,179.47784923079408,-531.0,0.595585572391883,183.0,-531.0,0.16751251259300995,-0.08915766591210847,0.26098159882629257,69.57046219648454,89.79264361603838,TRACK
25.4,179.51244402038415,-531.587842479782,0.25553380392366365,0.2200066928175349,0.7210475154986176,0.16124529546954222,0.7388569312917008,179.51244402038415,-531.0,0.5878424797820117,183.0,-531.0,0.1669847080576199,-0.08854909586604376,0.2611430687082992,70.02576358079253,89.49889434757276,TRACK
25.452,179.5499212073006,-531.5794703634261,0.255044860273707,0.21992867803333288,0.720931181627099,0.16116022521972273,0.7387248383769948,179.5499212073006,-531.0,0.5794703634261396,183.0,-531.0,0.16640541826339791,-0.08863944201030907,0.26127516162300524,70.02576358079253,89.49889434757276,TRACK
25.5,179.5845174459524,-531.5717623825086,0.25358872274787947,0.21967993080226123,0.7208695082270062,0.16095817391647968,0.7386205938382531,179.5845174459524,-531.0,0.5717623825086093,183.0,-531.0,0.16586512572496423,-0.08772359702291524,0.26137940616174693,68.98604417893782,90.6375899044294,TRACK
25.552,179.62199997905233,-531.5634343774695,0.25240025622523343,0.21931328500313008,0.7208514608278734,0.160676693116317,0.7385416902846272,179.62199997905233,-531.0,0.563434377469548,183.0,-531.0,0.16527378852282384,-0.08712646770240959,0.26145830971537276,68.98604417893782,90.6375899044294,TRACK
25.6,179.65660338945233,-531.5557683026976,0.25098958255273685,0.21886059498470317,0.7208699837047419,0.16033831240417873,0.7384862272453663,179.65660338945233,-531.0,0.5557683026976292,183.0,-531.0,0.1647224681225544,-0.08626711443018245,0.2615137727546337,70.22354804596888,89.44493077568679,TRACK
25.648,179.69409653582198,-531.5474891824603,0.249846561734981,0.2183247060069719,0.7209232053576885,0.15994475081428272,0.7384528362300783,179.69409653582198,-531.0,0.5474891824602537,183.0,-531.0,0.1641199547222751,-0.08572660701270587,0.2615471637699217,70.22354804596888,89.44493077568679,TRACK
25.7,179.72871085847933,-531.5398658401155,0.24865289553423264,0.217782683057037,0.7209961861923316,0.15955095929345406,0.7384389000556165,179.72871085847933,-531.0,0.5398658401154535,183.0,-531.0,0.16355730944625912,-0.08509558608797352,0.2615610999443835,70.2644318197984,89.40516324069273,TRACK
25.752,179.76621435314294,-531.5316200790121,0.24770537712239338,0.217306768958051,0.7210748889531656,0.15920843865946963,0.7384418206055277,179.76621435314294,-531.0,0.5316200790121002,183.0,-531.0,0.16293816458286411,-0.08476721253952926,0.26155817939447235,70.2644318197984,89.40516324069273,TRACK
25.8,179.80083650642857,-531.5240139991046,0.24670825499576576,0.2169379035709417,0.7211518788605622,0.1589464844544084,0.7384605726134161,179.80083650642857,-531.0,0.524013999104568,183.0,-531.0,0.16235546428129802,-0.08435279071446775,0.26153942738658387,69.87546385960052,89.7607456786064,TRACK
25.852,179.83834686831594,-531.5157728878071,0.24557484278757194,0.21670281983357306,0.7212223108859022,0.1587842332437864,0.7384944511954156,179.83834686831594,-531.0,0.5157728878070884,183.0,-531.0,0.16170945946315973,-0.08386538332441221,0.26150554880458443,69.87546385960052,89.7607456786064,TRACK
25.9,179.8729751136722,-531.5081626475469,0.24392332082618484,0.21657254686333613,0.721292124465237,0.1587010868390288,0.7385447608503252,179.8729751136722,-531.0,0.5081626475468966,183.0,-531.0,0.1610984796590822,-0.08282484116710265,0.26145523914967483,69.86404616098466,89.71094025355254,TRACK
25.952,179.91049383218459,-531.4999154917649,0.24297681889803058,0.21650279729327743,0.7213697170434601,0.1586654088241254,0.7386128760214572,179.91049383218459,-531.0,0.49991549176490935,183.0,-531.0,0.16042037090515085,-0.08255644799287973,0.2613871239785428,69.86404616098466,89.71094025355254,TRACK
26.0,179.9451324108063,-531.4923018621727,0.24151090582404036,0.2164533176712046,0.7214632851949959,0.15864856484578457,0.7387006423524912,179.9451324108063,-531.0,0.4923018621726669,183.0,-531.0,0.1597795301435628,-0.08173137568047756,0.2612993576475088,70.3864580215295,89.09000421105046,TRACK
26.048,179.9826660723722,-531.4840570115575,0.24037421418597105,0.2163755647510038,0.7215815497626303,0.15861575398244857,0.7388091027926361,179.9826660723722,-531.0,0.4840570115575247,183.0,-531.0,0.1590700192284801,-0.08130419495749094,0.2611908972073639,70.3864580215295,89.09000421105046,TRACK
26.1,180.01732154774967,-531.4764495185511,0.2393815465094873,0.21627568953322787,0.7217241819730317,0.15857154326018053,0.7389389211406834,180.01732154774967,-531.0,0.47644951855113504,183.0,-531.0,0.15840058529282988,-0.0809809612166574,0.2610610788593166,70.39164402411237,88.93738717829908,TRACK
26.152,180.0548751932372,-531.4682091703797,0.23825063666701496,0.21618102747201878,0.7218856398330897,0.15853538504199016,0.7390888615773082,180.0548751932372,-531.0,0.46820917037973686,183.0,-531.0,0.15765832193874246,-0.0805923147282725,0.26091113842269176,70.39164402411237,88.93738717829908,TRACK
26.2,180.08954958155942,-531.4605996064072,0.23726506331453168,0.21612921308356595,0.7220597474077797,0.1585344042438123,0.7392587071895245,180.08954958155942,-531.0,0.460599606407186,183.0,-531.0,0.1569554609522271,-0.08030960236230458,0.26074129281047553,69.78006413137085,89.35265692354524,TRACK
26.248,180.12712254892452,-531.4523438694044,0.2361381927018471,0.21618495842266303,0.7222338084647282,0.15861482335385474,0.7394459657588512,180.12712254892452,-531.0,0.4523438694044444,183.0,-531.0,0.156171092224277,-0.07996710047757011,0.26055403424114876,69.78006413137085,89.35265692354524,TRACK
26.296,180.16181320280637,-531.4447062776543,0.23467777270542922,0.21636727342057546,0.7224046600572418,0.15879040835820724,0.739650516567781,180.16181320280637,-531.0,0.4447062776542907,183.0,-531.0,0.1554230590781557,-0.07925471362727352,0.260349483432219,69.60928483044714,89.28769136606297,TRACK
26.352,180.1994026943791,-531.4364081818932,0.23350273241080965,0.21668376455233943,0.7225692223152096,0.15906633305575713,0.7398705152585903,180.1994026943791,-531.0,0.4364081818931709,183.0,-531.0,0.15458362396813893,-0.07891910844267072,0.26012948474140973,69.60928483044714,89.28769136606297,TRACK
26.4,180.23410807300607,-531.4287229000282,0.23208102760732086,0.21711907886472004,0.7227300469931954,0.15943163008484754,0.7401061852857995,180.23410807300607,-531.0,0.42872290002821956,183.0,-531.0,0.1537797076661339,-0.07830131994118694,0.2598938147142005,70.02404446627638,88.60508303556928,TRACK
26.452,180.27171430709487,-531.4203702065458,0.23090344956451037,0.21762417761768982,0.7228934138355507,0.1598506118403937,0.7403560669519532,180.27171430709487,-531.0,0.4203702065458401,183.0,-531.0,0.15287630856491383,-0.07802714099959654,0.2596439330480468,70.02404446627638,88.60508303556928,TRACK
26.5,180.3064365381831,-531.4126352504384,0.22996047086934412,0.21817178061726802,0.7230636540115242,0.160303619313225,0.7406202117937483,180.3064365381831,-531.0,0.41263525043837035,183.0,-531.0,0.15201128021382238,-0.07794919065552175,0.25937978820625174,69.79433039811977,88.53663882030324,TRACK
26.552,180.3440622088405,-531.4042289855078,0.22882973027459896,0.21874502477969845,0.7232410814554137,0.16077798189426354,0.7408962284738588,180.3440622088405,-531.0,0.404228985507757,183.0,-531.0,0.1510390927624362,-0.07779063751216275,0.25910377152614117,69.79433039811977,88.53663882030324,TRACK
26.6,180.37880340903254,-531.3964452340686,0.22717573786595227,0.21932805974821784,0.7234279543462312,0.1612622091421451,0.741183853862844,180.37880340903254,-531.0,0.39644523406855114,183.0,-531.0,0.150108207177987,-0.07706753068796526,0.258816146137156,68.9234102064878,89.08258370429843,TRACK
26.652,180.4164496133375,-531.3879827899038,0.22618997700809462,0.21995338817137786,0.7236160839161478,0.16177919474330416,0.741480104085021,180.4164496133375,-531.0,0.3879827899038446,183.0,-531.0,0.14906037716345916,-0.07712959984463547,0.25851989591497904,68.9234102064878,89.08258370429843,TRACK
26.7,180.45120902409067,-531.3801415803365,0.22524246402183798,0.2206252047692518,0.7238044912873529,0.16233196301171207,0.7417847449381657,180.45120902409067,-531.0,0.3801415803364989,183.0,-531.0,0.14805448236279206,-0.07718798165904592,0.2582152550618343,69.24093223196735,88.42154854891413,TRACK
26.748,180.4888744506107,-531.3716126363157,0.224102815137164,0.2213464308347472,0.723990213221542,0.16292212994364352,0.7420953100956422,180.4888744506107,-531.0,0.3716126363157173,183.0,-531.0,0.1469201577150565,-0.0771826574221075,0.2579046899043578,69.24093223196735,88.42154854891413,TRACK
26.8,180.52365060862576,-531.3637041506089,0.2226237804401534,0.2221386816060643,0.7241697907871617,0.16356542607560265,0.7424119708733251,180.52365060862576,-531.0,0.36370415060889627,183.0,-531.0,0.14582849968959705,-0.07679528075055636,0.2575880291266749,68.24758999468,89.06040977563848,TRACK
26.852,180.56133188386283,-531.3550908758973,0.22147927094776199,0.22304341318134738,0.7243343319535198,0.16429149135409213,0.7427327369773757,180.56133188386283,-531.0,0.3550908758973037,183.0,-531.0,0.14459236778899148,-0.0768869031587705,0.25726726302262426,68.24758999468,89.06040977563848,TRACK
26.9,180.5961207006027,-531.347094812267,0.22047634923159287,0.2240517176373014,0.7244857711647295,0.16509410001808697,0.743058338544784,180.5961207006027,-531.0,0.3470948122669597,183.0,-531.0,0.1433983933663604,-0.07707795586523247,0.256941661455216,68.41774149524551,88.52816383052831,TRACK
26.952,180.63381507276338,-531.3383830627182,0.21931995917981784,0.225129120449976,0.7246278715692753,0.16594794082065978,0.7433870266003002,180.63381507276338,-531.0,0.33838306271820784,183.0,-531.0,0.14204476253225556,-0.07727519664756227,0.2566129733996998,68.41774149524551,88.52816383052831,TRACK
27.0,180.66861617488897,-531.3302965581257,0.2183083078088133,0.2262440344940137,0.7247661528524236,0.1668302575202923,0.7437192421504164,180.66861617488897,-531.0,0.330296558125724,183.0,-531.0,0.1407374192346289,-0.0775708885741844,0.2562807578495836,67.39434276469149,89.18290253664469,TRACK
27.052,180.70632345493075,-531.3214850995807,0.21660380657049427,0.2274060161377497,0.7248969996353316,0.16774756144096062,0.7440530252943636,180.70632345493075,-531.0,0.321485099580741,183.0,-531.0,0.1392543139664494,-0.07734949260404486,0.25594697470563643,67.39434276469149,89.18290253664469,TRACK
27.1,180.74113615508693,-531.3133057436005,0.21542643090321123,0.2285835671094485,0.7250256550684399,0.16867705229258495,0.7443884392422654,180.74113615508693,-531.0,0.3133057436004947,183.0,-531.0,0.1378212816786912,-0.07760514922452003,0.2556115607577346,67.46262512322048,88.74212747870112,TRACK
27.152,180.77885642764392,-531.3043970864807,0.21443933709705498,0.22975473841126423,0.7251531256972488,0.16960219921982075,0.7447227414875214,180.77885642764392,-531.0,0.30439708648066244,183.0,-531.0,0.13619678358375165,-0.07824255351330334,0.2552772585124786,67.46262512322048,88.74212747870112,TRACK
27.2,180.8136810248183,-531.296129671018,0.2131979919858018,0.23092188235718789,0.7252788860997265,0.1705246672416155,0.7450557863408106,180.8136810248183,-531.0,0.2961296710179795,183.0,-531.0,0.13462739787542574,-0.07857059411037606,0.2549442136591894,66.21504081914371,89.61922312882093,TRACK
27.252,180.85141244296958,-531.2871207128214,0.2117017369453378,0.23213228150583914,0.7253927442907577,0.17147825233764719,0.7453854200978514,180.85141244296958,-531.0,0.2871207128214337,183.0,-531.0,0.1328452725610435,-0.0788564643842943,0.25461457990214864,66.21504081914371,89.61922312882093,TRACK
27.3,180.8862451452397,-531.27875426465,0.21043176138615485,0.23339044920700508,0.7254937378420645,0.1724662152691635,0.7457115790017744,180.8862451452397,-531.0,0.27875426465004693,183.0,-531.0,0.13111972130995758,-0.07931204007619727,0.2542884209982256,66.16399238913203,89.30910697523507,TRACK
27.352,180.92398360462866,-531.2696346558087,0.20885249699785557,0.2346923825327111,0.7255797908691051,0.1734850225112226,0.7460315582824721,180.92398360462866,-531.0,0.26963465580865886,183.0,-531.0,0.12915777642548787,-0.0796947205723677,0.25396844171752786,66.16399238913203,89.30910697523507,TRACK
27.4,180.95882136675024,-531.2611643909177,0.20831944672664515,0.23602845029827274,0.7256522128681382,0.1745276127958564,0.7463451089600883,180.95882136675024,-531.0,0.2611643909176564,183.0,-531.0,0.12725641932949494,-0.08106302739715021,0.2536548910399117,65.55682934922436,89.56902513206046,TRACK
27.452,180.99656341557267,-531.2519295947786,0.20650739013473451,0.23740804805014903,0.7257069592844303,0.17560023002228559,0.7466498721206167,180.99656341557267,-531.0,0.2519295947786304,183.0,-531.0,0.12509213198499597,-0.08141525814973855,0.25335012787938327,65.55682934922436,89.56902513206046,TRACK
27.5,181.03140300404988,-531.2433523501423,0.20545490690705367,0.23880342952695016,0.7257481895145574,0.17668255832073476,0.7469452195431857,181.03140300404988,-531.0,0.24335235014234513,183.0,-531.0,0.12299318823080517,-0.0824617186762485,0.2530547804568143,64.12849227945946,90.67115021628581,TRACK
27.552,181.06914530835638,-531.2340007772983,0.20410714536892094,0.24023221762623742,0.7257710637090176,0.1777869416663401,0.7472294383550406,181.06914530835638,-531.0,0.23400077729831992,183.0,-531.0,0.12060212140205778,-0.08350502396686316,0.25277056164495937,64.12849227945946,90.67115021628581,TRACK
27.6,181.10398365975254,-531.2253159529415,0.20280676864166858,0.2416602545541596,0.7257808370078573,0.17888835635149297,0.7475017507711702,181.10398365975254,-531.0,0.2253159529415143,183.0,-531.0,0.1182817888976581,-0.08452497974401048,0.2524982492288298,63.188194397734925,91.31209827023386,TRACK
27.652,181.1417236196164,-531.215851111141,0.20120287791422542,0.2430831268374591,0.7257765046773135,0.17998309759361913,0.7477602892378096,181.1417236196164,-531.0,0.215851111140978,183.0,-531.0,0.11563840391695879,-0.08556447399726663,0.2522397107621904,63.188194397734925,91.31209827023386,TRACK
27.7,181.17655876994664,-531.2070645541883,0.20000192451748755,0.2444824405699731,0.7257610325314796,0.18105765788272699,0.7480046469234921,181.17655876994664,-531.0,0.20706455418826408,183.0,-531.0,0.1130726498373771,-0.08692927468011045,0.2519953530765079,62.68456341391152,91.54824347516919,TRACK
27.752,181.2142940654454,-531.1974923300274,0.19863767699785084,0.2458640311885437,0.7257322370024257,0.1821159094754464,0.7482335760366638,181.2142940654454,-531.0,0.19749233002744404,183.0,-531.0,0.11014858253254822,-0.08848909446530262,0.25176642396333615,62.68456341391152,91.54824347516919,TRACK
27.8,181.24912356744056,-531.1886082981956,0.1973884410413671,0.2472236589469836,0.7256910727663943,0.18315473993277026,0.7484471870831508,181.24912356744056,-531.0,0.18860829819561786,183.0,-531.0,0.10730842601946411,-0.09008001502190299,0.25155281291684917,61.12093462008577,92.88055367107026,TRACK
27.852,181.28685019783492,-531.1789268628036,0.19597600734583231,0.2486161278795805,0.7256284403371196,0.1842140884028156,0.7486464210775078,181.28685019783492,-531.0,0.1789268628035643,183.0,-531.0,0.1040659065025915,-0.09191010084324082,0.2513535789224922,61.12093462008577,92.88055367107026,TRACK
27.9,181.32166930012298,-531.1699384932215,0.19391459595647587,0.25002146560105165,0.7255477737361986,0.18527935233119858,0.7488310960248796,181.32166930012298,-531.0,0.1699384932214798,183.0,-531.0,0.10091055166165676,-0.09300404429481911,0.2511689039751204,59.87688648145236,93.92800811011152,TRACK
27.952,181.3593826485062,-531.1601431573202,0.19268310436536762,0.25145527562351666,0.7254458978155784,0.18636172450432872,0.7490009632955608,181.3593826485062,-531.0,0.16014315732024897,183.0,-531.0,0.09730326820058713,-0.09537983616478049,0.25099903670443924,59.87688648145236,93.92800811011152,TRACK
28.0,181.39418787792658,-531.151050368412,0.1907920551641371,0.2528842445826334,0.7253279647704449,0.1874367067169167,0.7491549742896454,181.39418787792658,-531.0,0.15105036841202946,183.0,-531.0,0.09378881223680843,-0.09700324292732868,0.2508450257103546,59.105424362126456,94.53388177072992,TRACK
28.052,181.4318852091156,-531.1411467975546,0.1892477012853968,0.25429282474652953,0.7251952139498856,0.18849250936794243,0.7492913481574736,181.4318852091156,-531.0,0.14114679755459747,183.0,-531.0,0.08976859055348661,-0.0994791107319102,0.25070865184252644,59.105424362126456,94.53388177072992,TRACK
28.1,181.46667494338362,-531.1319602046669,0.1877932930186037,0.25564940236082134,0.7250520347718103,0.1895057042283378,0.7494083433361419,181.46667494338362,-531.0,0.1319602046669388,183.0,-531.0,0.08584993323978989,-0.10194335977881382,0.2505916566638581,57.641033335977596,95.87096292996299,TRACK
28.152,181.504354278365,-531.1219594852327,0.18617728056486826,0.2569746561872294,0.724894731130271,0.19049124240228116,0.7495060270954415,181.504354278365,-531.0,0.12195948523265088,183.0,-531.0,0.0813630147352938,-0.10481426582957447,0.25049397290455855,57.641033335977596,95.87096292996299,TRACK
28.2,181.53912628772903,-531.1126877222155,0.1838445430237563,0.2582373430843361,0.7247274768473249,0.1914259128951033,0.7495824142982634,181.53912628772903,-531.0,0.11268772221546897,183.0,-531.0,0.07698476117558709,-0.10685978184816922,0.25041758570173656,55.36248374435343,98.06972318314493,TRACK
28.248,181.57678456069326,-531.1025958960576,0.1829404952341016,0.2594957086918056,0.7245420049022594,0.19235259636780522,0.7496403392275668,181.57678456069326,-531.0,0.10259589605755082,183.0,-531.0,0.07196291505009064,-0.11097758018401097,0.2503596607724332,55.36248374435343,98.06972318314493,TRACK
28.296,181.61153529843236,-531.0932404339022,0.180783933630555,0.2607157339179469,0.7243430992007484,0.1932460991883278,0.7496779176494731,181.61153529843236,-531.0,0.09324043390222414,183.0,-531.0,0.06705294885719158,-0.11373098477336342,0.2503220823505269,53.394224122524506,100.0047886252588,TRACK
28.348,181.6491688171195,-531.0830593062084,0.1789790037009813,0.2619384479207526,0.7241255441054029,0.19413678548864843,0.7496978692152001,181.6491688171195,-531.0,0.08305930620838353,183.0,-531.0,0.06141024091295963,-0.11756876278802167,0.2503021307847999,53.394224122524506,100.0047886252588,TRACK
28.4,181.68389506793022,-531.0736220922021,0.17690491320114357,0.2631331040282753,0.7238938491634628,0.1950019293636452,0.7496986443313328,181.68389506793022,-531.0,0.07362209220207205,183.0,-531.0,0.055881139241750415,-0.12102377395939315,0.2503013556686672,51.789898359151614,101.61636357892624,TRACK
28.452,181.72150071749033,-531.0633549575716,0.17454818763659952,0.26432039145597697,0.7236459509184892,0.19585696794518515,0.7496822087881009,181.72150071749033,-531.0,0.0633549575716188,183.0,-531.0,0.049513657343901535,-0.12503453029269798,0.2503177912118991,51.789898359151614,101.61636357892624,TRACK
28.5,181.75620020574465,-531.0538414809589,0.17255154453034716,0.26546542693079683,0.7233869699514333,0.19667612946538537,0.7496467222612268,181.75620020574465,-531.0,0.053841480958908505,183.0,-531.0,0.04326089200184299,-0.12929065252850416,0.25035327773877325,49.59048305600786,103.86149101046504,TRACK
28.552,181.793775615633,-531.0434937312721,0.170839388710196,0.2666062163932452,0.7231129431784655,0.19748779935240984,0.7495957307010762,181.793775615633,-531.0,0.043493731272064906,183.0,-531.0,0.03604213022804029,-0.1347972584821557,0.2504042692989238,49.59048305600786,103.86149101046504,TRACK
28.6,181.82844645169746,-531.0339095576101,0.16792183762600343,0.26768824323228035,0.7228315927027102,0.19825166919785694,0.7495260073865838,181.82844645169746,-531.0,0.03390955761005898,183.0,-531.0,0.028936016669286222,-0.13898582095671722,0.2504739926134162,45.54404880016748,107.99141216868,TRACK
28.652,181.8659892426686,-531.0234834532988,0.1657860623161671,0.26880734270694295,0.7225323975625457,0.19903928707356033,0.7494462644687955,181.8659892426686,-531.0,0.023483453298808854,183.0,-531.0,0.020705356781892656,-0.14508070553427443,0.2505537355312045,45.54404880016748,107.99141216868,TRACK
28.7,181.90062884955466,-531.0138265668822,0.16348415027851515,0.2698820179299066,0.7222265252931841,0.19979033338526772,0.7493512735368258,181.90062884955466,-531.0,0.013826566882244151,183.0,-531.0,0.012576133125184496,-0.15090801715333066,0.25064872646317415,43.2763656332666,110.37328225274914,TRACK
28.752,181.93813813334643,-531.0033291418636,0.1614987102574197,0.2709313072726545,0.7219135746543639,0.20051946201849147,0.7492444620538927,181.93813813334643,-531.0,0.0033291418635599257,183.0,-531.0,0.0031351827015454956,-0.15836352755587418,0.2507555379461073,43.2763656332666,110.37328225274914,TRACK
28.8,181.9727470765994,-530.993612531624,0.15855965177178888,0.2719028721492814,0.7216007014116146,0.20118793330905008,0.7491222575700851,181.9727470765994,-531.0,0.006387468376033212,183.0,-531.0,-0.006217929305929116,-0.164777581077718,0.2508777424299149,37.93427580200678,115.85296587708511,TRACK
28.852,182.0102217197481,-530.9830458937046,0.15559408763566318,0.272927887552476,0.721273630956867,0.2018937580314349,0.7489971563669373,182.0102217197481,-531.0,0.016954106295429483,183.0,-531.0,-0.01712752114389918,-0.17272160877956236,0.2510028436330627,37.93427580200678,115.85296587708511,TRACK
28.896,182.04479713367448,-530.9732580101239,0.15334200826904354,0.27395725120892367,0.7209402533351317,0.20260092716272482,0.7488671341206794,182.04479713367448,-531.0,0.026741989876086336,183.0,-531.0,-0.02798882568033837,-0.1813308339493819,0.2511328658793206,37.93427580200678,115.85296587708511,BRAKE
28.952,182.08169237044305,-530.9625404179787,0.14970165628316257,0.2769928161499143,0.7169444890716719,0.20382824209441014,0.7453558564105726,182.08169237044305,-531.0,0.03745958202125621,183.0,-531.0,-0.04076937198212693,-0.1904710282652895,0.25464414358942744,0.0,0.0,BRAKE
29.0,182.1147772875508,-530.9529874588035,0.14811106759349202,0.2783932612517515,0.7072581051405562,0.2021453513476877,0.7355792073995092,182.1147772875508,-531.0,0.04701254119652276,183.0,-531.0,-0.0530583049220387,-0.20116937251553071,0.2644207926004908,-398.02951179862276,-398.02951179862276,BRAKE
29.052,182.14659595567804,-530.9431619346885,0.14560246967133184,0.28513237183992907,0.6738818807362723,0.19752781376504724,0.7022350221937487,182.14659595567804,-531.0,0.05683806531146729,183.0,-531.0,-0.06650337366771426,-0.21210584333904609,0.29776497780625133,-398.02951179862276,-398.02951179862276,BRAKE
29.1,182.16980862014017,-530.9353469003444,0.14274939880579754,0.29627355549937967,0.6072822341816455,0.18537770437346043,0.6349461435676454,182.16980862014017,-531.0,0.06465309965562938,183.0,-531.0,-0.07772047548162883,-0.22046987428742637,0.36505385643235455,-377.23617800792954,-377.23617800792954,BRAKE
29.152,182.1882553554036,-530.9282674721399,0.14021249615690423,0.31336866617375847,0.5188941703373684,0.16814550537317205,0.545457671123347,182.1882553554036,-531.0,0.07173252786014928,183.0,-531.0,-0.08813939141007986,-0.2283518875669841,0.454542328876653,-377.23617800792954,-377.23617800792954,BRAKE
29.196,182.19889630681735,-530.9229468784201,0.1379093038373296,0.3428575907922537,0.41487148144443603,0.1480905743654944,0.440510118308085,182.19889630681735,-531.0,0.07705312157986555,183.0,-531.0,-0.09588873268592113,-0.23379803652325074,0.5594898816919149,-294.09918662800493,-294.09918662800493,BRAKE
29.252,182.20376778893063,-530.9182974093209,0.13566911659340586,0.39909461019281706,0.3024552848552424,0.1275533768903041,0.32825152443360534,182.20376778893063,-531.0,0.08170259067912866,183.0,-531.0,-0.10225363329100814,-0.237922749884414,0.6717484755663947,-294.09918662800493,-294.09918662800493,BRAKE
29.3,182.20231460228743,-530.9148520241762,0.13408742873487145,0.5261967671118984,0.1859997825492143,0.10803229499203908,0.21509741018804004,182.20231460228743,-531.0,0.08514797582381561,183.0,-531.0,-0.10634113439983944,-0.2404285631347109,0.7849025898119599,-177.23837206933874,-177.23837206933874,BRAKE
29.352,182.19509717150845,-530.9118031856385,0.13227963256993358,0.8978899774926855,0.07232099764462754,0.09074202036372923,0.1160363777442474,182.19509717150845,-531.0,0.0881968143614813,183.0,-531.0,-0.10913908131651391,-0.24141871388644748,0.8839636222557526,-177.23837206933874,-177.23837206933874,BRAKE
29.396,182.1840041389397,-530.90947537227,0.1306976204429906,1.9903374616444853,-0.033878047344707604,0.07595595238201452,0.08316867676084012,182.1840041389397,-531.0,0.09052462773001935,183.0,-531.0,-0.11048582919850114,-0.24118344964149174,0.9168313232391598,-52.93083814207126,-52.93083814207126,BRAKE
29.452,182.16854969319266,-530.907387404154,0.1290825307985306,2.6753810427207454,-0.1260410386869142,0.06342500059850725,0.14109951854700584,182.16854969319266,-531.0,0.09261259584604886,183.0,-531.0,-0.11092954784869555,-0.24001207864722615,0.8589004814529941,-52.93083814207126,-52.93083814207126,BRAKE
29.5,182.15235164149078,-530.9057403860547,0.12691510888725843,2.88149236612421,-0.2000374688060227,0.05323575736250988,0.20700008402964604,182.15235164149078,-531.0,0.09425961394526894,183.0,-531.0,-0.11074632625554888,-0.2376614351428073,0.792999915970354,0.0,0.0,BRAKE
29.548,182.1339097786183,-530.9044973379368,0.12572117932476545,2.9741050338486548,-0.2541522779041552,0.04296991230985971,0.25775917777605506,182.1339097786183,-531.0,0.09550266206315428,183.0,-531.0,-0.10982502859539447,-0.23554620792015993,0.7422408222239449,0.0,0.0,BRAKE
29.6,182.1170359468582,-530.9034836065634,0.12430382273399987,3.019654967035689,-0.28823733722161166,0.03532223426581912,0.29039356535938343,182.1170359468582,-531.0,0.09651639343655916,183.0,-531.0,-0.10887726919191902,-0.2331810919259189,0.7096064346406166,0.0,0.0,BRAKE
29.652,182.0996403358145,-530.902432060979,0.12265775881095164,3.043247326084823,-0.30444011275738786,0.030037162937415384,0.305918311666791,182.0996403358145,-531.0,0.0975679390210189,183.0,-531.0,-0.1079442974255134,-0.23060205623646504,0.694081688333209,0.0,0.0,BRAKE
29.7,182.0849114697577,-530.9014338631679,0.12165437692429903,3.0540213183910034,-0.3052840549564687,0.026802681615257753,0.3064583788256296,182.0849114697577,-531.0,0.0985661368321189,183.0,-531.0,-0.10729845292831004,-0.22895282985260906,0.6935416211743703,0.0,0.0,BRAKE
29.752,182.07074608859446,-530.900265582982,0.12050739039533774,3.055735440713544,-0.29377854739744186,0.02528516737795382,0.29486467167207764,182.07074608859446,-531.0,0.09973441701799857,183.0,-531.0,-0.10691812895915628,-0.227425519354494,0.7051353283279224,0.0,0.0,BRAKE
29.796,182.05942113338088,-530.8990821744801,0.1196057418963008,3.0502161015769054,-0.27353385424069726,0.025064379122036906,0.2746797999790742,182.05942113338088,-531.0,0.10091782551990036,183.0,-531.0,-0.10688442148961291,-0.2264901633859137,0.7253202000209258,0.0,0.0,BRAKE
29.852,182.0489242188604,-530.8976912193775,0.11857843101676302,3.0387006443831472,-0.24844931452887095,0.02565404423514444,0.24977027820676462,182.0489242188604,-531.0,0.10230878062247939,183.0,-531.0,-0.10715956888439129,-0.2257379999011543,0.7502297217932354,0.0,0.0,BRAKE
29.9,182.04057842143678,-530.8963404810175,0.1170923219971507,3.0228614476439617,-0.22234682732440098,0.02652426262765799,0.22392330858838247,182.04057842143678,-531.0,0.10365951898245385,183.0,-531.0,-0.10762626999583916,-0.22471859199298985,0.7760766914116175,0.0,0.0,BRAKE
29.948,182.03253075897067,-530.8948665135904,0.11632849374712184,3.005732484932665,-0.19869239666737815,0.027161705313858683,0.20054033691251155,182.03253075897067,-531.0,0.1051334864096134,183.0,-531.0,-0.10824381203920758,-0.22457230578632942,0.7994596630874884,0.0,0.0,BRAKE
30.0,182.0255494255897,-530.8935622838155,0.11510810739011389,2.991851270548944,-0.1800556137366558,0.027165117229027702,0.18209329375940952,182.0255494255897,-531.0,0.10643771618447317,183.0,-531.0,-0.10879712733731409,-0.22390523472742796,0.8179067062405905,0.0,0.0,BRAKE
30.052,182.01796343956664,-530.8922831372042,0.11428503122569666,2.9865841905362727,-0.16809567023788016,0.026266966851820575,0.17013555742500389,182.01796343956664,-531.0,0.10771686279576898,183.0,-531.0,-0.10925047822832708,-0.22353550945402373,0.8298644425749961,0.0,0.0,BRAKE
30.1,182.01055490507244,-530.8912778291635,0.11359643147274157,2.993232903003904,-0.16328274967485334,0.024403899583811412,0.16509635567230904,182.01055490507244,-531.0,0.10872217083647229,183.0,-531.0,-0.10944290097378334,-0.2230393324465249,0.8349036443276909,0.0,0.0,BRAKE
30.152,182.0017874828921,-530.8904137389129,0.11298832558082972,3.0110695215393894,-0.16514528273325868,0.021678526800930267,0.16656206931143297,182.0017874828921,-531.0,0.10958626108708813,183.0,-531.0,-0.10934461745770802,-0.22233294303853773,0.8334379306885671,0.0,0.0,BRAKE
30.2,181.9928765774993,-530.8898312474354,0.11251792492388613,3.0355710889626204,-0.17231978559919203,0.018338376110930015,0.1732928288976132,181.9928765774993,-531.0,0.11016875256461844,183.0,-531.0,-0.10895631002584584,-0.22147423494973195,0.8267071711023868,0.0,0.0,BRAKE
30.252,181.98234753762847,-530.889415435843,0.11142652709540646,3.061281480127647,-0.18287639823151802,0.014718676343673446,0.1834677531977829,181.98234753762847,-531.0,0.11058456415696583,183.0,-531.0,-0.10824161667089456,-0.219668143766301,0.8165322468022171,0.0,0.0,BRAKE
30.3,181.97196183859512,-530.8891973844177,0.11091473912655749,3.084321479292636,-0.19459871430199233,0.011157097933228409,0.19491829170778222,181.97196183859512,-531.0,0.11080261558231541,183.0,-531.0,-0.10736617885876068,-0.21828091798531818,0.8050817082922178,0.0,0.0,BRAKE
30.352,181.96025942653228,-530.8890934019156,0.11032961549728304,3.102870062128605,-0.2052553993346803,0.00795199588215406,0.20540937951940966,181.96025942653228,-531.0,0.11090659808439796,183.0,-531.0,-0.10626575385788394,-0.216595369355167,0.7945906204805904,0.0,0.0,BRAKE
30.4,181.9493431154248,-530.8890757842299,0.10944676088452732,3.1167296621081606,-0.21301411139291465,0.00529725961475273,0.2130799676458093,181.9493431154248,-531.0,0.11092421577006917,183.0,-531.0,-0.10518640307793196,-0.2146331639624593,0.7869200323541907,0.0,0.0,BRAKE
30.452,181.93774347363507,-530.88910035952,0.10892005651564118,3.126456173468044,-0.2165336844516445,0.003277808143734151,0.2165584921641991,181.93774347363507,-531.0,0.1108996404800564,183.0,-531.0,-0.10402321864679782,-0.212943275162439,0.7834415078358009,0.0,0.0,BRAKE
30.5,181.92752893157103,-530.8891353475334,0.108580679690363,3.132879068464574,-0.21522793077715321,0.0018754543619947973,0.21523610179446892,181.92752893157103,-531.0,0.11086465246660282,183.0,-531.0,-0.10300722203714699,-0.21158790172751,0.784763898205531,0.0,0.0,BRAKE
30.552,181.9172403718772,-530.8891675014545,0.10818678305334006,3.136798839315889,-0.20914807602133767,0.0010026247125267775,0.20915047922426908,181.9172403718772,-531.0,0.11083249854550559,183.0,-531.0,-0.10200585386593067,-0.21019263691927073,0.7908495207757309,0.0,0.0,BRAKE
30.6,181.9085912428064,-530.8891841560225,0.10734045857715024,3.1389281756828153,-0.1990128155550423,0.0005302665051180231,0.19901352199715408,181.9085912428064,-531.0,0.11081584397754796,183.0,-531.0,-0.10118791021734008,-0.20852836879449033,0.800986478002846,0.0,0.0,BRAKE
30.652,181.90017525606015,-530.8891864111915,0.10755402585294349,3.1398212230734517,-0.1860043947490491,0.00032949420567936314,0.18600468658717084,181.90017525606015,-531.0,0.11081358880846892,183.0,-531.0,-0.10041679336221447,-0.20797081921515798,0.8139953134128292,0.0,0.0,BRAKE
30.7,181.8932218590389,-530.889177848391,0.10682791761413224,3.1399807626250884,-0.1716047098668242,0.0002766083208957289,0.17160493279809907,181.8932218590389,-531.0,0.11082215160899977,183.0,-531.0,-0.09979777193913016,-0.20662568955326238,0.8283950672019009,0.0,0.0,BRAKE
30.752,181.88640607621377,-530.8891651068176,0.10644131702127546,3.139905712673631,-0.15741852273641793,0.00026555599886965333,0.15741874672511105,181.88640607621377,-531.0,0.11083489318241391,183.0,-531.0,-0.09920229729270831,-0.20564361431398376,0.842581253274889,0.0,0.0,BRAKE
30.796,181.88056777015376,-530.8891601596556,0.10575731322611293,3.140152388841463,-0.14489302146626895,0.00020868445539264216,0.14489317174672725,181.88056777015376,-531.0,0.11083984034439709,183.0,-531.0,-0.09869265384883531,-0.20444996707494822,0.8551068282532728,0.0,0.0,BRAKE
30.852,181.8744725269418,-530.8891769536915,0.1056122503776371,3.141425441392244,-0.13520613941828077,2.2608115905007635e-05,0.13520614130845715,181.8744725269418,-531.0,0.11082304630849649,183.0,-531.0,-0.09814684641839226,-0.20375909679602938,0.8647938586915429,0.0,0.0,BRAKE
30.9,181.86883127033767,-530.8892274226378,0.10528627031181627,-3.138854228295151,-0.12901815336027167,-0.0003533074577779341,0.12901863711361355,181.86883127033767,-531.0,0.11077257736224055,183.0,-531.0,-0.09761629919918884,-0.2029025695110051,0.8709813628863865,0.0,0.0,BRAKE
30.952,181.86249531282087,-530.8893368759641,0.1050271927548927,-3.1339540957681127,-0.12650766758568888,-0.0009663549286315146,0.12651135838263394,181.86249531282087,-531.0,0.11066312403590928,183.0,-531.0,-0.09698067129755987,-0.20200786405245258,0.8734886416173661,0.0,0.0,BRAKE
31.0,181.8563142649061,-530.8895018953923,0.10499521828199176,-3.1272071921809026,-0.12730012497586274,-0.001831397367636195,0.12731329795111138,181.8563142649061,-531.0,0.11049810460770004,183.0,-531.0,-0.09631684226747254,-0.20131206054946432,0.8726867020488887,0.0,0.0,BRAKE
31.052,181.84920181121367,-530.8897586583598,0.1043568294337196,-3.1192515586405363,-0.13061736570258153,-0.0029186205703756324,0.1306499696483537,181.84920181121367,-531.0,0.11024134164017596,183.0,-531.0,-0.09550411788802367,-0.19986094732174325,0.8693500303516463,0.0,0.0,BRAKE
31.096,181.84227825046815,-530.8900683401713,0.1041353647375074,-3.1109106872750094,-0.1353855848094247,-0.00415519991273272,0.13544933466246595,181.84227825046815,-531.0,0.10993165982870323,183.0,-531.0,-0.09467131188425357,-0.19880667662176096,0.8645506653375341,0.0,0.0,BRAKE
31.148,181.8344933324745,-530.890472525933,0.10388108993112997,-3.1029979024991605,-0.1403991166219193,-0.005421361031515266,0.14050374764983792,181.8344933324745,-531.0,0.10952747406702201,183.0,-531.0,-0.09369895292741069,-0.19758004285854067,0.8594962523501621,0.0,0.0,BRAKE
31.2,181.82718619354313,-530.8908906663755,0.10387103457854097,-3.096150070167037,-0.14454064717879517,-0.006572825397397782,0.14469001596713446,181.82718619354313,-531.0,0.10910933362447395,183.0,-531.0,-0.09276509043692575,-0.19663612501546673,0.8553099840328655,0.0,0.0,BRAKE
31.252,181.81932267897957,-530.8913652649878,0.10333187322181203,-3.090800287037,-0.1468789225362859,-0.007466750244941951,0.1470685902721605,181.81932267897957,-531.0,0.10863473501217413,183.0,-531.0,-0.09175217990758537,-0.19508405312939742,0.8529314097278395,0.0,0.0,BRAKE
31.3,181.81227558176744,-530.8917955470288,0.10314964916217417,-3.08723350109067,-0.14685638348709068,-0.007990860874488189,0.14707362519643985,181.81227558176744,-531.0,0.10820445297122205,183.0,-531.0,-0.09085153156840918,-0.19400118073058337,0.8529263748035602,0.0,0.0,BRAKE
31.352,181.80502370413367,-530.8922250317346,0.10259562311257353,-3.085610662119253,-0.14426736410924568,-0.00808482201143018,0.1444937254484989,181.80502370413367,-531.0,0.107774968265403,183.0,-531.0,-0.0899466909584719,-0.19254231407104544,0.8555062745515011,0.0,0.0,BRAKE
31.4,181.79877825286053,-530.8925689358019,0.10301699306454792,-3.0859286518943767,-0.1393135355376896,-0.00776276813175192,0.13952964471064364,181.79877825286053,-531.0,0.10743106419806736,183.0,-531.0,-0.08919751825178777,-0.1922145113163357,0.8604703552893563,0.0,0.0,BRAKE
31.452,181.79254691016487,-530.8928732757311,0.10282720551081126,-3.088100483494185,-0.13249552778180124,-0.007094241116321709,0.13268531621545232,181.79254691016487,-531.0,0.10712672426893732,183.0,-531.0,-0.08848953564611785,-0.1913167411569291,0.8673146837845477,0.0,0.0,BRAKE
31.496,181.7872790345284,-530.8930915008333,0.10233663281773776,-3.091828123164808,-0.12453368624071064,-0.00620248142937284,0.12468804988683349,181.7872790345284,-531.0,0.10690849916670686,183.0,-531.0,-0.08792858484911913,-0.1902652176668569,0.8753119501131665,0.0,0.0,BRAKE
31.552,181.78203393494667,-530.8932691118413,0.10216417466550197,-3.096659036131243,-0.11625045093357417,-0.005227071636680496,0.11636790631507608,181.78203393494667,-531.0,0.10673088815872234,183.0,-531.0,-0.08740714896037063,-0.1895713236258726,0.8836320936849239,0.0,0.0,BRAKE
31.6,181.77752659840547,-530.8933918435608,0.10169031551323315,-3.102024979292217,-0.10842878871970343,-0.004292515352279645,0.10851372222567818,181.77752659840547,-531.0,0.10660815643916521,183.0,-531.0,-0.08698686563621819,-0.18867718114945134,0.8914862777743218,0.0,0.0,BRAKE
31.652,181.77288142382292,-530.8934966970793,0.10153334772455168,-3.1072467029725144,-0.10174431081958171,-0.003495879814709048,0.10180435137964655,181.77288142382292,-531.0,0.1065033029207143,183.0,-531.0,-0.08657442445294991,-0.18810777217750158,0.8981956486203535,0.0,0.0,BRAKE
31.7,181.76869794783062,-530.8935794594144,0.10164414952376277,-3.1118430784954567,-0.09663831447662695,-0.0028757972394372663,0.09668109450479861,181.76869794783062,-531.0,0.10642054058564554,183.0,-531.0,-0.08621502250517243,-0.1878591720289352,0.9033189054952013,0.0,0.0,BRAKE
31.752,181.7641645669361,-530.893662174383,0.10119352403922921,-3.1156041378180697,-0.09332804504596301,-0.0024260035718733437,0.09335957093641789,181.7641645669361,-531.0,0.10633782561694716,183.0,-531.0,-0.08583388049906511,-0.1870274045382943,0.9066404290635821,0.0,0.0,BRAKE
31.8,181.75990042598067,-530.8937341555893,0.10167697053178948,-3.1186906138712205,-0.09175592374654057,-0.0021017652839359774,0.09177999215455254,181.75990042598067,-531.0,0.10626584441070008,183.0,-531.0,-0.08548255543985937,-0.18715952597164887,0.9082200078454474,0.0,0.0,BRAKE
31.852,181.7551436783914,-530.8938034605914,0.1015474787627686,-3.1216011542586735,-0.09165792074773571,-0.0018326234099438113,0.09167623980269302,181.7551436783914,-531.0,0.10619653940864282,183.0,-531.0,-0.08510222544783135,-0.18664970421059995,0.908323760197307,0.0,0.0,BRAKE
31.896,181.7506155361081,-530.8938531795689,0.10111378923393555,-3.1248143425646058,-0.09259535263492355,-0.0015537394273519994,0.09260838750239608,181.7506155361081,-531.0,0.10614682043114954,183.0,-531.0,-0.08475575913937936,-0.1858695483733149,0.9073916124976039,0.0,0.0,BRAKE
31.952,181.74558679915916,-530.8938829072754,0.1009946907501198,-3.1287254885123454,-0.09403424713838017,-0.0012100209602115609,0.09404203201550948,181.74558679915916,-531.0,0.10611709272461667,183.0,-531.0,-0.08439407226874036,-0.18538876301886015,0.9059579679844905,0.0,0.0,BRAKE
32.0,181.74088164512773,-530.8938803994854,0.10057061955340173,-3.133542715164128,-0.09543067545243528,-0.0007682276554871264,0.09543376756179485,181.74088164512773,-531.0,0.10611960051460301,183.0,-531.0,-0.08408216774812569,-0.1846527873015274,0.9045662324382051,0.0,0.0,BRAKE
32.052,181.73579261629573,-530.8938389696357,0.100735603210514,-3.139302604543408,-0.09628301772102882,-0.0002204932183612793,0.09628327019128137,181.73579261629573,-531.0,0.10616103036431923,183.0,-531.0,-0.08377782299881899,-0.18451342620933298,0.9037167298087186,0.0,0.0,BRAKE
32.1,181.73117917553208,-530.8937602860776,0.10064925405978163,3.137119627595932,-0.09622363375360567,0.00043041368557432137,0.09622459638101252,181.73117917553208,-531.0,0.10623971392237763,183.0,-531.0,-0.08353620363989299,-0.18418545769967462,0.9037754036189874,0.0,0.0,BRAKE
32.152,181.72635388858896,-530.8936274916201,0.10054956605171816,3.1292428547748474,-0.09502325482620619,0.0011735777441782176,0.09503050164282913,181.72635388858896,-531.0,0.10637250837987722,183.0,-531.0,-0.0833247254572513,-0.18387429150896945,0.9049694983571709,0.0,0.0,BRAKE
32.2,181.72211952300438,-530.8934583013133,0.10012788117135774,3.1200449332914104,-0.09264069802459382,0.0019965048540755027,0.0926622089209853,181.72211952300438,-531.0,0.1065416986866694,183.0,-531.0,-0.08318137844186599,-0.18330925961322372,0.9073377910790147,0.0,0.0,BRAKE
32.252,181.71781515160285,-530.893220734913,0.10065877018458047,3.109125181885412,-0.08918818430321523,0.0028967327725606612,0.0892352132291951,181.71781515160285,-531.0,0.10677926508697055,183.0,-531.0,-0.08308742258810325,-0.18374619277268373,0.9107647867708049,0.0,0.0,BRAKE
32.3,181.71411909821026,-530.8929485752197,0.10026108743463613,3.096084167918669,-0.08492270911804578,0.003867374065675858,0.08501072347717127,181.71411909821026,-531.0,0.10705142478025209,183.0,-531.0,-0.0830598935469694,-0.18332098098160554,0.9149892765228287,0.0,0.0,BRAKE
32.352,181.7104052961845,-530.8925938242369,0.10017798519221223,3.08054946406445,-0.08019650533096072,0.004901540142742014,0.08034615462528198,181.7104052961845,-531.0,0.10740617576311706,183.0,-531.0,-0.08309498817359362,-0.18327297336580584,0.9196538453747181,0.0,0.0,BRAKE
32.4,181.70721336361322,-530.8922100692013,0.0997867228286935,3.0623947636552105,-0.0754022367972953,0.005984214894133052,0.07563932933292412,181.70721336361322,-531.0,0.10778993079873089,183.0,-531.0,-0.08318556471093436,-0.18297228753962785,0.9243606706670758,0.0,0.0,BRAKE
32.452,181.70395697627038,-530.8917357416302,0.09971006832119267,3.042072183776764,-0.07092944564892552,0.007082329101750726,0.0712821551692244,181.70395697627038,-531.0,0.10826425836978615,183.0,-531.0,-0.08334097140063203,-0.18305103972182468,0.9287178448307756,0.0,0.0,BRAKE
32.5,181.7010784934672,-530.8912482514506,0.09992487238467838,3.0205924438537775,-0.06709307677824095,0.008158129808909861,0.06758724756601617,181.7010784934672,-531.0,0.10875174854936631,183.0,-531.0,-0.0835298372436168,-0.1834547096282952,0.9324127524339838,0.0,0.0,BRAKE
32.552,181.69803154458336,-530.8906743490883,0.09954261553953003,2.999607582161918,-0.06411880970099532,0.00916558873784254,0.06477059343856374,181.69803154458336,-531.0,0.10932565091172819,183.0,-531.0,-0.08377298601108331,-0.18331560155061333,0.9352294065614363,0.0,0.0,BRAKE
32.6,181.69523171609112,-530.8901111252276,0.100101310350873,2.9809021583136,-0.06209264239491988,0.010064473330498255,0.06290301950625035,181.69523171609112,-531.0,0.10988887477242315,183.0,-531.0,-0.08402270041851824,-0.18412401076939122,0.9370969804937497,0.0,0.0,BRAKE
32.652,181.69216792344673,-530.8894735071035,0.09971333561979477,2.96577476714097,-0.06098189881696865,0.010833568115321466,0.06193672724185798,181.69216792344673,-531.0,0.11052649289649707,183.0,-531.0,-0.08431088714023759,-0.18402422276003236,0.938063272758142,0.0,0.0,BRAKE
32.7,181.68928916459416,-530.888866216661,0.0996515367237314,2.954619871778214,-0.06062918419771784,0.01146997875174688,0.061704605898152555,181.68928916459416,-531.0,0.11113378333902801,183.0,-531.0,-0.08458662548998573,-0.18423816221371714,0.9382953941018475,0.0,0.0,BRAKE
32.752,181.68611194015753,-530.8881916632364,0.0996016781602651,2.9467776979628773,-0.0607941342058112,0.011995749623266768,0.06196631958457988,181.68611194015753,-531.0,0.1118083367636018,183.0,-531.0,-0.08489278361481176,-0.18449446177507686,0.9380336804154201,0.0,0.0,BRAKE
32.8,181.683139512753,-530.8875532004108,0.09983983290712395,2.940826100425945,-0.06119013705847247,0.01245269535829198,0.06244439522423988,181.683139512753,-531.0,0.11244679958917914,183.0,-531.0,-0.085183426480997,-0.18502325938812095,0.9375556047757602,0.0,0.0,BRAKE
32.852,181.67990831946798,-530.8868414590646,0.09917365835650503,2.935142318053583,-0.06152200542947292,0.012884818736215106,0.0628567872701844,181.67990831946798,-531.0,0.11315854093538746,183.0,-531.0,-0.08551117840844306,-0.1846848367649481,0.9371432127298156,0.0,0.0,BRAKE
32.9,181.67695276350807,-530.8861610927247,0.09942653744833096,2.9281864554891603,-0.06154023240353381,0.013336136740360546,0.06296866480590602,181.67695276350807,-531.0,0.11383890727529433,183.0,-531.0,-0.08583156681217201,-0.185258104260503,0.937031335194094,0.0,0.0,BRAKE
32.952,181.67382448049833,-530.8853937115957,0.09937562322216942,2.9187860505859233,-0.06105690208941942,0.013833554172449702,0.06260441289397298,181.67382448049833,-531.0,0.11460628840427489,183.0,-531.0,-0.08620447154074842,-0.18558009476291784,0.937395587106027,0.0,0.0,BRAKE
33.0,181.67104082739482,-530.8846547134924,0.09963478658181324,2.906298818492433,-0.05998445690452245,0.014380338048768936,0.0616841081035252,181.67104082739482,-531.0,0.11534528650759057,183.0,-531.0,-0.08657673866159663,-0.18621152524340986,0.9383158918964748,0.0,0.0,BRAKE
33.052,181.66816805304057,-530.8838201456939,0.09958855157692303,2.8904427795244625,-0.05832587821843299,0.014964502990876292,0.0602149850096753,181.66816805304057,-531.0,0.11617985430609679,183.0,-531.0,-0.08701285329379788,-0.1866014048707209,0.9397850149903247,0.0,0.0,BRAKE
33.1,181.66566298284397,-530.8830211027284,0.09922725413536004,2.8715004772317676,-0.05617795769222682,0.015553281900608971,0.0582912301152535,181.66566298284397,-531.0,0.11697889727156507,183.0,-531.0,-0.08744461227236479,-0.18667186640772482,0.9417087698847465,0.0,0.0,BRAKE
33.148,181.66310928128175,-530.882129689934,0.09918416577096245,2.850164686665137,-0.05370404839950907,0.01610952704406496,0.05606818773672173,181.66310928128175,-531.0,0.11787031006599591,183.0,-531.0,-0.08794010097829091,-0.18712426674925337,0.9439318122632783,0.0,0.0,BRAKE
33.2,181.6608877446893,-530.8812889250256,0.09882494595720814,2.827498609890493,-0.05110633577968691,0.016601770035646914,0.0537352428592503,181.6608877446893,-531.0,0.11871107497438516,183.0,-531.0,-0.0884179519766371,-0.18724289793384524,0.9462647571407496,0.0,0.0,BRAKE
33.252,181.6586029271285,-530.8803662556411,0.09878452324352738,2.805060260006829,-0.04859769799289598,0.017001425226684835,0.05148577191756264,181.6586029271285,-531.0,0.11963374435890728,183.0,-531.0,-0.0889505858549524,-0.1877351090984798,0.9485142280824373,0.0,0.0,BRAKE
33.3,181.65657671092592,-530.8795092598313,0.09905789249452446,2.805060260006829,-0.04636299683919757,0.01729985417743321,0.049485476965185425,181.65657671092592,-531.0,0.12049074016874783,183.0,-531.0,-0.08944999589551277,-0.18850788839003724,0.9505145230348145,0.0,0.0,BRAKE
33.352,181.65443562415203,-530.8785805301733,0.09902084595447658,2.805060260006829,-0.044547108923579964,0.01749597022090848,0.04785973137639005,181.65443562415203,-531.0,0.12141946982671925,183.0,-531.0,-0.0899931007243035,-0.18901394667878008,0.95214026862361,0.0,0.0,BRAKE
33.4,181.65247864573206,-530.877727026323,0.09929876680806426,2.805060260006829,-0.0432252551125996,0.017595846218651758,0.0466694384335162,181.65247864573206,-531.0,0.1222729736770134,183.0,-531.0,-0.0904913597687925,-0.18979012657685676,0.9533305615664838,0.0,0.0,BRAKE
33.448,181.65035166753566,-530.8768095567214,0.09926483904611616,2.805060260006829,-0.04241261522204167,0.01761257620695202,0.045924206804458294,181.65035166753566,-531.0,0.12319044327864503,183.0,-531.0,-0.09102373422894607,-0.1902885732750622,0.9540757931955417,0.0,0.0,RECOVER
33.5,181.64836477769757,-530.8759723679796,0.09891152050994334,2.805060260006829,-0.04205593829709146,0.017552675776795264,0.04557190332841123,181.64836477769757,-531.0,0.12402763202044298,183.0,-531.0,-0.09150491882868762,-0.19041643933863095,0.9544280966715888,-30.966903437935166,30.966903437935166,RECOVER
33.552,181.64617055813324,-530.875004245229,0.09905983070664126,2.805060260006829,-0.042105145422257316,0.01792545007611508,0.04576204793779153,181.64617055813324,-531.0,0.12499575477102098,183.0,-531.0,-0.09206653822459207,-0.19112636893123333,0.9542379520622085,-30.966903437935166,30.966903437935166,RECOVER
33.6,181.64410296220143,-530.8740069631691,0.09813337645195341,2.805060260006829,-0.04244456486054845,0.01892339090269682,0.04647188192291735,181.64410296220143,-531.0,0.12599303683089147,183.0,-531.0,-0.09265620433618908,-0.1907895807881425,0.9535281180770826,-32.12996013106569,32.12996013106569,RECOVER
33.652,181.6418281322511,-530.8728219178934,0.09777151282767904,2.805060260006829,-0.04290032259422608,0.020276470365820302,0.047450742135235924,181.6418281322511,-531.0,0.1271780821066386,183.0,-531.0,-0.0933669124890696,-0.19113842531674863,0.9525492578647641,-32.12996013106569,32.12996013106569,RECOVER
33.7,181.6397113560187,-530.8716376383752,0.09715681254119769,2.805060260006829,-0.043320036380921405,0.02181507722434048,0.04850281585999201,181.6397113560187,-531.0,0.12836236162479508,183.0,-531.0,-0.0940854581118275,-0.19124227065302518,0.951497184140008,-31.421161131930347,31.421161131930347,RECOVER
33.752,181.63742057927067,-530.8702670455808,0.09626082293350291,2.805060260006829,-0.04357671329777569,0.023404944004198437,0.049464344185243224,181.63742057927067,-531.0,0.12973295441918253,183.0,-531.0,-0.09492514928857859,-0.1911859722220815,0.9505356558147567,-31.421161131930347,31.421161131930347,RECOVER
33.8,181.6353269571779,-530.8689290882662,0.09543166219717891,2.621407969091563,-0.043590858069917,0.02496915235505056,0.050235659412427094,181.6353269571779,-531.0,0.1310709117337865,183.0,-531.0,-0.09575194269067745,-0.19118360488785635,0.9497643405875729,-31.618003073868223,31.618003073868223,RECOVER
33.852,181.63309934749816,-530.8674061570932,0.0942113168658254,2.5930015935914454,-0.043327584436069655,0.026480447310492424,0.05077887023978094,181.63309934749816,-531.0,0.1325938429067719,183.0,-531.0,-0.09670072833243015,-0.19091204519825555,0.9492211297602191,-31.618003073868223,31.618003073868223,RECOVER
33.9,181.6310919754257,-530.8659375183909,0.09216151439746745,2.563558614722368,-0.042800017911765215,0.027921114623216715,0.05110215430928749,181.6310919754257,-531.0,0.13406248160913492,183.0,-531.0,-0.09762257877461637,-0.18978409317208383,0.9488978456907126,-31.38959305621686,31.38959305621686,RECOVER
33.952,181.6289766063335,-530.8642844689645,0.09089430289061817,2.5335146560765027,-0.04205807284011315,0.029275018721304502,0.05124361630639462,181.6289766063335,-531.0,0.1357155310355438,183.0,-531.0,-0.09866705424714699,-0.18956135713776517,0.9487563836936054,-31.38959305621686,31.38959305621686,RECOVER
34.0,181.62707801908954,-530.862706787445,0.08915683977183542,2.503608238991318,-0.041181612666697856,0.03053268991525101,0.05126568418826379,181.62707801908954,-531.0,0.13729321255505056,183.0,-531.0,-0.09966938408388673,-0.18882622385572215,0.9487343158117362,-30.196575248409683,30.196575248409683,RECOVER
34.052,181.6250727510041,-530.8609515343895,0.08690236553430508,2.4752606551490475,-0.04026504496228048,0.03166045170255617,0.051221656043360805,181.6250727510041,-531.0,0.1390484656104718,183.0,-531.0,-0.10078883113993023,-0.1876911966742353,0.9487783439566392,-30.196575248409683,30.196575248409683,RECOVER
34.1,181.62325812233297,-530.8592972455411,0.08501568665257198,2.449779140117847,-0.0394039466191172,0.03264181645947182,0.05116795081822295,181.62325812233297,-531.0,0.14070275445885727,183.0,-531.0,-0.10184620170116997,-0.18686188835374196,0.948832049181777,-29.500228930294824,29.500228930294824,RECOVER
34.152,181.62131590029702,-530.8574778688464,0.08337240201352247,2.4284504421270365,-0.038685213621321726,0.03346298537450799,0.05114994763537722,181.62131590029702,-531.0,0.14252213115355516,183.0,-531.0,-0.10300958331890693,-0.1863819853324294,0.9488500523646228,-29.500228930294824,29.500228930294824,RECOVER
34.2,181.61952974505593,-530.8557819185789,0.0804698597284945,2.4121931371529497,-0.03816943748682147,0.034117244527309964,0.051194651402237654,181.61952974505593,-531.0,0.14421808142105874,183.0,-531.0,-0.10409266193979684,-0.18456252166829135,0.9488053485977623,-30.02256027710263,30.02256027710263,RECOVER
34.252,181.6175864441334,-530.8539323984054,0.07933564805183035,2.401191255604368,-0.03789004442195007,0.03462490241857187,0.051327763771598055,181.6175864441334,-531.0,0.1460676015946092,183.0,-531.0,-0.10527069281084492,-0.18460634086267527,0.9486722362284019,-30.02256027710263,30.02256027710263,RECOVER
34.3,181.6157735065616,-530.852218419943,0.07622376016392218,2.3952117197496143,-0.03784786533530346,0.03500394619346501,0.05155324586826962,181.6157735065616,-531.0,0.1477815800569715,183.0,-531.0,-0.10635825934585272,-0.1825820195097749,0.9484467541317304,-29.394484523553558,29.394484523553558,RECOVER
34.352,181.61378132749002,-530.850360342232,0.07404914073993596,2.393725586113551,-0.038010010065109984,0.03525885731175219,0.051845422981014085,181.61378132749002,-531.0,0.14963965776803434,183.0,-531.0,-0.10753169842650258,-0.18158083916643852,0.9481545770189859,-29.394484523553558,29.394484523553558,RECOVER
34.4,181.61191458638305,-530.848647308467,0.0714142742831152,2.395630685707071,-0.03831816044727934,0.035409128455661326,0.052173631252319094,181.61191458638305,-531.0,0.15135269153302033,183.0,-531.0,-0.10860795632583267,-0.18002223060894787,0.9478263687476809,-27.74303858490082,27.74303858490082,RECOVER
34.452,181.6098658345814,-530.8467996040072,0.06898915975268172,2.3999174205710188,-0.038696479878776106,0.03545240582179561,0.05248133604970258,181.6098658345814,-531.0,0.1532003959928261,183.0,-531.0,-0.1097625406990512,-0.17875170045173291,0.9475186639502974,-27.74303858490082,27.74303858490082,RECOVER
34.5,181.60795758560766,-530.8451044721266,0.06622236974462181,2.4053365334520618,-0.039067027354683335,0.03540440041298794,0.052722900099812,181.60795758560766,-531.0,0.15489552787335015,183.0,-531.0,-0.11081627599938455,-0.17703864574400635,0.947277099900188,-27.632224593682277,27.632224593682277,RECOVER
34.548,181.60588294527426,-530.8432798114418,0.06412072473277153,2.4105704267729235,-0.03935749310153564,0.0352942302626966,0.052864874473261304,181.60588294527426,-531.0,0.1567201885582108,183.0,-531.0,-0.11194539220537195,-0.17606611693814347,0.9471351255267387,-27.632224593682277,27.632224593682277,RECOVER
34.6,181.60397238666067,-530.8416071786222,0.06058462012511745,2.4147468344123673,-0.03951352707340948,0.03513753064683683,0.052876884190905776,181.60397238666067,-531.0,0.1583928213777881,183.0,-531.0,-0.1129765293552347,-0.17356114948035214,0.9471231158090943,-27.48734592440008,27.48734592440008,RECOVER
34.652,181.60191959615312,-530.8398086168481,0.05907894515037127,2.417311197290371,-0.03950065178313719,0.034945099169063146,0.05273956244820692,181.60191959615312,-531.0,0.16019138315186865,183.0,-531.0,-0.11408201635065549,-0.17316096150102675,0.9472604375517931,-27.48734592440008,27.48734592440008,RECOVER
34.7,181.6000494340899,-530.8381624092415,0.05589160296495521,2.4181724807824962,-0.039312022036736255,0.034717911591746836,0.052447768893530505,181.6000494340899,-531.0,0.16183759075852322,183.0,-531.0,-0.11509148484937014,-0.17098308781432536,0.9475522311064695,-26.92518560786052,26.92518560786052,RECOVER
34.752,181.59805706597587,-530.836396801355,0.053223611473627745,2.417583349284839,-0.03896298432216593,0.03445054177038863,0.05200917203304278,181.59805706597587,-531.0,0.16360319864497797,183.0,-531.0,-0.11617202009918799,-0.16939563157281573,0.9479908279669572,-26.92518560786052,26.92518560786052,RECOVER
34.8,181.59625167111835,-530.834784960735,0.04996969609644286,2.4159340581748894,-0.03849027731210801,0.034145856672007174,0.05145328925761922,181.59625167111835,-531.0,0.16521503926503556,183.0,-531.0,-0.1171566491083111,-0.16712634520475395,0.9485467107423808,-25.551399411514712,25.551399411514712,RECOVER
34.852,181.59433161846115,-530.8330623247392,0.04690285486783141,2.414021313849386,-0.03794211159939434,0.03378947219279837,0.05080681316210247,181.59433161846115,-531.0,0.16693767526078318,183.0,-531.0,-0.11820669935561363,-0.16510955422344503,0.9491931868378976,-25.551399411514712,25.551399411514712,RECOVER
34.9,181.59258864636675,-530.8314956111831,0.044623520564994745,2.412445288624974,-0.03737154406130973,0.03338710993887106,0.05011318604515859,181.59258864636675,-531.0,0.16850438881692753,183.0,-531.0,-0.11915926714125262,-0.16378278770624738,0.9498868139548414,-24.44452412144235,24.44452412144235,RECOVER
34.952,181.590725962949,-530.829825225638,0.04187865993027895,2.412445288624974,-0.0368287958747429,0.032944601090248736,0.04941363118188237,181.590725962949,-531.0,0.1701747743619535,183.0,-531.0,-0.12017166465361154,-0.1620503245838905,0.9505863688181176,-24.44452412144235,24.44452412144235,RECOVER
35.0,181.58902354559945,-530.8283087836678,0.03923462727133598,2.412445288624974,-0.036352177159040724,0.03247138007498513,0.04874291033757036,181.58902354559945,-531.0,0.1716912163321922,183.0,-531.0,-0.12108726199834816,-0.16032188926968413,0.9512570896624296,-25.359867213943897,25.359867213943897,RECOVER
35.052,181.58719039630594,-530.826688911804,0.036476760637778494,2.412445288624974,-0.03596742001349501,0.03200938074736194,0.04814826848658991,181.58719039630594,-531.0,0.1733110881959874,183.0,-531.0,-0.1220613958709871,-0.1585381565087656,0.9518517315134101,-25.359867213943897,25.359867213943897,RECOVER
35.1,181.58550330642254,-530.8252117629306,0.03313973302267348,2.412445288624974,-0.035680520075260756,0.03157697468759673,0.04764666665426041,181.58550330642254,-531.0,0.17478823706937874,183.0,-531.0,-0.12294596818196751,-0.156085701204641,0.9523533333457396,-24.443943347679728,24.443943347679728,RECOVER
35.152,181.58367757724258,-530.8236315709896,0.030361858496933625,2.412445288624974,-0.03548089983708305,0.031160940842146014,0.047221800975998825,181.58367757724258,-531.0,0.17636842901038108,183.0,-531.0,-0.1238878862942781,-0.15424974479121173,0.9527781990240012,-24.443943347679728,24.443943347679728,RECOVER
35.2,181.58199325022633,-530.8221910547977,0.027010343667183134,2.412445288624974,-0.03534413605425724,0.030758375446707432,0.04685387511767262,181.58199325022633,-531.0,0.17780894520228685,183.0,-531.0,-0.12474250233461498,-0.15175284600179811,0.9531461248823274,-23.06109750347418,23.06109750347418,RECOVER
35.252,181.58017136280006,-530.8206518058846,0.02422822667724356,2.412445288624974,-0.035236392265959815,0.03035327326317886,0.04650725252807138,181.58017136280006,-531.0,0.17934819411539138,183.0,-531.0,-0.12565131425401535,-0.1498795409312589,0.9534927474719286,-23.06109750347418,23.06109750347418,RECOVER
35.3,181.57849586541045,-530.8192505696323,0.021098186425838605,2.412445288624974,-0.03512082343880117,0.02994697529382219,0.046155103382705606,181.57849586541045,-531.0,0.1807494303676549,183.0,-531.0,-0.12647494025224754,-0.14757312667808614,0.9538448966172944,0.0,0.0,RECOVER
35.348,181.57669434790043,-530.8178069693587,0.018850021532517136,2.412445288624974,-0.03495413386033829,0.029182074244466578,0.0455344367609396,181.57669434790043,-531.0,0.1821930306413151,183.0,-531.0,-0.12731459033763418,-0.1461646118701513,0.9544655632390604,0.0,0.0,RECOVER
35.4,181.575050403197,-530.8165776706669,0.015336569835960434,2.412445288624974,-0.03470728380507444,0.027931984553152427,0.044550996736364146,181.575050403197,-531.0,0.18342232933309788,183.0,-531.0,-0.12801801605388918,-0.14335458588984962,0.9554490032636358,54.552735241301555,102.12538076514528,RECOVER
35.448,181.57393227806503,-530.8155686996212,0.013969327596324188,2.412445288624974,-0.030085576707691464,0.02494694122891967,0.03908313961945175,181.57393227806503,-531.0,0.18443130037883293,183.0,-531.0,-0.12861467686388892,-0.1425840044602131,0.9609168603805482,54.552735241301555,102.12538076514528,RECOVER
35.5,181.5739910204328,-530.8145243379474,0.010527404128553242,2.412445288624974,-0.019127295095009614,0.02383064900311363,0.030557376352710313,181.5739910204328,-531.0,0.1854756620525677,183.0,-531.0,-0.1293401673832798,-0.13986757151183304,0.9694426236472897,56.36823070511249,95.52559550192251,RECOVER
35.552,181.57527983744225,-530.8132111980182,0.008180645784333864,2.412445288624974,-0.003758011940439839,0.024328363683622487,0.024616903405324762,181.57527983744225,-531.0,0.18678880198183379,183.0,-531.0,-0.13036208292068946,-0.13854272870502332,0.9753830965946753,56.36823070511249,95.52559550192251,RECOVER
35.6,181.57765792965063,-530.8118388947687,0.00543406850081718,2.412445288624974,0.014897547924777382,0.025819814255059366,0.02980939017049503,181.57765792965063,-531.0,0.18816110523130192,183.0,-531.0,-0.13152591903398322,-0.1369599875348004,0.970190609829505,44.8057276261807,81.91191609981783,RECOVER
35.652,181.58149865429652,-530.8102270988836,0.0029740839846919,2.412445288624974,0.03553443742156845,0.027631505415384144,0.045013290641629025,181.58149865429652,-531.0,0.18977290111638467,183.0,-531.0,-0.13299438197526195,-0.13596846595995385,0.9549867093583709,44.8057276261807,81.91191609981783,RECOVER
35.696,181.5861911638407,-530.8087302403065,0.0006723339441543352,0.46668967599928096,0.05731359975036705,0.028875072311136667,0.06417646388917549,181.5861911638407,-531.0,0.19126975969345494,183.0,-531.0,-0.13447044390009125,-0.13514277784424558,0.9358235361108245,29.56261364050449,69.11694540080808,RECOVER
35.752,181.59243871910084,-530.8071649372177,-0.0017601771690354262,0.3539556651619022,0.07930469255016126,0.029304490869135738,0.0845457713051035,181.59243871910084,-531.0,0.19283506278225104,183.0,-531.0,-0.13615182644296203,-0.1343916492739266,0.9154542286948965,29.56261364050449,69.11694540080808,RECOVER
35.8,181.59917966405763,-530.8058601653603,-0.004043926408508591,0.27637272215263897,0.10070077380086341,0.028561880525603947,0.1046729519181127,181.59917966405763,-531.0,0.19413983463971363,183.0,-531.0,-0.13771288038016233,-0.13366895397165374,0.8953270480818873,15.574488160148515,56.91625631833914,RECOVER
35.852,181.60737835719635,-530.8045651088868,-0.007417630720148338,0.22240430722116572,0.12063901448120028,0.027281948605647192,0.12368539337656821,181.60737835719635,-531.0,0.19543489111322287,183.0,-531.0,-0.13942542518676604,-0.1320077944666177,0.8763146066234317,15.574488160148515,56.91625631833914,RECOVER
35.9,181.61561704823532,-530.8034903642705,-0.009437199263643281,0.1825788373149705,0.1384891482385912,0.025569946087448243,0.14082991984221782,181.61561704823532,-531.0,0.1965096357295124,183.0,-531.0,-0.1410054464671388,-0.13156824720349553,0.8591700801577822,6.022402589831039,45.11559996524013,RECOVER
35.952,181.62507015898703,-530.8023367624193,-0.011857803420450841,0.15739816082602703,0.15364465333772853,0.02438509280165074,0.15556770953580276,181.62507015898703,-531.0,0.19766323758074122,183.0,-531.0,-0.14278411091475834,-0.1309263074943075,0.8444322904641972,6.022402589831039,45.11559996524013,RECOVER
36.0,181.63410955391663,-530.8012534076361,-0.014819168331705825,0.14229151432104886,0.16578127936453188,0.023749772281838718,0.1674738316011793,181.63410955391663,-531.0,0.198746592363932,183.0,-531.0,-0.1444929251177831,-0.1296737567860773,0.8325261683988208,-2.2038092680207093,39.46893563929582,RECOVER
36.052,181.64406757250734,-530.7999015903738,-0.017228637119489854,0.13946912527474734,0.17478295671671606,0.02453612201774046,0.1764967513647401,181.64406757250734,-531.0,0.20009840962620729,183.0,-531.0,-0.1465150747889408,-0.12928643766945094,0.8235032486352599,-2.2038092680207093,39.46893563929582,RECOVER
36.1,181.65327786892212,-530.7985565544074,-0.019493065956542432,0.14152908117221222,0.18076733322362237,0.02575603323347129,0.18259299550832667,181.65327786892212,-531.0,0.20144344559264482,183.0,-531.0,-0.14847970853442774,-0.1289866425778853,0.8174070044916734,-4.1931465846263976,35.98727709600592,RECOVER
36.152,181.66317710480547,-530.7969967642464,-0.021904236851772122,0.14687508361359997,0.1841282388871523,0.02724000922365694,0.18613228214952166,181.66317710480547,-531.0,0.2030032357536129,183.0,-531.0,-0.15070362934326118,-0.12879939249148906,0.8138677178504783,-4.1931465846263976,35.98727709600592,RECOVER
36.196,181.67218699724972,-530.7955181128041,-0.024164284792670628,0.152479455662206,0.18538048768266757,0.028487839428902945,0.18755661067739154,181.67218699724972,-531.0,0.20448188719592508,183.0,-531.0,-0.15279864636180382,-0.1286343615691332,0.8124433893226084,-4.923407628156539,37.713209185793076,RECOVER
36.252,181.68180509459384,-530.793917087522,-0.026572601736246426,0.15684243886168592,0.18523451065605667,0.029293227335031573,0.18753644207377565,181.68180509459384,-531.0,0.2060829124779957,183.0,-531.0,-0.15508187144331723,-0.1285092697070708,0.8124635579262244,-4.923407628156539,37.713209185793076,RECOVER
36.296,181.6905773551533,-530.792468711132,-0.02953810471732754,0.15919984610617155,0.18436683183912617,0.029601675611845138,0.18672811218835136,181.6905773551533,-531.0,0.20753128886804006,183.0,-531.0,-0.15718327337516552,-0.12764516865783798,0.8132718878116486,-3.3253696185292227,39.83321002471891,RECOVER
36.352,181.70003320583396,-530.7909507981706,-0.031959374712955846,0.15918894103481118,0.1834835895076098,0.029457811003207764,0.18583323235551213,181.70003320583396,-531.0,0.20904920182942988,183.0,-531.0,-0.15944609985269503,-0.1274867251397392,0.8141667676444879,-3.3253696185292227,39.83321002471891,RECOVER
36.4,181.70879312326667,-530.7895667743577,-0.034940979536220995,0.15832100324830095,0.1831387311268054,0.029239417454298623,0.18545818496848032,181.70879312326667,-531.0,0.21043322564230493,183.0,-531.0,-0.16155373272420084,-0.12661275318797985,0.8145418150315197,-1.2227051870822585,40.27694212131409,RECOVER
36.452,181.7184057130689,-530.7880640686562,-0.03737456177213616,0.15717722757025138,0.18374029890128507,0.029119986643548604,0.18603352134078963,181.7184057130689,-531.0,0.21193593134375988,183.0,-531.0,-0.16388579169974607,-0.1265112299276099,0.8139664786592103,-1.2227051870822585,40.27694212131409,RECOVER
36.5,181.72746798450675,-530.7866195263166,-0.039659733196448776,0.15749595309563366,0.185510256853425,0.02946111254485497,0.1878350674134208,181.72746798450675,-531.0,0.21338047368340085,183.0,-531.0,-0.1661362231143935,-0.12647648991794472,0.8121649325865792,-1.7288419535103792,39.75442023280341,RECOVER
36.552,181.73754847096018,-530.7849549642128,-0.04305461123344245,0.15971343254078865,0.18843109500667637,0.030353506544913006,0.19086019209093125,181.73754847096018,-531.0,0.2150450357871705,183.0,-531.0,-0.1687198513789393,-0.12566524014549685,0.8091398079090688,-1.7288419535103792,39.75442023280341,RECOVER
36.6,181.74712966785265,-530.7833254716979,-0.04548923730268939,0.1628933046021289,0.19234310576192548,0.03161149550862902,0.194923464422412,181.74712966785265,-531.0,0.21667452830206457,183.0,-531.0,-0.171248610662649,-0.1257593733599596,0.805076535577588,-4.131180677328469,37.54860361735227,RECOVER
36.652,181.7578055407047,-530.7814604495398,-0.046812091216455576,0.1665676559306484,0.19687985524951376,0.0331005058369543,0.1996429835725056,181.7578055407047,-531.0,0.21853955046015017,183.0,-531.0,-0.1741481068478212,-0.12733601563136562,0.8003570164274945,-4.131180677328469,37.54860361735227,RECOVER
36.7,181.76790854140097,-530.7797014071689,-0.049803631713547965,0.16869353494390174,0.20163961932242264,0.03434167941562845,0.20454311776634607,181.76790854140097,-531.0,0.22029859283111364,183.0,-531.0,-0.17693085871614223,-0.12712722700259427,0.795456882233654,-10.312837575056273,37.36991822015681,RECOVER
36.752,181.77906229376887,-530.7777687325713,-0.05224768198693819,0.16974221923642044,0.20613908580507814,0.035330478334660714,0.2091448431014002,181.77906229376887,-531.0,0.2222312674286968,183.0,-531.0,-0.1800458293097135,-0.1277981473227753,0.7908551568985998,-10.312837575056273,37.36991822015681,RECOVER
36.8,181.78948257333138,-530.776010821732,-0.05497659528762599,0.16879624377398994,0.20997161091661054,0.0357829107872356,0.21299881242702678,181.78948257333138,-531.0,0.2239891782679706,183.0,-531.0,-0.18296647540532746,-0.12798988011770146,0.7870011875729732,-11.84853720597695,33.66148118580125,RECOVER
36.852,181.80082118943196,-530.7741384761954,-0.057756282127562786,0.1669527663219061,0.21279915546504224,0.03586121773908678,0.21579969301267649,181.80082118943196,-531.0,0.22586152380461044,183.0,-531.0,-0.18616589105088646,-0.12840960892332368,0.7842003069873236,-11.84853720597695,33.66148118580125,RECOVER
36.9,181.8112593362735,-530.7724376182381,-0.060103457697041396,0.165027937851869,0.2144309384385846,0.03571188080240709,0.21738437338064895,181.8112593362735,-531.0,0.22756238176191346,183.0,-531.0,-0.18914318484730383,-0.12903972715026243,0.782615626619351,-13.303447689839636,32.920928297830365,RECOVER
36.952,181.82247094274706,-530.7705794615829,-0.06359433744010536,0.16475195478638183,0.21484284586475536,0.03571954616235377,0.21779195209490995,181.82247094274706,-531.0,0.2294205384171164,183.0,-531.0,-0.19242158783145763,-0.1288272503913523,0.78220804790509,-13.303447689839636,32.920928297830365,RECOVER
37.0,181.83268595939464,-530.7688115932646,-0.0649818652284786,0.16705504047343478,0.21413234620067825,0.036108411493314986,0.21715542606616509,181.83268595939464,-531.0,0.23118840673544128,183.0,-531.0,-0.1955213927406087,-0.1305395275121301,0.7828445739338349,-12.581697865627488,33.5778446527243,RECOVER
37.052,181.84358816508853,-530.7668013482204,-0.06850316855952254,0.17234112646714297,0.21256625566242995,0.03700096296029738,0.21576256465461016,181.84358816508853,-531.0,0.23319865177961674,183.0,-531.0,-0.19898841192039493,-0.1304852433608724,0.7842374353453898,-12.581697865627488,33.5778446527243,RECOVER
37.096,181.85350123824577,-530.7648352618594,-0.07062201817690439,0.1804186182952875,0.21045089128542172,0.038386672306442625,0.21392315034514287,181.85350123824577,-531.0,0.235164738140611,183.0,-531.0,-0.2023094959747169,-0.1316874777978125,0.7860768496548571,-12.41611815698677,37.079944052097616,RECOVER
37.152,181.86410753477898,-530.7625925423076,-0.07317772621175078,0.1900422016023206,0.20818161369367855,0.04004656475141431,0.21199837647607878,181.86410753477898,-531.0,0.23740745769237037,183.0,-531.0,-0.20603924331276754,-0.13286151710101676,0.7880016235239212,-12.41611815698677,37.079944052097616,RECOVER
37.2,181.87381514490522,-530.7604338324074,-0.07632717734230265,0.1999616593534104,0.20610270607140047,0.041770860110610444,0.21029296280269172,181.87381514490522,-531.0,0.23956616759255667,183.0,-531.0,-0.20959938280188195,-0.1332722054595793,0.7897070371973083,-11.747430799338213,40.230598557032565,RECOVER
37.252,181.88429978906845,-530.7580461925885,-0.07922187577303563,0.20825171896996625,0.2045364792758273,0.043221711699435755,0.20905331309687505,181.88429978906845,-531.0,0.2419538074115053,183.0,-531.0,-0.2135559183262829,-0.13433404255324727,0.790946686903125,-11.747430799338213,40.230598557032565,RECOVER
37.3,181.89400334783326,-530.7558262378761,-0.0814126569382121,0.21405056599198857,0.20370382752271793,0.04428128238225375,0.20846122257346114,181.89400334783326,-531.0,0.24417376212386444,183.0,-531.0,-0.2172871227124182,-0.1358744657742061,0.7915387774265389,-10.12979306038849,40.65028427683602,RECOVER
37.352,181.9045975274579,-530.7534422926399,-0.08406217822889195,0.21660385126665424,0.2037144661324874,0.04482861879252842,0.2085885633837344,181.9045975274579,-531.0,0.24655770736012528,183.0,-531.0,-0.22139451255629464,-0.1373323343274027,0.7914114366162656,-10.12979306038849,40.65028427683602,RECOVER
37.4,181.91449463246119,-530.7512671465835,-0.08776077581524167,0.2165095908477558,0.20458079363510445,0.04499904220974006,0.20947127469933238,181.91449463246119,-531.0,0.24873285341652718,183.0,-531.0,-0.2252515773378112,-0.13749080152256954,0.7905287253006676,-12.718194325616528,42.439824753650974,RECOVER
37.452,181.9253700170667,-530.7489193393126,-0.09032493045619927,0.21512930570731195,0.20617721993847762,0.04505192637504084,0.21104199129950768,181.9253700170667,-531.0,0.2510806606874212,183.0,-531.0,-0.22952637389197014,-0.13920144343577087,0.7889580087004924,-12.718194325616528,42.439824753650974,RECOVER
37.5,181.93555968699877,-530.7467428222609,-0.0930560807985581,0.2134571370133386,0.20831486954794876,0.04515418897894329,0.21315249390313273,181.93555968699877,-531.0,0.2532571777391013,183.0,-531.0,-0.23358226183045877,-0.14052618103190068,0.7868475060968673,-13.333362067225718,40.29180391353461,RECOVER
37.552,181.94674736734345,-530.7443467196374,-0.09568175922440171,0.2125742640595942,0.2107063598337956,0.04547783664828457,0.2155583533538355,181.94674736734345,-531.0,0.25565328036259416,183.0,-531.0,-0.2381222442118229,-0.14244048498742118,0.7844416466461646,-13.333362067225718,40.29180391353461,RECOVER
37.6,181.957185658142,-530.7420891112333,-0.09872130818496183,0.21272658295318267,0.21307167096480456,0.04602232176779585,0.2179853001205184,181.957185658142,-531.0,0.25791088876667345,183.0,-531.0,-0.2424565726440554,-0.14373526445909357,0.7820146998794816,-17.053905045957244,40.70965684318463,RECOVER
37.652,181.96857000590285,-530.7395736714853,-0.1015244504653583,0.21441442777711966,0.21512200374815127,0.04684535360663161,0.22016349300270008,181.96857000590285,-531.0,0.2604263285146544,183.0,-531.0,-0.2473213349051872,-0.1457968844398289,0.7798365069972999,-17.053905045957244,40.70965684318463,RECOVER
37.7,181.9791023733952,-530.7372009573593,-0.10423526847140319,0.2169571194065263,0.21662781540131415,0.04775052034688816,0.22182813752755629,181.9791023733952,-531.0,0.2627990426407223,183.0,-531.0,-0.2519495185576879,-0.1477142500862847,0.7781718624724437,-18.82511471979678,40.50268781862748,RECOVER
37.752,181.99048787281208,-530.7345892374193,-0.10819310102748214,0.2199677463888331,0.21744124916299185,0.04861672243686631,0.22280996956614307,181.99048787281208,-531.0,0.26541076258070007,183.0,-531.0,-0.2570917958730624,-0.14889869484558027,0.7771900304338569,-18.82511471979678,40.50268781862748,RECOVER
37.8,182.00093339072686,-530.732164746507,-0.11110695432700535,0.22280833313481932,0.2175020467511866,0.04927944915274565,0.2230148076916719,182.00093339072686,-531.0,0.26783525349299,183.0,-531.0,-0.2619265433610332,-0.15081958903402787,0.7769851923083281,-19.063384101228564,40.973878871275815,RECOVER
37.852,182.01215041298948,-530.7295413954735,-0.1139362212858488,0.22522496460844335,0.21687551869441885,0.049688812367401164,0.22249487338690754,182.01215041298948,-531.0,0.2704586045265387,183.0,-531.0,-0.2672364779431823,-0.1533002566573335,0.7775051266130925,-19.063384101228564,40.973878871275815,RECOVER
37.9,182.02239803906258,-530.7271292329939,-0.11641816447500664,0.2272895242690395,0.21569136060102234,0.049886412785693224,0.22138522357769236,182.02239803906258,-531.0,0.27287076700611124,183.0,-531.0,-0.2721948727579137,-0.15577670828290707,0.7786147764223077,-20.245266120707868,44.17752995103989,RECOVER
37.952,182.03338922125926,-530.7245197603286,-0.11982348911085472,0.22929810492607186,0.21417849532983158,0.04998992663492117,0.21993503728763975,182.03338922125926,-531.0,0.275480239671424,183.0,-531.0,-0.2776354903062933,-0.1578120011954386,0.7800649627123603,-20.245266120707868,44.17752995103989,RECOVER
38.0,182.0434488299921,-530.7220972219664,-0.1231056275748652,0.23172333361007874,0.2125673356412826,0.050157794537256606,0.2184048454922082,182.0434488299921,-531.0,0.27790277803364916,183.0,-531.0,-0.2827423490395204,-0.15963672146465518,0.7815951545077918,-19.817213190633,46.5481379401233,RECOVER
38.052,182.05428559298971,-530.7194465299688,-0.1266213605783013,0.23454916097471615,0.21110851911240158,0.05044376258682358,0.21705156075399928,182.05428559298971,-531.0,0.28055347003123643,183.0,-531.0,-0.28838765946003303,-0.16176629888173172,0.7829484392460007,-19.817213190633,46.5481379401233,RECOVER
38.1,182.0642665513665,-530.7169608573994,-0.12977508630300671,0.23785593469595323,0.20999835892045965,0.05091314149981617,0.21608206479637893,182.0642665513665,-531.0,0.28303914260061447,183.0,-531.0,-0.2937289886144698,-0.16395390231146306,0.7839179352036211,-18.87758663913278,47.86091722650536,RECOVER
38.152,182.07509407896856,-530.7142309897591,-0.13243452679562132,0.2410349016695185,0.20937652292755354,0.05146765109198282,0.21560947906378894,182.07509407896856,-531.0,0.28576901024086965,183.0,-531.0,-0.29966651825269514,-0.16723199145707382,0.7843905209362111,-18.87758663913278,47.86091722650536,RECOVER
38.2,182.08513463712737,-530.7116847565595,-0.1355648366606579,0.24359984260024828,0.20930714314420318,0.05202025695694117,0.21567472569833987,182.08513463712737,-531.0,0.2883152434404792,183.0,-531.0,-0.3052927289189741,-0.16972789225831617,0.7843252743016601,-21.16259351808873,50.7705291595163,RECOVER
38.252,182.09608720008904,-530.7089133801254,-0.1400336578169854,0.24508839681245892,0.20976881682425025,0.05246666225160865,0.21623068043103927,182.09608720008904,-531.0,0.2910866198745907,183.0,-531.0,-0.3115428748168007,-0.1715092169998153,0.7837693195689608,-21.16259351808873,50.7705291595163,RECOVER
38.3,182.10628120217777,-530.7063651601667,-0.1428121097705506,0.24504054308803677,0.21068099616605088,0.05268410099592398,0.2171683601339483,182.10628120217777,-531.0,0.2936348398333166,183.0,-531.0,-0.31744295831366715,-0.17463084854311656,0.7828316398660518,-21.13267279665058,49.97504874738837,RECOVER
38.352,182.11741672895604,-530.7036400633798,-0.14618914423912524,0.24326046395747394,0.21189330851555763,0.05258666325141454,0.21832116559231485,182.11741672895604,-531.0,0.2963599366202061,183.0,-531.0,-0.32395717331530244,-0.1777680290761772,0.7816788344076852,-21.13267279665058,49.97504874738837,RECOVER
38.396,182.12777379873776,-530.7011729347735,-0.15026509809164446,0.23993248745632245,0.2132509510268108,0.05217081053455093,0.21953988609287212,182.12777379873776,-531.0,0.2988270652265328,183.0,-531.0,-0.3300696721154922,-0.17980457402384775,0.7804601139071279,-25.2708419617402,52.287694770383666,RECOVER
38.452,182.1390607564208,-530.6985423156223,-0.15424384916697664,0.236061306828159,0.21458302564943132,0.051617117288260336,0.2207038778409082,182.1390607564208,-531.0,0.3014576843777377,183.0,-531.0,-0.3368082450164973,-0.18256439584952067,0.7792961221590918,-25.2708419617402,52.287694770383666,RECOVER
38.496,182.14951948990503,-530.6961457393343,-0.15719281377073926,0.23224842556431377,0.2157405649946224,0.05102616167064722,0.22169271652230238,182.14951948990503,-531.0,0.3038542606657302,183.0,-531.0,-0.3431399168111982,-0.18594710304045894,0.7783072834776976,-25.37948339176146,50.96684612148504,RECOVER
38.552,182.16086579504986,-530.6935683916439,-0.1607798478427418,0.2291197010368754,0.21660072879822112,0.05051453761720574,0.22241311612987358,182.16086579504986,-531.0,0.3064316083560925,183.0,-531.0,-0.3501300881187967,-0.1893502402760549,0.7775868838701264,-25.37948339176146,50.96684612148504,RECOVER
38.596,182.17132905922492,-530.6911953670044,-0.1643474148926367,0.22697899101403687,0.21708510832864156,0.05013775411417605,0.22279977254403024,182.17132905922492,-531.0,0.3088046329955887,183.0,-531.0,-0.3567092373861426,-0.19236182249350586,0.7772002274559697,-29.00942860630333,53.993326489339935,RECOVER
38.652,182.18263137680398,-530.6886085223421,-0.16803744717377242,0.2262866588003362,0.21717861181117623,0.05000099463231443,0.2228601554617835,182.18263137680398,-531.0,0.31139147765793496,183.0,-531.0,-0.3639927969149898,-0.1959553497412174,0.7771398445382165,-29.00942860630333,53.993326489339935,RECOVER
38.7,182.19301680690668,-530.6862010149313,-0.17247853583756667,0.2268124746956055,0.2168931921761255,0.050055388048044,0.22259424674728223,182.19301680690668,-531.0,0.31379898506872905,183.0,-531.0,-0.370861351501156,-0.19838281566358934,0.7774057532527178,-29.644671137463426,55.431387129538344,RECOVER
38.752,182.20420746526304,-530.6835780165147,-0.17688978120642318,0.22800507393638023,0.21630231385148857,0.050190799265640136,0.22204911012753833,182.20420746526304,-531.0,0.3164219834852702,183.0,-531.0,-0.37845183765442614,-0.20156205644800296,0.7779508898724616,-29.644671137463426,55.431387129538344,RECOVER
38.796,182.21447963363258,-530.6811538624304,-0.18087905878289812,0.22930823769642744,0.2154977316980329,0.05030014305429721,0.22129025454881682,182.21447963363258,-531.0,0.3188461375696079,183.0,-531.0,-0.38558595251752337,-0.20470689373462525,0.7787097454511832,-28.76994902443946,55.431387129538344,RECOVER
38.852,182.22555396840107,-530.6785461160088,-0.1848235627706025,0.2299875552206732,0.21461231731474267,0.050247232361658636,0.22041604093897138,182.22555396840107,-531.0,0.3214538839912393,183.0,-531.0,-0.39343490889744814,-0.20861134612684565,0.7795839590610286,-28.76994902443946,56.35628593690474,RECOVER
38.9,182.2357408256347,-530.6761673784499,-0.18945569470481272,0.2297833839512254,0.21377717358316356,0.050005662401638507,0.21954782216508706,182.2357408256347,-531.0,0.32383262155008197,183.0,-531.0,-0.40078677989745465,-0.21133108519264193,0.7804521778349129,-30.739454188407095,60.016324730404506,RECOVER
38.952,182.24676111166656,-530.6736267371223,-0.19424379596368802,0.22867021424031816,0.21313016496651488,0.049604151035574744,0.21882650437872914,182.24676111166656,-531.0,0.3263732628777234,183.0,-531.0,-0.4088740114636718,-0.2146302154999838,0.7811734956212708,-30.739454188407095,60.016324730404506,RECOVER
39.0,182.25694246610414,-530.6713135784053,-0.19694070082635307,0.22683396056492944,0.2127736500022329,0.04910948048469459,0.21836750492861637,182.25694246610414,-531.0,0.32868642159473893,183.0,-531.0,-0.4164682855797436,-0.21952758475339051,0.7816324950713837,-30.245938887477173,60.64738943049172,RECOVER
39.052,182.26800585223052,-530.6688431446736,-0.20113251491401263,0.2243377399968808,0.21276797142901427,0.0485490816628536,0.21823662157466667,182.26800585223052,-531.0,0.33115685532641237,183.0,-531.0,-0.4248510397176368,-0.2237185248036242,0.7817633784253333,-30.245938887477173,60.64738943049172,RECOVER
39.1,182.27826866260378,-530.6665906807916,-0.20682936099899552,0.22143224720220137,0.21313217373389703,0.04798111888690879,0.2184662702802786,182.27826866260378,-531.0,0.33340931920838557,183.0,-531.0,-0.4327533029232155,-0.22592394192422,0.7815337297197213,-35.23503431486678,65.37191371681895,RECOVER
39.152,182.28945620848313,-530.6641629821185,-0.2104359527567774,0.21870789259570333,0.2138367024995952,0.04752800680737064,0.21905489441457784,182.28945620848313,-531.0,0.33583701788154485,183.0,-531.0,-0.4415274702864834,-0.23109151752970603,0.7809451055854222,-35.23503431486678,65.37191371681895,RECOVER
39.2,182.2998531203434,-530.661928959572,-0.21558588208886875,0.2162213498327051,0.21480467227263345,0.04718295215908597,0.21992561970948282,182.2998531203434,-531.0,0.33807104042796254,183.0,-531.0,-0.4498396480931825,-0.23425376600431375,0.7800743802905172,-35.21948390280073,64.55854780249923,RECOVER
39.252,182.31118744858182,-530.6595220310845,-0.22007088099770855,0.21376017422233834,0.21591178473570805,0.04686939910784586,0.2209403524947158,182.31118744858182,-531.0,0.3404779689154793,183.0,-531.0,-0.45907479904884496,-0.2390039180511364,0.7790596475052842,-35.21948390280073,64.55854780249923,RECOVER
39.296,182.321705323875,-530.6573216229248,-0.22462924031138676,0.21110278224781412,0.21703550075761927,0.04650975225162317,0.22196298259758973,182.321705323875,-531.0,0.34267837707523086,183.0,-531.0,-0.46780353878478365,-0.2431742984733969,0.7780370174024103,-37.81455662546816,66.03354617600519,RECOVER
39.352,182.3331437543843,-530.6549623266598,-0.22925734402844133,0.208388882680408,0.218062511612845,0.046111217670371726,0.22288450678758845,182.3331437543843,-531.0,0.3450376733402436,183.0,-531.0,-0.47747791032105175,-0.2482205662926104,0.7771154932124116,-37.81455662546816,66.03354617600519,RECOVER
39.4,182.3437257902073,-530.652812476916,-0.23397428990113478,0.20558732152997022,0.21890131042422603,0.04564827920075469,0.22361026161478686,182.3437257902073,-531.0,0.3471875230840169,183.0,-531.0,-0.4865995405499038,-0.252625250648769,0.7763897383852132,-41.27275464964292,68.68078866510129,RECOVER
39.448,182.35519872689434,-530.6505066310516,-0.2387566553430438,0.20303983659604172,0.21950754101554948,0.045191497875386594,0.22411120463491827,182.35519872689434,-531.0,0.34949336894840144,183.0,-531.0,-0.4966937160215445,-0.2579370606785007,0.7758887953650817,-41.27275464964292,68.68078866510129,RECOVER
39.496,182.3657841662722,-530.6483948376143,-0.244411816534045,0.20089125420537704,0.21986539712358372,0.044772967432498006,0.22437783193761077,182.3657841662722,-531.0,0.35160516238568107,183.0,-531.0,-0.5062101125397723,-0.26179829600572735,0.7756221680623893,-41.27275464964292,68.68078866510129,BRAKE
39.552,182.37712503110782,-530.6461776354186,-0.2500306811586894,0.19817106668643888,0.21924525221630947,0.04402590514877838,0.22362191516835372,182.37712503110782,-531.0,0.3538223645814469,183.0,-531.0,-0.5165933464520618,-0.26656266529337236,0.7763780848316463,0.0,0.0,BRAKE
39.6,182.38734355255477,-530.6442998006373,-0.2545182476498338,0.19254149523044667,0.21701946615790088,0.0423093836264771,0.22110525238969944,182.38734355255477,-531.0,0.3557001993626727,183.0,-531.0,-0.526022714495694,-0.27150446684586027,0.7788947476103005,-108.49970260518792,-108.49970260518792,BRAKE
39.652,182.39736743622117,-530.641923231409,-0.25946518569014376,0.20564015378349113,0.20853110075729295,0.04349723839396431,0.21301931774125468,182.39736743622117,-531.0,0.35807676859099047,183.0,-531.0,-0.5361346809091103,-0.27666949521896655,0.7869806822587453,-108.49970260518792,-108.49970260518792,BRAKE
39.7,182.40492351794487,-530.6395953627797,-0.2627821420747938,0.23303012143186555,0.19064164472749198,0.0452472470448856,0.19593761780103428,182.40492351794487,-531.0,0.3604046372203129,183.0,-531.0,-0.544559336395475,-0.28177719432068127,0.8040623821989658,-103.28518271068008,-103.28518271068008,BRAKE
39.752,182.4112228439407,-530.6369708275851,-0.2665523884820262,0.2758347235397476,0.16631637866016163,0.047075851312243754,0.17285043704718467,182.4112228439407,-531.0,0.36302917241494015,183.0,-531.0,-0.5525227319794083,-0.28597034349738204,0.8271495629528154,-103.28518271068008,-103.28518271068008,BRAKE
39.8,182.41524265110087,-530.634411644926,-0.2700104092218729,0.3442019514071919,0.13741674000539505,0.049260010242011466,0.1459791390670373,182.41524265110087,-531.0,0.36558835507401,183.0,-531.0,-0.5587407380318753,-0.2887303288100024,0.8540208609329627,-81.02991677199566,-81.02991677199566,BRAKE
39.852,182.417748831032,-530.6314269800256,-0.27334488473209273,0.4561872451031914,0.10618939977064365,0.05210809733304808,0.11828542780630244,182.417748831032,-531.0,0.3685730199744057,183.0,-531.0,-0.5643412974398868,-0.2909964127077941,0.8817145721936975,-81.02991677199566,-81.02991677199566,BRAKE
39.9,182.41844305973405,-530.6283897252149,-0.2771274558007657,0.6474031182924433,0.07408519413676698,0.05601691292777991,0.09287901013814116,182.41844305973405,-531.0,0.3716102747850982,183.0,-531.0,-0.5685978191019636,-0.2914703633011979,0.9071209898618589,-49.28906575813628,-49.28906575813628,BRAKE
39.952,182.41767496447795,-530.6247970593754,-0.28008016384761114,0.9537756568563891,0.04298550427289611,0.06059239809203693,0.07429126654014623,182.41767496447795,-531.0,0.3752029406246038,183.0,-531.0,-0.5723710001046398,-0.2922908362570287,0.9257087334598537,-49.28906575813628,-49.28906575813628,BRAKE
40.0,182.4158062886521,-530.6211297729661,-0.28347716210561,1.3576070364885204,0.014314816547249915,0.06612568882740176,0.06765737724505574,182.4158062886521,-531.0,0.37887022703387174,183.0,-531.0,-0.57534484501621,-0.29186768291059995,0.9323426227549443,0.0,0.0,BRAKE
40.052,182.4129337507987,-530.6171323792821,-0.28634056329927365,1.713336515073595,-0.010029758642309986,0.06988723214946403,0.07060326675116436,182.4129337507987,-531.0,0.3828676207178887,183.0,-531.0,-0.5778999384985922,-0.29155937519931857,0.9293967332488356,0.0,0.0,BRAKE
40.1,182.40999174340766,-530.6132582883465,-0.288777026265993,1.9336452943579772,-0.02797148034374174,0.07367528063587533,0.07880641274284293,182.40999174340766,-531.0,0.38674171165348525,183.0,-531.0,-0.5802216265243195,-0.2914446002583265,0.921193587257157,0.0,0.0,BRAKE
40.152,182.40667702104787,-530.6089393291367,-0.2907032483820799,2.0551463995912753,-0.04049209349124528,0.07695885017195361,0.08696133770298703,182.40667702104787,-531.0,0.3910606708633395,183.0,-531.0,-0.5827475891204213,-0.29204434073834146,0.913038662297013,0.0,0.0,BRAKE
40.2,182.40365919498257,-530.6049792181071,-0.2926873178291043,2.1203486618103513,-0.04832484249547701,0.07889906220207693,0.09252217257814402,182.40365919498257,-531.0,0.3950207818928675,183.0,-531.0,-0.5850483370956389,-0.29236101926653457,0.907477827421856,0.0,0.0,BRAKE
40.252,182.4005868218679,-530.6008929202392,-0.29563386577590434,2.1549671901626644,-0.05209058204767145,0.0787883183887531,0.09445119296542909,182.4005868218679,-531.0,0.3991070797608245,183.0,-531.0,-0.5874229218006312,-0.2917890560247268,0.905548807034571,0.0,0.0,BRAKE
40.3,182.3980350162669,-530.5974386775694,-0.297555265199807,2.172559745117938,-0.05246579417162395,0.0763995930867825,0.09267986502949362,182.3980350162669,-531.0,0.4025613224306426,183.0,-531.0,-0.5894403561099114,-0.2918850909101044,0.9073201349705063,0.0,0.0,BRAKE
40.348,182.39565004259725,-530.5941130216381,-0.2990759304327779,2.178953095588621,-0.050155473603424434,0.07204395812048989,0.08778327536638575,182.39565004259725,-531.0,0.4058869783618775,183.0,-531.0,-0.5914165414156488,-0.2923406109828709,0.9122167246336143,0.0,0.0,BRAKE
40.4,182.39382385939905,-530.5914133632633,-0.3013386646979315,2.175009513121433,-0.04591697699579978,0.06651358176129762,0.08082342070928222,182.39382385939905,-531.0,0.40858663673668616,183.0,-531.0,-0.5930894892846372,-0.2917508245867057,0.9191765792907178,0.0,0.0,BRAKE
40.448,182.39223666460356,-530.58879744613,-0.30297043313997385,2.1584396686626524,-0.04052907693999534,0.06084096269598202,0.07310423256817582,182.39223666460356,-531.0,0.41120255386999816,183.0,-531.0,-0.5948366144802529,-0.2918661813402791,0.9268957674318242,0.0,0.0,BRAKE
40.5,182.39108184862766,-530.5865442033332,-0.3044956589979011,2.1265529168909425,-0.034764433168560774,0.055976521145494784,0.06589337396949221,182.39108184862766,-531.0,0.41345579666676713,183.0,-531.0,-0.596492950659154,-0.2919972916612529,0.9341066260305078,0.0,0.0,BRAKE
40.552,182.39007454191457,-530.5841385642657,-0.30644108564036876,2.080328047104601,-0.029376830589990088,0.052576540160752604,0.06022699353934421,182.39007454191457,-531.0,0.415861435734314,183.0,-531.0,-0.5984224401754588,-0.29198135453509,0.9397730064606558,0.0,0.0,BRAKE
40.6,182.38926308317008,-530.5818570121241,-0.30779571689451884,2.0282259710008717,-0.02501182656209265,0.05081106880321465,0.0566335252381239,182.38926308317008,-531.0,0.4181429878758536,183.0,-531.0,-0.600351674248122,-0.2925559573536031,0.9433664747618761,0.0,0.0,BRAKE
40.652,182.38838183612606,-530.5792724831546,-0.308789314863926,1.9853532148920952,-0.022189157753959673,0.050423062786557366,0.05508941806379166,182.38838183612606,-531.0,0.42072751684543164,183.0,-531.0,-0.602553788153147,-0.29376447328922095,0.9449105819362084,0.0,0.0,BRAKE
40.7,182.3874541131166,-530.5767943681645,-0.3097997191233998,1.9656269639867237,-0.021187599484008834,0.05084457928020389,0.0550825345647394,182.3874541131166,-531.0,0.423205631835458,183.0,-531.0,-0.6045898712950936,-0.29479015217169374,0.9449174654352606,0.0,0.0,BRAKE
40.752,182.38622499001497,-530.5740648110376,-0.3109527078225591,1.975808273996431,-0.022044883617936457,0.05142099565577107,0.05594725809152036,182.38622499001497,-531.0,0.42593518896239857,183.0,-531.0,-0.6066606314602457,-0.2957079236376866,0.9440527419084797,0.0,0.0,BRAKE
40.8,182.38483009093034,-530.5715659758598,-0.31191563942351674,2.013758922131613,-0.024500313510421666,0.051644320347633235,0.05716118601182025,182.38483009093034,-531.0,0.42843402414018783,183.0,-531.0,-0.6083382791191795,-0.29642263969566274,0.9428388139881797,0.0,0.0,BRAKE
40.852,182.38302844528275,-530.5689363777186,-0.31355527760153046,2.0714542717900435,-0.028051664871316273,0.05126802648402301,0.05844062321381527,182.38302844528275,-531.0,0.4310636222813855,183.0,-531.0,-0.6098372613237536,-0.29628198372222314,0.9415593767861847,0.0,0.0,BRAKE
40.9,182.38113699498413,-530.5665993963116,-0.31421596075115255,2.137174130473402,-0.03202540726042223,0.050364706640537826,0.05968442330443798,182.38113699498413,-531.0,0.4334006036883693,183.0,-531.0,-0.6109390319681233,-0.2967230712169707,0.940315576695562,0.0,0.0,BRAKE
40.952,182.37892851655755,-530.5641491354222,-0.3151357834175996,2.19797273706994,-0.03568127335972664,0.04922919991820253,0.060800225272262684,182.37892851655755,-531.0,0.43585086457778743,183.0,-531.0,-0.6119145465178307,-0.2967787631002311,0.9391997747277373,0.0,0.0,BRAKE
41.0,182.37684602265767,-530.5619242651255,-0.3166129520206733,2.2430042725541495,-0.03837767903709252,0.04822199252683513,0.061629593634326636,182.37684602265767,-531.0,0.4380757348744737,183.0,-531.0,-0.61273492779606,-0.2961219757753867,0.9383704063656734,0.0,0.0,BRAKE
41.052,182.37466267342919,-530.5595055213416,-0.31709936039490966,2.264966695130993,-0.039641111181243686,0.04762430138017651,0.0619636327020423,182.37466267342919,-531.0,0.44049447865836555,183.0,-531.0,-0.6136802226014509,-0.2965808622065413,0.9380363672979577,0.0,0.0,BRAKE
41.096,182.3728081101357,-530.5572364028917,-0.31774315232903705,2.261858735597468,-0.039289579616080886,0.04750145126119307,0.061644618080801336,182.3728081101357,-531.0,0.4427635971082964,183.0,-531.0,-0.6147054216816041,-0.2969622693525671,0.9383553819191987,0.0,0.0,BRAKE
41.148,182.37104524349957,-530.5547374598236,-0.3184784528677116,2.235837246480856,-0.03740367526294541,0.04769575243182688,0.06061286763727645,182.37104524349957,-531.0,0.44526254017637257,183.0,-531.0,-0.6160352979055868,-0.29755684503787516,0.9393871323627235,0.0,0.0,BRAKE
41.2,182.3696731481537,-530.5524213749129,-0.3196279797062156,2.1925630494824784,-0.034317250817790725,0.04789035822133242,0.058916552124667815,182.3696731481537,-531.0,0.4475786250870897,183.0,-531.0,-0.6174550003891048,-0.29782702068288924,0.9410834478753322,0.0,0.0,BRAKE
41.252,182.36845287287105,-530.5499559672872,-0.3200481206808785,2.139767506148436,-0.030519604357176624,0.04772282263198813,0.05664727751695391,182.36845287287105,-531.0,0.4500440327127535,183.0,-531.0,-0.6191361075001339,-0.2990879868192554,0.9433527224830461,0.0,0.0,BRAKE
41.3,182.3675327076044,-530.5477708900665,-0.32066337168960257,2.0853897464122846,-0.026547281234814975,0.04695268944507737,0.05393804952986564,182.3675327076044,-531.0,0.4522291099334552,183.0,-531.0,-0.6207379883434572,-0.3000746166538546,0.9460619504701344,0.0,0.0,BRAKE
41.352,182.3666940243755,-530.5455392147907,-0.3211518232676165,2.036736355433404,-0.022900716074018397,0.04554013941926027,0.05097398449237089,182.3666940243755,-531.0,0.45446078520933497,183.0,-531.0,-0.6224410770195477,-0.30128925375193116,0.9490260155076291,0.0,0.0,BRAKE
41.396,182.36600047037302,-530.5436072664785,-0.321357965940553,2.036736355433404,-0.019942630049537752,0.043688213732137104,0.04802466566669277,182.36600047037302,-531.0,0.4563927335215112,183.0,-531.0,-0.6239327479672244,-0.30257478202667143,0.9519753343333073,0.0,0.0,BRAKE
41.452,182.36526891567607,-530.5416179758229,-0.3218857123230616,2.036736355433404,-0.017886635377089486,0.04178679526176043,0.04545402054121542,182.36526891567607,-531.0,0.45838202417712637,183.0,-531.0,-0.625448934827394,-0.30356322250433243,0.9545459794587846,0.0,0.0,BRAKE
41.5,182.3645632653303,-530.5398199692888,-0.3228263013429655,2.036736355433404,-0.016771680099642625,0.04027188123089055,0.04362469107328673,182.3645632653303,-531.0,0.46018003071117164,183.0,-531.0,-0.6267802600056681,-0.3039539586627026,0.9563753089267133,0.0,0.0,HOLD
41.552,182.3637294813854,-530.537838867765,-0.3230158667455722,2.036736355433404,-0.016513599386199382,0.03951105997966823,0.04282315758330795,182.3637294813854,-531.0,0.46216113223499633,183.0,-531.0,-0.6281987232742011,-0.3051828565286289,0.9571768424166921,0.0,0.0,HOLD
41.6,182.3628791495037,-530.5359221635536,-0.3234600812686506,2.036736355433404,-0.01693417623848126,0.039658157195296584,0.04312233478144241,182.3628791495037,-531.0,0.4640778364464495,183.0,-531.0,-0.6295321721354519,-0.30607209086680126,0.9568776652185575,0.0,0.0,HOLD
41.652,182.3618674275818,-530.533716495087,-0.3246137650943643,2.036736355433404,-0.01781688133692539,0.04062364762493322,0.04435901269109608,182.3618674275818,-531.0,0.4662835049130081,183.0,-531.0,-0.631034290786868,-0.3064205256925037,0.9556409873089039,0.0,0.0,HOLD
41.7,182.36085873666676,-530.5315646401638,-0.3246507782249153,2.036736355433404,-0.01893601079129394,0.04209597977140209,0.046158899657620676,182.36085873666676,-531.0,0.46843535983623497,183.0,-531.0,-0.6324758686412477,-0.30782509041633244,0.9538411003423793,0.0,0.0,HOLD
41.748,182.35970486273916,-530.5291469831766,-0.32503349085208155,2.036736355433404,-0.020074866142364402,0.04363507811125665,0.04803145107540806,182.35970486273916,-531.0,0.47085301682341196,183.0,-531.0,-0.6340711416853559,-0.3090376508332744,0.9519685489245919,0.0,0.0,HOLD
41.8,182.35860859059696,-530.5268901431616,-0.32502495457439906,2.036736355433404,-0.021042314029457145,0.04481892588154335,0.04951277710742516,182.35860859059696,-531.0,0.47310985683839135,183.0,-531.0,-0.6355375041481987,-0.3105125495737996,0.9504872228925748,0.0,0.0,HOLD
41.852,182.35742185334166,-530.5244809121386,-0.32585374666115374,2.016486347329602,-0.021665158722098433,0.045348279862198845,0.05025779132546542,182.35742185334166,-531.0,0.47551908786135755,183.0,-531.0,-0.6370816513082113,-0.3112279046470575,0.9497422086745346,0.0,0.0,HOLD
41.9,182.3563618014147,-530.5223329149492,-0.32612390468968977,2.0209282132590185,-0.021811898470187465,0.045138861416964604,0.05013258147047389,182.3563618014147,-531.0,0.47766708505082534,183.0,-531.0,-0.6384491286933911,-0.31232522400370133,0.9498674185295262,0.0,0.0,HOLD
41.952,182.35529051134966,-530.520108384112,-0.3261051860209234,2.0209282132590185,-0.021388340212538427,0.044313063633117426,0.049204763037738554,182.35529051134966,-531.0,0.4798916158880502,183.0,-531.0,-0.6398773954008063,-0.3137722093798829,0.9507952369622614,0.0,0.0,HOLD
42.0,182.35440344591152,-530.5181410978012,-0.32715481054060214,2.0209282132590185,-0.020370606624657582,0.04314828737768195,0.047715158156329845,182.35440344591152,-531.0,0.4818589021988373,183.0,-531.0,-0.6411788340271847,-0.31402402348658254,0.9522848418436701,0.0,0.0,HOLD
42.052,182.35357642636393,-530.5160719367949,-0.3274338023042107,2.0209282132590185,-0.018807372030163375,0.0419734320299445,0.04599441530287501,182.35357642636393,-531.0,0.4839280632050986,183.0,-531.0,-0.6426197499995768,-0.3151859476953661,0.954005584697125,0.0,0.0,HOLD
42.1,182.352944474095,-530.5141827972224,-0.32735899111813316,2.0209282132590185,-0.016832777113801316,0.04105770686923747,0.0443742907405081,182.352944474095,-531.0,0.48581720277763907,183.0,-531.0,-0.6440207337942256,-0.3166617426760925,0.9556257092594919,0.0,0.0,HOLD
42.152,182.35239294712457,-530.5121242305107,-0.32756710248920884,2.0209282132590185,-0.014653505886550254,0.04054324694719197,0.043110092876125355,182.35239294712457,-531.0,0.48787576948927835,183.0,-531.0,-0.6456426448466966,-0.3180755423574878,0.9568899071238747,0.0,0.0,HOLD
42.2,182.3519826388122,-530.5101968320088,-0.32741994422856324,2.0209282132590185,-0.012516610270711916,0.040407057925712614,0.042301251315780074,182.3519826388122,-531.0,0.4898031679912265,183.0,-531.0,-0.6472338667810865,-0.3198139225525233,0.9576987486842199,0.0,0.0,HOLD
42.252,182.35160528004354,-530.5080814492475,-0.3276456570788582,2.0209282132590185,-0.010675711464921571,0.04050274085279394,0.04188606966368223,182.35160528004354,-531.0,0.4919185507525299,183.0,-531.0,-0.6490277652981383,-0.32138210821928015,0.9581139303363178,0.0,0.0,HOLD
42.296,182.3512773254207,-530.5061207179261,-0.32828407060311027,2.0209282132590185,-0.00933054824368808,0.04062378077236921,0.04168153901632358,182.3512773254207,-531.0,0.49387928207386267,183.0,-531.0,-0.6507005180862314,-0.32241644748312115,0.9583184609836765,0.0,0.0,HOLD
42.352,182.3509001161459,-530.5040141295348,-0.3284883019714975,2.0209282132590185,-0.008603764938796868,0.040584417828573506,0.04148638019406255,182.3509001161459,-531.0,0.49598587046523335,183.0,-531.0,-0.6524726178575082,-0.32398431588601073,0.9585136198059374,0.0,0.0,HOLD
42.4,182.35050120733,-530.5021061223287,-0.3283230428662509,2.0209282132590185,-0.008501157326126137,0.040292424133135316,0.04117947447950269,182.35050120733,-531.0,0.49789387767134485,183.0,-531.0,-0.6540291986425861,-0.3257061557763352,0.9588205255204973,0.0,0.0,HOLD
42.452,182.3499956532664,-530.5000896328082,-0.3289283097993474,2.0209282132590185,-0.008928519997804151,0.039762601304809346,0.04075270459584756,182.3499956532664,-531.0,0.49991036719177373,183.0,-531.0,-0.655605754916969,-0.32667744511762165,0.9592472954041524,0.0,0.0,HOLD
42.5,182.34946050180076,-530.4982706534652,-0.329073877339076,2.0209282132590185,-0.009705684102205517,0.03910908189124608,0.04029541649205275,182.34946050180076,-531.0,0.5017293465348303,183.0,-531.0,-0.6569637073291578,-0.32788982999008176,0.9597045835079473,0.0,0.0,HOLD
42.552,182.34882135880036,-530.4963292660734,-0.3292411972165059,2.0209282132590185,-0.010610618707578647,0.038487933750723596,0.03992375575716426,182.34882135880036,-531.0,0.5036707339265831,183.0,-531.0,-0.6583569331029269,-0.32911573588642096,0.9600762442428358,0.0,0.0,HOLD
42.6,182.34819956815588,-530.4945451089612,-0.3298483921536568,2.0209282132590185,-0.011430792275980045,0.038026635880974484,0.039707531382356435,182.34819956815588,-531.0,0.5054548910387666,183.0,-531.0,-0.6596067123698928,-0.32975832021623597,0.9602924686176436,0.0,0.0,HOLD
42.652,182.3475215504363,-530.4926042241799,-0.3291561623311053,2.0209282132590185,-0.011993595784152194,0.03778096088930337,0.039638962468166394,182.3475215504363,-531.0,0.5073957758201004,183.0,-531.0,-0.6609596418796337,-0.33180347954852846,0.9603610375318337,0.0,0.0,HOLD
42.7,182.34691670637883,-530.4908018862476,-0.32974499036468347,2.0209282132590185,-0.01220615851213736,0.03769967200109668,0.03962645044176549,182.34691670637883,-531.0,0.5091981137524044,183.0,-531.0,-0.6622293371763873,-0.33248434681170386,0.9603735495582345,0.0,0.0,HOLD
42.752,182.34630531148665,-530.4888494414226,-0.3298591388846499,2.0209282132590185,-0.012049160961086594,0.03764624235326958,0.03952748212557032,182.34630531148665,-531.0,0.5111505585773557,183.0,-531.0,-0.6636318339480455,-0.3337726950633956,0.9604725178744297,0.0,0.0,HOLD
42.8,182.3457920422767,-530.4870694841352,-0.3296116102918627,2.0209282132590185,-0.011574542613796621,0.03744891275064341,0.03919682516383051,182.3457920422767,-531.0,0.5129305158648094,183.0,-531.0,-0.6649382154349084,-0.3353266051430457,0.9608031748361695,0.0,0.0,HOLD
42.852,182.3452937090016,-530.4851964228388,-0.33053686861340625,2.0209282132590185,-0.010877618973800905,0.03694893662874166,0.03851683414474716,182.3452937090016,-531.0,0.5148035771611603,183.0,-531.0,-0.6663388496100148,-0.3358019809966085,0.9614831658552528,0.0,0.0,HOLD
42.9,182.34488245231313,-530.4835431392116,-0.33027446013879014,2.0209282132590185,-0.01006919901969994,0.036072001923727504,0.03745100922116421,182.34488245231313,-531.0,0.5164568607883666,183.0,-531.0,-0.6675920434792345,-0.33731758334044437,0.9625489907788358,0.0,0.0,HOLD
42.952,182.3444797982422,-530.4818503888107,-0.33036901895237714,2.0209282132590185,-0.009255150994125034,0.03484031356440537,0.03604865141985401,182.3444797982422,-531.0,0.5181496111893011,183.0,-531.0,-0.6688846385180759,-0.33851561956569876,0.963951348580146,0.0,0.0,HOLD
43.0,182.3441366529914,-530.4803793054737,-0.3300748707319352,2.0209282132590185,-0.008517948933127156,0.03337285314942652,0.034442746425924715,182.3441366529914,-531.0,0.5196206945263384,183.0,-531.0,-0.6700095732762151,-0.33993470254427993,0.9655572535740753,0.0,0.0,HOLD
43.052,182.34378320136827,-530.4788701053064,-0.33061682592100117,2.0209282132590185,-0.007915668116136594,0.031850432595724246,0.0328193214168056,182.34378320136827,-531.0,0.5211298946935585,183.0,-531.0,-0.6711593062294456,-0.3405424803084445,0.9671806785831945,0.0,0.0,HOLD
43.1,182.34346269612496,-530.4775335426705,-0.33069968208235445,2.0209282132590185,-0.007482201674615685,0.030448550407835263,0.031354386676159154,182.34346269612496,-531.0,0.5224664573295286,183.0,-531.0,-0.6721691853574792,-0.3414695032751247,0.9686456133238408,0.0,0.0,HOLD
43.152,182.34310995716808,-530.4761213752955,-0.3304048921563516,2.0209282132590185,-0.007237635605944079,0.029296530481112186,0.030177310473187714,182.34310995716808,-531.0,0.52387862470448,183.0,-531.0,-0.6732228948073671,-0.3428180026510155,0.9698226895268123,0.0,0.0,HOLD
43.2,182.3427692109371,-530.4748337553536,-0.3313085552639661,2.0209282132590185,-0.00718907107816165,0.028431640222242233,0.029326454076377573,182.3427692109371,-531.0,0.525166244646357,183.0,-531.0,-0.6741669610439408,-0.34285840577997473,0.9706735459236224,0.0,0.0,HOLD
43.252,182.34237322634672,-530.4734495683897,-0.3313967370617221,2.0209282132590185,-0.007338177097522076,0.027797209171019674,0.02874949879236189,182.34237322634672,-531.0,0.5265504316103033,183.0,-531.0,-0.6751571312554302,-0.3437603941937081,0.9712505012076381,0.0,0.0,HOLD
43.3,182.34197524850552,-530.4721876657956,-0.33108713021337066,2.0209282132590185,-0.00767173687216228,0.027269559043417203,0.028328155553408542,182.34197524850552,-531.0,0.527812334204441,183.0,-531.0,-0.6760299961485846,-0.34494286593521395,0.9716718444465915,0.0,0.0,HOLD
43.352,182.34150351721937,-530.4708549056326,-0.33158928467812077,2.0209282132590185,-0.008161743392944796,0.02669571447530519,0.027915501545902718,182.34150351721937,-531.0,0.5291450943674363,183.0,-531.0,-0.6769112853559635,-0.3453220006778427,0.9720844984540973,0.0,0.0,HOLD
43.4,182.3410298353949,-530.4696758837897,-0.3308223574155338,2.0209282132590185,-0.008759063175534825,0.025949248679792543,0.027387674139267928,182.3410298353949,-531.0,0.530324116210295,183.0,-531.0,-0.6776470445661043,-0.34682468715057047,0.9726123258607321,0.0,0.0,HOLD
43.452,182.34048006912934,-530.4684729603129,-0.3308964711822151,2.0209282132590185,-0.009393740928376736,0.02496361196683973,0.026672538144323722,182.34048006912934,-531.0,0.5315270396871483,183.0,-531.0,-0.6783464812546155,-0.3474500100724004,0.9733274618556763,0.0,0.0,HOLD
43.5,182.33994785612674,-530.4674414244195,-0.3313904102822387,2.0209282132590185,-0.0099866514140712,0.02374796366774358,0.025762355964287106,182.33994785612674,-531.0,0.5325585755805378,183.0,-531.0,-0.6788997108290152,-0.34750930054677653,0.9742376440357129,0.0,0.0,HOLD
43.552,182.33935855547094,-530.4664103542962,-0.33145951312334887,2.0209282132590185,-0.010457770140903877,0.022376071444732266,0.0246992617221597,182.33935855547094,-531.0,0.5335896457038416,183.0,-531.0,-0.6794088886819359,-0.34794937555858707,0.9753007382778403,0.0,0.0,HOLD
43.6,182.3388167606268,-530.4655310857318,-0.33194918628782033,2.0209282132590185,-0.010748137996768135,0.020955779721187506,0.023551373083548748,182.3388167606268,-531.0,0.5344689142682455,183.0,-531.0,-0.679813027602567,-0.3478638413147467,0.9764486269164513,0.0,0.0,HOLD
43.652,182.3382458042065,-530.4646445148405,-0.33201386647966546,2.0209282132590185,-0.010829265603699133,0.019588560894327145,0.02238268776144241,182.3382458042065,-531.0,0.5353554851594708,183.0,-531.0,-0.6802013630341078,-0.34818749655444237,0.9776173122385576,0.0,0.0,HOLD
43.7,182.33774178304773,-530.4638757074551,-0.33166305849544697,2.0209282132590185,-0.010714176925142014,0.018338451766405608,0.021238935951973455,182.33774178304773,-531.0,0.536124292544855,183.0,-531.0,-0.6805308007119194,-0.34886774221647243,0.9787610640480265,0.0,0.0,HOLD
43.752,182.33722334325023,-530.4630890139741,-0.3321565171020038,2.0209282132590185,-0.010453713638380942,0.01721504592424718,0.020140455183714472,182.33722334325023,-531.0,0.5369109860258732,183.0,-531.0,-0.6808652154451386,-0.3487086983431348,0.9798595448162856,0.0,0.0,HOLD
43.8,182.3367664189703,-530.4624052083042,-0.3313662880090688,2.0209282132590185,-0.010126653406005012,0.01617586286081872,0.019084225121743018,182.3367664189703,-531.0,0.5375947916958239,183.0,-531.0,-0.6811506838818019,-0.3497843958727331,0.980915774878257,0.0,0.0,HOLD
43.852,182.33628509555996,-530.461716055489,-0.331421678537007,2.0209282132590185,-0.009822001514370415,0.01515283942336633,0.018057692442242434,182.33628509555996,-531.0,0.5382839445110221,183.0,-531.0,-0.6814225022355652,-0.3500008236985582,0.9819423075577576,0.0,0.0,HOLD
43.9,182.3358416431246,-530.4611360375924,-0.33189980232900496,2.0209282132590185,-0.009617808325423388,0.01407864278786394,0.0170502322486486,182.3358416431246,-531.0,0.5388639624076177,183.0,-531.0,-0.6816226232836287,-0.3497228209546237,0.9829497677513515,0.0,0.0,HOLD
43.952,182.33534889332475,-530.460576703043,-0.33195192279614233,2.0209282132590185,-0.009568160602896019,0.012915869586875515,0.01607387272899681,182.33534889332475,-531.0,0.5394232969570112,183.0,-531.0,-0.6817673579508562,-0.34981543515471386,0.9839261272710031,0.0,0.0,HOLD
44.0,182.33487305214518,-530.4601270823355,-0.3324274917972596,2.0209282132590185,-0.009688979659542976,0.011673799557088462,0.015170824728475255,182.33487305214518,-531.0,0.5398729176645247,183.0,-531.0,-0.681824853154557,-0.3493973613572974,0.9848291752715247,0.0,0.0,HOLD
44.052,182.3343284082179,-530.4597091313587,-0.3324766554298164,2.0209282132590185,-0.009963709366099024,0.01040110128622132,0.014403416688352948,182.3343284082179,-531.0,0.5402908686412502,183.0,-531.0,-0.6818030025611855,-0.3493263471313691,0.985596583311647,0.0,0.0,HOLD
44.096,182.33379762924855,-530.4593783899,-0.3321062905080554,2.0209282132590185,-0.010346674406237223,0.009172372305709744,0.01382700564052953,182.33379762924855,-531.0,0.5406216100999472,183.0,-531.0,-0.6817124465329227,-0.34960615602486733,0.9861729943594705,0.0,0.0,HOLD
44.152,182.33319535426992,-530.459066645017,-0.3321519195516933,2.0209282132590185,-0.0107791122586962,0.008060324865772697,0.013459498431493216,182.33319535426992,-531.0,0.5409333549830535,183.0,-531.0,-0.681552377367452,-0.3494004578157587,0.9865405015685068,0.0,0.0,HOLD
44.2,182.3326196630879,-530.458810553074,-0.3326298052813021,2.0209282132590185,-0.011204171170288033,0.007106548246409307,0.013267873966527444,182.3326196630879,-531.0,0.541189446925955,183.0,-531.0,-0.6813617363533259,-0.34873193107202377,0.9867321260334726,0.0,0.0,HOLD
44.252,182.33198195412075,-530.4585585372768,-0.33181936795713995,2.0209282132590185,-0.011574983155044467,0.006315516534211366,0.01318582512144994,182.33198195412075,-531.0,0.5414414627232418,183.0,-531.0,-0.68112226652072,-0.3493028985635801,0.98681417487855,0.0,0.0,HOLD
44.3,182.33138651947277,-530.4583473513543,-0.33229403211985775,2.0209282132590185,-0.011865450025610541,0.005644983098558987,0.013139815009857551,182.33138651947277,-531.0,0.5416526486457087,183.0,-531.0,-0.6808772167544952,-0.34858318463463744,0.9868601849901425,0.0,0.0,HOLD
44.352,182.33073974042333,-530.4581456492467,-0.3323273732934817,2.0209282132590185,-0.012065863041770097,0.005026849353506561,0.013071123339851203,182.33073974042333,-531.0,0.5418543507532831,183.0,-531.0,-0.6805864251186693,-0.34825905182518757,0.9869288766601488,0.0,0.0,HOLD
44.4,182.33014480487904,-530.4579915819929,-0.33279379568195355,2.0209282132590185,-0.012180882654229513,0.004390859138653888,0.012948109754385378,182.33014480487904,-531.0,0.5420084180070717,183.0,-531.0,-0.680290928920642,-0.34749713323868847,0.9870518902456146,0.0,0.0,HOLD
44.452,182.32950524978193,-530.4578685160767,-0.3324161307954118,2.0209282132590185,-0.012222271494253607,0.003682386722425249,0.012764947804544211,182.32950524978193,-531.0,0.5421314839232991,183.0,-531.0,-0.6799353204958178,-0.347519189700406,0.9872350521954558,0.0,0.0,HOLD
44.5,182.3289213364402,-530.4578006557512,-0.33244627006749883,2.0209282132590185,-0.012202177921366492,0.002888366243332785,0.012539370222635115,182.3289213364402,-531.0,0.5421993442488429,183.0,-531.0,-0.6795709455653639,-0.3471246754978651,0.9874606297773649,0.0,0.0,HOLD
44.552,182.3282974734476,-530.4577773883012,-0.3324815349462913,2.0209282132590185,-0.012130493483678603,0.0020340458942536316,0.012299846131456243,182.3282974734476,-531.0,0.5422226116987758,183.0,-531.0,-0.6791377259081249,-0.34665619096183364,0.9877001538685437,0.0,0.0,HOLD
44.6,182.32773102003407,-530.4577975558806,-0.33209242346486123,2.0209282132590185,-0.012015210238124168,0.0011750745651672707,0.012072534004923195,182.32773102003407,-531.0,0.5422024441194253,183.0,-531.0,-0.6787075917960146,-0.34661516833115336,0.9879274659950769,0.0,0.0,HOLD
44.652,182.32712885183673,-530.4578540035245,-0.33255980788911343,2.0209282132590185,-0.011862941829132596,0.00038386240236319756,0.011869150735639508,182.32712885183673,-531.0,0.5421459964754831,183.0,-531.0,-0.6782192581026751,-0.3456594502135617,0.9881308492643605,0.0,0.0,HOLD
44.7,182.32658389152044,-530.4579268767988,-0.33258651690828356,2.0209282132590185,-0.011684581161885003,-0.00028185706309084895,0.01168798016479717,182.32658389152044,-531.0,0.5420731232012486,183.0,-531.0,-0.6777581067946207,-0.3451715898863371,0.9883120198352028,0.0,0.0,HOLD
44.752,182.32600441711668,-530.4580165862125,-0.3326176047222438,2.0209282132590185,-0.011495286242100913,-0.0007870204525485898,0.011522196274172919,182.32600441711668,-531.0,0.5419834137875341,183.0,-531.0,-0.67725718102951,-0.34463957630726627,0.988477803725827,0.0,0.0,HOLD
44.796,182.32547753368715,-530.4581017747621,-0.3330780870146217,2.0209282132590185,-0.01131379439768408,-0.001132729801898229,0.011370357095411563,182.32547753368715,-531.0,0.541898225237901,183.0,-531.0,-0.6767988524208902,-0.3437207654062685,0.9886296429045884,0.0,0.0,HOLD
44.852,182.32491188864756,-530.458193252523,-0.3331076762036996,2.0209282132590185,-0.011161192586478151,-0.0013519900693392986,0.01124277977637412,182.32491188864756,-531.0,0.5418067474770396,183.0,-531.0,-0.6763072069874791,-0.34319953078377957,0.9887572202236259,0.0,0.0,HOLD
44.9,182.324391088588,-530.458277462166,-0.3327099837212564,2.0209282132590185,-0.01105227561561736,-0.0014928221926128996,0.01115263710439498,182.324391088588,-531.0,0.5417225378339481,183.0,-531.0,-0.675854939284171,-0.3431449555629146,0.988847362895605,0.0,0.0,HOLD
44.952,182.32382512083157,-530.4583717424416,-0.33273741721497063,2.0209282132590185,-0.010993377510639417,-0.0016049132030174348,0.011109909787241848,182.32382512083157,-531.0,0.5416282575583864,183.0,-531.0,-0.6753613731421544,-0.34262395592718375,0.9888900902127582,0.0,0.0,HOLD
45.0,182.32329960499362,-530.4584648122412,-0.3323367092278198,2.0209282132590185,-0.010977581700299412,-0.001721827537510727,0.011111795087009066,182.32329960499362,-531.0,0.5415351877587682,183.0,-531.0,-0.6748984944848878,-0.342561785257068,0.9888882049129909,0.0,0.0,HOLD
45.052,182.32272780935142,-530.4585733629738,-0.33279848372160625,2.0209282132590185,-0.010984052620014305,-0.0018498178299009046,0.011138726945349833,182.32272780935142,-531.0,0.541426637026234,183.0,-531.0,-0.6743887171503158,-0.34159023342870953,0.9888612730546502,0.0,0.0,HOLD
45.1,182.32220058105787,-530.4586790980343,-0.33282348328578676,2.0209282132590185,-0.01098400717680644,-0.001973366405691818,0.01115986508122963,182.32220058105787,-531.0,0.5413209019657188,183.0,-531.0,-0.6739139827775231,-0.34109049949173637,0.9888401349187703,0.0,0.0,HOLD
45.152,182.3216352982837,-530.4587944063795,-0.33284388136288134,2.0209282132590185,-0.010944392568028927,-0.002058802025916547,0.011136354630894478,182.3216352982837,-531.0,0.5412055936204752,183.0,-531.0,-0.6734036544982589,-0.34055977313537755,0.9888636453691055,0.0,0.0,HOLD
45.2,182.32112459894364,-530.458894862713,-0.3333009080651834,2.0209282132590185,-0.010837704523783041,-0.0020707154151705298,0.011033752837337452,182.32112459894364,-531.0,0.5411051372869906,183.0,-531.0,-0.6729463262147547,-0.3396454181495713,0.9889662471626626,0.0,0.0,HOLD
45.252,182.32058933278697,-530.4589899692697,-0.33332446936590165,2.0209282132590185,-0.010647260918076855,-0.0019861053055290163,0.010830917751615387,182.32058933278697,-531.0,0.5410100307302628,183.0,-531.0,-0.6724765505582971,-0.3391520811923955,0.9891690822483846,0.0,0.0,HOLD
45.3,182.32011611684533,-530.4590597979342,-0.33292093333529893,2.0209282132590185,-0.010371252504536039,-0.0018001357934433946,0.010526317845651495,182.32011611684533,-531.0,0.5409402020658263,183.0,-531.0,-0.6720743942182827,-0.3391534608829838,0.9894736821543485,0.0,0.0,HOLD
45.352,182.31962869266368,-530.4591131351817,-0.33293912723623675,2.0209282132590185,-0.010022053812079866,-0.0015290889704029443,0.01013803115459962,182.31962869266368,-531.0,0.5408868648182761,183.0,-531.0,-0.6716772200000798,-0.33873809276384304,0.9898619688454003,0.0,0.0,HOLD
45.4,182.31920231495286,-530.4591420076608,-0.33252937329601634,2.0209282132590185,-0.009623339119273475,-0.0012044363242447035,0.00969841856509087,182.31920231495286,-531.0,0.5408579923391699,183.0,-531.0,-0.671346065504824,-0.33881669220880767,0.9903015814349091,0.0,0.0,HOLD
45.448,182.31876444045596,-530.4591531519326,-0.3325498360333736,2.0209282132590185,-0.009202402618174132,-0.0008578931321703031,0.009242304613742348,182.31876444045596,-531.0,0.5408468480674173,183.0,-531.0,-0.6710228957134537,-0.3384730596800801,0.9907576953862577,0.0,0.0,HOLD
45.5,182.31837995423365,-530.4591472890194,-0.33300858169063097,2.0209282132590185,-0.008785107072868174,-0.0005148801270681289,0.008800182261010741,182.31837995423365,-531.0,0.54085271098063,183.0,-531.0,-0.6707534224786273,-0.3377448407879964,0.9911998177389892,0.0,0.0,HOLD
45.552,182.31798182927156,-530.4591247136458,-0.3325957395831875,2.0209282132590185,-0.008390006842195765,-0.00018272245274479645,0.008391996324285946,182.31798182927156,-531.0,0.5408752863542077,183.0,-531.0,-0.6704894454554248,-0.33789370587223727,0.991608003675714,0.0,0.0,HOLD
45.6,182.31762918602234,-530.4590877572936,-0.33348086090582124,2.0209282132590185,-0.008024861472954172,0.00015070380741238302,0.008026276427937976,182.31762918602234,-531.0,0.5409122427064403,183.0,-531.0,-0.6702710538177493,-0.3367901929119281,0.991973723572062,0.0,0.0,HOLD
45.652,182.31726174367662,-530.4590266966842,-0.33350026291502255,2.0209282132590185,-0.007689329592072982,0.0005089423455690778,0.007706154156688186,182.31726174367662,-531.0,0.5409733033158091,183.0,-531.0,-0.6700639501438311,-0.3365636872288086,0.9922938458433118,0.0,0.0,HOLD
45.7,182.31693575303865,-530.458945689539,-0.3330853030665002,2.0209282132590185,-0.007375079303417517,0.000921489625332726,0.007432424763244715,182.31693575303865,-531.0,0.5410543104610497,183.0,-531.0,-0.6699044803469937,-0.3368191772804935,0.9925675752367553,0.0,0.0,HOLD
45.752,182.31659733622186,-530.4588250603632,-0.33354400136670326,2.0209282132590185,-0.007071607044835414,0.0014108954008691167,0.007210981349910668,182.31659733622186,-531.0,0.5411749396367895,183.0,-531.0,-0.6697719070430626,-0.3362279056763593,0.9927890186500893,0.0,0.0,HOLD
45.8,182.31629929776298,-530.4586788875168,-0.33356211209945563,2.0209282132590185,-0.0067697416751399475,0.0019829256820200567,0.007054175827730787,182.31629929776298,-531.0,0.5413211124831605,183.0,-531.0,-0.6696911432255964,-0.3361290311261408,0.9929458241722692,0.0,0.0,HOLD
45.852,182.31599289714228,-530.4584797905635,-0.33270345344481944,2.0209282132590185,-0.006462643958945193,0.002628977340780926,0.006976911121580262,182.31599289714228,-531.0,0.5415202094364986,183.0,-531.0,-0.6696520545126428,-0.3369486010678233,0.9930230888784197,0.0,0.0,HOLD
45.9,182.31572577147284,-530.4582585024311,-0.3331613806528255,2.0209282132590185,-0.006148509912969507,0.003322394570007955,0.006988739502135034,182.31572577147284,-531.0,0.5417414975688644,183.0,-531.0,-0.6696608653828621,-0.33649948473003655,0.9930112604978649,0.0,0.0,HOLD
45.952,182.31545371092565,-530.4579805035079,-0.3331752819985603,2.0209282132590185,-0.005827708203358257,0.004030703069318059,0.007085813300990872,182.31545371092565,-531.0,0.5420194964921166,183.0,-531.0,-0.6697170833569128,-0.33654180135835254,0.9929141866990091,0.0,0.0,HOLD
46.0,182.31521874540934,-530.4576917471389,-0.3327574553148187,2.0209282132590185,-0.005501300555298195,0.004725472185284569,0.007252199333555466,182.31521874540934,-531.0,0.5423082528610621,183.0,-531.0,-0.6698092698604462,-0.3370518145456275,0.9927478006664445,0.0,0.0,HOLD
46.048,182.31498185782974,-530.4573479641192,-0.3336471327414303,2.0209282132590185,-0.005170280992891936,0.005385481091694106,0.00746560192713584,182.31498185782974,-531.0,0.542652035880792,183.0,-531.0,-0.6699493719875474,-0.33630223924611713,0.9925343980728641,0.0,0.0,HOLD
46.1,182.31477995101136,-530.4570040889981,-0.33322547588960494,2.0209282132590185,-0.004832919862701924,0.006007985467440661,0.007710577395777632,182.31477995101136,-531.0,0.5429959110018672,183.0,-531.0,-0.6701142776988994,-0.3368888018092945,0.9922894226042224,0.0,0.0,HOLD
46.152,182.31458010942234,-530.4566033162517,-0.3332405855857437,2.0209282132590185,-0.00448648552917864,0.0066026994237597956,0.007982743393348384,182.31458010942234,-531.0,0.5433966837482558,183.0,-531.0,-0.6703314854744221,-0.3370908998886784,0.9920172566066516,0.0,0.0,HOLD
46.2,182.31441382405302,-530.4562061670384,-0.3328168974882755,2.0209282132590185,-0.004128713078573718,0.007187634305852809,0.008289050524629336,182.31441382405302,-531.0,0.543793832961569,183.0,-531.0,-0.6705690771036773,-0.3377521796154018,0.9917109494753706,0.0,0.0,HOLD
46.252,182.31425415754202,-530.4557436942358,-0.33327439039308304,2.0209282132590185,-0.0037583419404673855,0.007784760008680268,0.008644514013767562,182.31425415754202,-531.0,0.5442563057641792,183.0,-531.0,-0.6708696109255907,-0.3375952205325077,0.9913554859862325,0.0,0.0,HOLD
46.3,182.31412578981502,-530.455284766022,-0.3332860269802864,2.0209282132590185,-0.0033789369373526984,0.008406445564517515,0.009060107165801221,182.31412578981502,-531.0,0.5447152339779677,183.0,-531.0,-0.6711889160024935,-0.3379028890222071,0.9909398928341988,0.0,0.0,HOLD
46.352,182.3140066986142,-530.4547511777664,-0.33329955353457974,2.0209282132590185,-0.0029978843993839,0.009055649029770053,0.009538977420166413,182.3140066986142,-531.0,0.5452488222335887,183.0,-531.0,-0.6715812280748923,-0.33828167454031255,0.9904610225798336,0.0,0.0,HOLD
46.4,182.31391387482094,-530.4542248813119,-0.33375506643126673,2.0209282132590185,-0.0026254650188374403,0.009723750183379514,0.010071960295489266,182.31391387482094,-531.0,0.5457751186880841,183.0,-531.0,-0.671985302708279,-0.3382302362770123,0.9899280397045107,0.0,0.0,HOLD
46.448,182.31382947093053,-530.4536201670776,-0.3337681622752009,2.0209282132590185,-0.002274655370786494,0.010390629581017975,0.010636693101983043,182.31382947093053,-531.0,0.5463798329224119,183.0,-531.0,-0.6724649302989143,-0.3386967680237134,0.989363306898017,0.0,0.0,HOLD
46.496,182.31382947093053,-530.4536201670776,-0.3337681622752009,2.0209282132590185,-0.002274655370786494,0.010390629581017975,0.010636693101983043,182.31382947093053,-531.0,0.5463798329224119,183.0,-531.0,-0.6724649302989143,-0.3386967680237134,0.989363306898017,0.0,0.0,SUCCESS
