time_s,north_m,east_m,body_yaw_rad,course_angle_rad,vx_mps,vy_mps,speed_mps,reference_north_m,reference_east_m,position_error_m,target_north_m,target_east_m,desired_heading_rad,heading_error_rad,speed_error_mps,left_thrust,right_thrust,controller_state
0.0,161.88570009337232,-531.8965275091105,0.5708019367777963,-2.605982925758027,-0.007838687635065414,-0.0028347405741426853,0.008335513059363425,163.0,-531.000000000002,1.4301838540896001,164.2177842662969,-526.2174602137884,1.1811465020846665,0.6103445653068702,0.9916644869406366,0.0,0.0,TRACK
0.048,161.88934147553283,-531.8941469268917,0.5707998179883256,-2.605982925758027,0.01941415604063655,0.014180568175979484,0.02404158831200191,163.0,-531.000000000002,1.4258545104034421,164.2177842662969,-526.2174602137884,1.1815481100960905,0.6107482921077649,0.9759584116879981,0.0,0.0,TRACK
0.096,161.89286646370894,-531.8918556777866,0.5707978531969685,-2.605982925758027,0.038322240210551736,0.02592439403947998,0.046267356754729934,163.0,-531.000000000002,1.4216719794582822,164.2177842662969,-526.2174602137884,1.1819381468002057,0.6111402936032372,0.9537326432452701,635.5090643810915,-97.84215725433165,TRACK
0.148,161.89843077212998,-531.889326238623,0.5717443791887878,0.4976216505679031,0.062361532047725446,0.03387592741909175,0.07096857852488705,163.0,-531.000000000002,1.4157527759074973,164.2177842662969,-526.2174602137884,1.182621903826366,0.610877524637578,0.929031421475113,635.5090643810915,-97.84215725433165,TRACK
0.196,161.90644985754864,-531.8868341347431,0.5754517416466766,0.3856151818636921,0.09900749367536332,0.04019094361284487,0.10685408626893023,163.0,-531.000000000002,1.4079512408451438,164.2177842662969,-526.2174602137884,1.1836801808286868,0.6082284391820102,0.8931459137310698,612.5056021017557,-123.96401973298748,TRACK
0.244,161.91796852905978,-531.8840550902079,0.5812130191777322,0.30603026586923404,0.14188439067550943,0.04482922079721012,0.14879798168875008,163.0,-531.000000000002,1.3972635780782046,164.2177842662969,-526.2174602137884,1.185252767656239,0.6040397484785068,0.8512020183112499,612.5056021017557,-123.96401973298748,TRACK
0.296,161.93128545452822,-531.8812870267933,0.5898163661090355,0.25485114220308164,0.18932743547982328,0.04932278924948548,0.19564665947752802,163.0,-531.000000000002,1.3852139196866022,164.2177842662969,-526.2174602137884,1.1871025588869084,0.5972861927778729,0.804353340522472,570.4781749889833,-139.9896998816164,TRACK
0.348,161.94891677697535,-531.8777333514316,0.6024971656833332,0.22755963355671438,0.24173519568679888,0.055978781792653545,0.24813207943497445,163.0,-531.000000000002,1.3693764193733182,164.2177842662969,-526.2174602137884,1.1895654728644796,0.5870683071811463,0.7518679205650256,570.4781749889833,-139.9896998816164,TRACK
0.396,161.968557141238,-531.8735286953457,0.6124165839574903,0.21963072250372764,0.3003388666115188,0.06704515879160446,0.3077311945755307,163.0,-531.000000000002,1.3516385435758964,164.2177842662969,-526.2174602137884,1.1923034845084766,0.5798869005509862,0.6922688054244692,514.1588445331024,-148.84857195462172,TRACK
0.448,161.99371118693225,-531.8675893616614,0.6256787670994578,0.22532460975290913,0.3645263400857131,0.08355563762807289,0.3739799422371724,163.0,-531.000000000002,1.3286566432942142,164.2177842662969,-526.2174602137884,1.195791409326571,0.5701126422271131,0.6260200577628277,514.1588445331024,-148.84857195462172,TRACK
0.496,162.0204668349871,-531.8606400596046,0.6414831857614461,0.23837650577657948,0.43203538812239495,0.10498315862238566,0.44460773743199905,163.0,-531.000000000002,1.3039120114305747,164.2177842662969,-526.2174602137884,1.199482196913407,0.5579990111519609,0.555392262568001,464.0570165473107,-181.12217104221773,TRACK
0.548,162.05278631846136,-531.851653347848,0.6572580797757367,0.25277630022508646,0.4983579872024181,0.1287265360818008,0.5147146826155872,163.0,-531.000000000002,1.2737845906554346,164.2177842662969,-526.2174602137884,1.2039316698774436,0.5466735901017069,0.48528531738441283,464.0570165473107,-181.12217104221773,TRACK
0.596,162.085055154381,-531.8422852467465,0.6754729862113592,0.26536148388931374,0.5592262869289297,0.15198131898473966,0.5795104497010031,163.0,-531.000000000002,1.2436110756214016,164.2177842662969,-526.2174602137884,1.2083803515292615,0.5329073653179023,0.42048955029899693,399.33517181520983,-201.1503606686873,TRACK
0.648,162.12175608874136,-531.8314164477546,0.6931725965667822,0.2745222222075774,0.6105226062370527,0.17194323517061078,0.6342730711983753,163.0,-531.000000000002,1.2093658161434464,164.2177842662969,-526.2174602137884,1.213464008334646,0.5202914117678638,0.3657269288016247,399.33517181520983,-201.1503606686873,TRACK
0.696,162.15654685206465,-531.8210962942844,0.7131126808475597,0.2799342723991483,0.6505223432863811,0.18701422191415518,0.6768704738079223,163.0,-531.000000000002,1.1771203580119964,164.2177842662969,-526.2174602137884,1.2183182867077655,0.5052056058602058,0.3231295261920777,352.908822683779,-209.60447212593022,TRACK
0.748,162.19463951845557,-531.8099354574814,0.7369277093471172,0.28185382656354363,0.6792324699981341,0.1966802611875694,0.7071349754046795,163.0,-531.000000000002,1.1421912933111344,164.2177842662969,-526.2174602137884,1.2236818231865192,0.48675411383940204,0.2928650245953205,352.908822683779,-209.60447212593022,TRACK
0.796,162.22983599928654,-531.7998474548481,0.7564608494589291,0.28085541050110147,0.6981421115578827,0.20140052230657657,0.7266117108303863,163.0,-531.000000000002,1.110364147034045,164.2177842662969,-526.2174602137884,1.2286880129918676,0.4722271635329385,0.27338828916961366,315.2696575830328,-188.24901812012635,TRACK
0.844,162.2678480007143,-531.7891711267702,0.7729575373403077,0.27831955760581045,0.7096423821226383,0.20277024002373972,0.7380434138612563,163.0,-531.000000000002,1.0764932035932613,164.2177842662969,-526.2174602137884,1.2341474986232162,0.46118996128290846,0.26195658613874373,315.2696575830328,-188.24901812012635,TRACK
0.896,162.30282609955955,-531.7794863178348,0.7945747517420525,0.27540266745389325,0.7163161857929513,0.20241905450264844,0.7443670812540732,163.0,-531.000000000002,1.0457773984666905,164.2177842662969,-526.2174602137884,1.239216077842172,0.4446413261001194,0.25563291874592675,314.8053801615888,-183.39761426968468,TRACK
0.948,162.34075416851655,-531.7690369381793,0.8146789645080431,0.27307993888332044,0.7208906002836939,0.20190474849247525,0.7486312744209891,163.0,-531.000000000002,1.0129278743372203,164.2177842662969,-526.2174602137884,1.2447551340643943,0.4300761695563512,0.2513687255790109,314.8053801615888,-183.39761426968468,TRACK
1.0,162.37592453143378,-531.7593027470944,0.8365930264651492,0.2719958669956845,0.7250294531225198,0.2022165631810633,0.7527012995338197,163.0,-531.000000000002,0.9828585107776538,164.2177842662969,-526.2174602137884,1.2499264234734437,0.4133333970082945,0.2472987004661803,291.2869994251724,-155.2769257790672,TRACK
1.048,162.41422573220206,-531.7485308940561,0.8619269044697984,0.27276095813376244,0.729065688162249,0.20394362305591157,0.7570533528362882,163.0,-531.000000000002,0.9504893435318372,164.2177842662969,-526.2174602137884,1.255590038347075,0.3936631338772767,0.24294664716371184,291.2869994251724,-155.2769257790672,TRACK
1.096,162.44971587345879,-531.7383450112976,0.8787619311419527,0.2751418225591405,0.7326749773024521,0.20683541676701309,0.7613103913610616,163.0,-531.000000000002,0.9208506804190755,164.2177842662969,-526.2174602137884,1.2608657933793619,0.3821038622374092,0.2386896086389384,260.88083298170375,-128.2816522325694,TRACK
1.148,162.48816100275715,-531.7270787552103,0.8988393120615055,0.2786423149951171,0.7350040286009867,0.21027359071699425,0.7644906180017502,163.0,-531.000000000002,0.889169655000522,164.2177842662969,-526.2174602137884,1.2666110780383926,0.3677717659768871,0.23550938199824978,260.88083298170375,-128.2816522325694,TRACK
1.196,162.52351980302106,-531.7165159723933,0.9203316419397045,0.2827348044120978,0.7355772038482973,0.21369812534024307,0.7659900205585016,163.0,-531.000000000002,0.8604815609906041,164.2177842662969,-526.2174602137884,1.2719241112641908,0.3515924693244863,0.23400997944149837,259.82085224719856,-130.6929322273406,TRACK
1.248,162.56162760704473,-531.7049580390063,0.9399575608463874,0.2868441380845628,0.7346200172760791,0.2166975638832488,0.7659140969949838,163.0,-531.000000000002,0.8301422719402349,164.2177842662969,-526.2174602137884,1.2776839955910393,0.3377264347446519,0.2340859030050162,259.82085224719856,-130.6929322273406,TRACK
1.296,162.5966267101662,-531.6941769047764,0.9610158024024911,0.29102402237554426,0.7327048048234613,0.2194658536170403,0.7648670419852347,163.0,-531.000000000002,0.8028646125428053,164.2177842662969,-526.2174602137884,1.2830049891075452,0.32198918670505416,0.2351329580147653,237.67941151285402,-106.16489600519128,TRACK
1.348,162.63438490827525,-531.6822407661224,0.9802264271206887,0.29631347198445657,0.7303998411769996,0.2229921996379539,0.7636815102454422,163.0,-531.000000000002,0.7740328534715892,164.2177842662969,-526.2174602137884,1.2887730388452594,0.30854661172457065,0.23631848975455783,237.67941151285402,-106.16489600519128,TRACK
1.396,162.66917946431198,-531.6708097616482,1.0007109210869745,0.30369639091779843,0.7284702011995341,0.22829600405543055,0.7634054620602126,163.0,-531.000000000002,0.747949171503463,164.2177842662969,-526.2174602137884,1.2941071443389325,0.293396223251958,0.23659453793978735,223.74376011995503,-89.02411266757771,TRACK
1.444,162.70693640952052,-531.6577438201496,1.0193149772375958,0.31404990103856256,0.7276389158371941,0.2363362396462863,0.7650576514295339,163.0,-531.000000000002,0.7200786075193253,164.2177842662969,-526.2174602137884,1.299907844375532,0.2805928671379363,0.23494234857046614,223.74376011995503,-89.02411266757771,TRACK
1.496,162.74193489489244,-531.6448501793542,1.0390963868569139,0.3278116368833134,0.7281625844643893,0.24763468656965024,0.7691187732764737,163.0,-531.000000000002,0.6945713442726194,164.2177842662969,-526.2174602137884,1.3052900700841608,0.2661936832272469,0.2308812267235263,208.1753959181326,-75.91932764494898,TRACK
1.548,162.7800225125055,-531.6298509922292,1.0570078887497714,0.34463240144562707,0.7296646446051309,0.26191861345776907,0.77524954283274,163.0,-531.000000000002,0.6671599264148868,164.2177842662969,-526.2174602137884,1.311150223726332,0.2541423349765606,0.22475045716726005,208.1753959181326,-75.91932764494898,TRACK
1.596,162.81527476481136,-531.6150541177127,1.0760077007554207,0.36342859404655936,0.7313296920569463,0.27814097543030175,0.782435633581081,163.0,-531.000000000002,0.6421954377199598,164.2177842662969,-526.2174602137884,1.3165783683019394,0.24057066754651868,0.21756436641891896,190.10747023690732,-67.81131136085736,TRACK
1.648,162.8533948067624,-531.5981592044479,1.0931755299965922,0.3825432151950703,0.7319415052766542,0.2945073963886845,0.7889695644790717,163.0,-531.000000000002,0.6158632287672141,164.2177842662969,-526.2174602137884,1.3224595155539667,0.2292839855573745,0.21103043552092826,190.10747023690732,-67.81131136085736,TRACK
1.696,162.88832662896735,-531.5820009262271,1.1113527902157811,0.4004777843350922,0.7304731820076094,0.3092505863460823,0.7932382963446216,163.0,-531.000000000002,0.5926179375657176,164.2177842662969,-526.2174602137884,1.327867465126089,0.21651467491030796,0.20676170365537838,173.43494685392182,-60.367951590094705,TRACK
1.748,162.9256929128308,-531.564195848319,1.12774866724327,0.41597978787389567,0.7263114020013334,0.32085475166077226,0.7940252038445873,163.0,-531.000000000002,0.569068096506556,164.2177842662969,-526.2174602137884,1.3336824847085877,0.2059338174653178,0.2059747961554127,173.43494685392182,-60.367951590094705,TRACK
1.796,162.95960193396127,-531.5477243042258,1.1450806852507316,0.4285621605068541,0.7193556903771018,0.32866059759226274,0.7908795089567184,163.0,-531.000000000002,0.5492120876100859,164.2177842662969,-526.2174602137884,1.3389942612197925,0.1939135759690609,0.20912049104328156,162.965081509414,-48.18195975007417,TRACK
1.848,162.99565295702087,-531.5300058779642,1.1645300816935553,0.4382980372089619,0.7102323154924159,0.33288802673407286,0.7843751527889085,163.0,-531.000000000002,0.5300237046180867,164.2177842662969,-526.2174602137884,1.34468399484017,0.18015391314661477,0.21562484721109154,162.965081509414,-48.18195975007417,TRACK
1.896,163.02829285398565,-531.5138069198623,1.1771645464819103,0.4459651174483608,0.699650253771602,0.33449462020336795,0.7754979874555848,163.0,-531.000000000002,0.5145853053507636,164.2177842662969,-526.2174602137884,1.3498748757140075,0.17271032923209728,0.22450201254441515,150.8085461607459,-23.148675771680196,TRACK
1.948,163.0630660988488,-531.4963280072881,1.1919592988642105,0.4527371231440083,0.6888233515304094,0.3350680300741461,0.7659949049382475,163.0,-531.000000000002,0.5003187220567721,164.2177842662969,-526.2174602137884,1.3554448031094917,0.1634855042452812,0.2340050950617525,150.8085461607459,-23.148675771680196,TRACK
1.996,163.09467583869431,-531.4800587152797,1.2098435548802082,0.4604731782295937,0.6782228648683586,0.3364244737758201,0.7570783849678852,163.0,-531.000000000002,0.48930551248326787,164.2177842662969,-526.2174602137884,1.3605372711442227,0.1506937162640145,0.24292161503211485,161.83876460835594,-19.51590847921679,TRACK
2.048,163.12855622345438,-531.4620259600322,1.221432906470981,0.4703314905319481,0.6688859134341164,0.34005022212036295,0.7503615920039488,163.0,-531.000000000002,0.47957761658632325,164.2177842662969,-526.2174602137884,1.3660204802901326,0.14458757381915155,0.2496384079960512,161.83876460835594,-19.51590847921679,TRACK
2.096,163.15960420747237,-531.4447675987791,1.2361505153662773,0.48316474554811994,0.6611673938633382,0.34687486184864236,0.7466354481877707,163.0,-531.000000000002,0.4725375328635647,164.2177842662969,-526.2174602137884,1.3710623424173307,0.13491182705105342,0.2533645518122293,151.24988487215342,-1.5843536899272408,TRACK
2.148,163.1930906135485,-531.425218764704,1.2493787291725464,0.4989865082599998,0.6551480776773752,0.3570473510914923,0.7461245302265643,163.0,-531.000000000002,0.46700640562546,164.2177842662969,-526.2174602137884,1.3765152959956364,0.12713656682308994,0.25387546977343567,151.24988487215342,-1.5843536899272408,TRACK
2.196,163.2237858269707,-531.4062622690641,1.2653959206040541,0.5180637442200241,0.649665515027211,0.3703052255840385,0.7477909076141652,163.0,-531.000000000002,0.4638201457638472,164.2177842662969,-526.2174602137884,1.3815233066951413,0.11612738609108719,0.2522090923858348,141.53932832167882,4.815255545790166,TRACK
2.248,163.2568058574358,-531.3847769631817,1.2757605629693995,0.5388109481629346,0.6445327898213141,0.38531103237640907,0.7509241698239713,163.0,-531.000000000002,0.4626041069933367,164.2177842662969,-526.2174602137884,1.3869244825720641,0.11116391960266458,0.24907583017602875,141.53932832167882,4.815255545790166,TRACK
2.296,163.2869281093223,-531.3641304222909,1.2888624297419669,0.5607163892076072,0.6385877333895547,0.40099986503983537,0.7540525081170244,163.0,-531.000000000002,0.46359325313852523,164.2177842662969,-526.2174602137884,1.3918649748772287,0.10300254513526186,0.2459474918829756,130.8351771495364,8.428064736754884,TRACK
2.348,163.31910630295096,-531.3410402044466,1.3005944015348199,0.5824519398895424,0.6316660222806805,0.416064840074441,0.7563808001595937,163.0,-531.000000000002,0.46705166055865877,164.2177842662969,-526.2174602137884,1.3971621877655578,0.09656778623073792,0.24361919984040625,130.8351771495364,8.428064736754884,TRACK
2.396,163.3483365323743,-531.3191977739959,1.3129122721965745,0.6032690894909154,0.6237200040276877,0.4297098680843545,0.757414823035153,163.0,-531.000000000002,0.4724675213273507,164.2177842662969,-526.2174602137884,1.4019961628544038,0.08908389065782929,0.24258517696484705,122.71588702750346,13.338386977314926,TRACK
2.448,163.37949598419965,-531.2950935853146,1.323933521089842,0.6225726535240149,0.6151450822116701,0.44155114576391086,0.7572125768201587,163.0,-531.000000000002,0.48072593659617757,164.2177842662969,-526.2174602137884,1.4071779172726955,0.08324439618285351,0.24278742317984126,122.71588702750346,13.338386977314926,TRACK
2.492,163.40779365302538,-531.272508759534,1.3372426615602304,0.6403826017022242,0.6061814719585279,0.45168926606298665,0.7559624131015557,163.0,-531.000000000002,0.4904657862373827,164.2177842662969,-526.2174602137884,1.411912920643887,0.07467025908365654,0.24403758689844435,117.78900219853969,20.27817055752535,TRACK
2.544,163.4379958002587,-531.2477071657504,1.3458344571194623,0.6568190764065107,0.5973016400742699,0.46053182725396924,0.7542272954151769,163.0,-531.000000000002,0.503188991341568,164.2177842662969,-526.2174602137884,1.4170005768086475,0.07116611968918529,0.24577270458482314,117.78900219853969,20.27817055752535,TRACK
2.596,163.46546531132736,-531.224493995143,1.3566727506966567,0.6724291288271897,0.5885445842572498,0.4686083900606427,0.7523154596934496,163.0,-531.000000000002,0.5167741381913664,164.2177842662969,-526.2174602137884,1.4216595204036284,0.0649867697069717,0.2476845403065504,114.38756221176725,27.38554707483125,TRACK
2.644,163.49480616933616,-531.1989729208624,1.366356219048825,0.6875786587554275,0.5800405240571729,0.47637191504358023,0.7505845795050733,163.0,-531.000000000002,0.5333135742214131,164.2177842662969,-526.2174602137884,1.4266703907703135,0.06031417172148856,0.2494154204949267,114.38756221176725,27.38554707483125,TRACK
2.696,163.52148132248698,-531.1750469247437,1.3780336804824964,0.702764056813998,0.5715326656952184,0.4841021331437875,0.7490023119263703,163.0,-531.000000000002,0.5500765360968196,164.2177842662969,-526.2174602137884,1.4312571066800632,0.053223426197566814,0.25099768807362965,111.0505675770595,33.19093342127084,TRACK
2.748,163.54991957244692,-531.1487269311766,1.3855635631245045,0.7181011805674692,0.5629075305092315,0.49182018939884625,0.7474971482248735,163.0,-531.000000000002,0.5696764311579092,164.2177842662969,-526.2174602137884,1.4361806910625048,0.05061712793800033,0.25250285177512655,111.0505675770595,33.19093342127084,TRACK
2.796,163.57570809519447,-531.1240762574096,1.3964858202450765,0.7337016066447983,0.5539312065318635,0.4994276193272612,0.7458335796387433,163.0,-531.000000000002,0.5889267598986352,164.2177842662969,-526.2174602137884,1.4406764305997652,0.04419061035468874,0.2541664203612567,107.8202181453192,37.971060385066195,TRACK
2.848,163.60313078147885,-531.0970172052156,1.403526372830604,0.7493900244137665,0.5446310573136641,0.5067561884837147,0.743925280627794,163.0,-531.000000000002,0.6108838495775935,164.2177842662969,-526.2174602137884,1.445491273691448,0.041964900860844034,0.25607471937220605,107.8202181453192,37.971060385066195,TRACK
2.896,163.6279585786781,-531.0717347157139,1.4137364670919936,0.765088771746505,0.5350462084983164,0.5137430084643531,0.7417589392615557,163.0,-531.000000000002,0.6320425982271017,164.2177842662969,-526.2174602137884,1.4498825962179154,0.036146129125921744,0.25824106073844433,105.433342714157,42.70313691522203,TRACK
2.944,163.6543544481203,-531.0440185988389,1.4203164303606308,0.7806552358908121,0.5254445413849445,0.5204837421605681,0.7395913006010166,163.0,-531.000000000002,0.655833348357936,164.2177842662969,-526.2174602137884,1.4545869729825374,0.03427054262190654,0.26040869939898337,105.433342714157,42.70313691522203,TRACK
2.996,163.67828072564893,-531.0181108775383,1.4286064354036743,0.7961562080321839,0.5160013922131454,0.5272249002208154,0.7377150752009566,163.0,-531.000000000002,0.6785224732254461,164.2177842662969,-526.2174602137884,1.4588845457340094,0.030278110330335117,0.2622849247990434,103.75730344783409,47.286825708498355,TRACK
3.048,163.70377149310582,-530.9896397895426,1.436003618654819,0.8116622470204983,0.5069733782060541,0.5343285081917826,0.7365656527941787,163.00069562863789,-530.9721061721333,0.70329446104515,164.2177842662969,-526.2174602137884,1.4634997101236136,0.027496091468794503,0.26343434720582126,103.75730344783409,47.286825708498355,TRACK
3.096,163.72693029154595,-530.9629215810173,1.44374631081196,0.827404664288731,0.4983989344599252,0.5421338008213976,0.7364173788442555,163.00137591912696,-530.9448273846176,0.7257799578933528,164.2177842662969,-526.2174602137884,1.4677263569446455,0.023980046132685562,0.2635826211557445,101.67784474542297,50.50612408676214,TRACK
3.148,163.75164797824675,-530.933438498418,1.4523491985132049,0.8434435433432225,0.490328352500465,0.5508307957215908,0.7374526824014549,163.00212608732497,-530.9147465894229,0.7497549282484576,164.2177842662969,-526.2174602137884,1.4722744318084762,0.019925233295271294,0.2625473175985451,101.67784474542297,50.50612408676214,TRACK
3.196,163.77410822452882,-530.9056835147442,1.4578875082162057,0.8599872947515333,0.48248605826536345,0.5604201065074828,0.7395021921524682,163.0028317831241,-530.8864490811306,0.771516242539563,164.2177842662969,-526.2174602137884,1.4764410538431394,0.018553545626933676,0.26049780784753185,94.85904868021625,54.99092224870235,TRACK
3.248,163.79803581032604,-530.8750344650202,1.4643324570726797,0.8768898605828653,0.47466699612303725,0.5705647500640351,0.7421946451060546,163.00361051957526,-530.8552227351455,0.7946722892017131,164.2177842662969,-526.2174602137884,1.480917443145031,0.01658498607235126,0.2578053548939454,94.85904868021625,54.99092224870235,TRACK
3.296,163.81972539306415,-530.846247703358,1.471057116784016,0.893885526081379,0.4666867549453243,0.5807705579952951,0.7450442726949611,163.00434145132047,-530.825913297359,0.8156374565459755,164.2177842662969,-526.2174602137884,1.4850110232737117,0.013953906489695633,0.2549557273050389,96.86822306905168,48.55282357106578,TRACK
3.348,163.8427606479189,-530.814619841856,1.4770505319751288,0.9105912686631538,0.45839137531381513,0.5903806997295531,0.747443659131073,163.00514402802278,-530.793730987479,0.8378770471634812,164.2177842662969,-526.2174602137884,1.4893993237719034,0.012348791796774616,0.252556340868927,96.86822306905168,48.55282357106578,TRACK
3.396,163.86361548647145,-530.7851231308781,1.4833502350427998,0.9263338233094716,0.4500209250662327,0.5988276390382357,0.7490750124477357,163.0058921349678,-530.7637328459198,0.857990030248155,164.2177842662969,-526.2174602137884,1.493412868468958,0.010062633426158207,0.25092498755226433,91.5427811454393,50.864225194827725,TRACK
3.448,163.8857626887543,-530.7529569313187,1.488990104995421,0.9408756032427638,0.4415813089661914,0.6057412316397499,0.749610893822079,163.0067075766791,-530.7310346654642,0.8793284231763189,164.46709118367755,-525.7856479662065,1.4542954012754459,-0.034694703719975184,0.250389106177921,91.5427811454393,50.864225194827725,TRACK
3.496,163.90578959497697,-530.7231548278241,1.4949046037580564,0.9542398286648979,0.433057375368209,0.6110388052139857,0.7489373217019812,163.0074627803118,-530.700751955712,0.8986061176206819,164.46709118367755,-525.7856479662065,1.4576011039253636,-0.03730349983269288,0.25106267829801876,0.9737944922464408,141.93303199571315,TRACK
3.548,163.92672651275154,-530.6907787949176,1.4999628309624224,0.9690237138312169,0.42240885593360566,0.6150908294908092,0.7461675214687579,163.0082826994481,-530.6678742361805,0.9187293709282977,164.46709118367755,-525.7856479662065,1.46107560184892,-0.03888722911350251,0.25383247853124213,0.9737944922464408,141.93303199571315,TRACK
3.596,163.94538093921562,-530.6608261371805,1.5052556021537957,0.9845370480326902,0.41058761599077154,0.6182138351688047,0.7421391624211104,163.00904080228537,-530.6374752719958,0.936631258784077,164.46709118367755,-525.7856479662065,1.464188470851889,-0.041067131301906645,0.25786083757888956,63.48425502445964,84.29381476562521,TRACK
3.648,163.96517808768525,-530.628288492598,1.5083120649165476,0.9982983067162494,0.40013198817029616,0.6208423698571548,0.7386141456585855,163.0098640408487,-530.6044644476415,0.955611067956684,164.46709118367755,-525.7856479662065,1.4675205675403102,-0.04079149737623733,0.2613858543414145,63.48425502445964,84.29381476562521,TRACK
3.692,163.9830711666801,-530.5981116836901,1.5120245499437412,1.0112583899297887,0.39055615998154275,0.6235867720270196,0.7357952000024236,163.01062725698532,-530.5738604466242,0.9727462567400182,164.46709118367755,-525.7856479662065,1.4705570671098118,-0.041467482833929425,0.2642047999975764,68.79342950010414,85.3614276387872,TRACK
3.748,164.00200577935246,-530.5651794318936,1.5159721728685942,1.0244038992557434,0.38130601235961403,0.6269907889095516,0.733833580888073,163.01145979422174,-530.5404767572502,0.9908539603761664,164.46709118367755,-525.7856479662065,1.4737939828577793,-0.04217819001081491,0.26616641911192696,68.79342950010414,85.3614276387872,TRACK
3.796,164.01902271624016,-530.5344899864873,1.5184255272551925,1.0384072626078356,0.3719307395065599,0.6313212188789876,0.7327338919394593,163.01559680277398,-530.4592936097465,1.0062395633696621,164.46709118367755,-525.7856479662065,1.4767216290603349,-0.04170389819485765,0.26726610806054074,69.31394879163335,86.20586701218235,TRACK
3.848,164.03694835008346,-530.5008874784553,1.521189534717676,1.0532182971365192,0.3624082853938152,0.6365295194098293,0.7324681524832279,163.01820100700684,-530.4245429192949,1.0216039549351181,164.46709118367755,-525.7856479662065,1.4798241575518563,-0.04136537716581978,0.26753184751677206,69.31394879163335,86.20586701218235,TRACK
3.896,164.05305440851328,-530.4695295662125,1.5243848964212157,1.06832631854239,0.35300539489003085,0.6423956310535518,0.7329972412077399,163.02062777984116,-530.392159886314,1.0353215978423644,164.46709118367755,-525.7856479662065,1.4826294112167806,-0.04175548520443506,0.2670027587922601,72.50947468244122,82.17082899261861,TRACK
3.948,164.0700734256588,-530.4352080197705,1.5269539559865244,1.0831202900104833,0.34400458361948516,0.6485675689291452,0.7341519223007436,163.02328050455134,-530.3567617350884,1.0497281739865296,164.46709118367755,-525.7856479662065,1.4856147080663764,-0.04133924792014798,0.26584807769925645,72.50947468244122,82.17082899261861,TRACK
3.996,164.08545762829712,-530.4032354200253,1.5291798611199598,1.0969031400595235,0.3357794569238228,0.6547024596121943,0.7357874382689027,163.0257490533284,-530.3238212408922,1.0626800439029598,164.46709118367755,-525.7856479662065,1.4883359150667614,-0.04084394605319841,0.2642125617310973,70.12057584067098,82.22654694600847,TRACK
4.048,164.1018221741851,-530.3683328004677,1.5314346041542921,1.1093755301964194,0.32840262893872574,0.6604780765399365,0.7376174999847553,163.02844142531399,-530.287894033544,1.0763905551756217,164.46709118367755,-525.7856479662065,1.491258146055838,-0.04017645809845405,0.26238250001524466,70.12057584067098,82.22654694600847,TRACK
4.096,164.11667036794353,-530.3359120246917,1.5333745981779374,1.120608634856563,0.3217297882987913,0.6657122397844214,0.739380039545007,163.03094037928855,-530.2545478101841,1.0887744227649536,164.46709118367755,-525.7856479662065,1.4939369362165695,-0.03943766196136789,0.260619960454993,71.05675920377683,78.6169959118568,TRACK
4.148,164.1324900571326,-530.3006135427089,1.5349450401951614,1.13074824435225,0.3156030396283552,0.6702988922822258,0.7408818283757782,163.03365920859102,-530.2182675544775,1.101912018032482,164.7376122568391,-525.3667994193652,1.4487578609618208,-0.08618717923334063,0.2591181716242218,71.05675920377683,78.6169959118568,TRACK
4.196,164.1468421101918,-530.2678972055849,1.5370952187878124,1.1401020931593244,0.30979236264852356,0.6742509048462608,0.7420145488070674,163.0361774173913,-530.1846643933247,1.1137790449054137,164.7376122568391,-525.3667994193652,1.4508367456575586,-0.08625847313025381,0.2579854511929326,-26.41805893201682,174.53251708452365,TRACK
4.248,164.16161041255828,-530.2323177037523,1.5382083974914749,1.1531277314976176,0.3007670708804243,0.6777405043307501,0.741480291131524,163.03891131705032,-530.1481830376854,1.1258471926014517,164.7376122568391,-525.3667994193652,1.4529602921684035,-0.08524810532307137,0.258519708868476,-26.41805893201682,174.53251708452365,TRACK
4.296,164.17460552688772,-530.1993699447082,1.539004094944426,1.167775260015112,0.29025463805779034,0.6807754041780519,0.7400695277119906,163.04143919373206,-530.11445086762,1.1363437808387704,164.7376122568391,-525.3667994193652,1.4548166279326826,-0.08418746701174329,0.25993047228800936,43.201150620979924,106.07002588551984,TRACK
4.348,164.1884567527353,-530.1635870829425,1.5389742331161969,1.1795445365337482,0.28189491948094675,0.6833501976772447,0.7392105507192784,163.0441831265102,-530.0778356293101,1.1474822192410683,164.7376122568391,-525.3667994193652,1.456808581359164,-0.08216565175703283,0.26078944928072156,43.201150620979924,106.07002588551984,TRACK
4.396,164.20090297877877,-530.1304811436585,1.5389348595923715,1.1905975719023911,0.27398542922955094,0.6855751024363455,0.738296171269164,163.04671972564836,-530.043987066153,1.157419633171228,164.7376122568391,-525.3667994193652,1.4586025480482308,-0.08033231154414078,0.261703828730836,49.42536345900352,102.68488982021161,TRACK
4.448,164.21394998090784,-530.094538246467,1.5386734961224968,1.2017667878637863,0.2659068894833372,0.6875471630648055,0.7371754033560574,163.0565624300936,-529.9494987692688,1.1664400510637947,164.7376122568391,-525.3667994193652,1.4604822030646505,-0.07819129305784633,0.26282459664394264,49.42536345900352,102.68488982021161,TRACK
4.496,164.2255708413273,-530.0612953050063,1.538287636380333,1.2131878634275315,0.25757491872280186,0.6893021041429511,0.735854761166195,163.06084357522707,-529.9153360421518,1.1738371738918363,164.7376122568391,-525.3667994193652,1.4621530903215851,-0.07613454605874792,0.26414523883380503,53.51114201070661,99.73764102857231,TRACK
4.548,164.23771764391896,-530.0252204001666,1.5375486871483894,1.224635977321142,0.24918102230588887,0.6908582271906691,0.7344224070345635,163.06548225609703,-529.8783202475917,1.1814040203455276,164.7376122568391,-525.3667994193652,1.4638955263075322,-0.07365316084085727,0.2655775929654365,53.51114201070661,99.73764102857231,TRACK
4.596,164.24858334385655,-529.9918664633387,1.5368868156862479,1.2355320525243998,0.24119672654380342,0.6922636370439912,0.7330789889696887,163.06976541988877,-529.8441414119642,1.1880380417610081,164.7376122568391,-525.3667994193652,1.4654532852315458,-0.07143353045470202,0.2669210110303113,57.90356053079633,97.3629830433933,TRACK
4.648,164.26007509778069,-529.9556646743212,1.536269052318002,1.2452698711863512,0.23412621597359923,0.6936372516969329,0.7320845046494228,163.0744096276223,-529.80708151408,1.194939145995807,164.7376122568391,-525.3667994193652,1.46710523185363,-0.06916382046437208,0.26791549535057724,57.90356053079633,97.3629830433933,TRACK
4.696,164.27048840966594,-529.9221685065876,1.5353468131684316,1.253701063214581,0.22811243954618438,0.695107103326984,0.7315799137287341,163.07870334514496,-529.7728184616789,1.2011066047314554,164.7376122568391,-525.3667994193652,1.468609919231817,-0.06673689393661464,0.2684200862712659,60.979765972950894,95.50312234981249,TRACK
4.748,164.28162695321353,-529.8857730388117,1.5344885283881733,1.2607399241895056,0.22324405189070984,0.6967891118075706,0.7316781895329155,163.08336598759996,-529.7356114582094,1.2076331570481829,165.02867492776977,-524.9619558967465,1.4202233754654923,-0.11426515292268102,0.2683218104670845,60.979765972950894,95.50312234981249,TRACK
4.796,164.29180231049722,-529.8520566513222,1.5335372071985283,1.2666851325260535,0.2193039472558353,0.6987615814529791,0.7323673729738774,163.08768319644858,-529.7011609494778,1.2135371249584415,165.02867492776977,-524.9619558967465,1.4212349632886523,-0.11230224390987598,0.26763262702612256,-39.073207943281275,194.9409716576427,TRACK
4.848,164.3022000370592,-529.8153678221064,1.5323187108295921,1.2764757068517671,0.2125322637296888,0.7011390707430272,0.7326431325334741,163.09237057942053,-529.66375652137,1.2192921319689,165.02867492776977,-524.9619558967465,1.4222160888541298,-0.11010262197546239,0.26735686746652587,-39.073207943281275,194.9409716576427,TRACK
4.896,164.31129301800652,-529.7813500235129,1.5298258886212246,1.2880792229240903,0.20444895749847142,0.7037868440604369,0.7328815034470181,163.09670824097216,-529.6291428039432,1.2240846450686147,165.02867492776977,-524.9619558967465,1.423028198821627,-0.1067976897995977,0.2671184965529819,34.684394679428706,120.0969885504176,TRACK
4.948,164.3210519915176,-529.7443650356054,1.5271733836062993,1.2967567347391395,0.19857722100629643,0.7063988672477589,0.733779443941775,163.10142228762928,-529.5915256046792,1.229169030789734,165.02867492776977,-524.9619558967465,1.4238984661143332,-0.10327491749196605,0.26622055605822503,34.684394679428706,120.0969885504176,TRACK
4.996,164.32980323356335,-529.710118491296,1.524588725589588,1.3051258346577572,0.1928863335709991,0.708873649299879,0.7346475266072775,163.10578288778257,-529.5567288415567,1.2335940140631636,165.02867492776977,-524.9619558967465,1.4246578070819038,-0.09993091850768421,0.2653524733927225,42.161482771798475,112.04670940978916,TRACK
5.048,164.33891011427136,-529.6729322144216,1.5223644815170339,1.3140628040408915,0.18667242927886557,0.7110601202381497,0.7351551471940906,163.12076157067185,-529.4581397596746,1.2369404484007516,165.02867492776977,-524.9619558967465,1.4254128225764817,-0.09695165894055213,0.2648448528059094,42.161482771798475,112.04670940978916,TRACK
5.096,164.3469318866238,-529.638558783303,1.5193981320800607,1.323677222081786,0.1798291691011056,0.7128286800615333,0.735162061846136,163.12688165962436,-529.4234310104638,1.2388714683324178,165.02867492776977,-524.9619558967465,1.4260385909462736,-0.09335954113378708,0.264837938153864,44.631433383105055,108.83661620148592,TRACK
5.148,164.35521856280377,-529.6013057118479,1.5166123264434064,1.33355006595127,0.17266466497326102,0.7140804691416127,0.7346591066200937,163.13350218390494,-529.3858841514749,1.2405633233105071,165.02867492776977,-524.9619558967465,1.4266414415830586,-0.08997088486034777,0.2653408933799063,44.631433383105055,108.83661620148592,TRACK
5.196,164.36257871587966,-529.5669338043499,1.513085793294235,1.3427354371011164,0.16589981507767676,0.7147807971148514,0.7337808505043926,163.13960206204067,-529.3512900235019,1.2418430400230418,165.02867492776977,-524.9619558967465,1.427145659262295,-0.0859401340319399,0.26621914949560743,50.258958562105775,104.56931585707106,TRACK
5.248,164.37037606321604,-529.529732093909,1.510708486155673,1.3502258779910854,0.16031702533380632,0.7150036460919431,0.7327562777190332,163.14619904800045,-529.3138766569637,1.2430619189087206,165.02867492776977,-524.9619558967465,1.4276638306132483,-0.08304465554242468,0.2672437222809668,50.258958562105775,104.56931585707106,TRACK
5.292,164.37750307475835,-529.4954296124607,1.5076294144443616,1.3557122668199728,0.15617385896297714,0.7148746305204403,0.7317349325986316,163.15228002350503,-529.2793897311391,1.2441240917384309,165.02867492776977,-524.9619558967465,1.428135681700324,-0.0794937327440377,0.26826506740136835,55.097011087474854,101.6311246650851,TRACK
5.348,164.38525034166742,-529.458302569956,1.5047844920170699,1.3589837434152112,0.15365807406001866,0.7145620651585243,0.7308965376080593,163.15886273038606,-529.2420573452808,1.2453066169820168,165.33955556880917,-524.5721239031359,1.3779172473361436,-0.12686724468092625,0.2691034623919407,55.097011087474854,101.6311246650851,TRACK
5.396,164.3924274526204,-529.4240465392005,1.5017191228399942,1.360831023311819,0.15221084883793237,0.7142488999452312,0.7302873636979739,163.16493727303637,-529.2076069019854,1.2464261941780022,165.33955556880917,-524.5721239031359,1.3780138674206952,-0.123705255419299,0.26971263630202613,-45.03257175892709,202.90302911640896,TRACK
5.448,164.39969583547847,-529.386894558263,1.497806242354299,1.3666872581724823,0.14785885944312355,0.7143231951209977,0.7294654682736479,163.17150980451956,-529.1703322236759,1.2471327801819585,165.33955556880917,-524.5721239031359,1.3780170815313821,-0.1197891608229169,0.2705345317263521,-45.03257175892709,202.90302911640896,TRACK
5.496,164.406000299632,-529.352546552399,1.4946273751259802,1.3745775305155628,0.1420783097576229,0.7147642862535738,0.7287484003462127,163.17757376231904,-529.1359418100527,1.2473769967341943,165.33955556880917,-524.5721239031359,1.3779364020882052,-0.11669097303777498,0.2712515996537873,33.74149689195257,124.84068144490385,TRACK
5.548,164.41280947467243,-529.315294328277,1.48945845306229,1.3799752303929356,0.1381818871914121,0.7153329099627084,0.7285570712191985,163.18414958958638,-529.0986484404225,1.247613944272794,165.33955556880917,-524.5721239031359,1.3778418260405356,-0.11161662702175446,0.27144292878080145,33.74149689195257,124.84068144490385,TRACK
5.596,164.41890859364992,-529.2808508369246,1.4852604929374846,1.3854226651089376,0.13429096921860234,0.7161168492534056,0.7285996199548119,163.19022368445138,-529.0642005366439,1.2476393544225677,165.33955556880917,-524.5721239031359,1.3777128250586346,-0.10754766787885006,0.27140038004518807,40.183488066987465,118.77557272987484,TRACK
5.648,164.42520505869803,-529.2434647315483,1.481742015120654,1.3919081907534303,0.1296691832005185,0.7171131997398033,0.7287423675846962,163.21023134942482,-528.9661549108514,1.2462190220342746,165.33955556880917,-524.5721239031359,1.3775039145172914,-0.10423810060336258,0.27125763241530376,40.183488066987465,118.77557272987484,TRACK
5.692,164.43068045705797,-529.2088853221848,1.4771825581549058,1.3995596322310682,0.12420974878829305,0.7182651064402596,0.7289258020016086,163.21800418858953,-528.9320998773593,1.2438624982584592,165.33955556880917,-524.5721239031359,1.3772353506864101,-0.09994720746849572,0.2710741979983914,42.958670102743326,115.48582650267116,TRACK
5.748,164.43630276512357,-529.1713621514766,1.4729645960247317,1.4074422461301512,0.11857879484621556,0.7194321220294284,0.7291388816919224,163.22642292716108,-528.8952149736657,1.2409941523315378,165.33955556880917,-524.5721239031359,1.3768725588571074,-0.09609203716762438,0.2708611183080776,42.958670102743326,115.48582650267116,TRACK
5.796,164.4413035783684,-529.1366852751285,1.4684007724919996,1.4144924005929624,0.11354047989362158,0.7204831026911118,0.7293746237962252,163.23419341164504,-528.8611702567041,1.238153253835845,165.33955556880917,-524.5721239031359,1.3764908982471045,-0.09190987424489516,0.2706253762037748,48.65927012568892,109.60144056859644,TRACK
5.848,164.4466736073194,-529.0991003727864,1.464230964738326,1.419531235762128,0.10994573756262574,0.7212893209743463,0.7296206889609308,163.24261305064948,-528.8242814079562,1.235025217377639,165.33955556880917,-524.5721239031359,1.3760600300137107,-0.08817093472461535,0.2703793110390692,48.65927012568892,109.60144056859644,TRACK
5.896,164.4516936712543,-529.0644094522876,1.4597550792294185,1.4221767585560712,0.1080693622743012,0.72179268727085,0.7298381125017035,163.25038753510657,-528.7902191659673,1.2321999617994626,165.33955556880917,-524.5721239031359,1.3756696141470302,-0.08408546508238834,0.2701618874982965,52.798931033609065,105.29461600827533,TRACK
5.944,164.45727817399563,-529.0268496146889,1.4556991996285003,1.4225332086011608,0.10783308469877553,0.7219718459479276,0.7299803562405713,163.25881235630987,-528.7533076125227,1.2292865992559632,165.66948128170066,-524.1982726222919,1.3248318443151121,-0.1308673553133881,0.27001964375942866,52.798931033609065,105.29461600827533,TRACK
5.996,164.4625537442131,-528.9922062027334,1.451400621919059,1.4215328658742816,0.10855920455654289,0.7218899120414657,0.7300069492828026,163.26658918571295,-528.7192350966541,1.2267210155298747,165.66948128170066,-524.1982726222919,1.3241605425900993,-0.12724007932895964,0.26999305071719737,-47.0420365496046,205.14058341755702,TRACK
6.048,164.46785765418625,-528.9546461019877,1.4472332087455966,1.4246742728281558,0.10626287701180571,0.7220368132309485,0.7298143316567096,163.2750001702941,-528.6823841654121,1.2235340367089733,165.66948128170066,-524.1982726222919,1.3233397560934292,-0.12389345265216734,0.2701856683432904,-47.0420365496046,205.14058341755702,TRACK
6.096,164.47239268504953,-528.9199515500616,1.4420890784302003,1.4303209507058718,0.10213880343576107,0.7223050363947601,0.7294908503665586,163.2827514258727,-528.6484236957895,1.2202351007824002,165.66948128170066,-524.1982726222919,1.3224978138596635,-0.11959126457053681,0.2705091496334414,29.755362997087836,128.84212511569896,TRACK
6.148,164.47732122713197,-528.8823933755513,1.4369457862277042,1.4338165796861795,0.09956310163427598,0.7222936790144412,0.7291234257320592,163.2911434060192,-528.6116560284162,1.216682593955219,165.66948128170066,-524.1982726222919,1.3215765842335485,-0.11536920199415568,0.27087657426794076,29.755362997087836,128.84212511569896,TRACK
6.196,164.48172466705512,-528.8477296512857,1.4313126153283242,1.4375309287116016,0.09682443216859649,0.7222472141290663,0.7287084526626328,163.2988814579876,-528.5777534075896,1.213262226147922,165.66948128170066,-524.1982726222919,1.3206842021722345,-0.11062841315608973,0.27129154733736716,37.27198342508922,122.11328516237191,TRACK
6.244,164.4862323951277,-528.8101630929149,1.4261472885556963,1.4423713186804192,0.09327635832119784,0.722312524372153,0.7283102785808646,163.32315489678103,-528.4829238246992,1.2082362375887608,165.66948128170066,-524.1982726222919,1.319648609277888,-0.1064986792778082,0.2716897214191354,37.27198342508922,122.11328516237191,TRACK
6.296,164.49013242926873,-528.7754617360094,1.4197715883071458,1.4481442164963334,0.08906738185375836,0.7225338682773245,0.7280028772732133,163.332488236614,-528.4497511629849,1.2025919732674069,165.66948128170066,-524.1982726222919,1.3186233328267312,-0.10114825548041462,0.27199712272678667,43.18551767446548,116.85117900412001,TRACK
6.348,164.49415798600842,-528.7378418377597,1.414236847167671,1.453760189165571,0.08498889164517179,0.7228578679844974,0.7278369384760351,163.34259169920162,-528.4138413222892,1.1962780809390248,165.66948128170066,-524.1982726222919,1.3174529414176348,-0.09678390575003615,0.27216306152396486,43.18551767446548,116.85117900412001,TRACK
6.396,164.4977787158755,-528.7030926065366,1.4092282766684106,1.4583854474382913,0.081643934850259,0.7232374251911946,0.7278310966804195,163.35191703246997,-528.3806971175972,1.190351985248698,165.66948128170066,-524.1982726222919,1.316334833703765,-0.09289344296464552,0.27216890331958055,50.14246270040782,110.12471777526495,TRACK
6.448,164.50175616170952,-528.6654360729739,1.4038576458853362,1.4608981154533538,0.07983982768927766,0.7235617638159824,0.7279533117871977,163.36202651737423,-528.3447658723155,1.183981857870684,165.66948128170066,-524.1982726222919,1.315115562616551,-0.0887420832687853,0.2720466882128023,50.14246270040782,110.12471777526495,TRACK
6.496,164.5055834445678,-528.6306753238105,1.399040909394995,1.46098088124551,0.07980315883966956,0.7237789424635918,0.7281651610139727,163.37137000517598,-528.3115571425761,1.1782514755735924,165.66948128170066,-524.1982726222919,1.3140052327233787,-0.08503567667161627,0.27183483898602734,52.20877398025335,107.83760535382854,TRACK
6.548,164.5099469775526,-528.5930214769776,1.3951708511395071,1.4590351217755866,0.08124198679730574,0.7238956662841945,0.7284402488082407,163.38150711085524,-528.2755277272246,1.1722537327235012,166.01763181913816,-523.8413315074039,1.263549545142309,-0.131621305997198,0.27155975119175935,52.20877398025335,107.83760535382854,TRACK
6.592,164.51415433300633,-528.5582638539996,1.3901133586989745,1.455987117819332,0.08348592493502728,0.7239731839657091,0.7287709316127418,163.3908776636631,-528.2422228027351,1.1668900642199276,166.01763181913816,-523.8413315074039,1.262236285407305,-0.12787707329166942,0.27122906838725824,-48.346495383087756,208.07892965526463,TRACK
6.644,164.5183444017549,-528.5205092482142,1.3853141524526429,1.4574873878995696,0.08246823701535957,0.7247001085177702,0.7293773079840704,163.40102831458222,-528.2061452447392,1.1606980508882074,166.01763181913816,-523.8413315074039,1.2607152936221948,-0.12459885883044808,0.2706226920159296,-48.346495383087756,208.07892965526463,TRACK
6.696,164.5219060269888,-528.4855723195622,1.3785744224578707,1.4615959933647606,0.07957453805727256,0.7258035086246838,0.7301526143478018,163.4103982482798,-528.1728425206985,1.1546642235853397,166.01763181913816,-523.8413315074039,1.2592255395383662,-0.1193488829195044,0.26984738565219824,28.26605577461737,130.86388139642295,TRACK
6.748,164.5258423572784,-528.447716010127,1.3723165506313515,1.4635562323023676,0.07821798053264523,0.7265743633425796,0.7307724392348689,163.42055680225775,-528.1367368735617,1.1482004099965304,166.01763181913816,-523.8413315074039,1.2576025882493378,-0.1147139623820137,0.2692275607651311,28.26605577461737,130.86388139642295,TRACK
6.796,164.52938487815217,-528.4127412751582,1.36754192102456,1.4657630814869393,0.07667256871742208,0.7272974453204784,0.7313277355354588,163.42993519133566,-528.1034040973129,1.1421379528928122,166.01763181913816,-523.8413315074039,1.256062207920098,-0.11147971310446203,0.2686722644645412,37.693318339866664,120.57724594313922,TRACK
6.848,164.53305423305713,-528.374812800314,1.3618434361587237,1.4687732641561764,0.07453475075738317,0.7280311509096093,0.7318365840576949,163.45738864208033,-528.0134083823001,1.1347553114973337,166.01763181913816,-523.8413315074039,1.254332327138883,-0.10751110901984062,0.2681634159423051,37.693318339866664,120.57724594313922,TRACK
6.896,164.53626534196704,-528.3397649341869,1.3547727241842265,1.4725079542729758,0.07186192379371842,0.7287776052681291,0.7323120468978256,163.46829538495714,-527.9809461116762,1.1266369319632912,166.01763181913816,-523.8413315074039,1.2526736662263502,-0.10209905795787622,0.2676879531021744,37.71375924455653,120.27894135161635,TRACK
6.944,164.53960303416983,-528.3017661491194,1.3502321818774958,1.4762488203766477,0.06917548644624275,0.729466496762755,0.7327391198949328,163.48010585658693,-527.9457940291003,1.1176987159056113,166.01763181913816,-523.8413315074039,1.2508189515651877,-0.09941323031230809,0.2672608801050672,37.71375924455653,120.27894135161635,TRACK
6.996,164.54264703588993,-528.2666799424874,1.3442339658055484,1.4790534672284363,0.06715991206577801,0.7299901462545522,0.7330730300709647,163.49100722423842,-527.9133477570216,1.1094097199576214,166.01763181913816,-523.8413315074039,1.249072488182599,-0.09516147762294946,0.2669269699290353,43.51922171892514,114.19825132517445,TRACK
7.048,164.54604755108792,-528.2286868256043,1.3375126889519449,1.4799208815907712,0.06654202590618677,0.730216497162967,0.7332420977689791,163.5028223570026,-527.878181801284,1.1005328607761624,166.01763181913816,-523.8413315074039,1.247173549574692,-0.0903391393772528,0.2667579022310209,43.51922171892514,114.19825132517445,TRACK
7.096,164.5493653258108,-528.1936471170316,1.332992437884982,1.4786856302735993,0.06744442419341037,0.7301385981655901,0.7332469726401833,163.51373745660877,-527.8456946581191,1.0925181907552823,166.01763181913816,-523.8413315074039,1.2454324938333245,-0.08755994405165746,0.26675302735981665,50.216761384787475,107.56572598418776,TRACK
7.148,164.55321595501502,-528.1557301232871,1.32652230376634,1.4755027737557451,0.0697565722925059,0.7298006236263084,0.7331268168764176,163.5255752643795,-527.8104612136539,1.0840922511526063,166.38314162403026,-523.5021879703237,1.1961372731687587,-0.13038503059758133,0.26687318312358244,50.216761384787475,107.56572598418776,TRACK
7.196,164.55698363809125,-528.1207587618616,1.3214441687386165,1.471294008736397,0.07281446108766586,0.7293699157514086,0.7329955114096567,163.53651536572104,-527.777899656605,1.0765258292171123,166.38314162403026,-523.5021879703237,1.1942664094735091,-0.12717775926510733,0.2670044885903433,-45.59188983307183,203.89057201462407,TRACK
7.248,164.5607592807243,-528.0827586979001,1.317050184579089,1.471458186206724,0.07274237896795517,0.7298601065175767,0.7334761269351349,163.5483706464046,-527.7426142066573,1.068002351037918,166.38314162403026,-523.5021879703237,1.1921443413492878,-0.12490584322980114,0.26652387306486514,-45.59188983307183,203.89057201462407,TRACK
7.296,164.56400439038046,-528.0475747848197,1.3108456068408798,1.474042144485306,0.07094480423858895,0.7309584354472773,0.7343932186505968,163.5593219109797,-527.7100194239321,1.0598728726026012,166.38314162403026,-523.5021879703237,1.190103623100187,-0.1207419837406929,0.2656067813494032,23.853422329546937,134.15677961834345,TRACK
7.344,164.56764254379104,-528.0094383897064,1.3047505960689652,1.4746185726044665,0.0706016937878139,0.7318102578423521,0.7352080335857315,163.57120440429173,-527.6746529797115,1.0511756449776952,166.38314162403026,-523.5021879703237,1.1878825725176858,-0.11686802355127934,0.2647919664142685,23.853422329546937,134.15677961834345,TRACK
7.396,164.5709605297036,-527.9741731958079,1.2970933142664602,1.4754490923079708,0.07008474824115948,0.7328187064404196,0.7361624334649497,163.58218759983674,-527.6419631592835,1.0430893610832424,166.38314162403026,-523.5021879703237,1.1857897598038094,-0.11130355446265083,0.2638375665350503,31.398689991380692,134.15677961834345,TRACK
7.448,164.57444734158932,-527.9358843544256,1.2920336619391468,1.4770396794848404,0.069024012510651,0.7340455146438505,0.7372836169831972,163.59410076587568,-527.6065054223302,1.034200120586818,166.38314162403026,-523.5021879703237,1.1834615625072138,-0.10857209943193302,0.2627163830168028,31.398689991380692,125.09591667083349,TRACK
7.496,164.57755367827454,-527.9004594435094,1.284555225788289,1.4792489478525772,0.06751597979499196,0.7354362266163523,0.7385288423259965,163.6240891896893,-527.5262522070674,1.0242683177755008,166.38314162403026,-523.5021879703237,1.1812521533149931,-0.10330307247329595,0.26147115767400353,35.919772892536756,119.39552128814229,TRACK
7.548,164.580859994178,-527.8620131429095,1.2780843378744322,1.4812712954054552,0.06613943621704077,0.7368067244149663,0.7397692708988527,163.63760555987815,-527.4918130574877,1.0133000696105268,166.38314162403026,-523.5021879703237,1.178805594954225,-0.09927874292020711,0.2602307291011473,35.919772892536756,119.39552128814229,TRACK
7.592,164.5839396924895,-527.826485915211,1.2732004161284922,1.4823437200964649,0.06544676706239674,0.7379770728378157,0.7408734300494183,163.65009894559248,-527.4599804298398,1.0031873261621798,166.38314162403026,-523.5021879703237,1.1765154349725213,-0.0966849811559709,0.2591265699505817,42.008115326594265,111.86722118773355,TRACK
7.648,164.58743289306057,-527.7880009372783,1.265956731921693,1.4816187487922972,0.06605232551113596,0.738718602661099,0.741665749258381,163.66365341367114,-527.4254442084199,0.9923789136118845,166.38314162403026,-523.5021879703237,1.1740279989517928,-0.09192873296990012,0.258334250741619,42.008115326594265,111.86722118773355,TRACK
7.696,164.5908748623392,-527.7525075397467,1.2603182506008888,1.4789926151288104,0.06803170423898867,0.738973115397497,0.7420980919406434,163.67618364798514,-527.3935176920713,0.9826157582445502,166.38314162403026,-523.5021879703237,1.1717427035292691,-0.08857554707161963,0.25790190805935664,43.06364782453679,110.20143271266002,TRACK
7.748,164.594875111912,-527.7141070082893,1.2557818431355041,1.4747935044096199,0.07114536449522973,0.7387976405873912,0.7422153438367164,163.6897770748596,-527.3588822052586,0.97231019606104,166.38314162403026,-523.5021879703237,1.1692875263845266,-0.08649431675097752,0.2577846561632836,43.06364782453679,110.20143271266002,TRACK
7.796,164.59879729565748,-527.6787047385333,1.2498470873805556,1.4697765330607244,0.07484374339941213,0.738360016685907,0.7421435846023665,163.7023404140358,-527.3268713390967,0.96302735244954,166.7651019814115,-523.1816851753206,1.1218792944247291,-0.1279677929558265,0.2578564153976335,43.58776940313623,110.19208391930613,TRACK
7.848,164.60323066360917,-527.6403783855587,1.244507593896455,1.4648274784143889,0.07848840980753848,0.7378998481744516,0.7420624073553348,163.71596642388963,-527.2921528322066,0.953152069237894,166.7651019814115,-523.1816851753206,1.11932858620094,-0.12517900769551504,0.2579375926446652,43.58776940313623,110.19208391930613,TRACK
7.892,164.6074161241516,-527.60499615444,1.23878625797593,1.460704905048799,0.08153644949678919,0.7376303365544548,0.7421231070395131,163.72855808882255,-527.2600697931937,0.9441216240215183,166.7651019814115,-523.1816851753206,1.1169572223262576,-0.12182903564967229,0.2578768929604869,-44.05284688120072,198.4076614329221,TRACK
7.948,164.61155798549584,-527.5664825829638,1.2334106247119714,1.4617435266604069,0.08087660506681904,0.7386856806193505,0.7430999663566183,163.74220886056517,-527.2252881940399,0.9339065863622886,166.7651019814115,-523.1816851753206,1.1142627997616006,-0.1191478249503708,0.25690003364338165,-44.05284688120072,198.4076614329221,TRACK
8.0,164.6151157927052,-527.530782791415,1.2260431867781054,1.465158985042975,0.07851213752846274,0.7404566724453474,0.7446074398689049,163.75482474803042,-527.193143437021,0.9241758572821829,166.7651019814115,-523.1816851753206,1.1116771176227278,-0.11436606915537761,0.2553925601310951,24.17564306382969,129.13897159497506,TRACK
8.048,164.61913321745604,-527.4921015006232,1.2193059311235057,1.4659131863112662,0.07807324829330187,0.7416516789575534,0.7457497200801522,163.76851594976824,-527.1582588239195,0.9137837101181917,166.7651019814115,-523.1816851753206,1.1088649916006292,-0.11044093952287648,0.25425027991984783,24.17564306382969,129.13897159497506,TRACK
8.096,164.62292134479992,-527.456361497595,1.2142505964712653,1.4656626856258237,0.0783693732731143,0.7426777800696656,0.7468012076024163,163.7992091964342,-527.0846884222599,0.9036827863218179,166.7651019814115,-523.1816851753206,1.1062428656543664,-0.10800773081689896,0.2531987923975837,31.992468922651916,119.1795103276884,TRACK
8.148,164.62711310069292,-527.4176082624376,1.2065699097646627,1.4647459884941056,0.0791538342150501,0.743579639835483,0.7477807233733765,163.81444648526374,-527.0509191213608,0.8915648905249424,166.7651019814115,-523.1816851753206,1.1033734956702743,-0.1031964140943884,0.25221927662662347,31.992468922651916,119.1795103276884,TRACK
8.196,164.63105880796218,-527.381802385843,1.200540459302308,1.4634465522557876,0.08022077441141759,0.744411282728853,0.7487212635561942,163.8285372162019,-527.0196908537694,0.8804349305327189,166.7651019814115,-523.1816851753206,1.1006966196232757,-0.09984383967903221,0.25127873644380583,33.63331940776985,116.8661568620717,TRACK
8.248,164.6354334533204,-527.3429806193354,1.194133491468845,1.461740966888926,0.08158823173999898,0.7451676852669883,0.7496209166803052,163.84383113383868,-526.9857960505417,0.8684555534932092,166.7651019814115,-523.1816851753206,1.097769048473545,-0.09636444299530011,0.25037908331969483,33.63331940776985,116.8661568620717,TRACK
8.296,164.63958332879855,-527.3071227159649,1.1891560593645412,1.4595793603936995,0.08329185932593648,0.7458228741673816,0.7504593882824476,163.85797590562444,-526.9544480161292,0.8574902960763245,166.7651019814115,-523.1816851753206,1.0950449335487482,-0.09411112581579295,0.24954061171755237,36.52064416598163,113.19350799366617,TRACK
8.344,164.64423666542692,-527.2682701060079,1.1833516034977514,1.4567799516884747,0.08546024356047238,0.7462928198421961,0.7511700381254778,163.87332852878234,-526.9204231081021,0.8457522622475672,166.7651019814115,-523.1816851753206,1.0920784413459064,-0.091273162151845,0.24882996187452222,36.52064416598163,113.19350799366617,TRACK
8.396,164.64869583094853,-527.2324117052897,1.176257877870271,1.4533789980591898,0.08806390690937643,0.7465578381343874,0.7517339006457228,163.88752580562004,-526.8889587105414,0.8350687199626993,166.7651019814115,-523.1816851753206,1.0893302593274121,-0.08692761854285891,0.24826609935427724,36.54020300550482,112.59883120722469,TRACK
8.448,164.65371235765411,-527.1935801865576,1.1701373678191667,1.4495045636612445,0.09100662308640436,0.746628586253286,0.7521545394772083,163.90293195804932,-526.8548151694627,0.8236704105636361,167.16256327765092,-522.8806199428423,1.0439410603836374,-0.12619630743552923,0.24784546052279166,36.54020300550482,112.59883120722469,TRACK
8.496,164.65851089944226,-527.1577530108519,1.1646034403477565,1.4453532357276224,0.09414367221140688,0.7465484039184265,0.7524609959397224,163.917174936822,-526.8232494860098,0.8133090541767888,167.16256327765092,-522.8806199428423,1.0411432187435674,-0.12346022160418912,0.24753900406027762,-43.20011034816986,192.2129070282649,TRACK
8.548,164.66349509514467,-527.1187899134011,1.1599246206778044,1.4447262528314309,0.09474085801129933,0.747508080004599,0.7534879958226801,163.9326249478582,-526.7890087442736,0.8018271582489979,167.16256327765092,-522.8806199428423,1.0380164082215733,-0.12190821245623118,0.2465120041773199,-43.20011034816986,192.2129070282649,TRACK
8.592,164.66800988343832,-527.0827287158841,1.1532262493035714,1.4452599862351052,0.0945018890151916,0.7488264838979894,0.7547659968589374,163.94690766029555,-526.7573550019741,0.7911109087384499,167.16256327765092,-522.8806199428423,1.0350640383425154,-0.11816221096105606,0.24523400314106258,16.05884377954323,192.2129070282649,TRACK
8.648,164.67314658814107,-527.0437091602633,1.1467726315980777,1.4433822503730926,0.09600020182069036,0.7493688389038707,0.7554930148384885,163.96240463494635,-526.7230101781763,0.7797448051399237,167.16256327765092,-522.8806199428423,1.0318682926043712,-0.11490433899370656,0.24450698516151148,16.05884377954323,132.17195914365644,TRACK
8.696,164.6780412631516,-527.0077042814482,1.1397278083710662,1.4406829212908174,0.09809046980202196,0.7496253199809981,0.7560157806703477,163.9767304945599,-526.6912608119119,0.7693979877507611,167.16256327765092,-522.8806199428423,1.0289044692011724,-0.11082333916989384,0.2439842193296523,23.31923330518076,123.59541043441722,TRACK
8.748,164.68343175456263,-526.9686807391519,1.1332841681129526,1.4381762672641112,0.10004095909933622,0.7499149157517173,0.7565583747236034,164.00972637543796,-526.6232921440426,0.7570813823447778,167.16256327765092,-522.8806199428423,1.025660718000209,-0.10762345011274355,0.24344162527639657,23.31923330518076,123.59541043441722,TRACK
8.796,164.68843211537114,-526.932615689164,1.1253442378633114,1.4363706985673945,0.10148758764328131,0.7504190180669292,0.757250574857614,164.0254083837334,-526.5927032551976,0.7450778022996963,167.16256327765092,-522.8806199428423,1.0226222790515163,-0.10272195881179513,0.24274942514238596,27.860899902851983,119.07077134159336,TRACK
8.844,164.69387788785406,-526.8934937904464,1.120074419448923,1.4350079629078483,0.10262116983390643,0.751092833880885,0.758070939691859,164.04242408057345,-526.5595129106031,0.7320760145786318,167.16256327765092,-522.8806199428423,1.0192815160671185,-0.10079290338180447,0.241929060308141,27.860899902851983,119.07077134159336,TRACK
8.896,164.69895808310454,-526.8573424914268,1.1133419371043964,1.4336669405672533,0.10374685076016281,0.7518135640404432,0.7589381029556002,164.05815771909812,-526.5288233132702,0.7201041292253987,167.16256327765092,-522.8806199428423,1.0161571999708965,-0.09718473713349995,0.24106189704439984,30.609020787858128,115.3898901256419,TRACK
8.944,164.7045949126353,-526.8181746104179,1.1071656352598767,1.4316320441519765,0.10537565175872668,0.7523087849553799,0.7596529048878945,164.0752318476757,-526.495518993355,0.7072513801737191,167.16256327765092,-522.8806199428423,1.0127456815169324,-0.09441995374294421,0.2403470951121055,30.609020787858128,115.3898901256419,TRACK
8.996,164.7099887530241,-526.7820517733684,1.1005247742726079,1.428457672460356,0.10782425981164875,0.7523963970407122,0.760083159452816,164.09101920990952,-526.4647246040506,0.6955715834410622,167.16256327765092,-522.8806199428423,1.0095877292824265,-0.0909370449901814,0.23991684054718398,33.16248423587935,112.05611375195177,TRACK
9.048,164.7161091665647,-526.7429939193462,1.0930777491531685,1.4238724473748627,0.1112808600162266,0.7519470601488945,0.7601367055158671,164.1081493183931,-526.4313110912891,0.6831993576508397,167.5745373613412,-522.599740768493,0.9668814500281918,-0.12619629912497665,0.2398632944841329,33.16248423587935,112.05611375195177,TRACK
9.096,164.72203735004524,-526.7070268073758,1.0871854273830277,1.4181255766701495,0.1155588968894461,0.7510257805477727,0.7598641863502299,164.12398467291834,-526.4004230895569,0.6720661012125483,167.5745373613412,-522.599740768493,0.9637728491665183,-0.12341257821650942,0.2401358136497701,-41.6967652285735,187.3309357482105,TRACK
9.148,164.7284325988648,-526.6679834869575,1.0805794228136603,1.4147325657191685,0.118158226955936,0.7509583370944284,0.7601972051047015,164.1411660821712,-526.3669095109428,0.6599450739741272,167.5745373613412,-522.599740768493,0.9603451146532667,-0.1202343081603936,0.23980279489529854,-41.6967652285735,187.3309357482105,TRACK
9.196,164.73434077073964,-526.6318814569343,1.0752061880533028,1.412576384056392,0.11988326744203712,0.7513668880308655,0.7608706843096047,164.1570520442651,-526.335922795496,0.6487324587184693,167.5745373613412,-522.599740768493,0.957130621612575,-0.11807556644072781,0.2391293156903953,16.95741777459621,128.98325417276556,TRACK
9.248,164.74107253092313,-526.5928785506186,1.0685601070247213,1.4081329628405672,0.12323404814933298,0.7509080389600677,0.7609530298238695,164.17428708413732,-526.3023046064887,0.636929320800488,167.5745373613412,-522.599740768493,0.953667374784967,-0.11489273223975427,0.23904697017613052,16.95741777459621,128.98325417276556,TRACK
9.296,164.7474355665944,-526.5568928341617,1.0602387204874917,1.403809509352731,0.12649926639997844,0.7504860744891936,0.7610725408277007,164.19022049649544,-526.2712253358774,0.6261745395026668,167.5745373613412,-522.599740768493,0.9504523701368006,-0.10978635035069106,0.2389274591722993,18.680823019652976,126.61633786979333,TRACK
9.348,164.754382124076,-526.5178706602293,1.0531428476067486,1.4005921762837967,0.12898019851689524,0.7504651960397704,0.761468254148831,164.20750806379007,-526.2375046883421,0.6145537535527885,167.5745373613412,-522.599740768493,0.9469242805233703,-0.10621856708337829,0.23853174585116899,18.680823019652976,126.61633786979333,TRACK
9.396,164.76079172113768,-526.4817875978353,1.046587545946907,1.3986299797634185,0.13057377427747452,0.7509080407156334,0.762176092606201,164.23907901525678,-526.1805766266555,0.602421942359872,167.5745373613412,-522.599740768493,0.9436128068456325,-0.10297473910127442,0.237823907393799,28.500444830593388,116.75968544324544,TRACK
9.448,164.76777817369302,-526.4426551469265,1.0411733370222631,1.397049924756584,0.13189715317206008,0.7514817229660956,0.7629689633051829,164.25777047669527,-526.1482020657762,0.5889061623008064,167.5745373613412,-522.599740768493,0.9399755743055954,-0.1011977627166677,0.23703103669481707,28.500444830593388,116.75968544324544,TRACK
9.496,164.77431718414744,-526.4065236497121,1.0332127315162947,1.395193945302501,0.1334134341253025,0.7519219537833668,0.7636660061744938,164.27505062654112,-526.1182719682809,0.576503362862696,167.5745373613412,-522.599740768493,0.9365835011807561,-0.09662923033553861,0.23633399382550624,25.346505208258783,118.71203195022173,TRACK
9.548,164.78157819118644,-526.3674255052663,1.026330225552146,1.3923850639349382,0.1355908949439844,0.7519098575751659,0.7640375152506694,164.2937958714663,-526.0858042516701,0.5632425071926437,167.5745373613412,-522.599740768493,0.9328908813847804,-0.09343934416736566,0.23596248474933057,25.346505208258783,118.71203195022173,TRACK
9.596,164.7885294699832,-526.3314340074717,1.0211174350949324,1.3880546867289827,0.13882048960654605,0.7511794121762357,0.7638989708148822,164.31111846687068,-526.0558006363107,0.5512667423221467,167.5745373613412,-522.599740768493,0.9294875527911434,-0.09162988230378899,0.23610102918511777,33.670827892026566,110.14187159959356,TRACK
9.648,164.79642199900206,-526.2926132514482,1.0133647826305636,1.3818246996020835,0.14335610971745205,0.7495601680726154,0.7631457395244827,164.32990147958063,-526.0232675039779,0.5386914949408311,167.5745373613412,-522.599740768493,0.9258304808564222,-0.08753430177414145,0.23685426047551728,33.670827892026566,110.14187159959356,TRACK
9.696,164.80404721330902,-526.2569457901291,1.0084029114760225,1.3742705704727183,0.1487819923045594,0.747289348032462,0.7619563313713563,164.3472522469528,-525.9932150933389,0.527461393580432,167.9999999999988,-522.3397459621563,0.886449055299971,-0.12195385617605148,0.23804366862864368,35.11192646069613,110.30881919753392,TRACK
9.748,164.81263789583573,-526.2184616832126,1.000921383813787,1.3662109257846666,0.15453019662008838,0.7447657189282038,0.7606283966287923,164.36606402470028,-525.9606321384996,0.5156590894261585,167.9999999999988,-522.3397459621563,0.8829289481067402,-0.11799243570704676,0.23937160337120766,35.11192646069613,110.30881919753392,TRACK
9.796,164.82080338315566,-526.1830366723004,0.9960455530603817,1.3585470146086238,0.15998463951086855,0.7424050885377553,0.759447430943166,164.38344487621987,-525.9305276205888,0.505018103423444,167.9999999999988,-522.3397459621563,0.8796845579172948,-0.11636099514308684,0.24055256905683398,-35.369896766874064,183.12504228086348,TRACK
9.848,164.82950603417538,-526.1444983886977,0.99009304683089,1.3551006747194387,0.16256555139170323,0.741955601029574,0.7595562338618813,164.4023081052839,-525.897855549455,0.49328567848544824,167.9999999999988,-522.3397459621563,0.8760786896222279,-0.11401435720866204,0.2404437661381187,-35.369896766874064,183.12504228086348,TRACK
9.896,164.8374784854341,-526.1088091493401,0.9821712793951421,1.3536693967526425,0.16380006549946494,0.742505177651477,0.7603580737368943,164.4197551120613,-525.8676364472766,0.4823454041271458,167.9999999999988,-522.3397459621563,0.8726798867393694,-0.10949139265577279,0.23964192626310565,17.1199316997507,130.6185117637336,TRACK
9.948,164.84635755892745,-526.070223704548,0.9765981305465056,1.3504989314254783,0.16623303724141014,0.7423380900359928,0.7607228553085479,164.4386828681378,-525.8348526120789,0.4707421849383675,167.9999999999988,-522.3397459621563,0.868995040506423,-0.10760309004008262,0.23927714469145211,17.1199316997507,130.6185117637336,TRACK
10.0,164.85469501396352,-526.0346259771604,0.96952895223543,1.3470770615575172,0.1688454171782617,0.7420865207242049,0.7610526782967504,164.45618150001408,-525.8045440926061,0.4601637691087942,167.9999999999988,-522.3397459621563,0.8655709987642186,-0.1039579534712114,0.23894732170324962,23.460208377231552,122.62652330342301,TRACK
10.048,164.86388136447513,-525.9960934748955,0.9613194106359209,1.3434637970833476,0.17158072653249196,0.7417096191002517,0.7612969885552275,164.48797777568947,-525.7533091964004,0.44749046240818946,167.9999999999988,-522.3397459621563,0.8618380350382115,-0.09948137559770931,0.23870301144477246,23.460208377231552,122.62652330342301,TRACK
10.096,164.87250784483777,-525.9605654840708,0.9548505230790211,1.33965955494787,0.17442889155700983,0.7411695188450905,0.7614182122033003,164.5067090215903,-525.7243075551072,0.43546135085378584,167.9999999999988,-522.3397459621563,0.8583721736830718,-0.09647834939594924,0.2385817877966997,30.664360932141392,115.53134299363089,TRACK
10.148,164.88206408891904,-525.9221607554202,0.9496084021154179,1.3352017863561685,0.17769965313597003,0.7402535531665551,0.7612834489862195,164.52702503111914,-525.6928522197823,0.422652501565857,167.9999999999988,-522.3397459621563,0.8546090190204482,-0.09499938309496969,0.23871655101378053,30.664360932141392,115.53134299363089,TRACK
10.196,164.8911065393756,-525.8868118886984,0.941685103931955,1.330012499358206,0.18143930911758072,0.7389169627383958,0.7608669402172766,164.54579708416546,-525.6637873966696,0.4110699987863849,167.9999999999988,-522.3397459621563,0.8511349110872682,-0.0905501928446868,0.23913305978272337,28.036929127056318,118.5887625201679,TRACK
10.248,164.90116088181318,-525.848646134284,0.936501399028737,1.3241410316839823,0.1856090096408397,0.7371809112616359,0.760188397956973,164.56615079895005,-525.63227368219,0.39880921960899035,167.9999999999988,-522.3397459621563,0.8473763749724241,-0.08912502405631284,0.23981160204302698,28.036929127056318,118.5887625201679,TRACK
10.292,164.91069450961618,-525.8135511622284,0.9297817529101193,1.3176467338051367,0.19016189233004888,0.7350684302256059,0.7592675038541301,164.58495171997853,-525.6031641626985,0.3877770681359298,167.9999999999988,-522.3397459621563,0.8439162561404945,-0.08586549676962485,0.2407324961458699,34.03690612040889,113.86487435165985,TRACK
10.348,164.9213153315694,-525.7756938370461,0.9236955688784627,1.3105372504413524,0.1950915316226811,0.7326033991425223,0.7581348469408733,164.60533161413636,-525.5716099146207,0.3761594835642681,168.43789342646718,-522.101281911886,0.807343471567704,-0.11635209731075868,0.2418651530591267,34.03690612040889,113.86487435165985,TRACK
10.396,164.9313699548022,-525.7408862661528,0.917248307379348,1.3032260482113895,0.20012445662727374,0.7299974138733112,0.756931980036571,164.62415490960854,-525.5424657527144,0.36572091018491104,168.43789342646718,-522.101281911886,0.8040188072642616,-0.11322950011508648,0.24306801996342897,-30.034483859578174,179.678632022979,TRACK
10.448,164.94222183565824,-525.7030834044867,0.9111739313466641,1.2990359849784028,0.20312240256961575,0.7289406571543481,0.7567120932549353,164.64457799553753,-525.5108446306946,0.3543269700586116,168.43789342646718,-522.101281911886,0.800350244435204,-0.11082368691146016,0.24328790674506473,-30.034483859578174,179.678632022979,TRACK
10.496,164.95229243653668,-525.6681625409536,0.9042551879972704,1.295882896428734,0.20546102640884378,0.7284427237458645,0.7568639475832294,164.6634576275848,-525.4816132427089,0.343840351817329,168.43789342646718,-522.101281911886,0.7969226231777847,-0.10733256481948572,0.2431360524167706,21.23527744761102,128.99934394780783,TRACK
10.544,164.96354258789378,-525.6305233277205,0.8976228800290044,1.2904543680237974,0.20927183976163646,0.7268286287344718,0.75635610559131,164.6839233637518,-525.4499260852043,0.3328697560822087,168.43789342646718,-522.101281911886,0.7932354919285182,-0.1043873881004862,0.24364389440869005,21.23527744761102,128.99934394780783,TRACK
10.592,164.97413601451254,-525.5958751949095,0.8904321733942104,1.2847306147624098,0.21327043160681608,0.7250812437581344,0.7557956648774857,164.70283259510254,-525.4206488685328,0.3229702940504353,168.43789342646718,-522.101281911886,0.7898296257611791,-0.10060254763303134,0.24420433512251427,26.050883523411294,123.900326466628,TRACK
10.648,164.9857933791064,-525.5584104086067,0.8838787078799989,1.2792787665389715,0.21708881146472941,0.7234696393265816,0.7553382494555024,164.72333870152775,-525.3888992056426,0.3124364026698391,168.43789342646718,-522.101281911886,0.7861259506518576,-0.09775275722814125,0.24466175054449757,26.050883523411294,123.900326466628,TRACK
10.696,164.9966925711949,-525.5238707765302,0.8768036055933766,1.274329967232281,0.22058100309729578,0.7221067494536447,0.7550457843958326,164.75144948590614,-525.347553005729,0.30204656459272605,168.43789342646718,-522.101281911886,0.7826865498762806,-0.09411705571709594,0.2449542156041674,30.551059299625827,120.29580181121972,TRACK
10.748,165.00866756347392,-525.4865098779966,0.8688306457423546,1.2695337932364323,0.22397856158358043,0.7208369734288462,0.7548326558324758,164.77323775315548,-525.3172473714243,0.28996032783419023,168.43789342646718,-522.101281911886,0.7789416979756137,-0.08988894776674083,0.24516734416752417,30.551059299625827,120.29580181121972,TRACK
10.796,165.0199022932391,-525.4520956354235,0.8625044290745176,1.2645366077415061,0.2275059695671873,0.7194812181577546,0.754594056079474,164.79337716312972,-525.289235157933,0.27899313557771893,168.43789342646718,-522.101281911886,0.7754739292595546,-0.08703049981496302,0.24540594392052595,36.872256325128625,113.99326420519321,TRACK
10.848,165.0323329861635,-525.4149499279083,0.8557147470179869,1.2587079007298116,0.2315470056713454,0.7176819770006748,0.7541096975553114,164.81521872069018,-525.2588554013192,0.26740251588773256,168.43789342646718,-522.101281911886,0.7717229778432888,-0.08399176917469808,0.24589030244468857,36.872256325128625,113.99326420519321,TRACK
10.896,165.04408472960267,-525.3808247232714,0.8495985444829421,1.2518738040891173,0.23619534959693772,0.7153229021944544,0.7533094301647342,164.8353973130429,-525.2307886884582,0.2570238307489277,168.43789342646718,-522.101281911886,0.7682771230627523,-0.08132142142018983,0.24669056983526583,37.600535266582526,113.77305386188671,TRACK
10.948,165.05714431689609,-525.3440616024195,0.8446651466192004,1.24405129276016,0.24142804555905434,0.7124039690834264,0.7522013801823847,164.85727183837722,-525.2003630764633,0.2461671668425013,168.43789342646718,-522.101281911886,0.7645709769312022,-0.0800941696879982,0.2477986198176153,37.600535266582526,113.77305386188671,TRACK
10.996,165.06950355573278,-525.3103227027117,0.838196640576662,1.235540296439312,0.24704767946428213,0.709075390273805,0.7508797939887819,164.8774743443385,-525.1722631017982,0.23650723336316498,168.43789342646718,-522.101281911886,0.761176256169988,-0.07702038440667403,0.2491202060112181,37.66411588817728,115.36052899762011,TRACK
11.048,165.08320176398468,-525.2739658596395,0.8323565154717001,1.2267955826916892,0.2527804702703115,0.7056085243563287,0.7495207507430302,164.89937392311836,-525.1418026425824,0.22640625216728782,168.88712896869268,-521.8849414768838,0.7277801495836607,-0.10457636588803942,0.25047924925696985,37.66411588817728,115.36052899762011,TRACK
11.096,165.0960972466201,-525.2405537120833,0.8260745471440977,1.218302917490289,0.25833686655903765,0.702275783428843,0.7482841790483995,164.91960428908345,-525.1136639170119,0.21737245490930546,168.88712896869268,-521.8849414768838,0.7245469550676915,-0.10152759207640616,0.2517158209516005,-17.77307121039773,172.6645125161009,TRACK
11.148,165.1100655190045,-525.2042590532577,0.8202495622198195,1.213092814752561,0.26193618123532003,0.7007702320931508,0.7481239745042467,164.94156642094518,-525.0831164517574,0.20752704870707828,168.88712896869268,-521.8849414768838,0.7209832748089341,-0.09926628741088539,0.2518760254957533,-17.77307121039773,172.6645125161009,TRACK
11.196,165.1230356615394,-525.1707284869598,0.8125935453749826,1.209104898674631,0.26483247378658137,0.6999943634496997,0.7484172285785987,164.96187835395116,-525.0548642733415,0.19848474446783917,168.88712896869268,-521.8849414768838,0.717655960482145,-0.09493758489283766,0.2515827714214013,28.82095160816504,126.18860544893857,TRACK
11.244,165.1374127022126,-525.1346031947495,0.807342700707728,1.2031341505547604,0.26890965095394076,0.6981473415037456,0.748145781799856,164.9838995027127,-525.0242347205782,0.18907009946472972,168.88712896869268,-521.8849414768838,0.7140766293938259,-0.09326607131390208,0.251854218200144,28.82095160816504,126.18860544893857,TRACK
11.296,165.15089729804333,-525.101360966417,0.800604865235603,1.1969426122819746,0.2731164510524849,0.6961870202351239,0.7478428731888572,165.00425007739193,-524.9959287948677,0.18061381487134748,168.88712896869268,-521.8849414768838,0.7107724033331664,-0.08983246190243666,0.2521571268111428,32.857004213694225,121.42161424864334,TRACK
11.344,165.16570879542104,-525.0654391630819,0.7943994882838992,1.1909142848614702,0.2772184639956049,0.6943029317544661,0.7476005870937564,165.03150104709164,-524.9584120552074,0.17165815311725843,168.88712896869268,-521.8849414768838,0.7071852578821236,-0.08721423040177556,0.25239941290624357,32.857004213694225,121.42161424864334,TRACK
11.396,165.17955513464022,-525.0323536703129,0.7877091120572616,1.185151189537319,0.28115489173703523,0.692545290414598,0.7474403336876488,165.05301165172818,-524.931438610154,0.16185518970479504,168.88712896869268,-521.8849414768838,0.7038633820672933,-0.08384572998996831,0.25255966631235116,36.662169598211946,118.20387399803381,TRACK
11.448,165.19476375719069,-524.9966061649662,0.7801848952683554,1.1793420168793367,0.28511640833409563,0.6907626478334723,0.7472913768693202,165.076349464933,-524.9021739180274,0.15145756459418794,168.88712896869268,-521.8849414768838,0.7002579281899559,-0.07992696707839952,0.25270862313067977,36.662169598211946,118.20387399803381,TRACK
11.496,165.2090156019369,-524.9637153245992,0.775123862625367,1.1732436582418462,0.2892453666916269,0.6888247654346923,0.7470893116814967,165.0979228195688,-524.8751217869637,0.14209300195665062,168.88712896869268,-521.8849414768838,0.6969291607579793,-0.07819470186738775,0.2529106883185033,42.68462531022881,112.23200769136311,TRACK
11.548,165.22473115563417,-524.928247199697,0.7692357897764777,1.166411135637793,0.2937872536196894,0.6864638612973264,0.7466884110903521,165.1213215090542,-524.8457807583958,0.13226590243400027,168.88712896869268,-521.8849414768838,0.6933359258233995,-0.07589986395307813,0.2533115889096479,42.68462531022881,112.23200769136311,TRACK
11.596,165.23951293696396,-524.8956826509743,0.7630216773479946,1.1588180396318475,0.2987455370491666,0.6836513442795382,0.7460751010736216,165.14294181557426,-524.8186697515315,0.12351910041388067,168.88712896869268,-521.8849414768838,0.6900378255762798,-0.07298385177171485,0.2539248989263784,40.40592550346027,114.99144830678848,TRACK
11.648,165.2558272600495,-524.8605991626499,0.7558932302975386,1.1506806045482092,0.30399254292692823,0.6805122375036472,0.7453243398329352,165.1663857739242,-524.7892719576029,0.11439995463342018,168.88712896869268,-521.8849414768838,0.686486633061634,-0.06940659723590459,0.2546756601670648,40.40592550346027,114.99144830678848,TRACK
11.696,165.27115845012523,-524.8283909411603,0.7503103712379872,1.1422443002271274,0.3093850805380153,0.6771845694062009,0.7445119670639122,165.1880459606609,-524.7621109425287,0.10630486406349006,169.34658975633485,-521.6912625135584,0.6560317952975843,-0.0942785759404029,0.2554880329360878,48.318427214710994,108.21544398872791,TRACK
11.748,165.28806368191383,-524.7936908184139,0.7444154132651095,1.1335856373168034,0.31488551631142747,0.6737284885991257,0.743682032008826,165.2115327516828,-524.7326594381283,0.09788673383862515,169.34658975633485,-521.6912625135584,0.6526677377609835,-0.09174767550412599,0.256317967991174,48.318427214710994,108.21544398872791,TRACK
11.796,165.3039161885542,-524.7618090122478,0.7390509420174513,1.1251241684039752,0.32026677985523794,0.6703950208838939,0.7429672229006876,165.23323647907245,-524.7054438248022,0.09040274159674835,169.34658975633485,-521.6912625135584,0.6495747581726541,-0.08947618384479716,0.2570327770993124,-6.886347496737741,164.46513725506549,TRACK
11.848,165.32112441582663,-524.7271715474126,0.7345176702818993,1.1197233987704707,0.3239980135471917,0.6688935461192418,0.7432316521936485,165.25681051294399,-524.6758829213285,0.08226056934882663,169.34658975633485,-521.6912625135584,0.6461683460842422,-0.08834932419765706,0.2567683478063515,-6.886347496737741,164.46513725506549,TRACK
11.896,165.3371111758208,-524.695176372294,0.7283103108218725,1.1154098587745938,0.3271688337632198,0.6680789568839317,0.743887718958384,165.2786216931978,-524.6485325663726,0.07481085621976921,169.34658975633485,-521.6912625135584,0.6429909099489263,-0.0853194008729462,0.256112281041616,32.42304319559092,124.79956339809853,TRACK
11.948,165.3547405192546,-524.6607154948252,0.722465081888181,1.1092896827865666,0.3313187842888586,0.6661995357065004,0.7440389493824929,165.30227335159302,-524.6188743248251,0.06710802626665525,169.34658975633485,-521.6912625135584,0.6395721715704035,-0.08289291031777757,0.25596105061750707,32.42304319559092,124.79956339809853,TRACK
11.996,165.37122933721363,-524.6290139969228,0.7162093643883533,1.102947986563235,0.33558817407244973,0.6641864537476891,0.7441525837616987,165.324136544568,-524.5914587479798,0.060233942609931354,169.34658975633485,-521.6912625135584,0.6364173722742338,-0.07979199211411947,0.2558474162383013,37.98078498398009,118.16010497562213,TRACK
12.048,165.38930765644415,-524.5947734392058,0.7104363818569979,1.0966694280332998,0.33981330796784304,0.6621864872619505,0.744287597763371,165.35010155433147,-524.5601738488018,0.05229005736270324,169.34658975633485,-521.6912625135584,0.6329959469006465,-0.07744043495635133,0.25571240223662905,37.98078498398009,118.16010497562213,TRACK
12.096,165.4061774281421,-524.5632455024804,0.7042985671547342,1.0906514580644502,0.3438874021432503,0.6603124220097203,0.7444938146238533,165.37312924268676,-524.5340803057703,0.044077105860394004,169.34658975633485,-521.6912625135584,0.6298293656598338,-0.07446920149490033,0.25550618537614667,41.14622898930999,115.14092997192579,TRACK
12.148,165.4246555729257,-524.5291791743335,0.6986611015810014,1.0847472583668551,0.3478989397443646,0.658495667602613,0.7447484249910596,165.398120467796,-524.5057618051144,0.035390464611115086,169.34658975633485,-521.6912625135584,0.6263907760036578,-0.07227032557734359,0.25525157500894036,41.14622898930999,115.14092997192579,TRACK
12.196,165.44190829082243,-524.497824685632,0.6925938054505959,1.0787986610564155,0.35193537883078513,0.6566486640566667,0.7450140796523065,165.42122976981133,-524.4795757825636,0.02757940707133573,169.34658975633485,-521.6912625135584,0.6232115504647588,-0.06938225498583706,0.2549859203476935,43.49279805033982,112.43319459883642,TRACK
12.244,165.46083422257098,-524.4639865084889,0.6871135058326675,1.0725084553269348,0.35614407531681985,0.6545785931771835,0.745192416110828,165.4463038584725,-524.4511633860886,0.019379472359349486,169.34658975633485,-521.6912625135584,0.61976950968707,-0.0673439961455975,0.254807583889172,43.49279805033982,112.43319459883642,TRACK
12.296,165.47853755753246,-524.4328927457474,0.6812227648311022,1.0657548483904364,0.36058046638340346,0.6522014388888558,0.7452415646124193,165.46948110206282,-524.4249003763744,0.01207879769963117,169.34658975633485,-521.6912625135584,0.6165998483167076,-0.06462291651439467,0.2547584353875807,45.82304471996162,109.86711248018517,TRACK
12.348,165.4979855438231,-524.3993855916302,0.6759114397786261,1.058458284611634,0.36527721087460185,0.6494598572201817,0.7451345830954212,165.4946195338848,-524.3964150702346,0.00448932291847823,169.34658975633485,-521.6912625135584,0.6131805932630326,-0.06273084651559346,0.25486541690457876,45.82304471996162,109.86711248018517,TRACK
12.392,165.51618615927524,-524.3686239045022,0.6702994378900458,1.0507861141998134,0.3701430080737119,0.646452875834829,0.7449209133196468,165.51784975164955,-524.3700920334834,0.002218770446268839,169.81513349748198,-521.5207265383291,0.5850873406356876,-0.08521209725435819,0.2550790866803532,48.13519811777619,107.84111350466421,TRACK
12.444,165.53616698660068,-524.3354748564911,0.6651662172200327,1.0429383257613445,0.37507929301530163,0.6433129616748342,0.7446717684374138,165.5430438128155,-524.3415436916339,0.0091717772966215,169.81513349748198,-521.5207265383291,0.581846197613093,-0.08332001960693969,0.2553282315625862,48.13519811777619,107.84111350466421,TRACK
12.496,165.55483675397747,-524.3050175277126,0.6597493336730637,1.0352231501099372,0.3799352609157237,0.6402381140988207,0.7444834754592701,165.56632844035482,-524.315159001113,0.015326719757538146,169.81513349748198,-521.5207265383291,0.5788625124108066,-0.0808868212622571,0.25551652454072993,-0.9846513262018419,157.420935300366,TRACK
12.544,165.57512469617183,-524.2719376662875,0.6546694181869647,1.0301158525131138,0.3835113766726298,0.638807687602462,0.7450880738391539,165.59162264023337,-524.2864971883077,0.02200367786793539,169.81513349748198,-521.5207265383291,0.5755798728088625,-0.0790895453781022,0.2549119261608461,-0.9846513262018419,157.420935300366,TRACK
12.596,165.59395991602386,-524.2413828573671,0.6479327211460566,1.0259972238744244,0.3866225395916405,0.6380204786531575,0.7460208571488426,165.6150280693328,-524.2599756129785,0.028099068402238088,169.81513349748198,-521.5207265383291,0.5725174682278236,-0.07541525291823303,0.2539791428511574,37.33782554035431,118.42379161231494,TRACK
12.648,165.61463565782458,-524.2084654338989,0.643376128465276,1.0203782814622302,0.3904682974701541,0.6362728921599801,0.7465311009106496,165.6404114701399,-524.2312127232336,0.03437777876173014,169.81513349748198,-521.5207265383291,0.5692152758823532,-0.07416085258292282,0.25346889908935044,37.33782554035431,118.42379161231494,TRACK
12.692,165.6339132512254,-524.1781763744129,0.6374481188375289,1.0146396471131796,0.39437017856998235,0.6344351053226973,0.7470178984543421,165.66387873932675,-524.2046210745666,0.03996564328731067,169.81513349748198,-521.5207265383291,0.5661627154851396,-0.07128540335238931,0.2529821015456579,40.493272782898586,113.95377663759798,TRACK
12.748,165.65498384019799,-524.1454445668819,0.6320659118911545,1.0091016297934658,0.3981618880012935,0.6326930614571044,0.7475516029497347,165.68881909432164,-524.1784465423231,0.04726473108599049,169.81513349748198,-521.5207265383291,0.5628444540386455,-0.069221457852509,0.25244839705026534,40.493272782898586,113.95377663759798,TRACK
12.796,165.67459235911454,-524.1152907859603,0.6263471281505701,1.003885511353497,0.4017840109673933,0.6311218091673875,0.7481611654421544,165.71345113110152,-524.1531925624358,0.054282122474529175,169.81513349748198,-521.5207265383291,0.5597665949773525,-0.06658053317321766,0.2518388345578456,43.14366560527777,110.95584548414487,TRACK
12.848,165.696013034913,-524.0826970121417,0.6210908284719394,0.9987986190183472,0.40533723269531563,0.629610345891525,0.7488040196625163,165.74018627441168,-524.1257823739293,0.061705943702166144,169.81513349748198,-521.5207265383291,0.5564176671732362,-0.06467316129870326,0.2511959803374837,43.14366560527777,110.95584548414487,TRACK
12.896,165.71596147349425,-524.0526928433966,0.6145718921253628,0.9936279609878913,0.4089265659069212,0.6280271219292404,0.7494257816376165,165.76490925097056,-524.1004351580921,0.06837553314127337,169.81513349748198,-521.5207265383291,0.5533163560657662,-0.06125553605959655,0.25057421836238347,44.75245894019779,108.54020136118183,TRACK
12.948,165.73778281802257,-524.0203109844173,0.609096354613829,0.988087858837942,0.41267670216472896,0.6261724493070313,0.7499293278574476,165.79173380968518,-524.0729332964995,0.07536456216458734,169.81513349748198,-521.5207265383291,0.5499535617748762,-0.05914279283895285,0.2500706721425524,44.75245894019779,108.54020136118183,TRACK
12.996,165.7581342919235,-523.990558144656,0.6049070750209878,0.9820587195485467,0.4166360202681305,0.623959881975514,0.7502742883104574,165.8165276544961,-524.0475134230325,0.08157014482929717,169.81513349748198,-521.5207265383291,0.5468524749125194,-0.05805460010846841,0.2497257116895426,49.09456844820638,103.6431526705392,TRACK
13.048,165.78042572488798,-523.9585071429202,0.5999536614265502,0.9754195202310045,0.4208519042812635,0.6213018195827037,0.7504213991844477,165.8434160204103,-524.0199461431495,0.08799163641597159,169.81513349748198,-521.5207265383291,0.5435038603086043,-0.05644980111794584,0.24957860081555228,49.09456844820638,103.6431526705392,TRACK
13.096,165.80122478642883,-523.9290900733552,0.5939367609607766,0.9683981532456123,0.4252135615182309,0.6183456483072935,0.7504384809426989,165.86826024679004,-523.9944746160113,0.09364235881369644,170.29159531856877,-521.3737575305003,0.5173658677943204,-0.07657089316645627,0.24956151905730106,46.46185085209718,106.32596300328473,TRACK
13.148,165.8239792278341,-523.8973788995409,0.5898737534234769,0.9613934133036217,0.4295437090606797,0.615365264380616,0.7504546665854183,165.89520448421584,-523.966850053897,0.09949511764013533,170.29159531856877,-521.3737575305003,0.5141878349052793,-0.07568591851819761,0.24954533341458174,46.46185085209718,106.32596300328473,TRACK
13.196,165.8451715190079,-523.8682288056749,0.5848201403607259,0.9546647578550855,0.43373053403176454,0.6125401896199598,0.7505515705473782,165.92010697730956,-523.9413187888478,0.10467792771682215,170.29159531856877,-521.3737575305003,0.5112539723758213,-0.07356616798490467,0.2494484294526218,2.8315036333996346,150.1705213692838,TRACK
13.248,165.8682047125882,-523.8365848422133,0.5800632299962085,0.9500834146553032,0.43695595775739765,0.6111393388602091,0.7512801078972996,165.94715352134938,-523.9135893369431,0.11028420835917116,170.29159531856877,-521.3737575305003,0.5080288273710399,-0.07203440262516858,0.2487198921027004,2.8315036333996346,150.1705213692838,TRACK
13.296,165.8895541826643,-523.8073384286832,0.5737575887998813,0.9466247312386119,0.4396945918472276,0.6104956689155162,0.7523538368775051,165.97218078946796,-523.8879301463797,0.11542175320604559,170.29159531856877,-521.3737575305003,0.5050134453685876,-0.06874414343129365,0.24764616312249488,37.90660701958768,114.23963131498653,TRACK
13.344,165.91288030818464,-523.7757751829054,0.569576605661316,0.9423212008501127,0.4428042526259799,0.6092671083000132,0.7531812633091138,165.9993298016822,-523.8600956390451,0.12076197352475786,170.29159531856877,-521.3737575305003,0.5017421944792013,-0.06783441118211464,0.24681873669088616,37.90660701958768,114.23963131498653,TRACK
13.396,165.93457191423053,-523.7467194508904,0.5640193544258617,0.9378272149699759,0.4459907249581781,0.6078883330041454,0.7539469160035606,166.02017208045802,-523.8389744893497,0.12585062804489086,170.29159531856877,-521.3737575305003,0.4987103623467009,-0.0653089920791608,0.24605308399643944,40.28202136802315,110.27267100202678,TRACK
13.448,165.9582364613135,-523.7153257401417,0.5589689968585136,0.9332834636344411,0.4491745765889803,0.6064312387998252,0.7546632677202332,166.04854154469172,-523.8126514733416,0.13276786669539326,170.29159531856877,-521.3737575305003,0.49541094847027484,-0.06355804838823881,0.24533673227976682,40.28202136802315,110.27267100202678,TRACK
13.496,165.98022808245864,-523.686421867578,0.5535093636138333,0.928761294152972,0.45231904563276826,0.6049377093299079,0.7553424066021015,166.0747705989543,-523.7883144675545,0.13899780341899598,170.29159531856877,-521.3737575305003,0.4923502855474268,-0.06115907806640647,0.2446575933978985,42.51591575037622,107.4355223639235,TRACK
13.548,166.00421903069434,-523.6552044942063,0.548563457032476,0.9241309218095546,0.4554849158631703,0.6033264472205186,0.7559558918975449,166.10322753760775,-523.7619102871462,0.14556376845959695,170.29159531856877,-521.3737575305003,0.48902099211945427,-0.05954246491302173,0.24404410810245514,42.51591575037622,107.4355223639235,TRACK
13.596,166.0265246837634,-523.6264892795579,0.5433151044660465,0.9193080849272595,0.45871058227291395,0.6015439641712568,0.7564856503067497,166.12953127645508,-523.7375039841914,0.15144181319184538,170.29159531856877,-521.3737575305003,0.48593786949560985,-0.05737723497043662,0.24351434969325025,44.10313941580261,105.23282980441394,TRACK
13.648,166.0508727885377,-523.5955126171918,0.5384924083956637,0.9141694764512748,0.4620433529198301,0.5995003426364212,0.7568914854842701,166.15806011958415,-523.7110330861797,0.15758839643840386,170.29159531856877,-521.3737575305003,0.4825917921461714,-0.055900616249492274,0.2431085145157299,44.10313941580261,105.23282980441394,TRACK
13.696,166.07352202663827,-523.5670529629296,0.533382185036787,0.9087158570079787,0.46547887388121123,0.5971935350428871,0.7571728338541608,166.1844210661243,-523.6865737022432,0.16304540497972866,170.29159531856877,-521.3737575305003,0.4795001303411862,-0.05388205469560081,0.2428271661458392,45.45003138314373,103.5519397213622,TRACK
13.748,166.09824992954057,-523.5363766801318,0.5286900678159536,0.9029857744420443,0.4689990760190268,0.5946507781476729,0.757343832917608,166.21300422966917,-523.6600524022512,0.1687134660889849,170.7747906604357,-521.250720878182,0.45460657152052786,-0.07408349629542577,0.24265616708239202,45.45003138314373,103.5519397213622,TRACK
13.796,166.12124756336772,-523.5082005587723,0.5236371807203297,0.8971261330765598,0.4725404794019705,0.5919738907088556,0.757448078718551,166.2394110218516,-523.6355504797752,0.17372566103007,170.7747906604357,-521.250720878182,0.4516647032657986,-0.07197247745453111,0.24255192128144898,2.4966909074409926,146.5012214618215,TRACK
13.844,166.14623943042216,-523.4776424473581,0.5189656682819186,0.8929694452189941,0.47536580140077467,0.5904626250176441,0.7580361183242708,166.2680771100292,-523.6089522369683,0.17912755516532436,170.7747906604357,-521.250720878182,0.44843564018576615,-0.07053002809615244,0.24196388167572924,2.4966909074409926,146.5012214618215,TRACK
13.896,166.16940009397555,-523.4494349141517,0.5136138332331512,0.8895898808844016,0.47786760932069605,0.58948063589187,0.7588444321001248,166.29458717069463,-523.584354495343,0.18405188824432664,170.7747906604357,-521.250720878182,0.4454224846056239,-0.06819134862752735,0.24115556789987524,36.00925930316578,112.48602636219925,TRACK
13.944,166.19467620413653,-523.4190329541149,0.508583729011804,0.8852485365731323,0.4807416106034679,0.587790990500377,0.7593488952247383,166.32332814380922,-523.5576867694687,0.18914598090815862,170.7747906604357,-521.250720878182,0.4421573906347728,-0.06642633837703127,0.24065110477526175,36.00925930316578,112.48602636219925,TRACK
13.996,166.21815079045965,-523.3910680002574,0.5032093446411523,0.8807715976431809,0.4836509054983247,0.5859752657025801,0.7597928733573109,166.34988594507453,-523.53304473104,0.1936789690315697,170.7747906604357,-521.250720878182,0.4391319267085502,-0.06407741793260208,0.24020712664268906,38.60986583678409,108.84841726584733,TRACK
14.048,166.2437204874859,-523.3608596189831,0.4982407962267859,0.8764263648608867,0.48647681855823355,0.5842095658990296,0.7602371418725036,166.37868816277023,-523.5063201784991,0.19843146863933284,170.7747906604357,-521.250720878182,0.43583658164167627,-0.06240421458510964,0.23976285812749643,38.60986583678409,108.84841726584733,TRACK
14.096,166.2674406921437,-523.3330413616345,0.49295214820965305,0.8723332765347039,0.48916975769279225,0.582577677667905,0.7607126937012123,166.3985339759152,-523.4892722535341,0.20394494510461142,170.7747906604357,-521.250720878182,0.4327744469362033,-0.060177701273449735,0.2392873062987877,40.62789688763664,106.55665607972031,TRACK
14.148,166.29326818136323,-523.3029852950555,0.4880767986998091,0.868334616976571,0.49179921224710677,0.5809759386123604,0.7611829651361017,166.42848989243936,-523.464136255027,0.21036763782985365,170.7747906604357,-521.250720878182,0.42943644499617445,-0.05864035370363463,0.23881703486389827,40.62789688763664,106.55665607972031,TRACK
14.192,166.31723730824808,-523.2753323123876,0.4828090175990012,0.8642370496009765,0.4944443714959861,0.5792706920511782,0.7615968560685579,166.45617198934627,-523.4409082177223,0.21614399376168084,170.7747906604357,-521.250720878182,0.4263394252603717,-0.05646959233862947,0.23840314393144213,42.102974697393726,104.53182751431896,TRACK
14.248,166.34335844919266,-523.245509717643,0.4780428152725655,0.8597640583085379,0.49720421321476554,0.5772549529218278,0.7618630522024911,166.48618526534008,-523.4157240889054,0.22219908099511518,170.7747906604357,-521.250720878182,0.422974836971064,-0.05506797830150145,0.23813694779750894,42.102974697393726,104.53182751431896,TRACK
14.296,166.367624011235,-523.2181332523812,0.47289796785469895,0.854793329388845,0.5001191284815918,0.5748357785997809,0.7619418055413439,166.51390515929555,-523.3924643361111,0.22757306745819805,170.7747906604357,-521.250720878182,0.4198661955207656,-0.05303177233393336,0.23805819445865606,43.723768070681786,102.67139621462664,TRACK
14.348,166.39408846432553,-523.1886667375115,0.4682498704368261,0.8492744481483997,0.5032035600839785,0.5719755677127201,0.7618201053670601,166.54394456401582,-523.3672582826895,0.23313470488845528,170.7747906604357,-521.250720878182,0.4165011579277108,-0.05174871250911528,0.23817989463293987,43.723768070681786,102.67139621462664,TRACK
14.396,166.418679580389,-523.161648502035,0.4625696589447854,0.8433692623068701,0.5063925353507664,0.568792086030065,0.7615496287107034,166.5716791071782,-523.3439862377511,0.23802500932424422,170.7747906604357,-521.250720878182,0.4133982852941883,-0.049171373650597094,0.23845037128929658,45.42489726285907,101.36033704167082,TRACK
14.448,166.4454912166452,-523.1325685894503,0.458805550308208,0.8372805608342557,0.5096180843177003,0.5654450367775672,0.7612086977170105,166.60173188287948,-523.3187689647442,0.243067327185111,171.26351822332956,-521.1519224698782,0.39003061640389525,-0.06877493390431277,0.2387913022829895,45.42489726285907,101.36033704167082,TRACK
14.496,166.4703869251661,-523.1058802165218,0.4540218429833418,0.8312845134308374,0.5127829627715146,0.5621419931761755,0.7608876312576095,166.6294827426358,-523.2954832285578,0.24750915399130327,171.26351822332956,-521.1519224698782,0.3870905165610448,-0.06693132642229699,0.2391123687423905,5.652347159597639,141.75749449939133,TRACK
14.548,166.4974255555172,-523.076947887251,0.44952479639519716,0.8270592011296135,0.5152997070107193,0.5601291271948174,0.7611034273851098,166.65959605334416,-523.270215160649,0.25229250748313675,171.26351822332956,-521.1519224698782,0.38386402435066136,-0.0656607720445358,0.23889657261489017,5.652347159597639,141.75749449939133,TRACK
14.596,166.52245936705526,-523.0502419097941,0.44437530248226653,0.8237813049875615,0.5174830186886965,0.5588150182999579,0.7616186048861648,166.68743662381567,-523.2468541482345,0.25665904923217875,171.26351822332956,-521.1519224698782,0.38085106148781994,-0.06352424099444659,0.23838139511383516,36.730490213429064,110.48078144647691,TRACK
14.648,166.54973035745908,-523.0214600742421,0.43954599391380444,0.8197758300565624,0.5199187052502945,0.5569536550332174,0.7619139281598695,166.71761218530972,-523.2215338457142,0.26117775968401247,171.26351822332956,-521.1519224698782,0.37758095454404955,-0.06196503936975489,0.23808607184013053,36.730490213429064,110.48078144647691,TRACK
14.696,166.57502991758338,-522.9950080730268,0.4342944306723948,0.8155340899759751,0.5224231176523481,0.5548990512995402,0.7621278573774408,166.7454836445673,-523.1981469145309,0.2651789244459358,171.26351822332956,-521.1519224698782,0.37455153202654046,-0.05974289864585436,0.23787214262255918,39.205722040609984,107.09534718221853,TRACK
14.748,166.60257090330504,-522.9664821662666,0.429519583362233,0.8111328211117287,0.5249470457544071,0.5526856788463856,0.7622538031706826,166.76540626298322,-523.1814546909867,0.2696822959448059,171.26351822332956,-521.1519224698782,0.3712582005236587,-0.058261382838574294,0.2377461968293174,39.205722040609984,107.09534718221853,TRACK
14.796,166.62811325482812,-522.9402750548302,0.4244375296068408,0.8066208957910432,0.5274618929295327,0.5503392121406123,0.7622921335763315,166.79425019042236,-523.1596062649834,0.275150251891419,171.26351822332956,-521.1519224698782,0.3682078893066644,-0.05622964030017635,0.23770786642366848,41.33545624833647,105.01706186263087,TRACK
14.848,166.65591989105542,-522.9120372676234,0.4197489243961412,0.8018861421055302,0.5300102819340788,0.5477825171676871,0.7622182004324018,166.82551027904535,-523.1359276680039,0.2808697404155545,171.26351822332956,-521.1519224698782,0.3648958062282774,-0.05485311816786381,0.23778179956759815,41.33545624833647,105.01706186263087,TRACK
14.896,166.68171688986487,-522.8861284726834,0.41476955510027924,0.7968743534038218,0.5326097995760894,0.5449769325968679,0.7620190651599035,166.85437243117647,-523.1140654373329,0.2859461414309383,171.26351822332956,-521.1519224698782,0.36183451939748146,-0.052935035702797784,0.23798093484009653,42.93133390994029,103.63107114999389,TRACK
14.948,166.70981088167568,-522.8582532256081,0.41018262550727463,0.7914941115935059,0.5352905453741159,0.5418568615022015,0.7616723877914535,166.88564061639107,-523.0903807074237,0.29120313086253324,171.26351822332956,-521.1519224698782,0.358518532628365,-0.05166409287890961,0.23832761220854648,42.93133390994029,103.63107114999389,TRACK
14.996,166.7358815894192,-522.8327114627174,0.4044768064866868,0.785780161515983,0.5380377651229667,0.538448981054636,0.7611911336171044,166.9145000317421,-523.0685205497831,0.2958216920386868,171.26351822332956,-521.1519224698782,0.3554602968826083,-0.04901650960407855,0.23880886638289556,44.68871363108651,102.43267451347492,TRACK
15.048,166.76427699872357,-522.8052570796551,0.40074896401709853,0.7797582272258999,0.5408474945709514,0.5347809544507488,0.7605962671660499,166.94575717677924,-523.0448441824833,0.30056119987236807,171.26351822332956,-521.1519224698782,0.35215243328543216,-0.048596530731666365,0.2394037328339501,44.68871363108651,102.43267451347492,TRACK
15.096,166.79062514562764,-522.7801105029017,0.39527353227161316,0.7735764387485731,0.5436727759799537,0.5309680758865217,0.7599389350154288,166.97460267470768,-523.0229945668806,0.30469722634327523,171.75656295352405,-521.0776079339984,0.3302784924753837,-0.06499503979622945,0.24006106498457125,46.67393875050303,101.30849400112507,TRACK
15.148,166.81931575300845,-522.7530770917429,0.39155115388685036,0.7673183669218757,0.5464971617578063,0.5270849013570837,0.7592612469025036,167.0058447756949,-522.9993295950057,0.3089229218876475,171.75656295352405,-521.0776079339984,0.32715834622251366,-0.0643928076643367,0.24073875309749637,46.67393875050303,101.30849400112507,TRACK
15.196,166.84593012782813,-522.7283054546034,0.38693565590797707,0.7611100168378095,0.54928630486936,0.5232317066906133,0.7586085048319768,167.03467897724602,-522.9774885360764,0.31259932221449344,171.75656295352405,-521.0776079339984,0.3242812673322016,-0.06265438857577549,0.24139149516802316,9.933939926221555,138.9144836655509,TRACK
15.248,166.8748413018608,-522.7015096572112,0.38259446891270055,0.7563288754959535,0.5516305387697025,0.5204569379502234,0.7584007354716074,167.0659468643602,-522.9538040319694,0.31650242898411113,171.75656295352405,-521.0776079339984,0.3211348779748019,-0.061459590937898656,0.24159926452839264,9.933939926221555,138.9144836655509,TRACK
15.296,166.90161426984173,-522.6768377974863,0.377724207551805,0.7522160949831924,0.5537794083944921,0.518195986828295,0.758418561169691,167.09483381513567,-522.9319230170553,0.32000353424008743,171.75656295352405,-521.0776079339984,0.3182082019590302,-0.05951600559277481,0.24158143883030903,39.06528867340536,110.01627081452888,TRACK
15.348,166.93076865527965,-522.6503227936374,0.3730754829452825,0.7472505693346922,0.5561880559039594,0.5152937634981994,0.7582036772730426,167.1261210943613,-522.9082238239947,0.3235359592294258,171.75656295352405,-521.0776079339984,0.315043548196395,-0.05803193474888746,0.2417963227269574,39.06528867340536,110.01627081452888,TRACK
15.396,166.95781245700928,-522.6260316074978,0.36802148040888794,0.7418570764368086,0.5587166239494867,0.5120641785420087,0.7578746524481567,167.15499691556911,-522.8863512394005,0.32657008658400677,171.75656295352405,-521.0776079339984,0.3121251004759696,-0.05589637993291835,0.24212534755184334,41.6022577076427,107.25152336266822,TRACK
15.448,166.98724924654252,-522.5999160211887,0.36342571937777457,0.7362020107152327,0.5612980428100869,0.5086197008248192,0.7574625356607169,167.17353151414568,-522.8731419258196,0.3306863743560189,171.75656295352405,-521.0776079339984,0.30896626928583737,-0.0544594500919372,0.24253746433928314,41.6022577076427,107.25152336266822,TRACK
15.496,167.0145442310988,-522.5759872251869,0.3584450215549309,0.7304594740768474,0.5638696568827557,0.5050836097165342,0.7570062369342546,167.20330233925014,-522.8528445209438,0.3350814611504518,171.75656295352405,-521.0776079339984,0.3060513856237483,-0.052393635931182625,0.24299376306574538,44.177878036926074,105.35956014165447,TRACK
15.548,167.04424837410158,-522.5502634541033,0.353929815136256,0.7246038255226703,0.5664470087233334,0.5014451132243423,0.7565113451020979,167.23555327337672,-522.8308562063675,0.33960249868022546,171.75656295352405,-521.0776079339984,0.3028959295292462,-0.05103388560700978,0.24348865489790206,44.177878036926074,105.35956014165447,TRACK
15.596,167.07179202223688,-522.5267070004553,0.3491352442788511,0.7186350629300639,0.5690296566566679,0.4977051314457008,0.755979594977396,167.26532055191265,-522.810561219501,0.34354986460265036,171.75656295352405,-521.0776079339984,0.2999862841810134,-0.0491489600978377,0.24402040502260403,46.219359246188475,105.35956014165447,TRACK
15.648,167.10176992163198,-522.5014087984515,0.3447183844499033,0.7124502700834822,0.5716435996785143,0.4937846950806426,0.7553805201018178,167.2975602959135,-522.7885805342232,0.34756506799079323,171.75656295352405,-521.0776079339984,0.29684110176657347,-0.04787728268332986,0.24461947989818222,46.219359246188475,103.948056547335,TRACK
15.696,167.1295730704613,-522.4782743771889,0.33922645069129365,0.7060022412837323,0.5742996333381731,0.4896485401757343,0.7547024325842522,167.32730829848686,-522.7682986894856,0.3510175524464716,171.75656295352405,-521.0776079339984,0.293947180761019,-0.045279269930274646,0.24529756741574782,47.96986763998352,102.91098061701193,TRACK
15.748,167.15983976263706,-522.4534652600349,0.33461584844845915,0.6992338207201315,0.577012882083568,0.485255993496584,0.7539345099640568,167.3595175546794,-522.7463387904436,0.35446597220175113,171.75656295352405,-521.0776079339984,0.29082606422934265,-0.0437897842191165,0.24606549003594325,47.96986763998352,102.91098061701193,TRACK
15.796,167.1879135672463,-522.4308037848222,0.3310788293152356,0.6922087967070409,0.5797631986300888,0.480656319199233,0.7530975127245786,167.38923019944147,-522.7260810522534,0.35737522446315345,172.25269906413467,-521.0279620281883,0.27020560371026664,-0.06087322560496894,0.2469024872754214,52.161698616679,99.67475353031642,TRACK
15.848,167.2184778588912,-522.4065266638848,0.32689065980137966,0.6848902696975758,0.5825672728731677,0.47583030609603355,0.7521961895824285,167.4213950073598,-522.7041514575317,0.3602164445662464,172.25269906413467,-521.0279620281883,0.26728624769029224,-0.05960441211108741,0.2478038104175715,52.161698616679,99.67475353031642,TRACK
15.896,167.2468273285096,-522.3843617995235,0.32239067730632365,0.6774450053168753,0.5853836100017696,0.47090850159722375,0.7512847580879346,167.45106469949243,-522.6839230039485,0.36256009005755224,172.25269906413467,-521.0279620281883,0.2646080206315079,-0.05778265667481575,0.2487152419120654,14.021914664675222,138.91943284143537,TRACK
15.948,167.2776341608149,-522.3604517685279,0.31824973547922486,0.6713513669454299,0.5878530254791328,0.46702342696997545,0.750787627031606,167.48322422557257,-522.661997010323,0.36496137819820845,172.25269906413467,-521.0279620281883,0.26169157243278396,-0.0565581630464409,0.24921237296839405,14.021914664675222,138.91943284143537,TRACK
15.996,167.30616553671962,-522.3384872037012,0.312852267708255,0.6660085950822114,0.5901457492000263,0.46372351272520124,0.750540806054581,167.5129248729735,-522.6417474517953,0.3670370569877197,172.25269906413467,-521.0279620281883,0.2589878877412512,-0.05386437996700383,0.24945919394541904,43.610894913892885,109.93858956322151,TRACK
16.048,167.33722106740677,-522.3149399154603,0.3091494287640628,0.6599731783436095,0.5926223473743308,0.45991164643151466,0.7501466317532917,167.54508534425145,-522.6198208137448,0.36899853621245843,172.25269906413467,-521.0279620281883,0.2560734761003098,-0.053075952663753034,0.24985336824670834,43.610894913892885,109.93858956322151,TRACK
16.096,167.3660174800224,-522.2934164927476,0.30358567443386786,0.6536389583851846,0.5951783677823045,0.45588419412707226,0.7497117365567236,167.5745373613412,-522.599740768493,0.37056052517254323,172.25269906413467,-521.0279620281883,0.2533935496763141,-0.05019212475755375,0.25028826344327637,46.20125851011666,107.31202092496811,TRACK
16.148,167.39734953866974,-522.2703222777016,0.2988864864532308,0.6471852010891825,0.5977547953386503,0.4517665582233718,0.7492688559384695,167.59209607760582,-522.5890108603414,0.37348176278446926,172.25269906413467,-521.0279620281883,0.2504999391360767,-0.04838654731715408,0.2507311440615305,46.20125851011666,107.31202092496811,TRACK
16.192,167.42639191606605,-522.2492006671656,0.29526982603727503,0.6407545213343514,0.6003079521515461,0.44766000633644565,0.7488451900690353,167.62263975023183,-522.570346010534,0.3763609224958635,172.25269906413467,-521.0279620281883,0.24783581567990176,-0.04743401035737327,0.25115480993096473,50.971272289933594,103.14512560163296,TRACK
16.248,167.45798981900728,-522.2265468811055,0.2909752213961476,0.6341987219830441,0.6028783617721633,0.44345641029256444,0.7484089169181876,167.6557258345272,-522.5501275252965,0.37921493262891903,172.25269906413467,-521.0279620281883,0.24496051394873652,-0.046014707447411096,0.25159108308181244,50.971272289933594,103.14512560163296,TRACK
16.296,167.48728321866275,-522.2058530053483,0.2863510284732471,0.6274973431459551,0.6054686409730501,0.43913951075279084,0.747954400418871,167.6862619632371,-522.5314672854802,0.3815982183110361,172.25269906413467,-521.0279620281883,0.24231794200642845,-0.044033086466818666,0.25204559958112904,49.135766939111996,105.4448925312418,TRACK
16.348,167.51915481313662,-522.1836763730571,0.28217937525473724,0.6206492512334405,0.6080749640527623,0.4347064762572394,0.7474790180384691,167.7193350209521,-522.5112567606202,0.3839023650839298,172.25269906413467,-521.0279620281883,0.2394691384790188,-0.042710236775718446,0.25252098196153094,49.135766939111996,105.4448925312418,TRACK
16.396,167.54870348178295,-522.1634425859917,0.2777509510933267,0.6135795111624675,0.6107077688471099,0.4300972402525789,0.7469589111879579,167.7498523023963,-522.4926080381283,0.38575995504258764,172.25269906413467,-521.0279620281883,0.23685545997338,-0.0408954911199467,0.2530410888120421,52.65979941874565,102.46812200668685,TRACK
16.448,167.5808590599243,-522.1418025734084,0.273672741948642,0.606162943349318,0.6133918257020463,0.4252171370129513,0.7463639497239806,167.78289336875775,-522.4724170627776,0.38745813003038715,172.25269906413467,-521.0279620281883,0.23404653814131354,-0.03962620380732845,0.25363605027601943,52.65979941874565,102.46812200668685,TRACK
16.496,167.6106730777157,-522.122087198916,0.26861262907788963,0.5985096058177309,0.6160985664351565,0.4201490780656584,0.7457229320350003,167.8133731919614,-522.4537912305399,0.38873500088203594,172.75069308261823,-521.0031081799918,0.21435481032727455,-0.05425781875061508,0.2542770679649997,54.452383347420124,101.38310335666372,TRACK
16.548,167.64311263161485,-522.1010064156234,0.264382079567143,0.5907370886331588,0.6188072194272443,0.41498678828924107,0.7450747675702735,167.84637220139518,-522.4336259556427,0.38980791565840506,172.75069308261823,-521.0031081799918,0.21173282592016052,-0.052649253646982475,0.25492523242972653,54.452383347420124,101.38310335666372,TRACK
16.592,167.6731818313901,-522.0817877098748,0.2611418828481582,0.5830383511314181,0.6214792743222691,0.40987780847143596,0.7444704871850069,167.87681683820432,-522.4150216253631,0.3905279227301302,172.75069308261823,-521.0031081799918,0.209330441793941,-0.0518114410542172,0.25552951281499314,23.393721700083006,101.38310335666372,TRACK
16.648,167.70583996343615,-522.061098536553,0.2572312130563099,0.5766234622188281,0.623775878619346,0.4056746267107528,0.7440888720470463,167.909800754215,-522.3948655738648,0.3911527059487241,172.75069308261823,-521.0031081799918,0.20672092214898832,-0.05051029090732159,0.2559111279529537,23.393721700083006,133.23955771787934,TRACK
16.696,167.73607827709858,-522.0421089291372,0.25278354561152794,0.5710696279211399,0.6259420248911869,0.4021543947692111,0.7439970267125197,167.9402665896727,-522.3762482893608,0.3915890435680086,172.75069308261823,-521.0031081799918,0.20430370760155156,-0.04847983800997638,0.25600297328748034,46.933879593902645,110.08832094928269,TRACK
16.748,167.76897416837602,-522.0217457974702,0.24862266366700236,0.565195248438718,0.6282769690081557,0.3984598966660272,0.7439773108349313,167.97327855180814,-522.3560750992323,0.39181164238226684,172.75069308261823,-521.0031081799918,0.20169484199250298,-0.04692782167449938,0.25602268916506865,46.933879593902645,110.08832094928269,TRACK
16.792,167.79945424121803,-522.0031423713044,0.24417905125871409,0.5591747428981084,0.6306305609949525,0.3946489152917423,0.7439372761206131,167.9999999999988,-522.3397459621563,0.3918170220132204,172.75069308261823,-521.0031081799918,0.19929537435438874,-0.04488367690432535,0.2560627238793869,50.897919622150354,105.74257164931721,TRACK
16.848,167.8325978848741,-521.9832035377177,0.24006612313306852,0.5530195813006171,0.6329920815626104,0.39072548254246914,0.7438718828057771,168.0206396859901,-522.3285061882289,0.3931839765516459,172.75069308261823,-521.0031081799918,0.1967065487954142,-0.04335957433765433,0.2561281171942229,50.897919622150354,105.74257164931721,TRACK
16.896,167.86330384998627,-521.9649933056672,0.23570295738482283,0.5468167234691709,0.6353425152918857,0.3867545056873468,0.7438004836022117,168.05197090536566,-522.3114441155404,0.3944913452122006,172.75069308261823,-521.0031081799918,0.1943259950142152,-0.04137696237060762,0.25619951639778826,52.947532347740676,103.74787709523336,TRACK
16.944,167.8966911582748,-521.9454832752358,0.2316826507378409,0.5405244210505101,0.6376949022663211,0.3827079412160329,0.743720482873954,168.0859161048581,-522.2929585451507,0.39565786180974616,172.75069308261823,-521.0031081799918,0.19175845156894122,-0.039924199168899666,0.256279517126046,52.947532347740676,103.74787709523336,TRACK
16.996,167.92762335419334,-521.9276780578598,0.22668525459848343,0.5341471203609506,0.6400489483792284,0.3785898718238172,0.7436349557201642,168.11725169856334,-522.2758940903292,0.39650134206233323,172.75069308261823,-521.0031081799918,0.1893996843064769,-0.03728557029200652,0.25636504427983575,54.77726474057628,102.02477209987535,TRACK
17.048,167.96125742930872,-521.9086214769235,0.22342849805029275,0.5276176255379981,0.6424150143384322,0.3743488652952469,0.7435281592483818,168.15119676801382,-522.2574085907565,0.39715161231414353,172.75069308261823,-521.0031081799918,0.18685909633396672,-0.03656940171632603,0.2564718407516182,54.77726474057628,102.02477209987535,TRACK
17.096,167.9924179845408,-521.8912477494328,0.21920881880084764,0.5209718819321134,0.6447821412205341,0.37001019206185054,0.7434053751934971,168.1825272577774,-522.2403469153935,0.39750693509049756,172.75069308261823,-521.0031081799918,0.1845282193456194,-0.03468059945522825,0.25659462480650286,56.652349702727406,100.27628007359223,TRACK
17.148,168.02629768590057,-521.8726661802496,0.21541331051102164,0.5142139655771986,0.6471448432534053,0.36557487895788027,0.7432640447879497,168.21646226105747,-522.2218668975651,0.3976225680444608,172.75069308261823,-521.0031081799918,0.18201980994336908,-0.033393500567652556,0.2567359552120503,56.652349702727406,100.27628007359223,TRACK
17.196,168.05768108736743,-521.855729876607,0.21141377582556495,0.5074449615072981,0.6494814504772015,0.3611175520493631,0.7431231667173982,168.24778090244854,-522.2048116744819,0.39748715866229833,173.2493069173797,-521.0031081799918,0.16277711892690988,-0.04863665689865507,0.2568768332826018,58.31092766042673,98.79945138220288,TRACK
17.248,168.09179564429834,-521.83761017762,0.20774442311649177,0.5007285290235898,0.6517801529221191,0.35668592124454096,0.742995433469983,168.28170305205154,-522.1863386563929,0.39708484663451815,173.2493069173797,-521.0031081799918,0.1604129882922219,-0.04733143482426988,0.257004566530017,58.31092766042673,98.79945138220288,TRACK
17.296,168.123388953271,-521.8210831858411,0.20388389190429934,0.4941640265028326,0.65402497732491,0.3523551638638645,0.7429016304103659,168.313011673174,-522.1692888900571,0.3964895816437379,173.2493069173797,-521.0031081799918,0.1582421076479082,-0.04564178425639115,0.25709836958963406,24.920073759838672,132.3404250805935,TRACK
17.348,168.15769641733453,-521.8032530537155,0.2002570754530977,0.48895719650447145,0.6560318587658232,0.3490413612030231,0.7431067699504561,168.34696098503034,-522.1508010801933,0.39574070714765824,173.2493069173797,-521.0031081799918,0.15587484314254726,-0.04438223231055044,0.2568932300495439,24.920073759838672,132.3404250805935,TRACK
17.392,168.18944046115607,-521.7868642614316,0.19610006326959994,0.4846229124448553,0.6578876943964703,0.34637849518554853,0.7435013654091757,168.37832781831258,-522.133719613205,0.3949519828377391,173.2493069173797,-521.0031081799918,0.15367531882899377,-0.04242474444060618,0.25649863459082434,51.15937773123899,105.84728570384858,TRACK
17.448,168.22393316782816,-521.7692995813845,0.1922142320761555,0.47985246853653163,0.6597894501121908,0.3433698298794577,0.7437909373949072,168.4123085095021,-522.1152147150672,0.39388138958505453,173.2493069173797,-521.0031081799918,0.15129940018342025,-0.04091483189273526,0.2562090626050928,51.15937773123899,105.84728570384858,TRACK
17.492,168.25586553509638,-521.7532546247497,0.18799239003662715,0.474867686656507,0.6617033205703093,0.34018486488373983,0.7440275712295492,168.43789342646718,-522.101281911886,0.3927558348749369,173.2493069173797,-521.0031081799918,0.14911130395690464,-0.038881086079722516,0.2559724287704508,53.57155097500731,102.76824410747358,TRACK
17.548,168.29055573733288,-521.7360486428893,0.1841714810011994,0.46981316839916426,0.6635989041933281,0.3369296554659668,0.7442345721471161,168.46106824267093,-522.0901215086067,0.3929912323627468,173.2493069173797,-521.0031081799918,0.14674497669777786,-0.03742650430342154,0.2557654278528839,53.57155097500731,102.76824410747358,TRACK
17.596,168.3226631492005,-521.72031762052,0.18012525792164522,0.46482713342020404,0.6654558325937744,0.3337096474958543,0.7444418002536403,168.4932807748064,-522.0746087707228,0.3932335098633207,173.2493069173797,-521.0031081799918,0.14456217364635598,-0.03556308427528923,0.25555819974635974,55.5487163085059,100.66880857265056,TRACK
17.648,168.35753869608104,-521.7034382066082,0.17542893244759325,0.45990001324127744,0.6672855490356626,0.33052271066285094,0.7446578182062848,168.52818925075468,-522.0577977347248,0.3933094036218985,173.2493069173797,-521.0031081799918,0.14219874744445837,-0.03323018500313488,0.25534218179371515,55.5487163085059,100.66880857265056,TRACK
17.692,168.3898166519142,-521.6880062270207,0.17245953997897745,0.45502218968677266,0.669095701490025,0.3273646130901548,0.7448870032804273,168.56042332055387,-522.0422746248486,0.3932082566323951,173.2493069173797,-521.0031081799918,0.1400180528568418,-0.032441487122135654,0.25511299671957266,58.9129132958621,97.08199444079423,TRACK
17.748,168.4248784997246,-521.6714652068799,0.16884293013786245,0.45004414632111,0.6709054123846502,0.3241207879173021,0.7450962068935463,168.5953507418802,-522.0254544652374,0.392898435194199,173.2493069173797,-521.0031081799918,0.13765979893965116,-0.031183131198211284,0.2549037931064537,58.9129132958621,97.08199444079423,TRACK
17.796,168.45732999968223,-521.6563647634547,0.16495691431611625,0.44495937989291373,0.6727140385744053,0.3207859121219503,0.7452836903562281,168.62759608253285,-522.0099259276043,0.3924232864702486,173.2493069173797,-521.0031081799918,0.13548780164879162,-0.029469112667324632,0.2547163096437719,56.804005647959926,98.94194338124431,TRACK
17.848,168.4925773701055,-521.6401837151317,0.16147036166037054,0.43985124589146585,0.6745060413837936,0.31742174505334464,0.7454629193299599,168.66253338224422,-521.9931010108137,0.3917086463860589,173.74730093586325,-521.0279620281881,0.11598590542822565,-0.04548445623214489,0.2545370806700401,56.804005647959926,98.94194338124431,TRACK
17.892,168.52519633951837,-521.6254104185784,0.15770077703347551,0.43474441465543456,0.6762755788683911,0.31404608831874953,0.7456363752943422,168.69478677851126,-521.977568593801,0.39086608624170693,173.74730093586325,-521.0279620281881,0.11391230776265894,-0.043788469270816574,0.25436362470565776,24.161251226966712,131.4191886195742,TRACK
17.948,168.56060115619266,-521.6094504505016,0.15337027871292497,0.4308071046237624,0.6778807769567566,0.3115528194625631,0.7460479254595971,168.72976546066576,-521.9607237482761,0.38988394637022217,173.74730093586325,-521.0279620281881,0.11164524996998082,-0.04172502874294415,0.2539520745404029,24.161251226966712,131.4191886195742,TRACK
17.996,168.59334492050948,-521.5947611793888,0.15030682339340218,0.42761505003808825,0.6793791198320431,0.30961860118181683,0.7466054290329978,168.76208731169245,-521.9451583651888,0.38891153544055673,173.74730093586325,-521.0279620281881,0.10953345266281009,-0.04077337073059209,0.25339457096700224,52.517809467398756,102.63001833206255,TRACK
18.048,168.62890026084298,-521.5790087973846,0.14558189537223565,0.4239131360888745,0.6809112185970951,0.3072777388731457,0.7470339325749361,168.79710703199632,-521.9282937567327,0.38767705721209833,173.74730093586325,-521.0279620281881,0.10724687044699949,-0.03833502492523616,0.2529660674250639,52.517809467398756,102.63001833206255,TRACK
18.096,168.6617926686773,-521.5645990830246,0.1418756017640905,0.4200557403806934,0.6824327658799515,0.3048013641425354,0.747407754528752,168.82944026050512,-521.9127228945388,0.38638828034608497,173.74730093586325,-521.0279620281881,0.10513372520121084,-0.036741876562879666,0.25259224547124803,53.55155734773502,100.85035595769156,TRACK
18.148,168.69749759378556,-521.5491066322769,0.13890343532443253,0.4163181263340634,0.6839029091275856,0.3023969974946708,0.7477747877582972,168.8644797942674,-521.8958487444239,0.3848547097463259,173.74730093586325,-521.0279620281881,0.10283691517624252,-0.03606652014819001,0.2522252122417028,53.55155734773502,100.85035595769156,TRACK
18.196,168.73051756492774,-521.5348977569028,0.13432200680942086,0.41282971863899753,0.6853075138446776,0.30016443130806353,0.7481611286043042,168.88712896869268,-521.8849414768838,0.38348107865629255,173.74730093586325,-521.0279620281881,0.10070612928545919,-0.03361587752396167,0.25183887139569583,53.05052718109738,101.06787000022021,TRACK
18.248,168.76635415611858,-521.5195969455248,0.13132842970590186,0.4095714914014488,0.686657709322028,0.29809311077897604,0.7485708466573231,168.91534587126648,-521.8730470550186,0.3835694345016126,173.74730093586325,-521.0279620281881,0.0983844347030882,-0.032943995002813656,0.2514291533426769,53.05052718109738,101.06787000022021,TRACK
18.296,168.79949453938576,-521.5055651811796,0.12742674874338555,0.40639946147806366,0.6879761390491709,0.2960754703566803,0.7489805418353227,168.94850841824706,-521.8590678692138,0.383626493533414,173.74730093586325,-521.0279620281881,0.09623011989858649,-0.031196628844799068,0.2510194581646773,55.86472898470484,97.7875487280372,TRACK
18.348,168.83546412391107,-521.490492031352,0.12307672714659845,0.4030445371069624,0.6892874631484341,0.29390294880203777,0.7493304679299629,168.98444603877084,-521.8439188918155,0.3835442043003409,173.74730093586325,-521.0279620281881,0.09388953994534126,-0.029187187201257195,0.25066953207003706,55.86472898470484,97.7875487280372,TRACK
18.396,168.8687300163304,-521.4767138485281,0.12018908120387839,0.3994121266096114,0.6906006499374882,0.29150283314558834,0.7496020006816856,169.0176243925807,-521.8299330428734,0.38331884187049553,173.74730093586325,-521.0279620281881,0.09172615682706815,-0.028462924376810236,0.2503979993183144,58.77824888635262,94.47440793790057,TRACK
18.448,168.9048374270325,-521.4619564618372,0.11677313950756751,0.39541279428704024,0.6919210714158023,0.2888054058104137,0.749775520735713,169.0535660216676,-521.8147823757241,0.3828920479355465,173.74730093586325,-521.0279620281881,0.08938384796893822,-0.02738929153862929,0.25022447926428704,58.77824888635262,94.47440793790057,TRACK
18.496,168.93823006884898,-521.4484918211899,0.11254640870944056,0.39116536271232144,0.6932367096654214,0.28590318516312463,0.7498785014348389,169.0867397734988,-521.8007984666788,0.38232852997230815,173.74730093586325,-521.0279620281881,0.08722325255063897,-0.025323156158801596,0.2501214985651611,56.888398461073066,96.2787289043312,TRACK
18.548,168.97447051876196,-521.4340574078609,0.10989187921054967,0.3869190882629416,0.6945299664660513,0.2829917754551597,0.7499708122951171,169.1226787656673,-521.7856489110836,0.38155244670840116,174.2434370464739,-521.0776079339981,0.06754781646805132,-0.042344062742498356,0.2500291877048829,56.888398461073066,96.2787289043312,TRACK
18.596,169.00798079955368,-521.4208564219987,0.10632697780974555,0.3828405726871103,0.6957902756425249,0.2802018426245876,0.7500914479507915,169.1558580360579,-521.7716626757705,0.380700282061266,174.2434370464739,-521.0776079339981,0.06546859115348416,-0.04085838665626139,0.24990855204920848,23.362432500564992,129.8237871189831,TRACK
18.648,169.04433002875828,-521.4065367775636,0.1022257813951768,0.3801904640115519,0.696921952660165,0.2785134198652463,0.7505131132396636,169.1918483151022,-521.7564915009443,0.37977618832982346,174.2434370464739,-521.0776079339981,0.06318220269077737,-0.03904357870439942,0.24948688676033637,23.362432500564992,129.8237871189831,TRACK
18.696,169.07792670352737,-521.3932978906518,0.09921732222614808,0.3785005307112574,0.6979750227537024,0.27756727331121656,0.7511409478929071,169.2251145102619,-521.7424686237682,0.3789253901712229,174.2434370464739,-521.0776079339981,0.06103904089971101,-0.03817828132643707,0.24885905210709292,51.713677794014814,100.99820132832448,TRACK
18.744,169.114381155811,-521.3790547693386,0.0956331207417167,0.37638786832449017,0.6990502705451469,0.2762858903369085,0.7516682605701144,169.26116674597654,-521.7272713320154,0.37788990989799875,174.2434370464739,-521.0776079339981,0.05870485215012571,-0.03692826859159099,0.24833173942988562,51.713677794014814,100.99820132832448,TRACK
18.796,169.14808308134315,-521.3659934934348,0.09182750338243562,0.3740549905983698,0.70012588285954,0.27482429885123605,0.752133397137053,169.29445873858037,-521.7132375803047,0.37683456436186347,174.2434370464739,-521.0776079339981,0.05653743055268188,-0.03529007282975374,0.24786660286294704,50.694628946379616,101.07087977254767,TRACK
18.848,169.18464451503783,-521.3519246437953,0.08829871402551892,0.37170045939524776,0.7011683968037064,0.2733299745187874,0.7525598950560153,169.3305394365236,-521.6980282907165,0.37559694158428286,174.2434370464739,-521.0776079339981,0.05417267298392366,-0.03412604104159526,0.24744010494398472,50.694628946379616,101.07087977254767,TRACK
18.896,169.21843788095222,-521.3390124169335,0.0845452213500475,0.36934433543548356,0.7021694177148554,0.27181613763763657,0.7529448212546931,169.34663980144816,-521.6912442986268,0.3748373392553091,174.2434370464739,-521.0776079339981,0.05197395170641115,-0.032571269643636346,0.2470551787453069,53.124798497297306,98.2835120658887,TRACK
18.948,169.25509507690322,-521.3251208546313,0.08106595615007661,0.36685470897028577,0.7031412481078702,0.27018138957545856,0.7532632992942236,169.38347358211647,-521.677837898848,0.37535363842878344,174.2434370464739,-521.0776079339981,0.049577614822144886,-0.031488341327931726,0.24673670070577636,53.124798497297306,98.2835120658887,TRACK
18.996,169.2889757725155,-521.3123971462171,0.07729170984318155,0.36419069770482243,0.7040885501096834,0.2683949437444638,0.7535094771953105,169.41748031028297,-521.6654604620306,0.37572213296540635,174.2434370464739,-521.0776079339981,0.047354026118720076,-0.029937683724461477,0.24649052280468953,54.24968931272146,96.86686989843865,TRACK
19.048,169.3257259022049,-521.2987360295597,0.07388765057630574,0.36128795937767855,0.7050141997115493,0.2664065370896891,0.753669333858713,169.45432208970485,-521.6520511509436,0.37599009885644535,174.2434370464739,-521.0776079339981,0.044935384758315634,-0.028952265817990104,0.24633066614128696,54.24968931272146,96.86686989843865,TRACK
19.096,169.35969030960663,-521.2862459166588,0.07019904745453176,0.35817359542615246,0.7059163671167482,0.2642379890105273,0.753750377910111,169.4883276610908,-521.6396741351599,0.376110454294652,174.2434370464739,-521.0776079339981,0.04269492381926484,-0.02750412363526692,0.246249622089889,55.520631261802926,95.52315738962426,TRACK
19.148,169.39652876245546,-521.2728512151976,0.06610033445746932,0.3548733032230576,0.7067967635699118,0.2619113373069062,0.7537633671138402,169.52516180763155,-521.6262676022145,0.37609786349210655,174.2434370464739,-521.0776079339981,0.04026025853451275,-0.025840075922956576,0.24623663288615982,55.520631261802926,95.52315738962426,TRACK
19.192,169.43057239129539,-521.2606088524825,0.063374923176027,0.3514908130807574,0.707652689944902,0.25950959738073603,0.7537357366603811,169.559157707933,-521.6138941064178,0.3759583145814203,174.2434370464739,-521.0776079339981,0.03800497533064798,-0.02536994784537902,0.24626426333961893,58.223518053143415,92.92663751455638,TRACK
19.248,169.46749464531354,-521.2474787347152,0.0601483743902651,0.3480534093986567,0.7084894197402051,0.257057030962215,0.7536813484828463,169.59598081720839,-521.6004915907083,0.3756684347461575,174.7364817766684,-521.1519224698777,0.018133616265551652,-0.04201475812471345,0.2463186515171537,58.223518053143415,92.92663751455638,TRACK
19.292,169.50161425497714,-521.2354720990035,0.056760592733045685,0.34466286452757094,0.7093069432949132,0.25463545552335026,0.7536282604944943,169.62996804906703,-521.5881212499667,0.3752813879375545,174.7364817766684,-521.1519224698777,0.015958863467771436,-0.04080172926527425,0.24637173950550573,20.32004152210287,92.92663751455638,TRACK
19.348,169.538588221199,-521.2224362457226,0.05355888045436452,0.34266672569455353,0.7099127473273245,0.2532543662495835,0.7537332968910871,169.66680652534544,-521.5747131411256,0.3748852418446588,174.7364817766684,-521.1519224698777,0.013565004741756075,-0.03999387571260844,0.24626670310891285,20.32004152210287,130.96447906536008,TRACK
19.392,169.57275017241446,-521.2103812804492,0.049821421283049665,0.3414647780278498,0.7105408467087762,0.25251612651467653,0.754077375997716,169.700846678557,-521.5623235385867,0.3745291283049972,174.7364817766684,-521.1519224698777,0.011320556095358833,-0.03850086518769083,0.24592262400228404,48.005383452235435,103.1826509842964,TRACK
19.448,169.60980040974692,-521.1974338761082,0.04629275643359865,0.33961736586575675,0.7112281477907455,0.2512814729908247,0.7543128375404287,169.7377240769796,-521.5489012632438,0.3740237811398748,174.7364817766684,-521.1519224698777,0.008877128786101885,-0.037415627647496764,0.24568716245957134,48.005383452235435,103.1826509842964,TRACK
19.496,169.6440380633637,-521.1855842812105,0.0424304033397398,0.3373685090714947,0.7119478536862789,0.2497362535733914,0.7544785899661914,169.7717650723273,-521.5365113541924,0.37344879082738336,174.7364817766684,-521.1519224698777,0.006610052651900256,-0.03582035068783954,0.24552141003380856,49.990558293229626,100.61112017945537,TRACK
19.548,169.68116665601946,-521.1728560493008,0.038091260208179545,0.33487966128795904,0.7126700939252495,0.24799935652264152,0.7545875321068247,169.80864121957995,-521.523089534238,0.3727106898469903,174.7364817766684,-521.1519224698777,0.004140881285276873,-0.033950378922902674,0.24541246789317528,49.990558293229626,100.61112017945537,TRACK
19.596,169.71547197417445,-521.1612012304839,0.03518602966431761,0.33229754185127575,0.7133785059315523,0.24618263561258433,0.7546620321722116,169.82539453704155,-521.5175614267995,0.37292835685334785,174.7364817766684,-521.1519224698777,0.0018479848494072492,-0.03333804481491036,0.24533796782778838,53.29060956967158,97.3143755071111,TRACK
19.648,169.7526715226052,-521.1486866370259,0.031726220548195405,0.32957657467430157,0.7140776048317061,0.2442515537311148,0.75469573155163,169.86288702666388,-521.5059965253594,0.3739222026515553,174.7364817766684,-521.1519224698777,-0.0006492687787425253,-0.03237548932693793,0.24530426844837006,53.29060956967158,97.3143755071111,TRACK
19.696,169.78704183734797,-521.1372417831298,0.02741134448734517,0.3267282212264024,0.7147673214733392,0.24221556958455934,0.7546924578895329,169.8974947852789,-521.4953214455907,0.37472776568430316,174.7364817766684,-521.1519224698777,-0.0029661222027027776,-0.030377466690047945,0.24530754211046712,51.41222227594592,99.21759047137012,TRACK
19.744,169.8243105420912,-521.1249615667314,0.024684716101141646,0.3237788754430079,0.7154458101141004,0.2400954229113722,0.7546578822968802,169.93498440822148,-521.4837574284043,0.37547726295717476,174.7364817766684,-521.1519224698777,-0.005488536766040788,-0.030173252867182435,0.24534211770311976,51.41222227594592,99.21759047137012,TRACK
19.796,169.85874329462555,-521.1137471926893,0.02099879478314559,0.3206561548555064,0.7161119304704073,0.23783350228258002,0.7545734369629318,169.96958426303206,-521.4730847866363,0.3760441818468854,174.7364817766684,-521.1519224698777,-0.007826269880500846,-0.028825064663646437,0.24542656303706822,53.63071779874158,97.09394404425305,TRACK
19.848,169.89607829631544,-521.1017522696466,0.016884831377037113,0.3172295354120177,0.7167660354107456,0.23532683542506888,0.75440855575054,170.00705406726712,-521.4615268827115,0.37650151917932456,174.7364817766684,-521.1519224698777,-0.010364508649629879,-0.027249340026666992,0.24559144424946,53.63071779874158,97.09394404425305,TRACK
19.896,169.93057052919497,-521.090830525496,0.014049753762995108,0.3135306746774146,0.7174037877635606,0.2326001607907298,0.7541690987420376,170.04162581259033,-521.4508629115721,0.3767712767630825,174.7364817766684,-521.1519224698777,-0.012711149025586876,-0.026760902788581984,0.24583090125796236,56.49987253015544,94.46919236449753,TRACK
19.948,169.96796799952438,-521.0791743646299,0.010794004074608843,0.3095471010806892,0.7180262046480941,0.22964503342038423,0.7538557368197154,170.0790572423867,-521.439316844594,0.37688648921714707,175.22520933956227,-521.2507208781816,-0.032618945291989436,-0.04341294936659828,0.2461442631802846,56.49987253015544,94.46919236449753,TRACK
19.992,170.00251621111357,-521.0685741833738,0.007367334936451586,0.30540572536694593,0.718631075859164,0.226562260049047,0.7534992241993561,170.11358953154078,-521.4286650440711,0.37683247002934295,175.22520933956227,-521.2507208781816,-0.0348618794269213,-0.04222921436337289,0.2465007758006439,19.053445927981485,132.37369409777938,TRACK
20.048,170.03997283353456,-521.0571045305128,0.0032221365843545513,0.302515148653795,0.7192220809881991,0.22446505559646482,0.7534354404757714,170.15102244240867,-521.4171185202429,0.37675202512058475,175.22520933956227,-521.2507208781816,-0.03732258656923892,-0.04054472315359347,0.24656455952422862,19.053445927981485,132.37369409777938,TRACK
20.096,170.07457704202582,-521.0465406082695,0.0004047156261199891,0.3003365785307652,0.7198167062244216,0.22293088582806447,0.7535477890723725,170.185595650705,-521.4064540978361,0.37664685242949414,175.22520933956227,-521.2507208781816,-0.03962104153001708,-0.04002575715613707,0.24645221092762748,48.59783881403773,102.99346556858224,TRACK
20.144,170.1120967674463,-521.0352591580797,-0.003182285636229354,0.29744739079307014,0.7204174724529573,0.22083791360429056,0.7535056195547606,170.22303317297528,-521.3949061515787,0.37636796623053154,175.22520933956227,-521.2507208781816,-0.042114137131254024,-0.03893185149502467,0.2464943804452394,48.59783881403773,102.99346556858224,TRACK
20.196,170.14675920891904,-521.0249874341671,-0.007689876825034636,0.2941738812060977,0.7210183261664429,0.2184426307057752,0.7533821139219584,170.2575772543457,-521.3842507136386,0.3759664122881441,175.22520933956227,-521.2507208781816,-0.04442003973400555,-0.036730162908970916,0.24661788607804158,47.500917232128,103.8031890978534,TRACK
20.248,170.1843394516497,-521.0139970244614,-0.010656014194419637,0.2907953775549732,0.7216058534645236,0.21596162143903355,0.7532293340602448,170.29159531856877,-521.3737575305003,0.37540836790602233,175.22520933956227,-521.2507208781816,-0.04692643750237407,-0.03627042330795443,0.24677066593975516,47.500917232128,103.8031890978534,TRACK
20.296,170.2190544311015,-521.0039741270056,-0.015052244120798752,0.2873949608267886,0.7221738632547865,0.21345868121785028,0.7530602215995789,170.31189658064736,-521.3685881939865,0.3762486977687505,175.22520933956227,-521.2507208781816,-0.04924882131696477,-0.03419657719616602,0.24693977840042114,50.713601352947265,100.91815730556188,TRACK
20.348,170.25669012179927,-520.9932657028987,-0.01808797147271224,0.2838295298588178,0.7227301600428093,0.21082407427993466,0.752851694911751,170.34980133696288,-521.3589364570596,0.37733910324511516,175.22520933956227,-521.2507208781816,-0.05177098235412512,-0.03368301088141288,0.24714830508824903,50.713601352947265,100.91815730556188,TRACK
20.396,170.29145604621144,-520.9835321302091,-0.02184791305334044,0.2800363101720552,0.7232761361999087,0.2080096158101733,0.7525930968762369,170.38477795151994,-521.3500303166405,0.37819293841623147,175.22520933956227,-521.2507208781816,-0.0541024221603589,-0.03225450910701846,0.24740690312376312,52.21161056608322,99.6793625271708,TRACK
20.448,170.32914568044652,-520.9731744072544,-0.026241204482815528,0.27589528898791404,0.7238097189583415,0.20492169324108817,0.7522588714128587,170.42264950468257,-521.3403870342752,0.3789301764049101,175.22520933956227,-521.2507208781816,-0.05662707111080361,-0.030385866627988083,0.24774112858714126,52.21161056608322,99.6793625271708,TRACK
20.492,170.36395950457467,-520.963802727355,-0.029024401842814296,0.2713726935448024,0.724327118257361,0.2015342665402664,0.7518416288241402,170.45758456404621,-521.3314914751086,0.37942148988384283,175.22520933956227,-521.2507208781816,-0.05895308656190632,-0.029928684719092026,0.24815837117585982,55.37541454266031,96.95089738364587,TRACK
20.548,170.40169918443428,-520.9538794783715,-0.03243639657680508,0.26639014365193747,0.7248297028454467,0.19778837217827375,0.7513310444111503,170.495399221142,-521.321862680262,0.3797253398874409,175.22520933956227,-521.2507208781816,-0.06146302240662926,-0.029026625829824175,0.24866895558884972,55.37541454266031,96.95089738364587,TRACK
20.596,170.43655814066548,-520.9449354016775,-0.03667998615636203,0.2610672802951975,0.7253191960353952,0.19377966780947076,0.7507586135328591,170.53027441308333,-521.3129823652142,0.3797911361320601,175.22520933956227,-521.2507208781816,-0.06376970289652639,-0.02708971674016436,0.2492413864671409,53.633382013734504,99.37337526495229,TRACK
20.648,170.47434772377457,-520.9354689494178,-0.039447026561011844,0.25560988921151934,0.7258104406572563,0.18967328967058772,0.7501844790326865,170.5680267024337,-521.3033694511471,0.3796400008103697,175.70840468142924,-521.3737575304997,-0.08354292722861348,-0.044095900667601634,0.24981552096731352,53.633382013734504,99.37337526495229,TRACK
20.696,170.50925526865888,-520.9269278927447,-0.04351771506837587,0.2501402862295532,0.7263109678752849,0.18556617652679247,0.7496415329520543,170.60285115153903,-521.2945020568129,0.37930324989713926,175.70840468142924,-521.3737575304997,-0.08573217120490043,-0.04221445613652455,0.25035846704794573,20.870656088876984,132.87801480710246,TRACK
20.748,170.5471072642484,-520.9177479601053,-0.047236289862315754,0.2458683063199766,0.7268751763561867,0.1824060228924025,0.7494127562233386,170.64059353854884,-521.2848916641915,0.3788590541780573,175.70840468142924,-521.3737575304997,-0.0881229115227674,-0.04088662166045164,0.2505872437766614,20.870656088876984,132.87801480710246,TRACK
20.796,170.5820826816967,-520.9093505105961,-0.050213834428698645,0.24228700199161524,0.727497950191988,0.1797953175511285,0.7493861646353337,170.67544738716236,-521.2760167838227,0.37836638876693424,175.70840468142924,-521.3737575304997,-0.0903460166514503,-0.04013218222275165,0.2506138353646663,49.5520681524575,132.87801480710246,TRACK
20.848,170.6200215411013,-520.9004639893947,-0.05484148747095174,0.23801638023862254,0.7282313751556926,0.17668007987970208,0.7493575824581006,170.7132011863241,-521.2664034853103,0.3776164203988665,175.70840468142924,-521.3737575304997,-0.09274766432603473,-0.037906176855083,0.2506424175418994,49.5520681524575,104.43138105072865,TRACK
20.892,170.65507198941523,-520.8924552078739,-0.05779583370784036,0.23333479227799192,0.7289265794736804,0.17323941717722957,0.7492301741968925,170.74803255622697,-521.2575343287247,0.37672859124720964,175.70840468142924,-521.3737575304997,-0.0949580882495213,-0.03716225454168094,0.25076982580310747,50.75386916638935,102.89680106343131,TRACK
20.948,170.69307429747434,-520.8839843351136,-0.0614259250647955,0.22843123993006,0.7295870424403201,0.16962111089807097,0.749045107960201,170.7747906604357,-521.250720878182,0.37573029688518006,175.70840468142924,-521.3737575304997,-0.09734655388242666,-0.03592062881763116,0.25095489203979904,50.75386916638935,102.89680106343131,TRACK
20.996,170.72818050777147,-520.8763511694946,-0.06537323112690574,0.22341723580370149,0.7302143610027887,0.16591222138925166,0.7488256661072903,170.80271962141046,-521.2450749169158,0.37618251072374315,175.70840468142924,-521.3737575304997,-0.09954617522126485,-0.034172944094359115,0.2511743338927097,50.56196019202854,103.3910923006336,TRACK
21.048,170.76624147751915,-520.8682864271517,-0.06980113358858753,0.21830466826896422,0.7308189387227088,0.1621248635184666,0.7485858618533132,170.84085255867038,-521.2373661773412,0.3765457149278005,175.70840468142924,-521.3737575304997,-0.10192289180898824,-0.03212175822040071,0.2514141381466868,50.56196019202854,103.3910923006336,TRACK
21.096,170.80140042195654,-520.8610397953995,-0.07285178771690104,0.21304379174910074,0.7313996133591153,0.15822118448009534,0.7483176716075518,170.87603851832003,-521.2302531821432,0.37668205476172395,175.70840468142924,-521.3737575304997,-0.10410914033296943,-0.03125735261606839,0.2516823283924482,55.58204798285257,98.69815229594681,TRACK
21.148,170.8395139866333,-520.853435594361,-0.07720892575094851,0.2074079889856386,0.7319433570847176,0.15402589228641578,0.7479739657735909,170.9141325403986,-521.2225523094422,0.3765834275673248,175.70840468142924,-521.3737575304997,-0.10646257164513223,-0.029253645894183722,0.2520260342264091,55.58204798285257,98.69815229594681,TRACK
21.196,170.87471644563485,-520.8466545326506,-0.08010059448862394,0.20142580594306653,0.7324477789912973,0.14956207162449603,0.7475617447528299,170.94926988434602,-521.2154491421204,0.37625480621199264,175.70840468142924,-521.3737575304997,-0.10861859920957909,-0.028518004720955142,0.2524382552471701,56.08192460815337,98.61241951572512,TRACK
21.248,170.9128736862342,-520.8395722282504,-0.08352807049764399,0.1951655671877745,0.7329186373015819,0.14488470309592005,0.747101938222088,170.9873045061406,-521.207760277446,0.37563597607579496,175.70840468142924,-521.3737575304997,-0.11093498779320363,-0.027406917295559635,0.25289806177791196,56.08192460815337,98.61241951572512,TRACK
21.296,170.94811462684154,-520.8332771357304,-0.08714721738868758,0.188732943007519,0.7333623061745228,0.1400767733037429,0.7466202344812272,171.02238443716132,-521.2006687163977,0.37482339610822357,176.18486650251606,-521.5207265383284,-0.13052763352279254,-0.043380416134104954,0.25337976551877284,55.94095390636127,99.36517911171077,TRACK
21.348,170.98631414808784,-520.8267120123757,-0.09048562419502648,0.18225395523147364,0.7337976612481413,0.13523823292005585,0.7461557393041892,171.06035923402754,-521.1929919455935,0.37368926159292015,176.18486650251606,-521.5207265383284,-0.13271675579760006,-0.04223113160257358,0.2538442606958108,55.94095390636127,99.36517911171077,TRACK
21.392,171.02159688922183,-520.8208770111788,-0.09410486882804324,0.17583460194838707,0.7342384672465947,0.13045173512491356,0.7457370729565007,171.09538996666737,-521.1859103302124,0.37241743015543766,176.18486650251606,-521.5207265383284,-0.1347228213311476,-0.04061795250310436,0.2542629270434993,22.882484228200255,132.98201649731482,TRACK
21.448,171.05985868848327,-520.814658633878,-0.09827761362086362,0.17068338850508477,0.7347863448930971,0.12664809043271175,0.7456210240139489,171.1333572522795,-521.178235077841,0.3709310845492406,176.18486650251606,-521.5207265383284,-0.1369072960890661,-0.038629682468202475,0.2543789759860511,22.882484228200255,132.98201649731482,TRACK
21.496,171.09521505729754,-520.8090188245344,-0.101336785510874,0.16630636782662497,0.7354179801178558,0.12344486857849381,0.7457065381629616,171.16842081218357,-521.1711468262853,0.369453342386445,176.18486650251606,-521.5207265383284,-0.13893339738763724,-0.03759661187676325,0.2542934618370384,51.9439159304583,104.00634706259876,TRACK
21.548,171.13354646688967,-520.8031469564553,-0.10498555474099192,0.16130084401407108,0.7360215593313435,0.1197613535700421,0.7457013595330714,171.20638767697346,-521.1634716589849,0.3676135649558291,176.18486650251606,-521.5207265383284,-0.1411136441798291,-0.03612808943883719,0.2542986404669286,51.9439159304583,104.00634706259876,TRACK
21.596,171.16895658861685,-520.7979403842924,-0.10886298571262754,0.15594242616974613,0.7366128178260642,0.11580946850858122,0.7456609661112044,171.24141873715126,-521.1563899773906,0.3657005246954665,176.18486650251606,-521.5207265383284,-0.14311357951391562,-0.03425059380128809,0.25433903388879564,51.57764897363499,104.01669134429325,TRACK
21.648,171.20734752047574,-520.7925148028494,-0.1133987482578005,0.150500977427097,0.7371988344832843,0.11179449116600691,0.7456273397740852,171.26351822332956,-521.1519224698782,0.36377055815193454,176.18486650251606,-521.5207265383284,-0.14526955567400557,-0.03187080741620507,0.25437266022591476,51.57764897363499,104.01669134429325,TRACK
21.696,171.2428128655338,-520.7876963065943,-0.11696650361762928,0.14508889651311388,0.7377807167959141,0.10780128778465961,0.7456148494523991,171.29695157915182,-521.1468832023053,0.36324403142063033,176.18486650251606,-521.5207265383284,-0.14725142959371332,-0.030284925976084037,0.2543851505476009,56.68414067326758,99.02916636111316,TRACK
21.748,171.28126165545316,-520.7826978652182,-0.12074200905567367,0.1395549289865943,0.7383473980668664,0.10371419247591149,0.7455960796255853,171.33528294137247,-521.1411056790531,0.3624561495550718,176.18486650251606,-521.5207265383284,-0.1493861168270599,-0.028644107771386235,0.2544039203744147,56.68414067326758,99.02916636111316,TRACK
21.796,171.31677774772845,-520.7782914859728,-0.12363979229667454,0.13391350012955644,0.7388973149174232,0.09954407377399388,0.745572440890689,171.37065949502463,-521.1357735215333,0.36151991430654823,176.18486650251606,-521.5207265383284,-0.15134437626057137,-0.02770458396389683,0.25442755910931103,57.04454636657944,98.66429541021914,TRACK
21.844,171.35527814781605,-520.7737498018485,-0.12707181298828085,0.1281417368259726,0.7394205629782465,0.09527267571293935,0.7455331325250206,171.40897400518432,-521.1299985383207,0.3602726846939552,176.18486650251606,-521.5207265383284,-0.15345085257494367,-0.026379039586662822,0.2544668674749794,57.04454636657944,98.66429541021914,TRACK
21.896,171.3908373393949,-520.7697771966035,-0.1312500545042985,0.12223260784641149,0.7399091378649179,0.09089415245776278,0.7454711793537165,171.4443287721839,-521.1246696646105,0.3589010967242585,176.18486650251606,-521.5207265383284,-0.15537999279124715,-0.02412993828694865,0.25452882064628346,56.9628642529396,98.79668183653061,TRACK
21.948,171.42937953051748,-520.7657148977338,-0.13411690488336347,0.11620601078314675,0.7403595337065205,0.08642359533599246,0.7453866627334674,171.4826134944072,-521.1188991712067,0.3571736075636399,176.18486650251606,-521.5207265383284,-0.15745224237066138,-0.023335337487297908,0.25461333726653257,56.9628642529396,98.79668183653061,TRACK
21.996,171.46497361268672,-520.762186279221,-0.13763933292296726,0.11011931533826322,0.7407738793932892,0.08190484695716972,0.7452880948643019,171.51793694325832,-521.1135750179478,0.3553577916540257,176.65341024366322,-521.6912625135577,-0.17718878289670897,-0.03954944997374171,0.2547119051356981,59.93453285422231,95.94795782169112,TRACK
22.048,171.50355004580217,-520.7586054049946,-0.14088494837226473,0.10397499432816057,0.7411520906519509,0.0773401885850486,0.7451764396759525,171.5561841956343,-521.107810172215,0.35314915146152426,176.65341024366322,-521.6912625135577,-0.17916148848233052,-0.03827654011006579,0.2548235603240475,59.93453285422231,95.94795782169112,TRACK
22.092,171.53917434075012,-520.7555114472874,-0.1442945012570125,0.09790621213054718,0.741509342919233,0.07283123086169159,0.7450775086025223,171.59147312686886,-521.1024912216496,0.35089902656742195,176.65341024366322,-521.6912625135577,-0.18096810528601065,-0.036673604028998164,0.2549224913974777,24.687727294223585,131.34277796780546,TRACK
22.148,171.5778058287193,-520.7522356629588,-0.14751896608099013,0.09324469545465273,0.7420007034593175,0.06938884842563318,0.7452381204822774,171.62972924771918,-521.0967250392092,0.3483804985788268,176.65341024366322,-521.6912625135577,-0.18293939270854237,-0.03542042662755224,0.25476187951772256,24.687727294223585,131.34277796780546,TRACK
22.196,171.61350199143362,-520.7492796573886,-0.15126336353724268,0.08952347888989218,0.7425849770404562,0.06665695875966562,0.7455706527736071,171.66506811922542,-521.0913985613591,0.34598325102447675,176.65341024366322,-521.6912625135577,-0.18477286641111443,-0.03350950287387175,0.2544293472263929,52.26239881404174,103.59635750514809,TRACK
22.248,171.65219353873994,-520.7462671594393,-0.15478269154938062,0.08538347724506672,0.7431041111764893,0.06360345169849257,0.7458211039621785,171.70334416276765,-521.0856293760561,0.34319542596818886,176.65341024366322,-521.6912625135577,-0.18675132024440347,-0.031968628695022844,0.2541788960378215,52.26239881404174,103.59635750514809,TRACK
22.292,171.68792862046783,-520.7436524712022,-0.15861863132119236,0.08106031335343929,0.7435859765305928,0.06040767866653469,0.7460356507130437,171.73867078623113,-521.0803047443014,0.34045487273537306,176.65341024366322,-521.6912625135577,-0.18857207395168094,-0.029953442630488575,0.2539643492869563,54.838391045645054,100.43530195634004,TRACK
22.348,171.726662018923,-520.7409922374976,-0.16209024196289934,0.07668749790812783,0.744036451270129,0.05717041029846145,0.7462296540826701,171.76030800049605,-521.0772331855267,0.3379201491587819,176.65341024366322,-521.6912625135577,-0.19053994624654813,-0.02844970428364879,0.25377034591732994,54.838391045645054,100.43530195634004,TRACK
22.396,171.76243491309395,-520.7386857495549,-0.1657643484328648,0.07238005245548569,0.7444677133220801,0.0539789079431943,0.7464220647071914,171.79595476176516,-521.0736661890622,0.3366533456056769,176.65341024366322,-521.6912625135577,-0.1923541090893224,-0.0265897606564576,0.2535779352928086,56.91332761811054,98.22390634195565,TRACK
22.448,171.80120864165778,-520.736350962793,-0.1700427939110385,0.06809497634317198,0.744881032838929,0.050801201059949515,0.7466113547973424,171.83457541153788,-521.0698016101696,0.3351159136300476,176.65341024366322,-521.6912625135577,-0.1943164096880167,-0.024273615776978202,0.2533886452026576,56.91332761811054,98.22390634195565,TRACK
22.492,171.8370170085749,-520.7343495857998,-0.1727345392076658,0.06380129320688592,0.7452753467825695,0.047614154597971255,0.746794784555944,171.87022706560606,-521.0662341241068,0.3335419833473286,176.65341024366322,-521.6912625135577,-0.19612439355589364,-0.02338985434822785,0.25320521544405605,60.22311743209297,94.71763977673106,TRACK
22.548,171.87582353956157,-520.7323658764902,-0.17688370136873544,0.05934479881195686,0.7456267801266843,0.04430109007232739,0.7469416856915159,171.90884541028484,-521.0623697758737,0.33165195243557993,176.65341024366322,-521.6912625135577,-0.1980755853712088,-0.021191884002473377,0.25305831430848413,60.22311743209297,94.71763977673106,TRACK
22.596,171.91165548774347,-520.7307103376941,-0.18009774340631535,0.05473223859383362,0.745932029242081,0.040867345602430556,0.7470506891676075,171.94448614858646,-521.0588033820981,0.3297315545677608,176.65341024366322,-521.6912625135577,-0.19986850942086007,-0.01977076601454472,0.25294931083239247,60.34364841319948,94.44133235508636,TRACK
22.644,171.95048248909987,-520.7291086255985,-0.18273161297281182,0.05000512852625208,0.7461914050600159,0.03734452913066481,0.7471253086607572,171.98308691505937,-521.0549407928297,0.32745938648130035,176.65341024366322,-521.6912625135577,-0.20180140619328113,-0.01906979322046931,0.2528746913392428,60.34364841319948,94.44133235508636,TRACK
22.696,171.98633000757653,-520.7278026616855,-0.18656553932216213,0.04524780407705742,0.7464125688479812,0.03379659746772586,0.7471773102380973,172.0187084358382,-521.0513763220573,0.32518960054577933,177.11287103130542,-521.884941476883,-0.22199518380563277,-0.035429644483470635,0.2528226897619027,60.156101446568925,94.60216656820668,TRACK
22.744,172.02517284815835,-520.7265634449866,-0.1899080300003091,0.040572752109860305,0.7466103659749901,0.030308669981081962,0.747225303410779,172.05728897097794,-521.0475157572391,0.3225551613061062,177.11287103130542,-521.884941476883,-0.22386587481549947,-0.033957844815190374,0.252774696589221,60.156101446568925,94.60216656820668,TRACK
22.792,172.0610360429201,-520.7255685944042,-0.19240696732663642,0.03607804924569353,0.7467991996882306,0.026954754317712777,0.7472854899135336,172.09289518967773,-521.0439528176706,0.3199742471779484,177.11287103130542,-521.884941476883,-0.22558908573055697,-0.033182118403920546,0.2527145100864664,26.29539438329249,128.45022025149086,TRACK
22.848,172.0999240163959,-520.7245070071336,-0.19628547569704605,0.03300063508230757,0.7471654551152027,0.02466588924294609,0.7475724870603875,172.13150281198187,-521.0400895423729,0.31715856740551124,177.11287103130542,-521.884941476883,-0.2274806735095782,-0.03119519781253216,0.2524275129396125,26.29539438329249,128.45022025149086,TRACK
22.896,172.1358541369275,-520.7235395422503,-0.19955100520871327,0.03087004177686517,0.7476480080343924,0.023087259449285663,0.7480043886680569,172.16717257978038,-521.036520243758,0.31454374000925084,177.11287103130542,-521.884941476883,-0.22925060561156432,-0.02969960040285105,0.25199561133194315,53.53637184379213,100.89288164467013,TRACK
22.948,172.1747901034541,-520.7226176596749,-0.20224080472133,0.02834876338159983,0.7480402106898005,0.02121169751432989,0.7483408935239879,172.20581387837066,-521.0326535986395,0.31158427120077775,177.11287103130542,-521.884941476883,-0.2311717219469562,-0.028930917225626213,0.2516591064760121,53.53637184379213,100.89288164467013,TRACK
23.0,172.21074190849828,-520.7218753853927,-0.20587282779485735,0.025649996905329583,0.7483747153956135,0.019200020025999673,0.7486209691242053,172.24148280538228,-521.0290843841581,0.3087432131459463,177.11287103130542,-521.884941476883,-0.23295008008448048,-0.027077252289623127,0.2513790308757947,53.78274621845539,100.01010945420963,TRACK
23.048,172.2497018383294,-520.7211741146622,-0.20916268866873344,0.02297005435942981,0.7486738619473985,0.017200104472012475,0.7488714143009335,172.26498239122932,-521.0273489928192,0.30655595135532626,177.11287103130542,-521.884941476883,-0.2348851341133138,-0.025722445444580355,0.2511285856990665,53.78274621845539,100.01010945420963,TRACK
23.096,172.28567624620533,-520.7206122670598,-0.2131999371511677,0.0203948548894288,0.7489514010277618,0.015276873340962241,0.7491071912353553,172.30089538762627,-521.0255566496833,0.3053239243151634,177.11287103130542,-521.884941476883,-0.23668123977809305,-0.023481302626925354,0.2508928087646447,56.94285939693678,96.67856343692786,TRACK
23.148,172.32465873220082,-520.7201034804007,-0.21598331231393122,0.017823104305769836,0.7492005279453833,0.013354493261796602,0.749319540359065,172.33980634665292,-521.0236146844529,0.3038889619726915,177.11287103130542,-521.884941476883,-0.23863647544495462,-0.02265316313102339,0.250680459640935,56.94285939693678,96.67856343692786,TRACK
23.196,172.36064998858316,-520.7197314643489,-0.21993025864439342,0.015201371659950816,0.7494165876191126,0.01139303766422179,0.7495031841866273,172.37572669913493,-521.0218219741901,0.30246649952870475,177.11287103130542,-521.884941476883,-0.24044907350593472,-0.020518814861541307,0.2504968158133727,58.42513319711617,94.99140337145954,TRACK
23.248,172.39964480584078,-520.7194451868238,-0.22255389643597945,0.012449354142021267,0.7495858981094619,0.009332342439188516,0.7496439896777475,172.41463888140763,-521.0198799479101,0.30080868998599625,177.11287103130542,-521.884941476883,-0.24241897053075606,-0.019865074094776614,0.2503560103222525,58.42513319711617,94.99140337145954,TRACK
23.296,172.43564120038084,-520.7192951036143,-0.22587351507376563,0.009550644539953846,0.7497045439591044,0.007160379321547991,0.7497387373378523,172.45055331059342,-521.0180875332667,0.2991643144637626,177.11287103130542,-521.884941476883,-0.24424182512885614,-0.018368310055090514,0.25026126266214765,59.581912063043546,93.71873026364861,TRACK
23.348,172.47463538327847,-520.7192632654694,-0.22893043249832723,0.006493299455400354,0.7497687999997406,0.004868541764914722,0.7497846065050734,172.4894521930917,-521.0161461707507,0.2972524134491227,177.11287103130542,-521.884941476883,-0.24621998650840993,-0.017289554010082697,0.2502153934949266,59.581912063043546,93.71873026364861,TRACK
23.396,172.51062727797566,-520.7193523170158,-0.23272810310248193,0.0033545478655722994,0.7497906188335195,0.002515217954616517,0.7497948375469862,172.52535022854863,-521.0143545742844,0.2953694247330746,177.562106573531,-522.1012819118849,-0.2670356035368829,-0.03430750043440095,0.25020516245301383,60.78316103653126,92.5332533340578,TRACK
23.448,172.54961502631153,-520.7195734130509,-0.23587660825951673,0.000195717406859494,0.7497814391178216,0.0001467452808492271,0.7497814534781245,172.56423010041672,-521.0124141605496,0.2932052246920775,177.562106573531,-522.1012819118849,-0.2689732292437963,-0.03309662098427957,0.2502185465218755,60.78316103653126,92.5332533340578,TRACK
23.492,172.58560187143993,-520.7198817212354,-0.2383803744433635,-0.0028711646136202707,0.7497620144878856,-0.0021526960799494437,0.7497651048624129,172.60011218339542,-521.0106233602384,0.2911035035913453,177.562106573531,-522.1012819118849,-0.27076733805437986,-0.03238696361101637,0.2502348951375871,24.411031384507766,128.97998073351334,TRACK
23.544,172.62462197055333,-520.7201775957284,-0.24132921341066482,-0.004521040037646269,0.749980591911172,-0.003390715385371063,0.7499882567042343,172.6390206028969,-521.0086815217504,0.2888630054948028,177.562106573531,-522.1012819118849,-0.2727473728844716,-0.03141815947380677,0.2500117432957657,24.411031384507766,128.97998073351334,TRACK
23.596,172.66067202625348,-520.7204174015088,-0.24469921154396412,-0.0052675414842276065,0.7503523742224715,-0.003952548816188327,0.7503627843539712,172.67496914971204,-521.0068874043669,0.28682655085731973,177.562106573531,-522.1012819118849,-0.2746090637730959,-0.029909852229131784,0.2496372156460288,50.80943955792473,102.36134474928612,TRACK
23.648,172.6997305626782,-520.7207552795119,-0.24883000370245645,-0.006452331111190084,0.7506230384110799,-0.004843335597216081,0.7506386638677686,172.71391381992348,-521.0049437566812,0.2845421855224708,177.562106573531,-522.1012819118849,-0.2766401649779161,-0.027810161275459655,0.24936133613223144,50.80943955792473,102.36134474928612,TRACK
23.696,172.7357885526241,-520.7211343215862,-0.2514658049185763,-0.007873835086613995,0.7508278183225439,-0.0059120165967329365,0.7508510935646501,172.74986334954184,-521.0031495902481,0.28236627218334037,177.562106573531,-522.1012819118849,-0.2785294359956076,-0.027063631077031303,0.24914890643534993,55.439442740831765,97.14854658232696,TRACK
23.744,172.7748518301383,-520.7216212223167,-0.2547181303598973,-0.009480899243496908,0.7509639882552483,-0.007120027243119727,0.7509977406385265,172.7748518301383,-521.0031081799918,0.2814869576751562,177.562106573531,-522.1012819118849,-0.28059122104116,-0.0258730906812627,0.24900225936147347,55.439442740831765,97.14854658232696,TRACK
23.796,172.81091059998312,-520.7221330877946,-0.25824555090892143,-0.011131040339001292,0.7510551224844424,-0.008360370151491719,0.7511016527735714,172.81091059998312,-521.0031081799918,0.2809750921971954,177.562106573531,-522.1012819118849,-0.28251017951193397,-0.02426462860301254,0.24889834722642856,54.07498409807675,98.46301903396707,TRACK
23.848,172.84997610724898,-520.7227474253115,-0.2614310944927307,-0.012739111048952803,0.7511267439043341,-0.009569204654003426,0.75118769630901,172.84997610724898,-521.0031081799918,0.28036075468037325,177.562106573531,-522.1012819118849,-0.2846081362688027,-0.023177041776071994,0.24881230369099006,54.07498409807675,98.46301903396707,TRACK
23.896,172.8860364408465,-520.723374225466,-0.2649009199815955,-0.014363759813028959,0.7511723160198358,-0.010790400818898285,0.7512498127150758,172.8860364408465,-521.0031081799918,0.2797339545257955,177.562106573531,-522.1012819118849,-0.2865617289184958,-0.02166080893690031,0.24875018728492415,56.73936629058356,95.77979760189687,TRACK
23.948,172.92509513151086,-520.7241389988092,-0.26876968507057986,-0.01618864018629328,0.7511570387306026,-0.012161273418676975,0.7512554781202543,172.92509513151086,-521.0031081799918,0.2789691811826742,177.562106573531,-522.1012819118849,-0.2886924266791759,-0.01992274160859603,0.24874452187974572,56.73936629058356,95.77979760189687,TRACK
24.0,172.9611391014682,-520.7249355287217,-0.27185880211792357,-0.018255669703404677,0.7510726894472275,-0.013712858334682115,0.7511978616298095,172.9611391014682,-521.0031081799918,0.27817265127009705,177.562106573531,-522.1012819118849,-0.2906702051663675,-0.01881140304844392,0.2488021383701905,59.472794048236395,93.07098099612587,TRACK
24.048,173.000169852609,-520.7259138457837,-0.2751993089317479,-0.020636432245126426,0.7509042269729098,-0.015498184295957063,0.7510641462633233,173.000169852609,-521.0031081799918,0.2771943342081613,177.9999999999994,-522.3397459621552,-0.31222031117739607,-0.037021002245648194,0.2489358537366767,59.472794048236395,93.07098099612587,TRACK
24.096,173.03618102014346,-520.7269257324971,-0.27760856046989324,-0.02324461642536764,0.7506691774712129,-0.017452160410911216,0.7508720209918035,173.03618102014346,-521.0031081799918,0.2761824474947616,177.9999999999994,-522.3397459621552,-0.3141551972071155,-0.03654663673722225,0.2491279790081965,19.520016551555024,133.26038393466675,TRACK
24.148,173.07522028610384,-520.7279818278918,-0.2806627830881696,-0.02457511941061282,0.7506992554742551,-0.018452238654414567,0.750925999870134,173.07522028610384,-521.0031081799918,0.27512635210007375,177.9999999999994,-522.3397459621552,-0.31628943774313906,-0.03562665465496945,0.24907400012986602,19.520016551555024,133.26038393466675,TRACK
24.196,173.11128088230427,-520.7289270410722,-0.28482904357261174,-0.025146151413237776,0.750896363353067,-0.018886134566105144,0.7511338326661303,173.11128088230427,-521.0031081799918,0.27418113891963003,177.9999999999994,-522.3397459621552,-0.3182940075890943,-0.03346496401648258,0.24886616733386968,47.346954375308556,105.48252609194988,TRACK
24.248,173.15033823622502,-520.7300388341422,-0.2876800781112434,-0.026305560937113864,0.7509686721845685,-0.01975921005437968,0.7512285757242113,173.15033823622502,-521.0031081799918,0.2730693458496489,177.9999999999994,-522.3397459621552,-0.32047938912294693,-0.032799311011703525,0.2487714242757887,47.346954375308556,105.48252609194988,TRACK
24.292,173.1863878268333,-520.7311307175166,-0.29143928323857904,-0.027696483069896888,0.7509912351053787,-0.020805136140657546,0.7512793680748416,173.1863878268333,-521.0031081799918,0.27197746247520627,177.9999999999994,-522.3397459621552,-0.32251279590870185,-0.031073512670122816,0.24872063192515836,50.86967761113629,101.56991094150945,TRACK
24.348,173.22543864178397,-520.7323760365924,-0.29567822468951754,-0.02916043044879286,0.7509863265248358,-0.021905293809260894,0.751305733056881,173.22543864178397,-521.0031081799918,0.27073214339941387,177.9999999999994,-522.3397459621552,-0.32473518286410336,-0.029056958174585812,0.24869426694311902,50.86967761113629,101.56991094150945,TRACK
24.396,173.26148497042144,-520.73357195773,-0.29908594571361463,-0.030562176765785633,0.7509789252226913,-0.022958699270560306,0.7513297864458885,173.2493069173797,-521.0031081799918,0.2698111934058542,177.9999999999994,-522.3397459621552,-0.3268072932556243,-0.027721347542009667,0.24867021355411145,54.42105845708885,98.09030530682274,TRACK
24.448,173.30053128157434,-520.7349284537445,-0.3019063532180652,-0.03201978679775288,0.7509480110777248,-0.024053416162077124,0.751333136611621,173.28705296996662,-521.0049920071588,0.2703996815207804,177.9999999999994,-522.3397459621552,-0.32907272940598925,-0.027166376187924057,0.24866686338837896,54.42105845708885,98.09030530682274,TRACK
24.496,173.33656578991796,-520.7362514353682,-0.3054899869580756,-0.03365694143460058,0.7508678305394165,-0.02528146151171435,0.7512933190406649,173.32306380974265,-521.0067892334547,0.27087451645021016,177.9999999999994,-522.3397459621552,-0.3311802661118832,-0.025690279153807616,0.24870668095933512,52.791644456362235,99.72985182708331,TRACK
24.548,173.37558867800058,-520.7377772901035,-0.3088055111360455,-0.03555511871210768,0.7507181442529206,-0.02670312608553751,0.7511929106782684,173.36206570411198,-521.0087357370793,0.2712956888900372,177.9999999999994,-522.3397459621552,-0.3334781147821137,-0.024672603646068214,0.24880708932173157,52.791644456362235,99.72985182708331,TRACK
24.596,173.41158878061998,-520.7392934347178,-0.31296196778411156,-0.037841330130588754,0.7504675420308249,-0.02841225310111993,0.7510051849142388,173.3980518400602,-521.0105317304584,0.27157588596194693,177.9999999999994,-522.3397459621552,-0.33560823241493704,-0.022646264630825474,0.24899481508576116,55.19451051658703,97.48911900417858,TRACK
24.648,173.45055654028843,-520.7410817337623,-0.3164458529388423,-0.040645680198238325,0.7500869000884659,-0.030504592699902695,0.7507069254110496,173.43701180849544,-521.0124761416466,0.2717321924068864,177.9999999999994,-522.3397459621552,-0.33791949430503265,-0.021473641366190344,0.24929307458895045,55.19451051658703,97.48911900417858,TRACK
24.696,173.48649400420922,-520.742874958917,-0.3196659544800946,-0.04386666985957571,0.7496004928132622,-0.03290358534170212,0.7503222939205687,173.4729492555343,-521.0142697050633,0.27173253108977913,177.9999999999994,-522.3397459621552,-0.3400546401365889,-0.02038868565649432,0.2496777060794313,58.31548295607631,94.81085799115012,TRACK
24.748,173.52538969362232,-520.744978431649,-0.3224047780897268,-0.0474190403273103,0.749038229839843,-0.035545320014146356,0.7498811502741708,173.51185302336353,-521.016211311396,0.2715704632274056,178.42546263865705,-522.599740768492,-0.36185075118813215,-0.03944597309840536,0.2501188497258292,58.31548295607631,94.81085799115012,TRACK
24.796,173.5612643725146,-520.7470566554349,-0.3257553453459199,-0.05107133451503337,0.7484610496520245,-0.038258173114929524,0.7494382100322229,173.5477420297203,-521.0180024572386,0.2712830279794359,178.42546263865705,-522.599740768492,-0.36391723318427255,-0.03816188783835267,0.2505617899677771,16.832377738837508,136.9206660295339,TRACK
24.848,173.6001601647541,-520.749279788962,-0.32894767827228977,-0.053178869429202365,0.7482982838859382,-0.039831211264677285,0.7493576229394424,173.5866518573043,-521.019944366001,0.2710014531951479,178.42546263865705,-522.599740768492,-0.3661941394430591,-0.03724646117076935,0.2506423770605576,16.832377738837508,136.9206660295339,TRACK
24.896,173.63609439122425,-520.751313401452,-0.33261702222707346,-0.05435305923034621,0.7484142858706895,-0.04071871172815479,0.7495211516562655,173.62259804236098,-521.021738365514,0.2707615419896209,178.42546263865705,-522.599740768492,-0.36833061645019805,-0.03571359422312459,0.25047884834373446,47.63624022491858,106.251768638993,TRACK
24.948,173.67501043315215,-520.7536344124728,-0.3361887880476775,-0.056179620183880855,0.7484041834076012,-0.04208935218673872,0.7495867763704864,173.66153294204642,-521.023681525573,0.27038322074465376,178.42546263865705,-522.599740768492,-0.3706550719997388,-0.034466283952061305,0.25041322362951357,47.63624022491858,106.251768638993,TRACK
24.996,173.7109238515073,-520.7558805871436,-0.340099762170303,-0.058378866606062674,0.7483313947211515,-0.043736435895562684,0.749608399199309,173.69746895286747,-521.025475017311,0.2699299743909834,178.42546263865705,-522.599740768492,-0.37281124362696844,-0.032711481456665414,0.250391600800691,49.82192312905072,103.5585046087479,TRACK
25.044,173.74981736258195,-520.7584295018102,-0.3436639373466166,-0.06085090003579539,0.7481986541866648,-0.045584839741859375,0.7495860215752608,173.7363927236177,-521.0274176219478,0.2693229097320345,178.42546263865705,-522.599740768492,-0.37515795514935757,-0.03149401780274097,0.2504139784247392,49.82192312905072,103.5585046087479,TRACK
25.096,173.78570528156382,-520.7608912964287,-0.3480540304394039,-0.06352401021112507,0.7480118677974636,-0.047580731592189084,0.7495236356411306,173.75886503251854,-521.0291191905898,0.26956743530128224,178.42546263865705,-522.599740768492,-0.3773338243964697,-0.02927979395706576,0.25047636435886944,51.87281685158861,101.62454347543603,TRACK
25.148,173.82456305491652,-520.7636938373515,-0.3510747245012136,-0.06648921477743902,0.7477504193269306,-0.049790731746464506,0.7494063027300004,173.79761523572208,-521.0329967332584,0.270647805650025,178.42546263865705,-522.599740768492,-0.37969800896479067,-0.028623284463577092,0.2505936972699996,51.87281685158861,101.62454347543603,TRACK
25.196,173.86040721966955,-520.766420626173,-0.3548211237578774,-0.06979107912734248,0.7474014738866905,-0.052246810792113636,0.7492253949286184,173.83337420151315,-521.0365749574787,0.2715034931522128,178.42546263865705,-522.599740768492,-0.38188377271648255,-0.027062648958605162,0.2507746050713816,53.4759916291809,100.21098275121108,TRACK
25.248,173.8992037764923,-520.7695481403744,-0.3582877047524604,-0.0735156033455868,0.7469416289486779,-0.0550110033698457,0.7489646236961139,173.87209599117338,-521.0404496569436,0.27225440988971134,178.42546263865705,-522.599740768492,-0.3842507159225377,-0.025963011170077266,0.25103537630388606,53.4759916291809,100.21098275121108,TRACK
25.296,173.93497906572813,-520.7726079652956,-0.3619628972376274,-0.07764428174259996,0.7463735428278852,-0.058068375574525655,0.7486290147164436,173.9078197591717,-521.0440243590934,0.27277185843640056,178.42546263865705,-522.599740768492,-0.3864318735372413,-0.024468976299613865,0.2513709852835564,54.89271387673603,99.17011696696454,TRACK
25.348,173.97369183166418,-520.776122215987,-0.36624303913461476,-0.08214978611840458,0.7457094966384938,-0.06139805454639291,0.7482328344031139,173.9464969037996,-521.047894591149,0.27312961758610443,178.42546263865705,-522.599740768492,-0.3887880681733588,-0.022545029038744058,0.25176716559688606,54.89271387673603,99.17011696696454,TRACK
25.396,174.0093867754898,-520.7795503097481,-0.3695915210050458,-0.08690325487438674,0.7449868048767248,-0.06490525246277384,0.7478088199785341,173.98217760843764,-521.0514649841597,0.273272627484072,178.42546263865705,-522.599740768492,-0.3909567207129202,-0.021365199707874427,0.2521911800214659,58.27279495710421,96.33983234926883,TRACK
25.448,174.04801255501008,-520.7834700540413,-0.3723472432630319,-0.09187875225924266,0.7442226314794862,-0.06857130838252444,0.7473749725134916,174.02080880250855,-521.0553306181685,0.27321824697057534,178.8374367223474,-522.8806199428411,-0.4127217852428225,-0.04037454197979057,0.2526250274865084,58.27279495710421,96.33983234926883,TRACK
25.496,174.08363111857088,-520.7872713953818,-0.3759170210972549,-0.09692868747933604,0.7434634030925295,-0.07228946438961956,0.7469696100911087,174.05645086288123,-521.0588971442372,0.2729822590217372,178.8374367223474,-522.8806199428411,-0.4148018732551526,-0.03888485215789772,0.25303038990889126,16.71640419022485,138.4322745366449,TRACK
25.548,174.12224696584875,-520.7914251088571,-0.379226903993505,-0.10050695686579832,0.7431655686881004,-0.0749458387059753,0.7469350314604676,174.09509540322108,-521.0627641137417,0.272694083039715,178.8374367223474,-522.8806199428411,-0.41708234271863603,-0.03785543872513103,0.2530649685395324,16.71640419022485,138.4322745366449,TRACK
25.592,174.15791636917055,-520.7953099177664,-0.3830261330949771,-0.10330028152511347,0.7431470188687487,-0.07704152678943976,0.7471297668434556,174.1307960687302,-521.0663365041388,0.27238010429663007,178.8374367223474,-522.8806199428411,-0.4192095025476298,-0.036183369452652714,0.25287023315654444,47.916373318783805,107.26264258075872,TRACK
25.648,174.19652797683554,-520.7997179943094,-0.3867096434560631,-0.1069312176723076,0.7429313830867356,-0.07974673837545161,0.7471991583618738,174.16946161201807,-521.0702055753052,0.27183840710500634,178.8374367223474,-522.8806199428411,-0.4215079410265755,-0.03479829757051239,0.2528008416381262,47.916373318783805,107.26264258075872,TRACK
25.696,174.23214362328957,-520.8039682879642,-0.3913499560735343,-0.1110771167303658,0.7426028210670474,-0.0828271045100284,0.7472076546036266,174.20514526328827,-521.073776263171,0.2711554073367843,178.8374367223474,-522.8806199428411,-0.42362467056070735,-0.03227471448717306,0.2527923453963734,50.20740404676634,104.46941860536795,TRACK
25.748,174.27069861630292,-520.8087674218694,-0.395276079707759,-0.11554325647177704,0.742196594360357,-0.08613948075561417,0.747178556186511,174.2434370464739,-521.0776079339981,0.27021919648899717,178.8374367223474,-522.8806199428411,-0.42591268251735304,-0.030636602809594016,0.25282144381348903,50.20740404676634,104.46941860536795,TRACK
25.796,174.30626317621252,-520.8133703797522,-0.39831151347336524,-0.12015128253248925,0.7417527023417381,-0.08955389705288776,0.7471391917900106,174.26592488868494,-521.080997430842,0.2706499878360891,178.8374367223474,-522.8806199428411,-0.4280212881452289,-0.029709774671863642,0.25286080820998935,54.325437138999206,100.50702501623175,TRACK
25.848,174.34476019805635,-520.8185571553729,-0.40278034226708287,-0.12497167429212612,0.7412538266247939,-0.0931210228390905,0.7470801565966656,174.30433116767205,-521.0867862459797,0.2712588275901558,178.8374367223474,-522.8806199428411,-0.4302991481103348,-0.027518805843251948,0.2529198434033344,54.325437138999206,100.50702501623175,TRACK
25.896,174.38026533536174,-520.8235342844807,-0.4063388598785162,-0.12997641936105786,0.7407066134912791,-0.09682023125666078,0.7470076602353636,174.33978112544125,-521.09212946739,0.27162905502717516,178.8374367223474,-522.8806199428411,-0.43239476065167887,-0.026055900773162666,0.2529923397646364,54.652625943169575,100.27342191165855,TRACK
25.948,174.41869133182496,-520.8291417767522,-0.40935530295008715,-0.13520102035944612,0.7400958134255898,-0.10067588675928937,0.7469119407432544,174.37817996098184,-521.0979171606089,0.2718112914043368,178.8374367223474,-522.8806199428411,-0.4346549125110511,-0.025299609560963943,0.2530880592567456,54.652625943169575,100.27342191165855,TRACK
25.996,174.45412103170486,-520.8345282756159,-0.413660227290084,-0.14068644553245643,0.7394038403509036,-0.10471588060791681,0.7467820664538992,174.413616488989,-521.103258357808,0.2717654780424404,178.8374367223474,-522.8806199428411,-0.43672913223094084,-0.023068904940856838,0.2532179335461008,54.676592983623564,100.37742185986151,TRACK
26.048,174.49245424866925,-520.8406021036866,-0.4174216371446493,-0.14644372158364918,0.7386245334884018,-0.10894685748656814,0.7466161123543731,174.4519933334421,-521.1090427364038,0.2714727591391781,178.8374367223474,-522.8806199428411,-0.4389604334549621,-0.021538796310312802,0.2533838876456269,54.676592983623564,100.37742185986151,TRACK
26.096,174.52779062486124,-520.8464342839486,-0.4208187641156635,-0.1524363433965467,0.737767023167395,-0.11334177177681912,0.7464224927631723,174.4874042942653,-521.1143800799701,0.2709723330980836,178.8374367223474,-522.8806199428411,-0.44100396671205033,-0.020185202596386842,0.2535775072368277,59.24914183054122,96.03236764380952,TRACK
26.148,174.56601573802456,-520.8530115146928,-0.4235310707299274,-0.1587197015671417,0.7368329805811623,-0.11794197397127362,0.7462125370806632,174.525749626563,-521.1201597088726,0.2701657220777631,179.23489801858688,-523.1816851753193,-0.46265887916474996,-0.03912780843482255,0.25378746291933685,59.24914183054122,96.03236764380952,TRACK
26.196,174.60124956857962,-520.8593147384522,-0.4271446906202425,-0.16512332406550748,0.7358547851750588,-0.12262328966072386,0.746001833799522,174.56112974091087,-521.1254924030809,0.26918423007180564,179.23489801858688,-523.1816851753193,-0.46460470466348086,-0.03746001404323834,0.253998166200478,17.559961448861962,137.99827750638036,TRACK
26.248,174.63944140157267,-520.8662298208845,-0.4304913720065273,-0.17002426221151398,0.7353660247400879,-0.12624896234322203,0.7461246483227718,174.59949232407723,-521.1312746321335,0.26803858073551323,179.23489801858688,-523.1816851753193,-0.4667288573878413,-0.036237485381313994,0.2538753516772282,17.559961448861962,137.99827750638036,TRACK
26.296,174.67471505522298,-520.8726994955915,-0.43440402251704224,-0.17400839221157527,0.7351916406145382,-0.1292365369281365,0.7464642194416782,174.63493590804518,-521.1366168928478,0.2668984322260178,179.23489801858688,-523.1816851753193,-0.46870370541330264,-0.0342996828962604,0.2535357805583218,49.105625747814486,106.3409967682606,TRACK
26.344,174.71288953506917,-520.8799321200336,-0.4381111603989499,-0.17864335562405934,0.7348181807488139,-0.13268487505557394,0.7467014362029243,174.67332832211574,-521.1424036181857,0.26543620120952705,179.23489801858688,-523.1816851753193,-0.47083057016317503,-0.03271940976422516,0.2532985637970757,49.105625747814486,106.3409967682606,TRACK
26.396,174.7480974414987,-520.8868029201037,-0.4426830710467664,-0.1835753687601199,0.7343561352019858,-0.13634475263094156,0.7469061687245526,174.70876673623337,-521.1477450996704,0.26388960846093085,179.23489801858688,-523.1816851753193,-0.4727846919806236,-0.03010162093385721,0.2530938312754474,51.73195052081708,103.06035695116542,TRACK
26.448,174.78620862297515,-520.8944479273339,-0.44574153203697,-0.18861609290263026,0.7338490555113384,-0.14008086864392397,0.7470991139299522,174.7364817766684,-521.1519224698777,0.26223252906870886,179.23489801858688,-523.1816851753193,-0.4748933949347496,-0.0291518628977796,0.2529008860700478,51.73195052081708,103.06035695116542,TRACK
26.496,174.82136264439936,-520.9016813570055,-0.44964242645938507,-0.19362919023858727,0.7333332923005406,-0.14379632264064157,0.7472985347244577,174.76942888291333,-521.1585828710959,0.26209827073831216,179.23489801858688,-523.1816851753193,-0.4768341390548418,-0.02719171259545672,0.25270146527554227,53.81284769265686,100.85135497881997,TRACK
26.548,174.85941557074713,-520.9097137454356,-0.45324780652292196,-0.19867241002904065,0.7327921057976785,-0.1475317626115762,0.7474957466759757,174.80754780887972,-521.1662887782262,0.2617651851805762,179.23489801858688,-523.1816851753193,-0.47892913594657477,-0.02568132942365281,0.25250425332402426,53.81284769265686,100.85135497881997,TRACK
26.592,174.8945092599487,-520.9173154123694,-0.4571508804208335,-0.20379990604213852,0.7322063525299574,-0.15132446708936026,0.7476799027826702,174.84274002934688,-521.1734030390759,0.2612679195563068,179.23489801858688,-523.1816851753193,-0.48085452026900266,-0.023703639848169145,0.25232009721732984,55.58399796022067,98.86243188430367,TRACK
26.648,174.93248204021134,-520.925770709464,-0.4606694216047793,-0.20915456073927305,0.731520150142978,-0.15527155712980828,0.7478174820895273,174.8808640921357,-521.1811099846374,0.2605044299231647,179.23489801858688,-523.1816851753193,-0.48292685547462083,-0.022257433869841525,0.25218251791047275,55.58399796022067,98.86243188430367,TRACK
26.696,174.96748497559486,-520.9337886800748,-0.4649578383952262,-0.2147651523345656,0.7307178347644219,-0.1593908811715216,0.7478997306079466,174.9160499753686,-521.1882229643875,0.2595811323689895,179.23489801858688,-523.1816851753193,-0.48482461736454024,-0.019866778969314047,0.25210026939205343,57.44748806907231,96.85981990471643,TRACK
26.748,175.00534361693582,-520.9427170337409,-0.4686910202947306,-0.22065867455383525,0.7297843708533427,-0.16369876089855762,0.7479187872099031,174.95415625636247,-521.1959263152816,0.2583313495122064,179.23489801858688,-523.1816851753193,-0.4868608712719397,-0.018169850977209134,0.2520812127900969,57.44748806907231,96.85981990471643,TRACK
26.796,175.04023243238098,-520.9511798805204,-0.47148672699896116,-0.22671762280889213,0.7287574536756011,-0.16811245235110223,0.7478965322310617,174.98931890291394,-521.2030345976351,0.2569493841512936,179.61685837596818,-523.5021879703223,-0.5085062993526677,-0.03701957235370651,0.2521034677689383,60.85300357793919,93.51026089611342,TRACK
26.848,175.07796483371112,-520.960586782634,-0.4747867416646368,-0.23287983201526719,0.727660430765126,-0.1725887813312704,0.7478479724801704,175.02739684275326,-521.2107322192412,0.25520552730090734,179.61685837596818,-523.5021879703223,-0.5104582665228145,-0.03567152485817765,0.25215202751982957,60.85300357793919,93.51026089611342,TRACK
26.896,175.11274203897386,-520.9694755169011,-0.47824062391025857,-0.23895343952643472,0.7265630683715012,-0.1769963952295165,0.7478112169830391,175.06253497590922,-521.217835546105,0.25338400361457475,179.61685837596818,-523.5021879703223,-0.5122455878801092,-0.03400496396985064,0.2521887830169609,18.79798199174501,135.69148824444218,TRACK
26.948,175.15044721740156,-520.9791598942757,-0.48150748913831926,-0.24331645238962543,0.7260508492432876,-0.18023096615118384,0.7480862496040735,175.10064065219206,-521.2255387747541,0.25136277903418436,179.61685837596818,-523.5021879703223,-0.514202658872415,-0.03269516973409575,0.25191375039592645,18.79798199174501,135.69148824444218,TRACK
26.996,175.18527933672496,-520.9881516426641,-0.48593450165814644,-0.246580077722585,0.7259172554079169,-0.18271495999730764,0.7485590279368625,175.13585155051322,-521.2326568114133,0.24945116474951298,179.61685837596818,-523.5021879703223,-0.5160285343509954,-0.030094032692848938,0.25144097206313754,50.31261436074678,103.88906338824935,TRACK
27.048,175.22297622576028,-520.9980739864222,-0.4898042331783632,-0.2503621753816994,0.7255752768297807,-0.1855497300627122,0.7489246855812394,175.1739954800728,-521.2403677731292,0.24719504955576202,179.61685837596818,-523.5021879703223,-0.5180000133980395,-0.02819578021967628,0.25107531441876063,50.31261436074678,103.88906338824935,TRACK
27.096,175.2577424483691,-521.0073898449673,-0.4933967287700187,-0.25437099634852867,0.7251276364620172,-0.18853545976509067,0.7492367508003231,175.20920601674055,-521.2474857366786,0.24495269423278515,179.61685837596818,-523.5021879703223,-0.5198159376816065,-0.026419208911587777,0.25076324919967685,54.78919521600197,98.64685669479165,TRACK
27.144,175.2953693561076,-521.0176502430368,-0.49645190201383693,-0.25851927854994194,0.7245909965556903,-0.1916084204687869,0.7494970974487571,175.23536388861513,-521.2533065440873,0.2431759617104754,179.61685837596818,-523.5021879703223,-0.5217788965631782,-0.025326994549341286,0.25050290255124286,54.78919521600197,98.64685669479165,TRACK
27.196,175.33007061376753,-521.0272669706033,-0.5007969576660036,-0.2626605823100459,0.724014151531446,-0.19466744514363893,0.7497278878476853,175.27025183310508,-521.262190106333,0.2424194014947206,179.61685837596818,-523.5021879703223,-0.52358879101105,-0.02279183334504642,0.2502721121523147,53.97714348340983,99.27867969256945,TRACK
27.248,175.3676327313621,-521.0378347347913,-0.5036857584564309,-0.2667198223785062,0.7234311438435448,-0.19766302137843547,0.7499488581918312,175.3080538605429,-521.2718156852734,0.24144715164314287,179.61685837596818,-523.5021879703223,-0.5255489891874162,-0.021863230730985284,0.2500511418081688,53.97714348340983,99.27867969256945,TRACK
27.296,175.40227423579128,-521.0477298586329,-0.5080144344757986,-0.2707520182046582,0.7228245466276925,-0.20063290857432875,0.7501525772871304,175.34295226219245,-521.2807019102391,0.24040605936888035,179.61685837596818,-523.5021879703223,-0.5273572945595867,-0.01934286008378805,0.24984742271286964,56.7794315339729,96.28889317627822,TRACK
27.348,175.43975763737907,-521.0586169200205,-0.5107459047296219,-0.27492592351459955,0.7221280813796809,-0.203689688374607,0.7503055744609949,175.38075671915726,-521.2903281078131,0.23910496209671955,179.61685837596818,-523.5021879703223,-0.5293112048753639,-0.01856530014574198,0.24969442553900512,56.7794315339729,96.28889317627822,TRACK
27.396,175.474310902492,-521.068825980759,-0.5149512387758595,-0.27925284409015305,0.7213341443451694,-0.20683936532821276,0.7504035386693986,175.4156473250981,-521.2992123477475,0.23773786700227045,179.61685837596818,-523.5021879703223,-0.5311085881935617,-0.016157349417702194,0.24959646133060143,58.396544037842745,94.5236162550982,TRACK
27.448,175.511686393276,-521.080064361694,-0.5176798767351345,-0.2837458114553198,0.7204329971781973,-0.21008853606408945,0.7504404682642806,175.4534344518487,-521.3088341325067,0.23606968614745913,179.61685837596818,-523.5021879703223,-0.5330471452169214,-0.015367268481786933,0.24955953173571943,58.396544037842745,94.5236162550982,TRACK
27.496,175.5461339662631,-521.0905979115206,-0.5212131781540461,-0.28829929494762846,0.7194616678635815,-0.21336468259408808,0.7504329279179601,175.48830339527282,-521.3177128564865,0.23436205573416097,179.98236818086036,-523.8413315074024,-0.5550394258764658,-0.03382624772241971,0.24956707208203988,60.15025231882257,92.80808317362693,TRACK
27.548,175.5833957840083,-521.1021760493275,-0.5251125325968644,-0.29283735753299284,0.7184507804731841,-0.21661681738611288,0.750396141739159,175.5260650154844,-521.327328146483,0.2323365745487836,179.98236818086036,-523.8413315074024,-0.5569298057642021,-0.031817273167337734,0.24960385826084097,60.15025231882257,92.80808317362693,TRACK
27.596,175.6177445550316,-521.1130042552768,-0.5276894965311634,-0.29722757237048836,0.717452796019148,-0.21975659968155736,0.7503542347580198,175.56091163315006,-521.3362011856261,0.2303190194642179,179.98236818086036,-523.8413315074024,-0.5586713908571457,-0.030981894325982307,0.24964576524198023,21.565908310758857,131.50765263144922,TRACK
27.648,175.65498998066153,-521.124739857564,-0.5308299885350092,-0.30003385853253367,0.7170346822292126,-0.22183142057235983,0.7505650635838969,175.5986955133565,-521.3458221437136,0.2281368981516952,179.98236818086036,-523.8413315074024,-0.5605876582239164,-0.02975766968890725,0.24943493641610315,21.565908310758857,131.50765263144922,TRACK
27.696,175.68940064845117,-521.1355788946403,-0.5344107175460278,-0.3018269280196819,0.7169836627484805,-0.22322506871981201,0.7509294267460769,175.63360284895785,-521.354710643543,0.2261241203530463,179.98236818086036,-523.8413315074024,-0.5623840009646007,-0.02797328341857297,0.24907057325392312,49.7030573766951,103.16945682185236,TRACK
27.748,175.72664560345245,-521.1474352392564,-0.5378784879877361,-0.30405583346047854,0.7167265779105448,-0.22489861419964932,0.7511833159437735,175.67141515994146,-521.364338840996,0.223824874261125,179.98236818086036,-523.8413315074024,-0.5643354569017206,-0.026456968913984524,0.24881668405622648,49.7030573766951,103.16945682185236,TRACK
27.796,175.76099793068835,-521.1584763152684,-0.5422418971589211,-0.30647996780880443,0.7163579950702359,-0.22669194515075047,0.7513707574142602,175.7063160202619,-521.3732256920161,0.221601909155613,179.98236818086036,-523.8413315074024,-0.5661436988734313,-0.023901801714510174,0.24862924258573982,53.152705081583974,99.15180957164168,TRACK
27.848,175.79818150305542,-521.1705384091917,-0.5459182184303897,-0.3090018099529459,0.7159067415740106,-0.22853693498561772,0.7514995630629053,175.73314293416615,-521.3813882708848,0.22065284865406432,179.98236818086036,-523.8413315074024,-0.5681107852178391,-0.022192566787449408,0.24850043693709467,53.152705081583974,99.15180957164168,TRACK
27.892,175.83247911318287,-521.1817556857444,-0.5488366887777016,-0.31148373968091975,0.7154261225357942,-0.23034164927044207,0.7515928500160366,175.7676202053462,-521.3920231006103,0.220043322280345,179.98236818086036,-523.8413315074024,-0.5699363638464775,-0.02109967506877586,0.2484071499839634,57.05575081148722,95.22776063043693,TRACK
27.948,175.86960143026235,-521.1940047560743,-0.5522004814606736,-0.3140154117692967,0.7148887292216688,-0.23216773770751964,0.751643368626638,175.8049673862724,-521.4035431802537,0.21928043882226572,179.98236818086036,-523.8413315074024,-0.5719231188967792,-0.019722637436105583,0.24835663137336195,57.05575081148722,95.22776063043693,TRACK
27.996,175.90383486008568,-521.2054028119236,-0.5557417387529315,-0.3166023707706494,0.7142964331225496,-0.23401985341123155,0.7516546322362494,175.83943697147444,-521.414175639169,0.2184792471921029,179.98236818086036,-523.8413315074024,-0.5737650300328649,-0.018023291279933407,0.2483453677637506,55.87153700234165,96.42021852712114,TRACK
28.048,175.94088269127965,-521.2178503792319,-0.5598509809460857,-0.31923914715874696,0.7136530837967884,-0.2358946077539342,0.7516295563507653,175.87677204655927,-521.4256919846548,0.21750473031922277,179.98236818086036,-523.8413315074024,-0.5757688881933131,-0.015917907247227414,0.24837044364923466,55.87153700234165,96.42021852712114,TRACK
28.096,175.97503939834706,-521.2294387008241,-0.562444359749998,-0.32198415947393033,0.7129338268344361,-0.2378296733163029,0.7515567809251228,175.91122516498007,-521.4363193642407,0.2164991114899386,179.98236818086036,-523.8413315074024,-0.5776248297714743,-0.015180470021476378,0.2484432190748772,60.1098014279526,92.26943672458441,TRACK
28.144,176.0119864643833,-521.2421181005614,-0.5656143510305673,-0.3249931340307743,0.7120891626863628,-0.2399314012720012,0.7514240167386929,175.94853352737448,-521.4478274699528,0.2152733608008146,180.33051871829792,-524.1982726222905,-0.6002661509301741,-0.03465179989960676,0.24857598326130714,60.1098014279526,92.26943672458441,TRACK
28.196,176.0460354544352,-521.2539370256867,-0.569021063270267,-0.3281799254257789,0.7111318415412512,-0.24213507319907307,0.7512242606086226,175.98295323909795,-521.4584445449374,0.2140156333586987,180.33051871829792,-524.1982726222905,-0.60208973893827,-0.03306867566800298,0.24877573939137743,15.973446829569312,136.61608526531046,TRACK
28.248,176.0829610969798,-521.2667084005326,-0.5721809760136276,-0.3298631393865019,0.7107736756673133,-0.24334897442678383,0.7512775395126561,176.02026794499855,-521.469954607362,0.21269567907192696,180.33051871829792,-524.1982726222905,-0.6041025034161019,-0.03192152740247434,0.24872246048734392,15.973446829569312,136.61608526531046,TRACK
28.296,176.11707770252963,-521.2784748778469,-0.5759076510709984,-0.3306517769480586,0.7107698046512277,-0.24397406379394249,0.7514765858016303,176.05473462529207,-521.4805861702316,0.21150799934963369,180.33051871829792,-524.1982726222905,-0.6059937718738785,-0.03008612080288009,0.24852341419836965,48.953863500080146,103.68635536138974,TRACK
28.348,176.15400952256985,-521.2913246388947,-0.5794610055034983,-0.33211525428476874,0.7105799309863416,-0.24507191774964338,0.7516542311395858,176.0920770502436,-521.492104782851,0.21011496218869635,180.33051871829792,-524.1982726222905,-0.6080520926687463,-0.02859108716524794,0.24834576886041415,48.953863500080146,103.68635536138974,TRACK
28.392,176.18806893210325,-521.3032555330309,-0.5832569090267969,-0.3338038429201725,0.7102268163221608,-0.24629284961362094,0.751719561002579,176.1265378133925,-521.5027345205233,0.2087533114007735,180.33051871829792,-524.1982726222905,-0.6099644488603393,-0.02670753983354235,0.24828043899742103,51.52725525062868,100.640495346399,TRACK
28.448,176.22494174163597,-521.3162372201514,-0.5867841060747514,-0.3354527136655031,0.7098298024642639,-0.247467092482893,0.7517302111318878,176.16386351300704,-521.5142479740596,0.20721681562010996,180.33051871829792,-524.1982726222905,-0.6120539917222855,-0.025269885647534074,0.24826978886811224,51.52725525062868,100.640495346399,TRACK
28.496,176.25896319002354,-521.3282569026869,-0.590531035507023,-0.33690745205644884,0.7094624327610919,-0.2484971286021806,0.751723198007628,176.18843697561348,-521.5220260842581,0.20620485601888278,180.33051871829792,-524.1982726222905,-0.6140030896984093,-0.023472054191386316,0.248276801992372,53.50247687345281,98.7758553717466,TRACK
28.548,176.29580246785673,-521.3413204837578,-0.5949042604510106,-0.3382613555163057,0.7091072590181408,-0.2494510831072503,0.7517040292931793,176.22516543059166,-521.5353941486208,0.20652888037005715,180.33051871829792,-524.1982726222905,-0.6161365198463868,-0.021232259395376207,0.24829597070682075,53.50247687345281,98.7758553717466,TRACK
28.596,176.32978384478363,-521.3534270574037,-0.5983275979733528,-0.33965729721484583,0.7087005917871153,-0.25042030352060907,0.7516427723425281,176.25906271930495,-521.5477317527348,0.20677473785904601,180.33051871829792,-524.1982726222905,-0.6181240629872078,-0.019796465013855014,0.24835722765747192,56.95386198779016,95.39065593028886,TRACK
28.648,176.36654866441535,-521.3666245697266,-0.6019404520697638,-0.3414021452682425,0.708110901413544,-0.2516026071540966,0.7514818165647393,176.29576847071132,-521.561091553673,0.20694744179621802,180.33051871829792,-524.1982726222905,-0.6202897212069075,-0.018349269137143742,0.24851818343526066,56.95386198779016,95.39065593028886,TRACK
28.692,176.4004257357914,-521.3789018441424,-0.6047977229913499,-0.3435994391487871,0.7072923980358722,-0.25306348726574646,0.7512014809000547,176.32962851747533,-521.573415602826,0.20699721843180366,180.33051871829792,-524.1982726222905,-0.6222955210955925,-0.017497798104242568,0.24879851909994533,57.062072766492854,95.50409683360795,TRACK
28.748,176.43704919122607,-521.3923204419747,-0.6080754456342046,-0.3462584610303791,0.7062440856874083,-0.2548087521320576,0.750805040427633,176.3662804966674,-521.5867558322789,0.20691382054440338,180.33051871829792,-524.1982726222905,-0.624471857602981,-0.016396411968776392,0.24919495957236704,57.062072766492854,95.50409683360795,TRACK
28.796,176.47078005686205,-521.4048205544582,-0.6115290568308227,-0.34927705141240917,0.7050128842925522,-0.25677234241141333,0.7503167350165846,176.40008305928848,-521.5990589589148,0.20670419258395697,180.33051871829792,-524.1982726222905,-0.6264826242730321,-0.014953567442209437,0.24968326498341542,57.13687910998411,96.03215291947694,TRACK
28.844,176.50724536445307,-521.4184793159507,-0.6147118573172974,-0.3524633382504454,0.7036979451143037,-0.2588359941514143,0.7497912174908723,176.43667257753285,-521.6123764544419,0.20634102492907955,180.6604444311895,-524.5721239031343,-0.6494449964994373,-0.03473313918213994,0.2502087825091277,57.13687910998411,96.03215291947694,TRACK
28.896,176.5408451817561,-521.431182012084,-0.6186780006802439,-0.3556045159028446,0.7024023321589864,-0.2608672221709417,0.7492801504281069,176.47042453069383,-521.6246611607409,0.205896209438161,180.6604444311895,-524.5721239031343,-0.6514144625374069,-0.032736461857162946,0.2507198495718931,16.786215612097585,137.11162855265147,TRACK
28.948,176.57729048960604,-521.4448952739334,-0.6212757934948434,-0.35710151893891046,0.7018664725855538,-0.2618644953203624,0.7491258634228803,176.5070139047995,-521.6379786038058,0.20547498788580787,180.6604444311895,-524.5721239031343,-0.6535905870766285,-0.03231479358178513,0.25087413657711966,16.786215612097585,137.11162855265147,TRACK
28.996,176.61097613534105,-521.4575127604654,-0.6250515661678349,-0.357552536449948,0.7018377073316985,-0.2622144279207981,0.7492213115244696,176.54081426053517,-521.6502809272012,0.20513959828109835,180.6604444311895,-524.5721239031343,-0.6556390783353014,-0.03058751216746658,0.2507786884755304,48.61166700948999,105.47577739808855,TRACK
29.048,176.64743320337095,-521.4712554684542,-0.6294886330828855,-0.3585787025410845,0.7015786215053437,-0.2629383742265786,0.7492323743634244,176.57742348294784,-521.663605594459,0.20469472862729152,180.6604444311895,-524.5721239031343,-0.6578738158559064,-0.028385182773020934,0.2507676256365756,48.61166700948999,105.47577739808855,TRACK
29.096,176.68105920423847,-521.4840020127574,-0.6330682542920618,-0.35989245731508257,0.7012156936374203,-0.26385349545840214,0.7492143325304352,176.61121264930824,-521.6759038452549,0.20421766464121305,180.6604444311895,-524.5721239031343,-0.6599531790999014,-0.02688492480783955,0.25078566746956477,52.887674625097304,100.74996722499341,TRACK
29.144,176.71745213230386,-521.497883228123,-0.6361236087376869,-0.36146729047131193,0.7007426013044924,-0.26493602931633137,0.7491537178129004,176.6478097501198,-521.6892241006107,0.20362070346753955,180.6604444311895,-524.5721239031343,-0.6622223293964995,-0.02609872065881258,0.2508462821870996,52.887674625097304,100.74996722499341,TRACK
29.196,176.75101045518662,-521.5107653536096,-0.6399013758037251,-0.3632376636063889,0.7001787952013472,-0.26614058406216823,0.7490535065898578,176.67167841339804,-521.6989631928567,0.20423515748181031,180.6604444311895,-524.5721239031343,-0.6643318796918627,-0.02443050388813761,0.2509464934101422,51.86594773405277,101.90882845812526,TRACK
29.248,176.78732363660802,-521.5248012835704,-0.6433984527657666,-0.36519636199637906,0.699531861063416,-0.2674639851454939,0.7489204283451983,176.7075365327126,-521.7140786576851,0.20540668513904717,180.6604444311895,-524.5721239031343,-0.6666323911657226,-0.023233938399956022,0.25107957165480166,51.86594773405277,101.90882845812526,TRACK
29.296,176.82079488685898,-521.5378453391404,-0.647781284253929,-0.3674379036216902,0.6987569094377555,-0.26896449554284024,0.7487343443101954,176.74062649095563,-521.728027244771,0.20638829649721266,180.6604444311895,-524.5721239031343,-0.668766761031431,-0.020985476777501955,0.25126565568980463,54.4797636755476,99.50178028461055,TRACK
29.348,176.8569846631152,-521.5520955996292,-0.651459472923273,-0.3701247333351884,0.697777023628442,-0.27074213693117066,0.7484611408842974,176.77645654073257,-521.7431308772971,0.2073143888110954,180.6604444311895,-524.5721239031343,-0.6710847843427867,-0.019625311419513736,0.2515388591157026,54.4797636755476,99.50178028461055,TRACK
29.396,176.89031686592776,-521.5653703008358,-0.6542936138303022,-0.3732286483898276,0.6966023775333042,-0.2727770853031653,0.7481057483080467,176.80951098701846,-521.7570644948378,0.2080294548384697,180.6604444311895,-524.5721239031343,-0.6732271544040135,-0.018933540573711327,0.25189425169195334,57.86856641682515,96.48029990770888,TRACK
29.448,176.9263360839809,-521.5798964603355,-0.6576548499513035,-0.3767633737916603,0.6952285899851801,-0.2750773328490379,0.7476699347841412,176.84529496616318,-521.7721487069639,0.20863506203613064,180.6604444311895,-524.5721239031343,-0.6755472170943942,-0.017892367143090726,0.25233006521585877,57.86856641682515,96.48029990770888,TRACK
29.496,176.95950316810865,-521.5934366030947,-0.6612803693872138,-0.3805482680070691,0.693741905255147,-0.27753047397112834,0.7471954196123531,176.8783042175381,-521.7860632732519,0.2090413921442683,180.6604444311895,-524.5721239031343,-0.6776887657995018,-0.016408396412287973,0.25280458038764686,56.42628160513307,98.52627198418055,TRACK
29.548,176.9953578377682,-521.6082350985961,-0.6653038530138153,-0.3843550651780124,0.692261745739787,-0.2800000662637028,0.7467438394271328,176.9140459537704,-521.8011296784972,0.2093321318730214,180.97132507222898,-524.9619558967449,-0.700707242940497,-0.03540338992668168,0.25325616057286715,56.42628160513307,98.52627198418055,TRACK
29.596,177.02839194121702,-521.6220077921755,-0.6685183135603632,-0.38808063394630316,0.6908438057117796,-0.28242593375471925,0.7463441377458258,176.94702552651427,-521.8150317341932,0.2094725176094339,180.97132507222898,-524.9619558967449,-0.7027917294495735,-0.03427341588921029,0.25365586225417425,18.02192505266553,137.50870319861392,TRACK
29.648,177.06421528045365,-521.6369243985367,-0.671271390286758,-0.3903476427747671,0.6901671031899673,-0.2839770920642022,0.7463066522166819,176.9827829353322,-521.8301047459873,0.20964225116401233,180.97132507222898,-524.9619558967449,-0.7050863627378045,-0.03381497245104648,0.2536933477833181,18.02192505266553,137.50870319861392,TRACK
29.696,177.09730891328795,-521.6507063943594,-0.6757277986566295,-0.39184031645514983,0.689916356490217,-0.28507882938213047,0.7464948210902886,177.01581638515697,-521.8440295127774,0.20979718838925346,180.97132507222898,-524.9619558967449,-0.707235412359518,-0.03150761370288857,0.25350517890971136,46.828115360233504,108.69535811175052,TRACK
29.744,177.13309850409857,-521.6657664368391,-0.6786902201019949,-0.3941025711759354,0.689337108328605,-0.2866669096349463,0.7465678575980172,177.05159647814622,-521.8591120867516,0.20982163990970298,180.97132507222898,-524.9619558967449,-0.7095688610199994,-0.03087864091800452,0.25343214240198275,46.828115360233504,108.69535811175052,TRACK
29.796,177.16607894559633,-521.6797884594857,-0.6826988582969817,-0.3968694572812362,0.688551506334721,-0.28857740639416884,0.7465789284174839,177.08461972874647,-521.8730325542081,0.209711430672828,180.97132507222898,-524.9619558967449,-0.711727840990066,-0.029028982693084293,0.25342107158251614,50.24177350363854,104.78399095995692,TRACK
29.848,177.20174166836392,-521.6951151224164,-0.6863558564042602,-0.40003035603069187,0.6875960362071669,-0.2907355454201822,0.7465356430731077,177.11287103130542,-521.884941476883,0.20959970176808618,180.97132507222898,-524.9619558967449,-0.7140707755548817,-0.02771491915062152,0.2534643569268923,50.24177350363854,104.78399095995692,TRACK
29.896,177.234602466562,-521.7093852768118,-0.690338322816904,-0.403410143479761,0.6865474103956118,-0.29303131365607415,0.7464681490217283,177.14305822107875,-521.899478861291,0.21098796112870546,180.97132507222898,-524.9619558967449,-0.7162381201402074,-0.025899797323303386,0.2535318509782717,52.49158079234826,102.7006189872155,TRACK
29.948,177.2701352032728,-521.7249834599886,-0.6939522846732165,-0.40699432282316605,0.685418467695155,-0.2954581252590765,0.7463872852877268,177.17799931425827,-521.9163056049196,0.2123515603556387,180.97132507222898,-524.9619558967449,-0.7185899003232581,-0.024637615650041633,0.2536127147122732,52.49158079234826,102.7006189872155,TRACK
29.996,177.30286986982327,-521.7395160165898,-0.6983843401108731,-0.4107795279309103,0.684212280932457,-0.29801433996910365,0.7462968526035842,177.21025251805005,-521.9318379292409,0.2134612188086139,180.97132507222898,-524.9619558967449,-0.720763012610169,-0.022378672499295815,0.25370314739641575,54.2243270197113,101.10838853554856,TRACK
30.044,177.33825237474372,-521.7554183502301,-0.7013378880200696,-0.4148416289160696,0.6828894580321967,-0.30074425894327206,0.7461803543238359,177.24519055854367,-521.9486632027736,0.21448560480598447,180.97132507222898,-524.9619558967449,-0.7231163257974195,-0.02177843777734989,0.2538196456761641,54.2243270197113,101.10838853554856,TRACK
30.096,177.3708315511183,-521.7702539889181,-0.7050962443823336,-0.41920481014860284,0.6814346421189172,-0.3036603004126951,0.7460313328047724,177.2774360235366,-521.9641918002858,0.2152547310754598,180.97132507222898,-524.9619558967449,-0.7252851852246183,-0.02018894084228462,0.2539686671952276,55.64155162463944,99.83474132274978,TRACK
30.148,177.40602676876614,-521.7865087210079,-0.7085646824358087,-0.4239121695974574,0.6798234053916001,-0.3067860458727138,0.7458401574469202,177.31235979264278,-521.9810102010804,0.21588035613851905,180.97132507222898,-524.9619558967449,-0.7276275014435943,-0.019062819007785614,0.2541598425530798,55.64155162463944,99.83474132274978,TRACK
30.196,177.43841865154033,-521.8016881953449,-0.7123171116598974,-0.4289207213446463,0.6780760253996988,-0.3100945968583314,0.7456177004488185,177.34458763377825,-521.9965303113902,0.2162584335448339,181.26238774315974,-525.3667994193635,-0.7503799963397224,-0.03806288467982499,0.2543822995511815,57.14328620275313,98.5877864404431,TRACK
30.248,177.47340179204465,-521.8183288823785,-0.7164937424408668,-0.4341958164492154,0.676212862211982,-0.3135661122225346,0.7453774491861664,177.37949012620751,-522.0133384658772,0.21644430839506132,181.26238774315974,-525.3667994193635,-0.7526307694480343,-0.03613702700716748,0.25462255081383356,57.14328620275313,98.5877864404431,TRACK
30.296,177.50559714740487,-521.8338689258768,-0.7193511865054281,-0.4396178807286491,0.674296159939352,-0.3171307901195771,0.7451491457089805,177.41169938937773,-522.0288496295104,0.21641225416318202,181.26238774315974,-525.3667994193635,-0.7546988033799938,-0.03534761687456578,0.2548508542910195,18.069778936118027,137.97805197850772,TRACK
30.348,177.54048162515653,-521.8507762859905,-0.7227392497553491,-0.44371002976141927,0.67309187344291,-0.31993455280449595,0.7452588732602243,177.44662603952537,-522.0456694177416,0.21631505670645004,181.26238774315974,-525.3667994193635,-0.7569608194419531,-0.03422156968660406,0.25474112673977567,18.069778936118027,137.97805197850772,TRACK
30.396,177.5726832355277,-521.8664608892446,-0.7272350028786945,-0.44705331338497456,0.6723131266943817,-0.3223243580511619,0.7455856303059155,177.47889689085295,-522.0612102406682,0.21615547258243395,181.26238774315974,-525.3667994193635,-0.7590669981862518,-0.031831995307557315,0.2544143696940845,46.85923268227867,109.07945538220264,TRACK
30.448,177.60748030132032,-521.8836388617478,-0.7303590214356142,-0.4510844415837916,0.6712145521093321,-0.3251318015047267,0.745814764745939,177.5138583714314,-522.0780468023507,0.21577653515983872,181.26238774315974,-525.3667994193635,-0.7613421088261175,-0.030983087390503372,0.254185235254061,46.85923268227867,109.07945538220264,TRACK
30.496,177.63952724808192,-521.8996602167362,-0.7343791278922236,-0.4554653648479771,0.6699651123410486,-0.32815805110117785,0.7460167278665252,177.54613531691632,-522.0935905600688,0.2152464421819128,181.26238774315974,-525.3667994193635,-0.7634381822175815,-0.029059054325357936,0.2539832721334748,50.34200160223879,104.94891062021415,TRACK
30.548,177.67416630998787,-521.9171923060381,-0.738119792619209,-0.46004541345307726,0.6686248550809564,-0.3313071804407285,0.7462061676531596,177.57121521688472,-522.1062422146786,0.21526447809167412,181.26238774315974,-525.3667994193635,-0.76570510047561,-0.02758530785640101,0.2537938323468404,50.34200160223879,104.94891062021415,TRACK
30.596,177.70607421959372,-521.933530668848,-0.7421867929498664,-0.46466564877034955,0.6672679966785935,-0.33448356277493846,0.7464086234483627,177.6026872544109,-522.1233809728445,0.2161758601169154,181.26238774315974,-525.3667994193635,-0.76779595771533,-0.0256091647654636,0.2535913765516373,52.48328166380995,102.67556915888866,TRACK
30.648,177.74056446080434,-521.9514041675845,-0.7467479385315228,-0.46937597852491164,0.6658700521433334,-0.337716711145866,0.7466160347384362,177.63679575190858,-522.1419554705883,0.21697406301750077,181.26238774315974,-525.3667994193635,-0.7700577670365979,-0.023309828505075125,0.2533839652615638,52.48328166380995,102.67556915888866,TRACK
30.696,177.77232510081203,-521.9680695877963,-0.749869580734947,-0.47422640248110903,0.6644035339492461,-0.3410345512890446,0.7468176625503491,177.66829157269856,-522.1591071804295,0.21752778390543503,181.26238774315974,-525.3667994193635,-0.7721407659331263,-0.022271185198179277,0.2531823374496509,56.15785051723161,98.76605622599907,TRACK
30.748,177.806628315771,-521.9863262310676,-0.7534759218713395,-0.4794290982045237,0.6627493208293886,-0.3445537111249997,0.7469631330325652,177.7024167475441,-522.1776907601728,0.21790005496096712,181.26238774315974,-525.3667994193635,-0.7743857827608808,-0.020909860889541276,0.25303686696743477,56.15785051723161,98.76605622599907,TRACK
30.796,177.83818462146556,-522.003376843097,-0.7572785770653092,-0.4850145560387813,0.6608851208951928,-0.3482872916129656,0.7470429576133816,177.73391675632456,-522.1948447506721,0.21801776838653245,181.26238774315974,-525.3667994193635,-0.7764437920683943,-0.0191652150030851,0.2529570423866184,54.72702146738207,100.03765721959566,TRACK
30.848,177.87224838609382,-522.02206677881,-0.7607773046939483,-0.49089907367264474,0.6588506674259168,-0.3521843837700578,0.7470729831409186,177.76803923800526,-522.213426863796,0.21789499459880776,181.26238774315974,-525.3667994193635,-0.7786562344402169,-0.01787892974626859,0.25292701685908137,54.72702146738207,100.03765721959566,TRACK
30.896,177.90357601292195,-522.0395222897293,-0.7644815649347843,-0.49700657454072694,0.6566835461153018,-0.3561996165709932,0.7470685688635885,177.79953293570208,-522.2305774174623,0.2175477505065034,181.53290881632137,-525.7856479662047,-0.8012321773258793,-0.036750612391095006,0.2529314311364115,57.455060650349424,97.3693947506413,TRACK
30.944,177.93738558349108,-522.0586552201105,-0.7678942743963857,-0.503293952416314,0.654408722267174,-0.36030908987501287,0.7470431152389502,177.83364542783724,-522.2491540905697,0.21691435992420552,181.53290881632137,-525.7856479662047,-0.8033503795369228,-0.0354561051405371,0.2529568847610498,57.455060650349424,97.3693947506413,TRACK
30.996,177.96848437879504,-522.0765124432106,-0.7715744549226571,-0.5095753367979766,0.6521277185650566,-0.36440982685715706,0.7470375380333499,177.86513135825047,-522.2663004143989,0.21610488394166413,181.53290881632137,-525.7856479662047,-0.8052910352629762,-0.0337165803403191,0.25296246196665007,16.770682871111973,138.14102039015205,TRACK
31.048,178.00218418689366,-522.0959393613215,-0.7758316479651555,-0.5142563737730774,0.6507086485002924,-0.3676244901264476,0.7473750805143343,177.89928267219827,-522.2848982287385,0.21516081265444423,181.53290881632137,-525.7856479662047,-0.8074132260561407,-0.031581578090985274,0.2526249194856657,16.770682871111973,138.14102039015205,TRACK
31.096,178.03329825113184,-522.1139516568966,-0.7795149427274648,-0.517940976331407,0.649834006595255,-0.37029557381721956,0.7479325157500948,177.93084551157966,-522.3020864349595,0.21422245110756868,181.53290881632137,-525.7856479662047,-0.8093899863538858,-0.029875043626421016,0.2520674842499052,50.20976240050834,104.33585418997842,TRACK
31.148,178.06690583657635,-522.1336577291456,-0.783634258957802,-0.522281269725056,0.6485970063173011,-0.3733291477344184,0.7483667076720292,177.9650429450285,-522.3207093646408,0.21298911478270927,181.53290881632137,-525.7856479662047,-0.811521389762088,-0.027887130804285953,0.2516332923279708,50.20976240050834,104.33585418997842,TRACK
31.196,178.09784531023337,-522.1520156997666,-0.7867485297234618,-0.5269180386653174,0.6471883828552983,-0.37652414847192844,0.748747779486101,177.99661631538532,-522.3379033057253,0.21166367531296096,181.53290881632137,-525.7856479662047,-0.8134820645726938,-0.02673353484923202,0.25125222051389895,51.657563315111354,102.00795660019901,TRACK
31.248,178.13127930093114,-522.1720745651857,-0.7904580709195947,-0.5316360575770803,0.6457089247063421,-0.37975229067350225,0.7491006726183022,178.02098213389908,-522.3525678772756,0.21152612312552202,181.53290881632137,-525.7856479662047,-0.8156010581837739,-0.025142987264179184,0.25089932738169785,51.657563315111354,102.00795660019901,TRACK
31.296,178.16206778109125,-522.1907414044941,-0.7950889633602904,-0.5363293624904502,0.6442101355599632,-0.382951358895459,0.749438751358685,178.05170493739564,-522.3713421916794,0.2116520767687776,181.53290881632137,-525.7856479662047,-0.8175538352868728,-0.022464871926582308,0.250561248641315,51.71962800221315,101.67250829340472,TRACK
31.344,178.19534066096216,-522.2111270957458,-0.7980309818390099,-0.5410102915825702,0.6426886641681594,-0.38612976670697996,0.7497632398213718,178.08500142450407,-522.3916892513995,0.21160680319037656,181.53290881632137,-525.7856479662047,-0.8196656560235803,-0.021634674184570435,0.25023676017862817,51.71962800221315,101.67250829340472,TRACK
31.392,178.2259722920555,-522.230100011753,-0.8019787456659269,-0.5457544907323655,0.6411032750982513,-0.38932852757880587,0.7500600720798202,178.11574620987207,-522.4104769986453,0.21138979775249928,181.53290881632137,-525.7856479662047,-0.8216099397592764,-0.01963119409334957,0.24993992792017983,54.72598381324998,98.33766685273467,TRACK
31.448,178.25904847049844,-522.2508376067381,-0.8063835539841575,-0.5507472088789575,0.6393452529490372,-0.3926435091714676,0.7502874634184905,178.14905605222847,-522.4308322195876,0.21094168087823884,181.53290881632137,-525.7856479662047,-0.8237055464767497,-0.017321992492592142,0.2497125365815095,54.72598381324998,98.33766685273467,TRACK
31.496,178.28947209321112,-522.270154137351,-0.8098879595800024,-0.555982978361777,0.6374133300301215,-0.3960679833476777,0.750443602633259,178.1798022720615,-522.4496208434167,0.21032300933815173,181.53290881632137,-525.7856479662047,-0.8256279481020545,-0.015739988522052162,0.24955639736674096,58.336507124935025,94.50872881952384,TRACK
31.548,178.32230033102397,-522.2912776951741,-0.8136614055823745,-0.5615068072096915,0.6352779574906904,-0.39962198221610523,0.7505170297494071,178.21310331624838,-522.4699706879095,0.2094162689205903,181.78221573370212,-526.2174602137866,-0.848442171699821,-0.034780766117446404,0.24948297025059285,58.336507124935025,94.50872881952384,TRACK
31.592,178.3524846426171,-522.3109529739717,-0.8164781303884041,-0.5671631331031567,0.6330246110688609,-0.4032198630058268,0.7505374182153214,178.243834912328,-522.4887503753489,0.2083666955835114,181.78221573370212,-526.2174602137866,-0.8502960833997322,-0.03381795301132806,0.24946258178467862,15.990976205236102,136.8772407638733,TRACK
31.648,178.38519166467682,-522.3323299264817,-0.8199103548973521,-0.5712720764123758,0.6316094149044486,-0.4059762451562604,0.750830982729879,178.2771604430733,-522.5091151832661,0.20718052962924063,181.78221573370212,-526.2174602137866,-0.8523257763587795,-0.032415421461427396,0.24916901727012097,15.990976205236102,136.8772407638733,TRACK
31.692,178.41538592749572,-522.3521223924934,-0.8245437200673287,-0.574412623721889,0.6307126194089953,-0.4082046240195437,0.7512851811081416,178.30795142549252,-522.5279311609422,0.20603615043040566,181.78221573370212,-526.2174602137866,-0.8542185742003797,-0.029674854133051043,0.24871481889185842,46.22049507979263,106.43215849380046,TRACK
31.748,178.4480014150474,-522.3737169753938,-0.8276187133133344,-0.578062260347762,0.6294905226752376,-0.4106811597502413,0.7516098277109919,178.34130714104936,-522.5483144144137,0.20461655313357344,181.78221573370212,-526.2174602137866,-0.8562645166430384,-0.02864580332970401,0.24839017228900806,46.22049507979263,106.43215849380046,TRACK
31.796,178.47803700402588,-522.3937733935466,-0.8317589404272425,-0.5818076128732462,0.6281783427069991,-0.4131874695348995,0.7518855732269143,178.37210003398445,-522.5671315595818,0.2031642078532686,181.78221573370212,-526.2174602137866,-0.8581536209882239,-0.026394680560981376,0.2481144267730857,50.136533838683455,101.85184518979287,TRACK
31.844,178.51050504638354,-522.4156234368372,-0.8355239925791182,-0.5855012424429393,0.6268508232438265,-0.4156394542694992,0.7521290517902564,178.4054620574096,-522.5875186677114,0.2014497454201859,181.78221573370212,-526.2174602137866,-0.8602031884788457,-0.024679195899727446,0.24787094820974365,50.136533838683455,101.85184518979287,TRACK
31.892,178.54042052380655,-522.435892782945,-0.8396064230728335,-0.5890036156910868,0.6255867246512111,-0.41796296064409755,0.7523641316079666,178.4276801027346,-522.6012526099012,0.20013564128976682,181.78221573370212,-526.2174602137866,-0.8621012009175912,-0.02249477784475773,0.24763586839203344,52.668320179015225,99.16585896801901,TRACK
31.944,178.57276452901198,-522.4579618065696,-0.8432965494593381,-0.5924211449087954,0.624331406059843,-0.4202174295847866,0.7525771672855254,178.46003213870944,-522.6233098545505,0.20012138515011108,181.78221573370212,-526.2174602137866,-0.8641631536379203,-0.020866604178582215,0.24742283271447463,52.668320179015225,99.16585896801901,TRACK
32.0,178.60255309963432,-522.4784402176355,-0.8471997997300136,-0.5958660256963474,0.6230237413934812,-0.422463076585071,0.7527507113365319,178.48989932511097,-522.6436729574463,0.19998182722372165,181.78221573370212,-526.2174602137866,-0.8660700832217618,-0.01887028349174824,0.24724928866346807,54.574524528109926,97.04905437044783,TRACK
32.048,178.63473081393363,-522.5007554520365,-0.8507910502215053,-0.5995363334696577,0.6215462012280331,-0.42479969286427866,0.7528442463873812,178.52225243476195,-522.6657309341156,0.19967046719108192,181.78221573370212,-526.2174602137866,-0.8681348645433679,-0.017343814321862605,0.24715575361261877,54.574524528109926,97.04905437044783,TRACK
32.096,178.66433257740368,-522.521483860563,-0.8552471776627928,-0.6035096919352622,0.6198512227673623,-0.4272644458671535,0.7528415803264057,178.5521084514658,-522.6860864216405,0.19921911945346782,181.78221573370212,-526.2174602137866,-0.8700362639324234,-0.014789086269630602,0.2471584196735943,56.19391135172347,95.37441904880615,TRACK
32.144,178.6962773977438,-522.5440891486472,-0.8580589766908653,-0.6078215223858552,0.6179165086265809,-0.4298728673038923,0.7527360053015487,178.5844375729581,-522.7081280434601,0.19853691198242585,181.78221573370212,-526.2174602137866,-0.872087561312055,-0.014028584621189721,0.24726399469845128,56.19391135172347,95.37441904880615,TRACK
32.196,178.7256496708096,-522.5650908457671,-0.8618050558629409,-0.6123390034470954,0.615818555045211,-0.4325547385802293,0.7525530510244325,178.61426412191884,-522.7284634402179,0.19773048606437413,181.78221573370212,-526.2174602137866,-0.8739732231145279,-0.012168167251586981,0.24744694897556752,57.96892880743558,93.84918805986547,TRACK
32.248,178.7573490776769,-522.5879829350388,-0.8651644915675889,-0.6169237000388522,0.613643453155569,-0.43524195017470024,0.752325622847293,178.64655919471815,-522.7504818480318,0.1966730660001953,182.00968867902407,-526.6611626088242,-0.8969848359814934,-0.03182034441390447,0.24767437715270701,57.96892880743558,93.84918805986547,TRACK
32.296,178.7865132426995,-522.6092286588157,-0.8687772059494616,-0.6213546152271523,0.6115236145075482,-0.43782400348700967,0.7520977257842025,178.67635725345897,-522.7707978204865,0.19554778436112394,182.00968867902407,-526.6611626088242,-0.8988261783092344,-0.030048972359772774,0.24790227421579747,16.58017600704295,135.6169357848838,TRACK
32.348,178.81815037234267,-522.6322439324197,-0.8721190206838113,-0.6240064903334149,0.610432568182031,-0.43949609767782627,0.7521866391869423,178.70866714596437,-522.7928263322049,0.19435350261566117,182.00968867902407,-526.6611626088242,-0.9008556998184304,-0.02873667913461908,0.24781336081305771,16.58017600704295,135.6169357848838,TRACK
32.396,178.8473918359492,-522.6534890877991,-0.8759439475613093,-0.6255166853546849,0.6100001747825538,-0.44058505479914956,0.7524728591431825,178.73851770961593,-522.8131781019016,0.19327223445143277,182.00968867902407,-526.6611626088242,-0.9027615020146464,-0.02681755445333711,0.24752714085681748,48.8619094534841,103.27415294087159,TRACK
32.448,178.8789983660281,-522.6765961549403,-0.8806025230691557,-0.6275365126021291,0.6092363737551272,-0.4419086221464492,0.7526301810541949,178.77084943679816,-522.8352215002506,0.19198487197793776,182.00968867902407,-526.6611626088242,-0.9048333696331363,-0.024230846563980668,0.24736981894580512,48.8619094534841,103.27415294087159,TRACK
32.496,178.90811522851897,-522.6980009799713,-0.883581321636163,-0.629771008289132,0.6083140986033924,-0.44331745357975816,0.7527126989815561,178.80068925508584,-522.8555659438823,0.19070148824885666,182.00968867902407,-526.6611626088242,-0.9067550622716666,-0.023173740635503592,0.24728730101844387,53.31636929328576,98.28034930201824,TRACK
32.548,178.93958999364375,-522.7212700640345,-0.8872262897418226,-0.6321659408687291,0.6072535447397927,-0.44477517986724224,0.7527162999596734,178.8330064388691,-522.8775994267097,0.1892060352706881,182.00968867902407,-526.6611626088242,-0.9088463872456756,-0.021620097503852964,0.24728370004032663,53.31636929328576,98.28034930201824,TRACK
32.596,178.96858233411623,-522.742817830468,-0.8911618385675832,-0.6346098620473948,0.6061172866927238,-0.44622299715807423,0.7526573778423249,178.85444347034937,-522.8935020538526,0.18903284211746893,182.00968867902407,-526.6611626088242,-0.9107868163039722,-0.019624977736388938,0.2473426221576751,52.12800151781292,99.60245959520933,TRACK
32.648,178.9999256174551,-522.7662327400236,-0.8947129959751319,-0.6370588197321397,0.6049406434387263,-0.44764530093109833,0.7525553119404272,178.88562950662433,-522.9171245583581,0.18929326927103715,182.00968867902407,-526.6611626088242,-0.91290056375222,-0.018187567777088076,0.24744468805957276,52.12800151781292,99.60245959520933,TRACK
32.696,179.02879057417042,-522.7879163823648,-0.8985632693496814,-0.6395835537869161,0.6036850609510704,-0.44907933767605734,0.7524014250006867,178.9144074841167,-522.938923029218,0.1894373212545511,182.00968867902407,-526.6611626088242,-0.9148610197295753,-0.016297750379893894,0.24759857499931326,55.451728436582705,96.49257219424325,TRACK
32.744,179.0599673862614,-522.8114971007894,-0.9020379956623632,-0.6423721299666434,0.6022392171537092,-0.4506179435017235,0.752162619174627,178.94556754701122,-522.9625258596524,0.18946506069496385,182.00968867902407,-526.6611626088242,-0.9169899724134838,-0.014951976751120588,0.247837380825373,55.451728436582705,96.49257219424325,TRACK
32.796,179.08865122924493,-522.8333515123189,-0.9057037676437134,-0.6454167912874894,0.6006085129048087,-0.4522567473453282,0.7518422383007634,178.97431263445446,-522.9842994172681,0.1893636297370531,182.00968867902407,-526.6611626088242,-0.9189580540517011,-0.013254286407987648,0.24815776169923665,57.23456773526937,95.04329442629535,TRACK
32.848,179.1196155505138,-522.8571259173963,-0.9090726530639834,-0.6486964173820338,0.5988092342362799,-0.4539869199489167,0.7514496806116455,179.00543090011513,-523.0078705875281,0.18910867235490061,182.00968867902407,-526.6611626088242,-0.9210916566092525,-0.01201900354526908,0.24855031938835448,57.23456773526937,95.04329442629535,TRACK
32.896,179.14809936602975,-522.879158732006,-0.912619478065773,-0.6520838354833414,0.5969204903907445,-0.45574743782919835,0.7510125158319306,179.03413475362345,-523.029612911652,0.18874425303532633,182.00968867902407,-526.6611626088242,-0.9230635333163786,-0.010444055250605544,0.24898748416806937,58.79859286301952,94.03396316830272,TRACK
32.948,179.17885522015388,-522.9031177056956,-0.9167212979776967,-0.6554833853425515,0.5950088753586631,-0.4574981575002425,0.7505598749411654,179.06520939015292,-523.0531510341294,0.18821629663109843,182.21476211870396,-527.1156520372529,-0.9463228197428416,-0.029601521765144856,0.24944012505883462,58.79859286301952,94.03396316830272,TRACK
32.996,179.20716175578198,-522.9253083084564,-0.9199071580581063,-0.6587654527418864,0.5931575912713833,-0.4591802808386032,0.7501216290668387,179.09387654178343,-523.074865557661,0.18761905686888924,182.21476211870396,-527.1156520372529,-0.9482596470657335,-0.028352489007627213,0.24987837093316134,18.504914034793522,134.90701751737083,TRACK
33.048,179.2378767625014,-522.9493240139888,-0.9226266179577771,-0.6604568061961752,0.5922880564763338,-0.46011135439782713,0.7500050668430951,179.12495252876914,-523.0984047030694,0.18702121382551784,182.21476211870396,-527.1156520372529,-0.9503979743612287,-0.02777135640345163,0.2499949331569049,18.504914034793522,134.90701751737083,TRACK
33.092,179.26626765139767,-522.97147755777,-0.9264253677427012,-0.6612125723874855,0.5920041349115669,-0.4606086370965042,0.7500861366005186,179.15365544323694,-523.1201463158976,0.1865044478559536,182.21476211870396,-527.1156520372529,-0.9524075923725214,-0.02598222462982014,0.2499138633994814,47.99797928305962,105.54953642586405,TRACK
33.148,179.29695217087092,-522.9955465979184,-0.9300281524828189,-0.6625933893829373,0.5913331072240412,-0.4613987689580462,0.7500424439291685,179.18473772860688,-523.1436902321466,0.18584568172266758,182.21476211870396,-527.1156520372529,-0.9545960570196691,-0.024567904536850205,0.24995755607083148,47.99797928305962,105.54953642586405,TRACK
33.196,179.3252129447818,-523.0178249680687,-0.9338839871857894,-0.6643363590160206,0.5904346627958359,-0.462355648835145,0.749923887498325,179.21341804582497,-523.1654147282233,0.18515084859447922,182.21476211870396,-527.1156520372529,-0.956627816420911,-0.022743829235121638,0.25007611250167505,51.71041375087445,101.51641141100758,TRACK
33.248,179.35575688865768,-523.0420252658964,-0.9374694534722838,-0.6663299182130215,0.5893667684433408,-0.46341779173729586,0.7497394463705496,179.2370518341013,-523.1834924411231,0.18467228174215755,182.21476211870396,-527.1156520372529,-0.9588412970821842,-0.02137184360990041,0.25026055362945043,51.71041375087445,101.51641141100758,TRACK
33.296,179.38388972829458,-523.0644186838764,-0.9412788056575283,-0.6684148524726711,0.5882236885072295,-0.4645069040665405,0.7495156913944714,179.26458746790905,-523.2065975812955,0.18560136908006444,182.21476211870396,-527.1156520372529,-0.960897659745623,-0.019618854088094717,0.2504843086055286,53.73606484740141,99.83002831027922,TRACK
33.348,179.41429733539496,-523.0887400450724,-0.9448024810764752,-0.6705944726659503,0.5870119837823006,-0.4656309572319161,0.7492631429856552,179.2944073167742,-523.2316194054799,0.18651575857107958,182.21476211870396,-527.1156520372529,-0.9631391489753243,-0.018336667898849024,0.2507368570143448,53.73606484740141,99.83002831027922,TRACK
33.396,179.44229842431525,-523.111249805565,-0.9486210866996285,-0.6728725276646448,0.585732396168945,-0.4667937924588398,0.7489852365700678,179.32192292359193,-523.2547077410123,0.18727103464554845,182.21476211870396,-527.1156520372529,-0.9652203950357707,-0.016599308336142204,0.25101476342993223,55.452776838685786,98.46329975164826,TRACK
33.448,179.47254666705618,-523.1357089636412,-0.9528786402004377,-0.6753551907170884,0.5843199990352693,-0.46804491368794365,0.7486627428299953,179.35171710532998,-523.2797080279199,0.18797742816654106,182.21476211870396,-527.1156520372529,-0.9674852184931753,-0.014606578292737593,0.25133725717000466,55.452776838685786,98.46329975164826,TRACK
33.496,179.50037825925858,-523.1583618260556,-0.9557953968966708,-0.678089626642993,0.5827466925154429,-0.4694063156693695,0.7482887122147306,179.3792037113318,-523.3027720288784,0.18851413141877166,182.21476211870396,-527.1156520372529,-0.9695827738196561,-0.013787376922985262,0.2517112877852694,58.866322321266196,95.4431001587884,TRACK
33.548,179.53041289432414,-523.1829974662396,-0.9591474054932614,-0.6811914787035727,0.5809415476917039,-0.4709309141157769,0.7478429030915207,179.40895944341437,-523.3277400526943,0.18894802743471728,182.21476211870396,-527.1156520372529,-0.9718579312276912,-0.012710525734429767,0.2521570969084793,58.866322321266196,95.4431001587884,TRACK
33.596,179.55802498610564,-523.2058292106616,-0.9632123204823042,-0.6845903963106564,0.5789501752396469,-0.4725865639188407,0.7473428703123047,179.4364053234756,-523.3507698805311,0.18920660696828673,182.396926207859,-527.5797985667431,-0.9950930289613068,-0.031880708479002595,0.25265712968769527,57.572865338087695,97.29899983123471,TRACK
33.648,179.58782299540346,-523.230659461144,-0.9659079909967248,-0.6881278596210579,0.5768811380257192,-0.4743079524865432,0.746833235201692,179.46611802472302,-523.375701797189,0.18933932273490325,182.396926207859,-527.5797985667431,-0.9973096882689881,-0.031401697272263385,0.253166764798308,57.572865338087695,97.29899983123471,TRACK
33.696,179.61522786503102,-523.2536659351152,-0.9693269218327201,-0.6917077342618771,0.5747999140843345,-0.47605570848984347,0.7463403907180189,179.49352833933997,-523.3987017820746,0.18933085183518078,182.396926207859,-527.5797985667431,-0.9993585782648596,-0.030031656432139564,0.25365960928198106,16.54348731263822,138.9802928996112,TRACK
33.744,179.64495337536638,-523.278587026543,-0.9725870055863122,-0.6938063143018943,0.5736954944890249,-0.4771743258979151,0.746204970295117,179.52324322688347,-523.4236355332528,0.18934737796561077,182.396926207859,-527.5797985667431,-1.001615516172974,-0.029028510586661893,0.253795029704883,16.54348731263822,138.9802928996112,TRACK
33.796,179.67241801246217,-523.301599068703,-0.9764260488691141,-0.6950696425746221,0.5731650502413541,-0.4779594525833878,0.7462998145061981,179.55069135628824,-523.4466672485128,0.18937305937382545,182.396926207859,-527.5797985667431,-1.0037315115950578,-0.027305462725943697,0.2537001854938019,48.78262480668707,106.89365120878358,TRACK
33.848,179.70207451993375,-523.3266241189497,-0.9800721893459823,-0.6971105425433817,0.5721683906386134,-0.4791114823778377,0.7462737298017865,179.58041694101445,-523.471609975693,0.1892655942428715,182.396926207859,-527.5797985667431,-1.0060298602041982,-0.025957670858215875,0.2537262701982135,48.78262480668707,106.89365120878358,TRACK
33.896,179.7293711655324,-523.3498063750578,-0.9840609509634719,-0.6995462505845668,0.5709474947386056,-0.4804597476675674,0.7462054749712526,179.6078503029699,-523.4946292995918,0.18905290134908526,182.396926207859,-527.5797985667431,-1.0081595468500857,-0.024098595886613783,0.25379452502874744,51.38953195685572,103.89564859254106,TRACK
33.948,179.75886271093174,-523.3750053496243,-0.9885501877464065,-0.7021791654922674,0.5696166579217953,-0.48190731864291125,0.7461218404145504,179.62975304592297,-523.5141524755679,0.18981893545441447,182.396926207859,-527.5797985667431,-1.010477085985495,-0.021926898239088555,0.25387815958544957,51.38953195685572,103.89564859254106,TRACK
33.996,179.7860183103043,-523.398339938848,-0.9915519856483047,-0.7048683294777301,0.568260406407533,-0.48338780354096567,0.7460453458755799,179.65598018634032,-523.5384877055661,0.1911839695166509,182.396926207859,-527.5797985667431,-1.0126277057272293,-0.021075720078924554,0.2539546541244201,55.25607204980763,100.22453133571575,TRACK
34.048,179.81535168492178,-523.42370922999,-0.9951245359045302,-0.7077343307318446,0.5668054394747607,-0.4849569165262392,0.7459568466773493,179.6843920932935,-523.5648501026627,0.1925387248796151,182.396926207859,-527.5797985667431,-1.0149669340289298,-0.019842398124399585,0.2540431533226507,55.25607204980763,100.22453133571575,TRACK
34.092,179.84234012331842,-523.447217925105,-0.9989008891095512,-0.7108355197946464,0.5652142323007739,-0.4866395642887028,0.7458452881975268,179.7106162167731,-523.5891825333517,0.19366243195370023,182.396926207859,-527.5797985667431,-1.0171325350779246,-0.018231645968373345,0.2541547118024732,53.663631722574806,101.9144237171531,TRACK
34.148,179.87147050669412,-523.4727923129498,-1.0032975936537847,-0.7142120684146207,0.5634591391011863,-0.4884510195892836,0.7457014147595945,179.73902130493363,-523.6155386035334,0.19472877168612368,182.396926207859,-527.5797985667431,-1.0194827534308697,-0.016185159777085012,0.2542985852404055,53.663631722574806,101.9144237171531,TRACK
34.192,179.8982451784299,-523.4965087336053,-1.0067481033244086,-0.717951774435535,0.5614804218224894,-0.4904253966797192,0.7455047510233724,179.76523413003042,-523.6398605508552,0.1955548069089285,182.396926207859,-527.5797985667431,-1.021652078262003,-0.014903974937594544,0.25449524897662756,58.21052209657343,97.55395427877137,TRACK
34.248,179.92709776275254,-523.5223392081301,-1.0103939958137125,-0.7222316655103039,0.5591623609715877,-0.49263547098957633,0.7452196006577134,179.79361762399463,-523.6661965845509,0.19624447047878837,182.396926207859,-527.5797985667431,-1.023994794525793,-0.01360079871208053,0.2547803993422866,58.21052209657343,97.55395427877137,TRACK
34.296,179.95358433301766,-523.5463137522225,-1.013743729156027,-0.72692694427803,0.5565867761480583,-0.49502744015051153,0.7448765037809,179.81980433426688,-523.6904943008566,0.19668532906694397,182.55572805786136,-528.0524482558908,-1.047110048884448,-0.03336631972842108,0.2551234962191,58.34882251619922,97.79556935322577,TRACK
34.348,179.9821250147145,-523.5724267807436,-1.0173597442014874,-0.7318513728149109,0.5538821466865974,-0.49752860498972584,0.7445267928027681,179.84816110462097,-523.7168055386655,0.19695571823794536,182.55572805786136,-528.0524482558908,-1.0493663034081455,-0.03200655920665807,0.2554732071972319,58.34882251619922,97.79556935322577,TRACK
34.396,180.00833970161028,-523.5966563457711,-1.0200706997679352,-0.7368227056329408,0.5511721539612707,-0.5000675049017318,0.7442165362049881,179.8743288681961,-523.7410856750055,0.19702470559669816,182.55572805786136,-528.0524482558908,-1.0514435708578262,-0.03137287108989106,0.25578346379501193,16.81787995029923,139.81475728382242,TRACK
34.448,180.0367563864945,-523.6229481641982,-1.0242989358064603,-0.7402378509678847,0.5495280483339079,-0.502008040676396,0.7443071602567235,179.90270815198377,-523.7674178022281,0.1970796932409302,182.55572805786136,-528.0524482558908,-1.0537240585588699,-0.029425122752409605,0.2556928397432765,16.81787995029923,139.81475728382242,TRACK
34.496,180.06299760893756,-523.6472661834285,-1.0279030213704163,-0.7427391262058461,0.5485354783977964,-0.5036241166609514,0.7446666515586843,179.92893427826803,-523.7917520912483,0.1971018878365101,182.55572805786136,-528.0524482558908,-1.0558556995995263,-0.027952678229109962,0.2553333484413157,48.93221514224443,107.5815009312913,TRACK
34.544,180.09130824971322,-523.6737438335732,-1.0309030821546692,-0.7459667620492907,0.5471004507947267,-0.5055706287264399,0.7449299053539473,179.95734923370554,-523.818117316925,0.19694852288070186,182.55572805786136,-528.0524482558908,-1.0581642671804132,-0.02726118502574404,0.2550700946460527,48.93221514224443,107.5815009312913,TRACK
34.596,180.11734025279665,-523.6983049426574,-1.034945354967164,-0.7495972421550742,0.5454319821665707,-0.5077123290776208,0.745162972957981,179.98236818086036,-523.8413315074024,0.1966572104590487,182.55572805786136,-528.0524482558908,-1.0602961947557568,-0.02535083978859265,0.25483702704201905,49.17371881287116,106.57032924220402,TRACK
34.648,180.1454392008415,-523.7250378953042,-1.0395064114657773,-0.753412279572452,0.5436583233255778,-0.5099463490235034,0.7453922802146393,180.00374222121047,-523.8632452285426,0.19793761895460868,182.55572805786136,-528.0524482558908,-1.0626086083455624,-0.023102196879785097,0.2546077197853607,49.17371881287116,106.57032924220402,TRACK
34.696,180.17128416106283,-523.7498283869198,-1.0431764993825308,-0.7573221126431734,0.5418307451087466,-0.5122291282289498,0.745626740501767,180.0287339280953,-523.8888679599739,0.19912953521304416,182.55572805786136,-528.0524482558908,-1.0647463645518385,-0.0215698651693077,0.254373259498233,54.44391799397249,101.12691928735575,TRACK
34.748,180.19916077384113,-523.7768219918455,-1.0471601458476196,-0.7615189824124569,0.5398210318669375,-0.5146366588101163,0.7458268143725628,180.0558173502782,-523.9166352211711,0.20023754935871574,182.55572805786136,-528.0524482558908,-1.0670606049065956,-0.019900459058975972,0.2541731856274372,54.44391799397249,101.12691928735575,TRACK
34.792,180.2247701642431,-523.8018722673551,-1.0501574202171842,-0.7660159697159675,0.5376188090612122,-0.5171720871504469,0.7459899138620747,180.08082406028686,-523.9422733345455,0.2010794383132757,182.55572805786136,-528.0524482558908,-1.069192839153392,-0.01903541893620786,0.2540100861379253,54.804842619067585,100.5409413367203,TRACK
34.848,180.25236714133004,-523.8291616073059,-1.0537152731929296,-0.7708395676870965,0.5352011101288339,-0.5198401063167193,0.7461058667632323,180.10791897193238,-523.9700523753068,0.20178077745467113,182.55572805786136,-528.0524482558908,-1.0714952251812442,-0.017779951988314613,0.2538941332367677,54.804842619067585,100.5409413367203,TRACK
34.896,180.27769477069742,-523.8544976024691,-1.058146322308121,-0.7759939099487618,0.5325613523875627,-0.5226377005044267,0.7461714012513644,180.13293112909594,-523.9956960733732,0.20222146304331706,182.55572805786136,-528.0524482558908,-1.073610790521303,-0.015464468213182148,0.2538285987486356,54.41722661111761,100.85376782878264,TRACK
34.944,180.30496796712367,-523.8821062290936,-1.060955901264116,-0.7814251294872467,0.5297344703824493,-0.525541799915469,0.746198896119369,180.16002778016582,-524.0234768974782,0.20246808063222466,182.69077286229074,-528.532426023097,-1.0967703994116729,-0.03581449814755677,0.25380110388063104,54.41722661111761,100.85376782878264,TRACK
34.996,180.32999007780475,-523.9077402276083,-1.0647238136791586,-0.7870436193083841,0.5267802961314485,-0.5285167424485304,0.746208702335173,180.18503994174566,-524.0491206000725,0.20248197860957712,182.69077286229074,-528.532426023097,-1.098804511343714,-0.03408069766455535,0.253791297664827,14.098925139913504,141.21514314325316,TRACK
35.044,180.35708312153082,-523.9355895073462,-1.0691043588020883,-0.7912884640393671,0.5247642175647521,-0.5309829577504419,0.7465389376702022,180.21216905128824,-524.0769347022057,0.20243159798838695,182.69077286229074,-528.532426023097,-1.101029184074198,-0.0319248252721096,0.2534610623297978,14.098925139913504,141.21514314325316,TRACK
35.096,180.3820682494991,-523.9613777625806,-1.0723386177319374,-0.7947672301005231,0.5232799661857807,-0.5331782836217605,0.7470615805522582,180.2372402869009,-524.1026389704141,0.2023113135465319,182.69077286229074,-528.532426023097,-1.1031000306139918,-0.030761412882054362,0.25293841944774176,48.26422142409399,106.73750620132373,TRACK
35.144,180.40897442279513,-523.9894766503215,-1.0762284566682836,-0.7990802128058615,0.5212312213594004,-0.5356930133797889,0.7474282512079209,180.26440305584322,-524.1304875818254,0.20195287308162915,182.69077286229074,-528.532426023097,-1.1053323883146915,-0.0291039316464079,0.2525717487920791,48.26422142409399,106.73750620132373,TRACK
35.196,180.43368378371878,-524.0155513830725,-1.0810193749303396,-0.8037031031968931,0.518972717285229,-0.5383287183395561,0.747750286041753,180.2894830397023,-524.1562008191678,0.20143514700473397,182.69077286229074,-528.532426023097,-1.107387538220313,-0.02636816328997349,0.252249713958247,47.94333258819101,106.2905561243834,TRACK
35.248,180.46034015364432,-524.0439323090419,-1.085229650607201,-0.8082638332233374,0.5167501407342749,-0.5409391301761053,0.7480948138468642,180.3166649961277,-524.1840691025338,0.20070095111290304,182.69077286229074,-528.532426023097,-1.1096138918001122,-0.02438424119291116,0.25190518615313584,47.94333258819101,106.2905561243834,TRACK
35.296,180.48485460152895,-524.0702454792095,-1.0883334968242537,-0.8126460143511499,0.514638773969371,-0.5434773004195762,0.7484788866387933,180.33457453673597,-524.2028684232804,0.20043189159468536,182.69077286229074,-528.532426023097,-1.111671845872259,-0.023338349048005247,0.25152111336120675,53.36511551959716,100.61479407946183,TRACK
35.348,180.51129436203829,-524.0988863180148,-1.092133667301085,-0.8170924754089685,0.5124751295852226,-0.5460351218472559,0.7488558691324642,180.36035988969107,-524.232086780179,0.20130468962117376,182.69077286229074,-528.532426023097,-1.1139002843841472,-0.021766617083062156,0.25114413086753584,53.36511551959716,100.61479407946183,TRACK
35.392,180.5355795568104,-524.1254548091049,-1.0962358336188438,-0.8217078359236921,0.5101883794437572,-0.5486514100658357,0.7492066152181767,180.384173780794,-524.259071199225,0.20193327789113763,182.69077286229074,-528.532426023097,-1.1159536144987487,-0.019717780879904945,0.25079338478182334,51.57760461266096,101.93553955867282,TRACK
35.448,180.56174221590442,-524.1543851647738,-1.0999365471651057,-0.8265713412118313,0.5077172674635276,-0.5513469643140787,0.7495067035984276,180.40998144594118,-524.2883148389108,0.20240674127675282,182.69077286229074,-528.532426023097,-1.118170625794587,-0.018234078629481232,0.25049329640157236,51.57760461266096,101.93553955867282,TRACK
35.496,180.58573743776483,-524.1812349125458,-1.1044705371917956,-0.8317928218736156,0.504981383250163,-0.5541549376421959,0.7497292126778001,180.43380791569479,-524.3153135113007,0.20263180974491288,182.69077286229074,-528.532426023097,-1.1202056983252497,-0.01573516113345419,0.2502707873221999,54.83916659406614,98.3716249998989,TRACK
35.548,180.6115374802367,-524.210490257282,-1.1075726210288521,-0.8374940038171319,0.5018920311348201,-0.5571116836531009,0.7498460101777085,180.45961805052514,-524.3445599494776,0.20261834934008904,182.69077286229074,-528.532426023097,-1.1223917198932416,-0.01481909886438948,0.25015398982229153,54.83916659406614,98.3716249998989,TRACK
35.596,180.63517003168886,-524.2376496026585,-1.111983830335165,-0.843525107990993,0.49855050790957167,-0.5601594877448465,0.7498874986606062,180.48343933040638,-524.3715527410272,0.20236663800307755,182.69077286229074,-528.532426023097,-1.1243915437100105,-0.012407713374845475,0.2501125013393938,56.66447756586187,96.51744519978219,TRACK
35.648,180.66058011282635,-524.2672345441644,-1.1149068625748524,-0.8496999736068693,0.49508722241281705,-0.5632330810158046,0.749895233580661,180.50924224860665,-524.4007910017682,0.20184270240528265,182.8017248784854,-529.0185385680059,-1.147407308553454,-0.03250044597860158,0.250104766419339,56.66447756586187,96.51744519978219,TRACK
35.696,180.68387708942606,-524.2946826985392,-1.1192608067360714,-0.8557630071633953,0.4916804822745416,-0.5662442949767921,0.7499215280570962,180.53305988817752,-524.4277796683448,0.20114828252777683,182.8017248784854,-529.0185385680059,-1.1493317794896647,-0.030070972753593272,0.2500784719429038,15.226396670048217,138.07544779704924,TRACK
35.748,180.70912099276651,-524.3244826679123,-1.123060642594532,-0.8600436500733356,0.4895032013468855,-0.5686355086694446,0.7503064213030617,180.55889672860093,-524.4570563676374,0.20035746904691487,182.8017248784854,-529.0185385680059,-1.1514417161107395,-0.028381073516207556,0.2496935786969383,15.226396670048217,138.07544779704924,TRACK
35.796,180.73242609265435,-524.3520513462041,-1.126833923667621,-0.8631865713868798,0.48811010089096124,-0.5706346931795367,0.7509163892550811,180.58277771905387,-524.48411681949,0.19958939088916522,182.8017248784854,-529.0185385680059,-1.1534125604604342,-0.026578636792813137,0.24908361074491892,49.307298320475326,103.5847898255866,TRACK
35.848,180.75753529178667,-524.3820480836804,-1.1309607335944758,-0.8669267401377834,0.48627579050817926,-0.5728136681954227,0.7513851495111216,180.60865320269664,-524.5134373068735,0.19856738005798202,182.8017248784854,-529.0185385680059,-1.1555427357752606,-0.024582002180784768,0.24861485048887844,49.307298320475326,103.5847898255866,TRACK
35.896,180.7805960341501,-524.4098504627443,-1.134231767612114,-0.8709298763170646,0.484230510230401,-0.575054565001493,0.7517758573983676,180.63254315008166,-524.540507908164,0.19746145073050309,182.8017248784854,-529.0185385680059,-1.157506974433183,-0.023275206821068872,0.2482241426016324,50.59366005579601,101.36639906359541,TRACK
35.948,180.80545688688343,-524.4400858297345,-1.1389187458761039,-0.8750313116226409,0.48208249427791805,-0.5772927450693226,0.7521106599423337,180.65842828946032,-524.5698393368264,0.19609533666779067,182.8017248784854,-529.0185385680059,-1.1596341065028262,-0.0207153606267223,0.24788934005766627,50.59366005579601,101.36639906359541,TRACK
35.996,180.82829311801478,-524.4680971895498,-1.1420395104734067,-0.879162399524094,0.47986780661340345,-0.5794897829483492,0.7523838916174931,180.67498457798123,-524.590356670515,0.1960889826917999,182.8017248784854,-529.0185385680059,-1.1615973495576672,-0.019557839084260564,0.24761610838250692,52.85171641027443,98.88803978705923,TRACK
36.048,180.85289857124678,-524.498556036686,-1.1457455102779126,-0.883413313868232,0.4775277018217824,-0.5816798300252918,0.7525849657450283,180.6993972805034,-524.6209692312129,0.19633552010317565,182.8017248784854,-529.0185385680059,-1.1637214415363502,-0.01797593125843755,0.2474150342549717,52.85171641027443,98.88803978705923,TRACK
36.096,180.8754787163127,-524.5267779192934,-1.1496614972862327,-0.8878195834257129,0.47503989728979135,-0.5838764501957845,0.7527115072259264,180.72193222609607,-524.6492271591975,0.19639333239937898,182.8017248784854,-529.0185385680059,-1.1656777552371669,-0.0160162579509342,0.2472884927740736,52.73723881595476,98.86877468380007,TRACK
36.148,180.89978757223784,-524.5574674831158,-1.1542080334703617,-0.8923977389918203,0.47239323273451284,-0.5860840645089379,0.7527615140299618,180.7463420955883,-524.6798361673882,0.19626413119762845,182.8017248784854,-529.0185385680059,-1.167790426970611,-0.013582393500249257,0.24723848597003817,52.73723881595476,98.86877468380007,TRACK
36.192,180.92207966566437,-524.5859026883986,-1.157173344911119,-0.8971276391905761,0.46960211584586736,-0.5882946804511445,0.7527395155390938,180.7688690512364,-524.7080840762993,0.19596373114108145,182.8017248784854,-529.0185385680059,-1.1697332961241884,-0.012559951213069409,0.2472604844609062,57.782784159586456,93.87696213337883,TRACK
36.248,180.94605280515302,-524.6168273976698,-1.1606827104673254,-0.9021060952692994,0.46659904493493376,-0.5905386239261592,0.7526290820070628,180.79326303940857,-524.7386731699446,0.19542544547086732,182.8017248784854,-529.0185385680059,-1.1718262676772766,-0.011143557209951194,0.2473709179929372,57.782784159586456,93.87696213337883,TRACK
36.296,180.96802532351995,-524.6454781676396,-1.1649287293252,-0.9071635714328227,0.4635056589666388,-0.592761969914949,0.7524654469618848,180.81577084361237,-524.766897063704,0.1947407891876954,182.8017248784854,-529.0185385680059,-1.1737488696874443,-0.008820140362244322,0.24753455303811522,56.474425225825954,95.41480101139281,TRACK
36.348,180.99167841178354,-524.6766195362889,-1.1686143926874815,-0.9120807731709817,0.46048215702553086,-0.5949006463533807,0.7522968802079109,180.84014602885836,-524.7974625792257,0.19381719248099702,182.88830826225126,-529.5095773382382,-1.1968270206362663,-0.028212627948784874,0.24770311979208914,56.474425225825954,95.41480101139281,TRACK
36.396,181.0133864028259,-524.7054526670684,-1.1713751844787934,-0.9167591791815345,0.4576008367503757,-0.5969269987302347,0.7521438476832272,180.86263989515527,-524.8256689954027,0.1928120203023489,182.88830826225126,-529.5095773382382,-1.1987030070591715,-0.027327822580378136,0.24785615231677283,17.81670550310899,134.35660408673346,TRACK
36.444,181.0369238730491,-524.7367160911497,-1.1747438969982524,-0.9198046350286121,0.45586582423623134,-0.5984294420296709,0.7522841529598518,180.88702963272198,-524.8562527589573,0.19172192945462146,182.88830826225126,-529.5095773382382,-1.200765851938532,-0.02602195494027959,0.24771584704014815,17.81670550310899,134.35660408673346,TRACK
36.496,181.05865861873815,-524.7656042117393,-1.1792844252361583,-0.9218961571701215,0.45479530640293514,-0.5996216832852077,0.7525854993234493,180.90956070515813,-524.8845058301573,0.1907033893152937,182.88830826225126,-529.5095773382382,-1.2026964860847564,-0.02341206084859815,0.24741450067655069,47.160244918899934,104.85816036971843,TRACK
36.548,181.08208168110903,-524.7969830652133,-1.1822908611886969,-0.9245811134300969,0.4532721766582241,-0.600957915595355,0.7527324109198422,180.9339622355382,-524.9151043814321,0.18945188175753142,182.88830826225126,-529.5095773382382,-1.2047893745217693,-0.0224985133330724,0.24726758908015778,47.160244918899934,104.85816036971843,TRACK
36.596,181.10359643518322,-524.8260193585659,-1.1863403829766441,-0.9275650267318988,0.45150532995213866,-0.6023456174991926,0.752779719370596,180.9564800174179,-524.9433407868014,0.18816896104119718,182.88830826225126,-529.5095773382382,-1.2067242840162438,-0.02038390103959964,0.24722028062940404,50.9294148033306,100.60864745815896,TRACK
36.648,181.12678802971843,-524.8575480768375,-1.1900193831604757,-0.9307249879270675,0.44957573537892964,-0.603737178202567,0.7527396111441881,180.9748145988672,-524.9668095327402,0.1871736878695029,182.88830826225126,-529.5095773382382,-1.208823984372433,-0.018804601211957372,0.24726038885581192,50.9294148033306,100.60864745815896,TRACK
36.696,181.148098866322,-524.8867107043909,-1.1940080428747697,-0.933873935498081,0.44761574489726585,-0.6050733250754405,0.752644393985489,180.99589843475903,-524.996135362691,0.18745326674145973,182.88830826225126,-529.5095773382382,-1.2107680555937619,-0.01676001271899219,0.247355606014511,53.45859431402572,98.29903244628458,TRACK
36.748,181.1710798691602,-524.9183662015816,-1.1984621377265605,-0.9370149899512333,0.44563006097885194,-0.6063635077751779,0.7525043885648997,181.01873292059324,-525.0278961984338,0.18763372017871355,182.88830826225126,-529.5095773382382,-1.2128806011659228,-0.014418463439362261,0.24749561143510035,53.45859431402572,98.29903244628458,TRACK
36.796,181.19219505237444,-524.9476426164911,-1.2014199575528712,-0.9401444748918288,0.44362441724017043,-0.6076101387683971,0.752324866201983,181.03980401735987,-525.0572043093406,0.18768801797895018,182.88830826225126,-529.5095773382382,-1.2148368024362137,-0.013416844883342494,0.24767513379801698,57.19057930357099,94.81937097670243,TRACK
36.848,181.21494519009804,-524.979424197893,-1.2049208143348347,-0.9434262196653966,0.44148179819182076,-0.608861080404565,0.7520757896423057,181.06261959370116,-525.0889388435803,0.18760742239497974,182.88830826225126,-529.5095773382382,-1.216958926240813,-0.012038111905978255,0.2479242103576943,57.19057930357099,94.81937097670243,TRACK
36.892,181.2358211238886,-525.0088224971888,-1.2085998683917816,-0.946886124584826,0.4391835193808684,-0.6101223012951916,0.7517522106608707,181.0836669334012,-525.1182139104196,0.18739631525596337,182.88830826225126,-529.5095773382382,-1.2189186940604622,-0.010318825668680587,0.24824778933912928,55.8228414264733,96.52100796968426,TRACK
36.948,181.25829949451582,-525.0407360099264,-1.2119765251776244,-0.9504768843757972,0.43676601297312684,-0.6113819854216087,0.7513670755273415,181.1064524339508,-525.1499066117806,0.18701804755543,182.88830826225126,-529.5095773382382,-1.2210423171321028,-0.00906579195447832,0.2486329244726585,55.8228414264733,96.52100796968426,TRACK
36.996,181.2789186714962,-525.0702540121208,-1.2156251277502532,-0.9541764393130988,0.43424607391442915,-0.6126337231918009,0.750925916120854,181.12746901687945,-525.1791388985558,0.18652859399433058,182.95030775365402,-530.0043215340418,-1.2441834997966066,-0.028558372046353364,0.24907408387914598,58.71356926759047,94.16231077458197,TRACK
37.048,181.3011065487518,-525.1022981141447,-1.218902997901802,-0.9580222900240436,0.43160142957238756,-0.6138933760045021,0.7504297909272617,181.15021742445148,-525.2107800067267,0.185838233015436,182.95030775365402,-530.0043215340418,-1.2462588986428318,-0.02735590074102978,0.2495702090727383,58.71356926759047,94.16231077458197,TRACK
37.096,181.32145676975222,-525.1319344482423,-1.2228786888088314,-0.9618863494166455,0.42892795735016265,-0.6151289638648133,0.7499085509460348,181.17119844385817,-525.2399628276552,0.1850613283726557,182.95030775365402,-530.0043215340418,-1.248173813045684,-0.02529512423685265,0.2500914490539652,16.935168882481207,136.57242177296874,TRACK
37.148,181.3435338887028,-525.164040381896,-1.225701544931038,-0.9641713229249492,0.4273991652142774,-0.6159314568737382,0.7496943417103178,181.1939384157449,-525.2715922025023,0.18424494469383723,182.95030775365402,-530.0043215340418,-1.2502833728883935,-0.02458182795735553,0.2503056582896822,16.935168882481207,136.57242177296874,TRACK
37.196,181.36393541139222,-525.1936798395475,-1.2294550883970152,-0.9654938859947454,0.42657056033289964,-0.6164764923431203,0.7496703999454701,181.2149383969956,-525.3008013977498,0.183507870487318,182.95030775365402,-530.0043215340418,-1.2522623745525796,-0.022807286155564377,0.25032960005452987,49.4982900632019,104.31179409482976,TRACK
37.248,181.3859240663903,-525.2258414024583,-1.2340407816022223,-0.9674546705978285,0.42527142670338586,-0.6171817780764979,0.7495125973324269,181.237674590447,-525.3324255171134,0.18258718633648002,182.95030775365402,-530.0043215340418,-1.2544123884171092,-0.020371606814886922,0.2504874026675731,49.4982900632019,104.31179409482976,TRACK
37.296,181.4061319977558,-525.2555711458151,-1.236974271197254,-0.9696780229242826,0.42377592689745985,-0.6179475343932607,0.749296464345396,181.25865139630645,-525.3616024773545,0.1816402242673126,182.95030775365402,-530.0043215340418,-1.256405992764473,-0.019431721567219062,0.250703535654604,53.98389142894694,99.64560607600436,TRACK
37.348,181.42793229371344,-525.2878228312802,-1.2405716829329791,-0.9720290656059927,0.4221871137366453,-0.6187445495245533,0.7490572585401075,181.2751230380017,-525.3865175125819,0.1819101666988924,182.95030775365402,-530.0043215340418,-1.2585767208442724,-0.018005037911293265,0.2509427414598925,53.98389142894694,99.64560607600436,TRACK
37.396,181.44797970985442,-525.317627347832,-1.2444623449538041,-0.9743541868741795,0.4206006999568145,-0.6195085570473532,0.7487962346720608,181.29460761984836,-525.4166855460622,0.1825801868480233,182.95030775365402,-530.0043215340418,-1.2605929595253575,-0.016130614571553403,0.2512037653279392,52.86007022461024,101.15869813749703,TRACK
37.448,181.46962091196517,-525.3499507276731,-1.2488091324024269,-0.9766157057720196,0.419052392255778,-0.6202417725501226,0.7485350785844365,181.3157093221874,-525.4493573717995,0.18322242866087093,182.95030775365402,-530.0043215340418,-1.2627921896204422,-0.013983057218015293,0.25146492141556354,52.86007022461024,101.15869813749703,TRACK
37.492,181.48951683234168,-525.3798232677016,-1.2517932829383676,-0.9789314412761417,0.41745847437832256,-0.620977756531787,0.748254603686157,181.33518031217744,-525.4795043609696,0.18372828255746493,182.95030775365402,-530.0043215340418,-1.2648342732603628,-0.013040990321995238,0.25174539631384296,57.81816018154237,96.52188544930917,TRACK
37.548,181.51094679178502,-525.4122354227846,-1.2552370179038341,-0.9816159991060313,0.4155881199837659,-0.6217942778817759,0.7478914423084142,181.3562602934514,-525.51214255592,0.18414491037778988,182.95030775365402,-530.0043215340418,-1.267051849400679,-0.011814831496844924,0.2521085576915858,57.81816018154237,96.52188544930917,TRACK
37.596,181.5305960196861,-525.4422056745243,-1.258861714298933,-0.9847140190288932,0.41340789810151346,-0.6226993662247999,0.7474360112474371,181.37570320031884,-525.5422460639115,0.18439052307612852,182.95030775365402,-530.0043215340418,-1.2690999793596742,-0.010238265060741325,0.2525639887525629,56.58727308081363,98.16857696157108,TRACK
37.648,181.55173343792984,-525.4747306327941,-1.2621948812166868,-0.9881358748203211,0.41098621809884756,-0.6236725764008553,0.7469117444662884,181.39674848058672,-525.5748305311955,0.1845002077576393,182.95030775365402,-530.0043215340418,-1.271318743246834,-0.009123862030147256,0.2530882555337116,56.58727308081363,98.16857696157108,TRACK
37.696,181.571105524867,-525.5048065248615,-1.2663467368031514,-0.9917844918508079,0.40839584234765425,-0.6246905543180608,0.7463413781246864,181.41615795511274,-525.6048822757978,0.18445570009683654,182.98756921218921,-530.501541143393,-1.2945655165069856,-0.02821877970383424,0.25365862187531363,59.29707454290379,96.16830623267089,TRACK
37.748,181.59194001802345,-525.5374475940744,-1.2689642347394843,-0.9955982129794465,0.4056894630021278,-0.6257483646243388,0.7457512696744064,181.43716698532987,-525.637410617025,0.1842479242938724,182.98756921218921,-530.501541143393,-1.2967263470541865,-0.02776211231470227,0.2542487303255936,59.29707454290379,96.16830623267089,TRACK
37.796,181.6110456215609,-525.5676287843784,-1.2724649058114146,-0.999388758805166,0.4030098434118997,-0.6268076163058891,0.7451877090679601,181.45654600872825,-525.6674152140598,0.1839224345043439,182.98756921218921,-530.501541143393,-1.2987223015847411,-0.02625739577332653,0.25481229093203994,17.261171764268035,138.93453942445865,TRACK
37.848,181.63178745070053,-525.60032808274,-1.27571741110087,-1.0015347127422727,0.40156486358068366,-0.6275163818791607,0.7450041269612442,181.4775543007994,-525.6999424124136,0.1836052265180601,182.98756921218921,-530.501541143393,-1.3009230844420037,-0.02520567334113366,0.2549958730387558,17.261171764268035,138.93453942445865,TRACK
37.896,181.65096962038132,-525.6305201515373,-1.2800604286317654,-1.0026768754021713,0.40088714858319385,-0.628036149868463,0.7450771177809491,181.49696081984098,-525.7299895810308,0.18333815218781155,182.98756921218921,-530.501541143393,-1.30298965251087,-0.022929223879104565,0.2549228822190509,49.83325173702636,106.56420270878368,TRACK
37.944,181.6716441156093,-525.663282747257,-1.2831752698173475,-1.0044928588290016,0.39973190292124444,-0.6287409686044277,0.745050870622049,181.51797813969716,-525.76253075713,0.18293004022516687,182.98756921218921,-530.501541143393,-1.305236949975845,-0.02206168015849741,0.254949129377951,49.83325173702636,106.56420270878368,TRACK
37.996,181.69063709256454,-525.6935748408268,-1.2870582767690988,-1.006687426175605,0.3983161938641418,-0.629561478539834,0.744985533789535,181.53290881632137,-525.7856479662047,0.18263534582191174,182.98756921218921,-530.501541143393,-1.3073207756680971,-0.020262498898998338,0.255014466210465,52.31267412674052,103.65671263690913,TRACK
38.048,181.7111145019519,-525.7264444110291,-1.2906669979414844,-1.0091216282465194,0.3967342430419597,-0.630452452796817,0.7448948616010179,181.5518243463408,-525.8184106252504,0.18393242844264937,182.98756921218921,-530.501541143393,-1.3095887956643282,-0.018921797722843747,0.2551051383989821,52.31267412674052,103.65671263690913,TRACK
38.096,181.72992770903772,-525.7568340294757,-1.2945042166871659,-1.0116946417684327,0.395056892978093,-0.6313850621579616,0.7447932903871499,181.5696867389053,-525.8493491967168,0.18503033448231077,182.98756921218921,-530.501541143393,-1.311692676061732,-0.017188459374566145,0.2552067096128501,54.23937479300787,101.91863243464738,TRACK
38.148,181.75020110761972,-525.7898137424493,-1.2980568772382814,-1.01446813892746,0.3932425478145527,-0.6323791277245976,0.7446764818318111,181.58903572317308,-525.8828626205436,0.1860977561886451,182.98756921218921,-530.501541143393,-1.3139808469709182,-0.015923969732636767,0.2553235181681889,54.23937479300787,101.91863243464738,TRACK
38.196,181.7688054860863,-525.8203140220667,-1.3019103082723875,-1.017479638118632,0.3912645823983486,-0.6334443052311841,0.7445398990444848,181.60689382627532,-525.9137937624434,0.18695948075360436,182.98756921218921,-530.501541143393,-1.3160992086737302,-0.014188900401342686,0.2554601009555152,55.8672977960286,100.4425127266064,TRACK
38.248,181.78882110196668,-525.8534252058688,-1.3053896710057158,-1.0208371603256796,0.389042470061404,-0.6346025355300214,0.7443617545337822,181.62623529340644,-525.9472941662075,0.18773792067734002,182.98756921218921,-530.501541143393,-1.3183965007776264,-0.013006829771910589,0.25563824546621783,55.8672977960286,100.4425127266064,TRACK
38.296,181.8071568756452,-525.884057351035,-1.309157368908913,-1.0245398899442242,0.3865759552792062,-0.6358510399316835,0.7441421330513641,181.64408334476926,-525.9782078979839,0.18830109389783103,182.98756921218921,-530.501541143393,-1.32051676106997,-0.011359392161056858,0.2558578669486359,57.57798919420415,98.9538726564389,TRACK
38.348,181.8268553510795,-525.9173207916401,-1.3125516297762654,-1.0285955971066487,0.3838602632777106,-0.6371917184898078,0.743883047148964,181.66341145591846,-526.0116851685087,0.18872875373724493,183.0,-531.0,-1.3439566303903574,-0.031405000614092016,0.256116952851036,57.57798919420415,98.9538726564389,TRACK
38.396,181.84488524776117,-525.948099396483,-1.3161335367520146,-1.0328953039448965,0.38097716776766855,-0.6386019439979037,0.7436101433131316,181.68124645693237,-526.0425762964179,0.18895379986974525,183.0,-531.0,-1.3460109259267616,-0.029877389174747027,0.2563898566868684,15.50647044793876,141.37197169986487,TRACK
38.448,181.8644253704899,-525.9814810032087,-1.3204756319538054,-1.0358074768993477,0.3791552158769607,-0.6397751550216035,0.7436873850682298,181.70058614733637,-526.0760736228002,0.1891852391830055,183.0,-531.0,-1.3482669007944805,-0.027791268840675176,0.25631261493177016,15.50647044793876,141.37197169986487,TRACK
38.496,181.88245820958946,-526.0123368469331,-1.3241755076466544,-1.037944938951274,0.37794034208765337,-0.6408443779206733,0.7439895287501479,181.7184553293715,-526.1070239539748,0.18937421408344848,183.0,-531.0,-1.3503756274173453,-0.02620011977069092,0.2560104712498521,49.78195283423955,107.06073267786533,TRACK
38.548,181.9018387116836,-526.0458500481662,-1.3272529095970476,-1.0409368806929336,0.37610690952914655,-0.642118469333284,0.7441589454239499,181.73781209671006,-526.1405508584754,0.1894016206184529,183.0,-531.0,-1.3526585129451232,-0.025405603348075623,0.2558410545760501,49.78195283423955,107.06073267786533,TRACK
38.596,181.91960459438187,-526.0768615827608,-1.3313853395968769,-1.0443051097911817,0.3740123858687274,-0.6435027781518174,0.7442990597013576,181.75568195576923,-526.1715023622901,0.18928155905856556,183.0,-531.0,-1.3547682340072156,-0.023382894410338695,0.25570094029864243,49.0606473382226,107.18434902696578,TRACK
38.648,181.9387420298188,-526.1105339063,-1.3351449955754608,-1.0476925792751801,0.37191771240940563,-0.6449174450050762,0.7444738381405493,181.77504685842317,-526.2050433575703,0.18901890254059167,183.0,-531.0,-1.3570616949082355,-0.021916699332774625,0.25552616185945065,49.0606473382226,107.18434902696578,TRACK
38.696,181.95631792644605,-526.1416848113934,-1.3397846468979897,-1.0509881146658526,0.3699040926398044,-0.646338355558902,0.7447028317512043,181.78768883885513,-526.2281359003446,0.18949817931208238,183.0,-531.0,-1.3591885203739236,-0.019403873475933864,0.25529716824879567,52.667935304707456,103.48314641063216,TRACK
38.744,181.9752455018356,-526.175512338981,-1.3429693918560734,-1.0543770293411454,0.36783480226085563,-0.6478052129530281,0.7449523714194088,181.80536112801158,-526.2626069756341,0.19090881646301225,183.0,-531.0,-1.3615000071677557,-0.018530615311682208,0.25504762858059116,52.667935304707456,103.48314641063216,TRACK
38.796,181.99259759989707,-526.2068178270961,-1.3469224849024264,-1.0579821434780747,0.36561833650119246,-0.6493425725920589,0.7451996675833749,181.8216816461147,-526.2944413239359,0.19206806203990825,183.0,-531.0,-1.3636374617112057,-0.016714976808779314,0.25480033241662514,54.33093610601349,101.47383320876574,TRACK
38.848,182.01123641414486,-526.2408264339679,-1.3505714230198653,-1.061995327403051,0.3631054761628496,-0.6509767568988364,0.7453967566618307,181.8393673485214,-526.3289385627379,0.19313912849205722,183.0,-531.0,-1.365950950797836,-0.015379527777970692,0.2546032433381693,54.33093610601349,101.47383320876574,TRACK
38.896,182.02827199504665,-526.2723117145789,-1.3544348954307637,-1.0664921549974151,0.36023633691473717,-0.652715063106377,0.7455247628615093,181.8556949806695,-526.3607867874978,0.19393469111875417,183.0,-531.0,-1.368079775400114,-0.013644879969350265,0.25447523713849074,55.72624000725961,99.85125059803985,TRACK
38.948,182.04652191023624,-526.3065265549483,-1.3579946124257,-1.0714984660597562,0.3569895866167896,-0.6545569858130016,0.7455779051376377,181.87338346663665,-526.3952894558353,0.19456560134299156,183.0,-531.0,-1.3703739766318948,-0.012379364206194676,0.25442209486236234,55.72624000725961,99.85125059803985,TRACK
38.996,182.06317459160664,-526.338208382619,-1.3624204639578616,-1.0768758640023632,0.353469032960093,-0.6564753675439294,0.7455871950708921,181.88971119862217,-526.4271378753353,0.1949307656078885,183.0,-531.0,-1.3724795585925624,-0.010059094634700783,0.2544128049291079,57.29104275928813,98.32015367638846,TRACK
39.048,182.08100843703977,-526.3726381508599,-1.3653014112318127,-1.0824742574794461,0.3497903695316742,-0.6584478136019066,0.7455915945437129,181.90740034280853,-526.461641827577,0.19509337469981586,183.0,-531.0,-1.3747478023232031,-0.00944639109139045,0.25440840545628707,57.29104275928813,98.32015367638846,TRACK
39.096,182.09729581801815,-526.4045167334764,-1.3690359522777649,-1.0880672715450346,0.3461258931629614,-0.6604390770866451,0.7456426144346346,181.92373192190337,-526.4934977511413,0.1950437067408775,183.0,-531.0,-1.3768329956358163,-0.007797043358051425,0.25435738556536536,58.966121899680935,96.72240804868534,TRACK
39.144,182.11476574014245,-526.4391558535057,-1.3723906140164224,-1.0935344116238874,0.34256784485404346,-0.6624333233803401,0.7457684870337887,181.94143031373645,-526.5280197415851,0.1947869622227007,183.0,-531.0,-1.379085633754925,-0.006695019738502728,0.25423151296621127,58.966121899680935,96.72240804868534,TRACK
39.196,182.13074415221226,-526.4712251571092,-1.3759204282632984,-1.0987938663622911,0.33917835383084677,-0.6644203323062188,0.7459868187101628,181.95777501450857,-526.5599012599279,0.19437534259536854,183.0,-531.0,-1.3811620449670625,-0.005241616703764107,0.2540131812898372,60.242362630571584,95.26609649498624,TRACK
39.248,182.1478959277734,-526.5060699001352,-1.3800029828963636,-1.103903125735806,0.3359105731899775,-0.6664051402127891,0.7462785834276945,181.97549066764455,-526.5944569197887,0.19374168101707787,183.0,-531.0,-1.3834086737399631,-0.0034056908435995403,0.2537214165723055,60.242362630571584,95.26609649498624,TRACK
39.296,182.1635774190286,-526.5383310930982,-1.3825634256034536,-1.1089630722492185,0.33268607964272223,-0.6684012064935885,0.7466191803256386,181.99185147196465,-526.6263698492639,0.19297829795656715,183.0,-531.0,-1.3854787630997603,-0.0029153374963066803,0.25338081967436143,62.76491153999527,92.29392872668024,TRACK
39.348,182.18037945974663,-526.5733893061619,-1.3864907190909719,-1.1141874805050167,0.3293366104468426,-0.6704295259952079,0.746952710890572,182.0095809976482,-526.6609525685299,0.19193602989465758,183.0,-531.0,-1.3877121959368077,-0.001221476845835845,0.253047289109428,62.76491153999527,92.29392872668024,TRACK
39.396,182.1957020479958,-526.6058532853978,-1.3890225194971406,-1.1196593524790355,0.325796002774024,-0.6724957071586425,0.7472573262072005,182.0204192120568,-526.6849439128896,0.19230028583409906,183.0,-531.0,-1.3897618289308342,-0.0007393094336936024,0.25274267379279947,62.22583871072548,92.37883829995117,TRACK
39.448,182.21208742889186,-526.6411344628395,-1.3920034539650223,-1.1253873367451384,0.32205361937271004,-0.6745916732036203,0.7475242198796789,182.03641749709575,-526.7203997546337,0.19272496314817258,183.0,-531.0,-1.3919664406809886,3.701328403371562e-05,0.2524757801203211,62.22583871072548,92.37883829995117,TRACK
39.496,182.22700994955034,-526.6738046124177,-1.3952099200759647,-1.1313218906292748,0.3181448990602905,-0.6767044282564733,0.7477600283647172,182.05118947916046,-526.7531378298121,0.19289011688073152,183.0,-531.0,-1.3939855136399435,0.0012244064360211748,0.2522399716352828,61.49376147814402,92.84836999138176,TRACK
39.548,182.24296284168162,-526.7093063306546,-1.3980763255207598,-1.137330436997105,0.31416941988819813,-0.678811751115082,0.7479891829731302,182.06719728433364,-526.7886147703409,0.1928298725698932,183.0,-531.0,-1.3961566928984568,0.0019196326223029914,0.2520108170268698,61.49376147814402,92.84836999138176,TRACK
39.596,182.25750230382323,-526.7421746851181,-1.401087090173009,-1.14328023709328,0.31022703437658666,-0.6808927228546048,0.7482350652665575,182.08197877448637,-526.821373917607,0.19256434710947976,183.0,-531.0,-1.3981481707292738,0.002938919443735255,0.2517649347334425,63.43588104829621,90.70433701340133,TRACK
39.648,182.27306099421628,-526.7778844209886,-1.4038541842803158,-1.1491008918985046,0.3063695269133866,-0.6829342612912498,0.748506173833294,182.09799788149988,-526.8568759055869,0.192059230637321,183.0,-531.0,-1.400293885362293,0.003560298918022786,0.251493826166706,63.43588104829621,90.70433701340133,TRACK
39.696,182.28725891203558,-526.8109378729897,-1.4072790835425049,-1.1546991914768043,0.3026666765927786,-0.6849220240141873,0.7488159293841236,182.11279098833916,-526.8896607980749,0.19140625729823132,183.0,-531.0,-1.4022668437571393,0.00501223978536558,0.25118407061587644,63.915662956403594,89.91364126731023,TRACK
39.748,182.30247174335105,-526.8468398771511,-1.4094048943965247,-1.160059264546773,0.2991273967163297,-0.6868474205414381,0.7491572455571097,182.1288236704158,-526.9251928714853,0.19050681078442724,183.0,-531.0,-1.4043980870224972,0.005006807374027478,0.2508427544428903,63.915662956403594,89.91364126731023,TRACK
39.796,182.31636202425955,-526.8800644404314,-1.4122651185519834,-1.165226044555126,0.29571610615675814,-0.6887132639376854,0.7495158272940038,182.14362888630356,-526.9580046003814,0.18950304873841523,183.0,-531.0,-1.4063604597926684,0.005904658759315007,0.2504841727059962,64.29455577574248,89.10845354512176,TRACK
39.844,182.3312381187839,-526.9161467923287,-1.4148145497274034,-1.1703130050699866,0.292343028300333,-0.690525605483866,0.7498600256212282,182.15967221763873,-526.9935602749729,0.18822248997090033,183.0,-531.0,-1.4084794492555128,0.006335100471890565,0.2501399743787718,64.29455577574248,89.10845354512176,TRACK
39.892,182.34480277764763,-526.9495344145928,-1.4175625072723501,-1.175418877345089,0.28893193927667066,-0.6922930559065956,0.7501675418136075,182.1744834815323,-527.0263854076269,0.1868548574684408,183.0,-531.0,-1.4104269340735545,0.007135573198795653,0.24983245818639255,64.72323869451172,88.26676228218629,TRACK
39.948,182.3593048782006,-526.9857901960936,-1.420010256153875,-1.1806289386824398,0.2854160527132211,-0.6940197849024541,0.7504170740211371,182.19052856626723,-527.0619449681514,0.18516207164803847,183.0,-531.0,-1.4125244879056513,0.007485768248223668,0.2495829259788629,64.72323869451172,88.26676228218629,TRACK
39.996,182.3725072771708,-527.0193342170932,-1.422566114895774,-1.1859530537239387,0.2817879267546879,-0.6957046799750207,0.7506060467407996,182.2053371837506,-527.0947642357579,0.18339991234970998,183.0,-531.0,-1.4144477631343093,0.008118351761464693,0.24939395325920044,65.05134627011005,87.70591782192157,TRACK
40.048,182.38661027037375,-527.0557540364842,-1.4255386267293964,-1.1913417139961826,0.2780861451027378,-0.6973414417314541,0.750744290990084,182.21732889632796,-527.1221920799785,0.18185213010074247,183.0,-531.0,-1.4165170696380311,0.009021557091365207,0.249255709009916,65.05134627011005,87.70591782192157,TRACK
40.096,182.39945096234027,-527.0894428540718,-1.427832824815511,-1.1966976188326004,0.27438603990596044,-0.6989195653677502,0.7508503564287096,182.23049990331577,-527.1557512584733,0.18149728603969287,183.0,-531.0,-1.418415585016397,0.009417239799113908,0.24914964357129044,66.5206253188816,86.17302029095416,TRACK
40.148,182.41317756492498,-527.1260116304036,-1.4296251052816369,-1.2019521029537006,0.2707415202590462,-0.7004337120301304,0.7509383168679616,182.2447685911061,-527.1921072820396,0.18091494583898135,183.0,-531.0,-1.4204616142437876,0.009163491037849303,0.24906168313203836,66.5206253188816,86.17302029095416,TRACK
40.192,182.42569169675326,-527.1598300504767,-1.4320540979812795,-1.2070039109048347,0.26723086608293917,-0.7018745591858517,0.7510261197986202,182.25794008682382,-527.2256677057978,0.18020876641303216,183.0,-531.0,-1.42234373292539,0.009710365055889403,0.24897388020137978,64.56691170243002,88.08744519229336,TRACK
40.248,182.43909863964433,-527.1965290397948,-1.4342142158937135,-1.2117420426958017,0.26393910164378087,-0.7032308915733823,0.7511308382962453,182.27221039199742,-527.2620278503895,0.17928129124919048,183.0,-531.0,-1.424380720370631,0.009833495523082547,0.24886916170375473,64.56691170243002,88.08744519229336,TRACK
40.296,182.4513428497152,-527.2304591104707,-1.4368287380670863,-1.2161997060674994,0.26084111450182934,-0.7045068448684033,0.7512442888175517,182.2853838310093,-527.2955932255805,0.178283058199466,183.0,-531.0,-1.4262611497503523,0.010567588316733989,0.24875571118244832,65.70820886924533,86.84094874306275,TRACK
40.348,182.46446079812762,-527.2672725555382,-1.4386547912389642,-1.2205018564306227,0.257840607971384,-0.7057122525028904,0.7513398448450317,182.29965448775553,-527.3319542659647,0.17704475028127115,183.0,-531.0,-1.4282974650058082,0.010357326233155995,0.2486601551549683,65.70820886924533,86.84094874306275,TRACK
40.396,182.47642976319577,-527.3013033167484,-1.4408411806166672,-1.2247365139406763,0.2548700988033188,-0.7068539312850196,0.7513995258430103,182.31282543217648,-527.3655132850416,0.17575351250112095,183.0,-531.0,-1.4301752787376127,0.010665901879054474,0.24860047415698971,65.76805424424494,86.65771376339488,TRACK
40.448,182.48923894914347,-527.3382201469743,-1.4428631140901516,-1.2289658223884845,0.2518812388701549,-0.7079337203172255,0.7514082185183708,182.32709003702482,-527.4018589054415,0.1741900148702692,183.0,-531.0,-1.4322061403510684,0.010656973739083142,0.2485917814816292,65.76805424424494,86.65771376339488,TRACK
40.496,182.50091361072518,-527.3723405439172,-1.444975549312729,-1.2332201459581107,0.24885054596555034,-0.7089514792478265,0.7513579667209458,182.34025218345417,-527.4353955076014,0.17259207009005667,183.0,-531.0,-1.434076543006433,0.010899006306295922,0.2486420332790542,65.65884903851483,86.80055936927252,TRACK
40.548,182.5133999667612,-527.4093476519541,-1.4474595561611765,-1.2374773442019984,0.2457956358892889,-0.7099047656060111,0.7512524681173071,182.35450440113516,-527.4717095660135,0.17069507638114534,183.0,-531.0,-1.4360983561614336,0.011361199999742944,0.24874753188269294,65.65884903851483,86.80055936927252,TRACK
40.596,182.52478187753562,-527.4435441141432,-1.4493825107817768,-1.241680605670152,0.2427602627248307,-0.71078730110547,0.7510999484562803,182.36765334167788,-527.5052125201231,0.16879682780462754,183.0,-531.0,-1.4379619061769489,0.011420604604827966,0.24890005154371975,66.7955124414476,85.86320507965918,TRACK
40.644,182.5369614627758,-527.4806255953916,-1.450962570100201,-1.2457955900811015,0.23977214834924854,-0.7115986387372556,0.7509083204870813,182.38188990672944,-527.5414866962859,0.16658709762973684,183.0,-531.0,-1.4399792768717377,0.010983293228463253,0.24909167951291866,66.7955124414476,85.86320507965918,TRACK
40.696,182.54807546639987,-527.5148830181943,-1.4532504684051792,-1.2497443322745545,0.23689150618587168,-0.7123328231150148,0.7506901068949942,182.3950238204897,-527.5749513627783,0.16441718990686588,183.0,-531.0,-1.4418431954186461,0.011407272986533101,0.24930989310500584,65.15260755898916,87.79100458192639,TRACK
40.748,182.5599936328376,-527.5520211365525,-1.4552818681097,-1.253424192091625,0.23419790696713005,-0.7129844393591842,0.7504635037069523,182.40508068026023,-527.604069120553,0.16342281210026727,183.0,-531.0,-1.4438695247456332,0.011412343364066713,0.24953649629304775,65.15260755898916,87.79100458192639,TRACK
40.796,182.57088949334968,-527.5863229627649,-1.4571018953974693,-1.2568541171784051,0.23167762242921952,-0.7135573683823442,0.7502257251702267,182.41654168518673,-527.6381810683405,0.16282662251177596,183.0,-531.0,-1.445748901354701,0.01135299404276835,0.24977427482977332,66.76145851970026,86.47799500033514,TRACK
40.848,182.58257641026017,-527.6235032030494,-1.4590923739969743,-1.260138440198412,0.22925239532268687,-0.7140639067476566,0.7499626148555111,182.42895192948305,-527.6751182835482,0.1620635604598907,183.0,-531.0,-1.4477941893702715,0.011298184626702845,0.2500373851444889,66.76145851970026,86.47799500033514,TRACK
40.896,182.59325493445223,-527.6578395304534,-1.4604887182289907,-1.2633358736004892,0.22687829586017416,-0.7145105933738207,0.7496660250910575,182.44040130515822,-527.7091956186279,0.16125036366139406,183.0,-531.0,-1.4496906522122233,0.010798066016767471,0.2503339749089425,66.07473552695342,87.46881910540702,TRACK
40.944,182.60470491632475,-527.6950522641184,-1.4622463360440072,-1.26647064861402,0.22453807798951292,-0.7149022084381844,0.7493347156625121,182.45279732606923,-527.7460905000802,0.16025235569977234,183.0,-531.0,-1.4517547802940687,0.010491555749938541,0.2506652843374879,66.07473552695342,87.46881910540702,TRACK
41.0,182.6151627702475,-527.7294142983443,-1.4641744808018538,-1.2695789880444852,0.2222049355466307,-0.7152429350484063,0.7489642778650668,182.46423207927847,-527.7801243136015,0.15922179223892807,183.0,-531.0,-1.4536687511224406,0.0105057296794131,0.2510357221349332,64.80668019289902,89.14683209874067,TRACK
41.048,182.62637482203857,-527.7666504310326,-1.4659040694217982,-1.2726368970662325,0.2198989413143854,-0.7155357239530475,0.7485632349001649,182.4766110302667,-527.8169683890104,0.15799079157008455,183.0,-531.0,-1.4557529616710878,0.010151107750710375,0.25143676509983515,64.80668019289902,89.14683209874067,TRACK
41.096,182.6366186672629,-527.8010298566379,-1.4678146319594818,-1.2756336636975043,0.2176290166150393,-0.7157815322745366,0.7481347410848613,182.48802932626768,-527.8509532201405,0.15675182448954436,183.0,-531.0,-1.4576879348693486,0.010126697090133252,0.25186525891513867,65.55492463482562,88.89596935078296,TRACK
41.148,182.6476043751385,-527.8382808150234,-1.469533905671521,-1.2785639232069217,0.2154011253472134,-0.7159856004960424,0.7476851108043575,182.50038979425523,-527.8877422836932,0.15530154444698835,183.0,-531.0,-1.4597974823431188,0.0097364233284023,0.2523148891956425,65.55492463482562,88.89596935078296,TRACK
41.196,182.65764855674263,-527.8726701533727,-1.4713463276504224,-1.2813832045695495,0.2132495556723612,-0.7161462324530392,0.7472220548479159,182.5117908303065,-527.9216757431933,0.15387015368414073,183.0,-531.0,-1.4617596580717835,0.009586669578638851,0.25277794515208407,65.48755940215703,89.50069138295599,TRACK
41.248,182.66843495298082,-527.909927382549,-1.473051692893466,-1.2840423818871525,0.2112129550979191,-0.7162648628576855,0.7467571667990436,182.52413297453353,-527.9584102688442,0.15222894352690639,183.0,-531.0,-1.4639052157019508,0.00914647719151529,0.2532428332009564,65.48755940215703,89.50069138295599,TRACK
41.296,182.67831044070417,-527.9443187418667,-1.4752191466023699,-1.2865340348406775,0.2092971854630744,-0.7163424892160267,0.7462920833688228,182.5355175094673,-527.9922946152637,0.15063699956991175,183.0,-531.0,-1.4659067970306594,0.009312349571710454,0.2537079166311772,65.16566602365837,90.3585638769435,TRACK
41.348,182.68892647252756,-527.9815747263581,-1.476550318254814,-1.288866174776632,0.20749723090073252,-0.7163840520669258,0.7458292102668679,182.54784199722036,-528.0289765890902,0.14883469274058744,183.0,-531.0,-1.4681006622841177,0.008449655970696357,0.2541707897331321,65.16566602365837,90.3585638769435,TRACK
41.392,182.6986507508185,-528.0159625174036,-1.4784314734012498,-1.2910835766736761,0.20577939595695566,-0.716393943550703,0.7453626246039825,182.55669961476636,-528.0559013744017,0.14746266417235596,183.0,-531.0,-1.4701504574806643,0.0082810159205855,0.2546373753960175,64.86575037029533,91.1692232306444,TRACK
41.444,182.70910259176787,-528.0532128416049,-1.480130458202388,-1.293237980465309,0.2041055368389495,-0.7163793992782161,0.7448882559676543,182.5671781201398,-528.0931441963972,0.1474349644502873,183.0,-531.0,-1.4723983268543581,0.007732131348029858,0.2551117440323457,64.86575037029533,91.1692232306444,TRACK
41.496,182.71867126914677,-528.0875942829156,-1.4822168854696898,-1.2953767043424138,0.20244020483308406,-0.7163446190876023,0.7444001946726122,182.57684387317204,-528.1274983248541,0.14733411964647253,183.0,-531.0,-1.4744984184759582,0.007718466993731576,0.2555998053273878,64.68481519814408,91.87463683613556,TRACK
41.548,182.7289495509432,-528.1248369521733,-1.4841090088357989,-1.2975234876663484,0.20076687600219467,-0.7162958147183434,0.7438998808191166,182.58730765141178,-528.164688803505,0.14714142094406585,183.0,-531.0,-1.4768010575115271,0.007307951324271755,0.2561001191808834,64.68481519814408,91.87463683613556,TRACK
41.596,182.73835535204447,-528.1592107832752,-1.4855367145812233,-1.2996831520201748,0.19908243576472057,-0.7162347980182853,0.7433882579932966,182.5969594726111,-528.198993415284,0.14688584863860812,183.0,-531.0,-1.4789526405651114,0.006584074016111829,0.25661174200670345,65.15951416750454,91.96796179699783,TRACK
41.648,182.74845730232917,-528.1964449581506,-1.4872542217805433,-1.3018441172266133,0.19739747939413266,-0.7161672572961739,0.7428736805771767,182.60740810149554,-528.2361300499255,0.1465257095699944,183.0,-531.0,-1.4813131712723668,0.005941050508176504,0.25712631942282327,65.15951416750454,91.96796179699783,TRACK
41.696,182.75770502123743,-528.2308108580045,-1.4890770022894122,-1.3039705837019933,0.1957396453122157,-0.7160934036773663,0.7423636383452435,182.61704625882933,-528.2703860974395,0.14612011161547725,183.0,-531.0,-1.483521864703627,0.005555137585785186,0.25763636165475645,63.26768641949535,94.4437688868535,TRACK
41.748,182.7676527184273,-528.2680359701003,-1.491284461957485,-1.3059620324274324,0.19418642361563926,-0.7160143514968067,0.741879315432116,182.62748120971986,-528.3074741176007,0.14561393934505834,183.0,-531.0,-1.4859527857748542,0.005331676182630751,0.25812068456788395,63.26768641949535,94.4437688868535,TRACK
41.796,182.77677518366758,-528.3023935650377,-1.4927429655624627,-1.3078174380719383,0.19273915106045506,-0.7159334582250648,0.7414236959779513,182.63710801388814,-528.3416898135658,0.1450900184801913,183.0,-531.0,-1.48823521227813,0.004507753284332727,0.2585763040220487,64.28779483126664,93.95481443592689,TRACK
41.848,182.78659125353258,-528.3396112905996,-1.4945058961719715,-1.309601970014072,0.19135014920369434,-0.7158606698971761,0.740993507600377,182.64753138351483,-528.3787366714685,0.1444591391276009,183.0,-531.0,-1.4907505957858422,0.0037553003861292567,0.25900649239962303,64.28779483126664,93.95481443592689,TRACK
41.896,182.79559100175382,-528.373964285729,-1.4966817936741812,-1.3113410754784465,0.1900007610956254,-0.7158000249186445,0.7405875808373031,182.6571479865794,-528.4129161105556,0.14381833369882038,183.0,-531.0,-1.4931135841231393,0.0035682095510418677,0.25941241916269686,62.15478511384373,96.52034662104117,TRACK
41.948,182.8052805579315,-528.41117898247,-1.4986675855937657,-1.3129990612138374,0.18871866129266984,-0.7157535519537774,0.7402147527944483,182.6675612861834,-528.44992717747,0.14306648953052264,183.0,-531.0,-1.495722197608602,0.00294538798516375,0.25978524720555174,62.15478511384373,96.52034662104117,TRACK
42.0,182.81416624395538,-528.4455314039393,-1.500181855513072,-1.3146364632818717,0.18745859043108098,-0.7157262153168769,0.7398680547355915,182.67716937270245,-528.484076346955,0.1423160404352859,183.0,-531.0,-1.4981757585285138,0.0020060969845581145,0.2601319452644085,62.98454458327589,96.06495114946392,TRACK
42.048,182.82372207040314,-528.4827492952837,-1.5020179133147908,-1.3163273611448019,0.18616614640930157,-0.715727077851146,0.7395424829164514,182.68757369551042,-528.5210555084398,0.1414345995585315,183.0,-531.0,-1.5008825023659431,0.001135410948847726,0.2604575170835486,62.98454458327589,96.06495114946392,TRACK
42.096,182.83247474648212,-528.5171080980655,-1.5039840667175932,-1.3180868547809892,0.18482959157530354,-0.715755537553519,0.7392347174344698,182.69446621200257,-528.5486076454706,0.1415576810912154,183.0,-531.0,-1.503426608087765,0.0005574586298282558,0.2607652825655302,60.59964596405527,98.76589351214238,TRACK
42.148,182.84189125814274,-528.5543354626989,-1.505860445313517,-1.3198216902672921,0.18351960147041335,-0.715809899826872,0.7389609305058122,182.70300864998998,-528.586034511716,0.14245423319754572,183.0,-531.0,-1.5062375855816283,-0.00037714026811142,0.26103906949418776,60.59964596405527,98.76589351214238,TRACK
42.196,182.85052453928742,-528.5887054992222,-1.5082916460590843,-1.3215286046712482,0.18223874930240816,-0.7158912845368239,0.7387227443520944,182.7108924317729,-528.6205756165778,0.14322300733193985,183.0,-531.0,-1.508885831603626,-0.0005941855445417143,0.2612772556479056,60.265965461107555,99.37367876096067,TRACK
42.244,182.85981565569594,-528.6259483842604,-1.509910922579461,-1.3232023707026614,0.18099154748852347,-0.7160025996288193,0.7385239758718181,182.71943202776902,-528.657990031246,0.14399385449203683,183.0,-531.0,-1.5118162461119318,-0.0019053235324708595,0.26147602412818194,60.265965461107555,99.37367876096067,TRACK
42.296,182.8683371067678,-528.6603360700472,-1.5120892532124999,-1.324840409825891,0.17978008659983918,-0.7161452319540502,0.7383663540468012,182.7273141010868,-528.6925236508328,0.1446496750363958,183.0,-531.0,-1.514581341412073,-0.002492088199573139,0.2616336459531988,59.40843649596275,100.39842093888015,TRACK
42.348,182.87751318729178,-528.6976015751939,-1.5145579362797585,-1.326423258372831,0.17861913673980018,-0.716319916180658,0.7382540337354998,182.7358529082646,-528.7299346094621,0.1453033370540798,183.0,-531.0,-1.5176467706602215,-0.0030888343804629237,0.2617459662645002,59.40843649596275,100.39842093888015,TRACK
42.396,182.8859314480841,-528.7320136652252,-1.5162598608033995,-1.327981895455244,0.1774855904915733,-0.7165294353290541,0.7381839652316458,182.74373516635973,-528.7644690386113,0.14585312405935436,183.0,-531.0,-1.5205435922546595,-0.004283731451260042,0.26181603476835424,59.22987365500668,100.64091535158042,TRACK
42.448,182.89499314053,-528.7693098138298,-1.5183307034850562,-1.3295452193407211,0.17635779451306097,-0.7167759024178071,0.7381529421281018,182.75227495739617,-528.8018843078069,0.1463884471359957,183.0,-531.0,-1.5237573429304903,-0.005426639445434089,0.2618470578718982,59.22987365500668,100.64091535158042,TRACK
42.496,182.90330021035538,-528.8037543472439,-1.520566062886461,-1.331154505762223,0.17520495057686689,-0.7170623927160646,0.7381566566483907,182.7601587481357,-528.8364254519101,0.1468226116322219,183.0,-531.0,-1.5267951584578618,-0.006229095571400833,0.2618433433516093,56.116776942333416,103.72407859897987,TRACK
42.548,182.91224383511894,-528.8410897810508,-1.5232898098555,-1.3327382339130809,0.17408069224508177,-0.7173867443503618,0.7382058170877132,182.76870121558926,-528.8738524472553,0.14723408544992464,183.0,-531.0,-1.5301703298861664,-0.006880520030666304,0.26179418291228684,56.116776942333416,103.72407859897987,TRACK
42.596,182.92044442184599,-528.8755745259444,-1.5254870200911013,-1.3343455183804407,0.17294839484398572,-0.7177526486775405,0.7382953419619659,182.77658845731148,-528.9084087111015,0.1475554887053778,183.0,-531.0,-1.5333657734660109,-0.00787875337490962,0.2617046580380341,56.47151074347322,103.26221295106627,TRACK
42.648,182.92926220208503,-528.9129585156195,-1.5278721239860351,-1.3360309681225702,0.17176690056521932,-0.7181622290686219,0.7384178054398429,182.785135227303,-528.945854557097,0.1478334684863881,183.0,-531.0,-1.5369154818484125,-0.009043357862377421,0.2615821945601571,56.47151074347322,103.26221295106627,TRACK
42.696,182.93733852465073,-528.9474926347682,-1.530151957886932,-1.3377919095798565,0.17053833740894886,-0.7186167343538823,0.7385752063396434,182.79302702735808,-528.9804307923047,0.14802273633717147,183.0,-531.0,-1.5402765733719888,-0.01012461548505672,0.26142479366035665,54.02300543653008,105.51340369779564,TRACK
42.748,182.9460278501558,-528.9849343430868,-1.532168803107655,-1.3395306137035474,0.16933576406141163,-0.7191123756284594,0.7387808942929348,182.80157995843118,-529.0179036317624,0.14816263840609478,183.0,-531.0,-1.544018415771631,-0.011849612663975995,0.2612191057070652,54.02300543653008,105.51340369779564,TRACK
42.796,182.95399327995116,-529.0195255493265,-1.5346906369038145,-1.3412599541190977,0.16814950556454517,-0.7196505896565187,0.7390339825844114,182.80648511634655,-529.0455352184448,0.1497837147945202,183.0,-531.0,-1.547570353329615,-0.012879716425800547,0.26096601741558856,51.23992827080427,108.02006312534898,TRACK
42.848,182.9625719444409,-529.0570332154185,-1.537111553261747,-1.342901433995215,0.16703818960553923,-0.7202283281266253,0.7393447108235576,182.8131579833991,-529.0833789280447,0.15171891222909842,183.0,-531.0,-1.551535355724371,-0.01442380246262398,0.26065528917644243,51.23992827080427,108.02006312534898,TRACK
42.896,182.9704420865635,-529.0916891452725,-1.5397599391256156,-1.344508894475262,0.16596127622098356,-0.7208479018011303,0.7397059163856875,182.8193218102697,-529.1183357273153,0.15345155014425418,183.0,-531.0,-1.5553085198938672,-0.015548580768251608,0.2602940836143125,49.802728720641845,109.04521558858579,TRACK
42.944,182.97891648900585,-529.129270992479,-1.5423052975030092,-1.3460872029955162,0.16491407675173622,-0.7215058769831191,0.7401130881372503,182.82600421915456,-529.1562335513352,0.155271188090873,183.0,-531.0,-1.55952659274042,-0.017221295237410894,0.2598869118627497,49.802728720641845,109.04521558858579,TRACK
42.996,182.98668735141723,-529.1639989166965,-1.5451734941300708,-1.3476889670146688,0.16385668830491565,-0.7222032674588523,0.740558285235198,182.83217736413684,-529.191243196243,0.15689355288664447,183.0,-531.0,-1.5635455602212875,-0.018372066091216777,0.25944171476480204,47.502820025294454,110.81854651721139,TRACK
43.048,182.99505242879687,-529.2016620868245,-1.5478469740794316,-1.3492843362785583,0.1628102528380562,-0.7229342304789229,0.7410405387206184,182.8388703835063,-529.2292011953115,0.15859140508678374,183.0,-531.0,-1.5680451426686361,-0.020198168589204535,0.25895946127938163,47.502820025294454,110.81854651721139,TRACK
43.096,183.0027201918905,-529.2364678341097,-1.5512401319041569,-1.3509223356724167,0.16173743690239276,-0.7236991570991382,0.7415520672763031,182.84505372819214,-529.2642686856126,0.16009872304121656,183.0,-531.0,-1.5723387935475905,-0.021098661643433658,0.2584479327236969,45.12127823467685,112.60901132089381,TRACK
43.148,183.0109721783871,-529.2742180295528,-1.5536735388177867,-1.352557189751395,0.16067155079071058,-0.7244923060583534,0.7420946359941181,182.85175821965962,-529.3022917461818,0.16167009067556704,183.0,-531.0,-1.5771540421614885,-0.023480503343701775,0.25790536400588193,45.12127823467685,112.60901132089381,TRACK
43.196,183.0185347065371,-529.30910633655,-1.5572498939839416,-1.354231709317836,0.15957994244107082,-0.7253139041260677,0.7426614420771378,182.85795250966586,-529.3374213104798,0.1630594360981341,183.0,-531.0,-1.5817573734003167,-0.0245074794163751,0.2573385579228622,42.339029368765395,114.74691195979979,TRACK
43.248,183.02667538342087,-529.3469480965924,-1.5597267765503622,-1.3558685818276799,0.158519980073511,-0.7261581918134659,0.74325924388487,182.8646693032065,-529.375514139573,0.16450528513695498,183.0,-531.0,-1.5869319776265225,-0.027205201076160312,0.25674075611513003,42.339029368765395,114.74691195979979,TRACK
43.296,183.03413874022286,-529.3819226605158,-1.5635863058634412,-1.3575116835129923,0.1574582970623128,-0.727025686619919,0.7438813509686395,182.87087535363386,-529.4107104005333,0.1657819874890578,183.0,-531.0,-1.5918915335803647,-0.028305227716923564,0.2561186490313605,39.05772345883425,117.3312235192897,TRACK
43.344,183.0421781085508,-529.4198595507983,-1.5661199178449654,-1.359075148350822,0.15645902606694412,-0.7279111501273394,0.7445361437281086,182.87760536057692,-529.4488781665553,0.1671115478838194,183.0,-531.0,-1.5974826226863497,-0.03136270484138426,0.2554638562718914,39.05772345883425,117.3312235192897,TRACK
43.396,183.0495534838935,-529.4549232794211,-1.5696563649955024,-1.360618261477643,0.15547714548416644,-0.7288152687910042,0.7452146259909345,182.8838240061003,-529.4841458578547,0.1682861221251436,183.0,-531.0,-1.602857196915316,-0.0332008319198136,0.25478537400906554,35.49131272099038,117.3312235192897,TRACK
43.448,183.05750165941353,-529.4929584392862,-1.5737784228931402,-1.362081525654547,0.1545574797956642,-0.72973580842158,0.7459238330107734,182.8888738036185,-529.514090251209,0.16994677762514035,183.0,-531.0,-1.6089331513329104,-0.03515472843977019,0.25407616698922664,35.49131272099038,120.13793283876208,TRACK
43.496,183.0647967233579,-529.5281137719805,-1.5767229479211438,-1.3635223328398673,0.1536555364614331,-0.7306692430368429,0.7466509000900513,182.89332401441095,-529.5496020902556,0.17281388178005216,183.0,-531.0,-1.6147908364786199,-0.038067888557476115,0.2533490999099487,33.27283384771565,121.53649444244297,TRACK
43.548,183.07265646893723,-529.5662483776949,-1.580244992166403,-1.364930130343965,0.15277823240701832,-0.7316102387438832,0.7473919518781926,182.89815053477642,-529.5881168084042,0.17587083134795065,183.0,-531.0,-1.6214287855193255,-0.04118379335292244,0.25260804812180737,33.27283384771565,121.53649444244297,TRACK
43.596,183.07986555416477,-529.6014957354956,-1.5847437500996178,-1.3663748799114448,0.15187209751539948,-0.7325586391469469,0.7481358792308745,182.9026107701591,-529.623708641782,0.17864118130649734,183.0,-531.0,-1.6278422033839837,-0.0430984532843659,0.25186412076912545,25.882901449187216,128.07762831867205,TRACK
43.648,183.08765091510307,-529.6397303107218,-1.5888643729001333,-1.3676186054521575,0.15111833123895133,-0.7335112179293534,0.7489161881443401,182.90744847454536,-529.6623126062977,0.18161189293775143,183.0,-531.0,-1.6351437916415934,-0.04627941874146013,0.25108381185565987,25.882901449187216,128.07762831867205,TRACK
43.696,183.09480593181968,-529.6750699883536,-1.5920232219972255,-1.3688158318150745,0.15039891219726031,-0.7344674410524822,0.7497081130388683,182.91191926425617,-529.6979886612141,0.1843171146100502,183.0,-531.0,-1.6422300013938065,-0.050206779396581025,0.2502918869611317,23.667853542752525,129.42531266753537,TRACK
43.744,183.10252498869255,-529.7134040620584,-1.5960300328654375,-1.3699643064816807,0.1497144834187072,-0.7354216404667304,0.750506106445582,182.91676821948442,-529.7366824053179,0.187209664738618,183.0,-531.0,-1.6503153092854936,-0.054285276420056094,0.24949389355441798,23.667853542752525,129.42531266753537,TRACK
43.796,183.1096149178595,-529.7488347069459,-1.6005552425565093,-1.3711332589117442,0.14901181439775302,-0.7363725186078683,0.7512982144202166,182.92124922627502,-529.7724399905956,0.18983899278671584,183.0,-531.0,-1.658183461909495,-0.05762821935298579,0.2487017855797834,14.05330971712985,129.42531266753537,TRACK
43.848,183.1172963339304,-529.7872622372765,-1.6058934437160455,-1.3719643639404615,0.14855951829735117,-0.7372889758590175,0.752107016587387,182.92610913008232,-529.8112211022857,0.19268257349270468,183.0,-531.0,-1.6672166867097495,-0.061323242993704064,0.247892983412613,14.05330971712985,138.1314949019371,TRACK
43.896,183.12437525671427,-529.8227787075293,-1.6097096303170197,-1.3726995700856657,0.14818083219237138,-0.7382120965682587,0.752937353668237,182.9306005557212,-529.8470618279988,0.19529030873211572,183.0,-531.0,-1.6760573878040943,-0.06634775748707455,0.247062646331763,10.685124207633379,140.61298594054804,TRACK
43.948,183.1320401865442,-529.8613026943602,-1.6143412637288137,-1.373294577889688,0.1479084147803313,-0.739133927977418,0.7537876774332128,182.93547210530633,-529.8859358707898,0.19810553738487144,183.0,-531.0,-1.6862379875372997,-0.071896723808486,0.24621232256678716,10.685124207633379,140.61298594054804,TRACK
43.996,183.13910057842304,-529.8969064478122,-1.6203237994691577,-1.3739037182005007,0.14762249372373967,-0.7400477554390217,0.7546277764458115,182.93997401331984,-529.9218602438666,0.20068403241744218,183.0,-531.0,-1.6962346808897397,-0.075910881420582,0.24537222355418853,-1.4457362635241253,151.77841111319333,TRACK
44.048,183.14684112206538,-529.9355281858262,-1.6245040067235286,-1.3735857867125139,0.14805443389773237,-0.7409850468992172,0.755631494264905,182.94485879241088,-529.9608398556086,0.20356213331518572,183.0,-531.0,-1.7078785637443827,-0.08337455702085417,0.24436850573509505,-1.4457362635241253,151.77841111319333,TRACK
44.096,183.153978902699,-529.971221330284,-1.6311002740417406,-1.3735288961743122,0.14828169915372275,-0.7419027921560086,0.7565759811894618,182.94937292590555,-529.9968617857088,0.2062063012955592,183.0,-531.0,-1.719365040812474,-0.08826476677073347,0.2434240188105382,-10.360140518482083,159.59531108307277,TRACK
44.148,183.16174057242733,-530.0099351460341,-1.637034637722554,-1.373319220819095,0.1486251122367211,-0.7428105747574667,0.757533480421094,182.9519068513277,-530.0256600095571,0.2104221039799286,183.0,-531.0,-1.7327295117906223,-0.09569487406806831,0.24246651957890597,-10.360140518482083,159.59531108307277,TRACK
44.196,183.1688927392698,-530.0457103844337,-1.6418252617858562,-1.3733749832488473,0.1487575395135705,-0.7436879869231339,0.7584198226944723,182.9546128045269,-530.0617684456067,0.21488078499963478,183.0,-531.0,-1.745965113848849,-0.10413985206299281,0.24158017730552772,-19.703567686320028,167.86242528049297,TRACK
44.248,183.17667227706815,-530.0845109518261,-1.6493007772303925,-1.3732151918612554,0.14905467432650818,-0.7445548566411921,0.7593281441422856,182.95754771227823,-530.1009320678309,0.2197389996000104,183.0,-531.0,-1.7614341290484752,-0.1121333518180827,0.24067185585771445,-19.703567686320028,167.86242528049297,TRACK
44.296,183.1838806504204,-530.120366950013,-1.6556156761207534,-1.3729306711403488,0.1494465940057702,-0.7454106435962051,0.7602442449939587,182.9602599976784,-530.1371250012303,0.22424769477824838,183.0,-531.0,-1.7768712417470915,-0.1212555656263381,0.2397557550060413,-19.703567686320028,167.86242528049297,BRAKE
44.348,183.19164618721356,-530.1587437745651,-1.6624369999113429,-1.37230872123308,0.14940832221154787,-0.742822468207265,0.7576991923049694,182.9631632494433,-530.1758662036721,0.22912361386519697,183.0,-531.0,-1.7947833079871416,-0.13234630807579872,0.2423008076950306,0.0,0.0,BRAKE
44.392,183.1985793013256,-530.1932208382004,-1.6673544654515722,-1.3723226924729284,0.14766936650439053,-0.7342298600090376,0.7489323928985172,182.96577123786912,-530.2106673906694,0.23346086739196073,183.0,-531.0,-1.8121372177104775,-0.14478275225890536,0.2510676071014828,-390.87315268303024,0.0,BRAKE
44.448,183.20648814731726,-530.2266939989996,-1.6730274594552859,-1.361511810599818,0.1492177054794439,-0.7025495297696538,0.7182212510139976,182.96830986337753,-530.2445429938584,0.23884614620702022,183.0,-531.0,-1.8317285396003022,-0.15870108014501638,0.2817787489860024,-390.87315268303024,-390.87315268303024,BRAKE
44.496,183.21401165362724,-530.2515057265709,-1.6787876631991063,-1.33698399457891,0.15185040873857153,-0.6375760412244651,0.6554096085483734,182.9702008771047,-530.2697768183963,0.2444944325439997,183.0,-531.0,-1.8492888453950571,-0.17050118219595078,0.3445903914516266,-370.8624773178597,-370.8624773178597,BRAKE
44.548,183.22235437495857,-530.2717459344211,-1.685060727219627,-1.296656592539065,0.15485569771787944,-0.5506565950182627,0.5720165843337046,182.97175579097978,-530.2905257020938,0.2513012733075794,183.0,-531.0,-1.8671315084564386,-0.18207078123681164,0.4279834156662954,-370.8624773178597,-370.8624773178597,BRAKE
44.596,183.23029494765044,-530.2841135076997,-1.6889730506604004,-1.2307085858313864,0.15855621272813578,-0.44810700858454505,0.47533142515226084,182.9727217813722,-530.3034159480591,0.25829541263914013,183.0,-531.0,-1.8820333373230569,-0.1930602866626565,0.5246685748477391,-289.77701466405114,-289.77701466405114,BRAKE
44.648,183.2392313761457,-530.2909531959103,-1.693423169822758,-1.1201397211207547,0.1632105762222557,-0.33730591853642355,0.3747171931877441,182.973281388949,-530.3108833922139,0.2666957225278022,183.0,-531.0,-1.8962011192530348,-0.20277794943027683,0.6252828068122559,-289.77701466405114,-289.77701466405114,BRAKE
44.696,183.24789643303083,-530.2914326153742,-1.698600476742911,-0.920972337567689,0.1692695809984726,-0.2227446139728453,0.27976303205625713,182.97336550659375,-530.3120058641755,0.2753007230950194,183.0,-531.0,-1.9073427071164568,-0.20874223037354578,0.7202369679437428,-176.00708414827602,-176.00708414827602,BRAKE
44.748,183.25778073851623,-530.2864398290252,-1.7028564796083059,-0.5619821833163885,0.17655420687766216,-0.11117870634855323,0.20864345834829848,182.97304863826056,-530.3077775501202,0.28553050144867764,183.0,-531.0,-1.9174668873032903,-0.2146104076949844,0.7913565416517016,-176.00708414827602,-176.00708414827602,BRAKE
44.796,183.26736943066464,-530.2775113332598,-1.7065284804678174,-0.03876457718333505,0.1846777813859944,-0.007162544170385282,0.18481662527122894,182.97243682552377,-530.299613476519,0.29575960899323483,183.0,-531.0,-1.925235441269804,-0.2187069608019867,0.8151833747287711,-54.606955347477545,-54.606955347477545,BRAKE
44.848,183.2781048645411,-530.2644659540608,-1.70943323115608,0.4081217995247579,0.192298285915451,0.08314978320530461,0.2095054109399318,182.97152462204758,-530.2874409670702,0.3074399068275959,183.0,-531.0,-1.9322813674871546,-0.2228481363310746,0.7904945890600682,-54.606955347477545,-54.606955347477545,BRAKE
44.896,183.2882189965941,-530.2505074498157,-1.713576839136752,0.6649513922167057,0.19874276539830332,0.15582811920414333,0.252549182403875,182.97054090174424,-530.2743141318857,0.3185688780446455,183.0,-531.0,-1.937915102693665,-0.2243382635569129,0.747450817596125,0.0,0.0,BRAKE
44.948,183.29892345440336,-530.2343959880619,-1.7168774812079122,0.8060753722775654,0.20123203276349266,0.20973080851775527,0.2906567443766594,182.96940003733337,-530.259090354315,0.3304474150634683,183.0,-531.0,-1.9430354156041119,-0.2261579343961997,0.7093432556233406,0.0,0.0,BRAKE
44.996,183.30869986569542,-530.219638730313,-1.7193094037137107,0.8789388761087991,0.2020871536341433,0.24393002995557928,0.3167665973206134,182.96835490698297,-530.2451440590013,0.3412993007793538,183.0,-531.0,-1.947491608062843,-0.2281822043491324,0.6832334026793866,0.0,0.0,BRAKE
45.048,183.31906275070736,-530.204480634031,-1.7220825828914565,0.9135100682604332,0.20110683744258256,0.2605801675230066,0.32915951113780006,182.96728318090433,-530.2308428683581,0.35276597501674983,183.0,-531.0,-1.9522288905514413,-0.23014630765998478,0.6708404888621999,0.0,0.0,BRAKE
45.092,183.32829625583884,-530.1917535283901,-1.7249535966866036,0.9238551382935896,0.1980470859213571,0.26217892085499206,0.32857333242767833,182.96638630788271,-530.2188749296092,0.3629247591907873,183.0,-531.0,-1.956621782630976,-0.23166818594437233,0.6714266675723217,0.0,0.0,BRAKE
45.148,183.3378239790317,-530.1796829927138,-1.7274256317198413,0.9169139499311773,0.19285951195467477,0.25166028868498225,0.31706102291578503,182.96554000628515,-530.2075818196163,0.37332787319792515,183.0,-531.0,-1.9614517202746053,-0.23402608855476403,0.6829389770842149,0.0,0.0,BRAKE
45.196,183.3461180610877,-530.1702283504875,-1.7302971173989559,0.8965251400447797,0.18583636442895074,0.23251928721181556,0.2976581483340588,182.96488175465538,-530.1987980620537,0.38230530961672504,183.0,-531.0,-1.9659774656359008,-0.23568034823694495,0.7023418516659412,0.0,0.0,BRAKE
45.248,183.35455530522137,-530.1617015800603,-1.732128377650888,0.8653761655228905,0.17758278008614373,0.20852926071716887,0.273897967057758,182.96429344858453,-530.1909476631098,0.3913561678565632,183.0,-531.0,-1.9709262779500034,-0.2387979002991154,0.7261020329422421,0.0,0.0,BRAKE
45.296,183.361890016665,-530.1551387487152,-1.734355189540149,0.8264949282143298,0.1689110779991571,0.18339799802371995,0.24933065986746542,182.96384534028977,-530.1849680734742,0.3991608109600002,183.0,-531.0,-1.9754947280187927,-0.24113953847864367,0.7506693401325346,0.0,0.0,BRAKE
45.344,183.369453380873,-530.1490061967795,-1.736328709147288,0.7847319766114401,0.16069945979183173,0.16048549059036887,0.2271121068270424,182.96343057383538,-530.1794333997784,0.40716131264776745,183.0,-531.0,-1.9803859933544599,-0.24405728420717177,0.7728878931729576,0.0,0.0,BRAKE
45.396,183.37620282403893,-530.1437971168266,-1.738686042854254,0.7469976818286785,0.15366933861615695,0.14229844354044402,0.20943522307568047,182.96308008014677,-530.1747563865375,0.4142811580340354,183.0,-531.0,-1.9847879542835811,-0.24610191142932702,0.7905647769243196,0.0,0.0,BRAKE
45.448,183.38339428560698,-530.138152315586,-1.7401512214161088,0.7216297711318297,0.1482891383470298,0.1304878428051799,0.1975265695334526,182.96269958450424,-530.1696790250446,0.421874347341974,183.0,-531.0,-1.9893605662300071,-0.24920934481389834,0.8024734304665474,0.0,0.0,BRAKE
45.496,183.39001519652365,-530.1325621673275,-1.7419969897538101,0.7148871563229104,0.1446654153595933,0.1255785955418432,0.19156739299636955,182.96231997537416,-530.1646134932383,0.4288944971514049,183.0,-531.0,-1.993332088238011,-0.2513350984842009,0.8084326070036305,0.0,0.0,BRAKE
45.548,183.39722993641402,-530.1257902394465,-1.7435796689556329,0.7284290408457903,0.14259326924585763,0.12720637091665218,0.1910871561251738,182.96185561497705,-530.1584170343685,0.43659512997007444,183.0,-531.0,-1.9972928560924386,-0.2537131871368057,0.8089128438748262,0.0,0.0,BRAKE
45.592,183.4039407152595,-530.1187327392739,-1.7451687235810118,0.7583043684794896,0.1416183874247161,0.13414507985400004,0.1950658096792286,182.961367158995,-530.1518990422624,0.4438145517651853,183.0,-531.0,-2.0005835064215574,-0.25541478284054553,0.8049341903207714,0.0,0.0,BRAKE
45.648,183.4112404380322,-530.110202066378,-1.7465886166299767,0.7973906862252693,0.141184701257701,0.14461229255106722,0.20210352551626043,182.96077220952085,-530.1439599932626,0.4517313610163594,183.0,-531.0,-2.0037269515527902,-0.25713833492281357,0.7978964744837396,0.0,0.0,BRAKE
45.696,183.41795941372627,-530.1016268848134,-1.7482977499532268,0.8383704505955641,0.1407625869201023,0.15652535573294807,0.2105096027827835,182.96017069997777,-530.1359334062265,0.4590723732125175,183.0,-531.0,-2.0062515931110014,-0.2579538431577746,0.7894903972172165,0.0,0.0,BRAKE
45.748,183.42515688114892,-530.0918221361471,-1.7496290818755391,0.8754917724931944,0.1399401737659485,0.16773498186486377,0.218445133557262,182.9594802338797,-530.1267197764588,0.4669824248419034,183.0,-531.0,-2.0086349116188704,-0.2590058297433313,0.781554866442738,0.0,0.0,BRAKE
45.792,183.4316762889305,-530.0825807850185,-1.7506294458656504,0.9052177560171544,0.13849846135523888,0.17641259019150035,0.22428380631655698,182.95882796612156,-530.1180158681135,0.4741742100717601,183.0,-531.0,-2.0105939317177794,-0.25996448585212906,0.775716193683443,0.0,0.0,BRAKE
45.848,183.4385629191674,-530.0727015157785,-1.7520182214237237,0.925517558949021,0.13637631878306153,0.181163265047952,0.22675676159191752,182.95813021076862,-530.1087049699993,0.48177986260865735,183.0,-531.0,-2.0125681640540973,-0.2605499426303737,0.7732432384080825,0.0,0.0,BRAKE
45.892,183.44473532175215,-530.0639866163611,-1.752987348462969,0.935553110391773,0.13365170938947518,0.1813022638658469,0.22524051657197447,182.95751523690782,-530.1004987141295,0.4885862711529593,183.0,-531.0,-2.0143570738486436,-0.2613697253856746,0.7747594834280256,0.0,0.0,BRAKE
45.948,183.45121019777883,-530.0552327001514,-1.7540188103364527,0.9350180333916778,0.13045450743662682,0.1767670613864431,0.21969290498723773,182.95689904466067,-530.0922762000234,0.49569722309064784,183.0,-531.0,-2.0163546997066857,-0.262335889370233,0.7803070950127623,0.0,0.0,BRAKE
46.0,183.45698703261576,-530.047926612986,-1.7550449013869793,0.9242990433996823,0.12691818385303066,0.16817214214871332,0.21068956971677247,182.95638684800275,-530.0854414106143,0.5020038893033295,183.0,-531.0,-2.018309307790384,-0.26326440640340487,0.7893104302832276,0.0,0.0,BRAKE
46.048,183.4630278316048,-530.0408987194726,-1.7562348323844292,0.904426965991223,0.12315604346911979,0.15661502181374987,0.19923773764196648,182.95589685678175,-530.0789029321684,0.5085529921331661,183.0,-531.0,-2.020567287702583,-0.26433245531815364,0.8007622623580335,0.0,0.0,BRAKE
46.092,183.46840418596332,-530.0351755504502,-1.7568972378185104,0.8775208383004944,0.11925401211922146,0.14353120496739383,0.18660848374584538,182.95550038445938,-530.0736123766993,0.5143420060711541,183.0,-531.0,-2.0227616243093807,-0.2658643864908703,0.8133915162541546,0.0,0.0,BRAKE
46.148,183.47401876939094,-530.0296467180535,-1.7577365253407973,0.847167043611125,0.11530557325567291,0.13050857820615827,0.17414897131252965,182.95511972473352,-530.0685328256664,0.5203540601471809,183.0,-531.0,-2.025202674443203,-0.2674661491024055,0.8258510286874703,0.0,0.0,BRAKE
46.196,183.47902237318695,-530.0249604636474,-1.758635193838279,0.8182284508760178,0.11143323362877798,0.11900118087865674,0.16302958813503945,182.95479844280538,-530.0642456162795,0.525693877082498,183.0,-531.0,-2.027447722144284,-0.268812528306005,0.8369704118649606,0.0,0.0,BRAKE
46.248,183.48427686240387,-530.0200784095189,-1.75939366732346,0.7964632638210541,0.1077983562033849,0.11021074728238331,0.15416515305571882,182.9544639707515,-530.0597823968967,0.5312985100437837,183.0,-531.0,-2.029792861585022,-0.270399194261562,0.8458348469442811,0.0,0.0,BRAKE
46.296,183.489010875069,-530.0155260811018,-1.7602572848699902,0.7865598217202932,0.10458777388207352,0.1048310471078652,0.1480815683444067,182.95415116358475,-530.0556082753411,0.5363594813779707,183.0,-531.0,-2.0318189307838135,-0.27156164591382326,0.8519184316555933,0.0,0.0,BRAKE
46.348,183.494062551013,-530.0103347977746,-1.7610276384276402,0.7907514950960594,0.10198371803105995,0.10308151070727398,0.14500509161106234,182.95379251479224,-530.050822439802,0.5417849769003591,183.0,-531.0,-2.033821268864852,-0.2727936304372116,0.8549949083889377,0.0,0.0,BRAKE
46.392,183.49869885088353,-530.005174286847,-1.7615684452847893,0.8075505173205664,0.10009576994277508,0.10463170747323586,0.14479971467237687,182.9534338394901,-530.0460362505158,0.5467939582006732,183.0,-531.0,-2.035477547390391,-0.2739091021056017,0.8552002853276232,0.0,0.0,BRAKE
46.448,183.50373258282414,-529.9991218210425,-1.7621899264521927,0.8325736471413705,0.09894313852462881,0.10874836046472718,0.1470236394763445,182.95301091419375,-530.0403927046405,0.5522659161418451,183.0,-531.0,-2.0370729521956124,-0.2748830257434196,0.8529763605236556,0.0,0.0,BRAKE
46.496,183.5084077202381,-529.9931265528506,-1.7629615947115467,0.8604402933242282,0.09840258368442671,0.11440193153464437,0.15090020018087472,182.952590248726,-530.034779314082,0.5573760078764479,183.0,-531.0,-2.038385780508996,-0.2754241857974493,0.8490997998191253,0.0,0.0,BRAKE
46.548,183.51349977533107,-529.9862830253264,-1.7635320154794647,0.8865267836358692,0.09823512713604318,0.12042345998740034,0.15540897631337638,182.9521086983247,-530.0283534705472,0.5629652420029512,183.0,-531.0,-2.0396713271575746,-0.2761393116781099,0.8445910236866236,0.0,0.0,BRAKE
46.596,183.5182006090704,-529.9797769784534,-1.7639772935255993,0.9080144965104255,0.09812974532097457,0.12571517410763777,0.1594796285350358,182.95165011255426,-530.022234068715,0.5681391287494207,183.0,-531.0,-2.0407668022164454,-0.27678950869084606,0.8405203714649642,0.0,0.0,BRAKE
46.648,183.5232475107041,-529.97269975542,-1.764489613203317,0.9236372296835494,0.09775386468549224,0.12935001820269487,0.16213341811602883,182.95115089473538,-530.0155724698768,0.5737007997621733,183.0,-531.0,-2.041889844979789,-0.2774002317764721,0.8378665818839712,0.0,0.0,BRAKE
46.692,183.527816502765,-529.9662988909989,-1.7650534532977311,0.9332308833997162,0.09685557915637558,0.13075048156849212,0.1627165991658796,182.95069941099914,-530.0095478381047,0.5787353531918152,183.0,-531.0,-2.0428946202289566,-0.2778411669312255,0.8372834008341203,0.0,0.0,BRAKE
46.748,183.53262073322773,-529.9596600286167,-1.765598060655581,0.937049498979923,0.09529229302767458,0.12967246366934992,0.16092100218601385,182.95030775365402,-530.0043215340418,0.5840231641355104,183.0,-531.0,-2.043972399810792,-0.27837433915521115,0.8390789978139861,0.0,0.0,BRAKE
46.796,183.53689106275246,-529.9539030715308,-1.76603860605258,0.9355617106981986,0.09307780991914288,0.12626491346940824,0.1568639763386777,182.95030775365402,-530.0043215340418,0.5887461251463556,183.0,-531.0,-2.0449739014024906,-0.2789352953499107,0.8431360236613223,0.0,0.0,BRAKE
46.844,183.54132800194526,-529.948124523241,-1.7663910681613368,0.9292031943484562,0.09036459024513596,0.12096626878307343,0.15099204400719293,182.95030775365402,-530.0043215340418,0.5936859758434508,183.0,-531.0,-2.046080313520202,-0.2796892453588653,0.8490079559928071,0.0,0.0,BRAKE
46.896,183.54525798705302,-529.9432129361344,-1.766795880604102,0.9186179716322846,0.08739312507008803,0.11444173069434695,0.14399468057478193,182.95030775365402,-530.0043215340418,0.5980802964149002,183.0,-531.0,-2.047128866504808,-0.2803329859007062,0.8560053194252181,0.0,0.0,BRAKE
46.948,183.54936362818196,-529.938298022851,-1.7671833227335034,0.9048253768515202,0.08443965427883857,0.10746827205123129,0.13667291140678625,182.95030775365402,-530.0043215340418,0.6026832043755708,183.0,-531.0,-2.048295836481068,-0.2811125137475645,0.8633270885932137,0.0,0.0,BRAKE
46.996,183.55304660679823,-529.93405353948,-1.7676189966607059,0.889449802577769,0.08174082769153468,0.10080373474640067,0.12978041397113768,182.95030775365402,-530.0043215340418,0.6068209918496011,183.0,-531.0,-2.049395394130456,-0.28177639746975003,0.8702195860288623,0.0,0.0,BRAKE
47.048,183.55695717194783,-529.9296557151407,-1.7680248125631268,0.8749216324086654,0.07945264958331608,0.09512316833059203,0.12394006890049467,182.95030775365402,-530.0043215340418,0.6112270455635831,183.0,-531.0,-2.0505936734737893,-0.28256886091066247,0.8760599310995053,0.0,0.0,BRAKE
47.096,183.56052051438314,-529.9256702525378,-1.7683746160507694,0.8639448794230503,0.07762692748664977,0.09089072422799496,0.11952850547759314,182.95003857814925,-530.0021735645081,0.6152568172806504,183.0,-531.0,-2.0516840797394917,-0.28330946368872234,0.8804714945224068,0.0,0.0,BRAKE
47.148,183.56434857081257,-529.9213195420215,-1.7687430677527447,0.8590216817385595,0.07622326729515713,0.08836259922323694,0.11669591003387979,182.94956098009334,-529.9983624225011,0.6195961484184367,183.0,-531.0,-2.0528188044663076,-0.2840757367135629,0.8833040899661202,0.0,0.0,BRAKE
47.192,183.56785774823828,-529.9171928958375,-1.7690002556077504,0.8614411040092522,0.07513287580433851,0.08752581791993402,0.11535041321635393,182.9491060965011,-529.9947325376114,0.6235912143174429,183.0,-531.0,-2.0537972664141195,-0.2847970108063691,0.884649586783646,0.0,0.0,BRAKE
47.248,183.57163054099723,-529.9125484133722,-1.7694042926224933,0.8709280411568022,0.07423016668883982,0.0881527213184044,0.1152433074954603,182.94859139879304,-529.9906253474086,0.6279122393671428,183.0,-531.0,-2.0547611143932683,-0.2853568217707749,0.8847566925045397,0.0,0.0,BRAKE
47.296,183.57507943682253,-529.9080874995608,-1.769686498590673,0.8857127957382382,0.07339780707389977,0.08982676539831963,0.11600037010795337,182.94809434166055,-529.9866589256571,0.6318890555739165,183.0,-531.0,-2.055552938637263,-0.28586644004659,0.8839996298920466,0.0,0.0,BRAKE
47.348,183.57877098008962,-529.9030908633725,-1.7699450018835157,0.9031148465579033,0.07255550043415708,0.09201860262214616,0.11718243841029855,182.94753493945694,-529.9821950020491,0.6361732497907929,183.0,-531.0,-2.056309114924365,-0.2863641130408492,0.8828175615897015,0.0,0.0,BRAKE
47.396,183.5821316397625,-529.898378265329,-1.7701619074496062,0.9202998839699774,0.07166588539704602,0.09417478577166291,0.11834225536502647,182.9470054656007,-529.9779699009836,0.6400938099775427,183.0,-531.0,-2.0569295920386237,-0.28676768458901747,0.8816577446349735,0.0,0.0,BRAKE
47.448,183.5857166469361,-529.8932430717659,-1.7704128787327262,0.9348238991539883,0.07071268148421972,0.09577741358008426,0.11905291376013953,182.94642732117595,-529.9733564180012,0.6442895236428231,183.0,-531.0,-2.057544877367746,-0.2871319986350198,0.8809470862398605,0.0,0.0,BRAKE
47.496,183.58897134317965,-529.8885549753314,-1.7706785169071593,0.9450063464739159,0.06969540307392193,0.09643935532866268,0.11898738784360512,182.94589923195795,-529.9691423660865,0.648101896139681,183.0,-531.0,-2.0580885113117446,-0.28740999440458537,0.8810126121563949,0.0,0.0,BRAKE
47.548,183.59243304485062,-529.883617989285,-1.7709396147335614,0.9499188780965117,0.06860192709112822,0.09591529473787713,0.11792356916778898,182.9453436356483,-529.9647088127912,0.6521506153939635,183.0,-531.0,-2.0586796504591507,-0.28774003572558926,0.882076430832211,0.0,0.0,BRAKE
47.596,183.59556182221823,-529.8792554055801,-1.7711817851640943,0.949483167275419,0.06740525424803331,0.09415544776079246,0.11579601307159643,182.94485376089068,-529.9607997050306,0.6557975707865371,183.0,-531.0,-2.059245963727891,-0.28806417856379674,0.8842039869284035,0.0,0.0,BRAKE
47.644,183.59886904141234,-529.8747884893877,-1.771358992862096,0.9441700500863923,0.06607354445236724,0.09126682310893161,0.11267362724655651,182.94435377267928,-529.9568098938246,0.6596345562434662,183.0,-531.0,-2.0598926833919515,-0.28853369052985545,0.8873263727534435,0.0,0.0,BRAKE
47.696,183.60183554680535,-529.8709233349213,-1.7715466309741752,0.9350305449418294,0.06457857238469629,0.08750685300525538,0.10875587953820626,182.94392276114894,-529.9533705034662,0.6630586468263966,183.0,-531.0,-2.0605200933434906,-0.2889734623693154,0.8912441204617938,0.0,0.0,BRAKE
47.748,183.60494701136565,-529.8670090982928,-1.7717437863334882,0.9234638796620791,0.06291862197518538,0.08322527791430569,0.10433216126952273,182.94348793519077,-529.9499006746962,0.6666326746363165,183.0,-531.0,-2.061224375276831,-0.28948058894334294,0.8956678387304773,0.0,0.0,BRAKE
47.796,183.60772233157329,-529.8636200213243,-1.7719837764834419,0.9110324466846528,0.061133814131193794,0.07880845020599153,0.0997402378887157,182.9431127055003,-529.9469064128523,0.6698078665427921,183.0,-531.0,-2.061885464443336,-0.2899016879598941,0.9002597621112843,0.0,0.0,BRAKE
47.848,183.610628638418,-529.8601417849193,-1.7721664085083397,0.8994196756620034,0.05929865987090149,0.07463669920630822,0.09532558906661838,182.94272850066574,-529.9438405310586,0.6731241149407752,183.0,-531.0,-2.062598896637023,-0.29043248812868305,0.9046744109333816,0.0,0.0,BRAKE
47.896,183.61323087010138,-529.8570560716048,-1.7723915029152038,0.8900085979659447,0.05751873494065035,0.07101384740215642,0.09138583802772479,182.94238802340473,-529.9411235870181,0.676089840266674,183.0,-531.0,-2.0632439703358982,-0.2908524674206945,0.9086141619722752,0.0,0.0,BRAKE
47.948,183.61598182044457,-529.8537879237996,-1.772560999743629,0.8838458044374541,0.05590318963679813,0.06815614950035198,0.08815002737539078,182.94202733700592,-529.9382453778865,0.6792258146580509,183.0,-531.0,-2.0639194389566726,-0.2913584392130437,0.9118499726246092,0.0,0.0,BRAKE
47.996,183.6184769702634,-529.8507919567394,-1.7727300902780174,0.8813604829497198,0.05453087402620019,0.06614709032252772,0.08572662235384032,182.94169627689007,-529.9356035808802,0.6820741297779053,183.0,-531.0,-2.0645168394294693,-0.29178674915145186,0.9142733776461597,0.0,0.0,BRAKE
48.048,183.62115100248047,-529.8475293192304,-1.7728609389037457,0.8823265853727281,0.053443361885786855,0.06495566886644359,0.08411558623431357,182.94133508108584,-529.9327213067897,0.6851330978181919,183.0,-531.0,-2.065134394974182,-0.2922734560704361,0.9158844137656864,0.0,0.0,BRAKE
48.096,183.62360278722892,-529.8444827358617,-1.7730847151746227,0.8860386968043075,0.05261578234983637,0.06443585515996081,0.08318894146748593,182.9409971055129,-529.9300243257459,0.6879446782343029,183.0,-531.0,-2.065677265132937,-0.2925925499583142,0.9168110585325141,0.0,0.0,BRAKE
48.148,183.62624365950356,-529.8411429436783,-1.7731374224870395,0.8914754114728763,0.05197536037592958,0.06436267631914439,0.08272842431214739,182.94062587776762,-529.9270619986664,0.6909803373776794,183.0,-531.0,-2.066237432789008,-0.2931000103019683,0.9172715756878527,0.0,0.0,BRAKE
48.196,183.6286620050963,-529.838039196906,-1.7733249926055044,0.8975328918933663,0.051417754191343285,0.06446722648835894,0.08246095280302532,182.9402803324336,-529.9243046123632,0.6937658460618406,183.0,-531.0,-2.066730935999153,-0.29340594339364867,0.9175390471969747,0.0,0.0,BRAKE
48.248,183.6312476398025,-529.8346861473811,-1.773460345011623,0.9032175703642583,0.05082485074692328,0.06447229978880636,0.08209654617281259,182.93990661496701,-529.9213224177795,0.6967483447910786,183.0,-531.0,-2.0672429447748413,-0.2937825997632182,0.9179034538271874,0.0,0.0,BRAKE
48.296,183.63358893122177,-529.8316369746469,-1.7736386890207092,0.9076101029857349,0.05010806958434882,0.06414054604976446,0.08139304813699938,182.93956661154473,-529.9186092548821,0.699450611365228,183.0,-531.0,-2.0676991320616374,-0.29406044304092815,0.9186069518630007,0.0,0.0,BRAKE
48.348,183.6360616901895,-529.8284280006876,-1.7737660618841657,0.9098704197079841,0.04921381520500753,0.06329021812006114,0.0801726344628736,182.9392089247219,-529.9157549817984,0.702303195471713,183.0,-531.0,-2.0681821993181373,-0.29441613743397155,0.9198273655371264,0.0,0.0,BRAKE
48.396,183.638276395943,-529.8255898533562,-1.7738851289661925,0.909298052369809,0.048137876002437865,0.06183346606972459,0.0783621887916734,182.93889300015306,-529.91323396359,0.7048536191049422,183.0,-531.0,-2.0686252405601135,-0.294740111593921,0.9216378112083266,0.0,0.0,BRAKE
48.448,183.64059903543847,-529.822681843151,-1.7740478718255457,0.9051930596754132,0.046922769851895425,0.05976489855688505,0.0759841393324206,182.9385701247959,-529.9106574794072,0.7075198258371876,183.0,-531.0,-2.069111760619039,-0.2950638887934931,0.9240158606675795,0.0,0.0,BRAKE
48.496,183.64267433307006,-529.8201687348848,-1.7740746100383362,0.8971801611803489,0.045632178967422145,0.05717193183686764,0.07315002082893951,182.93829214768525,-529.9084392747262,0.7098915067046455,183.0,-531.0,-2.069574566953887,-0.295499956915551,0.9268499791710605,0.0,0.0,BRAKE
48.548,183.6448551124287,-529.8176362905834,-1.7741861881454286,0.8851992910463825,0.044339238935048736,0.054207053875947625,0.07003122731502875,182.93801341581042,-529.9062150471698,0.7123702549914592,183.0,-531.0,-2.070097062475799,-0.2959108743303702,0.9299687726849712,0.0,0.0,BRAKE
48.596,183.64681406907104,-529.8154652101468,-1.774355286018093,0.8697343370164051,0.04310456415818121,0.05106537986954919,0.06682571714907458,182.9377758388588,-529.9043192281043,0.7145839687606208,183.0,-531.0,-2.0706011010325285,-0.2962458150144356,0.9331742828509254,0.0,0.0,BRAKE
48.648,183.64888555816975,-529.8132712990842,-1.7744421587850827,0.8520091197294909,0.04196068179029443,0.04795920599033757,0.06372428309153409,182.93753718499877,-529.9024148155132,0.716912180489577,183.0,-531.0,-2.071167925506146,-0.2967257667210632,0.9362757169084659,0.0,0.0,BRAKE
48.696,183.65075667098202,-529.8113645681407,-1.7745338788258211,0.8337211240329355,0.040917974086474594,0.045076730357279854,0.06087850378454058,182.93733086495888,-529.9007684206815,0.7190058619711732,183.0,-531.0,-2.071704385476288,-0.29717050665046707,0.9391214962154594,0.0,0.0,BRAKE
48.748,183.65274285448163,-529.8093929793778,-1.7746843296549948,0.8169493888706325,0.03996522594204957,0.04257018371328328,0.05839040868140726,182.93711832199457,-529.8990723680919,0.7212217857618083,183.0,-531.0,-2.072290167205197,-0.2976058375502022,0.9416095913185928,0.0,0.0,BRAKE
48.796,183.6545398064981,-529.8076302161096,-1.7747683512002113,0.8035350196523021,0.03908017198237406,0.04052410157741268,0.05629798087701188,182.9369286178726,-529.8975585651374,0.7232239805201027,183.0,-531.0,-2.0728255712927166,-0.29805722009250535,0.9437020191229881,0.0,0.0,BRAKE
48.848,183.6564484952526,-529.805755302259,-1.7748449776788073,0.79460952428423,0.03824905532842847,0.038960278481659574,0.054597559770429745,182.9367268043593,-529.8959481315339,0.725350990069588,183.0,-531.0,-2.073391295814859,-0.2985463181360515,0.9454024402295702,0.0,0.0,BRAKE
48.896,183.65817647288026,-529.8040399554327,-1.7749074126347095,0.7903148132954231,0.03746172283188055,0.03783191828778114,0.053241287727345495,182.93654188397858,-529.8944725019285,0.7272788497990345,183.0,-531.0,-2.0738952882555317,-0.2989878756208222,0.9467587122726545,0.0,0.0,BRAKE
48.948,183.66001452936752,-529.802189980015,-1.7749942378570298,0.7897478177584706,0.036721653889578786,0.03704250450627869,0.05215963002633065,182.93634205526598,-529.8928779066588,0.7293326743065782,183.0,-531.0,-2.0744205500632105,-0.29942631220618066,0.9478403699736694,0.0,0.0,BRAKE
48.996,183.661683487787,-529.8004916666883,-1.7751200258202895,0.7912270724906297,0.03603856350364774,0.03646116260251313,0.05126591887144277,182.93615832393925,-529.8914117654788,0.7311998548552682,183.0,-531.0,-2.074889288677328,-0.29976926285703853,0.9487340811285572,0.0,0.0,BRAKE
49.048,183.66346474137114,-529.7986722268382,-1.7751875320098824,0.7928491246118814,0.03541427309370811,0.03594598545208142,0.0504607234279988,182.9359613844153,-529.889840225387,0.7331935203896922,183.0,-531.0,-2.0753854227148416,-0.30019789070495917,0.9495392765720012,0.0,0.0,BRAKE
49.092,183.66508656573606,-529.7970262613267,-1.7753224829301966,0.7928491246118814,0.03484508017176846,0.03536672239895431,0.04964861191837762,182.93578338293744,-529.8884198073156,0.7350074235602128,183.0,-531.0,-2.0758393509074002,-0.30051686797720367,0.9503513880816223,0.0,0.0,BRAKE
49.148,183.66681914840598,-529.7952984518627,-1.7753841938373773,0.7928491246118814,0.034310916236086786,0.03461785633624703,0.048740485741083896,182.93559699613292,-529.8869324759258,0.7369414022436666,183.0,-531.0,-2.076333407134819,-0.30094921329744184,0.9512595142589161,0.0,0.0,BRAKE
49.196,183.66839313554175,-529.7937712577096,-1.7754464921462942,0.7928491246118814,0.03377908508511914,0.0336373973177173,0.04767075715255311,182.93543290888226,-529.8856230907514,0.7386930709691706,183.0,-531.0,-2.0767957004280544,-0.30134920828176015,0.9523292428474469,0.0,0.0,BRAKE
49.248,183.67006635255748,-529.7922055835837,-1.7755193988325753,0.7928491246118814,0.033218442911238995,0.032402499488626925,0.04640460023055594,182.93526560825123,-529.8842880634102,0.7405479842144025,183.0,-531.0,-2.0773058983800308,-0.3017864995474555,0.9535953997694441,0.0,0.0,RECOVER
49.296,183.67157606368144,-529.7908513111607,-1.775561738338306,0.7928491246118814,0.03260029817116966,0.030936527751884924,0.04494272121481201,182.93512186206428,-529.8831409960706,0.7422143740324135,183.0,-531.0,-2.0777853615849837,-0.30222362324667773,0.955057278785188,-181.183886206557,181.183886206557,RECOVER
49.348,183.67360270859115,-529.7895763143763,-1.7764528812733718,0.7928491246118814,0.034831073011198255,0.02869045216480174,0.045125887166151096,182.9349958893002,-529.8821357572784,0.7443838283932751,183.0,-531.0,-2.078617455828164,-0.3021645745547923,0.9548741128338489,-181.183886206557,181.183886206557,RECOVER
49.396,183.67612138905253,-529.7886355746932,-1.7780384691914242,0.7928491246118814,0.04100557582149387,0.02550835409620098,0.0482921668301336,182.93491876427964,-529.8815203142254,0.7469999369532627,183.0,-531.0,-2.0798741466064397,-0.3018356774150155,0.9517078331698664,-182.60248737636303,182.60248737636303,RECOVER
49.448,183.67951634134053,-529.7878600781135,-1.78095727181006,0.4148155608038427,0.04950426468400494,0.021800118680166642,0.05409174979951536,182.93487557508962,-529.881175672671,0.7504649698356178,183.0,-531.0,-2.0817354548757288,-0.30077818306566884,0.9459082502004846,-182.60248737636303,182.60248737636303,RECOVER
49.496,183.68323732935195,-529.787355957049,-1.7853373587050723,0.29227590861100616,0.05930997629456365,0.017845959903427057,0.06193667389306943,182.93487090881223,-529.8811384366616,0.7542197643085944,183.0,-531.0,-2.083890282806688,-0.2985529241016158,0.9380633261069306,-179.82929732589255,179.82929732589255,RECOVER
49.548,183.6878666702459,-529.7870211657594,-1.790361684076368,0.19617006803238513,0.06971050983924851,0.013853276848496833,0.07107368332575048,182.93490117859025,-529.8813799837556,0.7588548070335216,183.0,-531.0,-2.086664779657113,-0.29630309558074486,0.9289263166742495,-179.82929732589255,179.82929732589255,RECOVER
49.596,183.69266020201385,-529.7868913553879,-1.7967777913071556,0.12334995336173067,0.08026466720343968,0.009951163910409089,0.08087918437058297,182.93495927726093,-529.8818436001409,0.7636272782942436,183.0,-531.0,-2.089603866336311,-0.29282607502915536,0.919120815629417,-173.26225356698336,173.26225356698336,RECOVER
49.648,183.69837073594923,-529.7869266065481,-1.8035832051067902,0.06866030183078942,0.09060831978569563,0.006230989116776549,0.0908223146575789,182.9350519191064,-529.8825828645171,0.7692891106956797,183.0,-531.0,-2.093159229986574,-0.28957602487978407,0.9091776853424212,-173.26225356698336,173.26225356698336,RECOVER
49.696,183.70407922759347,-529.7871081805486,-1.8117372054248622,0.027114031597959377,0.10051982609996539,0.0027261658395991276,0.10055678703773446,182.9351625824969,-529.8834659374085,0.7749307223317659,183.0,-531.0,-2.0967514198983523,-0.2850142144734902,0.8994432129622656,-166.55732323525362,166.55732323525362,RECOVER
49.748,183.71068706215186,-529.7874546739814,-1.8199891776732555,-0.0051009546193543235,0.1098136964926341,-0.0005601595408024052,0.10981512516993054,182.93530749849415,-529.8846223396127,0.7814441905742598,183.0,-531.0,-2.100941283508726,-0.2809521058354705,0.8901848748300695,-166.55732323525362,166.55732323525362,RECOVER
49.796,183.71713563122236,-529.787907268249,-1.8296249412981178,-0.030938426771473775,0.1183997188592787,-0.0036642702359994004,0.1184564067592744,182.93546304261378,-529.8858635522201,0.7877864363845594,183.0,-531.0,-2.105054088587144,-0.275429147289026,0.8815435932407256,-159.2186923687995,159.2186923687995,RECOVER
49.848,183.7244485861749,-529.7885385103234,-1.841402539982344,-0.0524991451023638,0.1261816294390827,-0.006630520384973347,0.126355717751424,182.935653992646,-529.8873872973023,0.7949641460264952,183.0,-531.0,-2.10974066719141,-0.26833812720906614,0.8736442822485759,-159.2186923687995,159.2186923687995,RECOVER
49.896,183.73146189066654,-529.7892536436333,-1.8513548561690005,-0.0714057665393424,0.1331567377202481,-0.009524351968120758,0.1334969291059221,182.93585066006696,-529.8889566660637,0.8018340993858558,183.0,-531.0,-2.114255345739545,-0.26290048957054446,0.866503070894078,-159.2186923687995,159.2186923687995,RECOVER
49.948,183.73928868670217,-529.7901803602173,-1.8600078169896108,-0.08902745436304607,0.13923223745028646,-0.012428344248442864,0.13978583506983372,182.93608601004007,-529.8908347142628,0.809484921901257,183.0,-531.0,-2.1193183234841277,-0.2593105064945169,0.8602141649301662,-146.40517689712442,146.40517689712442,RECOVER
50.0,183.74668527434685,-529.791172800374,-1.8732148229733634,-0.10563933199737782,0.14443440591845952,-0.015314966571332161,0.14524409046188197,182.9363228172966,-529.8927243913076,0.8167007024716297,183.0,-531.0,-2.124124609816033,-0.2509097868426695,0.8547559095381181,-146.7978773140522,146.7978773140522,RECOVER
50.048,183.75487017767009,-529.7924080225029,-1.8822815548836334,-0.12202181843364768,0.14897305929188492,-0.01826872336904711,0.1500890357365195,182.936601767107,-529.8949503579485,0.8246684923556186,183.0,-531.0,-2.129470188279831,-0.24718863339619745,0.8499109642634806,-146.7978773140522,146.7978773140522,RECOVER
50.096,183.76257184342938,-529.7937044657605,-1.8962461303081517,-0.13851403772698073,0.1529904680346131,-0.021327902276659694,0.15446994116970694,182.93688079879215,-529.8971769779345,0.8321491825206174,183.0,-531.0,-2.134527880314028,-0.23828175000587648,0.8455300588302931,-135.54403438705847,135.54403438705847,RECOVER
50.148,183.77103430851392,-529.7952748607421,-1.908520483459314,-0.1549666597881681,0.1564027038299406,-0.02443310270231852,0.15829965973740487,182.93720539327447,-529.89976718041,0.8403507034321889,183.0,-531.0,-2.1401155357182593,-0.2315950522589454,0.8417003402625951,-135.54403438705847,135.54403438705847,RECOVER
50.196,183.77892699968214,-529.796871930926,-1.918103015810097,-0.17120097911142812,0.15921263059108604,-0.02752682018112623,0.16157471203445695,182.93752446943066,-529.9023133476886,0.8479835554316494,183.0,-531.0,-2.1453544266660125,-0.2272514108559156,0.838425287965543,-121.62823106891119,121.62823106891119,RECOVER
50.248,183.7875224454456,-529.7987459079735,-1.9296842859962136,-0.1868688390743578,0.161342171753658,-0.03050574016798894,0.16420078126910279,182.93788857553497,-529.9052188454224,0.856279276467853,183.0,-531.0,-2.1510867189093417,-0.2214024329131281,0.8357992187308972,-121.62823106891119,121.62823106891119,RECOVER
50.296,183.79546871313985,-529.8005926335268,-1.9423032412133543,-0.20171273754209654,0.16281394691046588,-0.03329443826841205,0.1661833352901942,182.93823928221158,-529.9080174182617,0.8639342461234829,183.0,-531.0,-2.1564076818533096,-0.21410444063995526,0.8338166647098058,-123.89741499371797,123.89741499371797,RECOVER
50.348,183.8040895340939,-529.8027111898398,-1.9568303678720718,-0.21569475599510057,0.163853821913199,-0.03590089851971075,0.16774072096567638,182.93863395652235,-529.9111668444917,0.8722247335266681,183.0,-531.0,-2.1622009993654125,-0.20537063149334078,0.8322592790343236,-123.89741499371797,123.89741499371797,RECOVER
50.396,183.81205770381817,-529.8047666987843,-1.9665746525810024,-0.22874533518704984,0.16460622181644521,-0.0383236700916209,0.16900861501703446,182.9390107612572,-529.9141736748916,0.8798754743348506,183.0,-531.0,-2.167571858689602,-0.2009972061085994,0.8309913849829655,-106.20174299211473,106.20174299211473,RECOVER
50.448,183.82065964267534,-529.8070743287847,-1.9782554468134974,-0.24051922750686738,0.16489170956547805,-0.040442510561973385,0.1697788931050656,182.93942847129065,-529.9175069218247,0.888123716058508,183.0,-531.0,-2.1733814562155795,-0.19512600940208213,0.8302211068949343,-106.20174299211473,106.20174299211473,RECOVER
50.496,183.82854706596635,-529.8092591612789,-1.9907820066135422,-0.2509455159067518,0.16469207271450323,-0.04221870213555184,0.17001734507105346,182.93981998334738,-529.9206311138669,0.8956782565205491,183.0,-531.0,-2.1787146776433355,-0.18793267102979327,0.8299826549289465,-108.94900836022451,108.94900836022451,RECOVER
50.548,183.83704790112955,-529.8116828495931,-2.002311098430886,-0.26032335659450595,0.16426700701676283,-0.04375544311865183,0.16999467167165794,182.9402504493043,-529.9240661506527,0.9038117480744061,183.0,-531.0,-2.1844676927487674,-0.18215659431788156,0.8300053283283421,-108.94900836022451,108.94900836022451,RECOVER
50.596,183.84486474752137,-529.8139728250673,-2.0166917726209834,-0.2689431219627724,0.16377139283457315,-0.04513877585930245,0.16987812748277048,182.94065384255046,-529.9272851523356,0.91128318550233,183.0,-531.0,-2.1897619253988307,-0.17307015277784732,0.8301218725172295,-97.59078009628205,97.59078009628205,RECOVER
50.648,183.85327984442347,-529.8164989406854,-2.028978686611159,-0.2768554532558413,0.1630914806450569,-0.04634290558447992,0.16954791640421002,182.94109562022498,-529.9308104544851,0.9193188680016198,183.0,-531.0,-2.19546407953366,-0.16648539292250097,0.83045208359579,-97.59078009628205,97.59078009628205,RECOVER
50.696,183.86098520323367,-529.8188660129417,-2.0402384377700344,-0.2842264553447288,0.16219437041031892,-0.04738279049901201,0.16897379272618876,182.94150680182253,-529.9340916057366,0.9266700965805051,183.0,-531.0,-2.200687429167019,-0.16044899139698465,0.8310262072738113,-84.61667327148865,84.61667327148865,RECOVER
50.748,183.8692397936119,-529.8214573179444,-2.0495866140446206,-0.29114027856106595,0.16098608369719056,-0.048240289803562805,0.16805845621238633,182.94195414082986,-529.9376612862682,0.9345384123243029,183.0,-531.0,-2.206284802882474,-0.15669818883785336,0.8319415437876136,-84.61667327148865,84.61667327148865,RECOVER
50.796,183.87675566703672,-529.8238666805407,-2.0632217691183583,-0.29772358726579995,0.1594441981257364,-0.04892445730426598,0.1667814583173922,182.94236761045337,-529.9409606955335,0.9416963675371804,183.0,-531.0,-2.2113829418201547,-0.1481611727017964,0.8332185416826078,-87.69784703163423,87.69784703163423,RECOVER
50.848,183.8847942981782,-529.8265028020938,-2.072203696991949,-0.30432079408770735,0.1577448999263625,-0.04954402308601112,0.16534226222090143,182.94281713984554,-529.9445478549211,0.9493448274033345,183.0,-531.0,-2.216840251809136,-0.14463655481718707,0.8346577377790986,-87.69784703163423,87.69784703163423,RECOVER
50.892,183.89212369507726,-529.8289650361677,-2.083705967662565,-0.31112445485370155,0.15597770400772587,-0.05015740512770065,0.16384385687802286,182.94323424950304,-529.947876310968,0.9563111790608728,183.0,-531.0,-2.2218225712373303,-0.1381166035747654,0.8361561431219772,0.0,0.0,RECOVER
50.948,183.89978221170173,-529.8315596910304,-2.0940116334644414,-0.316377469755776,0.15293321565436666,-0.050066336447459864,0.16091987601180677,182.9436727857027,-529.9513757467621,0.9635876305221667,183.0,-531.0,-2.2270197313059104,-0.13300809784146894,0.8390801239881932,0.0,0.0,RECOVER
50.996,183.90647922920667,-529.8338146127045,-2.104451037264385,-0.31915133835093323,0.1482390094821429,-0.048985255897681074,0.15612289783247094,182.94405453998255,-529.9544220735933,0.969952288543197,183.0,-531.0,-2.2315435131487744,-0.12709247588438943,0.8438771021675291,-1.8871259339752697,157.82130436358204,RECOVER
51.048,183.91309643837178,-529.8366830771917,-2.1136145203984777,-0.34822622232702805,0.14089426400550664,-0.05114738884325459,0.1498907902945891,182.94451075843114,-529.9580626103841,0.9761614674141259,183.0,-531.0,-2.236266674531809,-0.12265215413333141,0.8501092097054109,-1.8871259339752697,157.82130436358204,RECOVER
51.096,183.9186337342891,-529.8402822427599,-2.124941771326307,-0.4235399679581685,0.13195738766737833,-0.059489718350223306,0.1447472927186815,182.94504043290425,-529.9622893123344,0.9812082559414206,183.0,-531.0,-2.2407128832847363,-0.11577111195842926,0.8552527072813185,17.118160574466074,134.66568130542038,RECOVER
51.144,183.92388976194763,-529.8451787673373,-2.1346725770920645,-0.5339370079134623,0.1211494112239188,-0.0716256938906559,0.14073883566812723,182.9457258250549,-529.9677586118514,0.9858146406493531,183.0,-531.0,-2.2455545747081134,-0.11088199761604889,0.8592611643318728,17.118160574466074,134.66568130542038,RECOVER
51.196,183.928105976294,-529.850709710172,-2.1419810085045943,-0.6707980196323976,0.10949034690450357,-0.08688649253233027,0.1397762449411173,182.94647341397996,-529.9737242298452,0.9893103959049708,183.0,-531.0,-2.250122213489998,-0.10814120498540358,0.8602237550588827,13.995604213662773,113.793082961323,RECOVER
51.248,183.931981714131,-529.8577653630532,-2.150571490088895,-0.8187359472701835,0.09725542246777866,-0.10396619146144367,0.1423642727877457,182.94740385541783,-529.9811489762504,0.9922787289233989,183.0,-531.0,-2.2551745444058864,-0.10460305431699135,0.8576357272122543,13.995604213662773,113.793082961323,RECOVER
51.296,183.93487448348048,-529.8652054525204,-2.1595962790553256,-0.9654392120653839,0.08430913444396025,-0.12182867681491025,0.1481561900332268,182.94836653011487,-529.9888309379576,0.9942239198003614,183.0,-531.0,-2.2598980651863396,-0.10030178613101404,0.8518438099667732,-4.205124652438741,104.58303740650018,RECOVER
51.348,183.93735099244907,-529.8742309994982,-2.167767775208443,-1.098604664060509,0.07146974775404563,-0.1399375138187022,0.1571318956093459,182.94951838054635,-529.9980224861866,0.9955589391467898,183.0,-531.0,-2.265120400149441,-0.09735262494099794,0.8428681043906541,-4.205124652438741,104.58303740650018,RECOVER
51.392,183.93892374250376,-529.8832663486986,-2.176484501671658,-1.2170238221738032,0.057923305188922115,-0.15684213856852738,0.16719618929496616,182.95030775365402,-530.0043215340418,0.9959999655159749,183.0,-531.0,-2.269911416488068,-0.09342691481641019,0.8328038107050338,-11.128772964026304,86.55486254783258,RECOVER
51.448,183.93989347169267,-529.893657283425,-2.184331280305252,-1.3192274025789135,0.04417717175969161,-0.17188637380484695,0.17747266833083022,182.95030775365402,-530.0043215340418,0.9957542215379501,183.0,-531.0,-2.2750290936649145,-0.09069781335966232,0.8225273316691698,-11.128772964026304,86.55486254783258,RECOVER
51.496,183.94016001520632,-529.9036545556347,-2.192682632421208,-1.4062367859437224,0.030658708097471222,-0.1846229195023295,0.18715121903896215,182.95030775365402,-530.0043215340418,0.994957959032345,183.0,-531.0,-2.2796514651367383,-0.08696883271553046,0.8128487809610379,-18.470139133584986,73.37693410726067,RECOVER
51.548,183.93992898873333,-529.9148004772707,-2.2019957117587072,-1.4768644889376807,0.018373174387471745,-0.19502552407228846,0.1958890721218088,182.95030775365402,-530.0043215340418,0.9936620192627463,183.0,-531.0,-2.2845831708596274,-0.08258745910092014,0.8041109278781912,-18.470139133584986,73.37693410726067,RECOVER
51.596,183.93937716989402,-529.9252736796161,-2.2080910427405183,-1.5318324482445187,0.00791888431520281,-0.2031336910825698,0.20328798582706864,182.95030775365402,-530.0043215340418,0.9922231973858667,183.0,-531.0,-2.2890946818416156,-0.08100363910109731,0.7967120141729314,-18.26973126016814,59.96563709968727,RECOVER
51.648,183.93858477200615,-529.9367435508891,-2.217055554837504,-1.5716860911179735,-0.00018617251727754292,-0.20923795584881788,0.20923803867365526,182.9507908846555,-530.0107684692202,0.9905637043730381,183.0,-531.0,-2.2939963170806066,-0.07694076224310242,0.7907619613263448,-18.26973126016814,59.96563709968727,RECOVER
51.696,183.93778827371656,-529.9473611156302,-2.2227697255320074,-1.5985686311434586,-0.005928812164479652,-0.21342441420555683,0.21350674788555693,182.95157766949674,-530.0212673832934,0.9889759816474479,183.0,-531.0,-2.2985569119269984,-0.07578718639499105,0.7864932521144431,-21.5150349372365,57.49540661572511,RECOVER
51.748,183.9369479523835,-529.9588439442571,-2.229566764473932,-1.614791597233339,-0.009509736879514001,-0.2160141388375288,0.21622336430931036,182.95242869004957,-530.0326234633682,0.987279897165332,183.0,-531.0,-2.3035623427541636,-0.07399557828023173,0.7837766356906897,-21.5150349372365,57.49540661572511,RECOVER
51.796,183.93620700014162,-529.9693671234639,-2.236794040976172,-1.6240941863531158,-0.011584105735318387,-0.2171407052945013,0.21744948241253761,182.9532087513756,-530.0430326583659,0.9857546186092431,183.0,-531.0,-2.308222394640969,-0.07142835366479705,0.7825505175874624,-23.643906343620465,60.057207484985675,RECOVER
51.848,183.93541023292136,-529.9806506025166,-2.243285988341498,-1.6301151402605885,-0.012892525018204457,-0.21708795206484485,0.21747044887306735,182.954045159404,-530.0541937478532,0.9841168638661545,183.0,-531.0,-2.313279940579348,-0.06999395223784965,0.7825295511269327,-23.643906343620465,60.057207484985675,RECOVER
51.896,183.93462363839913,-529.9909409098641,-2.2502250197640072,-1.636011770291933,-0.014115726319723007,-0.21614065991789888,0.21660110479699346,182.9548076119619,-530.0643679701702,0.9825634731906245,183.0,-531.0,-2.317917103737842,-0.06769208397383464,0.7833988952030065,-18.07730997689131,58.04221395230323,RECOVER
51.948,183.93362286511936,-530.0019572026999,-2.2564699679629494,-1.6447908273414034,-0.015911196106274138,-0.2146395538033021,0.21522849304497982,182.95562296968114,-530.0752481628027,0.9807422496813064,183.0,-531.0,-2.322857424111436,-0.06638745614848673,0.7847715069550202,-18.07730997689131,58.04221395230323,RECOVER
51.996,183.93250980853952,-530.0120498419818,-2.264059966254193,-1.6571955884761627,-0.018458315030408456,-0.21310787140251275,0.2139057602017106,182.95636886863508,-530.0852014926261,0.9788780815553606,183.0,-531.0,-2.3273342393983203,-0.06327427314412715,0.7860942397982894,-15.43805644587588,57.802951604333266,RECOVER
52.048,183.93105794282047,-530.0229720992689,-2.2690415747768404,-1.673109764587857,-0.02177007787874164,-0.21203530969032866,0.2131499679716609,182.95717469955375,-530.09595455894,0.9766140542380869,183.0,-531.0,-2.3321069644681605,-0.06306538969132003,0.7868500320283391,-15.43805644587588,57.802951604333266,RECOVER
52.096,183.92948618543636,-530.0331296042646,-2.2764014991918105,-1.6910845253862856,-0.025611281547005378,-0.21188809189176006,0.2134303193738203,182.9579228707197,-530.1059382093251,0.9742876205074622,183.0,-531.0,-2.3364833404418763,-0.06008184125006588,0.7865696806261797,-14.50655198636709,55.85842412740777,RECOVER
52.148,183.92754482872436,-530.0442958171589,-2.2811047329394136,-1.709479137993221,-0.02971415702860001,-0.21288446190278615,0.2149481920081188,182.95874414788165,-530.1168973914314,0.9715172400879806,183.0,-531.0,-2.341243065491006,-0.06013833255159229,0.7850518079918812,-14.50655198636709,55.85842412740777,RECOVER
52.196,183.92554632108136,-530.0548072758023,-2.287244970122313,-1.7271076801033987,-0.03388665363219606,-0.2150209528453984,0.2176747928836306,182.95951631285058,-530.1272012168668,0.9687387983895299,183.0,-531.0,-2.3456929288225026,-0.058447958700189595,0.7823252071163694,-15.699400461204029,52.57320991342902,RECOVER
52.248,183.92318121347841,-530.0664346405018,-2.2927665027191964,-1.7431116799672217,-0.03794531834226089,-0.21802472790388272,0.22130212190952353,182.96036958909392,-530.1385873970394,0.965511390054973,183.0,-531.0,-2.350601891876301,-0.05783538915710462,0.7786978780904765,-15.699400461204029,52.57320991342902,RECOVER
52.296,183.92081283678593,-530.0773621580958,-2.2986716235395592,-1.7579856073126978,-0.04193387030519337,-0.22139588892658654,0.2253321750491177,182.96117069368142,-530.1492773948471,0.9623330214116143,183.0,-531.0,-2.355204496511909,-0.05653287297234977,0.7746678249508823,-18.425216822386396,49.162123011249655,RECOVER
52.348,183.91806193390107,-530.0893513024322,-2.3039852998598507,-1.7718367072604302,-0.04577270819259606,-0.22460349160524,0.22922013274699427,182.96204877564594,-530.1609945843653,0.9586938607308909,183.0,-531.0,-2.360248273004142,-0.056262973144291184,0.7707798672530057,-18.425216822386396,49.162123011249655,RECOVER
52.396,183.91534802954845,-530.100471896178,-2.3095994074543618,-1.7855967358872042,-0.04954114622969036,-0.22707993227299458,0.23242121420141357,182.96286233885783,-530.1718508309616,0.9551565019939081,183.0,-531.0,-2.3649110768361488,-0.055311669381787,0.7675787857985864,-21.310075822813943,46.770659337016724,RECOVER
52.448,183.91224732537881,-530.1124939075637,-2.3147304519059757,-1.7989933610515738,-0.0530718692680284,-0.22851934030453352,0.23460117689564539,182.96374091661644,-530.1835746363921,0.9511660619860578,183.0,-531.0,-2.3699406369359237,-0.05521018502994801,0.7653988231043546,-21.310075822813943,46.770659337016724,RECOVER
52.496,183.90926272253373,-530.123494148438,-2.320163052715668,-1.8119553079481168,-0.05625944410299201,-0.2287476609063502,0.23556446553099697,182.96454399925673,-530.1942910294797,0.9473677556658463,183.0,-531.0,-2.374535723327609,-0.0543726706119414,0.764435534469003,-22.779791027556897,45.79478307309853,RECOVER
52.548,183.9059516449755,-530.1352670754832,-2.32641201138663,-1.823494194224452,-0.058854737616618635,-0.2279268347008619,0.235402893178217,182.9654028401196,-530.2057514643394,0.9431861446121269,183.0,-531.0,-2.3794686962980682,-0.053056684911438445,0.764597106821783,-22.779791027556897,45.79478307309853,RECOVER
52.596,183.90287905513432,-530.1459872990974,-2.3304956376359933,-1.8326675314214655,-0.06065988037598043,-0.22632073974295114,0.23430898046175028,182.96618456418534,-530.216182847057,0.9393210230413827,183.0,-531.0,-2.3840014159844607,-0.05350577834846737,0.7656910195382497,-19.465962118662276,43.537146979349934,RECOVER
52.648,183.89957927266417,-530.157455209926,-2.335333305994976,-1.8389863799690156,-0.06163899656271188,-0.22429634217868955,0.2326117258695223,182.96702073797252,-530.2273408108125,0.9351734693828273,183.0,-531.0,-2.3889212748333044,-0.053587968838328504,0.7673882741304777,-19.465962118662276,43.537146979349934,RECOVER
52.696,183.89659624543643,-530.1679388749926,-2.3412368134035404,-1.842095555649019,-0.06181658796804908,-0.22223601352719635,0.23067322396947537,182.96778533359748,-530.2375436303716,0.9314153380326519,183.0,-531.0,-2.3935096721132862,-0.05227285870974585,0.7693267760305247,-22.356377056667498,49.36171800369499,RECOVER
52.748,183.89344696526922,-530.1792369402784,-2.3463567871673163,-1.842283674670256,-0.061377860227742595,-0.22049807898565785,0.2288812892363675,182.96860969079555,-530.2485439127037,0.9274305584153709,183.0,-531.0,-2.3985699247440153,-0.05221313757669899,0.7711187107636325,-22.356377056667498,49.36171800369499,RECOVER
52.796,183.8906023827588,-530.1896509424632,-2.3502361211069425,-1.8406081968196693,-0.060637356619847246,-0.21925918393820407,0.22748951351455685,182.96936986822016,-530.2586877754766,0.9238156905767003,183.0,-531.0,-2.403340959177311,-0.053104838070368476,0.7725104864854432,-17.095817497521125,47.62328010065005,RECOVER
52.848,183.88752171471498,-530.2009329268412,-2.356035345016581,-1.8394793481180594,-0.0601495474824706,-0.2184549028733059,0.226584449271638,182.97019341022113,-530.2696771797594,0.9199005329571412,183.0,-531.0,-2.4085923689874167,-0.052557023970835726,0.773415550728362,-17.095817497521125,47.62328010065005,RECOVER
52.896,183.8846203103181,-530.2113655229867,-2.3597499924261975,-1.8403769140329598,-0.060253279590855274,-0.21806670042862772,0.22623780306854696,182.97095465596198,-530.279835298222,0.9162276125891258,183.0,-531.0,-2.4134964349529966,-0.053746442526799054,0.773762196931453,-19.165173449343555,51.21476869965778,RECOVER
52.948,183.88135367117997,-530.2227014787965,-2.365424739048539,-1.8442284326561829,-0.06115162593302574,-0.2180430578440804,0.22645594809642272,182.97178118140346,-530.2908645137516,0.9121229705980027,183.0,-531.0,-2.41884714496304,-0.053422405914501425,0.7735440519035772,-19.165173449343555,51.21476869965778,RECOVER
52.996,183.87818072195003,-530.2332082639507,-2.369156839778457,-1.851219485095331,-0.06288464499140732,-0.21833996268160866,0.22721535572998053,182.9725464393276,-530.3010761710793,0.9081737205397781,183.0,-531.0,-2.423806079543835,-0.054649239765378166,0.7727846442700195,-21.06978319310811,52.09700109554052,RECOVER
53.048,183.87455321265713,-530.2446479206952,-2.3746869530123758,-1.860640364438803,-0.0652909471773786,-0.21891866536967897,0.22844756472889072,182.9733786773695,-530.312181615964,0.9037014678794794,183.0,-531.0,-2.4291982994417043,-0.05451134642932853,0.7715524352711093,-21.06978319310811,52.09700109554052,RECOVER
53.096,183.87103104192525,-530.2552710378362,-2.3791243382361995,-1.8713888301601325,-0.06812161058528254,-0.21975736164337334,0.23007357915499393,182.9741506542273,-530.3224829312304,0.8993952793132052,183.0,-531.0,-2.4342046945517795,-0.05508035631557995,0.7699264208450061,-23.650755052724847,51.703563463455026,RECOVER
53.148,183.86706526293645,-530.2668620751047,-2.3828918576374636,-1.8817184191903211,-0.07097179007427788,-0.22085888206724902,0.2319819837279231,182.97499228422086,-530.3337137030003,0.8945743901469569,183.0,-531.0,-2.4396938487583384,-0.056801991120874806,0.7680180162720769,-23.650755052724847,51.703563463455026,RECOVER
53.196,183.86330340537307,-530.2776384858474,-2.38837722845788,-1.8905864769750758,-0.07356187494789457,-0.22213626834313438,0.23399972469911728,182.97577434613962,-530.3441495940529,0.8900177293169725,183.0,-531.0,-2.4448465542318467,-0.056469325773966794,0.7660002753008828,-28.638254918475315,53.21202804909842,RECOVER
53.248,183.8591818902159,-530.2893985213254,-2.3920628244627506,-1.8967360356307117,-0.07555618612023128,-0.2235426593711498,0.23596622177710297,182.9766277003491,-530.3555368146114,0.8850289102002311,183.0,-531.0,-2.4505636177084207,-0.058500793245670035,0.764033778222897,-28.638254918475315,53.21202804909842,RECOVER
53.292,183.85537278390694,-530.3003106316676,-2.3968302353694746,-1.9002494405545012,-0.07688625448091085,-0.22487019983597606,0.2376512211253609,182.97741961089102,-530.366104126407,0.880414991898,183.0,-531.0,-2.4559759638406957,-0.059145728471221126,0.762348778874639,-29.94963406982854,52.44988683454577,RECOVER
53.348,183.85127451622415,-530.3121617659748,-2.40243662076409,-1.9014811983899518,-0.07756055943138668,-0.22593288003814446,0.23887508589562084,182.97827988371603,-530.3775836694736,0.8754425474269548,183.0,-531.0,-2.4619866754616773,-0.05955005469758712,0.7611249141043792,-29.94963406982854,52.44988683454577,RECOVER
53.396,183.8475303851467,-530.3230886283328,-2.406160820536514,-1.9012809318412836,-0.07771531940339856,-0.22653141005201427,0.23949144162187944,182.9790732564547,-530.388170492929,0.8708923202527813,183.0,-531.0,-2.467652927027679,-0.061492106491164655,0.7605085583781206,-29.703658278244383,52.30360493992131,RECOVER
53.448,183.84351644858484,-530.3348741101172,-2.4106419862555497,-1.9005028529045296,-0.07753183831714154,-0.2265707746979486,0.23946920866797042,182.9799291077338,-530.3995910345656,0.8660088773149074,183.0,-531.0,-2.4738937206785274,-0.06325173442297771,0.7605307913320296,-29.703658278244383,52.30360493992131,RECOVER
53.492,183.83984608914471,-530.3456797959539,-2.4155488766449595,-1.8997139822672113,-0.07715873249036193,-0.22606246277929548,0.23886755132784274,182.98071386224493,-530.4100628557665,0.8615412710303683,183.0,-531.0,-2.479729044165589,-0.06418016752062927,0.7611324486721572,-35.14701788712407,59.314881531638726,RECOVER
53.548,183.8359071541825,-530.3573099079072,-2.4211689195264756,-1.8988944638607734,-0.0766652383643594,-0.22522020049227698,0.23791111256779388,182.9815585540411,-530.4213344844526,0.856744230774507,183.0,-531.0,-2.4861341279098315,-0.06496520838335584,0.7620888874322062,-35.14701788712407,59.314881531638726,RECOVER
53.592,183.83230421328813,-530.3679912147246,-2.4249851612185274,-1.8979329812296781,-0.0761038489583669,-0.22427765919718795,0.23683805488402387,182.98233441619152,-530.4316876453461,0.8523531493755151,183.0,-531.0,-2.49213543290559,-0.06715027168706245,0.7631619451159761,-32.05643999809858,58.915527299561276,RECOVER
53.648,183.8284187781276,-530.3795266885227,-2.4308018817336174,-1.8971525183187403,-0.0756194692495603,-0.2234230905805159,0.23587323191522733,182.9831723542194,-530.4428691512578,0.8476165316432693,183.0,-531.0,-2.4987414049381207,-0.06793952320450325,0.7641267680847726,-32.05643999809858,58.915527299561276,RECOVER
53.696,183.82484036371025,-530.3901779123853,-2.4354607028080295,-1.8963720232684929,-0.07524526013870635,-0.22289018287563048,0.23524855535300018,182.98394611152418,-530.4531942249382,0.843252156242334,183.0,-531.0,-2.504960987173496,-0.0695002843654664,0.7647514446469998,-34.86881003245206,63.63724676640469,RECOVER
53.744,183.8209648979678,-530.4017660445118,-2.439297725883249,-1.8953805633465015,-0.07499428466436452,-0.22287566202804174,0.2351546373277755,182.98478802938544,-530.4644288380356,0.8385215448898168,183.0,-531.0,-2.511866005911402,-0.07256828002815308,0.7648453626722245,-34.86881003245206,63.63724676640469,RECOVER
53.796,183.81737761674808,-530.4125424315713,-2.4444812786404713,-1.894242469486073,-0.07490354392565063,-0.22344700262735476,0.23566735852843718,182.98557106447606,-530.4748777151641,0.8341389740224638,183.0,-531.0,-2.518419617035756,-0.07393833839528474,0.7643326414715628,-40.006462353546986,69.18403833415432,RECOVER
53.848,183.8134689649611,-530.4243285685915,-2.449294968406662,-1.8931028935218948,-0.07499553673331089,-0.2245703201128445,0.23676181956874473,182.98642755255602,-530.486306754318,0.8293604724960766,183.0,-531.0,-2.525734412703492,-0.07643944429683014,0.7632381804312552,-40.006462353546986,69.18403833415432,RECOVER
53.892,183.80982319290288,-530.4353159310559,-2.4546393198073586,-1.8924217042192941,-0.07533085346773923,-0.22608689270994495,0.23830656839335368,182.98722598312568,-530.4969610698373,0.8249038081307488,183.0,-531.0,-2.5326857581218003,-0.07804643831444169,0.7616934316066464,-41.75812192236804,70.17201467316856,RECOVER
53.948,183.80581577395486,-530.4473222773061,-2.4596184306410294,-1.8926071708693042,-0.07593806690417079,-0.22776842617581539,0.24009382742534258,182.98756921218921,-530.501541143393,0.8200409265890654,183.0,-531.0,-2.540419021171914,-0.08080059053088462,0.7599061725746574,-41.75812192236804,70.17201467316856,RECOVER
53.996,183.80205136629598,-530.4584792537438,-2.465062620274343,-1.8938843923008613,-0.0768085493336928,-0.22940243020617762,0.24191946642477227,182.98756921218921,-530.501541143393,0.8156197065413268,183.0,-531.0,-2.5477264430413173,-0.08266382276697426,0.7580805335752278,-46.04341096171182,72.88000052721326,RECOVER
54.048,183.79791235245295,-530.4706305755219,-2.470209641265003,-1.8957313562774305,-0.07778430408729592,-0.23089932237126623,0.24364912278490733,182.98756921218921,-530.501541143393,0.8109324683218755,183.0,-531.0,-2.555825089136526,-0.0856154478715232,0.7563508772150926,-46.04341096171182,72.88000052721326,RECOVER
54.092,183.79404592357193,-530.4818862425774,-2.475848998859903,-1.8978361333215503,-0.07875250824755066,-0.23215713182085823,0.2451507524168912,182.98758061126352,-530.5019982318443,0.8067160541782731,183.0,-531.0,-2.563463037691927,-0.08761403883202412,0.7548492475831088,-50.45588352135133,75.9179681290268,RECOVER
54.148,183.7898401627189,-530.4941181373084,-2.4825798818854112,-1.8992963350212457,-0.07949713610252299,-0.2332321963731867,0.24640830358079208,182.98788285203057,-530.5141177040337,0.8022066509545057,183.0,-531.0,-2.57193449395018,-0.0893546120647688,0.753591696419208,-50.45588352135133,75.9179681290268,RECOVER
54.196,183.7859676314846,-530.5054362254427,-2.4871299058777416,-1.8997082172617812,-0.07991034538336099,-0.23412865362196222,0.24739015693054728,182.9881625251634,-530.5253322426557,0.7980531556062596,183.0,-531.0,-2.5799487889418202,-0.0928188830640786,0.7526098430694528,-51.38335784193147,76.696477394636,RECOVER
54.248,183.78181046323948,-530.5177265282622,-2.4926798366111624,-1.898742200610385,-0.07992266461053527,-0.23490681690827606,0.24813070134190657,182.98846625183413,-530.5375112977014,0.7935908737328989,183.0,-531.0,-2.5888628088623595,-0.0961829722511971,0.7518692986580935,-51.38335784193147,76.696477394636,RECOVER
54.296,183.77802678748915,-530.5290972194642,-2.4997108324536987,-1.89638283336966,-0.0795390343429862,-0.23560072100530838,0.24866474965791974,182.98874729121738,-530.5487806212366,0.7895248948198893,183.0,-531.0,-2.5973198538989806,-0.09760902144528183,0.7513352503420803,-59.87600411861331,85.816453636743,RECOVER
54.348,183.7740130866371,-530.541467547891,-2.5046016148834633,-1.892222870874399,-0.07871566651947196,-0.2364022946027629,0.2491630009633377,182.98905310153236,-530.56104322778,0.7852040406536018,183.0,-531.0,-2.6067733402615065,-0.1021717253780432,0.7508369990366623,-59.87600411861331,85.816453636743,RECOVER
54.396,183.77038292837713,-530.5529297379056,-2.5119622095117204,-1.8870554922707652,-0.07763508721657644,-0.2372399603485451,0.24961972188371792,182.98933651675245,-530.5724078193653,0.7812892503862744,183.0,-531.0,-2.615767850458682,-0.10380564094696165,0.750380278116282,-61.51729830751162,89.31755621486681,RECOVER
54.448,183.76651421833125,-530.5653931413949,-2.517013570469283,-1.8816876392162714,-0.07650220123034335,-0.23809426694284838,0.25008291973691504,182.9896447368894,-530.5847670567191,0.7771110215347079,183.0,-531.0,-2.625797986919721,-0.10878441645043813,0.749917080263085,-61.51729830751162,89.31755621486681,RECOVER
54.492,183.76297822930886,-530.5769350228203,-2.524805995705136,-1.8769073527768516,-0.07550968408802508,-0.23892082557296287,0.25056909882014483,182.98993019678386,-530.5962136371583,0.7732883844734517,183.0,-531.0,-2.635307581108353,-0.1105015854032172,0.7494309011798552,-65.67290517741338,95.35946655388958,RECOVER
54.548,183.7591645978459,-530.5894909724469,-2.5300205372603943,-1.8729570428640976,-0.07474996796551286,-0.23980973603243974,0.2511897036241606,182.99024075767642,-530.6086667358487,0.7691629098461783,183.0,-531.0,-2.6458883031382836,-0.11586776587788927,0.7488102963758394,-65.67290517741338,95.35946655388958,RECOVER
54.596,183.7556364592261,-530.6011347390935,-2.5370966992236954,-1.870158948971101,-0.07431348994695296,-0.24077879355222884,0.2519859563796418,182.99052876172973,-530.6202153338385,0.7653455806784464,183.0,-531.0,-2.655911428970827,-0.11881472974713159,0.7480140436203582,-70.22239353130178,101.15231296907919,RECOVER
54.648,183.7517922677475,-530.6138275935324,-2.545398896402511,-1.86829586967182,-0.07417813418690793,-0.24193888991699894,0.2530549783065345,182.99084271569885,-530.6328044906039,0.7611861424024454,183.0,-531.0,-2.6670697121821747,-0.12167081577966377,0.7469450216934654,-70.22239353130178,101.15231296907919,RECOVER
54.696,183.74821132854575,-530.6256325718714,-2.5511787115328044,-1.8672423402012328,-0.0743268022342792,-0.24333824550125893,0.2544365839536536,182.99113470480435,-530.6445128841409,0.7573120099450875,183.0,-531.0,-2.677665201488505,-0.12648648995570078,0.7455634160463465,-71.7951707215627,103.29333591687416,RECOVER
54.748,183.7442895173484,-530.6385321124205,-2.559897044079859,-1.8667822274715637,-0.07470922758834675,-0.2449936901950462,0.25613156174558743,182.99145376175585,-530.6573066640412,0.7530698232482517,183.0,-531.0,-2.689486802655277,-0.12958975857541777,0.7438684382544125,-71.7951707215627,103.29333591687416,RECOVER
54.792,183.74062658751347,-530.6505502739669,-2.5658668178994954,-1.8667300695496571,-0.07526986131203069,-0.24687832656924197,0.25809777246532295,182.9917510130538,-530.6692260648359,0.749108410837103,183.0,-531.0,-2.70073405730212,-0.13486723940262468,0.741902227534677,-80.20401087613324,111.09669794611055,RECOVER
54.848,183.73662309969905,-530.6637051591216,-2.5731808325150958,-1.8665505464259042,-0.07587196244994326,-0.24901340850340936,0.26031563975391764,182.9920763831791,-530.6822729950134,0.7447782069920819,183.0,-531.0,-2.713316837137633,-0.14013600462253706,0.7396843602460823,-80.20401087613324,111.09669794611055,RECOVER
54.896,183.73290184354795,-530.6759744943952,-2.581272060332782,-1.8660967453610846,-0.07645093502753367,-0.25132261856367755,0.2626933651013819,182.99237985821338,-530.6944419597575,0.7407522244588642,183.0,-531.0,-2.7253168007366746,-0.14404474040389248,0.7373066348986181,-91.19194603154392,121.00497390476485,RECOVER
54.948,183.7288567996174,-530.6894036944165,-2.5909838683341486,-1.8651242497597262,-0.07691936499272556,-0.2537485483634554,0.2651507392172328,182.99271203924366,-530.7077619986034,0.7363736385547359,183.0,-531.0,-2.73875533878751,-0.14777147045336125,0.7348492607827672,-91.19194603154392,121.00497390476485,RECOVER
54.996,183.72511900423015,-530.7019183010319,-2.598972004552387,-1.8636694643263794,-0.0772523452773176,-0.2561888963406999,0.267583025356826,182.9930216168818,-530.7201756700371,0.7323250071418189,183.0,-531.0,-2.7515714558388256,-0.15259945128643837,0.732416974643174,-91.73541784613464,121.70945057929138,RECOVER
55.048,183.72106186079242,-530.7155789624451,-2.605787881585143,-1.862185175857162,-0.07752172064577471,-0.25846954213307677,0.26984462452004465,182.99335955909078,-530.7337267248571,0.7279285549986538,183.0,-531.0,-2.765882072920552,-0.16009419133540925,0.7301553754799553,-91.73541784613464,121.70945057929138,RECOVER
55.092,183.71730795645811,-530.7282651724245,-2.614889975235847,-1.8608744885600936,-0.07776133752404607,-0.26050881681956684,0.2718670065569915,182.9936734035774,-530.7463114915141,0.7238595414550892,183.0,-531.0,-2.7794720014996597,-0.1645820262638127,0.7281329934430085,-106.36313127700532,121.70945057929138,RECOVER
55.148,183.71325481534154,-530.7420997634204,-2.6256308172754395,-1.859073155215525,-0.07782562690601608,-0.2624481703280946,0.2737441694573219,182.994015683111,-530.7600364675625,0.7194627542042911,183.0,-531.0,-2.7946371178428615,-0.16900630056742205,0.7262558305426781,-106.36313127700532,136.21295293872024,RECOVER
55.196,183.70953103677894,-530.7549734945203,-2.6330417886984687,-1.856695293685758,-0.07773920950788135,-0.26446226665035,0.2756513652727864,182.99433421990017,-530.7728093896112,0.7154191820375125,183.0,-531.0,-2.8090790043255147,-0.176037215627046,0.7243486347272137,-106.21557236363232,137.7639523279163,RECOVER
55.248,183.70550640231323,-530.7690338366202,-2.642157107383534,-1.8541730421222729,-0.07761937200700236,-0.2665373913029868,0.27760934399505166,182.99468214353365,-530.7867606869199,0.7110452644460054,183.0,-531.0,-2.825212863632214,-0.18305575624867965,0.7223906560049483,-106.21557236363232,137.7639523279163,RECOVER
55.296,183.70178943402433,-530.7821218035153,-2.65390768199358,-1.8518090985064577,-0.07755548557777399,-0.26868239629049023,0.27965171807018163,182.99500602394215,-530.79974788134,0.7070031593896,183.0,-531.0,-2.840566525208562,-0.18665884321498183,0.7203482819298184,-106.21557236363232,137.7639523279163,BRAKE
55.344,183.69772820442242,-530.7961452603125,-2.6615694777003047,-1.8521172065606977,-0.07774626486922029,-0.2690322091083688,0.28004073139249586,182.99535300554,-530.8136614042131,0.7025935776124399,183.0,-531.0,-2.857335408355756,-0.19576593065545111,0.7199592686075041,0.0,0.0,BRAKE
55.396,183.69393253436425,-530.8086860368883,-2.6724352549039923,-1.8564473676662405,-0.07821183300579601,-0.26631409845192666,0.27756132629815167,182.9956631994392,-530.8260997869344,0.6984864370818744,183.0,-531.0,-2.872580109479599,-0.2001448545756066,0.7224386737018483,-104.01208957413272,-104.01208957413272,BRAKE
55.448,183.69055329553703,-530.8217833612877,-2.6811013039307316,-1.845330536433003,-0.07358256817545276,-0.2612592320665175,0.2714236184993517,182.9959875229764,-530.8391047502547,0.6947817232257064,183.0,-531.0,-2.889025701543144,-0.20792439761241255,0.7285763815006483,-104.01208957413272,-104.01208957413272,BRAKE
55.496,183.68863203269183,-530.832815082427,-2.6886125107811356,-1.8130403040884784,-0.061837877560301055,-0.2502581341511753,0.2577849041545886,182.99626127179113,-530.8500817312207,0.6925860291045294,183.0,-531.0,-2.9034223438872777,-0.2148098331061421,0.7422150958454115,-98.74029438135237,-98.74029438135237,BRAKE
55.548,183.68784012757988,-530.8435243065003,-2.6945889713651945,-1.7623480083161671,-0.04552475097541736,-0.23474910307592692,0.23912265544344793,182.99652768497026,-530.8607645624836,0.6915273817667976,183.0,-531.0,-2.9179109222257607,-0.22332195086056617,0.7608773445565521,-98.74029438135237,-98.74029438135237,BRAKE
55.596,183.68836763113185,-530.8522505133404,-2.701780082295069,-1.689308023305681,-0.02574470806750989,-0.21621550854212118,0.21774282107020057,182.9967454955887,-530.8694984925833,0.6918371709884028,183.0,-531.0,-2.930163031996298,-0.22838294970122908,0.7822571789297994,-78.01311987121076,-78.01311987121076,BRAKE
55.648,183.6902910493773,-530.8605483301658,-2.708032395463122,-1.590081888177074,-0.0037879758995754305,-0.1963907707229879,0.1964272984760137,182.99695349708324,-530.8778390892317,0.6935531210874792,183.0,-531.0,-2.94225683429785,-0.23422443883472788,0.8035727015239863,-78.01311987121076,-78.01311987121076,BRAKE
55.696,183.69332767369633,-530.8672629341236,-2.714348760943209,-1.4598258111926026,0.01967986799158785,-0.17661465482882005,0.1777077193159306,182.99712273215545,-530.8846252014129,0.6964214018475958,183.0,-531.0,-2.952432320863997,-0.238083559920788,0.8222922806840693,-48.01720907158646,-48.01720907158646,BRAKE
55.748,183.6978391580976,-530.8736661195004,-2.7198479479270885,-1.3039866361448849,0.043157674587648895,-0.15789788875198263,0.16368973134606482,182.9972851224438,-530.8911368464255,0.7007718481575232,183.0,-531.0,-2.9624965893416126,-0.24264864141452414,0.8363102686539352,-48.01720907158646,-48.01720907158646,BRAKE
55.796,183.70302936892983,-530.8790024494054,-2.7254738225044903,-1.1350761021025828,0.06589777580038877,-0.14154436657977415,0.15613239435142148,182.9974213454094,-530.8965992149192,0.7058274073829583,183.0,-531.0,-2.97115363250074,-0.2456798099962496,0.8438676056485785,0.0,0.0,BRAKE
55.848,183.70925937962772,-530.8841694232211,-2.7314541101118746,-0.9814554937239576,0.08476631858298074,-0.12678154665159647,0.15250865332000776,182.99755399379947,-530.9019182474576,0.711926665449975,183.0,-531.0,-2.9797097288248153,-0.24825561871294077,0.8474913466799923,0.0,0.0,BRAKE
55.896,183.71532489571814,-530.8888163792674,-2.7359498818271666,-0.8639229323279748,0.09932582857155368,-0.11629205982750326,0.15293614157663737,182.99767357957654,-530.9067134857484,0.7178744444400842,183.0,-531.0,-2.987395551666314,-0.2514456698391476,0.8470638584233626,0.0,0.0,BRAKE
55.948,183.722057107547,-530.8937802168247,-2.740559760176003,-0.7814028966042333,0.10987475280413639,-0.10900028398498138,0.15476925796997498,182.99780147735103,-530.9118420246156,0.7244808118723475,183.0,-531.0,-2.9955330656961,-0.25497330552009734,0.845230742030025,0.0,0.0,BRAKE
56.0,183.7282120628591,-530.8982847577624,-2.7445306948732013,-0.7281743218414283,0.11629847180673714,-0.10369579559483529,0.15581448125456213,182.99791756931447,-530.9164971654031,0.7305215527920192,183.0,-531.0,-3.0028124853735814,-0.25828179050038,0.8441855187454379,0.0,0.0,BRAKE
56.048,183.7345833776401,-530.903027557177,-2.7476644749457484,-0.6976869020645747,0.11847785616192172,-0.09932495550376422,0.15460416936987745,182.99803973385625,-530.921395808895,0.7367726459835237,183.0,-531.0,-3.0103414424025328,-0.26267696745678437,0.8453958306301226,0.0,0.0,BRAKE
56.096,183.7400207199375,-530.907229605477,-2.7514865248430254,-0.6844639674513043,0.11665789409044222,-0.0952011565986014,0.15057331925453546,182.99814784078822,-530.9257307600278,0.7421035382862281,183.0,-531.0,-3.0168813545520567,-0.2653948297090314,0.8494266807454646,0.0,0.0,BRAKE
56.148,183.74531767647096,-530.9115695164439,-2.754834125167189,-0.6850876053743707,0.11148022321099382,-0.09109169098941551,0.14396366324348714,182.99825929640826,-530.9301999893139,0.7472906514477882,183.0,-531.0,-3.0234967053746216,-0.2686625802074327,0.8560363367565129,0.0,0.0,BRAKE
56.196,183.74963920644012,-530.915404551115,-2.7582820705248587,-0.6977332996707151,0.10397330111227723,-0.08717339361956783,0.13568215763075253,182.99835756275922,-530.9341403456042,0.7515152281404635,183.0,-531.0,-3.029219838143674,-0.27093776761881516,0.8643178423692475,0.0,0.0,BRAKE
56.244,183.75376782690375,-530.9194434035948,-2.7612516063848997,-0.7211844302090901,0.09537143730511995,-0.08384728985114645,0.1269884997510664,182.99846078894893,-530.9382795851499,0.7555418739683881,183.0,-531.0,-3.035124875069523,-0.27387326868462347,0.8730115002489336,0.0,0.0,BRAKE
56.296,183.75718111947242,-530.9231431360183,-2.764316637079924,-0.7533223501509959,0.08688002589485576,-0.08147795399177878,0.11910833676186242,182.9985551186644,-530.9420620873395,0.7588618687357185,183.0,-531.0,-3.0404351782286767,-0.2761185411487528,0.8808916632381376,0.0,0.0,BRAKE
56.348,183.76060604882932,-530.9271894671334,-2.7669532417149485,-0.7896002738096616,0.07952442596461161,-0.08019559106161885,0.11294010426205296,182.99865809387194,-530.9461912628191,0.7621848557292451,183.0,-531.0,-3.046156462615953,-0.27920322090100447,0.8870598957379471,0.0,0.0,BRAKE
56.396,183.76365700557108,-530.9309800036616,-2.7700104276425797,-0.8233037374423795,0.07393743645232706,-0.07976646304140628,0.10876319752231421,182.99875446148693,-530.9500554821999,0.765140363481023,183.0,-531.0,-3.051456667204855,-0.2814462395622752,0.8912368024776858,0.0,0.0,BRAKE
56.444,183.76697395372764,-530.9351095760393,-2.771952792493367,-0.8470313644103109,0.07038494628628707,-0.0796433996728267,0.10628787219231142,182.99885944419714,-530.954265155995,0.7683533275744497,183.0,-531.0,-3.0571878915530823,-0.2852350990597152,0.8937121278076886,0.0,0.0,BRAKE
56.496,183.770126774288,-530.9388622167808,-2.7743118798279096,-0.8555582682847952,0.06873953167203865,-0.07913121519397319,0.10481828291174254,182.99895493064997,-530.958094041889,0.7714116122518974,183.0,-531.0,-3.0623721489335725,-0.28806026910566285,0.8951817170882574,0.0,0.0,BRAKE
56.548,183.77368549902553,-530.9427479177582,-2.7763961106471853,-0.8465666698714774,0.06863365055097212,-0.07758904645497004,0.10358879339843888,182.9990539856409,-530.9620660216434,0.7748723576604651,183.0,-531.0,-3.0677281149119504,-0.29133200426476513,0.8964112066015612,0.0,0.0,BRAKE
56.596,183.77710645532727,-530.94607472101,-2.778878995554385,-0.8209781195950656,0.06955634589164042,-0.07469082057309237,0.10206274507223193,182.99913902562724,-530.9654760174542,0.778209311161068,183.0,-531.0,-3.0723113185936652,-0.29343232303928035,0.8979372549277681,0.0,0.0,BRAKE
56.648,183.78093514848962,-530.9493357138508,-2.7804198805000335,-0.7819796557675054,0.07098167496075132,-0.0704980236475609,0.10004183883978646,182.999222678849,-530.9688304057604,0.7819555154893856,183.0,-531.0,-3.076807012884543,-0.2963871323845093,0.8999581611602135,0.0,0.0,BRAKE
56.696,183.7845442906088,-530.9520324328746,-2.7823561836476762,-0.7349310097940526,0.07245475001023605,-0.065487291586037,0.09766409861520473,182.99929213224706,-530.9716153991097,0.7854963047515516,183.0,-531.0,-3.0805279936314247,-0.2981718099837485,0.9023359013847952,0.0,0.0,BRAKE
56.748,183.78848606832642,-530.9546876299473,-2.784012417365764,-0.6873395887995531,0.0736267836829021,-0.06043825828966279,0.0952558992429175,182.99936075754204,-530.9743671865737,0.7893706613939749,183.0,-531.0,-3.0841882316170612,-0.30017581425129736,0.9047441007570824,0.0,0.0,BRAKE
56.796,183.7920996343551,-530.9569818631385,-2.7859214553454685,-0.646589344637087,0.07420632835308885,-0.05601365157375761,0.09297369698077385,182.9994201825583,-530.976750054508,0.7929259074408515,183.0,-531.0,-3.087336956252456,-0.30141550090698743,0.9070263030192262,0.0,0.0,BRAKE
56.848,183.79593018234806,-530.9594214060542,-2.787544408487186,-0.6198901141231643,0.07401664799742508,-0.052828873916950375,0.09093598902584042,182.9994833639834,-530.9792835496803,0.7966944453381319,183.0,-531.0,-3.09065415178697,-0.303109743299784,0.9090640109741596,0.0,0.0,BRAKE
56.896,183.79934050956064,-530.9617328069498,-2.788926838997203,-0.6117210646985216,0.07297779045670379,-0.05119273291033703,0.08914288419594506,182.99954309054849,-530.9816785093394,0.8000460877363953,183.0,-531.0,-3.0937557201697428,-0.3048288811725399,0.9108571158040549,0.0,0.0,BRAKE
56.948,183.80283961315988,-530.9643427611741,-2.789948670502221,-0.6215273319411413,0.07098722263789009,-0.050842275977858335,0.08731622303129062,182.99961031311912,-530.9843740493333,0.803479035787044,183.0,-531.0,-3.097207921952743,-0.3072592514505219,0.9126837769687094,0.0,0.0,BRAKE
56.996,183.80585104421206,-530.966858408808,-2.7913396179758485,-0.6464615239265848,0.06810004613682247,-0.051390743382892665,0.08531485679108695,182.9996748821843,-530.9869631871171,0.8064268139965699,183.0,-531.0,-3.1004896165784666,-0.30914999860261805,0.914685143208913,0.0,0.0,BRAKE
57.048,183.8088453380529,-530.9696473318783,-2.7925224503347432,-0.6807736475031733,0.06441893084066355,-0.05217558078733037,0.0828980692244966,182.9997462514261,-530.989825003376,0.8093506473756438,183.0,-531.0,-3.104084330021282,-0.3115618796865389,0.9171019307755034,0.0,0.0,BRAKE
57.096,183.81135086147677,-530.9722001226988,-2.793770869363333,-0.7179271013137185,0.06014174667887273,-0.05252822724510982,0.07985138916199014,182.99981143176728,-530.9924386525536,0.811791749196723,183.0,-531.0,-3.107342359109008,-0.3135714897456747,0.9201486108380099,0.0,0.0,BRAKE
57.144,183.8138112037573,-530.9748785319606,-2.7948296441535163,-0.7531247811454088,0.055652131460209184,-0.05217110235579498,0.07628226305690754,182.99987971480783,-530.9951767160485,0.8141845521629342,183.0,-531.0,-3.110733538905983,-0.31590389475246683,0.9237177369430924,0.0,0.0,BRAKE
57.196,183.81588916222057,-530.9772135239768,-2.7958783701391385,-0.7815994818765416,0.05132566591051453,-0.05093719998304921,0.07231128766154632,182.9999392012134,-530.9975620456152,0.8162036517931394,183.0,-531.0,-3.113671515032279,-0.3177931448931406,0.9276887123384536,0.0,0.0,BRAKE
57.248,183.81800481606288,-530.979582054067,-2.7968280169695086,-0.8003945121816124,0.04760166062661299,-0.04905120944202339,0.0683515855129673,182.99999954691563,-530.9999818318904,0.818259598958612,183.0,-531.0,-3.1166371683013976,-0.31980915133188903,0.9316484144870327,0.0,0.0,BRAKE
57.296,183.8199122993752,-530.9816503493199,-2.797765504850569,-0.8084274433358022,0.04484981189298641,-0.04696460568979591,0.06493981686480395,183.0,-531.0,0.820117606411919,183.0,-531.0,-3.1192163725562603,-0.3214508677056913,0.935060183135196,0.0,0.0,BRAKE
57.348,183.8220085008295,-530.9838070119373,-2.798616279293674,-0.8055707037774398,0.04326142598049114,-0.0450429920845843,0.06245335950769532,183.0,-531.0,0.8221679805844766,183.0,-531.0,-3.1218959060440934,-0.32327962675041944,0.9375466404923046,0.0,0.0,BRAKE
57.396,183.82402201559478,-530.985755264832,-2.7996594438194937,-0.7933037082215771,0.042801805384158495,-0.04348395554585886,0.06101515331503813,183.0,-531.0,0.8241451296130348,183.0,-531.0,-3.1243075371584,-0.3246480933389062,0.9389848466849618,0.0,0.0,BRAKE
57.448,183.82631783083798,-530.9878509273636,-2.8004202274783445,-0.7748457253046932,0.043273776098172116,-0.0423699919904938,0.060562661096332626,183.0,-531.0,0.8264071378725543,183.0,-531.0,-3.1268910498221834,-0.32647082234383884,0.9394373389036674,0.0,0.0,BRAKE
57.496,183.8285416027189,-530.9897856729275,-2.8011498064324294,-0.7540685788111084,0.044342957762192256,-0.04164801453028565,0.06083465309685304,183.0,-531.0,0.828604561846933,183.0,-531.0,-3.1292651981873507,-0.3281153917549213,0.9391653469031469,0.0,0.0,BRAKE
57.548,183.83102450274578,-530.9918527471787,-2.801847160412072,-0.7328507061116851,0.04553474964940273,-0.040984209212097916,0.06126270342039106,183.0,-531.0,0.8310644390734093,183.0,-531.0,-3.131789101729482,-0.32994194131741006,0.9387372965796089,0.0,0.0,BRAKE
57.596,183.83333607890808,-530.9937122143054,-2.8024758052294167,-0.71334315368752,0.04645283012220753,-0.04019835045405457,0.06143104105897653,183.0,-531.0,0.8333598002416647,183.0,-531.0,-3.1340474788004893,-0.33157167357107253,0.9385689589410234,0.0,0.0,BRAKE
57.648,183.83579663791514,-530.9956408627554,-2.8030952049078475,-0.6965915542613185,0.04675579443466071,-0.03911021543910826,0.06095665070285367,183.0,-531.0,0.8358080054819798,183.0,-531.0,-3.136377153165611,-0.33328194825776336,0.9390433492971463,0.0,0.0,BRAKE
57.696,183.83797167560397,-530.9973179111801,-2.8039367006798326,-0.6832437696512854,0.04625091619690849,-0.03765011813185203,0.05963789604266624,183.0,-531.0,0.8379759678624191,183.0,-531.0,-3.138391973018769,-0.33445527233893646,0.9403621039573338,0.0,0.0,BRAKE
57.748,183.84018515060419,-530.9990409050556,-2.8041753344935283,-0.6761019111604271,0.044961484952535324,-0.036069650948034826,0.05764160692286545,183.0,-531.0,0.8401856980209135,183.0,-531.0,-3.140451126002561,-0.33627579150903264,0.9423583930771345,0.0,0.0,BRAKE
57.796,183.84207567941976,-531.0005653519548,-2.8049513055240007,-0.676905914958214,0.04301007116608168,-0.03456103175640645,0.055175457748701515,183.0,-531.0,0.8420758692024671,183.0,-531.0,3.1409212746582953,-0.33731272699728976,0.9448245422512985,0.0,0.0,BRAKE
57.848,183.84396105109428,-531.0021925182511,-2.805371237093445,-0.688090013164728,0.04064654791336556,-0.033416751482254876,0.05261958890850731,183.0,-531.0,0.843963899050456,183.0,-531.0,3.138994769107012,-0.3388193009791287,0.9473804110914927,0.0,0.0,BRAKE
57.896,183.84557266637646,-531.0037227017531,-2.80581969658482,-0.711036810166372,0.0381716175761939,-0.03287847649835138,0.05037922791424894,183.0,-531.0,0.8455808610838648,183.0,-531.0,3.1371901015095722,-0.3401755090851939,0.949620772085751,0.0,0.0,BRAKE
57.948,183.84720619634425,-531.0054314778009,-2.8064998452832,-0.711036810166372,0.03580646466927012,-0.03287238696906541,0.048607579009406245,183.0,-531.0,0.8472236068920569,183.0,-531.0,3.135181695534695,-0.3415037663616918,0.9513924209905937,0.0,0.0,BRAKE
58.0,183.84864330963416,-531.0070687068351,-2.8068128742050544,-0.711036810166372,0.03375315310728582,-0.0333051799038667,0.04741846004577547,183.0,-531.0,0.8486727482387623,183.0,-531.0,3.133263425882714,-0.3431090070918179,0.9525815399542246,0.0,0.0,BRAKE
58.048,183.85015411150926,-531.0088840994856,-2.807224446283714,-0.711036810166372,0.032108408294442906,-0.03386735593154601,0.04666848702279382,183.0,-531.0,0.8502005296044934,183.0,-531.0,3.131143046867074,-0.3448178140287981,0.9533315129772062,0.0,0.0,HOLD
58.096,183.85152555825763,-531.0105506483486,-2.807465018881761,-0.711036810166372,0.03087059793165406,-0.03416570014821031,0.04604659469792812,183.0,-531.0,0.8515909185439638,183.0,-531.0,3.1292029978868943,-0.34651729041093127,0.9539534053020718,0.0,0.0,HOLD
58.148,183.85300841902725,-531.0123065119049,-2.8081116697155393,-0.711036810166372,0.030046682297202025,-0.03402601749411216,0.045393534601070894,183.0,-531.0,0.8530971885820681,183.0,-531.0,3.1271664675218553,-0.3479071699421912,0.9546064653989291,0.0,0.0,HOLD
58.196,183.85438376447934,-531.0138363664731,-2.8084071178113894,-0.711036810166372,0.029558904081333576,-0.03327210093151371,0.04450574694223561,183.0,-531.0,0.8544957940464435,183.0,-531.0,3.125399512232797,-0.34937867713539994,0.9554942530577644,0.0,0.0,HOLD
58.248,183.85589105680924,-531.0153755338107,-2.8087450114065287,-0.711036810166372,0.029358524488762108,-0.03198664576219754,0.04341737517715177,183.0,-531.0,0.8560291514697407,183.0,-531.0,3.123630227156554,-0.35081006861650366,0.9565826248228483,0.0,0.0,HOLD
58.296,183.85730809442472,-531.0167013126861,-2.808920511019322,-0.711036810166372,0.02941560686392151,-0.030458457378640093,0.04234377820954598,183.0,-531.0,0.857470759041724,183.0,-531.0,3.122114008183547,-0.35215078797671673,0.9576562217904541,0.0,0.0,HOLD
58.348,183.8588711550656,-531.0180526904932,-2.809475133887107,-0.711036810166372,0.029640744928985704,-0.028893809458983843,0.04139355004100586,183.0,-531.0,0.8590608596821065,183.0,-531.0,3.1205766577461214,-0.3531335155463573,0.9586064499589941,0.0,0.0,HOLD
58.396,183.86034114671173,-531.0192663740472,-2.809715957571512,-0.711036810166372,0.029985173290223002,-0.027630752063330342,0.040774613141389054,183.0,-531.0,0.8605568440807303,183.0,-531.0,3.119202518600194,-0.35426683100788026,0.9592253868586109,0.0,0.0,HOLD
58.448,183.86195457411202,-531.0205833006605,-2.8099949183798842,-0.711036810166372,0.030349970140573956,-0.026823917969139327,0.04050485480468787,183.0,-531.0,0.8622003016113562,183.0,-531.0,3.117717393674151,-0.35547299512555064,0.9594951451953121,0.0,0.0,HOLD
58.496,183.86344625501658,-531.0218155544922,-2.810022226196672,-0.711036810166372,0.030604320520488212,-0.026420730868917497,0.040431169339614034,183.0,-531.0,0.8637218034297635,183.0,-531.0,3.1163323503296976,-0.3568307306532166,0.959568830660386,0.0,0.0,HOLD
58.548,183.86504701340945,-531.0231857657236,-2.8102668563981,-0.711036810166372,0.03066714367493117,-0.02639605066116463,0.04046263945525107,183.0,-531.0,0.8653576804655995,183.0,-531.0,3.114796172502899,-0.35812227827858756,0.9595373605447489,0.0,0.0,HOLD
58.596,183.8664864252656,-531.0244644965628,-2.8108389445274713,-0.711036810166372,0.03042935483982806,-0.02648151196561544,0.040338766862079475,183.0,-531.0,0.8668317234398153,183.0,-531.0,3.1133660152973057,-0.35898034735480877,0.9596612331379205,0.0,0.0,HOLD
58.648,183.8679836413961,-531.0258418574958,-2.8110326040680627,-0.711036810166372,0.029856496908885678,-0.026483681365285394,0.03990984573170216,183.0,-531.0,0.8683682417788453,183.0,-531.0,3.1118291592001968,-0.3603235439113268,0.9600901542682978,0.0,0.0,HOLD
58.696,183.8692994408523,-531.0270918500607,-2.8110051506172167,-0.711036810166372,0.029001094025520653,-0.026328922006556704,0.039169830082659736,183.0,-531.0,0.8697214992202037,183.0,-531.0,3.110437584624949,-0.36174257193742054,0.9608301699173403,0.0,0.0,HOLD
58.748,183.87064719559973,-531.0283943825381,-2.8115346180925695,-0.711036810166372,0.027922137301200696,-0.02588084482472039,0.03807182528206862,183.0,-531.0,0.871110084986618,183.0,-531.0,3.108991248225236,-0.3626594408617807,0.9619281747179314,0.0,0.0,HOLD
58.792,183.87183097857255,-531.0295526894561,-2.811700402464993,-0.711036810166372,0.02678114008923517,-0.02526853707982328,0.03682021768856946,183.0,-531.0,0.8723317125112735,183.0,-531.0,3.1077083582915623,-0.3637765464230309,0.9631797823114305,0.0,0.0,HOLD
58.848,183.87306789829066,-531.0307675492768,-2.811893470103683,-0.711036810166372,0.025733162237590337,-0.024601490202888217,0.03560096851138955,183.0,-531.0,0.8736098655087202,183.0,-531.0,3.106366502236155,-0.3649253348397483,0.9643990314886104,0.0,0.0,HOLD
58.896,183.87418824526455,-531.031858522163,-2.811755291519529,-0.711036810166372,0.024895752139059868,-0.023945979260649203,0.03454284871461741,183.0,-531.0,0.8747685714479698,183.0,-531.0,3.1051652256831073,-0.3662647899769498,0.9654571512853826,0.0,0.0,HOLD
58.944,183.87540918259123,-531.0330362440602,-2.811922816881499,-0.711036810166372,0.024400086281494232,-0.023491860827451153,0.03387080949255121,183.0,-531.0,0.8760323226837272,183.0,-531.0,3.1038724935482893,-0.36738999674979844,0.9661291905074488,0.0,0.0,HOLD
58.996,183.8765600935356,-531.0341227908154,-2.812455328181706,-0.711036810166372,0.024252115052372174,-0.02319244629474383,0.033556737768264566,183.0,-531.0,0.8772240092656937,183.0,-531.0,3.102684231650525,-0.36804574734735507,0.9664432622317354,0.0,0.0,HOLD
59.048,183.87784707311576,-531.0353019363373,-2.812617506628487,-0.711036810166372,0.024426237342796243,-0.023011646488717737,0.03355855993406644,183.0,-531.0,0.8785566063077945,183.0,-531.0,3.101400089352247,-0.36916771119885183,0.9664414400659336,0.0,0.0,HOLD
59.096,183.87907899863316,-531.0363930381657,-2.8124311252010323,-0.711036810166372,0.024859844503873706,-0.022913521049494547,0.03380889403163625,183.0,-531.0,0.8798319947949212,183.0,-531.0,3.100217227198416,-0.37053695478013804,0.9661911059683638,0.0,0.0,HOLD
59.148,183.88045255806924,-531.0375509950982,-2.8129711803156474,-0.711036810166372,0.025404010516486417,-0.02268772957401326,0.03406019412078135,183.0,-531.0,0.8812529626863822,183.0,-531.0,3.0989688333268237,-0.37124529353711466,0.9659398058792187,0.0,0.0,HOLD
59.196,183.8817485159789,-531.0385894807015,-2.8131128564339347,-0.711036810166372,0.02596229992699859,-0.022319315080628017,0.03423730192593716,183.0,-531.0,0.8825925410130094,183.0,-531.0,3.0978558388296045,-0.3722166119160466,0.9657626980740628,0.0,0.0,HOLD
59.244,183.88316779837447,-531.039667867271,-2.8132251319044683,-0.711036810166372,0.026428357230450224,-0.02176592594310395,0.03423760502811165,183.0,-531.0,0.8840581993169001,183.0,-531.0,3.096707384544955,-0.37325279073016304,0.9657623949718883,0.0,0.0,HOLD
59.296,183.8844761357956,-531.040608378016,-2.8129520753434303,-0.711036810166372,0.026718392562245376,-0.02100574271246894,0.03398696408937831,183.0,-531.0,0.8854078580840725,183.0,-531.0,3.0957125229526823,-0.3745207088834732,0.9660130359106217,0.0,0.0,HOLD
59.348,183.8858837608377,-531.0415861529954,-2.8135246452456277,-0.711036810166372,0.026841354487132645,-0.020234910508615,0.033614132652733636,183.0,-531.0,0.8868593156960557,183.0,-531.0,3.0946839642656387,-0.37497669766831976,0.9663858673472664,0.0,0.0,HOLD
59.392,183.8871649520807,-531.0424581534421,-2.8136267449219603,-0.711036810166372,0.02678889989691359,-0.0195110284214684,0.03314099255831371,183.0,-531.0,0.8881803572439871,183.0,-531.0,3.093770901531224,-0.37578766072640235,0.9668590074416863,0.0,0.0,HOLD
59.448,183.88853078450586,-531.0433914171214,-2.813743250765809,-0.711036810166372,0.02660588779468195,-0.018963750930497625,0.032672574350625566,183.0,-531.0,0.8895896638868961,183.0,-531.0,3.092796401378502,-0.3766456550352757,0.9673274256493745,0.0,0.0,HOLD
59.496,183.88977480320267,-531.0442679857986,-2.8134256071316384,-0.711036810166372,0.026364796730776928,-0.018718084709402387,0.0323337161774447,183.0,-531.0,0.8908753307736229,183.0,-531.0,3.0918817436041417,-0.37787795644380573,0.9676662838225553,0.0,0.0,HOLD
59.548,183.89110310477108,-531.0452341507361,-2.8144356473946686,-0.711036810166372,0.026077609200819307,-0.01866978829424965,0.032071836501559384,183.0,-531.0,0.8922504534745079,183.0,-531.0,3.0908742152095634,-0.3778754445753538,0.9679281634984406,0.0,0.0,HOLD
59.596,183.8923164669536,-531.0461489599223,-2.814101330748994,-0.711036810166372,0.025797878561344842,-0.018805846041146337,0.03192476129259536,183.0,-531.0,0.8935090395169187,183.0,-531.0,3.0899205376685828,-0.37916343876201,0.9680752387074046,0.0,0.0,HOLD
59.648,183.89361950011272,-531.0471533916838,-2.8141825857549887,-0.711036810166372,0.025539036559034486,-0.018984398320986695,0.031822158443034355,183.0,-531.0,0.8948627008256577,183.0,-531.0,3.088874800946117,-0.3801279204784809,0.9681778415569656,0.0,0.0,HOLD
59.696,183.89481109868535,-531.0480683982303,-2.8147979367540374,-0.711036810166372,0.0252891133554793,-0.01901178164358394,0.03163838010343761,183.0,-531.0,0.8961012628263119,183.0,-531.0,3.0879251916786155,-0.38046217874693333,0.9683616198965623,0.0,0.0,HOLD
59.748,183.89609644648914,-531.0490389656158,-2.813876984450754,-0.711036810166372,0.025089303129627035,-0.018890323162904017,0.03140569121559436,183.0,-531.0,0.8974372744426906,183.0,-531.0,3.0869220887995756,-0.38238623392925675,0.9685943087844057,0.0,0.0,HOLD
59.792,183.8972786609634,-531.0498964271957,-2.8144769037049007,-0.711036810166372,0.024928360909036468,-0.018531034076183263,0.031061590454190248,183.0,-531.0,0.8986649258022454,183.0,-531.0,3.0860412483258046,-0.38266715514888094,0.9689384095458098,0.0,0.0,HOLD
59.848,183.8985603797851,-531.0507808850172,-2.8145627268568854,-0.711036810166372,0.024830388198479082,-0.017998253640282444,0.03066733298131922,183.0,-531.0,0.899994141315743,183.0,-531.0,3.0851390992133925,-0.38348348110930885,0.9693326670186808,0.0,0.0,HOLD
59.896,183.89975293701647,-531.051570741524,-2.8141315903472988,-0.711036810166372,0.02483548214113593,-0.01745823522825919,0.030357719783737247,183.0,-531.0,0.9012296538902279,183.0,-531.0,3.0843387372443436,-0.3847149795879439,0.9696422802162628,0.0,0.0,HOLD
59.948,183.9010567801315,-531.0524004647879,-2.815272759110124,-0.711036810166372,0.024918930512194383,-0.01693252871311492,0.03012745635615515,183.0,-531.0,0.9025791542745446,183.0,-531.0,3.0835036254969754,-0.3844089225724865,0.9698725436438449,0.0,0.0,HOLD
60.0,183.90227648116806,-531.0531641592288,-2.8148142251327744,-0.711036810166372,0.025090958224413783,-0.016574748962002735,0.03007122358289879,183.0,-531.0,0.9038413999676711,183.0,-531.0,3.0827384525565846,-0.38563262949022725,0.9699287764171012,0.0,0.0,HOLD
60.048,183.9036141771175,-531.0540004348508,-2.8154704539446467,-0.711036810166372,0.025312845582518777,-0.01640236505005936,0.030162521955563484,183.0,-531.0,0.9052262855506436,183.0,-531.0,3.0819031429733057,-0.38581171026163386,0.9698374780444365,0.0,0.0,HOLD
60.096,183.90485649680525,-531.0547763129937,-2.814396698848228,-0.711036810166372,0.025511930685131197,-0.016318982074644873,0.030284778078029883,183.0,-531.0,0.9065129476603487,183.0,-531.0,3.081130526286982,-0.3876580820443767,0.9697152219219701,0.0,0.0,HOLD
60.148,183.90620520151072,-531.0556289168816,-2.8150528170103404,-0.711036810166372,0.02566057507826536,-0.016346018363181315,0.030424618809062408,183.0,-531.0,0.9079110328873053,183.0,-531.0,3.0802829210400184,-0.3878495691292274,0.9695753811909376,0.0,0.0,HOLD
60.196,183.90744023317734,-531.0564116842106,-2.8151099768752683,-0.711036810166372,0.025684813036674393,-0.016332590376999943,0.03043785684229082,183.0,-531.0,0.909191979124554,183.0,-531.0,3.079506820196619,-0.38856851010769944,0.9695621431577092,0.0,0.0,HOLD
60.248,183.90875711547497,-531.0572458914979,-2.815174752413173,-0.711036810166372,0.025558759323269217,-0.01623104048657297,0.030277002054720874,183.0,-531.0,0.9105583929764086,183.0,-531.0,3.0786821692060142,-0.3893283855603986,0.9697229979452792,0.0,0.0,HOLD
60.296,183.9099490660304,-531.0580054282175,-2.8158508991845053,-0.711036810166372,0.02530449969352377,-0.016088464896371123,0.029985936828141796,183.0,-531.0,0.911795992792414,183.0,-531.0,3.0779329911769975,-0.3894014168180835,0.9700140631718582,0.0,0.0,HOLD
60.348,183.91120688482536,-531.0588045132865,-2.8159207569223246,-0.711036810166372,0.02491401284375246,-0.015835959378153817,0.02952093571357792,183.0,-531.0,0.9131023807525667,183.0,-531.0,3.0771472651843292,-0.3901172850729324,0.970479064286422,0.0,0.0,HOLD
60.396,183.91233952984055,-531.0595317750375,-2.8153652742814974,-0.711036810166372,0.024452978250864683,-0.01559632386326782,0.029003335383800233,183.0,-531.0,0.9142797438141094,183.0,-531.0,3.076433250828514,-0.3913867820695742,0.9709966646161998,0.0,0.0,HOLD
60.448,183.9135388403956,-531.0603158370493,-2.815422113113119,-0.711036810166372,0.02396671844514035,-0.015414950975183746,0.028496040191506415,183.0,-531.0,0.9155278330615081,183.0,-531.0,3.0756639600358664,-0.3920992340306011,0.9715039598084936,0.0,0.0,HOLD
60.496,183.91462217143584,-531.0610353622811,-2.8148349967964754,-0.711036810166372,0.0234776558243858,-0.015266256282627616,0.02800462290221355,183.0,-531.0,0.9166564416021935,183.0,-531.0,3.07495857990618,-0.39339173047693077,0.9719953770977865,0.0,0.0,HOLD
60.548,183.91577918868836,-531.0618275239549,-2.8155481805916316,-0.711036810166372,0.023048092408608042,-0.015254924003230426,0.027639234251695025,183.0,-531.0,0.917863914288554,183.0,-531.0,3.074181379698153,-0.393455746889801,0.972360765748305,0.0,0.0,HOLD
60.596,183.9168330306898,-531.0625646537151,-2.815592619876279,-0.711036810166372,0.02266552465932374,-0.015290605103427696,0.027340969487408117,183.0,-531.0,0.918965256175829,183.0,-531.0,3.0734583180299353,-0.3941343692733721,0.9726590305125918,0.0,0.0,HOLD
60.648,183.91796195576106,-531.0633677070394,-2.815642696368816,-0.711036810166372,0.022331125162113375,-0.015344059923601393,0.02709463647929316,183.0,-531.0,0.920146520136931,183.0,-531.0,3.07267112703196,-0.3948714837788101,0.9729053635207069,0.0,0.0,HOLD
60.696,183.91899553462756,-531.064116220535,-2.8163805367017893,-0.711036810166372,0.022051743923584086,-0.015431549855197253,0.026914905554446332,183.0,-531.0,0.9212294406938345,183.0,-531.0,3.0719378058911393,-0.39486696458665804,0.9730850944455537,0.0,0.0,HOLD
60.748,183.92010073526797,-531.064916634496,-2.8157539381307672,-0.711036810166372,0.021772484014627627,-0.015417909066279208,0.026678698996451648,183.0,-531.0,0.9223879511761471,183.0,-531.0,3.0711555398733448,-0.3962758291754742,0.9733213010035483,0.0,0.0,HOLD
60.796,183.9211074123669,-531.0656476250387,-2.8157903532525697,-0.711036810166372,0.02149246845586111,-0.015351780266983068,0.02641218199414648,183.0,-531.0,0.9234438130121669,183.0,-531.0,3.0704426332896597,-0.3969523206373573,0.9735878180058535,0.0,0.0,HOLD
60.848,183.92217960967744,-531.0664265267395,-2.8165632090876294,-0.711036810166372,0.02118681716346632,-0.015221264775542108,0.02608770060555951,183.0,-531.0,0.9245689352122515,183.0,-531.0,3.0696847573390205,-0.3969373407529364,0.9739122993944405,0.0,0.0,HOLD
60.896,183.92314642966932,-531.0671248370674,-2.8166153357011523,-0.711036810166372,0.020821160263664037,-0.014985668244561389,0.02565328375591004,183.0,-531.0,0.9255836398524578,183.0,-531.0,3.069007299743231,-0.3975626717352032,0.97434671624409,0.0,0.0,HOLD
60.948,183.92416962227523,-531.0678734452957,-2.815190505738704,-0.711036810166372,0.020420627480414424,-0.014779393588429786,0.025207786525904573,183.0,-531.0,0.926658672496326,183.0,-531.0,3.068281645839451,-0.3997131556014306,0.9747922134740954,0.0,0.0,HOLD
61.0,183.92508684354203,-531.0685552378918,-2.815969141026778,-0.711036810166372,0.019961479599377108,-0.014578010178918747,0.024717990382978287,183.0,-531.0,0.9276235706023026,183.0,-531.0,3.067621055560288,-0.39959511059251973,0.9752820096170217,0.0,0.0,HOLD
61.048,183.92604930685707,-531.0692917518883,-2.8160087847179245,-0.711036810166372,0.019453080206168833,-0.01443301236168551,0.024222596379005378,183.0,-531.0,0.9286380702998341,183.0,-531.0,3.0669067084693604,-0.4002698139923009,0.9757774036209946,0.0,0.0,HOLD
61.096,183.92691054308642,-531.0699835861706,-2.8152916475183365,-0.711036810166372,0.018924349639721186,-0.014426083010147075,0.023795858469533505,183.0,-531.0,0.9295487384844636,183.0,-531.0,3.066233647211163,-0.40166001245008687,0.9762041415304665,0.0,0.0,HOLD
61.148,183.9278088442897,-531.0707380204716,-2.816097226655871,-0.711036810166372,0.01834708536480944,-0.014454877136601922,0.023357204764651564,183.0,-531.0,0.9305015416872928,183.0,-531.0,3.065497848175891,-0.4015902323478242,0.9766427952353485,0.0,0.0,HOLD
61.196,183.92860694588066,-531.0714455383097,-2.8161259666374856,-0.711036810166372,0.01774509625453731,-0.014554654375103428,0.022950520801531094,183.0,-531.0,0.9313513434156688,183.0,-531.0,3.0648055233322964,-0.4022538172098038,0.977049479198469,0.0,0.0,HOLD
61.248,183.9294358487339,-531.0722182192176,-2.8161614465728584,-0.711036810166372,0.017113466385354825,-0.01466126222362836,0.022534936026371622,183.0,-531.0,0.9322373453679419,183.0,-531.0,3.0640473284456546,-0.4029765321610732,0.9774650639736284,0.0,0.0,HOLD
61.296,183.93016392552454,-531.0729219635291,-2.815398338346116,-0.711036810166372,0.016432646415539605,-0.014661289383542539,0.022022381220161542,183.0,-531.0,0.9330179746993942,183.0,-531.0,3.0633557799963764,-0.40443118883709417,0.9779776187798385,0.0,0.0,HOLD
61.348,183.93091559544456,-531.0736777425109,-2.8154228122435176,-0.711036810166372,0.01574053693947262,-0.014616812015155228,0.021480588833393006,183.0,-531.0,0.9338266732019382,183.0,-531.0,3.0626118316254907,-0.4051506633105779,0.978519411166607,0.0,0.0,HOLD
61.396,183.9315731309298,-531.0743575115073,-2.8162697160546073,-0.711036810166372,0.015025878590470915,-0.014457576741977667,0.020851823725174395,183.0,-531.0,0.9345360013332237,183.0,-531.0,3.061942225278273,-0.40497336584670585,0.9791481762748256,0.0,0.0,HOLD
61.448,183.93224848069892,-531.0750746368392,-2.816301782531237,-0.711036810166372,0.014312444529839631,-0.014224230000862967,0.020178572485118625,183.0,-531.0,0.9352665025873506,183.0,-531.0,3.061235350009199,-0.4056481746391505,0.9798214275148813,0.0,0.0,HOLD
61.496,183.93284361240438,-531.0757301936883,-2.81549880564357,-0.711036810166372,0.013642590963423296,-0.014025851525224065,0.01956642019386554,183.0,-531.0,0.935912531938602,183.0,-531.0,3.0605882064788577,-0.40709829505715867,0.9804335798061344,0.0,0.0,HOLD
61.548,183.9334574340004,-531.0764279014096,-2.8163737362112014,-0.711036810166372,0.012999175637797167,-0.013812913154093165,0.01896773937676336,183.0,-531.0,0.9365810190285009,183.0,-531.0,3.0598987284628603,-0.40691284250552506,0.9810322606232367,0.0,0.0,HOLD
61.596,183.93400035360747,-531.0770725639765,-2.816396951655498,-0.711036810166372,0.012408252966229237,-0.013679058100151416,0.01846838845652903,183.0,-531.0,0.9371749253243976,183.0,-531.0,3.05926041786985,-0.40752793765423867,0.981531611543471,0.0,0.0,HOLD
61.648,183.93456367160584,-531.0777732057859,-2.8164260146209394,-0.711036810166372,0.011856927878618993,-0.013607246097804657,0.018048376245108376,183.0,-531.0,0.9377941820162936,183.0,-531.0,3.0585652315688305,-0.4081940609898158,0.9819516237548916,0.0,0.0,HOLD
61.696,183.9350572115873,-531.0784121133298,-2.8173417900117363,-0.711036810166372,0.011305732152497673,-0.013503410804730158,0.017611407747971847,183.0,-531.0,0.9383391969102912,183.0,-531.0,3.0579303051044726,-0.4079132120633773,0.9823885922520281,0.0,0.0,HOLD
61.748,183.9355645405933,-531.0791018924347,-2.8155979022561257,-0.711036810166372,0.010763440362668979,-0.013419960997999041,0.017203110231250252,183.0,-531.0,0.9389026142270062,183.0,-531.0,3.057243363031694,-0.41034404189176676,0.9827968897687498,0.0,0.0,HOLD
61.796,183.93600213034006,-531.0797232849202,-2.8165152632495696,-0.711036810166372,0.010186994805805972,-0.013253961522337127,0.016716529520480947,183.0,-531.0,0.9393911805843141,183.0,-531.0,3.0566234757357913,-0.41004656819422536,0.983283470479519,0.0,0.0,HOLD
61.848,183.93644039162254,-531.0803753129692,-2.816541703260216,-0.711036810166372,0.009571382178945919,-0.01300372531925585,0.01614646181038122,183.0,-531.0,0.9398833959577484,183.0,-531.0,3.055971818456376,-0.4106717854629949,0.9838535381896187,0.0,0.0,HOLD
61.896,183.9368134348449,-531.0809638120908,-2.8174853925871655,-0.711036810166372,0.008941505246078799,-0.01274356088578208,0.01556755793678924,183.0,-531.0,0.9403055623435308,183.0,-531.0,3.0553821781202983,-0.41031773647212244,0.9844324420632108,0.0,0.0,HOLD
61.948,183.93717961796233,-531.081576531254,-2.816601263192974,-0.711036810166372,0.008276672469517781,-0.012407385866530181,0.014914641504529917,183.0,-531.0,0.9407233210543082,183.0,-531.0,3.054766785766122,-0.4118172582204904,0.9850853584954701,0.0,0.0,HOLD
61.996,183.9374861601671,-531.0821294108097,-2.81662591330347,-0.711036810166372,0.007615040681725863,-0.012096214240211836,0.014293608485244148,183.0,-531.0,0.9410767984733331,183.0,-531.0,3.0542097488448623,-0.41234964503125404,0.9857063915147558,0.0,0.0,HOLD
62.048,183.93778595853988,-531.0827172941674,-2.8175983803583438,-0.711036810166372,0.006967650105965064,-0.011819446471780336,0.01372033027657992,183.0,-531.0,0.9414269248268479,183.0,-531.0,3.0536154632916217,-0.4119714635296212,0.9862796697234201,0.0,0.0,HOLD
62.096,183.93803218908732,-531.0832432511625,-2.8157162053522966,-0.711036810166372,0.006324403644009101,-0.01151774329544661,0.013139881737373474,183.0,-531.0,0.941718549582651,183.0,-531.0,3.0530820893403945,-0.4143870124868947,0.9868601182626265,0.0,0.0,HOLD
62.148,183.9382716829215,-531.0838059671497,-2.8157301905813257,-0.711036810166372,0.005722840098707591,-0.011274044594734592,0.012643376934958468,183.0,-531.0,0.942007001620615,183.0,-531.0,3.052509542433106,-0.414945574165154,0.9873566230650416,0.0,0.0,HOLD
62.196,183.93846649550701,-531.0843094908705,-2.8167194833142246,-0.711036810166372,0.005140354500134808,-0.010999656117373302,0.012141485868192742,183.0,-531.0,0.9422459622837673,183.0,-531.0,3.051995668578722,-0.4144701552866401,0.9878585141318073,0.0,0.0,HOLD
62.248,183.9386508640909,-531.0848350399879,-2.8167416683921895,-0.711036810166372,0.004582172816640251,-0.010687126304648312,0.011628025471810024,183.0,-531.0,0.9424767523224863,183.0,-531.0,3.0514577833521788,-0.4149858554352175,0.9883719745281899,0.0,0.0,HOLD
62.296,183.93880071858734,-531.0853068571374,-2.8157733911442184,-0.711036810166372,0.004071101367372558,-0.010386965480227807,0.011156295004653954,183.0,-531.0,0.942668578607975,183.0,-531.0,3.05097361208516,-0.4164383039502084,0.988843704995346,0.0,0.0,HOLD
62.348,183.93893884375177,-531.0857894922565,-2.8177879447681105,-0.711036810166372,0.0035759044955064956,-0.010000033171178096,0.010620158020747422,183.0,-531.0,0.9428499293564896,183.0,-531.0,3.0504770800505665,-0.4149202823609093,0.9893798419792526,0.0,0.0,HOLD
62.396,183.9390478453067,-531.0862143482082,-2.816807461339873,-0.711036810166372,0.0031191409267940238,-0.009597929542252392,0.01009204100364454,183.0,-531.0,0.942997226725572,183.0,-531.0,3.0500389286083704,-0.416338917231343,0.9899079589963554,0.0,0.0,HOLD
62.448,183.939147181968,-531.086650306328,-2.8168278481787477,-0.711036810166372,0.00269605374573531,-0.009172987701464023,0.009560983692649183,183.0,-531.0,0.9431361009871094,183.0,-531.0,3.049588250970825,-0.41676920803001316,0.9904390163073509,0.0,0.0,HOLD
62.496,183.93922013099385,-531.0870214618894,-2.8158188904999846,-0.711036810166372,0.0022843549148791613,-0.00866878464133871,0.008964714414583573,183.0,-531.0,0.9432429110751224,183.0,-531.0,3.0492035317999093,-0.4181628848796919,0.9910352855854164,0.0,0.0,HOLD
62.548,183.9392838920825,-531.0874009302618,-2.8158292697640346,-0.711036810166372,0.001913991868305807,-0.008188824061398613,0.008409530568377859,183.0,-531.0,0.9433414824634139,183.0,-531.0,3.048809223309422,-0.41854681410612926,0.9915904694316221,0.0,0.0,HOLD
62.596,183.9393271582813,-531.0877236483711,-2.8168929674846015,-0.711036810166372,0.001559577413889132,-0.007675888520757113,0.007832722789235167,183.0,-531.0,0.9434145158774808,183.0,-531.0,3.048472869166999,-0.41781947052798607,0.9921672772107648,0.0,0.0,HOLD
62.648,183.93935870543066,-531.0880455323048,-2.816910120718219,-0.711036810166372,0.0012260619013688575,-0.007155854015181762,0.007260129094760035,183.0,-531.0,0.9434759102527266,183.0,-531.0,3.0481362882864453,-0.4181388981749219,0.99273987090524,0.0,0.0,HOLD
62.692,183.9393778643679,-531.0883267363575,-2.817998913164017,-0.711036810166372,0.0009366408199979972,-0.0067017513276620005,0.006766887532943481,183.0,-531.0,0.9435212686632961,183.0,-531.0,3.04784144702622,-0.4173449469893491,0.9932331124670565,0.0,0.0,HOLD
62.748,183.93938538335303,-531.0886039984695,-2.818026128095467,-0.711036810166372,0.0006594250866541866,-0.006222325654763192,0.006257170127048894,183.0,-531.0,0.9435547503998329,183.0,-531.0,3.0475496349636297,-0.4176095441204897,0.9937428298729511,0.0,0.0,HOLD
62.796,183.9393834842279,-531.0888418701202,-2.816970159808599,-0.711036810166372,0.00041477851896397675,-0.005778992462030537,0.005793858394541562,183.0,-531.0,0.9435752266388759,183.0,-531.0,3.0472984638023095,-0.4189166835686775,0.9942061416054584,0.0,0.0,HOLD
62.844,183.9393724525337,-531.089077386606,-2.8169830592348433,-0.711036810166372,0.00019535424934689476,-0.005341552216770876,0.005345123325726708,183.0,-531.0,0.9435864482832095,183.0,-531.0,3.0470488746807187,-0.4191533732640238,0.9946548766742733,0.0,0.0,HOLD
62.896,183.93935193549657,-531.0892632235864,-2.8181144413359775,-0.711036810166372,-2.2623133551708528e-05,-0.0048270702558496125,0.00482712326972077,183.0,-531.0,0.9435835849601211,183.0,-531.0,3.0468507534772433,-0.4182201123663649,0.9951728767302792,0.0,0.0,HOLD
62.948,183.9393232295206,-531.0894383768021,-2.817022305235905,-0.711036810166372,-0.00020791833666378238,-0.004316511541637628,0.004321516160309005,183.0,-531.0,0.9435715938719256,183.0,-531.0,3.0466630800588885,-0.41949992188479257,0.995678483839691,0.0,0.0,HOLD
62.992,183.9393232295206,-531.0894383768021,-2.817022305235905,-0.711036810166372,-0.00020791833666378238,-0.004316511541637628,0.004321516160309005,183.0,-531.0,0.9435715938719256,183.0,-531.0,3.0466630800588885,-0.41949992188479257,0.995678483839691,0.0,0.0,SUCCESS
