time_s,north_m,east_m,body_yaw_rad,course_angle_rad,vx_mps,vy_mps,speed_mps,reference_north_m,reference_east_m,position_error_m,target_north_m,target_east_m,desired_heading_rad,heading_error_rad,speed_error_mps,left_thrust,right_thrust,controller_state
0.0,161.88570009337232,-531.8965275091105,0.5708019367777963,-2.605982925758027,-0.007838687635065414,-0.0028347405741426853,0.008335513059363425,163.0,-531.0,1.4301838540908829,166.0,-531.0,0.2145513749077053,-0.3562505618700911,0.9916644869406366,0.0,0.0,TRACK
0.048,161.88934147553283,-531.8941469268917,0.5708002937932077,-2.605982925758027,0.01941415604063655,0.014180568175979484,0.02404158831200191,163.0,-531.0,1.4258545104047256,166.0,-531.0,0.21418275182225252,-0.3566175419709552,0.9759584116879981,0.0,0.0,TRACK
0.1,161.89286646370894,-531.8918556777866,0.5707981776156505,-2.605982925758027,0.038322240210551736,0.02592439403947998,0.046267356754729934,163.0,-531.0,1.4216719794595658,166.0,-531.0,0.21382831080233747,-0.3569698668133131,0.9537326432452701,74.25431269126324,463.4125944354967,TRACK
0.148,161.89785855964524,-531.8884399071953,0.5702931633528623,0.5978162481602005,0.05851010186196917,0.03984161972049353,0.07078691038497462,163.0,-531.0,1.4156416295251109,166.0,-531.0,0.21328542093865022,-0.35700774241421207,0.9292130896150254,74.25431269126324,463.4125944354967,TRACK
0.2,161.9041312369847,-531.8832511237637,0.5678952082345601,0.6503761352743862,0.08376983847722852,0.06373193200753063,0.10525751752684206,163.0,-531.0,1.4075016495132247,166.0,-531.0,0.21239199819249255,-0.35550321004206753,0.8947424824731579,48.71542676419591,440.0183078599637,TRACK
0.252,161.9124419516116,-531.8755429744322,0.5652624633686782,0.7017413854191414,0.11038789730665072,0.09330753015157202,0.14453990125487906,163.0,-531.0,1.3961941156916116,166.0,-531.0,0.21100858307777245,-0.35425388029090576,0.855460098745121,48.71542676419591,440.0183078599637,TRACK
0.296,161.9216452874679,-531.8664977335394,0.5606791798318849,0.739266508509746,0.13885979053473008,0.1266047761082328,0.1879117100150091,163.0,-531.0,1.3833536092659462,166.0,-531.0,0.20934958218668204,-0.35132959764520283,0.8120882899849909,26.15969620133066,408.74062001682387,TRACK
0.352,161.9336799839373,-531.854449702187,0.5538893779888088,0.7618672615120382,0.17126162854555046,0.16338562318828367,0.2366968679063961,163.0,-531.0,1.3664269721516156,166.0,-531.0,0.20711525805145398,-0.3467741199373548,0.7633031320936039,26.15969620133066,408.74062001682387,TRACK
0.4,161.9472680358144,-531.8411194138268,0.5485454135766652,0.7684859905292135,0.21039960349174625,0.20340067436536408,0.2926428326164318,163.0,-531.0,1.3474889449396166,166.0,-531.0,0.20463858428838927,-0.34390682928827593,0.7073571673835681,4.941621186797192,370.30812220697254,TRACK
0.452,161.96508541478082,-531.8241856863926,0.5413518428386472,0.7645271718995132,0.2566844083897217,0.24618744991387953,0.3556615610457227,163.0,-531.0,1.3230004702772786,166.0,-531.0,0.20149167654320818,-0.339860166295439,0.6443384389542772,4.941621186797192,370.30812220697254,TRACK
0.5,161.98454887565853,-531.8063870371635,0.5326984918269939,0.7537294397644757,0.30876593435333466,0.28980365973969635,0.42346494945344587,163.0,-531.0,1.2966884898200133,166.0,-531.0,0.19818488852792676,-0.33451360329906715,0.5765350505465541,-31.680922741508766,328.2042522068018,TRACK
0.552,162.00844554392052,-531.7849471530695,0.5217018768432047,0.7438480633672351,0.3615408167853237,0.3326792910018173,0.49131178783260515,163.0,-531.0,1.2646431403692722,166.0,-531.0,0.19417426286297518,-0.3275276139802295,0.5086882121673948,-31.680922741508766,328.2042522068018,TRACK
0.6,162.03259983273475,-531.7636737278173,0.513823085015084,0.7346214530192013,0.41112655351422456,0.37136026494902,0.5540157844208872,163.0,-531.0,1.2325017834401524,166.0,-531.0,0.19016138273910865,-0.32366170227597535,0.44598421557911283,-61.104475434573004,274.7769016591724,TRACK
0.652,162.0601713468332,-531.7395040866045,0.5038654681419654,0.7285720533441296,0.4528097585237476,0.40406444961057053,0.6068811719384841,163.0,-531.0,1.195886362251062,166.0,-531.0,0.18554072108518646,-0.31832474705677893,0.3931188280615159,-61.104475434573004,274.7769016591724,TRACK
0.7,162.0862528948555,-531.7165815670239,0.4907695990284953,0.7256207761778296,0.4845042973698427,0.42978526418846225,0.6476571527308189,163.0,-531.0,1.1612161359361162,166.0,-531.0,0.181087708238316,-0.3096818907901793,0.3523428472691811,-86.40100491198521,246.84758285921671,TRACK
0.752,162.1145903812397,-531.6913774716187,0.4788920203770044,0.7261196013407538,0.5056608747225323,0.44900337156538894,0.6762373458352055,163.0,-531.0,1.1233668150942964,166.0,-531.0,0.17609879030153988,-0.30279323007546455,0.32376265416479455,-86.40100491198521,246.84758285921671,TRACK
0.8,162.14048770305322,-531.6679578938367,0.46753454562389996,0.7294497288678368,0.5175142067932057,0.4626199461776642,0.6941456394980997,163.0,-531.0,1.0885445037027746,166.0,-531.0,0.17137041744664924,-0.2961641281772507,0.3058543605019003,-78.96061702587849,224.82421841595874,TRACK
0.852,162.1681739643312,-531.6425232685797,0.4549012736395137,0.7343317056920787,0.5227340699404357,0.4718975580917698,0.7042288074265832,163.0,-531.0,1.0510807315724053,166.0,-531.0,0.16613514105677593,-0.28876613258273776,0.2957711925734168,-78.96061702587849,224.82421841595874,TRACK
0.9,162.19345611594053,-531.6190216442221,0.4430039184376942,0.7395058738464592,0.5241261676126631,0.4780994237001205,0.7094274441538928,163.0,-531.0,1.0167107911934432,166.0,-531.0,0.1612091933110547,-0.2817947251266395,0.2905725558461072,-70.41503609377834,221.99052191472742,TRACK
0.952,162.22076445923233,-531.5935087985456,0.43294419512408067,0.7437107562232318,0.5244881657199136,0.48248570207403385,0.7126572027883482,163.0,-531.0,0.9795206592749984,166.0,-531.0,0.15577237905372135,-0.27717181607035934,0.2873427972116518,-70.41503609377834,221.99052191472742,TRACK
1.0,162.2460782133591,-531.5698898817152,0.41970323245807006,0.7462029136011327,0.5254967648924156,0.48583697490312805,0.715670605862374,163.0,-531.0,0.945078059026423,166.0,-531.0,0.15066147369948385,-0.2690417587585862,0.28432939413762603,-64.29895631632661,221.30018323857354,TRACK
1.052,162.27372925104726,-531.5442334867669,0.4042285571845574,0.7468366759419512,0.5276856508502746,0.4884813073777019,0.7190731073894412,163.0,-531.0,0.9075567689697452,166.0,-531.0,0.14502770591330263,-0.2592008512712548,0.2809268926105588,-64.29895631632661,221.30018323857354,TRACK
1.1,162.29944708536854,-531.5204975590309,0.3938152651599067,0.7463093986482487,0.5305215483120429,0.49058732287028817,0.7225849670346344,163.0,-531.0,0.8727497322576258,166.0,-531.0,0.13973730899495873,-0.254077956164948,0.2774150329653656,-49.31604310113387,203.95270651672712,TRACK
1.152,162.32741442032602,-531.4948121021376,0.38126649682546465,0.745105566137545,0.5330806840012556,0.4917646428010691,0.7252637310416877,163.0,-531.0,0.834991244509339,166.0,-531.0,0.13392479389933803,-0.24734170292612662,0.27473626895831227,-49.31604310113387,203.95270651672712,TRACK
1.196,162.35320502728626,-531.4711517212485,0.36767992217990764,0.7441367954198468,0.5345589536859191,0.49217062847088294,0.7266259027141879,163.0,-531.0,0.8002047745190991,166.0,-531.0,0.1284843920589522,-0.23919553012095543,0.2733740972858121,-51.176505188190106,202.66360802223147,TRACK
1.252,162.38102446619533,-531.4455715178568,0.3551444645093982,0.743910101431306,0.5347095433222339,0.49208535441144696,0.7266789468163443,163.0,-531.0,0.7626694493514273,166.0,-531.0,0.1225043760005628,-0.23264008850883539,0.27332105318365574,-51.176505188190106,202.66360802223147,TRACK
1.3,162.4065986448721,-531.4219955755486,0.34156816152058395,0.7442086892783845,0.5340395893442851,0.4917633930312857,0.7259679866995895,163.0,-531.0,0.7281520679433976,166.0,-531.0,0.11690080740383792,-0.22466735411674604,0.2740320133004105,-39.5837915718148,192.8549257278422,TRACK
1.352,162.4343323819048,-531.3964999396801,0.3290660188287218,0.7439178362656222,0.5337951169476631,0.4912514468931851,0.7254413904319337,163.0,-531.0,0.6907908918969788,166.0,-531.0,0.11074438818512647,-0.2183216306435953,0.2745586095680663,-39.5837915718148,192.8549257278422,TRACK
1.4,162.46015520992307,-531.372964974609,0.3135350846320677,0.7422204286519761,0.5352582803159227,0.4909225607908304,0.7262963495297119,163.0,-531.0,0.6561518647830513,166.0,-531.0,0.10497465411420195,-0.20856043051786574,0.2737036504702881,-31.382736381478182,186.82285705283203,TRACK
1.452,162.4886510988441,-531.3474485475028,0.303253737757156,0.7380107175676058,0.5397171345583318,0.4908448469592149,0.7295363247448831,163.0,-531.0,0.6182217982853643,166.0,-531.0,0.09862910262626737,-0.20462463513088866,0.27046367525511694,-31.382736381478182,186.82285705283203,TRACK
1.5,162.51565691886262,-531.3238427827552,0.28999355142519745,0.7310109857439795,0.5477335750980327,0.491174518475363,0.735706787306721,163.0,-531.0,0.5826339916175954,166.0,-531.0,0.09267603633716699,-0.19731751508803047,0.264293212693279,-27.245460062491887,177.8705625114835,TRACK
1.552,162.5457996442827,-531.298235443654,0.2778669116552748,0.7214322073736138,0.5589105526027995,0.49162052711292625,0.744359958951016,163.0,-531.0,0.5433620735616422,166.0,-531.0,0.08612634945908988,-0.1917405621961849,0.25564004104898397,-27.245460062491887,177.8705625114835,TRACK
1.6,162.57441292223166,-531.2745972013146,0.26487162677612575,0.7103267175847716,0.5719303442362407,0.49191552634831126,0.754377361617328,163.0,-531.0,0.5064859166188086,166.0,-531.0,0.0799895872593512,-0.18488203951677457,0.24562263838267195,-28.059671226380914,165.22225894594328,TRACK
1.652,162.60603803067394,-531.2490702956984,0.2530108689634045,0.6991443602091129,0.584616030576625,0.4915608030045038,0.7638114467966567,163.0,-531.0,0.466092314326845,166.0,-531.0,0.07325497766832023,-0.1797558912950843,0.2361885532033433,-28.059671226380914,165.22225894594328,TRACK
1.7,162.63551471607187,-531.2256671567042,0.2403219672225514,0.6891409741794001,0.5949345842346687,0.4901624104525953,0.7708478112696284,163.0,-531.0,0.42869008364448136,166.0,-531.0,0.066972994565199,-0.17334897265735238,0.22915218873037158,-29.172074179973244,153.40676478446173,TRACK
1.752,162.66738723756558,-531.2005795222275,0.22589153268012563,0.6812757098065,0.6012340667294328,0.48746464500258846,0.7740182059380203,163.0,-531.0,0.3884113727367723,166.0,-531.0,0.06011435006938585,-0.1657771826107398,0.2259817940619797,-29.172074179973244,153.40676478446173,TRACK
1.8,162.69647215109296,-531.1777343704704,0.21640240987504253,0.6758803035596246,0.6028796378446433,0.48343125081394434,0.772767514839504,163.0,-531.0,0.35173663657434695,166.0,-531.0,0.05374956304241648,-0.16265284683262604,0.227232485160496,-20.0805584245021,143.50082454132274,TRACK
1.852,162.72744863514683,-531.1533925522334,0.20516655669163608,0.6724776797197101,0.6003673303461926,0.47806947423938584,0.7674577210156512,163.0,-531.0,0.31275153327203215,166.0,-531.0,0.04683818436494709,-0.158328372326689,0.23254227898434876,-20.0805584245021,143.50082454132274,TRACK
1.9,162.75550403619764,-531.1312932272418,0.1913840593590923,0.6706667347040117,0.5948093973871609,0.4718860696525863,0.7592592982323252,163.0,-531.0,0.2775179054317417,166.0,-531.0,0.04044438130122229,-0.15093967805787,0.24074070176767481,-16.979928062405122,152.63010862110255,TRACK
1.952,162.78544151847714,-531.1077126930201,0.18233664402156102,0.6694710965591822,0.5881283928752613,0.4654410794591345,0.7500202696955077,163.0,-531.0,0.24007783369363456,166.0,-531.0,0.03349524003130247,-0.14884140399025855,0.24997973030449228,-16.979928062405122,152.63010862110255,TRACK
2.0,162.81285466563247,-531.0862157692014,0.17071762398936996,0.6679469321935733,0.5821709867098599,0.45928510449262405,0.7415294093800545,163.0,-531.0,0.20604983628852605,166.0,-531.0,0.027044498944234267,-0.14367312504513569,0.2584705906199455,-2.2384106550377965,153.1289966130431,TRACK
2.048,162.84262951999975,-531.063218773782,0.1601422254757321,0.6644040802472895,0.5788188149873005,0.4533227870897538,0.7352093374530312,163.0,-531.0,0.16959387174660545,166.0,-531.0,0.02001992733553746,-0.14012229814019464,0.2647906625469688,-2.2384106550377965,153.1289966130431,TRACK
2.1,162.87043977334454,-531.0421542213908,0.14714836331071934,0.6587904597864916,0.579015327047552,0.4482555061273663,0.7322511507191265,163.0,-531.0,0.13624547960235497,166.0,-531.0,0.013468880363696109,-0.13367948294702323,0.2677488492808735,5.003244089309561,152.84632939496746,TRACK
2.152,162.90114418261368,-531.0195396205372,0.13608771253888396,0.650393523757432,0.5830242557385427,0.44357973857404326,0.7325846485239083,163.0,-531.0,0.10076839485600807,166.0,-531.0,0.006305347115125091,-0.12978236542375887,0.26741535147609174,5.003244089309561,152.84632939496746,TRACK
2.2,162.93010930413854,-530.9987550301453,0.12770584191489065,0.640516381415108,0.5901697773488418,0.43988113501436144,0.7360677815510637,163.0,-531.0,0.0699017833673668,166.0,-531.0,-0.0004055420566444356,-0.1281113839715351,0.26393221844893633,9.877974305117235,143.37992534897825,TRACK
2.252,162.96214255362838,-530.9763778246466,0.11535210031524111,0.6296068864731259,0.5992187653045337,0.4365385440001044,0.741369697985304,163.0,-531.0,0.04462279030052308,166.0,-531.0,-0.0077757760795732446,-0.12312787639481436,0.25863030201469595,9.877974305117235,143.37992534897825,TRACK
2.3,162.99222858213574,-530.9558792038979,0.10566998246110093,0.6184117522474543,0.6088694886474133,0.43321916322639636,0.7472622682782408,163.0,-531.0,0.04479999536054242,166.0,-531.0,-0.014667880559839336,-0.12033786302094027,0.2527377317217592,4.226855156304595,138.54851499807842,TRACK
2.352,163.0252181285186,-530.9338824298892,0.09772610534604254,0.6076565422486316,0.6178101913515441,0.42964766577109037,0.7525201321163296,163.0252181285186,-531.0,0.06611757011080499,166.0,-531.0,-0.022222364166109274,-0.11994846951215181,0.24747986788367038,4.226855156304595,138.54851499807842,TRACK
2.4,163.05589904432088,-530.9138547342219,0.08600374931427512,0.597294702459446,0.6252916354368895,0.4253062636585689,0.7562242043564541,163.05589904432088,-531.0,0.08614526577810011,166.0,-531.0,-0.029251949863226618,-0.11525569917750174,0.2437757956435459,-1.452682456569761,137.02148121317975,TRACK
2.452,163.08925378194152,-530.8924442936358,0.07830291117325561,0.5879251362733036,0.6309426047113701,0.42055780609236254,0.7582594797990919,163.08925378194152,-531.0,0.10755570636422362,166.0,-531.0,-0.03693444442609805,-0.11523735559935366,0.24174052020090808,-1.452682456569761,137.02148121317975,TRACK
2.5,163.12008359674542,-530.8730402298343,0.06689775154881139,0.5787595767665198,0.6349134260074534,0.41485053917942827,0.758429975925256,163.12008359674542,-531.0,0.12695977016574034,166.0,-531.0,-0.044056007773653566,-0.11095375932246496,0.24157002407474404,2.4331673790199773,132.84537026186263,TRACK
2.552,163.15350767734807,-530.8524681068901,0.05939451468545642,0.5693292363942961,0.6376635001919597,0.408119062590682,0.7570838188252067,163.15350767734807,-531.0,0.14753189310988546,166.0,-531.0,-0.05178303145305621,-0.11117754613851263,0.2429161811747933,2.4331673790199773,132.84537026186263,TRACK
2.6,163.18438233555,-530.8337929495077,0.04976617372625225,0.5605024733806765,0.6396089911804689,0.4014504132639723,0.7551570008340724,163.18438233555,-531.0,0.16620705049228945,166.0,-531.0,-0.058961982236708926,-0.10872815596296118,0.24484299916592756,5.957271537360484,133.5997515704055,TRACK
2.652,163.21788432141253,-530.8138417664364,0.04099887060846363,0.5523563828641878,0.6412399798804786,0.39522957775513573,0.7532563514034379,163.21788432141253,-531.0,0.18615823356356032,166.0,-531.0,-0.06681287608901802,-0.10781174669748166,0.24674364859656206,5.957271537360484,133.5997515704055,TRACK
2.7,163.24887722526566,-530.7956014409051,0.03162766247239146,0.5452373882318541,0.6427959108514002,0.38990159920684053,0.7518043894999104,163.24887722526566,-531.0,0.2043985590948978,166.0,-531.0,-0.0741601615322798,-0.10578782400467127,0.24819561050008965,8.713358250886678,134.42309093758908,TRACK
2.752,163.2825337007238,-530.7760022220909,0.0230878557137284,0.5389839362950412,0.6443513114832309,0.3853538584259391,0.7507903893990109,163.2825337007238,-531.0,0.22399777790906228,166.5,-531.0,-0.06950715609929674,-0.09259501181302514,0.24920961060098912,8.713358250886678,134.42309093758908,TRACK
2.796,163.31366661225604,-530.7580519028766,0.013951313136590482,0.5334046055430289,0.6458391657200122,0.38136775224836944,0.7500330595599737,163.31366661225604,-531.0,0.24194809712344068,166.5,-531.0,-0.07578764025685059,-0.08973895339344107,0.24996694044002632,29.746996884831972,114.18686789073631,TRACK
2.852,163.34744345791765,-530.7388970128854,0.005668499588581177,0.5272878701784087,0.6471396112095853,0.37681618313239873,0.7488525303869665,163.34744345791765,-531.0,0.2611029871145547,166.5,-531.0,-0.08263401762084796,-0.08830251720942914,0.25114746961303347,29.746996884831972,114.18686789073631,TRACK
2.9,163.37865449064526,-530.7215131752905,-0.004378922476762304,0.5206282607237466,0.6482211942584004,0.3716876681657906,0.7472231523128213,163.37865449064526,-531.0,0.27848682470948916,166.5,-531.0,-0.08898450795761702,-0.08460558548085471,0.2527768476871787,20.94453321245181,123.91946438436273,TRACK
2.948,163.41251174104005,-530.7030122474782,-0.010925489829473278,0.51347822498412,0.6492291154636533,0.3661224599673636,0.7453483078791227,163.41251174104005,-531.0,0.29698775252177256,166.5,-531.0,-0.09589569391089497,-0.0849702040814217,0.25465169212087735,20.94453321245181,123.91946438436273,TRACK
2.996,163.44384113806476,-530.6862798169054,-0.019303906993964223,0.5054875556381908,0.6504424450231886,0.35998690523879795,0.74341505650017,163.44384113806476,-531.0,0.31372018309457417,166.5,-531.0,-0.10229349370022998,-0.08298958670626576,0.25658494349982996,23.069170794050137,124.6503725242967,TRACK
3.052,163.4779376663582,-530.6685501911113,-0.026912889463557077,0.4964290409305856,0.6522834527786547,0.35332550817332126,0.7418305854403546,163.4779376663582,-531.0,0.33144980888869213,166.5,-531.0,-0.10924007579777709,-0.08232718633422001,0.25816941455964537,23.069170794050137,124.6503725242967,TRACK
3.1,163.50963391408112,-530.6525327596433,-0.03626489687599488,0.4864654507986545,0.655102717285748,0.3464553514331856,0.7410741398347825,163.50963391408112,-531.0,0.3474672403566501,166.5,-531.0,-0.11567681409431965,-0.07941191721832477,0.25892586016521746,24.718037217367545,125.07933065655374,TRACK
3.152,163.5442967099096,-530.6355197355189,-0.044235524014839545,0.47588459926635596,0.6591240458504164,0.33970671773095806,0.7415154495287085,163.5442967099096,-531.0,0.3644802644811307,166.5,-531.0,-0.12269481292790542,-0.07845928891306587,0.2584845504712915,24.718037217367545,125.07933065655374,TRACK
3.2,163.57664809172508,-530.6200772221604,-0.050286520048003824,0.4651493140332297,0.6643261222073699,0.33341102643080567,0.7432981294155964,163.57664809172508,-531.0,0.37992277783962436,166.5,-531.0,-0.1292370020146586,-0.07895048196665477,0.25670187058440364,27.356194648924017,121.12658504365122,TRACK
3.252,163.61208965777521,-530.6035973389417,-0.05745336596002271,0.454607808317854,0.670360981695342,0.32763945807526623,0.7461443963921439,163.61208965777521,-531.0,0.396402661058346,166.5,-531.0,-0.13641035684663108,-0.07895699088660837,0.2538556036078561,27.356194648924017,121.12658504365122,TRACK
3.296,163.6451379314974,-530.5885932125491,-0.0650950584036285,0.4445723025288896,0.6767116339929197,0.32237073602806937,0.7495742304993191,163.6451379314974,-531.0,0.41140678745091463,166.5,-531.0,-0.1431221043997437,-0.07802704599611521,0.25042576950068085,19.932579317948296,123.62943598389552,TRACK
3.352,163.68121179784438,-530.5725409904279,-0.07378720823230213,0.43543160719776264,0.6826674317385417,0.31758478115692174,0.7529242429215481,163.68121179784438,-531.0,0.4274590095720896,166.5,-531.0,-0.1504997030243988,-0.07671249479209667,0.24707575707845186,19.932579317948296,123.62943598389552,TRACK
3.4,163.71465953722713,-530.5579469627082,-0.08067243887172704,0.4269754128365921,0.6876235969626131,0.3128448932080095,0.7554456554287231,163.71465953722713,-531.0,0.44205303729177103,166.5,-531.0,-0.15739428603082153,-0.0767218471590945,0.2445543445712769,21.59655298315365,117.27290518396518,TRACK
3.452,163.7509342884559,-530.5424361522004,-0.0863568363958831,0.4189343718665109,0.6911123174501408,0.3077488666958201,0.7565352604365945,163.7509342884559,-531.0,0.45756384779963355,167.0,-531.0,-0.1399092666278973,-0.0535524302320142,0.24346473956340553,21.59655298315365,117.27290518396518,TRACK
3.496,163.78436575674223,-530.5284299473146,-0.09366540095765408,0.4111748612112593,0.6929941292637016,0.30216534064407646,0.7560057911686304,163.78436575674223,-531.0,0.4715700526853652,167.0,-531.0,-0.1456112400967389,-0.05194583913908482,0.24399420883136957,56.014170590451286,82.60096450705076,TRACK
3.552,163.82046018837565,-530.5137459812436,-0.10024710241055157,0.40254393355814283,0.6933894738617047,0.2952418584354082,0.7536290317089737,163.82046018837565,-531.0,0.4862540187564264,167.0,-531.0,-0.15175638413078218,-0.051509281720230615,0.24637096829102634,56.014170590451286,82.60096450705076,TRACK
3.6,163.85365459348643,-530.500620131719,-0.10806925248296295,0.39352662360349766,0.6927456952761892,0.2876165274333179,0.7500799058610298,163.85365459348643,-531.0,0.4993798682810393,167.0,-531.0,-0.15740446034899683,-0.049335207866033876,0.2499200941389702,37.360670621228536,106.28565526748199,TRACK
3.652,163.88954067899394,-530.4867402794544,-0.11310468714151467,0.38503703611202844,0.6918256620762469,0.28037282538190467,0.746479516075203,163.88954067899394,-531.0,0.5132597205456477,167.0,-531.0,-0.16353723885750132,-0.05043255171598665,0.253520483924797,37.360670621228536,106.28565526748199,TRACK
3.7,163.9226657735526,-530.4741994370919,-0.11953242468060776,0.37700500665949693,0.6912238281731978,0.27368597872447153,0.7434341904868126,163.9226657735526,-531.0,0.5258005629081026,167.0,-531.0,-0.16922816730342652,-0.049695742622818756,0.2565658095131874,39.97555804042673,109.88871391746164,TRACK
3.748,163.9586451163063,-530.4608892057893,-0.12535591042814587,0.36910780142041455,0.6914641414623308,0.2674839814770414,0.741397558179853,163.9586451163063,-531.0,0.5391107942107283,167.0,-531.0,-0.17543773844550534,-0.05008182801735947,0.258602441820147,39.97555804042673,109.88871391746164,TRACK
3.8,163.99201977536177,-530.4488474294391,-0.13250059094890743,0.3611298868716983,0.6928085808967408,0.26166920718029885,0.740577142335977,163.99201977536177,-531.0,0.5511525705609301,167.0,-531.0,-0.1812199133082417,-0.048719322359334266,0.25942285766402295,40.28178777953927,111.46679638177436,TRACK
3.852,164.02840532523513,-530.436078112402,-0.13718781293046756,0.3528581140797969,0.6952283171151,0.2560323108781396,0.7408744543661189,164.02840532523513,-531.0,0.563921887597985,167.0,-531.0,-0.18754071944242662,-0.05035290651195906,0.2591255456338811,40.28178777953927,111.46679638177436,TRACK
3.9,164.06222730141783,-530.424567734925,-0.14411616196772603,0.3441414113083274,0.6985169824570582,0.25035083784106327,0.742025280424216,164.06222730141783,-531.0,0.575432265075051,167.0,-531.0,-0.19342478677173813,-0.0493086248040121,0.257974719575784,38.47309040396054,111.38834929335762,TRACK
3.948,164.09911070919185,-530.4124223971077,-0.148673346611492,0.3349918996011465,0.7022897447683326,0.24447551067458723,0.7436256860318704,164.09911070919185,-531.0,0.5875776028923383,167.0,-531.0,-0.19984709646238336,-0.05117374985089135,0.2563743139681296,38.47309040396054,111.38834929335762,TRACK
4.0,164.1333545711522,-530.4015343515505,-0.1545323597672068,0.3254504248213093,0.706183160893727,0.23830108079292422,0.7453066897840991,164.1333545711522,-531.0,0.598465648449519,167.0,-531.0,-0.20581254559315165,-0.051280185825944846,0.2546933102159009,35.86357305942101,110.95811789432517,TRACK
4.052,164.17062340166007,-530.3900925027922,-0.16121191227656562,0.31576186458032085,0.7098669522299516,0.23190814608085003,0.7467881078906501,164.17062340166007,-531.0,0.6099074972078142,167.0,-531.0,-0.21231374651014936,-0.05110183423358375,0.2532118921093499,35.86357305942101,110.95811789432517,TRACK
4.096,164.20514649196093,-530.3798544985248,-0.16562360163074819,0.3061197411313916,0.7131443857266129,0.22539240940249927,0.7479148702289933,164.20514649196093,-531.0,0.6201455014752355,167.0,-531.0,-0.21835078601779634,-0.052727184387048154,0.2520851297710067,35.86930534515687,109.13570805998296,TRACK
4.152,164.2426456710783,-530.3690957580972,-0.1708744955948931,0.29674962885921174,0.7159421717045358,0.2189196651435779,0.748664820204331,164.2426456710783,-531.0,0.6309042419028401,167.0,-531.0,-0.22493581433790802,-0.054061318743014924,0.251335179795669,35.86930534515687,109.13570805998296,TRACK
4.2,164.27733229811886,-530.3594465503074,-0.1765091418690341,0.28783937829950046,0.71828573377878,0.2126565891433746,0.7491042786262901,164.27733229811886,-531.0,0.6405534496925611,167.5,-531.0,-0.196207749631946,-0.019698607762911907,0.25089572137370986,30.875955341404534,113.87902726099423,TRACK
4.252,164.31498112212495,-530.3492503206122,-0.18296638357334927,0.2796567985852412,0.7202912731510032,0.206855252045671,0.7494055067027271,164.31498112212495,-531.0,0.6507496793877863,167.5,-531.0,-0.20154190225686708,-0.01857551868351781,0.2505944932972729,30.875955341404534,113.87902726099423,TRACK
4.3,164.3497932108593,-530.3400603383923,-0.18726214177192868,0.27210754997011904,0.7220274745694939,0.20146620085005723,0.7496081003552167,164.3497932108593,-531.0,0.6599396616077229,167.5,-531.0,-0.2065045492268177,-0.019242407454889032,0.25039189964478326,90.76644733252621,54.28751449874076,TRACK
4.352,164.3875282888406,-530.3305170577603,-0.19344008374433264,0.2635759858941101,0.7233039602673513,0.19518665019091552,0.7491771802125216,164.3875282888406,-531.0,0.6694829422397106,167.5,-531.0,-0.21186875410036496,-0.018428670356032323,0.25082281978747845,90.76644733252621,54.28751449874076,TRACK
4.4,164.42235744597173,-530.3221461018824,-0.19794330916934966,0.253903479973017,0.724110178254919,0.18790954256727566,0.7480946106210186,164.42235744597173,-531.0,0.6778538981176325,167.5,-531.0,-0.21678971965953606,-0.0188464104901864,0.25190538937898144,54.01802531229036,91.78372755033324,TRACK
4.452,164.46009121489345,-530.3134601038903,-0.20151181460891787,0.24425435053762112,0.7246489066850065,0.1806046506923086,0.7468159597996457,164.46009121489345,-531.0,0.6865398961097071,167.5,-531.0,-0.2221159808944327,-0.02060416628551484,0.25318404020035434,54.01802531229036,91.78372755033324,TRACK
4.5,164.49492500237793,-530.3057436470108,-0.20604296729564653,0.2350943418400172,0.7250181564195368,0.17365885436307205,0.7455258042728492,164.49492500237793,-531.0,0.6942563529892141,167.5,-531.0,-0.22704448363837376,-0.021001516342727233,0.2544741957271508,51.6209563441972,96.69359622301027,TRACK
4.552,164.53266452008816,-530.2977187345845,-0.21114505182030527,0.22617078674548782,0.7252777862608262,0.1668920889747021,0.7442317089494,164.53266452008816,-531.0,0.7022812654155359,167.5,-531.0,-0.23239460261955977,-0.021249550799254502,0.25576829105059995,51.6209563441972,96.69359622301027,TRACK
4.6,164.56750817811917,-530.2906309514655,-0.2151512030248237,0.21727572427207015,0.7254989008789692,0.16016160974296484,0.7429672916165624,164.56750817811917,-531.0,0.7093690485345405,167.5,-531.0,-0.2373404919753779,-0.022189288950554192,0.2570327083834376,53.68716259446637,96.29637717640696,TRACK
4.652,164.60527700215354,-530.2833104491123,-0.2184384929144414,0.20826169518853302,0.7257875242642227,0.15337765832558856,0.7418168483197389,164.60527700215354,-531.0,0.716689550887736,167.5,-531.0,-0.24270428952519116,-0.024265796610749762,0.25818315168026107,53.68716259446637,96.29637717640696,TRACK
4.7,164.640183620018,-530.2768772834078,-0.22328232813236035,0.19917705252898735,0.7262893127001337,0.14660397784022838,0.7409378462874,164.640183620018,-531.0,0.7231227165922292,167.5,-531.0,-0.24766517560646473,-0.02438284747410438,0.2590621537126,50.209436289494306,101.15224340198355,TRACK
4.752,164.6780829521511,-530.2702312765869,-0.22741874266179862,0.1902310536970363,0.7271797118432204,0.14002532381384805,0.7405386044127356,164.6780829521511,-531.0,0.7297687234131445,167.5,-531.0,-0.253063226393749,-0.025644483731950385,0.25946139558726444,50.209436289494306,101.15224340198355,TRACK
4.8,164.71317516777083,-530.2643800629089,-0.23120377761452926,0.18147183362765537,0.7285475515919364,0.13368156021400024,0.7407106685284441,164.71317516777083,-531.0,0.7356199370910872,167.5,-531.0,-0.2580769608500886,-0.026873183235559317,0.25928933147155586,51.2809929667545,100.34372370389241,TRACK
4.852,164.75133202237555,-530.258341467578,-0.23433256403365132,0.17287466841197183,0.730380891451154,0.12753740578933673,0.7414324220537273,164.75133202237555,-531.0,0.7416585324219795,168.0,-531.0,-0.2244495831381184,0.009882980895532911,0.2585675779462727,51.2809929667545,100.34372370389241,TRACK
4.896,164.78669308640292,-530.2530407519761,-0.23836413691403677,0.16442111030822554,0.7325886713094898,0.12155036502726979,0.7426039675151663,164.78669308640292,-531.0,0.7469592480239271,168.0,-531.0,-0.2284017388452065,0.009962398068830258,0.25739603248483367,108.73238559160808,41.434659739340674,TRACK
4.952,164.8251092502863,-530.2477198845836,-0.24190158815337257,0.15501815329101043,0.7347529701815378,0.11482126779396645,0.7436705256552835,164.8251092502863,-531.0,0.7522801154163972,168.0,-531.0,-0.23265604711143395,0.009245541041938615,0.25632947434471653,108.73238559160808,41.434659739340674,TRACK
5.0,164.86061809250714,-530.2433114633182,-0.24575472164694623,0.14397633110484617,0.7365080718116944,0.10677856246000257,0.7442081706382998,164.86061809250714,-531.0,0.7566885366818497,168.0,-531.0,-0.23651965412555473,0.009235067521391499,0.2557918293617002,69.45939937682948,78.9284403026835,TRACK
5.052,164.8991120058288,-530.2390216686805,-0.2480916886628195,0.13242257736254023,0.7378238940350197,0.09827968335246244,0.7443406443080078,164.8991120058288,-531.0,0.7609783313195067,168.0,-531.0,-0.24065079788291419,0.0074408907799053126,0.25565935569199216,69.45939937682948,78.9284403026835,TRACK
5.1,164.93465831562867,-530.2353981909691,-0.25145656532745875,0.12162965725061756,0.7387773734133732,0.0903029858244174,0.7442759143734047,164.93465831562867,-531.0,0.7646018090308644,168.0,-531.0,-0.24444630750447552,0.007010257822983229,0.2557240856265953,67.53807929588321,81.40914151765055,TRACK
5.152,164.97315337111468,-530.2318162588921,-0.25361704895086956,0.11154020249210118,0.7393066277206788,0.08280609899681322,0.7439295261130535,164.97315337111468,-531.0,0.7681837411079186,168.0,-531.0,-0.2485426327485685,0.005074416202301063,0.2560704738869465,67.53807929588321,81.40914151765055,TRACK
5.2,165.00865472836225,-530.2288118185012,-0.2563411250108556,0.1020649496539856,0.7394133712819607,0.07573134219821176,0.7432814876086296,165.00865472836225,-531.0,0.7711881814988146,168.0,-531.0,-0.2523123318580144,0.004028793152841215,0.25671851239137045,66.11916784044233,83.73606683401222,TRACK
5.248,165.047070968179,-530.2258638994356,-0.25878030002261654,0.09316580534979699,0.7391895362538363,0.06906713537040833,0.7424092130997809,165.047070968179,-531.0,0.7741361005644194,168.0,-531.0,-0.2563890257347532,0.002391274287863343,0.2575907869002191,66.11916784044233,83.73606683401222,TRACK
5.3,165.0824932147245,-530.2234147016597,-0.26135467001592283,0.08473937617795262,0.7387604129592195,0.06275237177287107,0.741420803537908,165.0824932147245,-531.0,0.776585298340251,168.0,-531.0,-0.2601490496577813,0.0012056203581415348,0.25857919646209204,65.09514481283459,86.2935559495585,TRACK
5.352,165.12084057111431,-530.2210453189736,-0.2636764510632814,0.07669701046923787,0.7383014748933414,0.05673680973253979,0.7404783139351954,165.12084057111431,-531.0,0.7789546810264483,168.0,-531.0,-0.2642237770954222,-0.0005473260321408047,0.25952168606480464,65.09514481283459,86.2935559495585,TRACK
5.396,165.15623087265124,-530.2191183757157,-0.26614437764592247,0.06890562758183154,0.7379502407207224,0.05092955424833426,0.7397056017603937,165.15623087265124,-531.0,0.7808816242843477,168.0,-531.0,-0.2679886136159433,-0.0018442359700208133,0.2602943982396063,63.92922483109753,88.86587906864624,TRACK
5.452,165.19458547909548,-530.2173112221949,-0.2683861036835835,0.06127625739241701,0.7378236613816533,0.04526774357421308,0.7392110144626698,165.19458547909548,-531.0,0.7826887778051059,168.0,-531.0,-0.2720739289948578,-0.0036878253112743176,0.2607889855373302,63.92922483109753,88.86587906864624,TRACK
5.5,165.23002058922765,-530.2159058887452,-0.2707861725930536,0.05370584355189387,0.7379663912784786,0.039671256394148646,0.7390319365497481,165.23002058922765,-531.0,0.7840941112548308,168.0,-531.0,-0.2758519143555045,-0.005065741762450893,0.2609680634502519,62.251307361796,91.04122769161026,TRACK
5.552,165.2684551645792,-530.2146668536176,-0.27298177848081395,0.04618497120240148,0.7383724115048718,0.03412597616877195,0.7391606052279783,165.2684551645792,-531.0,0.7853331463824134,168.5,-531.0,-0.23839945107257823,0.03458232740823572,0.26083939477202167,62.251307361796,91.04122769161026,TRACK
5.6,165.30398127531288,-530.2137859982772,-0.2753489379770009,0.03868881185723176,0.7389866249112818,0.02860478803323035,0.7395400365742165,165.30398127531288,-531.0,0.786214001722783,168.5,-531.0,-0.2412084799157885,0.03414045806121238,0.2604599634257835,126.4683439984168,26.371478316763792,TRACK
5.652,165.34248797233298,-530.2132147458043,-0.277357445140616,0.030332065175618886,0.7395209976737507,0.0224380807893529,0.7398613204309907,165.34248797233298,-531.0,0.7867852541957063,168.5,-531.0,-0.24420567828486855,0.033151766855747444,0.26013867956900927,126.4683439984168,26.371478316763792,TRACK
5.7,165.37799738168115,-530.2131994780206,-0.2790525955577092,0.01986738708633553,0.7396114249850805,0.014696080102833645,0.739757416143191,165.37799738168115,-531.0,0.7868005219794441,168.5,-531.0,-0.24687695300376947,0.03217564255393976,0.260242583856809,83.64816476400726,68.56121734276614,TRACK
5.752,165.41643011881249,-530.2136806316224,-0.280307036085065,0.008538699598950582,0.7394293107781054,0.006313918208115964,0.739456267267323,165.41643011881249,-531.0,0.7863193683775762,168.5,-531.0,-0.2496817363521622,0.030625299732902816,0.26054373273267695,83.64816476400726,68.56121734276614,TRACK
5.8,165.4519075048458,-530.2144214533337,-0.2817294119040217,-0.001755369460535869,0.7393183251652975,-0.001297778142567387,0.739319464205649,165.4519075048458,-531.0,0.7855785466663292,168.5,-531.0,-0.2522386731278988,0.02949073877612285,0.260680535794351,81.6181436353606,71.51068354337487,TRACK
5.852,165.49034501154162,-530.2155080448239,-0.28285170773752033,-0.011033602640607595,0.7392708987332095,-0.008157152361369399,0.7393159005786727,165.49034501154162,-531.0,0.7844919551761222,168.5,-531.0,-0.2549847015102663,0.02786700622725402,0.2606840994213273,81.6181436353606,71.51068354337487,TRACK
5.9,165.52583027882545,-530.2167430695926,-0.2838105834627851,-0.019351113087617257,0.7392728247878606,-0.014307537973148446,0.7394112625005627,165.52583027882545,-531.0,0.7832569304074468,168.5,-531.0,-0.25750630460689033,0.026304278855894758,0.26058873749943734,79.94744950419961,73.26067092752002,TRACK
5.952,165.5642720227613,-530.2183152171324,-0.2847777700472949,-0.026887165720229752,0.7392698433725355,-0.019881661969879078,0.739537140245666,165.5642720227613,-531.0,0.7816847828676146,168.5,-531.0,-0.2602283635315748,0.024549406515720074,0.26046285975433403,79.94744950419961,73.26067092752002,TRACK
6.0,165.59974770108482,-530.2199806713043,-0.28547763905627943,-0.03389791631934603,0.7392022193012641,-0.025067016950312684,0.7396271198101794,165.59974770108482,-531.0,0.7800193286957438,168.5,-531.0,-0.26273178602934144,0.02274585302693799,0.26037288018982063,77.49945137289824,75.53970361059906,TRACK
6.052,165.63815788442471,-530.222021938738,-0.2862754968927164,-0.04061688205267118,0.7390115227181706,-0.03003286105220039,0.7396215271699506,165.63815788442471,-531.0,0.777978061262047,168.5,-531.0,-0.2654308654857339,0.020844631406982506,0.26037847283004945,77.49945137289824,75.53970361059906,TRACK
6.1,165.67358214715927,-530.2241326637989,-0.28710088510946563,-0.047228940921283206,0.738659405539581,-0.03491206325300762,0.7394839887060903,165.67358214715927,-531.0,0.775867336201145,168.5,-531.0,-0.26790644980425643,0.0191944353052092,0.26051601129390967,75.18106707972366,78.01701901172645,TRACK
6.148,165.71191618119832,-530.2266672422217,-0.2878349350254814,-0.053802541381039494,0.738146150402045,-0.03975250357558566,0.7392158013015451,165.71191618119832,-531.0,0.7733327577783484,168.5,-531.0,-0.2705688923013961,0.01726604272408533,0.2607841986984549,75.18106707972366,78.01701901172645,TRACK
6.2,165.74725895240343,-530.2292301247263,-0.28861270225742364,-0.060301918393223054,0.7375027044652462,-0.04452681225396074,0.7388456375340196,165.74725895240343,-531.0,0.770769875273686,168.5,-531.0,-0.273009505478902,0.015603196778521622,0.26115436246598045,73.6914608495834,80.11455282280193,TRACK
6.252,165.785504982045,-530.232231849441,-0.28931993648247545,-0.0666035841043543,0.7368019574130755,-0.04914634431358692,0.7384392240442873,165.785504982045,-531.0,0.7677681505590499,169.0,-531.0,-0.2344532140297214,0.054866722452754035,0.2615607759557127,73.6914608495834,80.11455282280193,TRACK
6.3,165.82077843241532,-530.235189149694,-0.2902004936929812,-0.07256231377636989,0.7361235146020226,-0.053508771481967046,0.7380657270023745,165.82077843241532,-531.0,0.7648108503060485,169.0,-531.0,-0.2360795610267526,0.05412093266622858,0.2619342729976255,137.9285185068309,16.629499556134448,TRACK
6.352,165.85895007504297,-530.238643237107,-0.29062006084309605,-0.07874489658787605,0.7354048021773878,-0.058029366743403005,0.7376907417544314,165.85895007504297,-531.0,0.7613567628930014,169.0,-531.0,-0.23780288533606872,0.05281717550702733,0.2623092582455686,137.9285185068309,16.629499556134448,TRACK
6.396,165.89409970103267,-530.2422461235726,-0.29073114994095883,-0.08692333785285566,0.7343124775902216,-0.0639901355283182,0.7370953480992959,165.89409970103267,-531.0,0.7577538764273868,169.0,-531.0,-0.23929760930307895,0.05143354063787989,0.2629046519007041,95.43184649806791,59.66091834920836,TRACK
6.452,165.93210695267027,-530.2465567568142,-0.29053182425876334,-0.09601463538674247,0.7331211503020716,-0.07060746568130166,0.7365134318056724,165.93210695267027,-531.0,0.7534432431857567,169.0,-531.0,-0.2408235998631106,0.04970822439565273,0.2634865681943276,95.43184649806791,59.66091834920836,TRACK
6.5,165.96718044596957,-530.2507473924326,-0.29014849945882704,-0.10402623375791341,0.7322729696704654,-0.07645157074316165,0.7362530439863043,165.96718044596957,-531.0,0.7492526075674277,169.0,-531.0,-0.2421985733933125,0.04794992606551454,0.2637469560136957,93.1889175221406,62.90679901501363,TRACK
6.552,166.00518036845543,-530.2554899155429,-0.28982312512014285,-0.11107463071687079,0.7317461393251947,-0.08161434960994446,0.736283447104158,166.00518036845543,-531.0,0.7445100844571471,169.0,-531.0,-0.24365992980750997,0.04616319531263288,0.26371655289584195,93.1889175221406,62.90679901501363,TRACK
6.6,166.04026918289316,-530.2600312891539,-0.2893318435391605,-0.11725134096260979,0.7314909291698092,-0.08616350982670815,0.7365481178330225,166.04026918289316,-531.0,0.7399687108461421,169.0,-531.0,-0.2449901129650498,0.04434173057411073,0.26345188216697746,90.75056863087099,65.12938974208868,TRACK
6.652,166.07829142029675,-530.2651181163147,-0.28868412048485137,-0.1227675312865948,0.7313880095614953,-0.09024454112405633,0.7369345274398652,166.07829142029675,-531.0,0.7348818836852615,169.0,-531.0,-0.24641316239610894,0.04227095808874243,0.2630654725601348,90.75056863087099,65.12938974208868,TRACK
6.7,166.11338998821705,-530.2699625062259,-0.2882143217435249,-0.1278088218693982,0.7313292639671639,-0.09398262816583894,0.7373433574202131,166.11338998821705,-531.0,0.7300374937741481,169.0,-531.0,-0.24771070737601306,0.04050361436751185,0.26265664257978694,87.98596557488,67.22654631846262,TRACK
6.752,166.15139943638542,-530.2753741724601,-0.28746613730335535,-0.13257904123326045,0.7311968457888213,-0.09751338488478048,0.7376704464211703,166.15139943638542,-531.0,0.7246258275398532,169.0,-531.0,-0.24909635838809205,0.0383697789152633,0.2623295535788297,87.98596557488,67.22654631846262,TRACK
6.796,166.18645975129098,-530.2805181551302,-0.28694689907204163,-0.1371662181817007,0.7309260792824739,-0.10089190714390214,0.7378564293291636,166.18645975129098,-531.0,0.719481844869847,169.0,-531.0,-0.25035601662124596,0.03659088245079567,0.2621435706708364,85.74568800603114,69.15582507391193,TRACK
6.852,166.22440294285227,-530.2862476738875,-0.2863087019953654,-0.1416129833558716,0.7304888178114697,-0.10414380820251834,0.7378752236892911,166.22440294285227,-531.0,0.7137523261125125,169.0,-531.0,-0.2516992206012833,0.0346094813940821,0.26212477631070885,85.74568800603114,69.15582507391193,TRACK
6.9,166.25938654607555,-530.2916683476406,-0.28549980914823014,-0.14585136908060936,0.7299065050805496,-0.10721922144773494,0.7377394306981028,166.25938654607555,-531.0,0.7083316523594476,169.5,-531.0,-0.21519497528160142,0.07030483386662872,0.26226056930189723,84.0371962171025,71.15772375287385,TRACK
6.948,166.29724204171865,-530.2976660104692,-0.28495921553379433,-0.14979642784644748,0.7292358335924574,-0.11006137836490576,0.7374946833726119,166.29724204171865,-531.0,0.7023339895307572,169.5,-531.0,-0.21587333828236457,0.06908587725142976,0.2625053166273881,84.0371962171025,71.15772375287385,TRACK
7.0,166.33215172539272,-530.3032932308647,-0.28426085564083037,-0.15330175120470557,0.7285530686252111,-0.11257171132080737,0.737198727612105,166.33215172539272,-531.0,0.6967067691352895,169.5,-531.0,-0.2164841071184887,0.06777674852234167,0.26280127238789497,143.44120889697547,12.396925547793387,TRACK
7.052,166.36992719517852,-530.3095229208512,-0.28346788145624147,-0.1568480876104269,0.727817464318501,-0.11510221803706519,0.7368627972452297,166.36992719517852,-531.0,0.6904770791487636,169.5,-531.0,-0.21711735997261528,0.06635052148362619,0.26313720275477026,143.44120889697547,12.396925547793387,TRACK
7.1,166.40470665787694,-530.3155857783273,-0.2821809387022962,-0.16235060128803513,0.7266816006496999,-0.11902477748718487,0.7363647509072415,166.40470665787694,-531.0,0.6844142216726823,169.5,-531.0,-0.2176130989213399,0.06456783978095632,0.2636352490927585,103.19262764994585,53.25813299488373,TRACK
7.152,166.44230260141282,-530.3224639386165,-0.28072348854549234,-0.1688519145750467,0.7253926603753224,-0.12366141500516448,0.7358577697405031,166.44230260141282,-531.0,0.6775360613835346,169.5,-531.0,-0.21806043890014515,0.06266304964534719,0.2641422302594969,103.19262764994585,53.25813299488373,TRACK
7.2,166.4769813290105,-530.3289451654729,-0.2790595513207601,-0.17441606906262222,0.7243709513103718,-0.12763886558133394,0.7355303903369206,166.4769813290105,-531.0,0.6710548345271263,169.5,-531.0,-0.2184397340813634,0.06061981723939669,0.2644696096630794,100.7026021768879,56.62840852924253,TRACK
7.252,166.5145400098293,-530.336070347031,-0.27705072437642575,-0.17898697209346978,0.7236399315551321,-0.13092321542264068,0.7353880872557832,166.5145400098293,-531.0,0.6639296529690455,169.5,-531.0,-0.21882665401546525,0.0582240703609605,0.2646119127442168,100.7026021768879,56.62840852924253,TRACK
7.3,166.5492092916327,-530.3427250008594,-0.2756736692513224,-0.182715808918423,0.7231628019940854,-0.13362360752413038,0.7354044510850473,166.5492092916327,-531.0,0.6572749991405544,169.5,-531.0,-0.21916742968159772,0.0565062395697247,0.26459554891495274,97.63153779606435,59.82490055840782,TRACK
7.352,166.58677244540132,-530.3500020129226,-0.2735598238392938,-0.18574127308165012,0.7228847408926118,-0.1358352337771208,0.7355362393184061,166.58677244540132,-531.0,0.6499979870774268,169.5,-531.0,-0.21952387269469342,0.05403595114460036,0.26446376068159394,97.63153779606435,59.82490055840782,TRACK
7.4,166.6214553200681,-530.3567619044638,-0.27213561107617384,-0.18810548443101863,0.7227710426920702,-0.13758377777684916,0.7357494655530045,166.6214553200681,-531.0,0.6432380955361623,169.5,-531.0,-0.219847669780577,0.05228794129559686,0.26425053444699553,95.55535613917745,61.64457736857288,TRACK
7.452,166.65903258557805,-530.3641415727686,-0.2704114364808343,-0.19014133844342274,0.7227250802206813,-0.13910029991413655,0.7359894258861284,166.65903258557805,-531.0,0.6358584272313692,169.5,-531.0,-0.2201887052289231,0.050222731251911235,0.26401057411387163,95.55535613917745,61.64457736857288,TRACK
7.496,166.6937189958921,-530.3710109413195,-0.26824708066871494,-0.19202227527122442,0.7226930440168409,-0.14050434062738146,0.7362246298552247,166.6937189958921,-531.0,0.6289890586805313,169.5,-531.0,-0.22049207862426812,0.047755002044446826,0.26377537014477526,93.80415605313553,63.12967474763019,TRACK
7.552,166.7312899842439,-530.3785217962542,-0.2668041618712331,-0.19387394498287575,0.7226321309786602,-0.14188165269910097,0.7364289511523755,166.7312899842439,-531.0,0.6214782037458235,169.5,-531.0,-0.22080506364202432,0.04599909822920881,0.2635710488476245,93.80415605313553,63.12967474763019,TRACK
7.6,166.7659629432787,-530.3855163306335,-0.2649302673300322,-0.19568888357217387,0.722534544765038,-0.14322488743734635,0.7365931962489616,166.7659629432787,-531.0,0.6144836693664502,170.0,-531.0,-0.18776690910289207,0.07716335822714016,0.2634068037510384,91.08242303208692,65.75410906668401,TRACK
7.652,166.80351443257504,-530.3931561012402,-0.263212486612282,-0.19744632136653836,0.7223978628226002,-0.14451770976332617,0.7367116400912214,166.80351443257504,-531.0,0.6068438987598483,170.0,-531.0,-0.1876144855783481,0.07559800103393394,0.26328835990877864,91.08242303208692,65.75410906668401,TRACK
7.7,166.83817336687548,-530.4002324137853,-0.261374810297619,-0.19883106732685157,0.7222800067753852,-0.14553462365425157,0.7367962641528764,166.83817336687548,-531.0,0.5997675862147389,170.0,-531.0,-0.18746294190710527,0.07391186839051372,0.26320373584712364,142.9046006223084,13.993367033993081,TRACK
7.752,166.87570702132263,-530.4079487127766,-0.25956455177354787,-0.2002057801299986,0.7221123708751631,-0.1465341332015918,0.7368300539229456,166.87570702132263,-531.0,0.5920512872233985,170.0,-531.0,-0.18727863368809627,0.0722859180854516,0.26316994607705435,142.9046006223084,13.993367033993081,TRACK
7.796,166.9102915512077,-530.4152958034938,-0.25724536814662113,-0.20339741373790696,0.7215519048142339,-0.14881972306054161,0.7367390727475133,166.9102915512077,-531.0,0.584704196506209,170.0,-531.0,-0.1870307522168943,0.07021461592972683,0.26326092725248673,106.64571423862625,50.407812341653795,TRACK
7.852,166.94770220863154,-530.4234568602378,-0.25487830991109295,-0.20738101388613495,0.7208112400204443,-0.15166300961262685,0.7365938583945499,166.94770220863154,-531.0,0.5765431397621796,170.0,-531.0,-0.1866886985837118,0.06818961132738116,0.26340614160545006,106.64571423862625,50.407812341653795,TRACK
7.9,166.98222005636632,-530.4310379859236,-0.25227739198602306,-0.21046553972790893,0.720219945746029,-0.15385999770687792,0.7364710918595335,166.98222005636632,-531.0,0.5689620140764191,170.0,-531.0,-0.18634917045559282,0.06592822153043024,0.2635289081404665,103.90025725744078,53.60058595875875,TRACK
7.952,167.01960573408587,-530.4392746026718,-0.24918623983163135,-0.21269973857292504,0.7197773340011603,-0.15544776508431993,0.736371793465453,167.01960573408587,-531.0,0.5607253973281559,170.0,-531.0,-0.18596420459613108,0.06322203523550027,0.263628206534547,103.90025725744078,53.60058595875875,TRACK
8.0,167.05412028979285,-530.4468669699937,-0.24719332241014969,-0.21403921028391373,0.7195239024641282,-0.15640205902682577,0.736326184706913,167.05412028979285,-531.0,0.5531330300062791,170.0,-531.0,-0.1856039135102053,0.06158940889994438,0.263673815293087,100.48541151308059,57.26821013310247,TRACK
8.052,167.09151926692496,-530.4550826376163,-0.2447220644334429,-0.2148100329688122,0.7194144211447568,-0.15695910121191226,0.7363377409886694,167.09151926692496,-531.0,0.5449173623836714,170.0,-531.0,-0.1852075236158238,0.059514540817619116,0.26366225901133056,100.48541151308059,57.26821013310247,TRACK
8.1,167.12605614545944,-530.4626450930288,-0.24158120257264962,-0.21507442898154944,0.7194507797246876,-0.15716631983668294,0.7364174607771515,167.12605614545944,-531.0,0.5373549069712453,170.0,-531.0,-0.1848404814471306,0.056740721125519006,0.26358253922284847,99.8983823632944,57.91643238579529,TRACK
8.152,167.16348720839324,-530.4708304224439,-0.2395203695720403,-0.2151493684572102,0.719582853490798,-0.157251671264989,0.7365647094136342,167.16348720839324,-531.0,0.5291695775561038,170.0,-531.0,-0.18443622847313731,0.05508414109890297,0.26343529058636583,99.8983823632944,57.91643238579529,TRACK
8.2,167.19805131220303,-530.4784029011223,-0.23651788517909544,-0.21533428923976689,0.7197587783821395,-0.15742957668566476,0.7367745724939057,167.19805131220303,-531.0,0.5215970988776917,170.0,-531.0,-0.18404843094228274,0.05246945423681271,0.26322542750609434,96.73561920172757,60.95960639345536,TRACK
8.252,167.23551156439706,-530.4866240632523,-0.23379088721596508,-0.21558096973472643,0.7199795187927713,-0.1576639699513476,0.737040321082836,167.23551156439706,-531.0,0.5133759367477069,170.0,-531.0,-0.1836121652719761,0.05017872194398898,0.262959678917164,96.73561920172757,60.95960639345536,TRACK
8.3,167.27010525849016,-530.4942320141344,-0.23137163427258933,-0.21589479364703917,0.720232373310851,-0.15795622231673903,0.7373498760653291,167.27010525849016,-531.0,0.5057679858656456,170.5,-531.0,-0.1553282495265996,0.07604338474598973,0.2626501239346709,93.50347768924554,63.94133269199922,TRACK
8.352,167.30759967357983,-530.5024837881446,-0.22868404161544764,-0.2161511723647453,0.7205172980632828,-0.15821233111302865,0.7376830745819184,167.30759967357983,-531.0,0.4975162118554408,170.5,-531.0,-0.15460032459132256,0.07408371702412508,0.2623169254180816,93.50347768924554,63.94133269199922,TRACK
8.4,167.3422317891648,-530.5100783869524,-0.22695240019015842,-0.21605490210952827,0.7208620865482018,-0.1582152981972102,0.7380204796658826,167.3422317891648,-531.0,0.4899216130476134,170.5,-531.0,-0.15392088356528216,0.07303151662487625,0.2619795203341174,136.76964119466138,20.37372992614184,TRACK
8.452,167.37976267362606,-530.5183138853262,-0.22454365330473913,-0.2160388253472255,0.7211720785917495,-0.15827118288246664,0.7383352451775276,167.37976267362606,-531.0,0.4816861146738347,170.5,-531.0,-0.15316574220494297,0.07137791109979616,0.2616647548224724,136.76964119466138,20.37372992614184,TRACK
8.5,167.41438565585094,-530.5260543227837,-0.22105125548933335,-0.21740756042140902,0.7212210964743466,-0.1593169586680787,0.7386079902891013,167.41438565585094,-531.0,0.47394567721630665,170.5,-531.0,-0.15240737340507232,0.06864388208426103,0.2613920097108987,107.27659154590032,49.639751223364634,TRACK
8.552,167.45187474611336,-530.5345652859761,-0.21811259137007055,-0.2194505181428422,0.7211241279361936,-0.16084135231391383,0.7388436563346161,167.45187474611336,-531.0,0.4654347140238997,170.5,-531.0,-0.15152499052582638,0.06658760084424417,0.26115634366538387,107.27659154590032,49.639751223364634,TRACK
8.6,167.48648369332122,-530.5424356416953,-0.21542155914260963,-0.2209054537438354,0.7210875898824862,-0.16193488945658543,0.7390468325524772,167.48648369332122,-531.0,0.457564358304694,170.5,-531.0,-0.15068638990506306,0.06473516923754657,0.26095316744752284,102.52441147263258,54.32139065944736,TRACK
8.652,167.52398583225786,-530.5509503731515,-0.2125310782838219,-0.22173044431373085,0.7211251762664224,-0.16256837064054516,0.7392225611938534,167.52398583225786,-531.0,0.4490496268484776,170.5,-531.0,-0.14975987128528867,0.06277120699853322,0.26077743880614657,102.52441147263258,54.32139065944736,TRACK
8.7,167.55861437976566,-530.5587883775894,-0.2095813386683456,-0.22203295815731966,0.7212311901508347,-0.16282155660916994,0.7393816936758866,167.55861437976566,-531.0,0.44121162241060574,170.5,-531.0,-0.1488912042315434,0.06069013443680221,0.2606183063241134,101.54719634313648,55.291922624590995,TRACK
8.752,167.59614199830122,-530.5672563609967,-0.20671708913280207,-0.2219968731071735,0.7213900137412489,-0.1628300539603828,0.7395384901398577,167.59614199830122,-531.0,0.4327436390033199,170.5,-531.0,-0.14793498618717174,0.05878210294563033,0.26046150986014227,101.54719634313648,55.291922624590995,TRACK
8.8,167.63079775210105,-530.5750472463487,-0.20295960467947016,-0.22169387974607743,0.721601713722203,-0.16264807409962204,0.7397049609507405,167.63079775210105,-531.0,0.4249527536512687,170.5,-531.0,-0.14703939226664353,0.05592021241282663,0.26029503904925955,99.2650002105948,57.56821431964222,TRACK
8.848,167.66835567675005,-530.583480210165,-0.2009937020443704,-0.22140508543685666,0.7218348375185238,-0.16248158154362896,0.7398958014452526,167.66835567675005,-531.0,0.41651978983497884,170.5,-531.0,-0.14604734606591396,0.05494635597845643,0.2601041985547474,99.2650002105948,57.56821431964222,TRACK
8.9,167.703040823881,-530.5912537988705,-0.19728563852823977,-0.2210795178005458,0.72210517555017,-0.16229544564765988,0.7401187041511073,167.703040823881,-531.0,0.4087462011294747,170.5,-531.0,-0.14511227099211707,0.0521733675361227,0.25988129584889275,97.36657813487685,59.38488027044667,TRACK
8.952,167.74063447043255,-530.5996713133316,-0.194503740179226,-0.2207976574631061,0.7224025235892427,-0.16214838700483442,0.7403765970750129,167.74063447043255,-531.0,0.4003286866684448,170.5,-531.0,-0.1440747506105827,0.050428989568643307,0.2596234029249871,97.36657813487685,59.38488027044667,TRACK
9.0,167.7753529451921,-530.607445070451,-0.19176729713489493,-0.2206146533905555,0.7227171854547825,-0.16208009721601915,0.7406686763089395,167.7753529451921,-531.0,0.39255492954896454,171.0,-531.0,-0.1211397142121722,0.07062758292272273,0.2593313236910605,94.15805357150245,62.40182393523201,TRACK
9.052,167.81298641088406,-530.6158552220616,-0.18905363578773415,-0.22035128839408874,0.7230683434722234,-0.16195885287660033,0.7409848172241922,167.81298641088406,-531.0,0.38414477793844526,171.0,-531.0,-0.11995570876930581,0.06909792701842835,0.2590151827758078,94.15805357150245,62.40182393523201,TRACK
9.1,167.84774649950072,-530.6236028250096,-0.18598066171412175,-0.21998415159077972,0.7234534027533539,-0.16176619253250493,0.7413185057732404,167.84774649950072,-531.0,0.3763971749904158,171.0,-531.0,-0.11884306486318784,0.06713759685093391,0.25868149422675957,128.6693586665208,27.626490233443363,TRACK
9.152,167.88542064886607,-530.632006968976,-0.18372434827250747,-0.21980790196197758,0.7238207171334397,-0.1617143787665246,0.7416656732324949,167.88542064886607,-531.0,0.367993031023957,171.0,-531.0,-0.11760652612283244,0.06611782214967503,0.2583343267675051,128.6693586665208,27.626490233443363,TRACK
9.196,167.9201924043279,-530.6398811508515,-0.1808677794628597,-0.2208201785849506,0.724027516379266,-0.16253025570652954,0.7420457725062236,167.9201924043279,-531.0,0.36011884914853454,171.0,-531.0,-0.11640043827543317,0.06446734118742653,0.2579542274937764,104.21570443688613,51.803548995670994,TRACK
9.252,167.9578581883675,-530.6485291556924,-0.1768501716801438,-0.2225252551245906,0.7241375859130783,-0.16385239109986868,0.7424438358564001,167.9578581883675,-531.0,0.35147084430764153,171.0,-531.0,-0.11502403526501354,0.06182613641513027,0.25755616414359994,104.21570443688613,51.803548995670994,TRACK
9.3,167.99263997573428,-530.656525158799,-0.1738463687631249,-0.22373009237940075,0.7243066303928504,-0.1648082435342727,0.7428202016422933,167.99263997573428,-531.0,0.3434748412009867,171.0,-531.0,-0.11371866432288469,0.06012770444024021,0.25717979835770666,100.40587432036118,55.270317513281796,TRACK
9.352,168.03033488021947,-530.6651895471666,-0.1709017611946262,-0.22450118784707812,0.7245150130210745,-0.16544335692539555,0.7431645231331159,168.03033488021947,-531.0,0.3348104528333806,171.0,-531.0,-0.11226941709260957,0.05863234410201662,0.2568354768668841,100.40587432036118,55.270317513281796,TRACK
9.4,168.0651429990626,-530.6731827135495,-0.16782135652759322,-0.2249287332485896,0.7247439583615272,-0.1658216868768409,0.7434720149543061,168.0651429990626,-531.0,0.3268172864504777,171.0,-531.0,-0.11090024466360583,0.05692111186398739,0.25652798504569385,99.77946592380417,55.663364920956354,TRACK
9.452,168.1028656635206,-530.6818262738391,-0.16443784476212353,-0.22503989537619704,0.7249861221714508,-0.1659619061111911,0.7437393573162964,168.1028656635206,-531.0,0.31817372616092143,171.0,-531.0,-0.1093852335993708,0.05505261116275273,0.25626064268370363,99.77946592380417,55.663364920956354,TRACK
9.5,168.1376958267688,-530.6898039540263,-0.1619988196713653,-0.22508242232413517,0.7252109197630192,-0.16604582367057688,0.7439772131604332,168.1376958267688,-531.0,0.31019604597372563,171.0,-531.0,-0.10795154179920646,0.05404727787215885,0.2560227868395668,97.43974396498258,57.894491298825116,TRACK
9.552,168.17543628810932,-530.6984534798563,-0.1590940483134624,-0.22515639150292432,0.7254094337917654,-0.16614774770343496,0.7441934699397824,168.17543628810932,-531.0,0.3015465201436882,171.0,-531.0,-0.10635577954351677,0.05273826876994564,0.2558065300602176,97.43974396498258,57.894491298825116,TRACK
9.6,168.2102811278533,-530.7064386255214,-0.15516295164480254,-0.2251973054555161,0.7255930884311859,-0.1662210564818368,0.7443888564433543,168.2102811278533,-531.0,0.29356137447859965,171.0,-531.0,-0.10484388087778489,0.05031907076701765,0.2556111435566457,97.54999521468805,57.729114473027764,TRACK
9.652,168.2480346370771,-530.7151106504124,-0.15349850783106112,-0.22540293738698522,0.7257456657173249,-0.16641308501789553,0.744580476626037,168.2480346370771,-531.0,0.28488934958761547,171.0,-531.0,-0.10315469217855952,0.050343815652501595,0.255419523373963,97.54999521468805,57.729114473027764,TRACK
9.7,168.28288967483024,-530.7231321735065,-0.15010101321635094,-0.2256823695132431,0.7258859996662889,-0.16665877782319788,0.7447722019094494,168.28288967483024,-531.0,0.27686782649345787,171.5,-531.0,-0.08584949833673765,0.0642515148796133,0.25522779809055063,96.20284110087701,59.03070291097189,TRACK
9.748,168.32065621849074,-530.7318397127048,-0.14732209342165858,-0.22600451053242465,0.7260237898056483,-0.16693664249612303,0.7449687147603143,168.32065621849074,-531.0,0.2681602872952453,171.5,-531.0,-0.08414537988991287,0.06317671353174571,0.25503128523968566,96.20284110087701,59.03070291097189,TRACK
9.796,168.3555243863883,-530.7398959764541,-0.14396667664073437,-0.22637576209226787,0.7261625209601253,-0.1672524074617185,0.7451747275967598,168.3555243863883,-531.0,0.26010402354586404,171.5,-531.0,-0.08252988684776821,0.06143678979296616,0.25482527240324016,119.24785177489582,35.90461268378349,TRACK
9.852,168.39330494529153,-530.7486522530918,-0.1411857831529142,-0.22685550695722534,0.7262978620111551,-0.16765054221894915,0.7453960616130746,168.39330494529153,-531.0,0.25134774690820905,171.5,-531.0,-0.08072935221733121,0.06045643093558298,0.2546039383869254,119.24785177489582,35.90461268378349,TRACK
9.9,168.4281744910633,-530.7568442217034,-0.1384373686376641,-0.22821866350520179,0.7263507148929669,-0.16870595690219725,0.7456856314290963,168.4281744910633,-531.0,0.24315577829656831,171.5,-531.0,-0.07899205983294866,0.059445308804715435,0.2543143685709037,101.41907048679352,53.61137000899055,TRACK
9.952,168.46594794228713,-530.7658183208287,-0.13546598963844958,-0.2299819867288361,0.7263723479178279,-0.17006146225237034,0.7460145365628423,168.46594794228713,-531.0,0.2341816791713427,171.5,-531.0,-0.07703173470725397,0.05843425493119561,0.25398546343715767,101.41907048679352,53.61137000899055,TRACK
10.0,168.5008238435234,-530.7741210111349,-0.13133944930098362,-0.231288990093478,0.7264454726609987,-0.17108040061348212,0.7463186505935191,168.5008238435234,-531.0,0.22587898886513358,171.5,-531.0,-0.0751717643485248,0.05616768495245883,0.2536813494064809,100.97398427325652,53.751871109603066,TRACK
10.052,168.53861271554814,-530.7831390689516,-0.12973045138634132,-0.23233015805547014,0.7265377343193034,-0.17190072647320875,0.7465969053993216,168.53861271554814,-531.0,0.2168609310483589,171.5,-531.0,-0.07309902739886462,0.0566314239874767,0.25340309460067845,100.97398427325652,53.751871109603066,TRACK
10.1,168.57350097968543,-530.7914723000885,-0.12562067715577818,-0.23307672106025007,0.7266431199753146,-0.17249861591354088,0.746837329208675,168.57350097968543,-531.0,0.20852769991154219,171.5,-531.0,-0.07113477645572444,0.05448590070005374,0.25316267079132504,100.2097069952571,54.34629343823745,TRACK
10.152,168.61130132793102,-530.8005098991948,-0.12289494954303959,-0.23363892541154482,0.7267434488676843,-0.1729540943289431,0.7470402661284339,168.61130132793102,-531.0,0.19949010080517837,171.5,-531.0,-0.06894934262045244,0.05394560692258715,0.2529597338715661,100.2097069952571,54.34629343823745,TRACK
10.196,168.6461950371234,-530.8088730317152,-0.11955009707413544,-0.2341985617957433,0.7268165379583915,-0.1734013359413224,0.7472150314039844,168.6461950371234,-531.0,0.19112696828483422,171.5,-531.0,-0.06687281747203974,0.0526772796020957,0.2527849685960156,97.8658658434,56.648707190172864,TRACK
10.252,168.68399701319046,-530.8179491107944,-0.11663613692746355,-0.23470154355445985,0.726867127047474,-0.173799862164503,0.7473568173708252,168.68399701319046,-531.0,0.1820508892055841,171.5,-531.0,-0.06455884451372441,0.05207729241373914,0.25264318262917485,97.8658658434,56.648707190172864,TRACK
10.3,168.7188897210116,-530.826348694425,-0.11398739789636814,-0.23523714202810764,0.7268896271100269,-0.17421687437957672,0.7474757851052722,168.7188897210116,-531.0,0.17365130557504926,171.5,-531.0,-0.0623586061779669,0.051628791718401235,0.25252421489472776,97.78545021648348,56.751142394901294,TRACK
10.352,168.75668754684568,-530.8354741793369,-0.11113394750538497,-0.23581773263426783,0.7268867007354931,-0.17466250140772235,0.7475769292214233,168.75668754684568,-531.0,0.1645258206631297,172.0,-531.0,-0.0506842666946053,0.060449680810779664,0.25242307077857673,97.78545021648348,56.751142394901294,TRACK
10.396,168.79157603641013,-530.8439111271973,-0.10856513821154512,-0.2363264451999148,0.7268715918855304,-0.17505003739743674,0.7476528784690454,168.79157603641013,-531.0,0.1560888728026839,172.0,-531.0,-0.048611376105179724,0.059953762106365396,0.2523471215309546,113.17042465293049,41.32078372235718,TRACK
10.452,168.8293670851914,-530.8530879889123,-0.10449570631054073,-0.2369895460374663,0.7268293630609904,-0.17554986277461987,0.7477290132981553,168.8293670851914,-531.0,0.14691201108769292,172.0,-531.0,-0.04630211459294496,0.05819359171759576,0.25227098670184467,113.17042465293049,41.32078372235718,TRACK
10.496,168.86424311693813,-530.861629424517,-0.1020433882585605,-0.2381068466448915,0.726743484142911,-0.1763887120876571,0.7478429444048529,168.86424311693813,-531.0,0.1383705754830089,172.0,-531.0,-0.04409808391120848,0.057945304347352025,0.2521570555951471,100.80901701950437,53.63296228417242,TRACK
10.552,168.90201929780824,-530.870939801712,-0.09885146065224704,-0.23934580585939808,0.7266460205494099,-0.17731866320789016,0.7479681460477622,168.90201929780824,-531.0,0.12906019828801618,172.0,-531.0,-0.04163538335499095,0.057216077297256085,0.2520318539522378,100.80901701950437,53.63296228417242,TRACK
10.6,168.93688809690192,-530.87954655038,-0.09531337163875374,-0.2402732946700071,0.7265715734152483,-0.17801467345638233,0.7480611440657053,168.93688809690192,-531.0,0.12045344961995852,172.0,-531.0,-0.039303630599301094,0.056009741039452644,0.25193885593429466,101.60619476533319,52.66005228818272,TRACK
10.648,168.97466241265874,-530.8888641378004,-0.09234177332274741,-0.2408206694265655,0.7265217249292817,-0.17842406846057868,0.74811026259519,168.97466241265874,-531.0,0.11113586219960325,172.0,-531.0,-0.036718517590573645,0.05562325573217377,0.25188973740481,101.60619476533319,52.66005228818272,TRACK
10.696,169.00952992246715,-530.8974650761847,-0.08968112064784606,-0.24117979750339053,0.726481380223669,-0.1786908202185766,0.7481347505911451,169.00952992246715,-531.0,0.10253492381525575,172.0,-531.0,-0.03427379943055602,0.055407321217290036,0.2518652494088549,100.14725917011654,54.08993612705056,TRACK
10.752,169.0473021136717,-530.9067789795482,-0.08542189271916834,-0.24138222915731208,0.72644879948362,-0.1788387673193224,0.7481384651035444,169.0473021136717,-531.0,0.09322102045177871,172.0,-531.0,-0.03156098917691603,0.05386090354225231,0.2518615348964556,100.14725917011654,54.08993612705056,TRACK
10.796,169.0821685912609,-530.9153604503241,-0.08411201358573739,-0.2413629642418756,0.7264264520857406,-0.1788184231650179,0.7481119025607735,169.0821685912609,-531.0,0.0846395496758987,172.0,-531.0,-0.028999558208869423,0.055112455376867965,0.25188809743922647,99.0984373256083,55.18096708352428,TRACK
10.848,169.11993919893843,-530.9246521967176,-0.081191436221822,-0.24131112687843434,0.7264024378390108,-0.17877257578274922,0.7480776266875362,169.11993919893843,-531.0,0.07534780328239776,172.0,-531.0,-0.026155913049401257,0.05503552317242074,0.2519223733124638,99.0984373256083,55.18096708352428,TRACK
10.9,169.15480380034074,-530.9332147130214,-0.07696916923643093,-0.2411417049793635,0.726382636487265,-0.17863718897366582,0.7480260556121046,169.15480380034074,-531.0,0.06678528697864294,172.0,-531.0,-0.023468689159977255,0.05350048007645368,0.25197394438789544,102.93633952874357,51.421675506201964,TRACK
10.952,169.19257263623973,-530.9424798026329,-0.07454487853814729,-0.24093817610118168,0.7263620322675993,-0.1784753529104042,0.7479674147423873,169.19257263623973,-531.0,0.05752019736712555,172.0,-531.0,-0.020485712824054557,0.05405916571409273,0.25203258525761274,102.93633952874357,51.421675506201964,TRACK
10.996,169.22743355645576,-530.9510406663741,-0.07077218896378179,-0.24089218277871036,0.7263295308825153,-0.17843194417131053,0.7479254950412965,169.22743355645576,-531.0,0.04895933362593041,172.0,-531.0,-0.017656653755690768,0.05311553520809102,0.25207450495870354,100.2527510935428,54.19094585087677,TRACK
11.052,169.26519832517388,-530.9603038718536,-0.06784231998775314,-0.24076822447418716,0.726300138368672,-0.17832926213143968,0.7478724602007323,169.26519832517388,-531.0,0.039696128146374576,172.5,-531.0,-0.012270964244813224,0.05557135574293992,0.2521275397992677,100.2527510935428,54.19094585087677,TRACK
11.1,169.30005774491497,-530.9688351657762,-0.06531092970652996,-0.24050518636591134,0.7262783588850252,-0.17812137190440455,0.7478017636471799,169.30005774491497,-531.0,0.03116483422377314,172.5,-531.0,-0.009738878532555603,0.05557205117397436,0.2521982363528201,103.7862749586521,50.70195151993043,TRACK
11.152,169.33782427750185,-530.9780483443965,-0.06239893301715105,-0.24007551472842797,0.7262787487639248,-0.17779067091267128,0.7477234405645379,169.33782427750185,-531.0,0.021951655603515974,172.5,-531.0,-0.0069418352801196145,0.05545709773703143,0.2522765594354621,103.7862749586521,50.70195151993043,TRACK
11.196,169.3726862845142,-530.9865187171778,-0.059877787324411624,-0.23947174210282743,0.7262833211616044,-0.1773270709568046,0.747617785162746,169.3726862845142,-531.0,0.013481282822226603,172.5,-531.0,-0.004310792117889552,0.05556699520652207,0.252382214837254,102.13745318623849,52.46019221854836,TRACK
11.252,169.41045464345675,-530.9956601566869,-0.05694811337853789,-0.23877225403533567,0.7262942670221528,-0.17679151589476258,0.7475015735111293,169.41045464345675,-531.0,0.004339843313118763,172.5,-531.0,-0.001404685789626368,0.05554342758891152,0.25249842648887066,102.13745318623849,52.46019221854836,TRACK
11.3,169.44532060533186,-531.00404813817,-0.05309989887141242,-0.2378342762048888,0.7263222455704301,-0.1760768503126112,0.7473600615677037,169.44532060533186,-531.0,0.004048138169991944,172.5,-531.0,0.0013252244432756966,0.054425123314688115,0.25263993843229626,102.5449099562108,52.21176766826962,TRACK
11.352,169.4830961945545,-531.013079816471,-0.0501547435830374,-0.23673145655617464,0.7263682332346592,-0.17524009511358069,0.747208070879763,169.4830961945545,-531.0,0.013079816470963124,172.5,-531.0,0.004335482787369441,0.05449022637040684,0.25279192912023696,102.5449099562108,52.21176766826962,TRACK
11.4,169.51797010807672,-531.0213757649533,-0.046270094288800356,-0.23561599588673485,0.7264283043688113,-0.17439735284080043,0.7470692859876017,169.51797010807672,-531.0,0.021375764953290854,172.5,-531.0,0.007168069946444621,0.05343816423524498,0.2529307140123983,100.94022709945023,54.014296042370866,TRACK
11.452,169.55575671792,-531.0303057948652,-0.043272799958202324,-0.23437531095435754,0.7265113487078672,-0.1734642499072543,0.7469327853275759,169.55575671792,-531.0,0.030305794865171265,172.5,-531.0,0.010292873829610581,0.053565673787812906,0.2530672146724241,100.94022709945023,54.014296042370866,TRACK
11.5,169.59064392294502,-531.0384969082495,-0.04033163277634477,-0.23305837685415906,0.7266182466342853,-0.1724786308671052,0.7468085125704408,169.59064392294502,-531.0,0.03849690824949903,172.5,-531.0,0.013231333901947782,0.05356296667829255,0.2531914874295592,100.7108446860667,54.3859602902791,TRACK
11.552,169.62844774830594,-531.0473082220636,-0.037887988569127895,-0.23163541665964366,0.7267506848569731,-0.17141802996645222,0.7466931759013598,169.62844774830594,-531.0,0.047308222063634275,172.5,-531.0,0.01647330032743348,0.054361288896561374,0.25330682409864025,100.7108446860667,54.3859602902791,TRACK
11.6,169.66335365587707,-531.0553667409821,-0.03350041863271058,-0.2299746435282003,0.7269101878631852,-0.17018175325863374,0.7465656370082095,169.66335365587707,-531.0,0.0553667409820946,172.5,-531.0,0.019515901844297513,0.05301632047700809,0.25343436299179045,103.0790114360698,52.13159139681366,TRACK
11.652,169.70118007774195,-531.0640198692934,-0.032529860410852374,-0.2281952954148677,0.72709253850929,-0.16886034940548172,0.7464431506532998,169.70118007774195,-531.0,0.0640198692933609,172.5,-531.0,0.02286989131260128,0.055399751723453655,0.2535568493467002,103.0790114360698,52.13159139681366,TRACK
11.7,169.73610869571706,-531.0719274339859,-0.028614941294656807,-0.2262512224774628,0.7272979894328953,-0.16741855299690808,0.7463185226970521,169.73610869571706,-531.0,0.07192743398593393,172.5,-531.0,0.026018100971783174,0.05463304226643998,0.2536814773029479,104.04098484352349,51.31250793563381,TRACK
11.752,169.77396202172244,-531.0804023197368,-0.025694441020757797,-0.22415328137847548,0.7275256950906348,-0.1658645596940473,0.7461934663206395,169.77396202172244,-531.0,0.08040231973677692,173.0,-531.0,0.024917771927521277,0.05061221294827907,0.25380653367936046,104.04098484352349,51.31250793563381,TRACK
11.8,169.80891686992945,-531.0881487779956,-0.02274551442358752,-0.22203119078860895,0.7277708033183434,-0.16429655527150075,0.7460855850615988,169.80891686992945,-531.0,0.08814877799557053,173.0,-531.0,0.0276164436486864,0.05036195807227392,0.25391441493840117,95.43778276290101,60.05296082739463,TRACK
11.852,169.84680045933575,-531.0964345769015,-0.018750095764871855,-0.21968525322993443,0.7280367200839839,-0.16256256125495072,0.745965181568426,169.84680045933575,-531.0,0.09643457690151536,173.0,-531.0,0.030573557626855156,0.04932365339172701,0.25403481843157405,95.43778276290101,60.05296082739463,TRACK
11.9,169.88178558439023,-531.1039637021263,-0.015906358657509223,-0.21698809011149006,0.7283237382434763,-0.16056553624639083,0.7458128177492278,169.88178558439023,-531.0,0.10396370212629336,173.0,-531.0,0.033328434695459985,0.04923479335296921,0.2541871822507722,98.53699183249412,57.06855196758773,TRACK
11.952,169.91970363251593,-531.1119917170547,-0.013524191249368434,-0.21406711783474494,0.7286280614735754,-0.15840231442447636,0.745647467092708,169.91970363251593,-531.0,0.1119917170547069,173.0,-531.0,0.036341441490569566,0.049865632739938,0.254352532907292,98.53699183249412,57.06855196758773,TRACK
12.0,169.95472149196962,-531.1192823653907,-0.011249877608074055,-0.21098787232238328,0.7289467984743025,-0.1561224818261898,0.7454781447752203,169.95472149196962,-531.0,0.11928236539074533,173.0,-531.0,0.0391495943167222,0.050399471924796255,0.25452185522477966,100.93074340387008,54.894989901101525,TRACK
12.052,169.99267665173662,-531.1270629669615,-0.006911827004785654,-0.20791086316673232,0.7292828405169154,-0.15384904683626077,0.745334147000422,169.99267665173662,-531.0,0.1270629669614891,173.0,-531.0,0.04222606743395834,0.049137894438743994,0.254665852999578,100.93074340387008,54.894989901101525,TRACK
12.1,170.0277311680224,-531.1341333850157,-0.004556557516315118,-0.2048025763255899,0.7296396942531603,-0.1515570120890745,0.7452138024374033,170.0277311680224,-531.0,0.1341333850157298,173.0,-531.0,0.04509768352769914,0.04965424104401426,0.2547861975625967,99.34571655991707,56.65023770600835,TRACK
12.152,170.06572884493718,-531.1416680100109,-0.001738692892340632,-0.2016357647147644,0.7300193958832981,-0.14922587994079767,0.745115213648145,170.06572884493718,-531.0,0.14166801001090334,173.0,-531.0,0.048243015036605164,0.049981707928945796,0.25488478635185496,99.34571655991707,56.65023770600835,TRACK
12.196,170.10082488728213,-531.1485078666358,0.0021412228899246877,-0.198430741620584,0.7304212494227115,-0.1468707765179267,0.7450410905468327,170.10082488728213,-531.0,0.1485078666357822,173.0,-531.0,0.05117944733486046,0.049038224444935774,0.25495890945316735,101.55768667208541,54.510931105740255,TRACK
12.248,170.13886963260074,-531.1557800078494,0.0049471406219274705,-0.19508455753249743,0.7308442133077413,-0.14441310905937338,0.7449754426782172,170.13886963260074,-531.0,0.1557800078494438,173.0,-531.0,0.05439330811617583,0.04944616749424836,0.25502455732178275,101.55768667208541,54.510931105740255,TRACK
12.3,170.17401105225022,-531.1623770009267,0.007127218023351256,-0.1917537159598074,0.7312882569274699,-0.14197159540991444,0.7449419095629227,170.17401105225022,-531.0,0.16237700092665364,173.0,-531.0,0.05739536229217363,0.050268144268822375,0.2550580904370773,99.89562271658917,56.20980412699327,TRACK
12.348,170.21210686671188,-531.1693917870923,0.009924839134149543,-0.1883734265626844,0.7317515028024628,-0.13949644390066174,0.7449292044983826,170.21210686671188,-531.0,0.16939178709230873,173.0,-531.0,0.0606851800719234,0.05076034093777386,0.2550707955016174,99.89562271658917,56.20980412699327,TRACK
12.396,170.24729649218372,-531.1757271937191,0.012065844091245559,-0.18478762160771406,0.7322294958871298,-0.13686836185597456,0.7449113928006862,170.24729649218372,-531.0,0.17572719371912626,173.0,-531.0,0.0637515307501762,0.05168568665893064,0.2550886071993138,102.6099582648511,53.47351529510921,TRACK
12.452,170.28544531050727,-531.1824501341712,0.014843964541353838,-0.18116526243272446,0.7327200648889853,-0.13421499594133812,0.744910973624669,170.28544531050727,-531.0,0.18245013417117661,173.5,-531.0,0.05669668544769202,0.04185272090633818,0.25508902637533104,102.6099582648511,53.47351529510921,TRACK
12.5,170.32068467391534,-531.188525370078,0.01876597514444911,-0.17750954505432964,0.7332217336949953,-0.1315383425155609,0.7449271416148264,170.32068467391534,-531.0,0.18852537007796855,173.5,-531.0,0.0592281205422788,0.04046214539782969,0.2550728583851736,87.05751338018071,69.02180019529906,TRACK
12.552,170.3588876865145,-531.1949470178421,0.02153378209297485,-0.17366859028823134,0.7337297886268295,-0.12872255181665088,0.7449354992645754,170.3588876865145,-531.0,0.19494701784208246,173.5,-531.0,0.06198355068457523,0.04044976859160038,0.25506450073542464,87.05751338018071,69.02180019529906,TRACK
12.6,170.39417587824036,-531.2006873361487,0.025347438063339167,-0.16932501010489687,0.7342340939418968,-0.12552614633316683,0.744886916330213,170.39417587824036,-531.0,0.2006873361486896,173.5,-531.0,0.06452674617971717,0.039179308116378,0.255113083669787,94.22256318508985,61.82158280092938,TRACK
12.652,170.4324300738826,-531.2067011535663,0.027957732290992077,-0.16463776948981684,0.7347323240389367,-0.12206961235056996,0.7448037179331717,170.4324300738826,-531.0,0.20670115356631413,173.5,-531.0,0.0672809979072807,0.03932326561628863,0.2551962820668283,94.22256318508985,61.82158280092938,TRACK
12.7,170.46776569627775,-531.2120964125907,0.030234649133986657,-0.1600456011291326,0.7352315905898565,-0.11868567841368144,0.7447494760399676,170.46776569627775,-531.0,0.21209641259065393,173.5,-531.0,0.06983349608359399,0.03959884694960733,0.25525052396003245,94.02554827545741,62.17034489407472,TRACK
12.752,170.50607250187758,-531.2177760834285,0.032341004380682215,-0.15554821806781202,0.7357348023437995,-0.11537424468499821,0.7447260675688099,170.50607250187758,-531.0,0.21777608342847543,173.5,-531.0,0.07261138214942198,0.04027037776873976,0.2552739324311901,94.02554827545741,62.17034489407472,TRACK
12.8,170.5414573528226,-531.2228597291431,0.03409298315745746,-0.15104807732724065,0.7362421596641486,-0.11206150904789638,0.7447216254930573,170.5414573528226,-531.0,0.22285972914312424,173.5,-531.0,0.0751855441226181,0.041092560965160646,0.2552783745069427,96.7810532136705,59.43014438986517,TRACK
12.852,170.57981836535356,-531.2282109557948,0.036559625695533615,-0.14669149285865854,0.7367565265863052,-0.10885785257505952,0.7447551352859344,170.57981836535356,-531.0,0.22821095579479334,173.5,-531.0,0.07799106042402829,0.04143143472849467,0.2552448647140656,96.7810532136705,59.43014438986517,TRACK
12.9,170.61525412329226,-531.2330070924568,0.040197454056343895,-0.14243412252928264,0.737277477250785,-0.10572943400072762,0.7448199726614452,170.61525412329226,-531.0,0.23300709245677353,173.5,-531.0,0.08059716635664732,0.040399712300303425,0.2551800273385548,97.65528611610924,58.485828356748016,TRACK
12.948,170.65367048729172,-531.2380482478395,0.04265634038888022,-0.13824866390067037,0.7378020409786064,-0.1026549856381573,0.7449093218295549,170.65367048729172,-531.0,0.23804824783951517,173.5,-531.0,0.08343923329412818,0.04078289290524796,0.25509067817044506,97.65528611610924,58.485828356748016,TRACK
13.0,170.68915754059157,-531.2425693775587,0.04472959658632791,-0.134212157841203,0.7383310902808053,-0.09969231153351102,0.7450311106619222,170.68915754059157,-531.0,0.24256937755865238,173.5,-531.0,0.08608447292311817,0.04135487633679026,0.2549688893380778,95.37561485975057,60.61722694727179,TRACK
13.048,170.72762866283003,-531.2473087613262,0.048769315851458384,-0.13013801827029245,0.7388554545183299,-0.09669970093197604,0.7451565035828523,170.72762866283003,-531.0,0.24730876132616686,173.5,-531.0,0.08896928290505395,0.04019996705359556,0.25484349641714765,95.37561485975057,60.61722694727179,TRACK
13.1,170.76316496840897,-531.2515378558658,0.050399023490418804,-0.12604599106338182,0.7393749402833805,-0.09369195329033994,0.7452875179623041,170.76316496840897,-531.0,0.25153785586576305,174.0,-531.0,0.07755518396620907,0.027156160475790267,0.2547124820376959,95.08633493511874,60.72333083989927,TRACK
13.152,170.80168832093818,-531.2559607502113,0.05281467653927074,-0.12193701305826697,0.7398855070538873,-0.09066925081080286,0.7454203355094227,170.80168832093818,-531.0,0.25596075021132947,174.0,-531.0,0.07985975339818267,0.027045076858911936,0.25457966449057734,95.08633493511874,60.72333083989927,TRACK
13.2,170.83727074496295,-531.2598891494066,0.05684809738770457,-0.11774279574075916,0.7403807547656198,-0.08757959049256378,0.7455426525009512,170.83727074496295,-531.0,0.2598891494066038,174.0,-531.0,0.08198822486272261,0.025140127475018044,0.2544573474990488,74.6558952685347,81.00012195167913,TRACK
13.252,170.8758402665602,-531.263954745507,0.05670650683703803,-0.11328932710820633,0.7408500398099274,-0.08429132295759241,0.7456298066817824,170.8758402665602,-531.0,0.26395474550702147,174.0,-531.0,0.08428805980009267,0.02758155296305464,0.25437019331821764,74.6558952685347,81.00012195167913,TRACK
13.3,170.9114590500114,-531.2674804930871,0.06045934010180387,-0.10817033150100777,0.7412728218746714,-0.08049793602701226,0.7456308162587214,170.9114590500114,-531.0,0.2674804930870778,174.0,-531.0,0.08638861019558455,0.025929270093780682,0.2543691837412786,89.34306053122668,66.22521594775958,TRACK
13.352,170.95006447622586,-531.2710934028185,0.061639206826360704,-0.102970451978289,0.7416715491236514,-0.07664132007103223,0.7456209350076668,170.95006447622586,-531.0,0.27109340281845107,174.0,-531.0,0.08865198565887586,0.027012778832515155,0.2543790649923332,89.34306053122668,66.22521594775958,TRACK
13.4,170.98571895547747,-531.2742863090274,0.06547265951157866,-0.09818976809183474,0.7420670848066575,-0.07309846581967375,0.7456587316317305,170.98571895547747,-531.0,0.2742863090273886,174.0,-531.0,0.09074568548249609,0.025273025970917434,0.25434126836826954,89.34306053122668,66.22521594775958,TRACK
13.452,171.02436410828855,-531.2775879343827,0.06749061970400239,-0.09365209006194068,0.7424552105835579,-0.06973648113599895,0.7457230830032733,171.02436410828855,-531.0,0.2775879343827228,174.0,-531.0,0.09301772501020811,0.025527105306205722,0.2542769169967267,87.96240930219003,67.72140589153568,TRACK
13.5,171.06005481645613,-531.2805007470189,0.06854370245408868,-0.08937399510614884,0.7428406339345729,-0.06656797154379376,0.7458173384011486,171.06005481645613,-531.0,0.28050074701889116,174.0,-531.0,0.09512225763857039,0.02657855518448171,0.2541826615988514,86.164905776204,69.4064236443638,TRACK
13.552,171.09873824522012,-531.2835121686973,0.07204979450325943,-0.08528378886770353,0.743215644122782,-0.06353836587708259,0.745926683801546,171.09873824522012,-531.0,0.28351216869725704,174.0,-531.0,0.09741101791358321,0.025361223410323777,0.25407331619845397,86.164905776204,69.4064236443638,TRACK
13.6,171.13446095771923,-531.2861468560997,0.07393262598486028,-0.08120054217632364,0.7435682806524735,-0.06051120012931181,0.7460264025713602,171.13446095771923,-531.0,0.2861468560996627,174.0,-531.0,0.09952800753446608,0.025595381549605806,0.2539735974286398,87.41330348248846,67.99455010171772,TRACK
13.652,171.1731761416584,-531.2888576324316,0.07323735100671347,-0.07724578851165295,0.7439023512453832,-0.05757789001046183,0.7461272824434624,171.1731761416584,-531.0,0.28885763243158635,174.0,-531.0,0.10183107017028895,0.028593719163575476,0.2538727175565376,87.41330348248846,67.99455010171772,TRACK
13.7,171.2089262819218,-531.2912248573131,0.07631827348024921,-0.07335052109700299,0.7442146343969148,-0.05468664326760561,0.7462211810196839,171.2089262819218,-531.0,0.29122485731306824,174.0,-531.0,0.10396530778089891,0.0276470343006497,0.25377881898031607,92.72984281726784,62.569124908147764,TRACK
13.752,171.24766921159627,-531.2936541664453,0.07811379900701865,-0.0695943338927184,0.744509231320766,-0.05189743728334087,0.7463158443436774,171.24766921159627,-531.0,0.2936541664453216,174.0,-531.0,0.10629080565725911,0.028177006650240463,0.25368415565632263,92.72984281726784,62.569124908147764,TRACK
13.8,171.28344569599165,-531.2958033241127,0.07922021387316613,-0.06623513419516806,0.7448011990747394,-0.04940427555909423,0.7464379469096467,171.28344569599165,-531.0,0.2958033241127396,174.5,-531.0,0.0917048547286354,0.01248464085546927,0.2535620530903533,88.6504010202622,66.5508844551174,TRACK
13.852,171.32221656598065,-531.2980227762146,0.083025705738341,-0.06306583754638906,0.7450785581707542,-0.04705139902955053,0.7465627180595398,171.32221656598065,-531.0,0.29802277621456597,174.5,-531.0,0.09350971577986898,0.010484010041527977,0.2534372819404602,88.6504010202622,66.5508844551174,TRACK
13.9,171.35801625909275,-531.2999739000421,0.08409627298718592,-0.06004837028117487,0.7453404917533604,-0.044810353945112874,0.7466862905315909,171.35801625909275,-531.0,0.29997390004211866,174.5,-531.0,0.09518426935283614,0.011087996365650221,0.25331370946840914,60.7735623406832,94.26229413735213,TRACK
13.952,171.3968037656075,-531.3019132138363,0.08706371243384514,-0.056515848041699984,0.7455410750274345,-0.042179803679104885,0.7467333060681508,171.3968037656075,-531.0,0.30191321383631475,174.5,-531.0,0.09698580867293459,0.009922096239089448,0.2532666939318492,60.7735623406832,94.26229413735213,TRACK
14.0,171.43260639560066,-531.303501437021,0.08591932021936532,-0.052251744867068,0.7456625424679327,-0.0389976664468136,0.746681622398756,171.43260639560066,-531.0,0.3035014370210547,174.5,-531.0,0.09862340068759864,0.01270408046823332,0.253318377601244,78.47565360898268,76.50497453996489,TRACK
14.052,171.47139611604763,-531.3050793132692,0.08724934101861348,-0.04819338235400941,0.7457653094587703,-0.03596880409123962,0.7466322064175168,171.47139611604763,-531.0,0.30507931326917515,174.5,-531.0,0.1003940017489781,0.013144660730364618,0.2533677935824832,78.47565360898268,76.50497453996489,TRACK
14.1,171.50720490929893,-531.3064171969025,0.08982950546590507,-0.04439660418845542,0.7458532352723054,-0.0331351241526186,0.7465888996085961,171.50720490929893,-531.0,0.30641719690254376,174.5,-531.0,0.10202943428351315,0.012199928817608077,0.2534111003914039,84.32465627749686,70.84930695247512,TRACK
14.152,171.54600139097928,-531.3077546805526,0.09106427460177224,-0.040919231288835844,0.7459347680832046,-0.030540124497981314,0.7465596944918045,171.54600139097928,-531.0,0.3077546805526481,174.5,-531.0,0.10380791019416151,0.012743635592389266,0.2534403055081955,84.32465627749686,70.84930695247512,TRACK
14.2,171.58181777835813,-531.3089092244699,0.09136024340145842,-0.03787587160376891,0.7460187572248216,-0.028269630320007802,0.7465541896806267,171.58181777835813,-531.0,0.3089092244698577,174.5,-531.0,0.10546396855573884,0.01410372515428042,0.2534458103193733,80.32283250027125,74.87655230034635,TRACK
14.252,171.62062059968352,-531.310060665885,0.09481254093950553,-0.03500227864672411,0.7460850280401008,-0.026125346155913914,0.7465422980497249,171.62062059968352,-531.0,0.3100606658849756,174.5,-531.0,0.1072698104948777,0.012457269555372172,0.25345770195027506,80.32283250027125,74.87655230034635,TRACK
14.296,171.6564399191976,-531.3110432485583,0.09482802507918266,-0.03235021233957273,0.7461378063495339,-0.02414614032802322,0.7465284067983181,171.6564399191976,-531.0,0.31104324855834875,174.5,-531.0,0.10895198788951417,0.014123962810331514,0.2534715932016819,80.29407545227072,74.88695171629105,TRACK
14.352,171.6952450596545,-531.3120321678093,0.09747222896586917,-0.029945263179146895,0.7461780195101879,-0.022351178479371327,0.7465127004810856,171.6952450596545,-531.0,0.3120321678093205,174.5,-531.0,0.11079553437659863,0.013323305410729458,0.25348729951891436,80.29407545227072,74.88695171629105,TRACK
14.4,171.73106453182632,-531.312875582607,0.09855314864524665,-0.02770422487170595,0.7461993639345013,-0.020678165578256698,0.7464858185310261,171.73106453182632,-531.0,0.31287558260703463,174.5,-531.0,0.11251764889477846,0.013964500249531803,0.25351418146897386,82.00593024625083,73.19757062094446,TRACK
14.452,171.76986916447885,-531.3137364993058,0.09842006166495375,-0.025771648153379012,0.7462146140263691,-0.01923543925239233,0.7464624922323663,171.76986916447885,-531.0,0.3137364993058327,175.0,-531.0,0.09682439479585446,-0.0015956668690992881,0.25353750776763373,82.00593024625083,73.19757062094446,TRACK
14.5,171.80568787019823,-531.3144808366599,0.09944415365855774,-0.024023886148677086,0.7462175616542771,-0.017930495387230176,0.7464329521035941,171.80568787019823,-531.0,0.31448083665986815,175.0,-531.0,0.09813401503937315,-0.0013101386191845948,0.25356704789640594,57.294651056278695,97.94692935706996,TRACK
14.552,171.84448194257618,-531.3151595004393,0.10022101243650039,-0.021738362551867924,0.7461553637730469,-0.016222751286577523,0.7463316987416481,171.84448194257618,-531.0,0.3151595004393357,175.0,-531.0,0.09954555832268264,-0.0006754541138177528,0.25366830125835194,57.294651056278695,97.94692935706996,TRACK
14.6,171.8802808739817,-531.3156587190766,0.10234309394354192,-0.019011464407779073,0.7460348612843163,-0.014184924233162774,0.7461697034368319,171.8802808739817,-531.0,0.31565871907662313,175.0,-531.0,0.10083858945183359,-0.0015045044917083306,0.25383029656316813,74.5150823754014,80.83932586113521,TRACK
14.652,171.919055942453,-531.3161180499053,0.10182050094911754,-0.016504342542538776,0.745908697622565,-0.012311850559950464,0.7460102994283668,171.919055942453,-531.0,0.3161180499052989,175.0,-531.0,0.10224647815344079,0.0004259772043232468,0.25398970057163317,74.5150823754014,80.83932586113521,TRACK
14.696,171.9548431785383,-531.3164892396758,0.10229588162657201,-0.01435869308347888,0.7457892499099649,-0.010709294940356185,0.7458661369705609,171.9548431785383,-531.0,0.316489239675775,175.0,-531.0,0.10356018743926114,0.0012643058126891316,0.2541338630294391,75.4426011051626,80.18530063276233,TRACK
14.748,171.99360679372705,-531.3168349541938,0.10282980234456153,-0.012455190148986937,0.7456719608272341,-0.009287966352032493,0.7457298032685087,171.99360679372705,-531.0,0.3168349541938369,175.0,-531.0,0.10499948569315636,0.0021696833485948253,0.2542701967314913,75.4426011051626,80.18530063276233,TRACK
14.8,172.02938184804404,-531.3170965432756,0.10203067267630406,-0.010655669825267288,0.7455465455990559,-0.007944598516857604,0.7455888735089058,172.02938184804404,-531.0,0.31709654327562475,175.0,-531.0,0.1063416182696728,0.00431094559336874,0.2544111264910942,77.13708991915836,78.6244642462723,TRACK
14.852,172.06813203093682,-531.3173384673888,0.10248543096303851,-0.009111778422455587,0.7454237933408181,-0.006792324413248023,0.7454547386324333,172.06813203093682,-531.0,0.3173384673888222,175.0,-531.0,0.10781790375410143,0.005332472791062914,0.2545452613675667,77.13708991915836,78.6244642462723,TRACK
14.9,172.10389525388632,-531.3175262516563,0.10430988520351091,-0.007760852064320496,0.7452989663449558,-0.005784271152434552,0.7453214118939724,172.10389525388632,-531.0,0.317526251656318,175.0,-531.0,0.10920290489269263,0.004893019689181724,0.2546785881060276,80.43281051929226,75.47738359186134,TRACK
14.952,172.1426332637115,-531.3177101334552,0.10473729138940047,-0.006706246852973066,0.7451809327167881,-0.004997442203052302,0.7451976898201141,172.1426332637115,-531.0,0.3177101334551935,175.0,-531.0,0.11073498348346916,0.005997692094068696,0.25480231017988586,80.43281051929226,75.47738359186134,TRACK
15.0,172.17838798291504,-531.3178849182653,0.1065757721688525,-0.006070166848822398,0.7450791004583792,-0.004522810006037215,0.7450928276062105,172.17838798291504,-531.0,0.31788491826534937,175.0,-531.0,0.11218769779920419,0.005611925630351691,0.25490717239378946,78.24103626039398,77.80150437464319,TRACK
15.052,172.21711686096205,-531.318069802654,0.10572920183546053,-0.005616548099976926,0.7449765559989779,-0.004184240658360832,0.7449883065243276,172.21711686096205,-531.0,0.3180698026540085,175.0,-531.0,0.11380123494658942,0.00807203311112889,0.25501169347567243,78.24103626039398,77.80150437464319,TRACK
15.1,172.2528618599039,-531.3182428349056,0.10606754915297634,-0.005345071305519067,0.7448753786836577,-0.0039814499292543755,0.7448860192758766,172.2528618599039,-531.0,0.3182428349056181,175.5,-531.0,0.09769517128968314,-0.008372377863293201,0.2551139807241234,80.90843397598867,75.22519217076412,TRACK
15.152,172.29158032717012,-531.3184368715438,0.10797739688084172,-0.005228327614377394,0.744774064282409,-0.0038939582878061065,0.7447842437504201,172.29158032717012,-531.0,0.3184368715437813,175.5,-531.0,0.09892639946098533,-0.00905099741985639,0.25521575624957993,80.90843397598867,75.22519217076412,TRACK
15.196,172.3273139788197,-531.3186131062935,0.10549936828926067,-0.005124592850917211,0.7446610183949867,-0.0038161179368813624,0.7446707964417343,172.3273139788197,-531.0,0.3186131062934692,175.5,-531.0,0.10008821380742038,-0.005411154481840291,0.2553292035582657,51.43368046881187,104.80956321362555,TRACK
15.252,172.36600833328757,-531.3187111837788,0.1058272175142947,-0.004218551033102817,0.7444724324136186,-0.0031406135791978117,0.7444790568427723,172.36600833328757,-531.0,0.31871118377875973,175.5,-531.0,0.10134655595161911,-0.0044806615626755975,0.25552094315722773,51.43368046881187,104.80956321362555,TRACK
15.3,172.40170682937094,-531.3186864716524,0.10740306711147007,-0.002500914825148853,0.7442086150100814,-0.001861206238635139,0.7442109423704318,172.40170682937094,-531.0,0.3186864716524269,175.5,-531.0,0.1024982605006751,-0.004904806610794968,0.25578905762956816,76.84852977139172,79.61393508670704,TRACK
15.352,172.44036952041645,-531.31862966876,0.10741955100088907,-0.0011122247336033215,0.7439652510244534,-0.0008274568943309854,0.7439657111835128,172.44036952041645,-531.0,0.3186296687599679,175.5,-531.0,0.10376587933041721,-0.003653671670471856,0.25603428881648715,76.84852977139172,79.61393508670704,TRACK
15.396,172.47605113319062,-531.3185767314958,0.10888564751520247,-0.0002041612132940787,0.7437558396442232,-0.00015184609672606045,0.7437558551447649,172.47605113319062,-531.0,0.3185767314957957,175.5,-531.0,0.10496404450970792,-0.003921603005494545,0.25624414485523506,73.54986984004469,83.30062953476016,TRACK
15.452,172.51469710861315,-531.3184959743402,0.10889813073786823,0.0005982821786066626,0.7435584380357291,0.00044485781530708525,0.7435585711109844,172.51469710861315,-531.0,0.3184959743401805,175.5,-531.0,0.10628594937998861,-0.00261218135787962,0.25644142888901555,73.54986984004469,83.30062953476016,TRACK
15.5,172.5503629019362,-531.3184016151206,0.10741262477168623,0.001314533846955179,0.7433760610372284,0.0009771935561129598,0.7433767033143232,172.5503629019362,-531.0,0.3184016151205924,175.5,-531.0,0.10752966248257728,0.00011703771089105475,0.25662329668567685,74.42433304698396,82.59642703136534,TRACK
15.552,172.58899352695434,-531.3182816253919,0.10736607216435767,0.0019413093833877215,0.7432082619116085,0.0014427989851443206,0.7432096623716524,172.58899352695434,-531.0,0.3182816253919327,175.5,-531.0,0.10890471518544916,0.001538643021091482,0.2567903376283476,74.42433304698396,82.59642703136534,TRACK
15.6,172.6246454948681,-531.3181501624579,0.10877315277966848,0.002552190498220754,0.7430476362804039,0.0018964032345609853,0.7430500562728756,172.6246454948681,-531.0,0.31815016245786865,175.5,-531.0,0.11019902579826704,0.0014258730185985613,0.25694994372712443,80.03833501690681,77.14494914452996,TRACK
15.652,172.66326430275626,-531.3180129313434,0.10721267092541266,0.0029025208688357616,0.7429152474448528,0.0021563330649225733,0.7429183768479104,172.66326430275626,-531.0,0.3180129313434463,175.5,-531.0,0.1116391174121186,0.00442644648670594,0.2570816231520896,80.03833501690681,77.14494914452996,TRACK
15.7,172.69890943429422,-531.3178937021092,0.10716854849486257,0.00305730592930584,0.7428073283034669,0.0022709963249164735,0.7428107998714357,172.69890943429422,-531.0,0.31789370210924517,175.5,-531.0,0.11300575325475168,0.005837204759889109,0.2571892001285643,80.35269880736465,76.96170242864878,TRACK
15.752,172.7375222932778,-531.3177727624202,0.10714808940012954,0.003083477695700765,0.7427190065559903,0.002290164749062317,0.7427225373947495,172.7375222932778,-531.0,0.3177727624201907,175.5,-531.0,0.11452840421302356,0.007380314812894015,0.25727746260525053,80.35269880736465,76.96170242864878,TRACK
15.796,172.7731634177488,-531.3176752138601,0.10866439244751391,0.0029622171910283946,0.7426505535290839,0.002199898671100495,0.7426538118202975,172.7731634177488,-531.0,0.31767521386007047,176.0,-531.0,0.09813166295150591,-0.010532729496008003,0.25734618817970245,82.06918518201849,75.30463206357948,TRACK
15.852,172.81177199203404,-531.3175730470716,0.10716227562536806,0.002851633369472847,0.7425882636368307,0.002117595212331468,0.742591282941462,172.81177199203404,-531.0,0.31757304707161893,176.0,-531.0,0.09928052846547036,-0.0078817471598977,0.25740871705853796,82.06918518201849,75.30463206357948,TRACK
15.896,172.84740914186796,-531.317487342754,0.10719998689009058,0.0026953006590433918,0.742536588902929,0.0020013642038368244,0.7425392860436906,172.84740914186796,-531.0,0.3174873427540206,176.0,-531.0,0.1003684071851763,-0.006831579704914284,0.25746071395630943,54.60644149486444,102.8068852132543,TRACK
15.952,172.88600448792818,-531.3173108027539,0.10719985054968095,0.0033526981205010513,0.7424251504999041,0.0024891367331514765,0.7424293231658361,172.88600448792818,-531.0,0.31731080275392287,176.0,-531.0,0.10154778737951656,-0.005652063170164395,0.2575706768341639,54.60644149486444,102.8068852132543,TRACK
16.0,172.92161639782785,-531.317036435258,0.1054630056603021,0.004875073733980099,0.742246524176718,0.0036185352006480407,0.742255344507143,172.92161639782785,-531.0,0.31703643525804637,176.0,-531.0,0.1026261412998168,-0.0028368643604853028,0.25774465549285697,74.2679870448143,83.25004200495664,TRACK
16.052,172.9601893087425,-531.3167002413953,0.10669560578960846,0.006218732287267532,0.7420856026405095,0.00461489118720536,0.7420999520731678,172.9601893087425,-531.0,0.31670024139532416,176.0,-531.0,0.10380968437273277,-0.0028859214168756864,0.2579000479268322,74.2679870448143,83.25004200495664,TRACK
16.096,172.99578951145742,-531.3163544031983,0.10646748252093974,0.007441721471488375,0.7419404531791569,0.005521416125268717,0.7419609976944348,172.99578951145742,-531.0,0.316354403198261,176.0,-531.0,0.1049170110775062,-0.0015504714434335376,0.2580390023055652,76.46760078469252,81.31655440659331,TRACK
16.152,173.03435155678207,-531.3159391126369,0.10618835239359914,0.008605919965341482,0.7418135227131577,0.006384145413680296,0.7418409936049419,173.03435155678207,-531.0,0.31593911263689733,176.0,-531.0,0.10613259373702978,-5.575865656935741e-05,0.25815900639505807,76.46760078469252,81.31655440659331,TRACK
16.2,173.0699447870739,-531.3155263298654,0.10749206000258282,0.009652451624068765,0.7417127606414406,0.007159568894347787,0.7417473146059242,173.0699447870739,-531.0,0.3155263298654063,176.0,-531.0,0.10727275663787976,-0.00021930336470306344,0.25825268539407575,78.12894944930572,79.76204869691655,TRACK
16.252,173.10850160486092,-531.315038784425,0.10555907850698865,0.010699363859449784,0.7416303372142252,0.007935275629933677,0.7416727888198463,173.10850160486092,-531.0,0.31503878442504174,176.0,-531.0,0.10852539140519558,0.002966312898206938,0.25832721118015367,78.12894944930572,79.76204869691655,TRACK
16.3,173.14409260777404,-531.3145631700656,0.10534849144858449,0.011631369781950592,0.7415774487640869,0.008625950530098115,0.7416276151398353,173.14409260777404,-531.0,0.3145631700656395,176.0,-531.0,0.10970253164582372,0.004354040197239228,0.25837238486016467,80.00298814445519,77.93459428077658,TRACK
16.352,173.18265127643687,-531.3140254319833,0.10669223420852657,0.01244113345797623,0.741554842311861,0.009226258783508271,0.7416122356105711,173.18265127643687,-531.0,0.31402543198328203,176.0,-531.0,0.11100315445081335,0.004310920242286784,0.2583877643894289,80.00298814445519,77.93459428077658,TRACK
16.4,173.2182457683299,-531.313502480126,0.10324799863953806,0.01322855651034631,0.7415538175560044,0.00981025883547008,0.7416187062839655,173.2182457683299,-531.0,0.31350248012597604,176.0,-531.0,0.11222602471640301,0.008978026076864959,0.25838129371603447,78.96494697818378,78.95140562226956,TRACK
16.452,173.25680993583393,-531.3129128126321,0.10465346165761646,0.013949893325412814,0.7415764934577744,0.01034558406698688,0.7416486545250491,173.25680993583393,-531.0,0.3129128126321348,176.5,-531.0,0.09618530766549098,-0.008468153992125485,0.25835134547495087,78.96494697818378,78.95140562226956,TRACK
16.5,173.29241012352034,-531.3123325894809,0.10451151481513499,0.014771423208601659,0.7416094226276554,0.010955423454711635,0.7416903376970718,173.29241012352034,-531.0,0.3123325894808886,176.5,-531.0,0.09706697317657469,-0.007444541638560301,0.2583096623029282,57.10410137382963,100.74306131288057,TRACK
16.552,173.33097225743393,-531.3115901862567,0.10255103998203796,0.016338873842755824,0.7415989491263497,0.01211797002379331,0.7416979483204762,173.33097225743393,-531.0,0.3115901862566943,176.5,-531.0,0.09800856715362918,-0.004542472828408778,0.2583020516795238,57.10410137382963,100.74306131288057,TRACK
16.6,173.36656254530783,-531.3107876618575,0.1055912436733688,0.018510982296212654,0.7415518326793168,0.013728420926336242,0.7416788995860568,173.36656254530783,-531.0,0.3107876618574892,176.5,-531.0,0.09886091984660365,-0.006730323826765153,0.2583211004139432,76.79313739520578,81.0203695425241,TRACK
16.652,173.40511866071125,-531.3098451117238,0.10517081481301838,0.020586610501452964,0.7415210064569084,0.01526756104039233,0.7416781656736219,173.40511866071125,-531.0,0.3098451117238028,176.5,-531.0,0.09978285374305629,-0.005387961069962088,0.2583218343263781,76.79313739520578,81.0203695425241,TRACK
16.7,173.44071135709657,-531.3089258869322,0.10296723408163722,0.02241859735201927,0.7415187320066405,0.01662659544814514,0.741705112287176,173.44071135709657,-531.0,0.30892588693222933,176.5,-531.0,0.1006385055442973,-0.002328728537339911,0.25829488771282405,71.32944347410005,86.52995946238094,TRACK
16.752,173.47927115764114,-531.3078534264313,0.1026156672575409,0.024304290367928985,0.7415242948542518,0.01802577118230402,0.7417433574261465,173.47927115764114,-531.0,0.30785342643127933,176.5,-531.0,0.10156296951889593,-0.0010526977386449698,0.2582566425738535,71.32944347410005,86.52995946238094,TRACK
16.8,173.51486398137305,-531.306769397992,0.10042167797270207,0.02645444536187244,0.7415217980338199,0.019621125305224148,0.741781346164456,173.51486398137305,-531.0,0.3067693979919568,176.5,-531.0,0.10240614835725244,0.001984470384550366,0.258218653835544,79.09912773336279,78.68132945644717,TRACK
16.852,173.553425356744,-531.305521973741,0.09996384582777029,0.028513920668982888,0.7415368875647976,0.021149856214777003,0.7418384406575282,173.553425356744,-531.0,0.3055219737409516,176.5,-531.0,0.10331796330915544,0.0033541174813851438,0.25816155934247176,79.09912773336279,78.68132945644717,TRACK
16.9,173.5890241459909,-531.3043101164264,0.10116508078517517,0.030444573322449184,0.7415734818424733,0.02258386612451349,0.741917286482192,173.5890241459909,-531.0,0.3043101164264499,176.5,-531.0,0.10416053095814688,0.002995450172971717,0.258082713517808,81.54380420872235,76.16917122891411,TRACK
16.952,173.627595142752,-531.3029420051073,0.10084861079358887,0.03219871078672808,0.7416352413973654,0.023887954552151126,0.7420198552971572,173.627595142752,-531.0,0.3029420051072975,176.5,-531.0,0.10507788229033706,0.004229271496748191,0.2579801447028428,81.54380420872235,76.16917122891411,TRACK
17.0,173.6632065155813,-531.3016443329535,0.09867093713333963,0.03367794602224991,0.7417291671218985,0.024989363246896074,0.7421500021119926,173.6632065155813,-531.0,0.301644332953515,176.5,-531.0,0.10593478889711538,0.007263851763775753,0.25784999788800744,78.23817484048791,79.33119928616247,TRACK
17.052,173.70179204171725,-531.3001833281431,0.10009218345112993,0.035137283589295375,0.7418342306982035,0.026076772334197244,0.7422924113117182,173.70179204171725,-531.0,0.30018332814313453,176.5,-531.0,0.10686828165429808,0.006776098203168157,0.2577075886882818,78.23817484048791,79.33119928616247,TRACK
17.1,173.73741603767758,-531.2987843970577,0.09984672112593906,0.03657700903731988,0.7419505538311668,0.027150441181738105,0.7424471501640626,173.73741603767758,-531.0,0.298784397057716,176.5,-531.0,0.1077351934139423,0.00788847228800324,0.2575528498359374,81.29372442766797,76.07944746571007,TRACK
17.152,173.77601597691543,-531.2972156941108,0.1012943497516654,0.03799182928764632,0.7420751433219774,0.02820636429523103,0.7426110134674065,173.77601597691543,-531.0,0.2972156941108324,177.0,-531.0,0.09192910610008666,-0.009365243651578745,0.25738898653259346,81.29372442766797,76.07944746571007,TRACK
17.2,173.81165227803578,-531.2957072228606,0.10107329875263549,0.039501847278140156,0.7421968721618354,0.029333406324537944,0.7427763093781413,173.81165227803578,-531.0,0.2957072228606421,177.0,-531.0,0.09248166141793432,-0.008591637334701169,0.2572236906218587,52.734535640136784,104.43994491586494,TRACK
17.248,173.8502553218409,-531.2939184869922,0.09724532728756885,0.04188323874701037,0.7422561463627673,0.031106282456250932,0.7429076575332588,173.8502553218409,-531.0,0.29391848699219736,177.0,-531.0,0.09304557330908039,-0.0041997539784884574,0.2570923424667412,52.734535640136784,104.43994491586494,TRACK
17.296,173.88588297288538,-531.2920917948132,0.09856760687675846,0.04515439706053772,0.7422514506684456,0.03353871406808626,0.7430087895582075,173.88588297288538,-531.0,0.29209179481324554,177.0,-531.0,0.09352240378863155,-0.005045203088126907,0.2569912104417925,77.88137657104623,79.14096259173128,TRACK
17.352,173.92448203256177,-531.2900124579159,0.0980405963578761,0.04818764127472751,0.7422648061409365,0.035795700953648826,0.74312742826665,173.92448203256177,-531.0,0.29001245791585006,177.0,-531.0,0.09401909743315305,-0.0040214989247230465,0.25687257173335,77.88137657104623,79.14096259173128,TRACK
17.4,173.960116838744,-531.2880276354948,0.09558816638279644,0.05079743024188491,0.7423092524037136,0.03773986910659578,0.7432680027583208,173.960116838744,-531.0,0.2880276354948137,177.0,-531.0,0.09446755433321488,-0.0011206120495815541,0.25673199724167917,72.68542922273599,84.25490977280492,TRACK
17.452,173.99872408735925,-531.2857791240796,0.09688434500626286,0.05338054030168238,0.7423574951265808,0.039665126368057205,0.7434164195256958,173.99872408735925,-531.0,0.28577912407956774,177.0,-531.0,0.09493299171312726,-0.001951353293135602,0.2565835804743042,72.68542922273599,84.25490977280492,TRACK
17.5,174.03436451893828,-531.2836118987452,0.09646481010564778,0.05595503610430429,0.7424105187626829,0.04158501686884959,0.7435742679769509,174.03436451893828,-531.0,0.28361189874522097,177.0,-531.0,0.09534280647444887,-0.001122003631198909,0.2564257320230491,75.7032212934457,81.04297914086476,TRACK
17.552,174.07297896619477,-531.2811747662552,0.09596178001451428,0.058432649485360484,0.742471770652905,0.04343403734014613,0.7437411147812962,174.07297896619477,-531.0,0.28117476625516247,177.0,-531.0,0.09576789500777856,-0.00019388500673571396,0.25625888521870377,75.7032212934457,81.04297914086476,TRACK
17.596,174.10862660116084,-531.2788429188446,0.09356582341434772,0.06084454217095976,0.7425373225519587,0.04523517830652664,0.7439139041173076,174.10862660116084,-531.0,0.2788429188445889,177.0,-531.0,0.09614228398978379,0.0025764605754360764,0.2560860958826924,76.23232192836223,80.31707497551669,TRACK
17.652,174.14724998957107,-531.2762438931117,0.09307655622590395,0.06306653701151271,0.7426143739583975,0.04689630833245223,0.7440936581807662,174.14724998957107,-531.0,0.27624389311165487,177.0,-531.0,0.09653326900136003,0.003456712775456075,0.2559063418192338,76.23232192836223,80.31707497551669,TRACK
17.7,174.18290661473125,-531.2737730015043,0.0943665734813397,0.06520942983821444,0.7426955681993255,0.048499518386318836,0.744277441755844,174.18290661473125,-531.0,0.27377300150430983,177.0,-531.0,0.09687856698612934,0.0025119935047896447,0.255722558244156,80.11156266301322,76.22968472468474,TRACK
17.752,174.221539902954,-531.2710298370505,0.09200227558800234,0.06719724700179149,0.742783866982626,0.04998829385180735,0.7444640371246136,174.221539902954,-531.0,0.27102983705049155,177.0,-531.0,0.09723913690124522,0.005236861313242885,0.2555359628753864,80.11156266301322,76.22968472468474,TRACK
17.8,174.2572072450013,-531.268451305199,0.09159701040449762,0.06893796410399569,0.7428838826336248,0.051294185753763655,0.7446526415510462,174.2572072450013,-531.0,0.2684513051990507,177.5,-531.0,0.08259564692772307,-0.009001363476774549,0.25534735844895384,79.01291583728842,77.11543991234107,TRACK
17.852,174.29585109745346,-531.2655920640111,0.09510339876966722,0.07065971135152177,0.7429773767552963,0.05258611335104384,0.7448360099294007,174.29585109745346,-531.0,0.26559206401111624,177.5,-531.0,0.08270098995361655,-0.012402408816050675,0.2551639900705993,79.01291583728842,77.11543991234107,TRACK
17.9,174.3315262669652,-531.2628959265419,0.09282329384312814,0.07233049424207592,0.7430667392473449,0.05384030939130837,0.745014736693868,174.3315262669652,-531.0,0.2628959265418871,177.5,-531.0,0.08278279479221763,-0.010040499050910506,0.254985263306132,48.861734128729445,107.06108400059335,TRACK
17.952,174.3701683761139,-531.2598111579249,0.09243119132590416,0.07489695537534675,0.7430844997808316,0.05575906679560357,0.7451735686029431,174.3701683761139,-531.0,0.2598111579249007,177.5,-531.0,0.08282133672353499,-0.00960985460236917,0.25482643139705685,48.861734128729445,107.06108400059335,TRACK
18.0,174.4058297779573,-531.2567882419895,0.08987602895953306,0.078282051351529,0.7430359799657692,0.058285488779357436,0.7453184995194602,174.4058297779573,-531.0,0.25678824198951133,177.5,-531.0,0.08280123736709356,-0.007074791592439497,0.25468150048053984,71.7813490972859,83.97312138013004,TRACK
18.052,174.44446320143635,-531.2534281690736,0.08918607368618982,0.08124867159424733,0.7430060450097593,0.060501443102324914,0.7454652289265464,174.44446320143635,-531.0,0.25342816907357246,177.5,-531.0,0.08275123135356542,-0.006434842332624396,0.25453477107345357,71.7813490972859,83.97312138013004,TRACK
18.096,174.48012473062636,-531.2502494412203,0.090394568489917,0.08392801795506663,0.7429859129334784,0.06250416194689713,0.7456103788697407,174.48012473062636,-531.0,0.25024944122026227,177.5,-531.0,0.08267856949828241,-0.007715998991634596,0.2543896211302593,73.83535640826878,81.78184856370694,TRACK
18.152,174.51875727058905,-531.246722748943,0.08971388746899576,0.08641663336447292,0.7429675546941077,0.06436505713205312,0.7457503924958768,174.51875727058905,-531.0,0.24672274894294333,177.5,-531.0,0.08257019341189197,-0.0071436940571038,0.2542496075041232,73.83535640826878,81.78184856370694,TRACK
18.2,174.55441762755774,-531.2434017796581,0.08690011739207426,0.0886725474298588,0.7429523467812185,0.06605268817083841,0.7458827972291048,174.55441762755774,-531.0,0.2434017796581429,177.5,-531.0,0.0824455100271096,-0.004454607364964655,0.2541172027708952,69.27756314525328,86.18598339341239,TRACK
18.252,174.5930465535668,-531.2397132862393,0.09030592551727601,0.09095669755078754,0.7429214120072885,0.06776064532253048,0.7460051805942295,174.5930465535668,-531.0,0.23971328623929367,177.5,-531.0,0.08227587670370698,-0.00803004881356903,0.2539948194057705,69.27756314525328,86.18598339341239,TRACK
18.3,174.6287015010742,-531.2362349103663,0.08757360129862812,0.09315959520317535,0.742882910046158,0.06940757686684271,0.7461182411422299,174.6287015010742,-531.0,0.2362349103663064,177.5,-531.0,0.08208969973051104,-0.0054839015681170805,0.2538817588577701,68.53578987873055,86.80291826025655,TRACK
18.352,174.66732493694278,-531.2323952285209,0.0868650415384733,0.09523497172753251,0.7428393252607821,0.07095893738454595,0.7462207675672381,174.66732493694278,-531.0,0.23239522852088612,177.5,-531.0,0.08185758123378684,-0.005007460304686462,0.2537792324327619,68.53578987873055,86.80291826025655,TRACK
18.396,174.70297411509634,-531.2287855581279,0.08406013928930722,0.09722219337144732,0.7427874854559102,0.0724438225819672,0.7463118356157844,174.70297411509634,-531.0,0.22878555812792456,177.5,-531.0,0.08161431801828987,-0.0024458212710173483,0.2536881643842156,74.23796776117271,81.0019506872323,TRACK
18.452,174.7415928620796,-531.2248392754686,0.08331442687948476,0.0988360137986436,0.7427457394722141,0.07365000257731286,0.7463883415379452,174.7415928620796,-531.0,0.22483927546863924,177.5,-531.0,0.0813307456500065,-0.001983681229478257,0.2536116584620548,74.23796776117271,81.0019506872323,TRACK
18.5,174.77723939284803,-531.2211650393494,0.08444251406074099,0.100192626571081,0.7427073508433262,0.07466380671105473,0.7464508644440686,174.77723939284803,-531.0,0.22116503934944376,178.0,-531.0,0.0685185312070722,-0.01592398285366879,0.2535491355559314,75.84881523995797,79.32320520743356,TRACK
18.552,174.81585434553597,-531.217154269908,0.08386723946389307,0.10134845842511658,0.7426681134477363,0.0755270379106951,0.746498667237647,174.81585434553597,-531.0,0.21715426990795095,178.0,-531.0,0.06809316055208701,-0.015774078911806058,0.253501332762353,75.84881523995797,79.32320520743356,TRACK
18.596,174.85149700291177,-531.21343403834,0.08519675334877162,0.10227630617464745,0.7426286504395813,0.07621926315838308,0.7465297639947925,174.85149700291177,-531.0,0.2134340383399831,178.0,-531.0,0.06768550066633192,-0.017511252682439707,0.25347023600520746,50.61639466738692,104.52391703601975,TRACK
18.652,174.89009909992276,-531.209287198262,0.08224410073220856,0.10393492653726975,0.7425304295904966,0.0774539446546364,0.7465591419374696,174.89009909992276,-531.0,0.20928719826201814,178.0,-531.0,0.06719574487338613,-0.01504835585882243,0.25344085806253036,50.61639466738692,104.52391703601975,TRACK
18.696,174.92572173620127,-531.205351838831,0.08152110969677362,0.10606746452889088,0.7423931687645884,0.07904039320997297,0.7465889101688518,174.92572173620127,-531.0,0.20535183883100672,178.0,-531.0,0.06669768407055368,-0.014823425626219938,0.25341108983114824,66.26048055217014,88.87181093812394,TRACK
18.752,174.96430741499492,-531.2010424476429,0.08057517783350865,0.10787191503830298,0.7422668592696409,0.08038177319899181,0.7466065361571856,174.96430741499492,-531.0,0.2010424476428625,178.0,-531.0,0.06612965406834448,-0.01444552376516417,0.25339346384281436,66.26048055217014,88.87181093812394,TRACK
18.8,174.99991922602302,-531.1970231311897,0.08145238043107939,0.1094529488842414,0.7421429139385187,0.08155566838389514,0.7466106292805504,174.99991922602302,-531.0,0.19702313118966686,178.0,-531.0,0.06557843946950812,-0.01587394096157127,0.25338937071944956,66.43144078224638,88.68139460483194,TRACK
18.852,175.03849255536215,-531.1926358379898,0.07643664091192859,0.11078269731867181,0.7420210723041814,0.082541042525766,0.7465978137154484,175.03849255536215,-531.0,0.19263583798976924,178.0,-531.0,0.06495504233447404,-0.011481598577454552,0.2534021862845516,66.43144078224638,88.68139460483194,TRACK
18.9,175.0740918626961,-531.1885496585379,0.07744136164818571,0.1120075169325027,0.7418919796410333,0.08344673614489857,0.7465702024785932,175.0740918626961,-531.0,0.18854965853790873,178.0,-531.0,0.06435243405443236,-0.013088927593753352,0.2534297975214068,70.531103304585,84.61497266436416,TRACK
18.952,175.112651192612,-531.1841043651272,0.0764240136595884,0.11297700781623637,0.7417637381236643,0.08416062260502613,0.7465229089535415,175.112651192612,-531.0,0.18410436512715478,178.0,-531.0,0.06367622450242118,-0.01274778915716722,0.25347709104645855,70.531103304585,84.61497266436416,TRACK
19.0,175.14823874372084,-531.1800013705877,0.07745906366026012,0.11361010023276523,0.7416389899490674,0.08462207321041124,0.7464511281303694,175.14823874372084,-531.0,0.18000137058766086,178.0,-531.0,0.06303574497635708,-0.014423318683903036,0.2535488718696306,65.41279205999017,89.80805179344058,TRACK
19.048,175.18678357906467,-531.1755371805972,0.07645840321775399,0.11420297057510943,0.7415017352041984,0.08505178021494327,0.7463636034993723,175.18678357906467,-531.0,0.17553718059718904,178.0,-531.0,0.062316534311073854,-0.014141868906680136,0.25363639650062775,65.41279205999017,89.80805179344058,TRACK
19.1,175.22235651932849,-531.1714153263185,0.07320081475225693,0.11460645152466374,0.7413621506397324,0.08533884458820865,0.7462577013316645,175.22235651932849,-531.0,0.17141532631853806,178.0,-531.0,0.06163433698087383,-0.011566477771383095,0.25374229866833553,64.56678139275786,90.78451662833658,TRACK
19.152,175.2608866101529,-531.166956470316,0.07213938978996737,0.11481815828639079,0.7412225476956,0.08548177976868393,0.7461353763793658,175.2608866101529,-531.0,0.16695647031599492,178.5,-531.0,0.05149830537512851,-0.020641084414838855,0.2538646236206342,64.56678139275786,90.78451662833658,TRACK
19.2,175.29644552805527,-531.1628442524773,0.07293988938554974,0.11492857789719511,0.7410784323735526,0.08554807859034194,0.7459998101070412,175.29644552805527,-531.0,0.16284425247727086,178.5,-531.0,0.050788651044665414,-0.022151238340884324,0.2540001898929588,55.712162018492144,99.79967916979214,TRACK
19.252,175.3349584381648,-531.1583751521655,0.06764667630430088,0.11513722714298416,0.7409224913953323,0.08568673395147582,0.7458608145161785,175.3349584381648,-531.0,0.15837515216549036,178.5,-531.0,0.04999718412812419,-0.017649492176176687,0.25413918548382153,55.712162018492144,99.79967916979214,TRACK
19.3,175.3704998146688,-531.1542284699756,0.0682770085777904,0.11549047509122994,0.7407554897486214,0.08593260136990052,0.7457232110984062,175.3704998146688,-531.0,0.15422846997557826,178.5,-531.0,0.04924230156346855,-0.019034707014321847,0.2542767889015938,67.39076156780011,88.29567791493993,TRACK
19.352,175.40899655334442,-531.1497593407177,0.06721356314761695,0.11551961559658205,0.74060373249952,0.08593686858802321,0.7455729568425452,175.40899655334442,-531.0,0.14975934071765096,178.5,-531.0,0.04841221496566113,-0.01880134818195582,0.2544270431574548,67.39076156780011,88.29567791493993,TRACK
19.4,175.44452657622838,-531.1456671352015,0.06341614320780754,0.11522262233879628,0.7404655096535797,0.08569796313743672,0.7454081511980138,175.44452657622838,-531.0,0.14566713520150643,178.5,-531.0,0.04763809288926591,-0.015778050318541632,0.25459184880198615,62.463452851447855,93.38815871409805,TRACK
19.452,175.48300948316694,-531.1412397515696,0.06675419703933282,0.11498536129357521,0.7403221472073902,0.08550337356158784,0.7452433887906509,175.48300948316694,-531.0,0.14123975156962842,178.5,-531.0,0.04678062618560648,-0.019973570853726336,0.2547566112093491,62.463452851447855,93.38815871409805,TRACK
19.5,175.5185255303568,-531.1371690372617,0.06289421022911124,0.11468198867666317,0.7401805731109687,0.08525948464336998,0.7450748019712754,175.5185255303568,-531.0,0.13716903726174223,178.5,-531.0,0.04597469525824803,-0.016919514970863206,0.2549251980287246,61.88003196845521,94.17410908809237,TRACK
19.552,175.55699466725414,-531.1327841676449,0.06365403988910567,0.11426646365814817,0.7400442554849537,0.08493221051616894,0.7449019938619055,175.55699466725414,-531.0,0.13278416764489975,178.5,-531.0,0.045087983304597304,-0.01856605658450837,0.2550980061380945,61.88003196845521,94.17410908809237,TRACK
19.596,175.59249853346665,-531.1287618276338,0.0580297382353816,0.11375762502845424,0.7399111238647492,0.08453549941679042,0.7447245946525752,175.59249853346665,-531.0,0.12876182763375255,178.5,-531.0,0.04425715677629447,-0.013772581459087128,0.25527540534742477,65.43387628004399,90.81415873856506,TRACK
19.652,175.6309565833017,-531.1244667200599,0.056615140193966955,0.11287059137972712,0.7397944890171866,0.0838574525218468,0.7445320398234411,175.6309565833017,-531.0,0.12446672005989967,178.5,-531.0,0.04335546928281684,-0.013259670911150115,0.25546796017655893,65.43387628004399,90.81415873856506,TRACK
19.696,175.6664521371836,-531.1205596883939,0.05733341858676577,0.1117368469740602,0.7396881649167109,0.08299611670391054,0.7443298574595677,175.6664521371836,-531.0,0.12055968839388242,178.5,-531.0,0.042521610592315726,-0.014811807994450046,0.2556701425404323,72.51673201042877,83.94939547034309,TRACK
19.752,175.70490271865577,-531.1164166507888,0.05593413523317925,0.11019722707835825,0.7395992978739736,0.08183330589189541,0.7441127679114714,175.70490271865577,-531.0,0.1164166507887785,178.5,-531.0,0.04162624453298227,-0.01430789070019698,0.2558872320885286,72.51673201042877,83.94939547034309,TRACK
19.8,175.7403933020662,-531.1126879485219,0.05673757311579908,0.10826650874208296,0.7395250476523969,0.08038010285940062,0.7438805394960724,175.7403933020662,-531.0,0.11268794852185238,178.5,-531.0,0.040812111465125825,-0.015925461650673253,0.25611946050392764,65.3704949352307,91.35138954947017,TRACK
19.848,175.7788371760911,-531.1087142038508,0.05540984440979857,0.10642392511222894,0.7394481253723746,0.0789934252214019,0.7436554923786473,175.7788371760911,-531.0,0.1087142038508091,179.0,-531.0,0.033737181442353784,-0.021672662967444786,0.25634450762135275,65.3704949352307,91.35138954947017,TRACK
19.9,175.8143203520435,-531.1051088911707,0.051438954322091224,0.10461709044893451,0.7393727728116906,0.07763446468605466,0.7434374266085465,175.8143203520435,-531.0,0.10510889117074385,179.0,-531.0,0.032982216230793365,-0.01845673809129786,0.2565625733914535,54.82410070126869,102.16872352691789,TRACK
19.952,175.85275545339178,-531.1012340765811,0.052221526352195236,0.10316806187856728,0.7392900998641114,0.07654288486060265,0.743241996243398,175.85275545339178,-531.0,0.10123407658113592,179.0,-531.0,0.032154852562102716,-0.02006667379009252,0.25675800375660196,54.82410070126869,102.16872352691789,TRACK
20.0,175.88822952050424,-531.0976792486359,0.046369644052108194,0.10201626459982065,0.7392036376067046,0.07567349559320588,0.7430669524250686,175.88822952050424,-531.0,0.09767924863592725,179.0,-531.0,0.03137994449115091,-0.014989699560957283,0.2569330475749314,65.21365716677153,91.9845635766799,TRACK
20.052,175.92665829249015,-531.0939085981198,0.044836504013377354,0.10054381911603838,0.7391375605033426,0.07456715060944712,0.7428893546799848,175.92665829249015,-531.0,0.09390859811981045,179.0,-531.0,0.030546355454189048,-0.014290148559188306,0.25711064532001515,65.21365716677153,91.9845635766799,TRACK
20.1,175.96212993843562,-531.090499437779,0.04550288680213033,0.09888950028236321,0.7390868326796052,0.07332710871422506,0.742715430775986,175.96212993843562,-531.0,0.09049943777904446,179.0,-531.0,0.029781616186861083,-0.015721270615269244,0.257284569224014,72.80953218294258,84.5519376964867,TRACK
20.148,176.00055784351562,-531.0869069745626,0.04398969493219629,0.09690424258682293,0.7390558023571228,0.07184266154438605,0.7425394582212529,176.00055784351562,-531.0,0.08690697456256657,179.0,-531.0,0.028966275187100685,-0.015023419745095603,0.2574605417787471,72.80953218294258,84.5519376964867,TRACK
20.196,176.03603061422405,-531.0836955612315,0.044749961968095775,0.09458875956075193,0.7390418912810619,0.07011428554302773,0.7423603775158654,176.03603061422405,-531.0,0.08369556123147959,179.0,-531.0,0.0282301588379126,-0.016519803130183176,0.25763962248413463,65.63828533199144,91.91437260143162,TRACK
20.252,176.07445932372312,-531.0802930611391,0.04059876315833844,0.09239217473184047,0.7390320048072188,0.06847572853272,0.742197567718639,176.07445932372312,-531.0,0.08029306113905932,179.0,-531.0,0.027438657897776005,-0.013160105260562438,0.257802432281361,65.63828533199144,91.91437260143162,TRACK
20.3,176.10993255635952,-531.0772267654352,0.039389434222683484,0.09023458450575249,0.7390297910984746,0.06686762972045412,0.742048726186823,176.10993255635952,-531.0,0.07722676543517082,179.0,-531.0,0.026715083274170902,-0.012674350948512582,0.25795127381317695,69.45989285882304,88.27688054402968,TRACK
20.352,176.1483637677048,-531.0740028078908,0.03996427544586423,0.08794584672546565,0.7390409790380347,0.06516367355930253,0.7419082645780677,176.1483637677048,-531.0,0.07400280789079261,179.0,-531.0,0.025945175355309658,-0.01401910009055457,0.2580917354219323,69.45989285882304,88.27688054402968,TRACK
20.4,176.18384050039478,-531.0711118469741,0.03400946125011384,0.08562378010509349,0.7390611455724434,0.0634363111646002,0.7417786344112537,176.18384050039478,-531.0,0.0711118469740768,179.0,-531.0,0.0252459913549797,-0.008763469895134136,0.2582213655887463,66.1768681604304,91.69248339782756,TRACK
20.452,176.22227590310362,-531.0680704765458,0.03258073611435819,0.08329382848379036,0.7390895705469709,0.06170436475491757,0.7416608537068097,176.22227590310362,-531.0,0.06807047654581311,179.0,-531.0,0.02450094135059807,-0.008079794763760119,0.2583391462931903,66.1768681604304,91.69248339782756,TRACK
20.5,176.25775688568913,-531.0653362748758,0.03343142748265282,0.08105971111784013,0.739123718874894,0.060044724267949205,0.7415586562881371,176.25775688568913,-531.0,0.06533627487578997,179.5,-531.0,0.02014883853145316,-0.013282588951199659,0.2584413437118629,76.60961066382774,81.37468225039567,TRACK
20.552,176.2961983535755,-531.0624829597564,0.03202492070567975,0.0786205578229005,0.7391710665038795,0.058234076385578384,0.7414614441823418,176.2961983535755,-531.0,0.062482959756380296,179.5,-531.0,0.019500283258822877,-0.012524637446856873,0.25853855581765817,76.60961066382774,81.37468225039567,TRACK
20.6,176.33168692079687,-531.059965638508,0.027926256623348467,0.07588912961232733,0.7392319958832916,0.056207617087117995,0.7413657936243127,176.33168692079687,-531.0,0.059965638507947006,179.5,-531.0,0.018924417590222915,-0.009001839033125552,0.25863420637568735,63.292086632202654,94.77763213837108,TRACK
20.652,176.3701359298156,-531.05730602583,0.03168577495390057,0.07350020484314349,0.739292204181006,0.05443619028491306,0.7412936408573498,176.3701359298156,-531.0,0.057306025830030194,179.5,-531.0,0.018307384016354393,-0.013378390937546177,0.25870635914265017,63.292086632202654,94.77763213837108,TRACK
20.7,176.40563044910542,-531.0549054365517,0.02778887101479044,0.07141082571908705,0.7393541358725486,0.05288782050609683,0.7412433202327885,176.40563044910542,-531.0,0.054905436551734965,179.5,-531.0,0.01774179671876154,-0.010047074296028899,0.2587566797672115,66.62674095714024,91.51931699263889,TRACK
20.748,176.44408705304264,-531.0523746658647,0.02641469001066543,0.06941700684026392,0.7394227148176797,0.05141111679936256,0.7412078346313572,176.44408705304264,-531.0,0.052374665864704184,179.5,-531.0,0.017137117296504842,-0.00927757271416059,0.2587921653686428,66.62674095714024,91.51931699263889,TRACK
20.8,176.47958945121007,-531.0500934479198,0.027149294820505206,0.06757962281904405,0.7394964179357162,0.05005110676758991,0.7411882793382638,176.47958945121007,-531.0,0.050093447919834944,179.5,-531.0,0.01658345941432807,-0.010565835406177136,0.2588117206617362,74.06279983717548,84.08892893008118,TRACK
20.848,176.5180558276132,-531.0477113078714,0.021076928199832867,0.06557391895747867,0.7395809743716322,0.04856685434035258,0.7411739046897226,176.5180558276132,-531.0,0.04771130787139555,179.5,-531.0,0.015998702302734924,-0.005078225897097943,0.25882609531027745,74.06279983717548,84.08892893008118,TRACK
20.9,176.55356863893434,-531.0455895306402,0.022109333155621913,0.06350961222759585,0.739675215891451,0.04703974763203146,0.7411694562388212,176.55356863893434,-531.0,0.04558953064019988,179.5,-531.0,0.015471561159700173,-0.00663777199592174,0.25883054376117876,76.44223798860043,81.70187462947436,TRACK
20.952,176.59204714411064,-531.043375680936,0.020828167495650085,0.06139617666205922,0.7397788290160645,0.045476747431143286,0.7411753169239351,176.59204714411064,-531.0,0.0433756809360375,179.5,-531.0,0.01491511952738049,-0.005913047968269596,0.2588246830760649,76.44223798860043,81.70187462947436,TRACK
21.0,176.62757205889383,-531.0414198862508,0.021996055931012615,0.059156950753629534,0.7398920758212519,0.043820888743691506,0.7411886090283418,176.62757205889383,-531.0,0.04141988625076465,179.5,-531.0,0.014418818027850439,-0.007577237903162176,0.2588113909716582,70.67470317271241,87.45072080292758,TRACK
21.048,176.6660640762543,-531.0393687192304,0.020814116109483468,0.05708506810008644,0.7400107353637957,0.04228950955107584,0.7412181130218933,176.6660640762543,-531.0,0.039368719230424176,179.5,-531.0,0.013890994032615298,-0.00692312207686817,0.25878188697810667,70.67470317271241,87.45072080292758,TRACK
21.1,176.70160175575256,-531.0375341957994,0.01702559182340413,0.05515671654086172,0.74013589099472,0.04086491455965811,0.7412631640520904,176.70160175575256,-531.0,0.0375341957993669,179.5,-531.0,0.013411938525176706,-0.0036136532982274233,0.25873683594790964,69.90949817474547,88.17139800368628,TRACK
21.152,176.7401082328823,-531.0356047158052,0.015849463511034445,0.05337471456510057,0.7402665405967677,0.03954907903976242,0.741322251642293,176.7401082328823,-531.0,0.03560471580522062,179.5,-531.0,0.012900049631912991,-0.002949413879121454,0.25867774835770696,69.90949817474547,88.17139800368628,TRACK
21.2,176.77565940399944,-531.0338642779209,0.012043535666172778,0.051814151840021354,0.7404005407836813,0.03839759428246739,0.7413955327889754,176.77565940399944,-531.0,0.03386427792088398,180.0,-531.0,0.010502312594785304,-0.0015412230713874736,0.2586044672110246,77.26802172150335,80.72446937187868,TRACK
21.252,176.81418095073832,-531.0320465695776,0.013145045349519435,0.050182011154517536,0.7405399930210705,0.037193011671268615,0.741473398970473,176.81418095073832,-531.0,0.03204656957757379,180.0,-531.0,0.010058791242841487,-0.003086254106677948,0.25852660102952696,77.26802172150335,80.72446937187868,TRACK
21.3,176.84974676592137,-531.0304278818749,0.012234282007790753,0.04853632631108511,0.7406850645067462,0.03597838875196654,0.7415583653634759,176.84974676592137,-531.0,0.03042788187485712,180.0,-531.0,0.009658568192239392,-0.002575713815551361,0.25844163463652414,72.81155324845875,85.07392402645203,TRACK
21.352,176.88828439866907,-531.0287201373628,0.011171102473079397,0.047047900818811716,0.7408332046543227,0.03488038690437935,0.7416538805325519,176.88828439866907,-531.0,0.02872013736282497,180.0,-531.0,0.009229417323662274,-0.001941685149417123,0.2583461194674481,72.81155324845875,85.07392402645203,TRACK
21.4,176.92386503430487,-531.0271816436814,0.012607957369022538,0.04570523183920152,0.7409837178696645,0.03389043458165919,0.7417583378055715,176.92386503430487,-531.0,0.027181643681387868,180.0,-531.0,0.008836067522615131,-0.0037718898464074065,0.25824166219442846,74.72320466765612,83.04807093805763,TRACK
21.452,176.96241881001148,-531.0255461724687,0.011589711324248686,0.0445463547175913,0.7411359838713452,0.03303676179428761,0.741871939231293,176.96241881001148,-531.0,0.02554617246869384,180.0,-531.0,0.008409839478736093,-0.003179871845512593,0.258128060768707,74.72320466765612,83.04807093805763,TRACK
21.5,176.99801481740795,-531.0240740918048,0.007925398227332181,0.043420873820339184,0.7412926101155992,0.032207816674009127,0.7419919657697813,176.99801481740795,-531.0,0.02407409180477771,180.0,-531.0,0.008019218712665425,9.382048533324375e-05,0.2580080342302187,71.4688191120261,86.1633952790709,TRACK
21.552,177.0365857145065,-531.0225087992419,0.009299752381769721,0.04241923332438708,0.741452003969145,0.031470703857442536,0.7421195856404437,177.0365857145065,-531.0,0.022508799241904853,180.0,-531.0,0.007595416713602803,-0.001704335668166918,0.25788041435955633,71.4688191120261,86.1633952790709,TRACK
21.6,177.07219747886722,-531.0210741196486,0.0032736313879437873,0.041664957093056496,0.7416129177103132,0.03091716287537329,0.7422570920341995,177.07219747886722,-531.0,0.021074119648574197,180.0,-531.0,0.007197806394482582,0.003924175006538795,0.25774290796580046,75.04928340369844,82.43163404310346,TRACK
21.652,177.11078558752854,-531.0195467491872,0.0022962359331497595,0.0409282162797588,0.7417760509628666,0.0303765339746866,0.742397766428739,177.11078558752854,-531.0,0.01954674918715682,180.0,-531.0,0.006765316858041097,0.004469080924891337,0.257602233571261,75.04928340369844,82.43163404310346,TRACK
21.7,177.1464136870545,-531.0181555098859,0.0038939788558356447,0.04026328284866631,0.7419426588359322,0.029889200321872124,0.7425444588012313,177.1464136870545,-531.0,0.018155509885900756,180.0,-531.0,0.0063622624044405605,0.0024682835486049158,0.2574555411987687,83.2737123155662,74.03862262084232,TRACK
21.752,177.18501990265955,-531.0166838028907,0.0029984509229299405,0.0395067422113839,0.742112256354319,0.029333700369053646,0.7426917712003007,177.18501990265955,-531.0,0.01668380289072502,180.0,-531.0,0.005926723091464846,0.0029282721685349056,0.2573082287996993,83.2737123155662,74.03862262084232,TRACK
21.8,177.2206649171336,-531.0153755811772,0.004758774094878904,0.03851875096037327,0.742284530503625,0.02860602190113839,0.7428355327486666,177.2206649171336,-531.0,0.01537558117718163,180.0,-531.0,0.0055320513249045074,0.0007732772300256038,0.25716446725133335,74.23780970755372,82.90468857474137,TRACK
21.852,177.25928948013808,-531.013974126513,0.004003925967662525,0.03773073023285419,0.7424579650497893,0.028026782168076952,0.7429867632633647,177.25928948013808,-531.0,0.013974126512948715,180.5,-531.0,0.004312029666773371,0.00030810369911084615,0.25701323673663534,74.23780970755372,82.90468857474137,TRACK
21.9,177.2949515187144,-531.0126834803816,0.0004088896636942341,0.03718609295386885,0.7426333752348045,0.02762836978358834,0.7431471300015473,177.2949515187144,-531.0,0.012683480381610934,180.5,-531.0,0.003957323655507124,0.0035484339918128898,0.2568528699984527,71.59487570406814,85.38476174345006,TRACK
21.948,177.3335946070871,-531.0112781916669,0.002267098522575006,0.03689327820581857,0.7428094041033397,0.02741711440091829,0.7433152150914386,177.3335946070871,-531.0,0.011278191666860948,180.5,-531.0,0.0035618130257185085,0.0012947145031435023,0.2566847849085614,71.59487570406814,85.38476174345006,TRACK
22.0,177.3692735701032,-531.0099584283297,-0.003724357397411948,0.03692122853980396,0.7429852179928808,0.02744439869408954,0.7434919160122783,177.3692735701032,-531.0,0.00995842832969629,180.5,-531.0,0.0031808575315298688,0.006905214928941817,0.25650808398772174,75.82930055098429,80.95260316210083,TRACK
22.052,177.40793461434384,-531.008522422476,-0.0044909785067470676,0.036993075675424286,0.7431589586997829,0.027504283166767805,0.7436677507383679,177.40793461434384,-531.0,0.008522422475948588,180.5,-531.0,0.0027562162607008126,0.00724719476744788,0.2563322492616321,75.82930055098429,80.95260316210083,TRACK
22.096,177.4436299061974,-531.0071877650237,-0.0025970825466168357,0.03712606717191667,0.7433314929203682,0.027609661314575526,0.7438440708677652,177.4436299061974,-531.0,0.00718776502367291,180.5,-531.0,0.002351728210957479,0.004948810757574315,0.25615592913223484,84.20007201963855,72.37559419867773,TRACK
22.152,177.4823082996301,-531.0057503671228,-0.0032916653882966163,0.03713294819587429,0.7435008108105776,0.027621073418038287,0.7440136956889645,177.4823082996301,-531.0,0.005750367122800526,180.5,-531.0,0.0019055492521011556,0.005197214640397772,0.25598630431103553,84.20007201963855,72.37559419867773,TRACK
22.2,177.51801893556024,-531.0044519107912,-0.00677887131529098,0.036856876649383974,0.743665580684185,0.027421608472951553,0.7441709753178969,177.51801893556024,-531.0,0.0044519107912037725,180.5,-531.0,0.0014929362016186838,0.008271807516909663,0.2558290246821031,74.57799274973894,81.8106092227151,TRACK
22.252,177.55671344110388,-531.0030388066131,-0.0018058409089616312,0.03673307010334066,0.7438264147577216,0.027335323629522217,0.7443285263976229,177.55671344110388,-531.0,0.003038806613062661,180.5,-531.0,0.0010324531684247505,0.002838294077386382,0.2556714736023771,74.57799274973894,81.8106092227151,TRACK
22.3,177.59243880889787,-531.0017179143758,-0.0051496002057578325,0.036811363336364415,0.7439846430903281,0.02739946625566817,0.7444890058995757,177.59243880889787,-531.0,0.001717914375831242,180.5,-531.0,0.0005908436875490898,0.005740443893306922,0.2555109941004243,72.89366808465581,83.33742308556197,TRACK
22.352,177.63114904688564,-531.000262522489,-0.005718908017082525,0.03708027793111877,0.7441396967725635,0.027605559996523386,0.7446515663419264,177.63114904688564,-531.0,0.00026252248903801956,180.5,-531.0,9.150788681449973e-05,0.005810415903897024,0.2553484336580736,72.89366808465581,83.33742308556197,TRACK
22.4,177.66688857625223,-530.9988826958695,-0.003683958074315319,0.03760844210935449,0.7442915378669275,0.028004849765225825,0.744818209330766,177.66688857625223,-531.0,0.0011173041305028164,180.5,-531.0,-0.00039437350158994265,0.003289584572725376,0.25518179066923397,80.03655420296346,76.0125788076952,TRACK
22.452,177.70561342745796,-530.9973737667435,-0.009675466781865483,0.03807666580431927,0.74443753657512,0.02835940607992395,0.7449775176307264,177.70561342745796,-531.0,0.002626233256478372,180.5,-531.0,-0.0009398243281941879,0.008735642453671295,0.2550224823692736,80.03655420296346,76.0125788076952,TRACK
22.5,177.74136578402653,-530.9959694806184,-0.007479369095515498,0.03849027700801747,0.7445786654196265,0.02867320028065952,0.7451305532672827,177.74136578402653,-531.0,0.004030519381558406,180.5,-531.0,-0.0014610550722023669,0.006018314023313131,0.2548694467327173,81.5001671603595,74.36809028146826,TRACK
22.552,177.78010389351422,-530.9944374735085,-0.007961473524626062,0.03885333295157587,0.7447134079207113,0.028949166499549716,0.7452758644809977,177.78010389351422,-531.0,0.005562526491530662,181.0,-531.0,-0.001727546720122727,0.0062339268045033345,0.2547241355190023,81.5001671603595,74.36809028146826,TRACK
22.596,177.81586752856043,-530.9930236088359,-0.005640884225065479,0.03908429596812241,0.7448402206937244,0.029126388129079223,0.7454094853491748,177.81586752856043,-531.0,0.006976391164130291,181.0,-531.0,-0.002190982964286607,0.003449901260778872,0.25459051465082516,74.36153332614718,81.35650708950844,TRACK
22.652,177.8546170897488,-530.9914642818135,-0.006039631352402487,0.03948173154104102,0.7449604976034948,0.029427622626922625,0.745541499826213,177.8546170897488,-531.0,0.00853571818652199,181.0,-531.0,-0.00271372277299566,0.0033259085794068266,0.254458500173787,74.36153332614718,81.35650708950844,TRACK
22.7,177.89039093150484,-530.9899960509889,-0.009289108092217058,0.04001995155976452,0.7450752529133011,0.02983380446999724,0.7456723063068479,177.89039093150484,-531.0,0.010003949011093027,181.0,-531.0,-0.0032170971585311287,0.006072010933685929,0.2543276936931521,72.29042387498443,83.29799183102692,TRACK
22.752,177.92915095963303,-530.9883698136013,-0.006999166455351702,0.04068937119430588,0.7451837191026511,0.030337801476248573,0.7458010173056022,177.92915095963303,-531.0,0.011630186398747355,181.0,-531.0,-0.003787268810782364,0.003211897644569338,0.2541989826943978,72.29042387498443,83.29799183102692,TRACK
22.8,177.9649337591533,-530.9868238149699,-0.007436184651778754,0.04156075005543474,0.7452856639186285,0.030992477646852264,0.7459297919464817,177.9649337591533,-531.0,0.01317618503014728,181.0,-531.0,-0.004341289846138693,0.0030948948056400616,0.2540702080535183,75.10202754583166,80.34665304039463,TRACK
22.852,178.00370238436219,-530.9851174046128,-0.010756561840591592,0.04241013799784188,0.7453783512223205,0.031630564797003914,0.7460491800815028,178.00370238436219,-531.0,0.014882595387234687,181.0,-531.0,-0.004966954190956694,0.005789607649634898,0.2539508199184972,75.10202754583166,80.34665304039463,TRACK
22.9,178.03949212071174,-530.9835091848942,-0.011129005861428622,0.043283589814854646,0.745462755843369,0.03228646923288213,0.7461616020977736,178.03949212071174,-531.0,0.01649081510583983,181.0,-531.0,-0.005570207958626892,0.00555879790280173,0.2538383979022264,79.27899497887125,76.0388540167294,TRACK
22.952,178.0782671448886,-530.9817414560437,-0.014526852795794243,0.04407976997756402,0.7455365309500974,0.03288437995663142,0.7462614162786642,178.0782671448886,-531.0,0.018258543956335416,181.0,-531.0,-0.00624913610703152,0.008277716688762723,0.25373858372133584,79.27899497887125,76.0388540167294,TRACK
22.996,178.11406119915733,-530.9801024139274,-0.009136200437282582,0.04466759676070916,0.7455970574937618,0.03332619573625674,0.746341481806825,178.11406119915733,-531.0,0.01989758607260228,181.0,-531.0,-0.0068945574275721165,0.0022416430097104657,0.253658518193175,80.50028577856945,74.71895822213823,TRACK
23.056,178.15283935479454,-530.978312735993,-0.009497261588794272,0.04517566237482308,0.7456449041598158,0.03370793640258494,0.7464064228528728,178.15283935479454,-531.0,0.021687264007027807,181.0,-531.0,-0.007617007708668644,0.001880253880125628,0.25359357714712716,80.50028577856945,74.71895822213823,TRACK
23.1,178.18863511993692,-530.9766597313015,-0.012782721318853385,0.045515318173595484,0.7456799752004035,0.033963317870052925,0.7464530342731662,178.18863511993692,-531.0,0.02334026869846184,181.0,-531.0,-0.008301922188352056,0.004480799130501329,0.2535469657268338,67.64897984748652,87.5245259615788,TRACK
23.148,178.22742101365864,-530.9748415098217,-0.01305418748124354,0.04598050194940894,0.7457508839303238,0.0343141858070336,0.7465399146934201,178.22742101365864,-531.0,0.025158490178341708,181.0,-531.0,-0.009073790083134753,0.003980397398108787,0.25346008530657993,67.64897984748652,87.5245259615788,TRACK
23.2,178.26322410004298,-530.9731067559106,-0.010622828610614254,0.046832669142191516,0.745802246107155,0.034953468042450454,0.7466208778400668,178.26322410004298,-531.0,0.026893244089364998,181.5,-531.0,-0.008308460671830126,0.002314367938784128,0.2533791221599332,77.70349607620719,77.40237290182108,TRACK
23.252,178.30201010766476,-530.971205685257,-0.01396117766324778,0.047582640618613566,0.745831126654714,0.0355154220884728,0.7466762448967842,178.30201010766476,-531.0,0.02879431474298144,181.5,-531.0,-0.009003635919237682,0.004957541744010098,0.2533237551032158,77.70349607620719,77.40237290182108,TRACK
23.3,178.33781139379556,-530.9694411589045,-0.01427825012518502,0.04816515012168132,0.745841277029344,0.03595136234471199,0.7467072458301202,178.33781139379556,-531.0,0.030558841095512435,181.5,-531.0,-0.009663525381393034,0.004614724743791985,0.25329275416987984,77.02194917648637,78.00744663733707,TRACK
23.352,178.37659406034925,-530.9675174391964,-0.01464494701940855,0.048654040529393164,0.7458340087958106,0.036316498943888366,0.7467176553235974,178.37659406034925,-531.0,0.03248256080360079,181.5,-531.0,-0.010399349448860229,0.004245597570548321,0.25328234467640265,77.02194917648637,78.00744663733707,TRACK
23.396,178.41239052471138,-530.9657387686973,-0.012089499113480562,0.049001777869641196,0.7458079916911932,0.03657519670284787,0.7467042958791003,178.41239052471138,-531.0,0.03426123130270753,181.5,-531.0,-0.011095906232412578,0.000993592881067984,0.25329570412089975,74.87535223060765,80.17935693321253,TRACK
23.452,178.4511664284497,-530.9637955261197,-0.015457616991485734,0.04937661144840879,0.7457668543764552,0.03685339520586312,0.7466768871638872,178.4511664284497,-531.0,0.036204473880275145,181.5,-531.0,-0.011874302553986011,0.003583314437499723,0.25332311283611275,74.87535223060765,80.17935693321253,TRACK
23.5,178.4869555984629,-530.9619946539157,-0.015747731838278822,0.04969154155379538,0.7457111533576433,0.03708606670506534,0.7466327749206025,178.4869555984629,-531.0,0.038005346084332814,181.5,-531.0,-0.012612934170292566,0.0031347976679862565,0.25336722507939746,74.60362862417402,80.51516688808873,TRACK
23.552,178.52572222567514,-530.9600397407726,-0.01609615855760982,0.049934234034165456,0.7456414713032221,0.037264012590662275,0.7465720396328749,178.52572222567514,-531.0,0.03996025922742774,181.5,-531.0,-0.013434473224624016,0.0026616853329858026,0.2534279603671251,74.60362862417402,80.51516688808873,TRACK
23.6,178.561501663562,-530.958226692761,-0.01355973610001615,0.050177567035911134,0.7455586909388683,0.03744174993537657,0.7464982560412999,178.561501663562,-531.0,0.0417733072390547,181.5,-531.0,-0.01421491142604589,-0.0006551753260297406,0.25350174395870007,73.87751685420147,81.33146095099266,TRACK
23.652,178.60025652347554,-530.9562663272138,-0.01981653954642182,0.05030461999384708,0.7454631677589879,0.03753190556361087,0.7464073810061773,178.60025652347554,-531.0,0.04373367278617479,181.5,-531.0,-0.015080767539186328,0.004735772007235491,0.2535926189938227,73.87751685420147,81.33146095099266,TRACK
23.7,178.63602434197557,-530.9544544975724,-0.017291273561770293,0.0504121905742126,0.7453580689394317,0.037606996418099725,0.7463061952795981,178.63602434197557,-531.0,0.04554550242755795,181.5,-531.0,-0.015901553969387746,0.0013897195923825469,0.2536938047204019,78.22471166834967,77.10520466128472,TRACK
23.752,178.67476598631964,-530.9525040895045,-0.017589655088127598,0.05037345974403443,0.7452438125111127,0.03757229428300267,0.7461903358954651,178.67476598631964,-531.0,0.04749591049551327,181.5,-531.0,-0.016809735613267675,0.0007799194748599227,0.25380966410453487,78.22471166834967,77.10520466128472,TRACK
23.8,178.7105205061981,-530.9507342107437,-0.014947516088027468,0.05005402188990514,0.7451185189125935,0.03732735724809551,0.7460529061840212,178.7105205061981,-531.0,0.0492657892563102,181.5,-531.0,-0.017659447929372594,-0.0027119318413451263,0.2539470938159788,69.80134860252439,85.67457642962763,TRACK
23.852,178.74924750805823,-530.9488209274421,-0.01838838470323889,0.04981268051773225,0.7449895498133503,0.03714065058763728,0.7459147788167032,178.74924750805823,-531.0,0.05117907255794307,181.5,-531.0,-0.018603334354777807,-0.00021494965153891557,0.2540852211832968,69.80134860252439,85.67457642962763,TRACK
23.9,178.7849891050271,-530.9470571800043,-0.018708330834527942,0.04963582079588694,0.744859018610074,0.037002081282117336,0.7457775215330447,178.7849891050271,-531.0,0.05294281999567829,182.0,-531.0,-0.016465896047718264,0.002242434786809678,0.25422247846695534,72.46532700272027,83.19191547992529,TRACK
23.952,178.82370222927372,-530.9451610591442,-0.019115087766472753,0.049392247063118046,0.7447274676025784,0.03681370477651799,0.745636808279421,178.82370222927372,-531.0,0.05483894085580232,182.0,-531.0,-0.017263335164113228,0.001851752602359525,0.254363191720579,72.46532700272027,83.19191547992529,TRACK
24.0,178.8594309349719,-530.943422865903,-0.022619231040246882,0.0491190622433432,0.7445946663242193,0.03660323382168086,0.7454938053697564,178.8594309349719,-531.0,0.05657713409698317,182.0,-531.0,-0.018012982248001276,0.004606248792245606,0.2545061946302436,76.89079487736892,78.92066275368255,TRACK
24.052,178.89812948396724,-530.941577869225,-0.02305462242827594,0.04860160801473163,0.7444575359640064,0.036210348855741786,0.74533764980568,178.89812948396724,-531.0,0.05842213077505676,182.0,-531.0,-0.018832257427873877,0.0042223650004020626,0.25466235019432004,76.89079487736892,78.92066275368255,TRACK
24.1,178.93384405973168,-530.9399130281854,-0.02044365739833509,0.047894846377195474,0.7443161799923361,0.035676192669558036,0.7451706962312589,178.93384405973168,-531.0,0.060086971814598655,182.0,-531.0,-0.01959433339319663,0.0008493240051384611,0.25482930376874113,78.59401970487504,77.3928295666095,TRACK
24.152,178.97252677978423,-530.938159777678,-0.020835863728138726,0.04698455923313332,0.7441699788871758,0.03499024980400352,0.7449921308700423,178.97252677978423,-531.0,0.061840222321961846,182.0,-531.0,-0.02042350809645442,0.0004123556316843052,0.25500786912995765,78.59401970487504,77.3928295666095,TRACK
24.196,179.00822572039417,-530.9366037163088,-0.018151591737066042,0.04578685298487164,0.7440152615574356,0.034089943189895305,0.7447958335390106,179.00822572039417,-531.0,0.06339628369119055,182.0,-531.0,-0.021187025322256445,-0.0030354335851904037,0.2552041664609894,70.12488563803034,86.0756289759798,TRACK
24.248,179.04689125340408,-530.9349586744429,-0.021696505974696523,0.04464393580857898,0.7438586998867887,0.03323086024784847,0.7446006013092358,179.04689125340408,-531.0,0.06504132555710385,182.0,-531.0,-0.02202113680553989,-0.0003246308308433657,0.2553993986907642,70.12488563803034,86.0756289759798,TRACK
24.3,179.0825748507284,-530.933476828397,-0.022105004100937853,0.043545322026171486,0.7437010520829184,0.03240518657885044,0.7444067107344275,179.0825748507284,-531.0,0.06652317160296661,182.0,-531.0,-0.02279806425960031,-0.000693060158662457,0.25559328926557245,73.07572899129862,83.36359742454259,TRACK
24.352,179.1212236752341,-530.9319235748054,-0.022464252232983206,0.0423635861502679,0.7435420026421653,0.0315179627583349,0.7442097094700912,179.1212236752341,-531.0,0.06807642519459023,182.0,-531.0,-0.023643288682532602,-0.0011790364495493956,0.25579029052990876,73.07572899129862,83.36359742454259,TRACK
24.4,179.15689164689556,-530.9305363879666,-0.01989546172488343,0.041142161162122354,0.7433812617489532,0.030601579825613005,0.7440108581245902,179.15689164689556,-531.0,0.06946361203335982,182.0,-531.0,-0.024427417662352836,-0.004531955937469405,0.2559891418754098,72.59301258395872,84.06113332353031,TRACK
24.452,179.1955232978051,-530.9290949454977,-0.026523252533520836,0.039796395375836416,0.7432185474125308,0.029593043504545842,0.7438074733705317,179.1955232978051,-531.0,0.07090505450230467,182.0,-531.0,-0.02527742599881667,0.0012458265347041649,0.25619252662946834,72.59301258395872,84.06113332353031,TRACK
24.5,179.23117557736202,-530.9278138410734,-0.023984809568689425,0.03843958651788865,0.743056594254085,0.02857686470488978,0.7436059033257075,179.23117557736202,-531.0,0.07218615892656999,182.0,-531.0,-0.02606514520555397,-0.0020803356368645463,0.25639409667429247,77.4781811449292,79.40310046508723,TRACK
24.552,179.26979046677215,-530.9264946777113,-0.024375194029579772,0.03693855760525504,0.7428946957563953,0.027453946226526298,0.7434018080058699,179.26979046677215,-531.0,0.07350532228872453,182.5,-531.0,-0.022751663024184045,0.0016235310053957265,0.25659819199413014,77.4781811449292,79.40310046508723,TRACK
24.6,179.30542674179043,-530.9253604776819,-0.021711447309331385,0.035146743463994476,0.7427293909165822,0.026115273594623956,0.7431883715763045,179.30542674179043,-531.0,0.0746395223180798,182.5,-531.0,-0.02336022337329136,-0.0016487760639599738,0.25681162842369554,75.644585272386,81.46170816277052,TRACK
24.648,179.34402444336692,-530.9242112703841,-0.02214254728064513,0.033264183277701385,0.7425663262452473,0.024709976956122717,0.7429773427464227,179.34402444336692,-531.0,0.07578872961585148,182.5,-531.0,-0.024009744195385496,-0.0018671969147403648,0.2570226572535773,75.644585272386,81.46170816277052,TRACK
24.7,179.37964562821077,-530.9232325059725,-0.025779211812620998,0.031237308858149477,0.7424059182124763,0.02319830885667656,0.7427682740469734,179.37964562821077,-531.0,0.07676749402753558,182.5,-531.0,-0.02459720987801038,0.0011820019346106166,0.25723172595302657,69.7937151576642,87.55572717666595,TRACK
24.748,179.41822810593848,-530.9222486865085,-0.026227154407054032,0.02922799253775141,0.7422536007746552,0.02170076253345466,0.7425707582159929,179.41822810593848,-531.0,0.07775131349148978,182.5,-531.0,-0.025224067716029648,0.0010030866910243838,0.25742924178400706,69.7937151576642,87.55572717666595,TRACK
24.796,179.45383686381254,-530.9213963431362,-0.02994269483769063,0.02737514308747725,0.7421120333351925,0.02032049940342005,0.7423901889955835,179.45383686381254,-531.0,0.07860365686383375,182.5,-531.0,-0.02579842711098431,0.00414426772670632,0.2576098110044165,78.1570509350934,79.4071092490525,TRACK
24.852,179.49240641783967,-530.9205670014352,-0.03045055099518823,0.025319453848186013,0.7419755891582038,0.018790432214960608,0.742213483607977,179.49240641783967,-531.0,0.0794329985648119,182.5,-531.0,-0.026404677069505354,0.004045873925682876,0.257786516392023,78.1570509350934,79.4071092490525,TRACK
24.9,179.52800335225595,-530.9198930400911,-0.027765938269406654,0.023084387215109012,0.74184511307152,0.01712808240705746,0.7420428174944079,179.52800335225595,-531.0,0.08010695990890326,182.5,-531.0,-0.026947395387442754,0.0008185428819638997,0.2579571825055921,80.08584261192411,77.64996749810612,TRACK
24.952,179.56656084236968,-530.9192656846966,-0.03154377884194615,0.020700029865450807,0.7417208915696669,0.015355837950640197,0.7418798303971257,179.56656084236968,-531.0,0.08073431530340258,182.5,-531.0,-0.027515123297903437,0.004028655544042716,0.2581201696028743,80.08584261192411,77.64996749810612,TRACK
25.0,179.60214684317233,-530.9187922649825,-0.03196284623647916,0.018111984170071784,0.7415998353729674,0.013433313416752156,0.7417214906786542,179.60214684317233,-531.0,0.08120773501752865,182.5,-531.0,-0.02801608047091026,0.003946765765568898,0.2582785093213458,76.9480334505866,80.95944452854054,TRACK
25.048,179.6406933680335,-530.9183755507962,-0.025826510469373787,0.015557278545240008,0.7414876564811097,0.011536460743780012,0.741577396257694,179.6406933680335,-531.0,0.08162444920378675,182.5,-531.0,-0.028539187246509494,-0.002712676777135707,0.25842260374230597,76.9480334505866,80.95944452854054,TRACK
25.1,179.6762705407915,-530.9180827788053,-0.029481666200300127,0.01299320584892237,0.7413838614064348,0.009633495250226005,0.7414464472803493,179.6762705407915,-531.0,0.08191722119465794,182.5,-531.0,-0.02900215957006731,0.0004795066302328184,0.25855355271965075,66.2759477267436,91.782164988056,TRACK
25.152,179.71480927852787,-530.9178343865411,-0.029889103619825663,0.01070200329074801,0.7412948600627614,0.007933642921761847,0.7413373134042822,179.71480927852787,-531.0,0.0821656134588693,182.5,-531.0,-0.029492339230732467,0.000396764389093196,0.2586626865957178,66.2759477267436,91.782164988056,TRACK
25.2,179.75038137798785,-530.9176494311029,-0.03366424909295084,0.008776504489084833,0.7412215509365174,0.006505501303208798,0.7412500989004605,179.75038137798785,-531.0,0.08235056889714087,183.0,-531.0,-0.02533618766631523,0.008328061426635613,0.25874990109953955,78.38309504086733,79.77555716703507,TRACK
25.252,179.78891445868854,-530.9175440933941,-0.0310303309304476,0.006661941670614183,0.7411512820556772,0.004937579656047864,0.741167729050337,179.78891445868854,-531.0,0.08245590660590096,183.0,-531.0,-0.025672872704802917,0.0053574582256446825,0.258832270949663,78.38309504086733,79.77555716703507,TRACK
25.3,179.824480607662,-530.917539801468,-0.03150886332508951,0.0043729155628638335,0.7410848362676498,0.0032407220707278694,0.7410919219809301,179.824480607662,-531.0,0.08246019853197595,183.0,-531.0,-0.025961633761008702,0.005547229564080807,0.2589080780190699,83.06672110385654,75.14953998091039,TRACK
25.352,179.86300761923025,-530.9176429050594,-0.035275950095351005,0.0019061539047431227,0.7410215675910334,0.0014125028653029282,0.7410229138153671,179.86300761923025,-531.0,0.08235709494056209,183.0,-531.0,-0.02624749164083555,0.009028458454515456,0.2589770861846329,83.06672110385654,75.14953998091039,TRACK
25.4,179.89856810404925,-530.9178497964242,-0.0290109786811501,-0.0007968804006352888,0.7409592207393982,-0.000590456005660699,0.7409594560008199,179.89856810404925,-531.0,0.08215020357579306,183.0,-531.0,-0.02648163882959736,0.00252933985155274,0.2590405439991801,83.75317855966186,74.53023432794923,TRACK
25.452,179.93708975124161,-530.9181822588638,-0.029349443631840888,-0.0035382641892034695,0.7409038111215343,-0.0026215243624399167,0.7409084489492591,179.93708975124161,-531.0,0.08181774113620577,183.0,-531.0,-0.02670606788318954,0.002643375748651349,0.2590915510507409,83.75317855966186,74.53023432794923,TRACK
25.5,179.97264654854655,-530.9185955258255,-0.032979004985752125,-0.006367409242632327,0.7408557909108218,-0.004717395764550346,0.7408708097562615,179.97264654854655,-531.0,0.08140447417451924,183.0,-531.0,-0.02688317174168461,0.006095833244067515,0.2591291902437385,69.72479102285732,88.60624057973766,TRACK
25.552,180.01116646904583,-530.919120072353,-0.03326418858747404,-0.008904579182095262,0.7408249597602871,-0.006596908874846591,0.7408543313030801,180.01116646904583,-531.0,0.08087992764694718,183.0,-531.0,-0.02705409758954681,0.006210090997927232,0.2591456686969199,69.72479102285732,88.60624057973766,TRACK
25.6,180.04672481982087,-530.9196428663223,-0.03696182811443616,-0.010933496089971502,0.7408158649121321,-0.008100030127787644,0.7408601461771186,180.04672481982087,-531.0,0.08035713367769404,183.0,-531.0,-0.0272027855850268,0.009759042529409356,0.2591398538228814,82.14379587864924,76.18643761350855,TRACK
25.648,180.08524702306696,-530.920292189221,-0.037322134821684554,-0.013005847666442558,0.7408143725031009,-0.009635462170148336,0.7408770320629433,180.08524702306696,-531.0,0.07970781077904121,183.0,-531.0,-0.027339521130777707,0.009982613690906847,0.2591229679370567,82.14379587864924,76.18643761350855,TRACK
25.7,180.12080684188706,-530.9209773527291,-0.034365283065147745,-0.015196906554942494,0.7408196876902853,-0.011259034324099353,0.7409052405830607,180.12080684188706,-531.0,0.07902264727090369,183.0,-531.0,-0.027439219810009352,0.006926063255138393,0.25909475941693927,84.400803089995,73.87800468913231,TRACK
25.752,180.15933125985632,-530.9218131178461,-0.03458493709724997,-0.017470089999051464,0.7408317640994511,-0.012943714444434356,0.7409448309033027,180.15933125985632,-531.0,0.07818688215388647,183.0,-531.0,-0.02751716376937866,0.007067773327871309,0.25905516909669735,84.400803089995,73.87800468913231,TRACK
25.8,180.19489351012604,-530.9226779528025,-0.03822748419916654,-0.01986581845808741,0.7408487215480095,-0.014719502612340628,0.740994933839952,180.19489351012604,-531.0,0.07732204719752644,183.0,-531.0,-0.027557767560875773,0.01066971663829077,0.25900506616004804,75.75729952335915,82.46133685682098,TRACK
25.848,180.23342225313323,-530.9236817293281,-0.03163250291192288,-0.022029518525549883,0.7408797469392261,-0.01632386485133839,0.7410595576527007,180.23342225313323,-531.0,0.07631827067189079,183.0,-531.0,-0.02757880951918701,0.004053693392735869,0.2589404423472993,75.75729952335915,82.46133685682098,TRACK
25.896,180.2689909261001,-530.9246557676213,-0.035232793835837224,-0.023901825182617867,0.7409267425605308,-0.017712874707804402,0.7411384376564026,180.2689909261001,-531.0,0.07534423237871124,183.0,-531.0,-0.027581426390207463,0.0076513674456297615,0.25886156234359736,73.97377033897587,84.15793866849876,TRACK
25.952,180.30752818155392,-530.9257535507496,-0.03545323262933797,-0.025504058275599092,0.7409877559112763,-0.018902293462292663,0.741228811574782,180.30752818155392,-531.0,0.07424644925038137,183.0,-531.0,-0.02756858512792812,0.007884647501409853,0.25877118842521796,73.97377033897587,84.15793866849876,TRACK
26.0,180.34310592934892,-530.926791128496,-0.03912483866194006,-0.026782354250493533,0.7410631190142343,-0.01985216181790152,0.741328978721289,180.34310592934892,-531.0,0.07320887150399358,183.0,-531.0,-0.027547335459339364,0.011577503202600696,0.258671021278711,83.21019568259993,74.80072348356583,TRACK
26.052,180.38165291218323,-530.9279704161172,-0.03937772406206563,-0.028113277309625793,0.7411418733593826,-0.02084141801662565,0.7414348529382733,180.38165291218323,-531.0,0.07202958388279512,183.0,-531.0,-0.027502626514192458,0.011875097547873175,0.25856514706172673,83.21019568259993,74.80072348356583,TRACK
26.096,180.41723911547484,-530.9291139736508,-0.036180733945005095,-0.029517362625640572,0.7412249500182815,-0.021885362060145158,0.7415479725561304,180.41723911547484,-531.0,0.07088602634917152,183.0,-531.0,-0.027438945646012174,0.008741788298992921,0.25845202744386964,85.49918360861348,72.37968877216043,TRACK
26.152,180.4557958059153,-530.9304136062492,-0.03633845909285838,-0.030979736034540455,0.7413124031688165,-0.022973012443541236,0.7416682805625822,180.4557958059153,-531.0,0.06958639375079656,183.0,-531.0,-0.02734412975416515,0.008994329338693229,0.25833171943741784,85.49918360861348,72.37968877216043,TRACK
26.2,180.49139115284967,-530.9316775034969,-0.03301014322293284,-0.03255969934354092,0.7414024667895339,-0.02414837551921431,0.7417956334475304,180.49139115284967,-531.0,0.0683224965031286,183.0,-531.0,-0.027228482113558827,0.00578166110937401,0.2582043665524696,76.6421321410336,81.09438485404955,TRACK
26.252,180.52995931951097,-530.9330797344446,-0.036551599382674826,-0.0338836773019265,0.7415050328642061,-0.02513453700501611,0.7419308988803498,180.52995931951097,-531.0,0.06692026555538177,183.0,-531.0,-0.027086152757190625,0.009465446625484202,0.2580691011196502,76.6421321410336,81.09438485404955,TRACK
26.3,180.56556752924104,-530.9343932296222,-0.036644656812154786,-0.03492951452129815,0.7416214673101613,-0.025915018056269133,0.7420741128324942,180.56556752924104,-531.0,0.06560677037782625,183.0,-531.0,-0.026942991930618724,0.009701664881536062,0.25792588716750575,80.35725737714888,77.21992350286494,TRACK
26.352,180.60415044200366,-530.9358410165632,-0.033271781925257045,-0.03583177828989523,0.7417466358077094,-0.02658948153224636,0.742223060986526,180.60415044200366,-531.0,0.06415898343675508,183.0,-531.0,-0.026772821821283866,0.006498960103973179,0.257776939013474,80.35725737714888,77.21992350286494,TRACK
26.4,180.63977263929237,-530.9371931627592,-0.033339556048044505,-0.03656985384452765,0.7418805018385817,-0.027142562341262715,0.7423768569255881,180.63977263929237,-531.0,0.06280683724082792,183.0,-531.0,-0.026604224524920714,0.0067353315231237915,0.2576231430744119,75.0460964032706,82.35530882846301,TRACK
26.452,180.67837158981453,-530.9386658512925,-0.04037365145510141,-0.03711790359620452,0.7420229547095829,-0.027554992188533457,0.7425344052031865,180.67837158981453,-531.0,0.06133414870748766,183.0,-531.0,-0.026412446189527344,0.013961205265574067,0.2574655947968135,75.0460964032706,82.35530882846301,TRACK
26.5,180.71401009142053,-530.9400106083232,-0.037017179974165426,-0.03732710230781171,0.7421789947716672,-0.02771626493781475,0.7426963387700154,180.71401009142053,-531.0,0.05998939167682238,183.0,-531.0,-0.026236173011352455,0.010781006962812971,0.2573036612299846,90.00707535124523,67.21324788718233,TRACK
26.552,180.75262687441898,-530.9414807548573,-0.03708140591122988,-0.037580840406313515,0.7423370013988173,-0.027910789265853407,0.7428615185909353,180.75262687441898,-531.0,0.05851924514274742,183.0,-531.0,-0.026033071222710872,0.011048334688519009,0.2571384814090647,90.00707535124523,67.21324788718233,TRACK
26.6,180.7882797590699,-530.9428858751579,-0.033572227087944384,-0.038214572888802374,0.7424880014888098,-0.028387681881784955,0.7430304790770486,180.7882797590699,-531.0,0.05711412484208722,183.0,-531.0,-0.025817656947723443,0.007754570140220941,0.25696952092295144,77.42594945244912,79.60634228231211,TRACK
26.652,180.8269125363244,-530.9444196848243,-0.033521895957139725,-0.038728200313188986,0.7426455094114222,-0.028775712131609427,0.743202794839761,180.8269125363244,-531.0,0.055580315175689066,183.0,-531.0,-0.02557108321014871,0.007950812746991016,0.25679720516023896,77.42594945244912,79.60634228231211,TRACK
26.696,180.86258273299165,-530.9458246025021,-0.03701352772015487,-0.03895151764504246,0.742814765149602,-0.02894840428577919,0.743378628583679,180.86258273299165,-531.0,0.05417539749794287,183.0,-531.0,-0.025340770615826947,0.011672757104327924,0.256621371416321,75.45800089490906,81.37927832450741,TRACK
26.752,180.90123560015806,-530.9473257530052,-0.03700049155752749,-0.03890448916970593,0.7429931263518941,-0.028920360403080374,0.7435557632430844,180.90123560015806,-531.0,0.05267424699479761,183.0,-531.0,-0.02509247412414297,0.011908017433384523,0.25644423675691563,75.45800089490906,81.37927832450741,TRACK
26.8,180.93692501666743,-530.9486764861023,-0.040560975680252964,-0.03852784055801752,0.7431808608428822,-0.028647329761468276,0.743732788994562,180.93692501666743,-531.0,0.051323513897727935,183.0,-531.0,-0.024872062641261152,0.015688913038991812,0.25626721100543803,84.9491254032595,71.68795821454921,TRACK
26.852,180.97559794527075,-530.9501308385587,-0.040578248892220836,-0.03819901790536398,0.7433661174548283,-0.028409675109513415,0.7439087942884488,180.97559794527075,-531.0,0.049869161441279175,183.0,-531.0,-0.024629039249331422,0.015949209642889414,0.2560912057115512,84.9491254032595,71.68795821454921,TRACK
26.9,181.0113046643048,-530.9514692642748,-0.03698082866222707,-0.037942461174016756,0.7435494693021805,-0.028225643000971346,0.7440850087337955,181.0113046643048,-531.0,0.04853073572519406,183.0,-531.0,-0.02439846094108465,0.01258236772114242,0.25591499126620454,87.16027884600351,69.2824685128544,TRACK
26.952,181.0499961538701,-530.9529146776306,-0.04044808957835744,-0.03773151927881719,0.7437306425052135,-0.02807541169147094,0.7442603693216933,181.0499961538701,-531.0,0.0470853223694121,183.0,-531.0,-0.024141580412343447,0.01630650916601399,0.25573963067830674,87.16027884600351,69.2824685128544,TRACK
27.0,181.0857193243423,-530.9542562190061,-0.033164833939720584,-0.03766311986390575,0.7439063689882601,-0.02803109012911174,0.7444343005498362,181.0857193243423,-531.0,0.045743780993916516,183.0,-531.0,-0.023891521057845835,0.00927331288187475,0.25556569945016383,83.4032089750055,72.84677315014383,TRACK
27.052,181.12442852457409,-530.9556979483052,-0.03652083899124171,-0.03751073652400425,0.7440818337101116,-0.027924155789612878,0.7446056229534966,181.12442852457409,-531.0,0.044302051694785405,183.0,-531.0,-0.023616170255560728,0.012904668735680979,0.25539437704650336,83.4032089750055,72.84677315014383,TRACK
27.1,181.16016853643396,-530.9570158117215,-0.03635022886469197,-0.037281802729704175,0.7442574450564616,-0.027760122006820636,0.744774978698805,181.16016853643396,-531.0,0.042984188278524016,183.0,-531.0,-0.023358862445726585,0.012991366418965384,0.25522502130119495,77.51931841369473,78.54384348179987,TRACK
27.148,181.1988962952548,-530.9584120534455,-0.03247481837594913,-0.036845987059237265,0.7444349467346674,-0.027441860139207977,0.7449405651511716,181.1988962952548,-531.0,0.04158794655450038,183.0,-531.0,-0.023086154228261893,0.009388664147687235,0.2550594348488284,77.51931841369473,78.54384348179987,TRACK
27.204,181.23465407947702,-530.9596506912211,-0.03227690499261304,-0.03606861796666731,0.744616558664615,-0.026868942870903505,0.7451011740217122,181.23465407947702,-531.0,0.040349308778900195,183.0,-531.0,-0.02285233970285672,0.009424565289756322,0.25489882597828784,75.40747456982396,80.47656454191002,TRACK
27.252,181.27340105023026,-530.9609408610565,-0.03938669028247888,-0.0350939768995746,0.7447976816634081,-0.02614864829695108,0.7452565587896192,181.27340105023026,-531.0,0.03905913894345758,183.0,-531.0,-0.022618152342851732,0.01676853793962715,0.25474344121038084,75.40747456982396,80.47656454191002,TRACK
27.3,181.30917635212165,-530.9620695113176,-0.03558439327830798,-0.03384886233921397,0.744980069372599,-0.025226362880060364,0.7454070519833836,181.30917635212165,-531.0,0.03793048868237747,183.0,-531.0,-0.02242938100777244,0.013155012270535539,0.25459294801661636,90.82700095086226,64.89272174403668,TRACK
27.352,181.34794099636568,-530.9632545671192,-0.039050162766270935,-0.03269769937997751,0.7451529198115951,-0.024373472997901702,0.7455514335642612,181.34794099636568,-531.0,0.03674543288082077,183.0,-531.0,-0.022238536931632583,0.01681162583463835,0.25444856643573877,90.82700095086226,64.89272174403668,TRACK
27.4,181.38372931766534,-530.9643556764245,-0.03881195095673973,-0.03201842503534944,0.7453059073542526,-0.023871679466417703,0.745688106796463,181.38372931766534,-531.0,0.03564432357552505,183.0,-531.0,-0.02204986272615709,0.016762088230582638,0.254311893203537,83.07700676022439,72.49112302186784,TRACK
27.448,181.42250643238265,-530.9655334483194,-0.03483957126592219,-0.03143902384669078,0.7454486503774969,-0.023443902484624645,0.7458172074398258,181.42250643238265,-531.0,0.034466551680566226,183.0,-531.0,-0.021845457539824597,0.01299411372609759,0.2541827925601742,83.07700676022439,72.49112302186784,TRACK
27.496,181.4583069053937,-530.9665921620259,-0.03458584524190745,-0.03078256479751235,0.7455867384509614,-0.02295832405801942,0.7459401244050995,181.4583069053937,-531.0,0.033407837974095855,183.0,-531.0,-0.021666186643121907,0.012919658598785543,0.2540598755949005,76.88785310217294,78.54874587474153,TRACK
27.552,181.49709759636394,-530.9676904661851,-0.03428073450428992,-0.02991552897334203,0.7457225692159306,-0.022315342478481034,0.7460563817486855,181.49709759636394,-531.0,0.032309533814895985,183.0,-531.0,-0.021494780791843856,0.012785953712446067,0.2539436182513145,76.88785310217294,78.54874587474153,TRACK
27.6,181.53291087996647,-530.9686388739691,-0.030240006983174306,-0.0287113018505636,0.7458581962587346,-0.021420446035970837,0.7461657218304208,181.53291087996647,-531.0,0.03136112603090169,183.0,-531.0,-0.021373173634753537,0.008866833348420769,0.25383427816957915,80.52884464835302,74.78959596879784,TRACK
27.652,181.57171440446646,-530.9696137332807,-0.037411985023108496,-0.027453213551980944,0.7459853963181586,-0.020484842981921738,0.7462666013643878,181.57171440446646,-531.0,0.030386266719347077,183.0,-531.0,-0.021271434563423133,0.016140550459685363,0.2537333986356122,80.52884464835302,74.78959596879784,TRACK
27.7,181.6075380426907,-530.9704634372895,-0.03342178208879454,-0.026144407055051354,0.7461045363251535,-0.01951090633595838,0.7463596013926684,181.6075380426907,-531.0,0.02953656271051841,183.0,-531.0,-0.0212085751221926,0.012213206966601938,0.25364039860733156,86.07304368575821,69.14436849979604,TRACK
27.752,181.6463512945712,-530.971342700591,-0.033137650083138626,-0.024921043747133238,0.7462109901147037,-0.018600207493847856,0.7464427704029162,181.6463512945712,-531.0,0.028657299409019288,183.0,-531.0,-0.021167249061998458,0.011970401021140168,0.2535572295970838,86.07304368575821,69.14436849979604,TRACK
27.8,181.68218148363013,-530.9721378595082,-0.03645740430014089,-0.023964584674698475,0.746298938795997,-0.017888168642143626,0.7465132903206754,181.68218148363013,-531.0,0.027862140491833998,183.0,-531.0,-0.02113947383669194,0.01531793046344895,0.25348670967932463,75.8616116686607,79.27609574551819,TRACK
27.852,181.7210006290471,-530.9729504150675,-0.02871537893641585,-0.02290189007818676,0.7463770197546693,-0.017096433574744448,0.7465727986330856,181.7210006290471,-531.0,0.027049584932456128,183.0,-531.0,-0.021145868955004966,0.007569509981410885,0.25342720136691443,75.8616116686607,79.27609574551819,TRACK
27.9,181.7568363612417,-530.9736455860526,-0.03212279912757476,-0.021674809885671355,0.7464472767595975,-0.016181636923039817,0.746622650577471,181.7568363612417,-531.0,0.02635441394738791,183.0,-531.0,-0.021196298012435288,0.010926501115139469,0.253377349422529,73.20859914291403,81.88092621913508,TRACK
27.952,181.79566077058104,-530.9743341915223,-0.028042104871431883,-0.020295576541388048,0.7465088696776532,-0.015152908507508677,0.7466626434633277,181.79566077058104,-531.0,0.025665808477697283,183.0,-531.0,-0.021307886862865128,0.006734218008566755,0.25333735653667233,73.20859914291403,81.88092621913508,TRACK
27.996,181.83150052328918,-530.9748984021838,-0.03538184086577445,-0.01870145167306662,0.746562295454021,-0.01396342660358728,0.7466928674335189,181.83150052328918,-531.0,0.025101597816160393,183.0,-531.0,-0.021478604102084936,0.013903236763689514,0.2533071325664811,76.49908988764346,81.88092621913508,TRACK
28.052,181.87032758475948,-530.9754511291143,-0.03139522958292451,-0.01713799417284673,0.7466014827105988,-0.012796504708732087,0.7467111386061046,181.87032758475948,-531.0,0.024548870885723773,183.0,-531.0,-0.021727544527081182,0.009667685055843329,0.2532888613938954,76.49908988764346,78.56135072986004,TRACK
28.096,181.90616802482273,-530.9759060785468,-0.031259620458613524,-0.015582235957726847,0.7466275058897709,-0.011635067672927844,0.7467181579089486,181.90616802482273,-531.0,0.02409392145318634,183.0,-531.0,-0.022023515866075493,0.009236104592538031,0.2532818420910514,82.07026844804135,72.98443692354859,TRACK
28.152,181.94499399158704,-530.9763551019108,-0.031099923219000566,-0.014176051589049325,0.746636501280419,-0.010585066629795933,0.7467115297622117,181.94499399158704,-531.0,0.023644898089173694,183.0,-531.0,-0.022408346618336468,0.008691576600664098,0.25328847023778833,82.07026844804135,72.98443692354859,TRACK
28.2,181.9808307741932,-530.9767497828061,-0.03467174307098442,-0.013068993912481534,0.7466235990022574,-0.009758174837474655,0.7466873646736245,181.9808307741932,-531.0,0.02325021719389042,183.0,-531.0,-0.022808955080671697,0.01186278799031272,0.2533126353263755,77.44878267193407,77.63008644269213,TRACK
28.252,182.01965097793146,-530.9771385534218,-0.026910578767837423,-0.01199995555431655,0.7465951722051027,-0.008959538942340632,0.7466489298847393,182.01965097793146,-531.0,0.022861446578190225,183.0,-531.0,-0.023315475746340887,0.003595103021496536,0.2533510701152607,77.44878267193407,77.63008644269213,TRACK
28.296,182.0554815482392,-530.9774658844966,-0.03052626725904006,-0.010997445033805125,0.7465514370937909,-0.00821048939960455,0.7465965847517556,182.0554815482392,-531.0,0.02253411550339024,183.0,-531.0,-0.023853257175506327,0.006673010083533732,0.2534034152482444,77.44878267193407,77.63008644269213,BRAKE
28.352,182.0937723817302,-530.977491157126,-0.026493366219204617,-0.007411751299098369,0.7429851979927247,-0.005506922345998675,0.7430056060555755,182.0937723817302,-531.0,0.022508842874003676,183.0,-531.0,-0.02483285146417193,0.0016605147550326875,0.25699439394442447,0.0,0.0,BRAKE
28.396,182.12810239563032,-530.9775219874181,-0.03402045917953456,-0.005188135152747017,0.7332633967170721,-0.003804303737951375,0.7332732653601853,182.12810239563032,-531.0,0.022478012581927942,183.0,-531.0,-0.025774855377645862,0.008245603801888695,0.26672673463981467,-399.93794857831006,-399.93794857831006,BRAKE
28.448,182.1609984466842,-530.9772842341835,-0.03387576188384278,-0.0012499837387314988,0.6980369361133665,-0.0008725352736093448,0.6980374814408892,182.1609984466842,-531.0,0.022715765816542444,183.0,-531.0,-0.0270681474011085,0.00680761448273428,0.3019625185591108,-399.93794857831006,-399.93794857831006,BRAKE
28.496,182.18505689968165,-530.9771171622094,-0.029871384588447954,0.00103486409841291,0.6291502282467765,0.0006510852161460974,0.6291505651391641,182.18505689968165,-531.0,0.02288283779057565,183.0,-531.0,-0.02807168593487031,0.0017996986535776457,0.3708494348608359,-378.453920493712,-378.453920493712,BRAKE
28.548,182.20425786919816,-530.9770068773387,-0.029725354115049948,0.0021656227990567993,0.5381849431830292,0.0011655074051131413,0.5381862052082269,182.20425786919816,-531.0,0.02299312266131892,183.0,-531.0,-0.02888715545225316,0.000838198662796788,0.4618137947917731,-378.453920493712,-378.453920493712,BRAKE
28.6,182.21546353388584,-530.9768801931526,-0.025705804087577055,0.0038961769400370342,0.431528184749962,0.0016813186699890675,0.43153146011162086,182.21546353388584,-531.0,0.023119806847375912,183.0,-531.0,-0.029460858192753018,-0.0037550541051759624,0.5684685398883791,-294.43846400485467,-294.43846400485467,BRAKE
28.652,182.22084452571644,-530.9765530778583,-0.029404562785590116,0.010402134136878528,0.3167115343319377,0.003294594693549386,0.3167286698944144,182.22084452571644,-531.0,0.02344692214171573,183.0,-531.0,-0.030083659970097622,-0.0006790971845075065,0.6832713301055856,-294.43846400485467,-294.43846400485467,BRAKE
28.7,182.21980373792607,-530.9759450348156,-0.02929972611696563,0.033149804340554985,0.19827341967762216,0.006575133737082186,0.198382411857299,182.21980373792607,-531.0,0.024054965184404864,183.0,-531.0,-0.030822176947501716,-0.001522450830536086,0.801617588142701,-177.01415817656215,-177.01415817656215,BRAKE
28.752,182.21300776738153,-530.9748727164139,-0.02917924249142745,0.13735398472938387,0.08313561335601913,0.011491364633022888,0.08392604881209764,182.21300776738153,-531.0,0.025127283586130034,183.0,-531.0,-0.031917405793103065,-0.002738163301675617,0.9160739511879024,-177.01415817656215,-177.01415817656215,BRAKE
28.796,182.20230204718007,-530.9735008710401,-0.03295903597107741,0.13735398472938387,-0.024024394454210923,0.01747242619539754,0.02970618127671638,182.20230204718007,-531.0,0.026499128959926566,183.0,-531.0,-0.03320729072985178,-0.0002482547587743661,0.9702938187232836,-52.472440633354175,-52.472440633354175,BRAKE
28.848,182.1872701025873,-530.9717686275507,-0.03286189456805255,2.947014921965829,-0.11679240653893454,0.023016408205756782,0.11903873853435186,182.1872701025873,-531.0,0.028231372449340597,183.0,-531.0,-0.0347225146762808,-0.0018606201082282461,0.8809612614656481,-52.472440633354175,-52.472440633354175,BRAKE
28.896,182.1714746701536,-530.9700386418616,-0.02882814682111956,2.998277558923704,-0.19109009241264402,0.02757514431642149,0.19306944865085285,182.1714746701536,-531.0,0.029961358138393734,183.0,-531.0,-0.03614652086367061,-0.0073183740425510485,0.8069305513491472,0.0,0.0,BRAKE
28.952,182.15343198581863,-530.9684681389899,-0.02874847176016182,3.026112123560243,-0.2456497046305237,0.02849453621125611,0.2472968175673883,182.15343198581863,-531.0,0.03153186101008032,183.0,-531.0,-0.0372294854665943,-0.008481013706432478,0.7527031824326117,0.0,0.0,BRAKE
29.0,182.13693749184054,-530.9671106035452,-0.03257266160092365,3.0404187032456824,-0.27994465993339335,0.028420144488647506,0.28138357670265485,182.13693749184054,-531.0,0.03288939645483424,183.0,-531.0,-0.03808934962322391,-0.0055166880223002646,0.7186164232973451,0.0,0.0,BRAKE
29.052,182.1199718534779,-530.9657465157424,-0.024621612362247136,3.0484845924226334,-0.29615582562838155,0.027654454128860403,0.2974441828087979,182.1199718534779,-531.0,0.03425348425764696,183.0,-531.0,-0.03890353046226706,-0.01428191810001992,0.7025558171912021,0.0,0.0,BRAKE
29.1,182.10566079573525,-530.9645944085656,-0.02847657126958736,3.052972648964731,-0.2968527493652343,0.026376176680690075,0.29802224330071336,182.10566079573525,-531.0,0.035405591434368944,183.0,-531.0,-0.039567886692668905,-0.011091315423081546,0.7019777566992866,0.0,0.0,BRAKE
29.152,182.0919722753152,-530.963443346082,-0.02441892422120029,3.0545001279626383,-0.2850885591455057,0.024892050789664957,0.2861732006114055,182.0919722753152,-531.0,0.03655665391795537,183.0,-531.0,-0.04023767284899174,-0.01581874862779145,0.7138267993885945,0.0,0.0,BRAKE
29.2,182.08110873235978,-530.9624379854121,-0.02434031179158902,3.05294570147417,-0.264520897494414,0.02351058789854218,0.2655636514182341,182.08110873235978,-531.0,0.037562014587933845,183.0,-531.0,-0.04085479441711867,-0.016514482625529653,0.7344363485817659,0.0,0.0,BRAKE
29.252,182.07112893196683,-530.9613963946751,-0.028240150003342457,3.048629981235404,-0.23911031678548972,0.0222925890171537,0.24014725298937933,182.07112893196683,-531.0,0.03860360532485174,183.0,-531.0,-0.04153579991934694,-0.01329564991600448,0.7598527470106207,0.0,0.0,BRAKE
29.3,182.0632680157481,-530.960459754821,-0.028188227078150163,3.041711038914267,-0.21274088667215343,0.021319848463986244,0.21380650317654365,182.0632680157481,-531.0,0.03954024517895505,183.0,-531.0,-0.04218579832704668,-0.013997571248896515,0.7861934968234563,0.0,0.0,BRAKE
29.352,182.05574239833237,-530.9594740143847,-0.02813159512518748,3.0335506392280003,-0.18893477048119103,0.02049269290018757,0.19004288452631352,182.05574239833237,-531.0,0.04052598561531795,183.0,-531.0,-0.042892035234263964,-0.014760440109076484,0.8099571154736864,0.0,0.0,BRAKE
29.4,182.04922945200562,-530.9586105425294,-0.02407257998937662,3.0269093174913477,-0.17029783444533553,0.01961639932978809,0.171423905974157,182.04922945200562,-531.0,0.04138945747058642,183.0,-531.0,-0.043505072567886605,-0.019432492578509986,0.828576094025843,0.0,0.0,BRAKE
29.452,182.04212693925626,-530.9577329975773,-0.024014928639224827,3.0244199683879756,-0.15849896666397392,0.018657212126695362,0.15959327679413074,182.04212693925626,-531.0,0.042267002422704536,183.0,-531.0,-0.04409728548058551,-0.02008235684136068,0.8404067232058693,0.0,0.0,BRAKE
29.5,182.03513684269035,-530.9569959204465,-0.027975751001489746,3.0284261884365438,-0.15399378245804426,0.01750170862771996,0.15498514393523358,182.03513684269035,-531.0,0.04300407955349783,183.0,-531.0,-0.044540655634123225,-0.01656490463263348,0.8450148560647665,0.0,0.0,BRAKE
29.552,182.02679036265744,-530.9562790819447,-0.027930599257311117,3.0382914209416585,-0.15627418958848638,0.016200985139568462,0.15711172537729545,182.02679036265744,-531.0,0.043720918055328184,183.0,-531.0,-0.04489427490306777,-0.016963675645756654,0.8428882746227045,0.0,0.0,BRAKE
29.6,182.01823990187611,-530.9556769439187,-0.03191941687674471,3.0508182522447473,-0.16392533309632035,0.014921230113715002,0.1646030313780582,182.01823990187611,-531.0,0.04432305608133902,183.0,-531.0,-0.04511588903085995,-0.013196472154115242,0.8353969686219418,0.0,0.0,BRAKE
29.652,182.00807540939147,-530.9550818582298,-0.027830384759562232,3.0634275370920268,-0.17496631977466418,0.013704184017860778,0.1755021872088363,182.00807540939147,-531.0,0.04491814177015385,183.0,-531.0,-0.045252911859456936,-0.017422527099894704,0.8244978127911637,0.0,0.0,BRAKE
29.696,181.99800798268592,-530.9545615246843,-0.027789870937415806,3.0738219546155423,-0.18713642758147922,0.012701818381051824,0.18756699794511678,181.99800798268592,-531.0,0.04543847531567735,183.0,-531.0,-0.04531709387905213,-0.017527222941636326,0.8124330020548832,0.0,0.0,BRAKE
29.748,181.98663720722314,-530.9540184157735,-0.027756218405300404,3.0815571106899706,-0.1981727435428251,0.011911722693769075,0.1985304143470808,181.98663720722314,-531.0,0.04598158422652432,183.0,-531.0,-0.04534414143072042,-0.01758792302542002,0.8014695856529193,0.0,0.0,BRAKE
29.8,181.97601987899571,-530.9535449855334,-0.031782898763128564,3.087363284223071,-0.20623030162781142,0.011194715251309325,0.20653391721229705,181.97601987899571,-531.0,0.04645501446657363,183.0,-531.0,-0.04533601968948637,-0.013553120926357805,0.7934660827877029,0.0,0.0,BRAKE
29.852,181.96474074956805,-530.953067031798,-0.023605225588095857,3.0916569877952225,-0.20996691335965786,0.010493561209396651,0.21022896929927956,181.96474074956805,-531.0,0.046932968201986114,183.0,-531.0,-0.04530348826695525,-0.021698262678859395,0.7897710307007204,0.0,0.0,BRAKE
29.9,181.95482055133004,-530.9526872423864,-0.0276442715326326,3.095698164762047,-0.20881327250257842,0.009590112578789792,0.20903337779529357,181.95482055133004,-531.0,0.04731275761355391,183.0,-531.0,-0.045236710587899465,-0.017592439055266865,0.7909666222047065,0.0,0.0,BRAKE
29.952,181.94484885603285,-530.9523683030667,-0.023518637970528555,3.1003025855844073,-0.2028458070116449,0.008380280136099046,0.2030188427643232,181.94484885603285,-531.0,0.047631696933308376,183.0,-531.0,-0.045111434503004894,-0.021592796532476338,0.7969811572356769,0.0,0.0,BRAKE
30.0,181.93648835601138,-530.9521701113388,-0.03169857258376063,3.105861446719618,-0.19281175388077182,0.006892330104534122,0.192934902619638,181.93648835601138,-531.0,0.047829888661226505,183.0,-531.0,-0.04494326017361291,-0.013244687589852276,0.807065097380362,0.0,0.0,BRAKE
30.048,181.92837684149475,-530.9520783388533,-0.03168476140667709,3.1132676937990884,-0.17992437234595945,0.005097713989323748,0.17999657344517536,181.92837684149475,-531.0,0.047921661146688166,183.0,-531.0,-0.044688988827062764,-0.013004227420385678,0.8200034265548246,0.0,0.0,BRAKE
30.096,181.92169264090907,-530.952094767115,-0.02755154775103774,3.12231971612651,-0.165689804628798,0.0031937246849194573,0.16572058180953964,181.92169264090907,-531.0,0.04790523288500026,183.0,-531.0,-0.04439713123132855,-0.01684558348029081,0.8342794181904604,0.0,0.0,BRAKE
30.152,181.91514973807872,-530.9522047993646,-0.027534247829473998,3.132792666467995,-0.15173714205913136,0.0013353193651397994,0.1517430174936558,181.91514973807872,-531.0,0.047795200635391666,183.0,-531.0,-0.04402848442402921,-0.01649423659455521,0.8482569825063442,0.0,0.0,BRAKE
30.2,181.9095407001597,-530.9523771132252,-0.023380489686997796,-3.1388082978174676,-0.1395283771645896,-0.00038849764632238365,0.13952891802277106,181.9095407001597,-531.0,0.047622886774775,183.0,-531.0,-0.043644586084802144,-0.020264096397804347,0.860471081977229,0.0,0.0,BRAKE
30.252,181.9036648260672,-530.9526060141977,-0.02335747761149687,-3.127825346816909,-0.13024259770272395,-0.0017932030927180534,0.13025494168623825,181.9036648260672,-531.0,0.047393985802273164,183.0,-531.0,-0.04320256879622003,-0.019845091184723163,0.8697450583137618,0.0,0.0,BRAKE
30.3,181.89819608769614,-530.9528473435989,-0.027484448201548606,-3.118107180349969,-0.12453390579577972,-0.0029252755607256493,0.12456825811521295,181.89819608769614,-531.0,0.04715265640106736,183.0,-531.0,-0.04276977144761947,-0.015285323246070862,0.875431741884787,0.0,0.0,BRAKE
30.352,181.8920126352248,-530.9531326606377,-0.023305800251241404,-3.110421032500247,-0.12256643040123155,-0.003821832260160013,0.12262600157847739,181.8920126352248,-531.0,0.04686733936227938,183.0,-531.0,-0.0422743240237783,-0.018968523772536897,0.8773739984215226,0.0,0.0,BRAKE
30.4,181.88594052321426,-530.9534121594984,-0.023284299424377597,-3.1051229693466276,-0.1239439965043426,-0.004522203494777676,0.12402646731208895,181.88594052321426,-531.0,0.046587840501615574,183.0,-531.0,-0.04179373997493064,-0.018509440550553043,0.875973532687911,0.0,0.0,BRAKE
30.452,181.87891292901244,-530.9537518084801,-0.03162504567281621,-3.100747725950201,-0.12786471254773282,-0.005225531186946288,0.12797144560838597,181.87891292901244,-531.0,0.04624819151990778,183.0,-531.0,-0.041229610326814416,-0.009604564653998206,0.872028554391614,0.0,0.0,BRAKE
30.5,181.87204024678556,-530.9541030753979,-0.02743106877956536,-3.096901845431495,-0.1332253710603929,-0.005957916547477493,0.13335852527591208,181.87204024678556,-531.0,0.04589692460206152,183.0,-531.0,-0.04066778020299884,-0.013236711423433481,0.8666414747240879,0.0,0.0,BRAKE
30.552,181.8642853485733,-530.9545351284177,-0.03161584630392911,-3.0927767062406932,-0.13879292146404942,-0.006780694927065718,0.138958457361255,181.8642853485733,-531.0,0.04546487158233958,183.0,-531.0,-0.04001058555384386,-0.008394739249914754,0.861041542638745,0.0,0.0,BRAKE
30.6,181.85698745452916,-530.9549929593088,-0.023204905481527094,-3.0876407076589616,-0.14342920969017317,-0.0077458019505648335,0.14363821093359885,181.85698745452916,-531.0,0.045007040691189104,183.0,-531.0,-0.03935547517249027,-0.01615056969096318,0.8563617890664011,0.0,0.0,BRAKE
30.648,181.84911972487285,-530.9555395601791,-0.02318774815332758,-3.082054907110177,-0.14618485898532457,-0.00871381558705739,0.14644433610981503,181.84911972487285,-531.0,0.044460439820909414,183.0,-531.0,-0.03861248027095705,-0.015424732117629472,0.853555663890185,0.0,0.0,BRAKE
30.7,181.8420597023782,-530.956089187239,-0.02739247134425793,-3.0756698098623017,-0.14649948903055907,-0.009671677443024135,0.1468183967722601,181.8420597023782,-531.0,0.04391081276105524,183.0,-531.0,-0.03790332067118092,-0.010510849326922991,0.85318160322774,0.0,0.0,BRAKE
30.748,181.83478697787177,-530.9567195872432,-0.027386087356329636,-3.068688511642152,-0.1441756982016424,-0.010529667289967258,0.14455969647577596,181.83478697787177,-531.0,0.04328041275675787,183.0,-531.0,-0.03712670928681213,-0.009740621930482495,0.8554403035242241,0.0,0.0,BRAKE
30.796,181.8285167216993,-530.9573146571431,-0.023139942065016017,-3.061559222748639,-0.139434821755434,-0.011183335091720082,0.1398825811233956,181.8285167216993,-531.0,0.042685342856884745,183.0,-531.0,-0.036420893243545714,-0.013280951178529697,0.8601174188766044,0.0,0.0,BRAKE
30.848,181.82225074389737,-530.957975121682,-0.027375324650215083,-3.053612964155311,-0.1328074847308566,-0.011714602206034291,0.13332314092228076,181.82225074389737,-531.0,0.04202487831798862,183.0,-531.0,-0.035667232153884044,-0.008291907503668962,0.8666768590777192,0.0,0.0,BRAKE
30.9,181.81694097914533,-530.9585900775941,-0.027371133513980794,-3.045136975206244,-0.12504189972536225,-0.012098544959329676,0.1256258392093779,181.81694097914533,-531.0,0.041409922405932775,183.0,-531.0,-0.03498813052615164,-0.007616997012170848,0.8743741607906221,0.0,0.0,BRAKE
30.952,181.81163536779022,-530.9592657072895,-0.027368126201154475,-3.0358954998004823,-0.11698808048089238,-0.012411561789288551,0.11764462520936976,181.81163536779022,-531.0,0.0407342927104537,183.0,-531.0,-0.03426418895515469,-0.006896062754000218,0.8823553747906302,0.0,0.0,BRAKE
31.0,181.80705398672617,-530.9599109829887,-0.02309471526229512,-3.025417684325385,-0.10944815590455773,-0.012772650469593722,0.11019092263397556,181.80705398672617,-531.0,0.04008901701126888,183.0,-531.0,-0.033592414026556765,-0.010497698764261643,0.8898090773660244,0.0,0.0,BRAKE
31.052,181.8023056756502,-530.960627997799,-0.02736215535330277,-3.014940133755009,-0.10310108742632745,-0.013128284027873681,0.10393356565618125,181.8023056756502,-531.0,0.03937200220104842,183.0,-531.0,-0.03286133047862812,-0.005499175125325346,0.8960664343438187,0.0,0.0,BRAKE
31.096,181.7980041383033,-530.9613132718287,-0.027361575557648617,-3.0049218033370857,-0.09838108331485435,-0.013530174418059522,0.09930711542476413,181.7980041383033,-531.0,0.03868672817134211,183.0,-531.0,-0.03217430206398036,-0.00481272650633174,0.9006928845752359,0.0,0.0,BRAKE
31.152,181.79331831801403,-530.962073316422,-0.027359420617924627,-2.99693266188535,-0.0954868791785741,-0.013910298134569763,0.09649476923365444,181.79331831801403,-531.0,0.037926683578007214,183.0,-531.0,-0.031420218384300376,-0.004060797766375749,0.9035052307663456,0.0,0.0,BRAKE
31.2,181.7888928479233,-530.962771684642,-0.03166115418932769,-2.9928723858115514,-0.09433552421092815,-0.014133962058408084,0.0953884689656938,181.7888928479233,-531.0,0.03722831535799287,183.0,-531.0,-0.030729400262247627,0.0009317539270800625,0.9046115310343061,0.0,0.0,BRAKE
31.252,181.78394245285108,-530.9635186166247,-0.031667434517969724,-2.992508498440221,-0.09463805756940925,-0.014214502144529927,0.09569960298625939,181.78394245285108,-531.0,0.03648138337530327,183.0,-531.0,-0.02999072301930333,0.0016767114986663938,0.9043003970137407,0.0,0.0,BRAKE
31.3,181.77922257565652,-530.9641787495984,-0.027353937738113787,-2.996136858609932,-0.0959305086304549,-0.014052895994096148,0.09695435200092188,181.77922257565652,-531.0,0.03582125040156825,183.0,-531.0,-0.029334565146566065,-0.0019806274084522776,0.9030456479990782,0.0,0.0,BRAKE
31.352,181.7739769856718,-530.9648531003999,-0.03168332955294728,-3.0024902251744185,-0.09766168627621136,-0.013673282021188372,0.09861421605196728,181.7739769856718,-531.0,0.03514689960013584,183.0,-531.0,-0.02865955678694164,0.003023772766005642,0.9013857839480327,0.0,0.0,BRAKE
31.396,181.76906692229016,-530.9654434547072,-0.02301416984523663,-3.0094902966349033,-0.09928264157058425,-0.013192300137775122,0.10015527794459085,181.76906692229016,-531.0,0.03455654529284402,183.0,-531.0,-0.028066084165334668,-0.005051914320098036,0.8998447220554091,0.0,0.0,BRAKE
31.448,181.76375441998212,-530.9660425744381,-0.02300600444127232,-3.016539063846737,-0.10029094409425332,-0.012607531740273417,0.10108028157805382,181.76375441998212,-531.0,0.03395742556187997,183.0,-531.0,-0.02746128250497105,-0.00445527806369873,0.8989197184219462,0.0,0.0,BRAKE
31.496,181.75893524409295,-530.9665728075705,-0.02735233987979369,-3.0219504524776455,-0.10032893785311028,-0.012061178888221839,0.10105131274212599,181.75893524409295,-531.0,0.03342719242948533,183.0,-531.0,-0.02692777509868968,0.00042456478110401014,0.898948687257874,0.0,0.0,BRAKE
31.552,181.75388880755114,-530.9671302000957,-0.02735268231881305,-3.0252478854867793,-0.09918020940521942,-0.011591446735005936,0.09985527314605701,181.75388880755114,-531.0,0.03286979990434702,183.0,-531.0,-0.02637178748630535,0.0009808948325076977,0.900144726853943,0.0,0.0,BRAKE
31.6,181.7494522464432,-530.9676256715211,-0.03172326867299624,-3.026960142701553,-0.09681706085866253,-0.01114725285490693,0.0974566802200916,181.7494522464432,-531.0,0.032374328478908865,183.0,-531.0,-0.02588233750061116,0.0058409311723850825,0.9025433197799084,0.0,0.0,BRAKE
31.652,181.74493045408764,-530.9681512259014,-0.027354080050550286,-3.0266095797756503,-0.09336623041296511,-0.010783099607442719,0.09398685130735535,181.74493045408764,-531.0,0.03184877409864839,183.0,-531.0,-0.025370658175201753,0.0019834218753485323,0.9060131486926446,0.0,0.0,BRAKE
31.7,181.74103504159928,-530.9686137750166,-0.02735334014143853,-3.025587339831112,-0.0890920991627301,-0.010381768710136727,0.08969494553637071,181.74103504159928,-531.0,0.031386224983407374,183.0,-531.0,-0.024925018660873353,0.0024283214805651786,0.9103050544636293,0.0,0.0,BRAKE
31.752,181.73710635131357,-530.9690819607388,-0.027354031722498506,-3.024770158387942,-0.08435297214801529,-0.009899399714750361,0.08493186695767521,181.73710635131357,-531.0,0.030918039261223385,183.0,-531.0,-0.024477013139767495,0.0028770185827310113,0.9150681330423248,0.0,0.0,BRAKE
31.796,181.73371663842775,-530.969482615069,-0.022951703950165436,-3.0245126230837185,-0.07954608835531696,-0.009356047638805851,0.08009441803304083,181.73371663842775,-531.0,0.030517384931044944,183.0,-531.0,-0.024095300992398573,-0.0011435970422331368,0.9199055819669592,0.0,0.0,BRAKE
31.852,181.73024682770614,-530.9698645728112,-0.027355518254829295,-3.0268265653611306,-0.07505945267257251,-0.008652300383920718,0.07555649368148146,181.73024682770614,-531.0,0.03013542718883855,183.0,-531.0,-0.023728840878113115,0.003626677376716181,0.9244435063185186,0.0,0.0,BRAKE
31.896,181.727172190828,-530.9701718520912,-0.02735736713043968,-3.031593191191975,-0.07120787147350048,-0.00786457333314939,0.07164085757093537,181.727172190828,-531.0,0.02982814790880184,183.0,-531.0,-0.023430262263168522,0.003927104867271158,0.9283591424290646,0.0,0.0,BRAKE
31.952,181.7239141384879,-530.9704537140111,-0.02735806467941293,-3.0392005354915845,-0.06821431490076232,-0.0070091202044438245,0.06857346807199347,181.7239141384879,-531.0,0.029546285988885757,183.0,-531.0,-0.02314970226839996,0.00420836241101297,0.9314265319280065,0.0,0.0,BRAKE
32.0,181.7209215737131,-530.9706604053844,-0.03179501793642392,-3.050205765907106,-0.06616008950184935,-0.006063052729507228,0.06643732423339685,181.7209215737131,-531.0,0.02933959461563518,183.0,-531.0,-0.02293405150914605,0.00886096642727787,0.9335626757666031,0.0,0.0,BRAKE
32.048,181.7176523631232,-530.970839058454,-0.03180395341080011,-3.0626372030037516,-0.06500836022364596,-0.005143456858098861,0.06521151775122581,181.7176523631232,-531.0,0.029160941546024333,183.0,-531.0,-0.022736359233344168,0.009067594177455944,0.9347884822487742,0.0,0.0,BRAKE
32.1,181.714588968338,-530.9709576877132,-0.027359999552877934,-3.076534005014477,-0.06459268778735612,-0.004208251972698885,0.06472962768516893,181.714588968338,-531.0,0.029042312286833294,183.0,-531.0,-0.022589950801183784,0.00477004875169415,0.935270372314831,0.0,0.0,BRAKE
32.152,181.71121933191756,-530.9710384896039,-0.027361433796781798,-3.0909255052567204,-0.06466549219938901,-0.0032792226619906993,0.06474858440658107,181.71121933191756,-531.0,0.028961510396129597,183.0,-531.0,-0.02246824264262931,0.0048931911541524875,0.935251415593419,0.0,0.0,BRAKE
32.2,181.70807829763928,-530.9710768143201,-0.022894169357676075,-3.104481637769881,-0.06493594487543937,-0.002410945786130395,0.06498068633409285,181.70807829763928,-531.0,0.028923185679900598,183.0,-531.0,-0.022383984169905276,0.0005101851877707987,0.9350193136659072,0.0,0.0,BRAKE
32.252,181.70467701282496,-530.9710677041741,-0.027365279790665387,-3.1184668411131113,-0.06510162734231884,-0.001505796470341424,0.06511903950173288,181.70467701282496,-531.0,0.028932295825939036,183.0,-531.0,-0.022332257015419132,0.005033022775246254,0.9348809604982671,0.0,0.0,BRAKE
32.3,181.70157810099911,-530.9710172878572,-0.027368008992575632,-3.1321779391614757,-0.06491228983596031,-0.000611148728566052,0.06491516675258675,181.70157810099911,-531.0,0.028982712142806122,183.0,-531.0,-0.022317784433852052,0.00505022455872358,0.9350848332474132,0.0,0.0,BRAKE
32.352,181.69831118343865,-530.9709137605993,-0.027369635316206956,3.1369251470847415,-0.06418185658882337,0.0002995714085871113,0.06418255571584178,181.69831118343865,-531.0,0.0290862394007263,183.0,-531.0,-0.022341284314031304,0.005028351002175652,0.9358174442841583,0.0,0.0,BRAKE
32.4,181.69541612501462,-530.9707638510666,-0.03187312354085425,3.121098108354645,-0.06282800779129082,0.0012878117577340173,0.06284120481138039,181.69541612501462,-531.0,0.029236148933364348,183.0,-531.0,-0.022406574706181667,0.00946654883467258,0.9371587951886196,0.0,0.0,BRAKE
32.452,181.6924408904485,-530.9705527361939,-0.031882316241409026,3.1045097378806887,-0.06086382233631589,0.0022580431321289045,0.06090569454634911,181.6924408904485,-531.0,0.029447263806105184,183.0,-531.0,-0.022516983509533794,0.009365332731875231,0.9390943054536509,0.0,0.0,BRAKE
32.5,181.68985823929074,-530.9703084595474,-0.027372433733439117,3.0860115378322432,-0.05839331587721312,0.0032489119168060197,0.05848362820293517,181.68985823929074,-531.0,0.02969154045263167,183.0,-531.0,-0.022658966893386163,0.004713466840052954,0.9415163717970648,0.0,0.0,BRAKE
32.548,181.68723838078398,-530.969996012062,-0.027373372691632755,3.0659170392934727,-0.05558931834647021,0.004214804666783408,0.05574887346489029,181.68723838078398,-531.0,0.030003987938016508,183.0,-531.0,-0.022851646974754017,0.004521725716878738,0.9442511265351097,0.0,0.0,BRAKE
32.6,181.68497141310084,-530.969676488556,-0.03191177241314502,3.0456257166105667,-0.0526630296147768,0.0050694819308632,0.052906467801717844,181.68497141310084,-531.0,0.030323511443953066,183.0,-531.0,-0.02305511747165981,0.008856654941485215,0.9470935321982822,0.0,0.0,BRAKE
32.648,181.68265398215965,-530.969292096705,-0.022832310725853677,3.024084600801054,-0.049829062122999056,0.005882416098808796,0.05017507599612804,181.68265398215965,-531.0,0.030707903295024153,183.0,-531.0,-0.02330621014580486,-0.0004738994199511813,0.949824924003872,0.0,0.0,BRAKE
32.7,181.6806126749917,-530.9689116757409,-0.02737583479521488,3.024084600801054,-0.04727342181296883,0.006597473327602625,0.047731573033112006,181.6806126749917,-531.0,0.03108832425914443,183.0,-531.0,-0.023558338151304717,0.003817496643910165,0.952268426966888,0.0,0.0,BRAKE
32.752,181.67847165940535,-530.9684710967612,-0.027377708433368175,3.024084600801054,-0.04513840600960743,0.0072537931031760984,0.04571753724198023,181.67847165940535,-531.0,0.03152890323883639,183.0,-531.0,-0.023853384169312708,0.0035243242640554673,0.9542824627580198,0.0,0.0,BRAKE
32.8,181.67653043162187,-530.9680281494593,-0.03194610216534577,3.024084600801054,-0.04349474982742593,0.007944789593047237,0.044214397476706156,181.67653043162187,-531.0,0.03197185054068541,183.0,-531.0,-0.024152903852323163,0.0077931983130226055,0.9557856025232938,0.0,0.0,RECOVER
32.852,181.6744379880782,-530.9675152208679,-0.03195466350303122,3.024084600801054,-0.04235534200861397,0.008616517216283755,0.04322290325284933,181.6744379880782,-531.0,0.032484779132119,183.0,-531.0,-0.024501515668626708,0.0074531478344045145,0.9567770967471507,0.0,0.0,RECOVER
32.9,181.67250003808502,-530.9670020607072,-0.027379939354374102,3.024084600801054,-0.04166185767262007,0.009342529029180624,0.042696524839789175,181.67250003808502,-531.0,0.03299793929284078,183.0,-531.0,-0.02485208775511892,0.0025278515992551813,0.9573034751602109,0.0,0.0,RECOVER
32.948,181.6703853144264,-530.9664043172345,-0.027379135004875543,3.024084600801054,-0.04131392442023343,0.010095917242690247,0.04252961198943638,181.6703853144264,-531.0,0.03359568276550817,183.0,-531.0,-0.025261856939751658,0.0021172780651238857,0.9574703880105636,0.0,0.0,RECOVER
33.0,181.6684203543024,-530.9658252440354,-0.03198285533160816,3.024084600801054,-0.041181885110540634,0.010784754951226477,0.04257063072842323,181.6684203543024,-531.0,0.03417475596461372,183.0,-531.0,-0.02565919026612168,0.0063236650654864834,0.9574293692715767,81.47122879582767,79.16075273443002,RECOVER
33.052,181.66692792118292,-530.9654898738224,-0.022770668317822148,3.024084600801054,-0.036813448241527776,0.009267390228548396,0.03796201381749707,181.66692792118292,-531.0,0.034510126177565326,183.0,-531.0,-0.025881886352671007,-0.003111218034848859,0.9620379861825029,81.47122879582767,79.16075273443002,RECOVER
33.096,181.66665304398245,-530.9651000190414,-0.027369266782563125,3.024084600801054,-0.025933054277071613,0.008866494760156827,0.027406897552795552,181.66665304398245,-531.0,0.03489998095858482,183.0,-531.0,-0.026168743175794956,0.001200523606768169,0.9725931024472044,70.78498018104061,85.176252000737,RECOVER
33.152,181.66761202385433,-530.9645011282483,-0.027380003577993195,3.024084600801054,-0.010401813065505488,0.009794217316697964,0.014287211340790999,181.66761202385433,-531.0,0.035498871751656225,183.0,-531.0,-0.026636742688081846,0.0007432608899113485,0.985712788659209,70.78498018104061,85.176252000737,RECOVER
33.196,181.66973140238645,-530.9637758716768,-0.03207487223801664,3.024084600801054,0.00869262330408925,0.011654570423139086,0.014539281676021821,181.66973140238645,-531.0,0.03622412832316968,183.0,-531.0,-0.027223959768468586,0.004850912469548052,0.9854607183239782,69.73580243286021,60.81685710071268,RECOVER
33.252,181.67335476935605,-530.9628994161528,-0.027529101201021033,3.024084600801054,0.0300382520584676,0.013474690648169363,0.03292208794702876,181.67335476935605,-531.0,0.037100583847177404,183.0,-531.0,-0.027958429002543934,-0.0004293278015229003,0.9670779120529712,69.73580243286021,60.81685710071268,RECOVER
33.3,181.6779128689339,-530.9621280509796,-0.027556948691752625,0.26614128017771116,0.052761006593159195,0.014383086642926458,0.05468635111342973,181.6779128689339,-531.0,0.037871949020427564,183.0,-531.0,-0.02863774586224916,-0.001080797170496535,0.9453136488865703,49.22847938441045,52.164905068014406,RECOVER
33.348,181.68408188457417,-530.9613820584315,-0.02757791999257653,0.18731512942420006,0.0758168749412012,0.014370110007066252,0.07716669351128717,181.68408188457417,-531.0,0.03861794156853193,183.0,-531.0,-0.029338345977994278,-0.0017604259854177469,0.9228333064887129,49.22847938441045,52.164905068014406,RECOVER
33.4,181.6908145251101,-530.9608750111734,-0.022944658853887745,0.1317661335024893,0.09837313928636915,0.013037791094985743,0.09923335391737939,181.6908145251101,-531.0,0.03912498882664295,183.0,-531.0,-0.029876093299368117,-0.0069314344454803715,0.9007666460826206,34.42239321370604,39.1459845572845,RECOVER
33.452,181.6990620275833,-530.9604811591909,-0.027663098423272418,0.09286784356936839,0.11945457641332735,0.01112549101699016,0.11997154819563091,181.6990620275833,-531.0,0.039518840809137146,183.0,-531.0,-0.030367852060098104,-0.0027047536368256866,0.8800284518043691,34.42239321370604,39.1459845572845,RECOVER
33.5,181.70738226235588,-530.9602710100672,-0.027711459874659058,0.0632778715910668,0.13831385321874512,0.00876390652085809,0.13859122645291408,181.70738226235588,-531.0,0.039728989932768854,183.0,-531.0,-0.030725624253020167,-0.0030141643783611095,0.8614087735470859,22.830958674926986,27.775658134172023,RECOVER
33.552,181.71694067132904,-530.9600820811107,-0.027779801772049195,0.045146955144768804,0.15423944960385932,0.0069681764457978565,0.15439677230137044,181.71694067132904,-531.0,0.039917918889273096,183.0,-531.0,-0.031101482425982048,-0.0033216806539328528,0.8456032276986296,22.830958674926986,27.775658134172023,RECOVER
33.6,181.7260697055964,-530.9598928311148,-0.032566156925887046,0.03540785960720688,0.16682151710857074,0.005909262577045984,0.16692614520981916,181.7260697055964,-531.0,0.04010716888524257,183.0,-531.0,-0.03147262121836196,0.0010935357075250868,0.8330738547901808,15.496260868835794,20.432092943660518,RECOVER
33.648,181.73609167273625,-530.9595739496873,-0.03266803388063311,0.034027192193037625,0.17588953417734413,0.0059873379752970815,0.17599141015729586,181.73609167273625,-531.0,0.04042605031270341,183.0,-531.0,-0.031974053901579626,0.0006939799790534815,0.8240085898427041,15.496260868835794,20.432092943660518,RECOVER
33.7,181.74531123064867,-530.9591714559602,-0.02809588233664839,0.03758330848494998,0.181554140326642,0.006826619777026689,0.18168243890735863,181.74531123064867,-531.0,0.04082854403975489,183.0,-531.0,-0.032529295745380334,-0.004433413408731945,0.8183175610926414,19.991365942847217,10.805861874439714,RECOVER
33.752,181.75515217897345,-530.9586397439422,-0.028174577872028147,0.04348003843313867,0.18424734339833176,0.008016133745946358,0.18442164176033052,181.75515217897345,-531.0,0.04136025605782834,183.0,-531.0,-0.03321293260916506,-0.005038354737136912,0.8155783582396695,19.991365942847217,10.805861874439714,RECOVER
33.8,181.76403667616557,-530.9581450119597,-0.02351078054172251,0.0477459398642781,0.18454356523485307,0.008817907640485787,0.18475411487906462,181.76403667616557,-531.0,0.0418549880403134,183.0,-531.0,-0.033851327647814976,-0.010340547106092467,0.8152458851209354,7.690276414072601,25.269577841470486,RECOVER
33.852,181.7734438986445,-530.9576359358389,-0.02832496326486966,0.049928764078585756,0.18327116101081897,0.009158113856360478,0.18349983517066057,181.7734438986445,-531.0,0.04236406416112004,183.0,-531.0,-0.034525310471478936,-0.006200347206609277,0.8165001648293394,7.690276414072601,25.269577841470486,RECOVER
33.9,181.78195903063667,-530.9572310185288,-0.02842924714021322,0.04910245074372829,0.18121575876659737,0.008905296059494909,0.18143443863627673,181.78195903063667,-531.0,0.04276898147122665,183.0,-531.0,-0.03509850543791578,-0.006669258297702561,0.8185655613637233,14.525150316369148,23.768515349543463,RECOVER
33.952,181.7910833554534,-530.9569240971284,-0.028589435908435764,0.043800571113714465,0.17920396792624238,0.007854259556423614,0.17937600595868272,181.7910833554534,-531.0,0.043075902871578364,183.0,-531.0,-0.03561675392120983,-0.007027318012774068,0.8206239940413173,14.525150316369148,23.768515349543463,RECOVER
34.0,181.7995044012601,-530.9567369444135,-0.0240550449871495,0.036355148018609916,0.17788603815923623,0.0064699239248034906,0.1780036586353831,181.7995044012601,-531.0,0.04326305558652166,183.0,-531.0,-0.03602207408848734,-0.011967029101337838,0.821996341364617,16.312524948645866,25.768996694178703,RECOVER
34.052,181.80873333457018,-530.9566153468571,-0.03376233356465552,0.028257300500505803,0.17774374515983646,0.005023895641994847,0.17781473074767046,181.80873333457018,-531.0,0.04338465314287987,183.0,-531.0,-0.03640283804072136,-0.0026405044760658344,0.8221852692523295,16.312524948645866,25.768996694178703,RECOVER
34.1,181.81744145911998,-530.9565125695678,-0.02923524349422135,0.022422348664371074,0.17903017586283804,0.004014949901565908,0.17907519005208622,181.81744145911998,-531.0,0.043487430432151086,183.0,-531.0,-0.036757455739472325,-0.007522212245250976,0.8209248099479138,23.937383443365462,17.65390821515701,RECOVER
34.152,181.82714964111943,-530.956383682842,-0.029460306720715094,0.019133452737014285,0.18171314699949886,0.0034772242446967534,0.18174641366725613,181.82714964111943,-531.0,0.04361631715801195,183.0,-531.0,-0.03717117602333484,-0.007710869302619747,0.8182535863327438,23.937383443365462,17.65390821515701,RECOVER
34.2,181.83640390453462,-530.9562504147201,-0.024872321162002775,0.017412422253224525,0.18559254961874264,0.00323194248113478,0.18562068830328912,181.83640390453462,-531.0,0.043749585279897474,183.0,-531.0,-0.03758089883166376,-0.012708577669660985,0.8143793116967109,8.727035877389486,27.88246713816758,RECOVER
34.252,181.84674409417104,-530.9560436601917,-0.02991345057659145,0.01835640994410719,0.1902325874973397,0.00349237963114423,0.190264642173529,181.84674409417104,-531.0,0.043956339808346456,183.0,-531.0,-0.0380965510125629,-0.008183100435971452,0.809735357826471,8.727035877389486,27.88246713816758,RECOVER
34.3,181.85655077281888,-530.9558359820177,-0.030124993367759645,0.019388846003138834,0.19515821368040256,0.0037843667788394807,0.19519490208210472,181.85655077281888,-531.0,0.04416401798232528,183.0,-531.0,-0.03860431721803675,-0.008479323850277103,0.8048050979178953,9.842493646824387,19.857538377817598,RECOVER
34.348,181.86739084603664,-530.9556456741713,-0.030413690441726923,0.018718925533058827,0.1998148701656755,0.00374075660332908,0.1998498826601885,181.86739084603664,-531.0,0.0443543258287491,183.0,-531.0,-0.039141192349647705,-0.008727501907920782,0.8001501173398116,9.842493646824387,19.857538377817598,RECOVER
34.4,181.8775141850102,-530.9555585541232,-0.03557391529009202,0.015054371692242116,0.20369567895653856,0.003066742142738164,0.20371876333056627,181.8775141850102,-531.0,0.044441445876827856,183.0,-531.0,-0.03957132113791333,-0.003997405847821316,0.7962812366694337,6.572748119921845,17.354326884668914,RECOVER
34.452,181.88850891550976,-530.9555767086285,-0.035907452547704555,0.009065360190306234,0.2064051850687989,0.0018711886066406977,0.20641366662623564,181.88850891550976,-531.0,0.04442329137145862,183.0,-531.0,-0.039946033703259234,-0.00403858115555468,0.7935863333737644,6.572748119921845,17.354326884668914,RECOVER
34.5,181.8985972143991,-530.9557028296804,-0.03144506115861878,0.001428048227827089,0.20772388302951028,0.00029663992468576363,0.20772409483760565,181.8985972143991,-531.0,0.04429717031962355,183.0,-531.0,-0.0401972009251194,-0.008752139766500619,0.7922759051623943,13.574612425810034,8.249739869189547,RECOVER
34.552,181.90938340498442,-530.9559416697117,-0.03672047219086361,-0.006814083801437553,0.20761988367807538,-0.0014147611829017867,0.2076247038473558,181.90938340498442,-531.0,0.0440583302882942,183.0,-531.0,-0.04037567982763725,-0.0036552076367736414,0.7923752961526442,13.574612425810034,8.249739869189547,RECOVER
34.596,181.91915549519342,-530.956235767963,-0.027256985794744892,-0.014858004726858007,0.20620774883135304,-0.0030640611845294445,0.20623051216790622,181.91915549519342,-531.0,0.04376423203700597,183.0,-531.0,-0.04046866884867248,-0.013211683053927586,0.7937694878320938,10.230154015054266,13.556569017118834,RECOVER
34.652,181.92952254546682,-530.9565698829651,-0.027528357865230554,-0.020802763451201935,0.20381325973443126,-0.004240490745933398,0.20385736828807804,181.92952254546682,-531.0,0.043430117034858995,183.0,-531.0,-0.04054855322439081,-0.013020195359160259,0.796142631711922,10.230154015054266,13.556569017118834,RECOVER
34.7,181.9388930778928,-530.9568541263646,-0.03269397145335007,-0.024043158957053015,0.200805417766785,-0.004828927106251721,0.20086347189444514,181.9388930778928,-531.0,0.04314587363535338,183.0,-531.0,-0.04063880664303674,-0.007944835189686673,0.7991365281055549,-2.8471297504782864,31.21993575050773,RECOVER
34.752,181.94887145769908,-530.9570355161623,-0.03300402034477634,-0.02205009791140082,0.19768569332147928,-0.004359695487548825,0.19773376112525173,181.94887145769908,-531.0,0.04296448383774987,183.0,-531.0,-0.04085188313926173,-0.007847862794485391,0.8022662388747482,-2.8471297504782864,31.21993575050773,RECOVER
34.796,181.95797145378197,-530.9571422932846,-0.03833905608316024,-0.018537205327315828,0.19484983876330972,-0.003612385250846278,0.1948833214856734,181.95797145378197,-531.0,0.04285770671538103,183.0,-531.0,-0.0411059421394531,-0.0027668860562928624,0.8051166785143267,17.575021092573866,15.442000072887314,RECOVER
34.852,181.96778696047448,-530.9573778887145,-0.038809771976300755,-0.02040928423255071,0.1927183056265664,-0.0039337888835251356,0.19275844992776528,181.96778696047448,-531.0,0.04262211128548188,183.0,-531.0,-0.04126852738427762,-0.0024587554079768675,0.8072415500722347,17.575021092573866,15.442000072887314,RECOVER
34.9,181.9768697449946,-530.9576708343824,-0.03437501865500048,-0.024502324322016118,0.1914955357830193,-0.004693024935812363,0.19155303366920032,181.9768697449946,-531.0,0.04232916561761613,183.0,-531.0,-0.04134863487182221,-0.006973616216821729,0.8084469663307997,21.835934085132976,13.385690564361461,RECOVER
34.952,181.98680090453027,-530.9580885985247,-0.03977309489423497,-0.030632529242580607,0.19131644128759429,-0.005862340242979082,0.19140623746386626,181.98680090453027,-531.0,0.04191140147531769,183.0,-531.0,-0.041341846180124125,-0.0015687512858891528,0.8085937625361337,21.835934085132976,13.385690564361461,RECOVER
35.0,181.99610246098553,-530.9585709678654,-0.030208599937755265,-0.03811149495226985,0.19217953598984117,-0.007327797600657864,0.1923191895546226,181.99610246098553,-531.0,0.041429032134601584,183.0,-531.0,-0.04124478422707365,-0.011036184289318386,0.8076808104453774,17.036127238893336,17.08760349838768,RECOVER
35.052,182.00635394779567,-530.959162574752,-0.030501868809527984,-0.045066253599540695,0.19391709038477792,-0.00874503786938005,0.1941141767894221,182.00635394779567,-531.0,0.04083742524801437,183.0,-531.0,-0.0410754470466915,-0.010573578237163515,0.8058858232105779,17.036127238893336,17.08760349838768,RECOVER
35.1,182.01598728243513,-530.959757078886,-0.03574196321965295,-0.05099880269267002,0.1962891738294999,-0.010019200592386441,0.1965447128344543,182.01598728243513,-531.0,0.040242921113986085,183.0,-531.0,-0.040873971305979175,-0.005132008086326224,0.8034552871655457,-0.03570497054271726,30.666337580403813,RECOVER
35.152,182.026591022545,-530.9603440122835,-0.03604967252274305,-0.052540216755675925,0.1989592906517738,-0.010462993637263315,0.199234217875621,182.026591022545,-531.0,0.039655987716514574,183.0,-531.0,-0.04071677124423471,-0.0046670987214916596,0.800765782124379,-0.03570497054271726,30.666337580403813,RECOVER
35.2,182.03650057587438,-530.960860172319,-0.031595366465780206,-0.05236094630054239,0.20158069861703987,-0.010564612790069964,0.20185734838825653,182.03650057587438,-531.0,0.039139827680969574,183.0,-531.0,-0.040600252124594866,-0.00900488565881466,0.7981426516117435,16.85472605273197,9.762466831421634,RECOVER
35.248,182.0473100424091,-530.9614911722983,-0.04187478743127815,-0.05448485647549891,0.20378347885392956,-0.01111411355888438,0.204086329218813,182.0473100424091,-531.0,0.038508827701662085,183.0,-531.0,-0.04039916147825614,0.0014756259530220098,0.795913670781187,16.85472605273197,9.762466831421634,RECOVER
35.296,182.05730504608556,-530.9621231222379,-0.0373254668405536,-0.05755869086539781,0.20533949639595528,-0.01183214212277552,0.20568011174481138,182.05730504608556,-531.0,0.03787687776207349,183.0,-531.0,-0.04015775703198742,-0.0028322901914338214,0.7943198882551886,19.186242151913994,4.905401201016561,RECOVER
35.348,182.0680961130167,-530.962846531518,-0.037653386813016665,-0.06086514310555246,0.2061028539247135,-0.012559993303639733,0.2064852048639303,182.0680961130167,-531.0,0.03715346848196077,183.0,-531.0,-0.0398472447537732,-0.0021938579407565356,0.7935147951360697,19.186242151913994,4.905401201016561,RECOVER
35.4,182.07797860401107,-530.9635704486718,-0.042962217841673304,-0.06515433288278569,0.20602668521825,-0.013442558226994106,0.2064647606583409,182.07797860401107,-531.0,0.03642955132818315,183.0,-531.0,-0.03948998658796955,0.0034722312537037517,0.793535239341659,6.859256255553701,17.22528427773136,RECOVER
35.452,182.0885709928738,-530.9643793596465,-0.033160877972189695,-0.06900046097920289,0.20521227042948942,-0.01418225594637669,0.20570175574980987,182.0885709928738,-531.0,0.035620640353499766,183.0,-531.0,-0.03906230854504458,-0.005901430572854888,0.7942982442501901,6.859256255553701,17.22528427773136,RECOVER
35.5,182.09823008869841,-530.9651247416938,-0.03842182243215841,-0.07177143810204666,0.20381888283366273,-0.014653543793262194,0.20434496163415283,182.09823008869841,-531.0,0.03487525830621507,183.0,-531.0,-0.03865496714820758,-0.00023314471604916898,0.7956550383658472,5.857526059603538,20.355103291578203,RECOVER
35.552,182.1085734256146,-530.965926492441,-0.03869323014828607,-0.073696754653735,0.20210088770077955,-0.01492120272562355,0.20265095879423384,182.1085734256146,-531.0,0.034073507559014615,183.0,-531.0,-0.038204972569417975,0.0004882575788680982,0.7973490412057662,5.857526059603538,20.355103291578203,RECOVER
35.6,182.1180286031776,-530.9666448624579,-0.04404486277525388,-0.07443130138134943,0.20030958006913535,-0.014936896478203074,0.20086572316817497,182.1180286031776,-531.0,0.03335513754211661,183.0,-531.0,-0.03780082785887185,0.006244034916382028,0.799134276831825,21.362415748911662,7.656057474142176,RECOVER
35.652,182.1282063950748,-530.9674497025499,-0.0443564228373452,-0.07597702050033539,0.19870559558382594,-0.01512617563757572,0.199280493038686,182.1282063950748,-531.0,0.03255029745014326,183.0,-531.0,-0.03731982452954553,0.007036598307799673,0.800719506961314,21.362415748911662,7.656057474142176,RECOVER
35.696,182.1375794752234,-530.9682208572057,-0.03962161114811158,-0.07809252407265188,0.19750401321286282,-0.015455016863027353,0.19810778071903978,182.1375794752234,-531.0,0.0317791427943348,183.0,-531.0,-0.036832113806123855,0.0027894973419877248,0.8018922192809602,26.113745473486805,4.926465127679823,RECOVER
35.752,182.1477553268649,-530.9690906866904,-0.04483173998504597,-0.08059140856654218,0.19686891771397835,-0.015900382492693918,0.1975099818370888,182.1477553268649,-531.0,0.03090931330962121,183.0,-531.0,-0.03625223190783465,0.00857950807721132,0.8024900181629112,26.113745473486805,4.926465127679823,RECOVER
35.796,182.1572059974663,-530.9699386749814,-0.03479712870072981,-0.08370701819784372,0.1968759363158352,-0.016518496575974692,0.1975676973327555,182.1572059974663,-531.0,0.030061325018550633,183.0,-531.0,-0.035653535878854385,-0.0008564071781245741,0.8024323026672445,21.814238054362534,9.457676122013954,RECOVER
35.852,182.16753821093545,-530.9708935324962,-0.0398656640390167,-0.08668254080663855,0.19751310310922296,-0.017163948354664796,0.19825747658778506,182.16753821093545,-531.0,0.029106467503765998,183.0,-531.0,-0.034950090984885565,0.0049155730541311365,0.801742523412215,21.814238054362534,9.457676122013954,RECOVER
35.9,182.17718242065655,-530.971797726336,-0.039842042811259804,-0.08908977483213737,0.19870587957069777,-0.017749646512416617,0.1994970589439363,182.17718242065655,-531.0,0.02820227366396466,183.0,-531.0,-0.034261831797256476,0.005580211014003328,0.8005029410560637,13.559072322880738,16.135108116404403,RECOVER
35.952,182.18775026405896,-530.972779706403,-0.03470714475007486,-0.09035634213489649,0.20028853692950171,-0.01814675145304428,0.20110893220754503,182.18775026405896,-531.0,0.02722029359699718,183.0,-531.0,-0.03349968508991084,0.0012074596601640217,0.798891067792455,13.559072322880738,16.135108116404403,RECOVER
36.0,182.19761026612161,-530.973666685172,-0.04484055297708722,-0.09012845489947788,0.20208339737767778,-0.01826294196856325,0.2029069603169185,182.19761026612161,-531.0,0.026333314827979848,183.0,-531.0,-0.032806833917801585,0.012033719059285637,0.7970930396830815,10.217232775143781,16.920323881189983,RECOVER
36.052,182.2083829563874,-530.9745999935863,-0.0448294699338081,-0.08880999652102822,0.20386270046902144,-0.01815279583690144,0.20466930556196788,182.2083829563874,-531.0,0.025400006413747178,183.0,-531.0,-0.03207522544162038,0.012754244492187719,0.7953306944380321,10.217232775143781,16.920323881189983,RECOVER
36.1,182.21838479960354,-530.9754313430981,-0.039744116522202784,-0.08672296638289417,0.2054408620892506,-0.017861240817726318,0.20621583775142804,182.21838479960354,-531.0,0.024568656901919894,183.0,-531.0,-0.03142284084895336,0.008321275673249424,0.793784162248572,31.336850850021648,-6.661956532304481,RECOVER
36.152,182.22924763305656,-530.9762736447843,-0.039715352796059866,-0.08342073689496486,0.20665178552255825,-0.017279144804345177,0.20737292326827758,182.22924763305656,-531.0,0.0237263552156719,183.0,-531.0,-0.030773651825166334,0.008941700970893533,0.7926270767317224,31.336850850021648,-6.661956532304481,RECOVER
36.2,182.23926284845473,-530.9771338957214,-0.03442946429179816,-0.08421797359286247,0.2073512728679803,-0.01750410720570138,0.20808878905178987,182.23926284845473,-531.0,0.022866104278591592,183.0,-531.0,-0.03004877790077598,0.004380686391022182,0.7919112109482102,12.626659633881932,11.074361306979135,RECOVER
36.252,182.25006961540012,-530.9781831387704,-0.039253439129739,-0.08862719354842336,0.2075161818043334,-0.018439882513583163,0.20833385461264786,182.25006961540012,-531.0,0.021816861229581264,183.0,-531.0,-0.029083645635836708,0.01016979349390229,0.7916661453873521,12.626659633881932,11.074361306979135,RECOVER
36.3,182.2599899180465,-530.979139890943,-0.039067243760802395,-0.09125317049016189,0.20722105830266668,-0.01896224155871552,0.20808684150855927,182.2599899180465,-531.0,0.02086010905702551,183.0,-531.0,-0.028181489593626013,0.010885754167176381,0.7919131584914407,18.828693395052355,5.3075245655775,RECOVER
36.348,182.27066858856853,-530.9801354151815,-0.03883364320624527,-0.09184601170894165,0.20656935487190803,-0.01902610092636875,0.20744370534835865,182.27066858856853,-531.0,0.019864584818492403,183.0,-531.0,-0.027229973356887083,0.011603669849358188,0.7925562946516413,18.828693395052355,5.3075245655775,RECOVER
36.4,182.28046265278604,-530.9810002185602,-0.04369143468108616,-0.09053535984431028,0.20568513225279206,-0.018672823571855984,0.20653098549610957,182.28046265278604,-531.0,0.01899978143978842,183.0,-531.0,-0.026399418283910778,0.017292016397175383,0.7934690145038904,18.828693395052355,5.3075245655775,BRAKE
36.452,182.29093331809128,-530.981741811292,-0.04341399589699657,-0.08369852002065367,0.20417096782647176,-0.01712882486228066,0.20488821524031306,182.29093331809128,-531.0,0.018258188708045964,183.0,-531.0,-0.025743918676951652,0.01767007722004492,0.7951117847596869,0.0,0.0,BRAKE
36.5,182.30039324069867,-530.9823686351298,-0.037924538478295355,-0.07770700197234247,0.20168973143276364,-0.015704326644584647,0.20230020672451163,182.30039324069867,-531.0,0.017631364870226207,183.0,-531.0,-0.025196488328236375,0.01272805015005898,0.7976997932754883,-110.21585703739702,-110.21585703739702,BRAKE
36.552,182.30955430935447,-530.9827058210564,-0.03771012471302937,-0.0646399207472813,0.19275936446071928,-0.012477332978670656,0.19316277184168026,182.30955430935447,-531.0,0.0172941789436436,183.0,-531.0,-0.025042612011346305,0.012667512701683065,0.8068372281583197,-110.21585703739702,-110.21585703739702,BRAKE
36.596,182.3163398390613,-530.9830865288507,-0.0322668281578693,-0.06220819824987553,0.17477140767844895,-0.010886260769621046,0.17511012425171424,182.3163398390613,-531.0,0.016913471149337056,183.0,-531.0,-0.024734543224296867,0.007532284933572431,0.8248898757482858,-104.74905639645658,-104.74905639645658,BRAKE
36.652,182.3218641661926,-530.9836397926008,-0.03202613251141151,-0.07150308140288666,0.15078438606703276,-0.010799960126159986,0.15117066587251188,182.3218641661926,-531.0,0.01636020739920241,183.0,-531.0,-0.024120587139431878,0.007905545371979631,0.8488293341274882,-104.74905639645658,-104.74905639645658,BRAKE
36.7,182.32522830139888,-530.9842559800404,-0.03693527335811386,-0.09367806169304269,0.12254000348938376,-0.011513007495888301,0.12307965630752535,182.32522830139888,-531.0,0.015744019959583966,183.0,-531.0,-0.02332813292852014,0.013607140429593722,0.8769203436924746,-82.67945552828782,-82.67945552828782,BRAKE
36.752,182.32707514796414,-530.984931380798,-0.03676092722848856,-0.12990290872041535,0.09208170030348632,-0.012029421509928407,0.09286412931075487,182.32707514796414,-531.0,0.015068619201997535,183.0,-531.0,-0.022388980395888967,0.014371946832599593,0.9071358706892452,-82.67945552828782,-82.67945552828782,BRAKE
36.796,182.3271815654117,-530.9854278706019,-0.04175215570797941,-0.18648556010530185,0.06062906575245444,-0.011439362135154802,0.06169880566165489,182.3271815654117,-531.0,0.014572129398061406,183.0,-531.0,-0.021654952917995907,0.020097202789983504,0.9383011943383451,-51.64553224104807,-51.64553224104807,BRAKE
36.852,182.32577773782887,-530.9857636697443,-0.04156810710286996,-0.18648556010530185,0.02996005323925053,-0.009695771922984214,0.031489883824511886,182.32577773782887,-531.0,0.014236330255698704,183.0,-531.0,-0.021112051408785644,0.02045605569408432,0.9685101161754881,-51.64553224104807,-51.64553224104807,BRAKE
36.896,182.32328055600155,-530.985765069686,-0.03615265844919335,-0.18648556010530185,0.0012654171146170463,-0.0063124596578216785,0.006438045309377056,182.32328055600155,-531.0,0.014234930314046323,183.0,-531.0,-0.021032100439052855,0.015120558010140499,0.9935619546906229,0.0,0.0,HOLD
36.952,182.31975741237343,-530.9857140086592,-0.03598142322618991,-0.18648556010530185,-0.022890945603197037,-0.0037594187899220996,0.023197599450084164,182.31975741237343,-531.0,0.014285991340784676,183.0,-531.0,-0.020998231883404703,0.01498319134278521,0.9768024005499159,0.0,0.0,HOLD
37.0,182.31618530833515,-530.9853829935277,-0.030565875625131245,-0.18648556010530185,-0.04092570658789717,-2.997021245811299e-05,0.04092571756160525,182.31618530833515,-531.0,0.014617006472349203,183.0,-531.0,-0.02137242880832286,0.009193446816808386,0.9590742824383948,0.0,0.0,HOLD
37.052,182.31215447106268,-530.9847843843017,-0.03040591344448229,3.067108611609129,-0.05373234476988979,0.004009619920868805,0.05388174019443072,182.31215447106268,-531.0,0.015215615698252805,183.0,-531.0,-0.022117080062232092,0.0082888333822502,0.9461182598055693,0.0,0.0,HOLD
37.1,182.30846651643807,-530.9841489345082,-0.03547446955665712,3.025008721898365,-0.06181735990487382,0.00723974102652611,0.062239857292091104,182.30846651643807,-531.0,0.01585106549180182,183.0,-531.0,-0.022917603688989447,0.01255686586766767,0.9377601427079089,0.0,0.0,HOLD
37.152,182.30469635919968,-530.983524789506,-0.035362323636304316,3.006556612491642,-0.06555734227350135,0.008906807643819695,0.06615962778287837,182.30469635919968,-531.0,0.01647521049403622,183.0,-531.0,-0.023690553618512727,0.011671770017791589,0.9338403722171216,0.0,0.0,HOLD
37.2,182.30156119631064,-530.9831010177196,-0.040494414215198615,3.0067950480260612,-0.06547283521034158,0.008879427577349547,0.06607220584014083,182.30156119631064,-531.0,0.016898982280395103,183.0,-531.0,-0.024190645917230566,0.01630376829796805,0.9339277941598592,0.0,0.0,HOLD
37.248,182.29863614895314,-530.9828510413109,-0.04038033002980357,3.022405381565196,-0.06224516163917676,0.007454161445157062,0.0626899088397623,182.29863614895314,-531.0,0.017148958689062965,183.0,-531.0,-0.024446002477268775,0.015934327552534794,0.9373100911602377,0.0,0.0,HOLD
37.3,182.29640326269546,-530.9827638896853,-0.03497575329485869,3.0452997947717555,-0.05674081736099764,0.005480685542839479,0.05700489688450967,182.29640326269546,-531.0,0.017236110314684083,183.0,-531.0,-0.024492245042684394,0.010483508252174298,0.9429951031154903,0.0,0.0,HOLD
37.352,182.29446314701943,-530.9827181942242,-0.03486786729634405,3.0642540051428364,-0.04994000218103965,0.0038700112067643106,0.05008972753552096,182.29446314701943,-531.0,0.01728180577583771,183.0,-531.0,-0.024489650234712675,0.010378217061631376,0.949910272464479,0.0,0.0,HOLD
37.4,182.29304060423496,-530.9826139617326,-0.029454275964773347,3.0642540051428364,-0.04283370922108679,0.0032755358689385635,0.042958768381615865,182.29304060423496,-531.0,0.017386038267432014,183.0,-531.0,-0.02458774098379418,0.004866534980979168,0.9570412316183842,0.0,0.0,HOLD
37.452,182.29177810367344,-530.9823224186378,-0.03463743233673666,3.0642540051428364,-0.03633951092703731,0.004091407606853137,0.0365691081463806,182.29177810367344,-531.0,0.01767758136224984,183.0,-531.0,-0.024955330555497767,0.009682101781238895,0.9634308918536194,0.0,0.0,HOLD
37.5,182.29074292229652,-530.9818551670871,-0.034563013060413095,3.0642540051428364,-0.031168879642619215,0.006066457501038309,0.03175375512892903,182.29074292229652,-531.0,0.01814483291286706,183.0,-531.0,-0.025577292832164995,0.0089857202282481,0.9682462448710709,0.0,0.0,HOLD
37.552,182.28962137699924,-530.9811582935415,-0.034476698217170705,3.0642540051428364,-0.02780863434555268,0.008633692394279177,0.029118049188152806,182.28962137699924,-531.0,0.01884170645848826,183.0,-531.0,-0.026517253429450206,0.0079594447877205,0.9708819508118471,0.0,0.0,HOLD
37.6,182.2884757260223,-530.9804045723686,-0.029038731015461842,3.0642540051428364,-0.02642931736467398,0.011107783608978735,0.028668653143573978,182.2884757260223,-531.0,0.01959542763142963,183.0,-531.0,-0.02753310957218133,0.0015056214432805116,0.971331346856426,0.0,0.0,HOLD
37.648,182.2870249542183,-530.9795839092528,-0.039653958354411545,3.0642540051428364,-0.02694386650628384,0.012743753394129004,0.029805623510988973,182.2870249542183,-531.0,0.020416090747175986,183.0,-531.0,-0.028627247806626253,0.011026710547785291,0.9701943764890111,0.0,0.0,HOLD
37.7,182.28544997599394,-530.9789009509159,-0.03423298005027631,3.0642540051428364,-0.028997729448439938,0.01326334424635731,0.03188706028724348,182.28544997599394,-531.0,0.021099049084114085,183.0,-531.0,-0.029519165323278133,0.004713814726998174,0.9681129397127565,0.0,0.0,HOLD
37.752,182.28348622843086,-530.9782947051666,-0.034165228280585325,3.0642540051428364,-0.03206605581607373,0.012701673995682169,0.034490063176111245,182.28348622843086,-531.0,0.021705294833395783,183.0,-531.0,-0.03028365954679488,0.0038815687337904435,0.9655099368238887,0.0,0.0,HOLD
37.8,182.28147140065113,-530.9778618469173,-0.028730632211691805,3.0642540051428364,-0.03553438884099415,0.01141234616478003,0.03732203685877472,182.28147140065113,-531.0,0.022138153082664758,183.0,-531.0,-0.03080065564919446,-0.002070023437502653,0.9626779631412252,0.0,0.0,HOLD
37.852,182.27914309146436,-530.9774665002603,-0.03402114245215593,3.0642540051428364,-0.03876866458064426,0.010079012121537036,0.04005740678966365,182.27914309146436,-531.0,0.022533499739665785,183.0,-531.0,-0.03124914843922521,0.002771994012930719,0.9599425932103364,0.0,0.0,HOLD
37.9,182.2769434608568,-530.9771022944088,-0.033975205175225565,3.0642540051428364,-0.041238605157465524,0.009207025546164527,0.04225389774613779,182.2769434608568,-531.0,0.022897705591162776,183.0,-531.0,-0.03165735260313224,0.0023178525720933263,0.9577461022538623,0.0,0.0,HOLD
37.948,182.2746050462047,-530.9766292904668,-0.03392126230238102,3.0642540051428364,-0.04254442274159005,0.009168246984080326,0.043521082927429816,182.2746050462047,-531.0,0.023370709533196532,183.0,-531.0,-0.03220676987970095,0.0017144924226800695,0.9564789170725702,0.0,0.0,HOLD
38.0,182.27256898634866,-530.9760707769358,-0.039261990863600715,3.0642540051428364,-0.04250014456564863,0.010031855036661473,0.04366807075630458,182.27256898634866,-531.0,0.023929223064214966,183.0,-531.0,-0.032883664322295954,0.0063783265413047616,0.9563319292436954,0.0,0.0,HOLD
38.052,182.27056512777634,-530.9753433862429,-0.039220836269041166,3.0642540051428364,-0.04111260358907497,0.011416604668168078,0.04266831419240344,182.27056512777634,-531.0,0.024656613757088053,183.0,-531.0,-0.033789485881098556,0.00543135038794261,0.9573316858075965,0.0,0.0,HOLD
38.1,182.26893849825314,-530.974594596443,-0.03376624201066103,3.0642540051428364,-0.03858403260624235,0.01288071865857912,0.040677272343669274,182.26893849825314,-531.0,0.02540540355698795,183.0,-531.0,-0.034737411117796484,-0.0009711691071354542,0.9593227276563308,0.0,0.0,HOLD
38.148,182.26742587635016,-530.9737764121712,-0.03372276053437572,3.0642540051428364,-0.03526073015639134,0.013879476649761087,0.03789404917969455,182.26742587635016,-531.0,0.026223587828781092,183.0,-531.0,-0.03578121955429611,-0.0020584590199203903,0.9621059508203055,0.0,0.0,HOLD
38.2,182.266238386089,-530.9730929959586,-0.028251466866668243,3.0642540051428364,-0.03157825775604566,0.014004903039290247,0.034544517250168355,182.266238386089,-531.0,0.026907004041390792,183.0,-531.0,-0.03665352992979207,-0.008402063063123823,0.9654554827498316,0.0,0.0,HOLD
38.248,182.2651286879786,-530.9724769795646,-0.028205602132291396,3.0642540051428364,-0.027994989438240452,0.013249451166054055,0.03097204206778826,182.2651286879786,-531.0,0.027523020435410217,183.0,-531.0,-0.03743534659236889,-0.009229744460077495,0.9690279579322117,0.0,0.0,HOLD
38.296,182.26420690517304,-530.9720434660794,-0.03360202681750413,3.0642540051428364,-0.024918076092083914,0.011773179087352368,0.027559358881399165,182.26420690517304,-531.0,0.02795653392058739,183.0,-531.0,-0.03797683454014547,-0.004374807722641344,0.9724406411186008,0.0,0.0,HOLD
38.352,182.26324504932495,-530.9716917939153,-0.03356806804075485,3.0642540051428364,-0.022670779206610835,0.010019590588416647,0.024786214422424124,182.26324504932495,-531.0,0.028308206084716403,183.0,-531.0,-0.03840393307214747,-0.004835865031392619,0.9752137855775759,0.0,0.0,HOLD
38.4,182.26232730759818,-530.9714161422626,-0.03899116127234059,3.0642540051428364,-0.02142787324196924,0.008522693850178887,0.023060573759943147,182.26232730759818,-531.0,0.028583857737430662,183.0,-531.0,-0.03872932406128657,0.00026183721105402236,0.9769394262400568,0.0,0.0,HOLD
38.452,182.2612416582174,-530.9711123602049,-0.03349598675446108,3.0642540051428364,-0.02123537305495759,0.007584437929437891,0.022549163343430614,182.2612416582174,-531.0,0.02888763979512987,183.0,-531.0,-0.03908305082545651,-0.0055870640709954275,0.9774508366565694,0.0,0.0,HOLD
38.496,182.26011970161434,-530.9707737453906,-0.033471232429639786,3.0642540051428364,-0.021983926049580046,0.007398951008172854,0.023195634946574457,182.26011970161434,-531.0,0.029226254609397984,183.0,-531.0,-0.03948080220340801,-0.0060095697737682224,0.9768043650534255,0.0,0.0,HOLD
38.552,182.25875731071076,-530.9703253825253,-0.033444414871454775,3.0642540051428364,-0.023459490706323492,0.007827145133383047,0.02473078860730325,182.25875731071076,-531.0,0.02967461747471134,183.0,-531.0,-0.04001223899224848,-0.006567824120793708,0.9752692113926967,0.0,0.0,HOLD
38.6,182.25736904551295,-530.9698606413963,-0.03890376464089984,3.0642540051428364,-0.025371436026531875,0.00847638173571524,0.026749931091088187,182.25736904551295,-531.0,0.030139358603719302,183.0,-531.0,-0.040562310484231666,-0.0016585458433318254,0.9732500689089119,0.0,0.0,HOLD
38.652,182.2557499998346,-530.9693424261833,-0.027897367053574266,3.0642540051428364,-0.02738885625231649,0.008997635138737272,0.028828924449238402,182.2557499998346,-531.0,0.030657573816711192,183.0,-531.0,-0.04116929960417856,-0.013271932550604295,0.9711710755507617,0.0,0.0,HOLD
38.7,182.25418631353443,-530.9689126546474,-0.03336497976168729,3.0642540051428364,-0.029204635835997313,0.008982213622722258,0.030554720026166757,182.25418631353443,-531.0,0.031087345352602824,183.0,-531.0,-0.04165833996256019,-0.008293360200872894,0.9694452799738332,0.0,0.0,HOLD
38.752,182.25246708248127,-530.9685520328568,-0.03334850502885267,3.0642540051428364,-0.030554760766579946,0.008265700906920977,0.03165304435572679,182.25246708248127,-531.0,0.03144796714320819,183.0,-531.0,-0.04204421486232155,-0.00869570983346888,0.9683469556442732,0.0,0.0,HOLD
38.8,182.25090229989314,-530.9683335814482,-0.03884555930827216,3.0642540051428364,-0.03127046753674863,0.00696558044397497,0.032036876422153526,182.25090229989314,-531.0,0.03166641855182206,183.0,-531.0,-0.04224759503520151,-0.0034020357269293477,0.9679631235778465,0.0,0.0,HOLD
38.852,182.24927482640223,-530.9682247754631,-0.033303407223350005,3.0642540051428364,-0.031279952395417775,0.005259975264979167,0.03171912296466904,182.24927482640223,-531.0,0.031775224536886526,183.0,-531.0,-0.04230079260040691,-0.008997385377056903,0.968280877035331,0.0,0.0,HOLD
38.896,182.24786385791916,-530.9682058183596,-0.03328767322885895,3.0642540051428364,-0.030620280912750333,0.0035572128020751365,0.030826212321577715,182.24786385791916,-531.0,0.03179418164040726,183.0,-531.0,-0.042246692285100834,-0.008959019056241885,0.9691737876784223,0.0,0.0,HOLD
38.952,182.24645000475917,-530.9682265201271,-0.03327132501120267,3.0642540051428364,-0.029419501939363026,0.0021728495013726336,0.029499633375955712,182.24645000475917,-531.0,0.03177347987286794,183.0,-531.0,-0.042140097132224164,-0.008868772121021495,0.9705003666240443,0.0,0.0,HOLD
39.0,182.24524929180976,-530.968250695434,-0.03880410592724637,3.0642540051428364,-0.02787787485005006,0.0012360738966889545,0.02790526446449002,182.24524929180976,-531.0,0.031749304566005776,183.0,-531.0,-0.04204116248662822,-0.0032370565593818484,0.97209473553551,0.0,0.0,HOLD
39.052,182.2440448628713,-530.968247032429,-0.027684203002882102,3.0642540051428364,-0.0262273518921034,0.0008281028744076084,0.026240421902911964,182.2440448628713,-531.0,0.031752967571037516,183.0,-531.0,-0.04197909592333367,-0.014294892920451566,0.973759578097088,0.0,0.0,HOLD
39.1,182.24299556896207,-530.9682222939878,-0.033224410268867244,3.0642540051428364,-0.024698880151357756,0.0007186513354320053,0.02470933306410864,182.24299556896207,-531.0,0.031777706012235285,183.0,-531.0,-0.041953598281862466,-0.008729188012995222,0.9752906669358914,0.0,0.0,HOLD
39.152,182.24189016425072,-530.9681953924791,-0.027637730582834807,3.0642540051428364,-0.023494496117106266,0.0006481912150783956,0.023503435911543365,182.24189016425072,-531.0,0.0318046075209395,183.0,-531.0,-0.04192791975876261,-0.014290189175927802,0.9764965640884566,0.0,0.0,HOLD
39.2,182.24086485183838,-530.968197473971,-0.03878266481976534,3.0642540051428364,-0.02274765881608376,0.0004061467441806537,0.022751284288821186,182.24086485183838,-531.0,0.031802526028968714,183.0,-531.0,-0.041868619646886485,-0.0030859548271211443,0.9772487157111788,0.0,0.0,HOLD
39.248,182.23971462587622,-530.9682759049081,-0.03318964074503028,3.0642540051428364,-0.022527883745017407,-0.0002639051540343794,0.022529429463689164,182.23971462587622,-531.0,0.031724095091931304,183.0,-531.0,-0.041702370860058985,-0.008512730115028705,0.9774705705363108,0.0,0.0,HOLD
39.296,182.23859388341606,-530.968434511446,-0.033180022165836265,3.0642540051428364,-0.022815204872924235,-0.0013280443562246128,0.022853824082757043,182.23859388341606,-531.0,0.03156548855395158,183.0,-531.0,-0.041433110329468524,-0.00825308816363226,0.977146175917243,0.0,0.0,HOLD
39.352,182.23730161064756,-530.9687042896599,-0.03317044931890911,3.0642540051428364,-0.02352787295534925,-0.0026790437321612577,0.023679908807296687,182.23730161064756,-531.0,0.03129571034014589,183.0,-531.0,-0.04100987275358789,-0.007839423434678777,0.9763200911927034,0.0,0.0,HOLD
39.396,182.23603451928133,-530.9690350153297,-0.027550756111239142,3.0642540051428364,-0.02453232529974064,-0.0041529197686997026,0.024881353002149047,182.23603451928133,-531.0,0.030964984670276863,183.0,-531.0,-0.0405097420586913,-0.012958985947452161,0.975118646997851,0.0,0.0,HOLD
39.448,182.2345911525624,-530.9694406194533,-0.027535118971967035,3.0642540051428364,-0.02566097974542332,-0.005429425604366538,0.026229078212708444,182.2345911525624,-531.0,0.030559380546719694,183.0,-531.0,-0.03990437062143629,-0.012369251649469257,0.9737709217872915,0.0,0.0,HOLD
39.5,182.23321008600578,-530.9698331188608,-0.03314510953277904,3.0642540051428364,-0.02674991380976288,-0.006391101489580659,0.02750280107697874,182.23321008600578,-531.0,0.030166881139166435,183.0,-531.0,-0.03932150276204035,-0.006176393229261307,0.9724971989230212,0.0,0.0,HOLD
39.548,182.23168547374985,-530.9702497646288,-0.03313794516488544,3.0642540051428364,-0.02764925723744488,-0.006958562483124408,0.028511454147656948,182.23168547374985,-531.0,0.029750235371238887,183.0,-531.0,-0.03870209276991499,-0.005564147605029553,0.971488545852343,0.0,0.0,HOLD
39.596,182.23027571624576,-530.9706094206701,-0.027487268129332106,3.0642540051428364,-0.028251499005010443,-0.007145557582445193,0.02914114255128213,182.23027571624576,-531.0,0.029390579329856337,183.0,-531.0,-0.03816471558957043,-0.010677447460238323,0.9708588574487179,0.0,0.0,HOLD
39.652,182.22877034202432,-530.9709886180012,-0.038772089204572646,3.0642540051428364,-0.02849580084370296,-0.007196902157048678,0.02939057785042877,182.22877034202432,-531.0,0.029011381998770958,183.0,-531.0,-0.03759931843312171,0.0011727707714509344,0.9706094221495712,0.0,0.0,HOLD
39.7,182.22741942101374,-530.9713425584918,-0.033117913497613394,3.0642540051428364,-0.02837273625057981,-0.0072588024788397395,0.02928655622929701,182.22741942101374,-531.0,0.02865744150824412,183.0,-531.0,-0.03707614436270163,-0.003958230865088237,0.970713443770703,0.0,0.0,HOLD
39.752,182.22601134274439,-530.9717590226884,-0.0331125226531479,3.0642540051428364,-0.027919728452730996,-0.007521346011657985,0.02891508054115223,182.22601134274439,-531.0,0.02824097731161146,183.0,-531.0,-0.036471405919435276,-0.003358883266287374,0.9710849194588478,0.0,0.0,HOLD
39.8,182.22476770134148,-530.9722021568244,-0.038779344115597025,3.0642540051428364,-0.027216042057148615,-0.008120061316266367,0.0284015552573518,182.22476770134148,-531.0,0.027797843175562775,183.0,-531.0,-0.035842080703172526,0.0029372634124245,0.9715984447426482,0.0,0.0,HOLD
39.852,182.22347973620953,-530.9727472419686,-0.027425974232496264,3.0642540051428364,-0.026359423417585022,-0.008946882171992606,0.027836413265847466,182.22347973620953,-531.0,0.02725275803140903,183.0,-531.0,-0.03508160472044716,-0.0076556304879508985,0.9721635867341525,0.0,0.0,HOLD
39.9,182.2223378439342,-530.9733109710713,-0.03309862197695157,3.0642540051428364,-0.02545992306225897,-0.009925998119251912,0.027326418005284535,182.2223378439342,-531.0,0.026689028928672087,183.0,-531.0,-0.03430610286947293,-0.0012074808925213593,0.9726735819947154,0.0,0.0,HOLD
39.952,182.2211383016242,-530.973965072718,-0.03309698366062718,3.0642540051428364,-0.02462279246174906,-0.010854506014647788,0.02690914731901387,182.2211383016242,-531.0,0.026034927282012177,183.0,-531.0,-0.03341445221988396,-0.0003174685592567811,0.9730908526809862,0.0,0.0,HOLD
39.996,182.22005126408655,-530.9745753577723,-0.03879376289988112,3.0642540051428364,-0.023931130478791952,-0.011505424097385305,0.02655322559791295,182.22005126408655,-531.0,0.025424642227676486,183.0,-531.0,-0.03258629859283514,0.006207464307045975,0.973446774402087,0.0,0.0,HOLD
40.052,182.21887874219001,-530.9752244859422,-0.03879812216706369,3.0642540051428364,-0.023447209114817624,-0.011847657576260318,0.02627048924779105,182.21887874219001,-531.0,0.024775514057751025,183.0,-531.0,-0.031707254879835244,0.007090867287228443,0.9737295107522089,0.0,0.0,HOLD
40.1,182.21778833669123,-530.9757899728664,-0.03308679778306445,3.0642540051428364,-0.023191559353280093,-0.011824319580106608,0.02603196033281408,182.21778833669123,-531.0,0.024210027133563017,183.0,-531.0,-0.03094085918087762,0.002145938602186828,0.9739680396671859,0.0,0.0,HOLD
40.152,182.2165876909745,-530.9763634489308,-0.038809168975471486,3.0642540051428364,-0.023155782826797665,-0.011545742775554193,0.025874590906158873,182.2165876909745,-531.0,0.023636551069216694,183.0,-531.0,-0.030162128609132456,0.00864704036633903,0.9741254090938412,0.0,0.0,HOLD
40.196,182.21545644914465,-530.9768733618587,-0.027352111039922185,3.0642540051428364,-0.023299897180096476,-0.011222847903352037,0.025861893273015434,182.21545644914465,-531.0,0.023126638141320655,183.0,-531.0,-0.02946929209426984,-0.002117181054347654,0.9741381067269845,0.0,0.0,HOLD
40.252,182.2142070020032,-530.9774150471447,-0.03307980984358738,3.0642540051428364,-0.02355467354218705,-0.01094080979339393,0.025971599192468515,182.2142070020032,-531.0,0.022584952855254414,183.0,-531.0,-0.028733695771513655,0.004346114072073727,0.9740284008075315,0.0,0.0,HOLD
40.3,182.2130371306557,-530.9779292414729,-0.03307964298949506,3.0642540051428364,-0.02384084971137963,-0.010860860008550488,0.026198175415206332,182.2130371306557,-531.0,0.02207075852709295,183.0,-531.0,-0.028038139453478137,0.0050415035360169246,0.9738018245847937,0.0,0.0,HOLD
40.352,182.21176290867186,-530.978513009213,-0.033078232252055306,3.0642540051428364,-0.024073046434359285,-0.010988764948321496,0.026462511591311157,182.21176290867186,-531.0,0.021486990787025206,183.0,-531.0,-0.027252803994497643,0.005825428257557663,0.9735374884086888,0.0,0.0,HOLD
40.4,182.21059316783482,-530.9790693754652,-0.03883677610115788,3.0642540051428364,-0.024176840452433714,-0.011199534472225776,0.026644871676497314,182.21059316783482,-531.0,0.02093062453479888,183.0,-531.0,-0.026508158942499912,0.012328617158657965,0.9733551283235027,0.0,0.0,HOLD
40.452,182.20934769058462,-530.9796874522996,-0.038842994941628683,3.0642540051428364,-0.024097966247310636,-0.011439829945983004,0.026675488495049762,182.20934769058462,-531.0,0.020312547700427785,183.0,-531.0,-0.02568522260073163,0.013157772340897052,0.9733245115049503,0.0,0.0,HOLD
40.496,182.20823089349557,-530.9802473157741,-0.033074139343889364,3.0642540051428364,-0.023806990168436945,-0.011518227300250032,0.02644697224674837,182.20823089349557,-531.0,0.01975268422586396,183.0,-531.0,-0.0249423571922356,0.008131782151653763,0.9735530277532516,0.0,0.0,HOLD
40.552,182.2070675982939,-530.9808213628673,-0.038858213217133564,3.0642540051428364,-0.02330441515924145,-0.011350626257150435,0.02592166048585228,182.2070675982939,-531.0,0.01917863713265433,183.0,-531.0,-0.024182261320849503,0.01467595189628406,0.9740783395141477,0.0,0.0,HOLD
40.6,182.20604256430389,-530.9813138449439,-0.027283724596194325,3.0642540051428364,-0.022622076030618984,-0.010968922208571884,0.0251411133077437,182.20604256430389,-531.0,0.01868615505611615,183.0,-531.0,-0.023531117870222103,0.003752606725972222,0.9748588866922563,0.0,0.0,HOLD
40.652,182.20498730725254,-530.9817918670975,-0.027276278017883463,3.0642540051428364,-0.02180704111166936,-0.010347256238846247,0.024137372552089847,182.20498730725254,-531.0,0.018208132902486796,183.0,-531.0,-0.022898942883334644,0.0043773351345488196,0.9758626274479102,0.0,0.0,HOLD
40.7,182.20406186540797,-530.9821921214444,-0.03307247951021397,3.0642540051428364,-0.020922590172589767,-0.009644237834832314,0.02303836155079091,182.20406186540797,-531.0,0.017807878555572643,183.0,-531.0,-0.022369713554700757,0.010702765955513213,0.9769616384492091,0.0,0.0,HOLD
40.748,182.2031060375617,-530.9825921757997,-0.03307347633723956,3.0642540051428364,-0.020033140269764084,-0.008961428137808394,0.021946159193288184,182.2031060375617,-531.0,0.017407824200290634,183.0,-531.0,-0.02184111925609186,0.011232357081147702,0.9780538408067119,0.0,0.0,HOLD
40.8,182.20225963997748,-530.9829357509333,-0.027251865445389045,3.0642540051428364,-0.019193190226892438,-0.008330163638524263,0.02092295814004968,182.20225963997748,-531.0,0.01706424906672055,183.0,-531.0,-0.021387468877967875,0.00586439656742117,0.9790770418599504,0.0,0.0,HOLD
40.852,182.2013723767962,-530.9832991357664,-0.03307322544900071,3.0642540051428364,-0.018447537367657637,-0.007860465818746066,0.020052395313747435,182.2013723767962,-531.0,0.016700864233598622,183.0,-531.0,-0.02090890660803143,0.01216431884096928,0.9799476046862525,0.0,0.0,HOLD
40.9,182.20057365270983,-530.9836228275194,-0.03307327913530278,3.0642540051428364,-0.017814929085393148,-0.007469555147884813,0.01931750378348298,182.20057365270983,-531.0,0.016377172480588342,183.0,-531.0,-0.02048329035134607,0.012589988783956708,0.980682496216517,0.0,0.0,HOLD
40.952,182.1997239725895,-530.9839564135963,-0.038916128584187026,3.0642540051428364,-0.017298704715385714,-0.007100501748087358,0.0186992596084631,182.1997239725895,-531.0,0.016043586403725385,183.0,-531.0,-0.02004488081667173,0.018871247767515295,0.9813007403915369,0.0,0.0,HOLD
41.0,182.19895036662763,-530.984245241015,-0.027223863422389583,3.0642540051428364,-0.016885034870391103,-0.00672135939740411,0.01817363680509204,182.19895036662763,-531.0,0.01575475898505374,183.0,-531.0,-0.01966510862916805,0.007558754793221531,0.981826363194908,0.0,0.0,HOLD
41.052,182.19812327984738,-530.9845145981936,-0.03307276822210237,3.0642540051428364,-0.016542202917423556,-0.006181864618759247,0.017659556266392533,182.19812327984738,-531.0,0.015485401806358823,183.0,-531.0,-0.019309049442144507,0.01376371877995786,0.9823404437336075,0.0,0.0,HOLD
41.1,182.19737142721272,-530.9847182475885,-0.03307416088573034,3.0642540051428364,-0.016234690690752833,-0.005503155506293973,0.017142050704360617,182.19737142721272,-531.0,0.015281752411510752,183.0,-531.0,-0.019037331522244853,0.014036829363485489,0.9828579492956394,0.0,0.0,HOLD
41.148,182.19657350912738,-530.9848821539052,-0.03307437685823311,3.0642540051428364,-0.015923151446468053,-0.00468026667255442,0.016596736068076195,182.19657350912738,-531.0,0.015117846094767629,183.0,-531.0,-0.018814493165678674,0.014259883692554438,0.9834032639319238,0.0,0.0,HOLD
41.196,182.19585736494872,-530.9849737579766,-0.03895259605286516,3.0642540051428364,-0.015571933076220026,-0.0037101196909136084,0.016007813337591745,182.19585736494872,-531.0,0.015026242023395753,183.0,-531.0,-0.018683866319138407,0.020268729733726756,0.9839921866624083,0.0,0.0,HOLD
41.252,182.19510948378723,-530.9850230743393,-0.038959732185088074,3.0642540051428364,-0.015155572009554301,-0.0027435148558614944,0.015401890685922898,182.19510948378723,-531.0,0.014976925660675988,183.0,-531.0,-0.01860526022241598,0.020354471962672094,0.9845981093140771,0.0,0.0,HOLD
41.3,182.19445059811184,-530.985025232144,-0.033074586742050105,3.0642540051428364,-0.01465549652261217,-0.0017990186490260854,0.014765501902198958,182.19445059811184,-531.0,0.014974767855960636,183.0,-531.0,-0.01858736811881998,0.014487218623230123,0.9852344980978011,0.0,0.0,HOLD
41.348,182.19377598315623,-530.9849919887946,-0.033073340329016654,3.0642540051428364,-0.014066750325558756,-0.0009456088083621659,0.014098497818564199,182.19377598315623,-531.0,0.015008011205395633,183.0,-531.0,-0.018613037692803158,0.014460302636213496,0.9859015021814358,0.0,0.0,HOLD
41.4,182.19319243761674,-530.9849424119166,-0.027165700276586602,3.0642540051428364,-0.013398407270353997,-0.00025314765638588055,0.013400798525394242,182.19319243761674,-531.0,0.015057588083436713,183.0,-531.0,-0.018661005293627464,0.008504694982959138,0.9865992014746058,0.0,0.0,HOLD
41.448,182.1926048873832,-530.9848619968518,-0.027158440647760518,3.0642540051428364,-0.012663629759219974,0.0003767092669139837,0.01266923156905661,182.1926048873832,-531.0,0.015138003148194912,183.0,-531.0,-0.018746991967774837,0.00841144867998568,0.9873307684309434,0.0,0.0,HOLD
41.5,182.19210353654776,-530.9847663350552,-0.03307385780036243,3.0642540051428364,-0.011887042518541415,0.0009423949573962131,0.011924340153372733,182.19210353654776,-531.0,0.01523366494484435,183.0,-531.0,-0.018853727661252404,0.014220130139110023,0.9880756598466273,0.0,0.0,HOLD
41.552,182.1916029126161,-530.9846307354516,-0.03307347825337281,3.0642540051428364,-0.01109616179243677,0.001525246361892222,0.011200499229427188,182.1916029126161,-531.0,0.015369264548439787,183.0,-531.0,-0.019009733475614184,0.014063744777758628,0.9887995007705728,0.0,0.0,HOLD
41.6,182.1911769928784,-530.9844605162403,-0.027133611672459645,3.0642540051428364,-0.010318169919101823,0.0022325918836609907,0.010556945438830621,182.1911769928784,-531.0,0.015539483759653194,183.0,-531.0,-0.01921010168386191,0.007923509988597737,0.9894430545611694,0.0,0.0,HOLD
41.648,182.19074977199085,-530.9842284601364,-0.03901620520799143,3.0642540051428364,-0.009582335652140835,0.0030131008088763013,0.010044895869780848,182.19074977199085,-531.0,0.015771539863635553,183.0,-531.0,-0.019486609912537898,0.01952959529545353,0.9899551041302191,0.0,0.0,HOLD
41.7,182.1903824633195,-530.9839616396939,-0.03307023555206001,3.0642540051428364,-0.00890681056910359,0.0039040812519534323,0.0097248714611428,182.1903824633195,-531.0,0.016038360306083632,183.0,-531.0,-0.019807207854986013,0.013263027697074,0.9902751285388572,0.0,0.0,HOLD
41.748,182.190008530253,-530.9836198750111,-0.033069274444194274,3.0642540051428364,-0.008306284048272414,0.0048379920252188,0.009612519000067854,182.190008530253,-531.0,0.01638012498892749,183.0,-531.0,-0.02021983347635555,0.012849440967838726,0.9903874809999321,0.0,0.0,HOLD
41.8,182.18968104704982,-530.9832705106453,-0.02710186647028112,3.0642540051428364,-0.007786982987996048,0.005692143316833882,0.009645600012167023,182.18968104704982,-531.0,0.01672948935470231,183.0,-531.0,-0.020642628412158012,0.006459238058123106,0.9903543999878329,0.0,0.0,HOLD
41.852,182.18934229960647,-530.9828577752405,-0.02709360483791179,3.0642540051428364,-0.007341569810905696,0.006477919918881634,0.00979091894378895,182.18934229960647,-531.0,0.017142224759481905,183.0,-531.0,-0.021142919325761816,0.0059506855121499724,0.9902090810562111,0.0,0.0,HOLD
41.896,182.18934229960647,-530.9828577752405,-0.02709360483791179,3.0642540051428364,-0.007341569810905696,0.006477919918881634,0.00979091894378895,182.18934229960647,-531.0,0.017142224759481905,183.0,-531.0,-0.021142919325761816,0.0059506855121499724,0.9902090810562111,0.0,0.0,SUCCESS
