time_s,north_m,east_m,body_yaw_rad,course_angle_rad,vx_mps,vy_mps,speed_mps,reference_north_m,reference_east_m,position_error_m,target_north_m,target_east_m,desired_heading_rad,heading_error_rad,speed_error_mps,left_thrust,right_thrust,controller_state
0.0,161.88570009337232,-531.8965275091105,0.5708019367777963,-2.605982925758027,-0.007838687635065414,-0.0028347405741426853,0.008335513059363425,163.0,-531.000000000002,1.4301838540896001,163.99031132097502,-526.661162608826,1.1885678998945015,0.6177659631167052,0.9916644869406366,0.0,0.0,TRACK
0.048,161.88934147553283,-531.8941469268917,0.5708002937932077,-2.605982925758027,0.01941415604063655,0.014180568175979484,0.02404158831200191,163.0,-531.000000000002,1.4258545104034421,163.99031132097502,-526.661162608826,1.189009587860695,0.6182092940674873,0.9759584116879981,0.0,0.0,TRACK
0.096,161.89286646370894,-531.8918556777866,0.5707978531969685,-2.605982925758027,0.038322240210551736,0.02592439403947998,0.046267356754729934,163.0,-531.000000000002,1.4216719794582822,163.99031132097502,-526.661162608826,1.189438564422417,0.6186407112254485,0.9537326432452701,668.83345356338,-131.16654643662002,TRACK
0.148,161.8984747059096,-531.8893941278945,0.5724985892119491,0.4899795133921896,0.06265724017970302,0.03341898039886289,0.07101237918726969,163.0,-531.000000000002,1.4157612398461197,163.99031132097502,-526.661162608826,1.1902002529848525,0.6177016637729035,0.9289876208127303,668.83345356338,-131.16654643662002,TRACK
0.192,161.90660448872833,-531.8870709459117,0.5758738694573756,0.3688976256957935,0.10000687250346485,0.03866220588448546,0.10722005741361369,163.0,-531.000000000002,1.4079803291047799,163.99031132097502,-526.661162608826,1.1913884923963163,0.6155146229389407,0.8927799425863863,644.2476269793988,-155.7523730206012,TRACK
0.248,161.91831438971934,-531.8845770657903,0.5840816995858457,0.28359123478521747,0.14382110841288132,0.041916165411208295,0.1498047934743396,163.0,-531.000000000002,1.3973261411734696,163.99031132097502,-526.661162608826,1.1931597765026942,0.6090780769168486,0.8501952065256604,644.2476269793988,-155.7523730206012,TRACK
0.292,161.93187080111224,-531.8821545090076,0.5915095597432093,0.2293916294630114,0.1923325535415864,0.04490998405763202,0.19750624754646107,163.0,-531.000000000002,1.38531460804953,163.99031132097502,-526.661162608826,1.1952459673192395,0.6037364075760302,0.8024937524535389,614.7228675919548,-185.2771324080452,TRACK
0.344,161.9498434084427,-531.8790802162691,0.6023318119171636,0.20007844027871094,0.24598563221851716,0.0498838446078702,0.2509926875644104,163.0,-531.000000000002,1.3695294423353785,163.99031132097502,-526.661162608826,1.1980289929852947,0.5956971810681312,0.7490073124355896,614.7228675919548,-185.2771324080452,TRACK
0.396,161.9698831133922,-531.8754197874684,0.6162266239795167,0.1908275728703389,0.3060135095322204,0.05911512566678173,0.3116710864017157,163.0,-531.000000000002,1.3518508069910162,163.99031132097502,-526.661162608826,1.2011281204336637,0.584901496454147,0.6883289135982843,581.3971399709861,-218.60286002901387,TRACK
0.448,161.9955872456959,-531.8702094259901,0.630887104631978,0.1950963839437884,0.3719173640093186,0.0734945724031513,0.379109453620405,163.0,-531.000000000002,1.3289504979822138,163.99031132097502,-526.661162608826,1.2050875364214042,0.5742004317894263,0.6208905463795951,581.3971399709861,-218.60286002901387,TRACK
0.496,162.02297581654298,-531.864071924261,0.6514535454180568,0.20659864576624828,0.4414546156993487,0.09252408883663132,0.4510464330169439,163.0,-531.000000000002,1.304299254524214,163.99031132097502,-526.661162608826,1.2092912010427046,0.5578376556246478,0.5489535669830561,520.2424149661651,-241.2853973919194,TRACK
0.548,162.0560912865476,-531.8560689240779,0.6663714206676548,0.2199949696609936,0.509838086774114,0.11400700512983439,0.5224293942191262,163.0,-531.000000000002,1.274291042933211,163.99031132097502,-526.661162608826,1.214368435053916,0.5479970143862611,0.47757060578087385,520.2424149661651,-241.2853973919194,TRACK
0.592,162.0891777808546,-531.8476708035442,0.6869956742825755,0.23208251558856702,0.5726504440584839,0.13534084889250517,0.5884264409926891,163.0,-531.000000000002,1.2442439093951028,163.99031132097502,-526.661162608826,1.2194511541492674,0.532455479866692,0.41157355900731085,454.27528294521835,-261.6554952462527,TRACK
0.648,162.1268455976937,-531.8379040664495,0.7070969661495232,0.24086862088514782,0.625756171208714,0.15370920530258314,0.6443580569842678,163.0,-531.000000000002,1.2101577727040564,163.99031132097502,-526.661162608826,1.2252683133797264,0.5181713472302032,0.35564194301573215,454.27528294521835,-261.6554952462527,TRACK
0.696,162.16259753741969,-531.8286365769382,0.7333779443090379,0.24586438027538712,0.6674327384543977,0.1674864278001305,0.6881265609304619,163.0,-531.000000000002,1.178083808976238,163.99031132097502,-526.661162608826,1.23083284642623,0.497454902117192,0.3118734390695381,402.2572433278315,-265.71883390326764,TRACK
0.748,162.201792666104,-531.8186365390544,0.7569784445889266,0.24735561959301766,0.6976446461398654,0.1761741253645034,0.7195452555159861,163.0,-531.000000000002,1.143372525014036,163.99031132097502,-526.661162608826,1.236991275363126,0.48001283077419943,0.28045474448401386,402.2572433278315,-265.71883390326764,TRACK
0.796,162.23805388537434,-531.8096270019346,0.7755368431967212,0.2459476786150111,0.7178737438370653,0.1802077229856373,0.740146968861126,163.0,-531.000000000002,1.111781347141339,163.99031132097502,-526.661162608826,1.2427480236984485,0.4672111805017273,0.25985303113887404,357.3470199393133,-238.3558260613985,TRACK
0.848,162.27725288191448,-531.80011173066,0.8038125800515601,0.2431298558286627,0.7304573332834723,0.18118011505822135,0.7525916222229105,163.0,-531.000000000002,1.078212492154194,163.99031132097502,-526.661162608826,1.2490325676935583,0.4452199876419982,0.24740837777708946,357.3470199393133,-238.3558260613985,TRACK
0.896,162.31334553069576,-531.7914825355602,0.8266403411472848,0.24012018973700391,0.7379728306644071,0.18068828905670328,0.7597711211944532,163.0,-531.000000000002,1.0478258272771932,163.99031132097502,-526.661162608826,1.2548708172155778,0.428230476068293,0.24022887880554677,340.58758942142555,-218.29860499149316,TRACK
0.944,162.35246968383075,-531.7821321231942,0.845742153867629,0.23816294910649777,0.7430179860327718,0.18038285573543905,0.7646003545718956,163.0,-531.000000000002,1.0153945875802555,163.99031132097502,-526.661162608826,1.2612472521046745,0.4155050982370455,0.23539964542810443,340.58758942142555,-218.29860499149316,TRACK
0.996,162.3887136243056,-531.7733557947619,0.8706102360474132,0.23795438893291837,0.7472404235504988,0.18124291771358955,0.7689065260545418,163.0,-531.000000000002,0.9857739185016924,163.99031132097502,-526.661162608826,1.2671921378099922,0.396581901762579,0.2310934739454582,329.9799053143326,-203.51558472835364,TRACK
1.048,162.42817250753436,-531.7635854762375,0.8935665697774261,0.23964236164170577,0.751294912424389,0.1835696558125076,0.7733963175306001,163.0,-531.000000000002,0.9539651254932031,163.99031132097502,-526.661162608826,1.2737011807453638,0.38013461096793766,0.22660368246939988,329.9799053143326,-203.51558472835364,TRACK
1.092,162.46474738222565,-531.7543056319787,0.9183807398172926,0.24276787982104658,0.7550334876998936,0.18698580733187353,0.777842695981532,163.0,-531.000000000002,0.9249174834902751,163.99031132097502,-526.661162608826,1.2797681124892681,0.3613873726719755,0.222157304018468,297.4758923687124,-174.10617256243262,TRACK
1.148,162.50438507271025,-531.743995964913,0.9411623966611864,0.24689321629251842,0.7575639144974073,0.1909327646310893,0.7812543792890418,163.0,-531.000000000002,0.8939598156271795,163.99031132097502,-526.661162608826,1.286379838433479,0.34521744177229263,0.21874562071095816,297.4758923687124,-174.10617256243262,TRACK
1.196,162.54086031728949,-531.7342892042622,0.9655837824575331,0.2515319984639934,0.7583818694802453,0.19488476008916933,0.783021793867428,163.0,-531.000000000002,0.8660195631349527,163.99031132097502,-526.661162608826,1.2924991713852112,0.32691538892767813,0.21697820613257202,272.9491475572724,-153.31482266247275,TRACK
1.248,162.5801478046752,-531.7235953584943,0.9933707231871322,0.2565104441327571,0.7573832264121108,0.19865290211067937,0.7830021246250957,163.0,-531.000000000002,0.8365800073816162,163.99031132097502,-526.661162608826,1.2991285208560366,0.30575779766890443,0.21699787537490434,272.9491475572724,-153.31482266247275,TRACK
1.292,162.6161738654319,-531.7135328311135,1.0116174081871074,0.2620443756216006,0.7549891235188919,0.20249698185691517,0.7816735919122408,163.0,-531.000000000002,0.8102170096038769,163.99031132097502,-526.661162608826,1.3052410901223241,0.2936236819352167,0.21832640808775916,241.51339994600994,-119.63095757186528,TRACK
1.348,162.6549527305715,-531.7022820901682,1.033167767152058,0.269128703491869,0.7517545225729871,0.2073491791852639,0.7798259705330046,163.0,-531.000000000002,0.7824690104458991,163.99031132097502,-526.661162608826,1.3118503318380674,0.2786825646860094,0.22017402946699538,241.51339994600994,-119.63095757186528,TRACK
1.396,162.6905842035954,-531.6913931999096,1.0559952190292838,0.27870889324413556,0.7484532638050295,0.21417512460583082,0.7784942338259958,163.0,-531.000000000002,0.7574712482616887,163.99031132097502,-526.661162608826,1.317943280950409,0.2619480619211252,0.2215057661740042,242.09015172021947,-115.84914549996614,TRACK
1.444,162.72915356067037,-531.6788269770274,1.076632847962172,0.2914141970616931,0.7460960633240727,0.22379417731657314,0.7789372051125049,163.0,-531.000000000002,0.7308651438089512,163.99031132097502,-526.661162608826,1.3245535115854474,0.24792066362327536,0.22106279488749514,242.09015172021947,-115.84914549996614,TRACK
1.496,162.76483299985196,-531.666326175099,1.0985635244952698,0.3074831442666534,0.7451250185264253,0.2366178959833546,0.7817923777663704,163.0,-531.000000000002,0.7066074508367323,163.99031132097502,-526.661162608826,1.3306773466506392,0.23211382215536935,0.21820762223362955,216.26671944732777,-90.58030978397676,TRACK
1.548,162.80355740732207,-531.6516620134644,1.12327152485227,0.3267885792841994,0.7449763123217827,0.25250272031465176,0.7866049387633297,163.0,-531.000000000002,0.6806269697916774,163.99031132097502,-526.661162608826,1.3373300686824101,0.2140585438301401,0.2133950612366703,216.26671944732777,-90.58030978397676,TRACK
1.596,162.83929227944228,-531.6370857507927,1.1393458403962025,0.34826711137402433,0.7448013788856281,0.2704120168519951,0.7923709692106954,163.0,-531.000000000002,0.6570427880339129,163.99031132097502,-526.661162608826,1.3434768142174336,0.20413097382123113,0.2076290307893046,185.01095769987782,-67.76973187560316,TRACK
1.648,162.87780592278338,-531.6203298159378,1.1628116035222513,0.3702701988423769,0.7433473418407869,0.28854814170811677,0.7973865440957548,163.0,-531.000000000002,0.6322503246702996,163.99031132097502,-526.661162608826,1.3501167313759868,0.18730512785373543,0.20261345590424518,185.01095769987782,-67.76973187560316,TRACK
1.696,162.91297925817543,-531.6042115334161,1.1809825019577738,0.39121320074770594,0.7396480094301738,0.30508543549758665,0.8000976820406185,163.0,-531.000000000002,0.6104458916384544,163.99031132097502,-526.661162608826,1.3562032740111412,0.1752207720533674,0.19990231795938151,172.6623145936682,-62.82743079801713,TRACK
1.748,162.95050616958156,-531.5863682965743,1.200090518056343,0.4096154375463598,0.7333561867478144,0.31840424258572997,0.7994951896902743,163.0,-531.000000000002,0.5884534123229386,163.99031132097502,-526.661162608826,1.3627325110239996,0.16264199296765658,0.20050481030972567,172.6623145936682,-62.82743079801713,TRACK
1.792,162.98449919357935,-531.5697987039418,1.2143984084727504,0.4248451055001692,0.724547321369998,0.327782703958904,0.7952423039043193,163.0,-531.000000000002,0.5700095069480521,163.99031132097502,-526.661162608826,1.3686873266960082,0.15428891822325785,0.20475769609568073,160.42143688272068,-47.246943176754556,TRACK
1.848,163.02058600023736,-531.5519071454328,1.2352267217131758,0.4370340383437588,0.713847726780917,0.3334827090765988,0.7879018303591826,163.0,-531.000000000002,0.5522909383497723,163.99031132097502,-526.661162608826,1.3750574224223227,0.13983070070914683,0.2120981696408174,160.42143688272068,-47.246943176754556,TRACK
1.896,163.053206792051,-531.5354839966881,1.2486877625781556,0.4470828893292618,0.7018609627152996,0.3365158871632777,0.7783647944870934,163.0,-531.000000000002,0.5381208725065365,163.99031132097502,-526.661162608826,1.3808604608704012,0.13217269829224554,0.2216352055129066,154.13264030300172,-27.522330551202288,TRACK
1.948,163.08790480988733,-531.5176897209607,1.2644006206710514,0.4562292911468727,0.6897539765865182,0.3385044902059164,0.7683396632391708,163.0,-531.000000000002,0.5250998979123411,163.99031132097502,-526.661162608826,1.3870784520119364,0.12267783134088495,0.2316603367608292,154.13264030300172,-27.522330551202288,TRACK
1.996,163.1194068319264,-531.5010685410077,1.2833600730936343,0.4662433102163378,0.6780423288160754,0.3412240224574335,0.7590620746476259,163.0,-531.000000000002,0.5150996741372094,163.99031132097502,-526.661162608826,1.392759141457934,0.10939906836429958,0.24093792535237413,157.51831391078042,-15.981598430634577,TRACK
2.048,163.15311520467583,-531.4825807152802,1.295606407824706,0.4784283863435135,0.6676107918516142,0.3462329031482254,0.7520514560980437,163.0,-531.000000000002,0.5062888628651244,163.99031132097502,-526.661162608826,1.3988695299572556,0.10326312213254951,0.2479485439019563,157.51831391078042,-15.981598430634577,TRACK
2.096,163.18390890129993,-531.4648218617585,1.311084489420689,0.4939113613581929,0.6584843859209564,0.35454302730821224,0.7478652583952344,163.0,-531.000000000002,0.49988183318072027,163.99031132097502,-526.661162608826,1.4044746093741296,0.0933901199534406,0.25213474160476557,145.0352862743191,3.9365727102935892,TRACK
2.148,163.2170476053324,-531.4446534772264,1.324923912746133,0.5123641536582498,0.6510638202979193,0.366201709793309,0.7469858033165452,163.0,-531.000000000002,0.49479933082843885,163.99031132097502,-526.661162608826,1.410530136010327,0.08560622326419409,0.2530141966834548,145.0352862743191,3.9365727102935892,TRACK
2.196,163.2472815219784,-531.4250483112921,1.339401199981836,0.5344546547934862,0.6436471254041478,0.3809854463033161,0.7479515574794665,163.0,-531.000000000002,0.49174609102921185,163.99031132097502,-526.661162608826,1.4160715820642782,0.07667038208244215,0.2520484425205335,133.9438525282573,12.260686132673513,TRACK
2.248,163.27960179958913,-531.4027699464049,1.3554660252758297,0.5587652143794751,0.6359109615848672,0.3975910729921518,0.7499742744833592,163.0,-531.000000000002,0.4903068386824894,163.99031132097502,-526.661162608826,1.4220160235357706,0.0665499982599409,0.2500257255166408,133.9438525282573,12.260686132673513,TRACK
2.296,163.3089446880245,-531.3813367936089,1.365795205253278,0.5841489658106669,0.6273006865380399,0.4147176032492198,0.7519952405274075,163.0,-531.000000000002,0.4907795537885348,163.99031132097502,-526.661162608826,1.4274346095856993,0.06163940433242132,0.24800475947259248,116.22412586380689,24.38438359539397,TRACK
2.348,163.34015935843487,-531.3573440529074,1.3777829584720815,0.6091655965147749,0.617844189396502,0.4310560429873893,0.7533530079364963,163.0,-531.000000000002,0.4933590591826856,163.99031132097502,-526.661162608826,1.4332280903989074,0.055445131926825875,0.2466469920635037,116.22412586380689,24.38438359539397,TRACK
2.396,163.36838838824423,-531.3346246695852,1.3902446559232882,0.6331726106725574,0.6074353988009238,0.44584859799928556,0.7534976682474643,163.0,-531.000000000002,0.49767828372032835,163.99031132097502,-526.661162608826,1.4384982100609405,0.04825355413765231,0.24650233175253566,118.22445303343008,20.45550006139262,TRACK
2.448,163.39836521033476,-531.3095251356052,1.401309813806311,0.6555035421948686,0.5966000809837971,0.45874075971865097,0.7525787276140075,163.0,-531.000000000002,0.5044805748244583,163.99031132097502,-526.661162608826,1.4441329980363757,0.042823184230064815,0.24742127238599254,118.22445303343008,20.45550006139262,TRACK
2.496,163.42553480675767,-531.2859871285558,1.4128756379958034,0.6758757880591832,0.5859016932231733,0.4698127952190726,0.751002567687581,163.0,-531.000000000002,0.5127070405803965,163.99031132097502,-526.661162608826,1.4492795257366462,0.0364038877408428,0.248997432312419,108.88564423962367,32.45445710540461,TRACK
2.548,163.4544732645977,-531.2601100586074,1.423166476160059,0.694607454962857,0.5756141822107269,0.479550903083314,0.7492000770222504,163.0,-531.000000000002,0.5236441452186777,163.99031132097502,-526.661162608826,1.4548061143799742,0.03163963821991511,0.25079992297774956,108.88564423962367,32.45445710540461,TRACK
2.596,163.48071539586823,-531.2358600233817,1.4338821065066616,0.712506010855082,0.5654980922845245,0.48853126052481843,0.7472957144848381,163.0,-531.000000000002,0.5354598420548665,163.99031132097502,-526.661162608826,1.4598592258949383,0.025977119388276737,0.2527042855151619,104.75310706588269,39.8974747602152,TRACK
2.648,163.50864244896638,-531.2091669480178,1.443389947646462,0.7300438864387653,0.5555443096840507,0.49721024967532435,0.7455518173839607,163.0,-531.000000000002,0.5499708656217616,163.99031132097502,-526.661162608826,1.4652819103608055,0.02189196271434346,0.2544481826160393,104.75310706588269,39.8974747602152,TRACK
2.696,163.53392471684867,-531.1841177435161,1.4532809704698733,0.7477322545819095,0.5454536712696603,0.5058371117803038,0.7439024742234631,163.0,-531.000000000002,0.5647786705769419,163.99031132097502,-526.661162608826,1.4702321931672435,0.01695122269737026,0.2560975257765369,101.07089795782288,45.8572064864875,TRACK
2.744,163.5607522761734,-531.1565400471798,1.462049847635684,0.7656758922032526,0.5351149971647109,0.5144132326136003,0.7422728838362361,163.0,-531.000000000002,0.582192323552997,163.99031132097502,-526.661162608826,1.4755298564413697,0.013480008805685673,0.25772711616376387,101.07089795782288,45.8572064864875,TRACK
2.796,163.58496554385619,-531.1306975678929,1.471166274566778,0.783892717297509,0.5243798250107858,0.5228033459991062,0.7404711604554248,163.0,-531.000000000002,0.5993884731553805,163.99031132097502,-526.661162608826,1.4803529286143002,0.00918665404752228,0.2595288395445752,97.89789730049282,50.78235811718591,TRACK
2.848,163.61059788986367,-531.1023192549724,1.4792435627470426,0.8021153562587232,0.5133722920766122,0.530830050325825,0.7384657423340044,163.0,-531.000000000002,0.619111470612238,163.99031132097502,-526.661162608826,1.4855049808092995,0.006261418062256885,0.2615342576659956,97.89789730049282,50.78235811718591,TRACK
2.896,163.63371113935824,-531.0757985171524,1.4876369782407597,0.8201642874915671,0.502226100747714,0.538419912649031,0.7362927804951256,163.0,-531.000000000002,0.6382281906566903,163.99031132097502,-526.661162608826,1.490194524348174,0.0025575461074143213,0.2637072195048744,95.71919903810007,55.46078514963918,TRACK
2.948,163.6581951696023,-531.046722122842,1.4950702562219915,0.8378477728352028,0.49124332289791356,0.5456794433882703,0.7342248001997184,163.0,-531.000000000002,0.659851375728248,163.99031132097502,-526.661162608826,1.4952111168103366,0.00014086058834505977,0.26577519980028164,95.71919903810007,55.46078514963918,TRACK
3.0,163.6803138676072,-531.0195443019209,1.502791546679632,0.8552178832370629,0.4805903328360587,0.5528632490854741,0.7325468177562583,163.0,-531.000000000002,0.6805945475803903,163.99031132097502,-526.661162608826,1.4997891741549603,-0.003002372524671726,0.2674531822437417,94.25682973429886,59.61601239742779,TRACK
3.048,163.70379766717863,-530.989683898228,1.5096273477498074,0.872389464299898,0.47044775192042054,0.5603445982997486,0.7316468793965325,163.00069454558786,-530.9721496010685,0.7033217266426263,163.99031132097502,-526.661162608826,1.5047007045409633,-0.0049266432088441725,0.2683531206034675,94.25682973429886,59.61601239742779,TRACK
3.096,163.7250522102655,-530.9616737146794,1.5167267324543927,0.8896524572716773,0.4607720820899205,0.5684649106037049,0.7317535556600724,163.00140585232685,-530.94362710119,0.7238713501833615,163.99031132097502,-526.661162608826,1.5091935370318608,-0.007533195422531946,0.2682464443399276,92.46449265593024,62.12457860080666,TRACK
3.148,163.74763186651035,-530.9307836118586,1.5230115260435004,0.9071914690044124,0.45148030885268287,0.5774163454936948,0.7329693754346138,163.00218975873926,-530.9121934463033,0.7456738766334585,163.99031132097502,-526.661162608826,1.5140187758683334,-0.008992750175166986,0.2670306245653862,92.46449265593024,62.12457860080666,TRACK
3.196,163.7680521755889,-530.9017289034852,1.5295398511034086,0.9251439758214608,0.44236028778540853,0.5871778731273144,0.7351601722753389,163.00292657960145,-530.8826478623798,0.7653634847344254,163.99031132097502,-526.661162608826,1.5184316322200775,-0.011108218883331133,0.2648398277246611,89.6480859471761,62.37586703029035,TRACK
3.248,163.78969734205413,-530.86967571763,1.5367305360206527,0.9433763929112989,0.4332228074994957,0.597408214634711,0.7379556733644496,163.0037388926436,-530.8500751375959,0.7862028153965447,163.99031132097502,-526.661162608826,1.5231637712856538,-0.013566764734998848,0.26204432663555044,89.6480859471761,62.37586703029035,TRACK
3.296,163.80921906438832,-530.839600601846,1.5422322469214453,0.9616055977167574,0.42394071689480695,0.6076130587711108,0.7408909235713906,163.00450058655431,-530.8195321759114,0.8049686765874583,163.99031132097502,-526.661162608826,1.5274837298763364,-0.014748517045108933,0.25910907642860936,83.51563076008202,64.04399786414834,TRACK
3.348,163.82985423246083,-530.8065894165019,1.5479424646832805,0.9794069248320513,0.4144520203158676,0.6171391587864679,0.7433916992081453,163.00533614800918,-530.7860272192052,0.8247744391926161,163.99031132097502,-526.661162608826,1.5321086273403048,-0.01583383734297561,0.2566083007918547,83.51563076008202,64.04399786414834,TRACK
3.396,163.8484238927691,-530.7758263189065,1.5529862934251188,0.9963882720079306,0.4047975862863691,0.6254547065106626,0.7450199163509721,163.00611439670718,-530.7548204315044,0.8425713824131627,163.99031132097502,-526.661162608826,1.5363266255642747,-0.016659667860844163,0.2549800836490279,83.39972244270302,61.0741047136004,TRACK
3.448,163.8680431174992,-530.7423013234287,1.5570369946904936,1.0121409354496742,0.3951709052311877,0.6321945672557153,0.7455400828988857,163.00696213237384,-530.7208273043155,0.8613487078073249,164.2177842662969,-526.2174602137884,1.4936561266134025,-0.06338086807709109,0.25445991710111426,83.39972244270302,61.0741047136004,TRACK
3.496,163.88572801093554,-530.7112582901487,1.5621133278788972,1.0264122944019984,0.38581343637347465,0.6372819197159008,0.7449699677725894,163.00774680797545,-530.6893628059155,0.8782541801671363,164.2177842662969,-526.2174602137884,1.4970382552193033,-0.06507507265959389,0.2550300322274106,-9.564411778087774,154.65489201599405,TRACK
3.548,163.90403975486785,-530.6775720619268,1.56638091232898,1.0425668862694044,0.37403085626411375,0.640967476232614,0.7421175021690788,163.00859774938576,-530.6552411324641,0.8957204115082252,164.2177842662969,-526.2174602137884,1.500567474504173,-0.06581343782480698,0.2578824978309212,-9.564411778087774,154.65489201599405,TRACK
3.596,163.92027097758577,-530.6464399192083,1.5701458043762493,1.05908156025676,0.3614727222231738,0.6436340668731128,0.7381919404538729,163.00938374234318,-530.6237238097629,0.9111704434167308,164.2177842662969,-526.2174602137884,1.5037228654581503,-0.06642293891809903,0.26180805954612707,50.69946212826402,99.23284280323672,TRACK
3.648,163.937548263881,-530.6126330749679,1.5736948733809442,1.072723486613439,0.3512466964322538,0.6459082104703243,0.7352357840227505,163.01023704690343,-530.5895073769892,0.9275995316080384,164.2177842662969,-526.2174602137884,1.5071225683020555,-0.06657230507888867,0.26476421597724953,50.69946212826402,99.23284280323672,TRACK
3.696,163.9531032525225,-530.5812955460849,1.5758043099993755,1.08571600000919,0.3417321448585501,0.6483431515775873,0.732891329616597,163.01102773838238,-530.5578016495222,0.9423684192066756,164.2177842662969,-526.2174602137884,1.5102172405840413,-0.06558706941533421,0.267108670383403,55.021885714505544,100.5894402321583,TRACK
3.744,163.96944349419678,-530.5471245328335,1.5780869032861293,1.0993221328086127,0.33210829004257664,0.6514202531018454,0.7311937243072293,163.0143783825909,-530.4755522971752,0.9577431557175832,164.2177842662969,-526.2174602137884,1.5135011306066632,-0.06458577267946608,0.2688062756927707,55.021885714505544,100.5894402321583,TRACK
3.796,163.98398948028003,-530.5153150552276,1.5805893183921946,1.1141907687638497,0.3219348703846977,0.6553672720597683,0.7301700637910832,163.01683009422817,-530.442836478996,0.9698713430351302,164.2177842662969,-526.2174602137884,1.516451870694393,-0.06413744769780161,0.2698299362089168,60.30531793257461,96.23200227640106,TRACK
3.848,163.99915621925177,-530.4805285992425,1.5820663253918832,1.130094803289328,0.31134148575216986,0.6601283344309553,0.7298650140052994,163.0195071203159,-530.4071140484234,0.9823960776172944,164.2177842662969,-526.2174602137884,1.5195570173972246,-0.06250930799465859,0.27013498599470065,60.30531793257461,96.23200227640106,TRACK
3.896,164.01263374378786,-530.4481058156555,1.5837895882279835,1.1464803634729415,0.3006455821478681,0.6654995477018542,0.7302584570249104,163.02199856929346,-530.3738679722888,0.9934129586094997,164.2177842662969,-526.2174602137884,1.522342740915258,-0.06144684731272565,0.26974154297508957,61.42710887032794,94.60751443780984,TRACK
3.948,164.02674505644012,-530.4126583346285,1.5851970144423717,1.1624379411424544,0.29039961740171905,0.6711635206106741,0.7312950219887864,163.02471896159628,-530.3375668597914,1.0048358195950284,164.2177842662969,-526.2174602137884,1.5252901748748724,-0.059906839567499315,0.2687049780112136,61.42710887032794,94.60751443780984,TRACK
3.996,164.0394034869736,-530.3796683299794,1.5867315362381444,1.1771926039250145,0.28106080728449345,0.6768084056303252,0.7328470477004557,163.02724810622848,-530.3038177701031,1.014993508454539,164.2177842662969,-526.2174602137884,1.527965290648536,-0.05876624558960852,0.2671529522995443,62.72967359309949,91.26014386599762,TRACK
4.048,164.05281862275842,-530.3436839371512,1.5876292127116645,1.1901225527302655,0.2729837079019194,0.6821281076952757,0.7347236623981959,163.03000462194692,-530.2670346241241,1.025682015755163,164.2177842662969,-526.2174602137884,1.5308377966948221,-0.056791416016842344,0.26527633760180414,62.72967359309949,91.26014386599762,TRACK
4.096,164.06498032727302,-530.310281589186,1.588664283512592,1.2012025898040097,0.2661185055551821,0.6869420572481297,0.7366874839545031,163.03256172086063,-530.2329125104727,1.0353135530878825,164.46709118367755,-525.7856479662065,1.4821577239758135,-0.10650655953677846,0.2633125160454969,64.02353510884761,87.2048699073036,TRACK
4.148,164.077933520848,-530.2739379297741,1.5895002185544207,1.210774138984441,0.2601619853655857,0.6911331217148242,0.7384776574552823,163.03534242977557,-530.1958065287222,1.0455145618373525,164.46709118367755,-525.7856479662065,1.484307521191893,-0.10519269736252768,0.26152234254471773,64.02353510884761,87.2048699073036,TRACK
4.196,164.089669447209,-530.240274261137,1.5904092542418133,1.219407193969212,0.25467975353647376,0.6947007795937238,0.7399127989361494,163.03791662480677,-530.1614562832373,1.054701983060255,164.46709118367755,-525.7856479662065,1.4862724006114099,-0.10413685363040348,0.26008720106385064,-39.27838065298975,188.4123552137097,TRACK
4.244,164.1015794254988,-530.203716444874,1.5906732384838393,1.2321575989967213,0.24570515521097044,0.6976177315829333,0.7396225542235476,163.04070746700648,-530.1242150821985,1.063846689604573,164.46709118367755,-525.7856479662065,1.4882531837238795,-0.10242005475995986,0.2603774457764524,-39.27838065298975,188.4123552137097,TRACK
4.296,164.11190599696076,-530.169905053455,1.590233537238396,1.2468933498905497,0.2350062677971491,0.6999929212926062,0.7383888106977936,163.0432847998419,-530.0898229656264,1.0716176574332514,164.46709118367755,-525.7856479662065,1.4899591014028524,-0.10027443583554363,0.2616111893022064,30.51554461866114,119.44659771918704,TRACK
4.348,164.12281612108092,-530.1332060693998,1.5892643612249082,1.259098120427148,0.22618760179998276,0.7020077915193709,0.7375471310783684,163.04608057825297,-530.0525158954247,1.0797547561206313,164.46709118367755,-525.7856479662065,1.4917730848841282,-0.09749127634078003,0.26245286892163155,30.51554461866114,119.44659771918704,TRACK
4.396,164.13249940247334,-530.0992792801657,1.5877432334646022,1.27085725398174,0.2176292013230992,0.7036879026529128,0.7365725582782632,163.05471815106299,-529.9642157665407,1.0862111114347814,164.46709118367755,-525.7856479662065,1.4933851749890188,-0.09435805847558343,0.2634274417217368,37.95958482969888,114.91400535408951,TRACK
4.448,164.1425363743626,-530.0624758109977,1.5861908116431218,1.2826193573833797,0.2090155224223666,0.7051127945854041,0.7354396927699328,163.05941410040634,-529.9267429804122,1.0915939087586324,164.46709118367755,-525.7856479662065,1.4950546910002511,-0.09113612064287069,0.2645603072300672,37.95958482969888,114.91400535408951,TRACK
4.496,164.1513487981355,-530.0284650857933,1.5845987675014026,1.2947073547588863,0.20011734625189628,0.7063181877628805,0.7341201091344256,163.06374655145783,-529.8921708417894,1.0961089215615976,164.46709118367755,-525.7856479662065,1.4965151499912719,-0.08808361751013072,0.2658798908655744,44.65182026611609,109.53611122272551,TRACK
4.548,164.16046758851726,-529.9915846935203,1.5831786172077427,1.3064641154481855,0.1914527487871356,0.7073402315758126,0.7327921657768144,163.06843779514182,-529.854735605931,1.1005710982910868,164.46709118367755,-525.7856479662065,1.4980225006777124,-0.0851561165300303,0.2672078342231856,44.65182026611609,109.53611122272551,TRACK
4.596,164.1685547062764,-529.957507957913,1.5812262252230163,1.3173958868311229,0.18341285370541224,0.7082473476608417,0.7316109487787755,163.07276717625578,-529.8201879648279,1.1043582260523932,164.46709118367755,-525.7856479662065,1.4993585367038051,-0.08186768851921111,0.2683890512212245,48.99365496926115,107.06475084063518,TRACK
4.644,164.17706224651397,-529.9205428191771,1.579335735511335,1.326893622408408,0.17648064496901336,0.7091645943944089,0.7307939791700979,163.07745942509146,-529.7827447080494,1.1082033587346125,164.46709118367755,-525.7856479662065,1.5007692253594775,-0.07856651015185756,0.2692060208299021,48.99365496926115,107.06475084063518,TRACK
4.696,164.18475336149032,-529.886357296005,1.577213712520719,1.3347999136691011,0.1707934659324342,0.7102264261523986,0.7304738081618136,163.08179610553327,-529.748138819693,1.1115840299600892,164.7376122568391,-525.3667994193652,1.4490751725166917,-0.12813854000402736,0.2695261918381864,54.604795650219955,102.364937375149,TRACK
4.748,164.19297789649343,-529.8492304403346,1.5746961203289669,1.3411015189369573,0.1663731999923913,0.7115394747806538,0.7307314594615706,163.08650393114897,-529.7105712631609,1.1151282452702909,164.7376122568391,-525.3667994193652,1.4498847823788485,-0.12481133795011834,0.2692685405384294,54.604795650219955,102.364937375149,TRACK
4.796,164.2004735653153,-529.8148535830433,1.5729950842391636,1.3463659507028527,0.16279849848778777,0.7131652430236147,0.7315107757010895,163.09086119628273,-529.6758011128625,1.1182911959652688,164.7376122568391,-525.3667994193652,1.4506201025651673,-0.1223749816739963,0.26848922429891053,-48.35606913511475,204.51988325123438,TRACK
4.848,164.20795419774888,-529.7774850111457,1.5706672765334395,1.355777078346896,0.15616943462772231,0.7150766418912277,0.7319313465690463,163.09558734278892,-529.6380873590952,1.1210672260889243,164.7376122568391,-525.3667994193652,1.4512834116090612,-0.11938386492437836,0.26806865343095365,-48.35606913511475,204.51988325123438,TRACK
4.896,164.21434610787327,-529.7428692664565,1.5667951975860082,1.3671389770807996,0.14811781049838182,0.7172062889212105,0.7323412774485468,163.09995701593184,-529.6032181952341,1.1231052799856338,164.7376122568391,-525.3667994193652,1.451786930076205,-0.1150082675098032,0.2676587225514532,22.90065530400804,132.1030051185643,TRACK
4.948,164.22115807188288,-529.7052510812931,1.5629293764588428,1.375741398281666,0.14212633458096757,0.7193834110140489,0.7332887473728402,163.10470362087685,-529.5653411870009,1.1251867932445967,164.7376122568391,-525.3667994193652,1.4523127667662799,-0.11061660969256293,0.2667112526271598,22.90065530400804,132.1030051185643,TRACK
5.0,164.22718066110178,-529.670439702664,1.5598461937172639,1.3840717882018323,0.13629683053211517,0.7214321863297625,0.734194269581043,163.1178187600353,-529.4748292681362,1.1264755965550175,164.7376122568391,-525.3667994193652,1.452743204431419,-0.10710298928584483,0.26580573041895705,32.745822753794826,121.57023926601745,TRACK
5.048,164.2333518914652,-529.6326658739968,1.556051812556701,1.3927595695280262,0.13013006729188195,0.7231778448361628,0.7347925079063251,163.12446455054754,-529.4371391172272,1.1259937155509558,164.7376122568391,-525.3667994193652,1.4531341446352117,-0.10291766792148938,0.2652074920936749,32.745822753794826,121.57023926601745,TRACK
5.096,164.23869004659514,-529.597773267179,1.551872837417972,1.4019431895172092,0.1235085915622612,0.7244908571893853,0.734943109594684,163.1305925028128,-529.4023857729537,1.1251917345217766,164.7376122568391,-525.3667994193652,1.4534170297369138,-0.09845580768105822,0.265056890405316,35.99557853892216,117.55719750772607,TRACK
5.148,164.2441066076706,-529.5599813945281,1.5479647192824681,1.4112106209622022,0.11673820713878302,0.7252874307851126,0.734622124810332,163.1372186229645,-529.3648071782027,1.1239635160471126,164.7376122568391,-525.3667994193652,1.4536428605437302,-0.094321858738738,0.26537787518966804,35.99557853892216,117.55719750772607,TRACK
5.196,164.2488499530209,-529.5251302544007,1.5430477768821032,1.419706270376875,0.11046672781952405,0.7255597267729327,0.7339208506848443,163.14332154829862,-529.3301957687088,1.1225829623505663,164.7376122568391,-525.3667994193652,1.4537950553215555,-0.08925272156054764,0.26607914931515575,43.42081683747235,111.21282147429142,TRACK
5.248,164.25384812916323,-529.4874214967017,1.5397600650135082,1.4264507251947807,0.10544494327140044,0.7254227684531355,0.7330462666515124,163.149920839107,-529.2927693307247,1.1209571479099494,164.7376122568391,-525.3667994193652,1.4539305341371433,-0.0858295308763648,0.2669537333484876,43.42081683747235,111.21282147429142,TRACK
5.296,164.25841606448478,-529.4526626842998,1.5355046350369628,1.4312260442954956,0.10184707484601797,0.7249744732587323,0.7320934459011819,163.1560026862106,-529.2582774618163,1.1194198815984224,165.02867492776977,-524.9619558967465,1.4009264593200206,-0.1345781757169422,0.26790655409881814,49.794565911419156,106.5581554850947,TRACK
5.348,164.2634099622566,-529.4150512988525,1.531611468525822,1.4338684313310377,0.0998133721140263,0.7243869635130251,0.7312312781606062,163.1625851963746,-529.2209461915957,1.1178067622994217,165.02867492776977,-524.9619558967465,1.4006085707088824,-0.13100289781693952,0.2687687218393938,49.794565911419156,106.5581554850947,TRACK
5.396,164.26806331707732,-529.3803576074166,1.5274490860947247,1.4351251033093237,0.09880940410862231,0.7238263596702722,0.7305394563566154,163.1686584828502,-529.1865028724213,1.1163649259100157,165.02867492776977,-524.9619558967465,1.4003208750415714,-0.1271282110531533,0.26946054364338456,-52.50653724796696,210.11980281475786,TRACK
5.448,164.27262472133847,-529.3427538216522,1.5233925736922,1.4403510598104716,0.09492787212067473,0.7235895379692603,0.729789778199124,163.1752266521168,-529.1492529334713,1.1143272033196714,165.02867492776977,-524.9619558967465,1.399897028747278,-0.12349554494492199,0.27021022180087595,-52.50653724796696,210.11980281475786,TRACK
5.496,164.27643579479619,-529.3080058719546,1.5174536106239898,1.4477622963211005,0.08949219417425303,0.7237036662249411,0.7292159140649244,163.18128381941085,-529.1149010307182,1.1120464598654736,165.02867492776977,-524.9619558967465,1.3994086718900276,-0.11804493873396216,0.27078408593507564,22.47430112594195,135.88422319184076,TRACK
5.548,164.28055416267358,-529.2703292392307,1.513188818646911,1.4527160219526,0.0858897100034312,0.7240001033032402,0.7290769450939838,163.1878510870596,-529.0776562050971,1.1095597818677752,165.02867492776977,-524.9619558967465,1.3988672133427489,-0.11432160530416202,0.2709230549060162,22.47430112594195,135.88422319184076,TRACK
5.596,164.28418864755344,-529.2355055032226,1.5075654381099872,1.457648631168719,0.08232976375116215,0.7245231422061171,0.7291858292585969,163.20497553187806,-528.9891821520937,1.1069670918130887,165.02867492776977,-524.9619558967465,1.3983192859783116,-0.10924615213167566,0.2708141707414031,30.80181458770327,127.72128655038838,TRACK
5.648,164.28785614209093,-529.197723874881,1.5010682501344152,1.4633856741326112,0.07819940582524401,0.7252394639638178,0.7294432309384651,163.21335354703348,-528.9524756693442,1.1021354313804912,165.02867492776977,-524.9619558967465,1.3976515925265554,-0.1034166576078599,0.2705567690615349,30.80181458770327,127.72128655038838,TRACK
5.696,164.29093827343405,-529.1627951564126,1.4966467644612518,1.4701813389778122,0.07330348816332824,0.726094223742262,0.7297850526893443,163.2210836619974,-528.9186078228062,1.0973679162004353,165.02867492776977,-524.9619558967465,1.3969525500484319,-0.09969421441281989,0.27021494731065565,40.06803285206292,117.84790961503322,TRACK
5.748,164.29402908728284,-529.1249113454936,1.490193688090578,1.4769112823034931,0.06845082205760745,0.7269484343101555,0.7301640508723699,163.22945529016144,-528.8819293232941,1.0919512959054667,165.02867492776977,-524.9619558967465,1.3961225800880546,-0.09407110800252338,0.2698359491276301,40.06803285206292,117.84790961503322,TRACK
5.796,164.2967247209604,-529.0899136062217,1.4850681720755023,1.4828719430069186,0.06414869656976557,0.7277083311595246,0.7305302666629084,163.2371812409768,-528.848079721083,1.086791614789626,165.02867492776977,-524.9619558967465,1.3953050114802203,-0.089763160595282,0.26946973333709157,44.005567965963486,113.47492607087605,TRACK
5.848,164.29961356471307,-529.0519899285457,1.4808509870210451,1.4870388020019945,0.061140793413234605,0.7282659380726677,0.730827936778598,163.245551517246,-528.8114071446092,1.0811692170225098,165.02867492776977,-524.9619558967465,1.3943959512703457,-0.08645503575069946,0.26917206322140197,44.005567965963486,113.47492607087605,TRACK
5.896,164.30236301141744,-529.0169938049959,1.4754874672997276,1.488913628387954,0.05978956460464058,0.7285529272980868,0.731002161358107,163.2532797821261,-528.7775474038182,1.076062359260513,165.02867492776977,-524.9619558967465,1.3935622276226152,-0.0819252396771124,0.268997838641893,46.65642152599119,110.62814460018907,TRACK
5.948,164.30549561946512,-528.9791080467899,1.4705840155104475,1.4886982732354808,0.059948078852392984,0.7285596983611762,0.7310218917612664,163.26165390220166,-528.7408579865285,1.0706860519844725,165.33955556880917,-524.5721239031359,1.3403244370063592,-0.1302595785040883,0.2689781082387336,46.65642152599119,110.62814460018907,TRACK
6.0,164.30854674231114,-528.9441714233882,1.4653297493918571,1.486944005989363,0.06121402200626309,0.7283100162386593,0.7308779899844703,163.2693841966733,-528.706989353516,1.0658865467419198,165.33955556880917,-524.5721239031359,1.3392090306534357,-0.12612071873842146,0.2691220100155297,-52.21036505693377,209.7668531386559,TRACK
6.048,164.31146094068905,-528.9063063222147,1.4603432755884052,1.4894071798796165,0.05940391107845465,0.7282627684533642,0.7306815206139918,163.27774302069514,-528.6703669526162,1.0603019024047289,165.33955556880917,-524.5721239031359,1.337894725721493,-0.12244854986691212,0.26931847938600817,-52.21036505693377,209.7668531386559,TRACK
6.096,164.3138388667932,-528.871342605207,1.454263055621111,1.4941235470373029,0.05595158671038938,0.7283145693425942,0.7304606026146097,163.28544585918658,-528.6366186121126,1.0548400499736337,165.33955556880917,-524.5721239031359,1.3365924371297386,-0.11767061849137228,0.26953939738539034,21.50154755415619,136.65376307645155,TRACK
6.148,164.31647331399776,-528.8334984505277,1.4483231527788698,1.4966316174919396,0.054100387546363635,0.7281247419526252,0.7301318317785109,163.29378628699914,-528.6000768102721,1.048987329442506,165.33955556880917,-524.5721239031359,1.3351731632167394,-0.1131499895621304,0.26986816822148907,21.50154755415619,136.65376307645155,TRACK
6.196,164.31878377014297,-528.7985754055067,1.441913696340754,1.499465011013897,0.05201232796395987,0.7279282855477672,0.7297841264105038,163.30147696122054,-528.5663817649177,1.0434687490336771,165.33955556880917,-524.5721239031359,1.3338147980335155,-0.1080988983072384,0.27021587358949617,29.87487968110039,128.8300330590981,TRACK
6.248,164.32106848804122,-528.7607363795606,1.4359571075527358,1.5033209050928658,0.0491859221070948,0.7278391371658511,0.7294991874730608,163.32392578534876,-528.4801839238562,1.0358587017226824,165.33955556880917,-524.5721239031359,1.3322691895232273,-0.1036879180295085,0.27050081252693925,29.87487968110039,128.8300330590981,TRACK
6.296,164.32294055081152,-528.7257893039637,1.4285140466446231,1.5082044929736589,0.045621307069739644,0.7279178653856402,0.7293460923363739,163.33317442742373,-528.4473122958688,1.0281957124222982,165.33955556880917,-524.5721239031359,1.3307636820196738,-0.09775036462494935,0.27065390766362607,36.628940445490684,122.60752250681267,TRACK
6.348,164.3247820670127,-528.6879062166987,1.42221883396524,1.5131114601923827,0.042048670180209524,0.7281289306301935,0.7293420530070874,163.34318629868923,-528.4117279900831,1.0197081274791677,165.33955556880917,-524.5721239031359,1.3290610795621378,-0.09315775440310214,0.27065794699291257,36.628940445490684,122.60752250681267,TRACK
6.396,164.32640234107146,-528.6529162981531,1.417397487341553,1.5171067156735567,0.03914613396220028,0.7284186276383082,0.7294697505000896,163.3524276408251,-528.3788823076217,1.0117911566556195,165.33955556880917,-524.5721239031359,1.3274431213594302,-0.0899543659821227,0.27053024949991045,45.08486536020142,114.1384849450316,TRACK
6.444,164.32823371463155,-528.6150016148384,1.411694447902004,1.5190061968826982,0.037771539883756,0.7286670918133406,0.7296454069730731,163.36244700572792,-528.3432713678658,1.0032852506713803,165.33955556880917,-524.5721239031359,1.3256774245681073,-0.0860170233338966,0.2703545930269269,45.08486536020142,114.1384849450316,TRACK
6.496,164.33009196464812,-528.5800033703246,1.4056005222568742,1.518566543427383,0.038101240628581654,0.728829142592322,0.7298243786208407,163.37170797521173,-528.3103559256627,0.9955951062659191,165.33955556880917,-524.5721239031359,1.3240586735189874,-0.08154184873788672,0.2701756213791593,45.176297189305735,113.78794691795954,TRACK
6.548,164.33234095194314,-528.5420941920434,1.3988266393558495,1.5161062453379122,0.03990322089428218,0.7288968734239321,0.7299883006767448,163.38175653872688,-528.2746412078696,0.9874926963745725,165.66948128170066,-524.1982726222919,1.27217545696534,-0.12665118239050943,0.2700116993232552,45.176297189305735,113.78794691795954,TRACK
6.596,164.33462313002852,-528.5071048708412,1.3934830170135277,1.5124496892409218,0.042577975453848366,0.7289134348245444,0.7301559281834695,163.39104627880286,-528.2416235089033,0.9802130522010579,165.66948128170066,-524.1982726222919,1.2703769605336965,-0.1231060564798312,0.2698440718165305,-46.81329129531467,205.7098240225115,TRACK
6.648,164.33679440426997,-528.4691113197657,1.3873676428771295,1.5128914316001558,0.04229002990090075,0.7295195571825028,0.7307442992872227,163.4011111391838,-528.205850868606,0.9720129822729288,165.66948128170066,-524.1982726222919,1.2683275218306107,-0.11904012104651884,0.26925570071277727,-46.81329129531467,205.7098240225115,TRACK
6.696,164.33856246917773,-528.4339655050953,1.381239662759142,1.5155713453018471,0.04038065938803649,0.7304592774735263,0.7315745715234768,163.410403967316,-528.1728221940356,0.9641960555247382,165.66948128170066,-524.1982726222919,1.2663496790508864,-0.11488998370825554,0.2684254284765232,21.76504900364388,136.6466866020615,TRACK
6.748,164.34059070868813,-528.3958864102218,1.3760363686423862,1.516276434134277,0.039899040691419384,0.7311001304680511,0.7321880456675709,163.42048063822114,-528.1370075766398,0.9558351281740733,165.66948128170066,-524.1982726222919,1.2641966120469064,-0.11183975659547984,0.2678119543324291,21.76504900364388,136.6466866020615,TRACK
6.796,164.34239494160693,-528.3607072048397,1.3691249197555158,1.5174253946265843,0.03909024148234369,0.7317301240484536,0.7327735130441829,163.42978482498813,-528.1039385310814,0.948043974074286,165.66948128170066,-524.1982726222919,1.2621600086846922,-0.10696491107082351,0.2672264869558171,25.390891281565686,132.01757537379075,TRACK
6.848,164.3441831636593,-528.3225535393944,1.3612651592688134,1.5197166437155556,0.03744476693139046,0.7324280980517336,0.7333846394534221,163.4540079280387,-528.0234705663418,0.939075382960406,165.66948128170066,-524.1982726222919,1.2598779547100314,-0.10138720455878203,0.26661536054657786,25.390891281565686,132.01757537379075,TRACK
6.896,164.34565677479583,-528.2872928900433,1.3559390061549448,1.5229811988173372,0.03508417970928534,0.7331871652522848,0.7340261023673168,163.46480266973157,-527.9913416503027,0.9292422131568001,165.66948128170066,-524.1982726222919,1.2576944964137136,-0.09824450974123122,0.2659738976326832,36.46911051630578,120.54529839937149,TRACK
6.944,164.34715575954098,-528.2490673012842,1.3497030659099134,1.5260029510244695,0.03289403721111411,0.7338592740619958,0.7345961147534376,163.47649510691005,-527.9565408794192,0.9184888020704696,165.66948128170066,-524.1982726222919,1.2552660943355207,-0.09443697157439268,0.26540388524656244,36.46911051630578,120.54529839937149,TRACK
6.996,164.34853713062202,-528.2137738243557,1.3431014748643741,1.5279909648732277,0.03145362165312768,0.7343567974104124,0.7350300920492817,163.48729040306654,-527.9244103131032,0.9085577402506793,165.66948128170066,-524.1982726222919,1.2529858271671366,-0.09011564769723757,0.2649699079507183,36.114181405942986,120.36454776816083,TRACK
7.048,164.35014512641376,-528.1755524854192,1.3370628075166389,1.5282569510401003,0.03126790267281059,0.7345909303895233,0.7352560892288494,163.49899261461306,-527.8895804502915,0.8979090172281956,165.66948128170066,-524.1982726222919,1.2505000874002865,-0.08656272011635235,0.26474391077115056,36.114181405942986,120.36454776816083,TRACK
7.096,164.35181930525212,-528.1402999383614,1.3306572705068245,1.526536362478092,0.03253169076701308,0.7345339270495042,0.7352539703333311,163.50980525453912,-527.8573982628684,0.888268551506172,165.66948128170066,-524.1982726222919,1.248212021314873,-0.0824452491919514,0.26474602966666894,42.5834935405363,113.9497930354928,TRACK
7.148,164.3539089875106,-528.1021519726783,1.3248019400068758,1.5228758328832266,0.035210768046060104,0.734212206218777,0.7350560264000544,163.52153417380154,-527.8224889085797,0.8780998006594808,165.66948128170066,-524.1982726222919,1.2457574722443052,-0.07904446776257057,0.2649439735999456,42.5834935405363,113.9497930354928,TRACK
7.196,164.35607459126982,-528.0669685385253,1.3185437788093706,1.5181349041860632,0.038677859974174916,0.7337838080740672,0.7348024590622035,163.53237579546,-527.7902204614134,0.868947181596033,166.01763181913816,-523.8413315074039,1.1961581971013762,-0.1223855817079944,0.26519754093779646,47.447900253208346,109.76976941481435,TRACK
7.248,164.3586224744379,-528.0288645631114,1.3129262862408273,1.5131996474101372,0.04228982261459768,0.7334285405343153,0.7346467540029493,163.54413791099805,-527.755212303431,0.8592267822350501,166.01763181913816,-523.8413315074039,1.193588933035376,-0.11933735320545136,0.2653532459970507,47.447900253208346,109.76976941481435,TRACK
7.296,164.36107299204835,-527.993673452963,1.3069402723463435,1.5090246642379723,0.04535674227562251,0.7333303961793098,0.7347317224881207,163.55501074993578,-527.7228509427541,0.8503417961004727,166.01763181913816,-523.8413315074039,1.1911991877547163,-0.11574108459162713,0.2652682775118793,-44.06066790976399,201.7482426207295,TRACK
7.348,164.36330571220176,-527.9553782144793,1.3013454808792346,1.5102650767316497,0.04450980658868119,0.7344211703874084,0.7357686989779958,163.56679864005102,-527.6877660706408,0.8402617303650062,166.01763181913816,-523.8413315074039,1.1884667041280323,-0.11287877675120228,0.2642313010220042,-44.06066790976399,201.7482426207295,TRACK
7.396,164.36506701113032,-527.9198828143998,1.2947770973542103,1.5141137017605788,0.04177417897003535,0.7361943863316924,0.7373786384856275,163.57769343475698,-527.6553393619405,0.8306265027134803,166.01763181913816,-523.8413315074039,1.1858287617094818,-0.1089483356447285,0.26262136151437254,21.370513852709266,135.06156827054417,TRACK
7.448,164.36710148271345,-527.8813967496702,1.2883782507586423,1.5154724262272101,0.04084677506312866,0.7375671714107724,0.7386973611540423,163.58951882664147,-527.6201428714828,0.8202977361250741,166.01763181913816,-523.8413315074039,1.182949187217808,-0.10542906354083437,0.2613026388459577,21.370513852709266,135.06156827054417,TRACK
7.496,164.36902908678562,-527.8458236817797,1.2814930361694032,1.515890088422867,0.04060585015056984,0.7388056147850997,0.7399206521678116,163.61483744281952,-527.549825273643,0.8101975644543423,166.01763181913816,-523.8413315074039,1.1802545806801084,-0.10123845548929489,0.26007934783218845,26.352156266714445,127.68888261209798,TRACK
7.548,164.37117214545407,-527.8072423683941,1.2734952401982005,1.515685371028359,0.040818235943218206,0.7399055666290106,0.7410306173931773,163.62824446434573,-527.5156647399118,0.7980971449569103,166.01763181913816,-523.8413315074039,1.1772956767155873,-0.09619956348261316,0.2589693826068227,26.352156266714445,127.68888261209798,TRACK
7.596,164.3732037299874,-527.7715942588987,1.2671813617330265,1.5150476857440078,0.041345490585372874,0.7408727500458212,0.7420255260785865,163.64063906430582,-527.4840838142607,0.7869645768274296,166.01763181913816,-523.8413315074039,1.1745278608956349,-0.09265350083739166,0.2579744739214135,34.418144581758526,118.77572978259425,TRACK
7.648,164.37551012448853,-527.7329550768758,1.2604653045856926,1.5136899773455286,0.042398378022638274,0.7416387049920293,0.7428496423915171,163.65408756726416,-527.4498175875642,0.7749950605815576,166.01763181913816,-523.8413315074039,1.1715007378861584,-0.08896456669953423,0.2571503576084829,34.418144581758526,118.77572978259425,TRACK
7.696,164.37775075674045,-527.6972764133926,1.2552591960595483,1.5117226126487548,0.04389688921834155,0.7422220794762511,0.7435190328062206,163.6665204606676,-527.4181390918106,0.764045926860302,166.01763181913816,-523.8413315074039,1.168683091399592,-0.08657610465995624,0.25648096719377944,36.23975075313014,116.34789700675414,TRACK
7.748,164.38032269575686,-527.6586227240804,1.2491954818317674,1.5091410963897627,0.045844105986959385,0.7426134143381022,0.7440271266618157,163.68000934066293,-527.3837699861017,0.7523182989249201,166.01763181913816,-523.8413315074039,1.1656108527978946,-0.08358462903387287,0.2559728733381843,36.23975075313014,116.34789700675414,TRACK
7.796,164.38284105429238,-527.6229470078426,1.2427741550802471,1.506051880650679,0.048161699879727196,0.7428341502199061,0.7443937963660329,163.69247830100417,-527.3519995932895,0.7416287700599957,166.01763181913816,-523.8413315074039,1.162759157696183,-0.08001499738406403,0.25560620363396713,37.17893003234644,115.21949343394576,TRACK
7.848,164.38573229943773,-527.5843068363873,1.2369017298573604,1.5025701412463377,0.05076540878475101,0.7429202747460096,0.7446527119119148,163.70600520284734,-527.3175336094922,0.7302033144455332,166.38314162403026,-523.5021879703237,1.1157396547429195,-0.12116207511444088,0.25534728808808516,37.17893003234644,115.21949343394576,TRACK
7.896,164.3885473043204,-527.5486453669233,1.2306794667182017,1.4988766328443637,0.05352359297961074,0.7429297267599275,0.7448552570191256,163.71850891264856,-527.2856746764999,0.7197951308087549,166.38314162403026,-523.5021879703237,1.1128258518896441,-0.1178536148285576,0.2551447429808744,-46.21713672890948,198.6843381302634,TRACK
7.948,164.39134048706126,-527.509866906503,1.2247722429447068,1.49888177038051,0.053590603884743446,0.7439131906075356,0.7458409937678506,163.73206975589602,-527.2511222114148,0.7082278688440967,166.38314162403026,-523.5021879703237,1.1095546569585029,-0.11521758598620391,0.2541590062321494,-46.21713672890948,198.6843381302634,TRACK
8.0,164.39380200077218,-527.4739694547832,1.2178044153530516,1.5000935965572137,0.052782430000589034,0.7452958260187866,0.7471625346588201,163.74460653814245,-527.2191790112064,0.6974044155560583,166.38314162403026,-523.5021879703237,1.1064542822165881,-0.11135013313646347,0.2528374653411799,14.796817945082246,136.86396298810214,TRACK
8.048,164.396739460071,-527.435111060857,1.211121270439759,1.4984286538702354,0.05407994016542535,0.7459891691074401,0.7479468432675579,163.7582138228642,-527.1845082151747,0.685942253862831,166.38314162403026,-523.5021879703237,1.1031008072905584,-0.10802046314920055,0.2520531567324421,14.796817945082246,136.86396298810214,TRACK
8.096,164.39958595594402,-527.3992250560277,1.2038309705841406,1.496048993450668,0.05590766018170101,0.7465617451335411,0.7486521927863639,163.770798097313,-527.1524440068083,0.6754813523818596,166.38314162403026,-523.5021879703237,1.0999820473518414,-0.10384892323229922,0.25134780721363614,20.390146079742323,129.77824675371792,TRACK
8.148,164.40275213523987,-527.3603050909871,1.1971518935144572,1.4937958157854214,0.05765080130168433,0.7472264374945345,0.749447105392702,163.79797665962417,-527.0874200044246,0.663490502098118,166.38314162403026,-523.5021879703237,1.0965617316272953,-0.10059016188716186,0.250552894607298,20.390146079742323,129.77824675371792,TRACK
8.196,164.40569556638147,-527.3243145484159,1.1900004565697968,1.492181359084588,0.05893553958694679,0.7481282239531037,0.7504460255752108,163.81196707799705,-527.0564140523145,0.6513710108153747,166.38314162403026,-523.5021879703237,1.0933510393355266,-0.09664941723427023,0.24955397442478922,25.371033728157364,124.4094288633033,TRACK
8.248,164.40890895329235,-527.2852468027013,1.1834083465152472,1.4909696295664359,0.05993666647786379,0.7492393263411707,0.7516328705722296,163.82715677583724,-527.0227502238823,0.6382319718295464,166.38314162403026,-523.5021879703237,1.0898128828391127,-0.09359546367613447,0.2483671294277704,25.371033728157364,124.4094288633033,TRACK
8.296,164.4119184606993,-527.2491200921291,1.1763818238150578,1.489816074710111,0.060903158052908614,0.7504294933770074,0.7528968184226106,163.84120941958207,-526.9916063661819,0.6261167053067312,166.38314162403026,-523.5021879703237,1.086495300037951,-0.08988652377710693,0.24710318157738942,28.6680544492338,119.69171975034052,TRACK
8.348,164.41529642685165,-527.2099450877333,1.1699282283823667,1.4880490155773638,0.0623233633752535,0.7514570848976608,0.7540371025787087,163.85646716743787,-526.9577917234232,0.6130835671504318,166.38314162403026,-523.5021879703237,1.082862270838623,-0.08706595754374358,0.2459628974212913,28.6680544492338,119.69171975034052,TRACK
8.396,164.4185884206151,-527.1737817234279,1.1629864235658463,1.4852312312527693,0.06451430738566738,0.7521383032442722,0.7549000748871503,163.87058133689038,-526.926511510748,0.6012107133869089,166.38314162403026,-523.5021879703237,1.0794892686529984,-0.08349715491284782,0.24509992511284973,31.679551873167398,115.3747294618489,TRACK
8.448,164.42241456763676,-527.1346419386148,1.1567044357185108,1.4810678927943473,0.06768721244653715,0.7523307564275441,0.7553695293004764,163.88590169422335,-526.8925581111343,0.5886005800760753,166.38314162403026,-523.5021879703237,1.0758331858008918,-0.08087124991761896,0.2446304706995236,31.679551873167398,115.3747294618489,TRACK
8.496,164.42621115126823,-527.0985661496014,1.149961225273037,1.4757726436384844,0.07168011040304924,0.7520676199002672,0.7554758388789452,163.9000683874712,-526.8611614937714,0.5772236815184699,166.7651019814115,-523.1816851753206,1.0324890976852223,-0.11747212758781456,0.2445241611210548,35.27113032844066,111.72078030611048,TRACK
8.548,164.4306145555976,-527.059548283384,1.1438742062484033,1.4696997109526484,0.07623037013271738,0.7514642063220441,0.7553208078120123,163.9154406858298,-526.8270929810203,0.5651898651678967,166.7651019814115,-523.1816851753206,1.0289049171598321,-0.11496928908857118,0.24467919218798773,35.27113032844066,111.72078030611048,TRACK
8.596,164.43490806773693,-527.0235768873819,1.1374384802048245,1.4635078112758304,0.080856599935526,0.7507431632911812,0.755084821050975,163.9296523020948,-526.7955968040244,0.5543088553525736,166.7651019814115,-523.1816851753206,1.0255946400996243,-0.11184384010520021,0.24491517894902504,-41.76095344375041,189.60746258373302,TRACK
8.648,164.4393800588785,-526.9844545597349,1.1313602112542784,1.4612196713072367,0.08265673033405181,0.7513064153015312,0.7558395760627734,163.9450753640065,-526.7614157876831,0.5422945926439722,166.7651019814115,-523.1816851753206,1.021900966559691,-0.10945924469458745,0.2441604239372266,-41.76095344375041,189.60746258373302,TRACK
8.696,164.44342400493912,-526.9482280717482,1.123152458877029,1.4606605405621635,0.08321398140915025,0.7525006448490874,0.7570877011286439,163.9593403959896,-526.7298012292953,0.5310811858440538,166.7651019814115,-523.1816851753206,1.0184088653476735,-0.10474359352935547,0.24291229887135612,13.965870126115455,133.43505932770776,TRACK
8.748,164.44804994544208,-526.9090168662318,1.1175964232037305,1.4581019883442958,0.08522522591665,0.7530469947429237,0.7578542837669343,163.97482281900386,-526.6954886552369,0.5191706945578355,166.7651019814115,-523.1816851753206,1.0146180862233902,-0.10297833698034031,0.2421457162330657,13.965870126115455,133.43505932770776,TRACK
8.792,164.45243696635688,-526.8728003015152,1.1102408158184636,1.4553489059775109,0.08738509101627823,0.7535596643080839,0.7586094659335825,164.0005743399632,-526.6411438496767,0.5077839548565805,166.7651019814115,-523.1816851753206,1.0110837972825797,-0.09915701853588388,0.24139053406641753,18.578654078686938,127.0817571632186,TRACK
8.848,164.45728109189338,-526.8335274275202,1.103506151285535,1.4527964516185234,0.08940500027159498,0.7541504336900824,0.7594314522776254,164.01752610841186,-526.6080782020229,0.49417790194844324,166.7651019814115,-523.1816851753206,1.0072071956423763,-0.09629895564315882,0.24056854772237457,18.578654078686938,127.0817571632186,TRACK
8.896,164.4618193428059,-526.7972330871023,1.0951853675189125,1.450553362449654,0.09120466308041437,0.7548440141119666,0.7603339899072503,164.03320502343036,-526.5774953468378,0.481658498596571,166.7651019814115,-523.1816851753206,1.0035791564080927,-0.09160621111081979,0.23966601009274968,22.937383908138443,122.20238630649455,TRACK
8.948,164.46684530185925,-526.7578854504382,1.0895804730299337,1.4481678460060123,0.0931116015536064,0.7554884713354006,0.7612047035223692,164.05022498788122,-526.5442966779605,0.46818014668253405,166.7651019814115,-523.1816851753206,0.9996031409756428,-0.08997733205429082,0.23879529647763076,22.937383908138443,122.20238630649455,TRACK
8.996,164.47162910624672,-526.721560227099,1.0824975900371214,1.4452535162012945,0.09540444800182707,0.755938926549607,0.76193547585836,164.06596754700237,-526.5135896803604,0.455865165327755,166.7651019814115,-523.1816851753206,0.9959012189273715,-0.08659637110974994,0.23806452414164003,26.11483143512106,118.07433089712592,TRACK
9.048,164.47702068049918,-526.6822348316117,1.075995409332426,1.4415008072296576,0.09830233328503052,0.7560504641906832,0.7624143579001046,164.08305457704492,-526.4802601952067,0.44272231073423957,166.7651019814115,-523.1816851753206,0.9918700836408053,-0.08412532569162068,0.2375856420998954,26.11483143512106,118.07433089712592,TRACK
9.096,164.48224385906752,-526.6459931442595,1.0690755102028373,1.4366552236641608,0.10198219369610564,0.7556951053339591,0.7625453822932597,164.09885466928625,-526.449440975104,0.4308364260840141,166.7651019814115,-523.1816851753206,0.9881445309504244,-0.08093097925241288,0.23745461770674026,29.182335457111158,114.75078929366231,TRACK
9.148,164.48819888578362,-526.60681614521,1.062738195508853,1.4308101443305339,0.10637033649156577,0.7548931582230527,0.7623505288365082,164.1159987253016,-526.4160002566753,0.4182626719899141,167.16256327765092,-522.8806199428423,0.9482766815463732,-0.11446151396247983,0.23764947116349178,29.182335457111158,114.75078929366231,TRACK
9.196,164.493962046287,-526.5707319065494,1.0559340699951694,1.4243794834058985,0.11116376405675013,0.7537947930783667,0.7619474867150114,164.13184728370328,-526.3850864998293,0.4069291318121098,167.16256327765092,-522.8806199428423,0.9446846005008249,-0.11124946949434444,0.23805251328498855,-39.81767916609684,184.55548084038585,TRACK
9.248,164.50013626257183,-526.5315229088357,1.0479926269381201,1.4209560242115997,0.11381367163086098,0.7538733308821814,0.7624162582641404,164.14904994970698,-526.3515314583888,0.39453583020431976,167.16256327765092,-522.8806199428423,0.9407069353393478,-0.10728569159877233,0.2375837417358596,-39.81767916609684,184.55548084038585,TRACK
9.296,164.50586000970372,-526.4952655589792,1.0422761920678678,1.4185951997425243,0.11571454273013174,0.7543941744433043,0.7632171550962662,164.16496058285554,-526.3204966202695,0.38308824200584685,167.16256327765092,-522.8806199428423,0.9369755413952143,-0.10530065067265348,0.2367828449037338,14.534459132260196,130.22561788981028,TRACK
9.348,164.51239134139655,-526.4560953991181,1.0353284895400607,1.4140359811203003,0.11917533916861267,0.7540015201455585,0.7633616795777524,164.1822218076691,-526.2868273556446,0.37103044557441744,167.16256327765092,-522.8806199428423,0.9329457179911204,-0.10238277154894038,0.23663832042224764,14.534459132260196,130.22561788981028,TRACK
9.396,164.51858584533645,-526.419960678354,1.0278741779817078,1.4094782616730432,0.1226322283546656,0.7535833269998945,0.7634962306150966,164.19818063495742,-526.2556985113778,0.3600577152870604,167.16256327765092,-522.8806199428423,0.9292016811006331,-0.09867249688107471,0.23650376938490336,14.20358001430035,129.71393894281104,TRACK
9.448,164.52539214914646,-526.3807936736243,1.019233564468971,1.4057160015460206,0.12552260869021056,0.753453232845454,0.7638374823073699,164.22396077425628,-526.2067621881894,0.3480629708700423,167.16256327765092,-522.8806199428423,0.9250972084066763,-0.09413635606229465,0.23616251769263008,14.20358001430035,129.71393894281104,TRACK
9.5,164.53174023306352,-526.3446086444336,1.0123869626901598,1.4027068582283928,0.12787780754387237,0.7535937725319735,0.7643666055376827,164.24121637249345,-526.1768746153275,0.3354680582122517,167.16256327765092,-522.8806199428423,0.9212568734386496,-0.09113008925151023,0.23563339446231735,24.13512129535806,119.88189269029382,TRACK
9.548,164.53873527716274,-526.3054032676213,1.0050455697805585,1.3997375095475673,0.13020260249447,0.753718296074951,0.7648816820492307,164.2599415596605,-526.144441639773,0.32192325569656555,167.16256327765092,-522.8806199428423,0.9170519182238764,-0.08799365155668204,0.23511831795076932,24.13512129535806,119.88189269029382,TRACK
9.596,164.54533521781502,-526.2692306800166,0.998335553452773,1.396439751824755,0.13275625887760797,0.7536753437330639,0.765278216090286,164.2772547347167,-526.1144543409354,0.30955267816254434,167.16256327765092,-522.8806199428423,0.9131375996648495,-0.0851979537879235,0.234721783909714,24.98741103374281,118.2896480508644,TRACK
9.648,164.55270649196504,-526.2301098707272,0.9928087961850516,1.3922796417076775,0.1359059135109471,0.7532021128739028,0.7653651678545063,164.29603736058476,-526.0819218786322,0.29637598419011507,167.16256327765092,-522.8806199428423,0.9088798318419393,-0.08392896434311226,0.23463483214549374,24.98741103374281,118.2896480508644,TRACK
9.696,164.55977957183464,-526.1941069049902,0.985705481082516,1.3868692617456102,0.1399133844979419,0.7521029985336456,0.765006323872535,164.3133953720221,-526.0518569209045,0.2844999681716548,167.16256327765092,-522.8806199428423,0.9049521863556172,-0.08075329472689874,0.23499367612746502,24.8790954904459,118.53859888069104,TRACK
9.744,164.56776474193208,-526.155246037483,0.9792275657727351,1.380324286198418,0.14469003711797926,0.7504304803453001,0.7642519955305842,164.3322189137836,-526.019253590195,0.2719848945760244,167.16256327765092,-522.8806199428423,0.9007095894941919,-0.07851797627854318,0.2357480044694158,24.8790954904459,118.53859888069104,TRACK
9.796,164.5754456731368,-526.1195182786806,0.9722861378435921,1.3728914939782106,0.15005531416118828,0.7482947201586769,0.7631917095496816,164.34960971995636,-525.9891318303193,0.2607728967228319,167.5745373613412,-522.599740768493,0.8651025929992655,-0.10718354484432657,0.23680829045031837,30.96179558160558,114.00091417464088,TRACK
9.848,164.5840946875166,-526.0809622431873,0.9659598705559258,1.3649462024334922,0.15575047406870765,0.7459033454621826,0.7619908207743078,164.36846722665453,-525.956469670614,0.24898514514674971,167.5745373613412,-522.599740768493,0.8610883116803184,-0.1048715588756074,0.2380091792256922,30.96179558160558,114.00091417464088,TRACK
9.896,164.59232228358348,-526.0454690982767,0.9581846218728541,1.357288452923642,0.16123069613238533,0.7436413561899233,0.7609190522068179,164.38589310824761,-525.926287158328,0.23836387989748725,167.5745373613412,-522.599740768493,0.8573826753375628,-0.10080194653529129,0.23908094779318212,-28.803980627528546,175.7173571925873,TRACK
9.948,164.60116171511427,-526.0069218176812,0.9529337974698927,1.3531217286262898,0.16429612625097037,0.7428197316853402,0.7607722201041226,164.40479442825156,-525.8935491117511,0.2267454118604063,167.5745373613412,-522.599740768493,0.8532823396431864,-0.09965145782670626,0.2392277798958774,-28.803980627528546,175.7173571925873,TRACK
9.996,164.6093390037447,-525.9712618586805,0.9446527007212557,1.350409044618355,0.1664185449933858,0.7428533599761714,0.7612662126651903,164.42227996560547,-525.8632632726565,0.21599717204806104,167.5745373613412,-522.599740768493,0.8494324359840598,-0.09522026473719591,0.23873378733480966,16.468479619653287,130.71219769034974,TRACK
10.048,164.61849143102535,-525.9327441084313,0.937292608191361,1.3458929888665405,0.16977493017308307,0.7421087722001766,0.7612811285535251,164.44124674753184,-525.8304118427039,0.20466453145478467,167.5745373613412,-522.599740768493,0.8452652337672296,-0.09202737442413134,0.23871887144647486,16.468479619653287,130.71219769034974,TRACK
10.096,164.6271314654937,-525.8972413033977,0.9316853054047002,1.3410568882480396,0.1733539559442724,0.7412453219668973,0.761246491866687,164.45877992168127,-525.8000434942591,0.19439561827720042,167.5745373613412,-522.599740768493,0.8414003744623162,-0.09028493094238399,0.23875350813331297,24.163747102501723,121.98603846792221,TRACK
10.148,164.6366889427012,-525.8588376957529,0.9232728057633337,1.336096569856352,0.17700924487575642,0.7402952799646092,0.7611631719344838,164.4836569442809,-525.7599991519572,0.18217532840686562,167.5745373613412,-522.599740768493,0.8371916169443311,-0.08608118881900262,0.2388368280655162,24.163747102501723,121.98603846792221,TRACK
10.196,164.6456920960593,-525.8234469518316,0.9177360306272992,1.3310550256318785,0.1807040024053444,0.7392494397365602,0.7610148951473479,164.50243651562906,-525.7309226882364,0.170537094727873,167.5745373613412,-522.599740768493,0.8332865045516785,-0.08444952607562073,0.23898510485265212,26.072559911768558,120.58460881700768,TRACK
10.244,164.65566148883536,-525.7851868697752,0.9111582757553586,1.3257522392433394,0.1845592837101046,0.7380319189003701,0.760758333848108,164.52280821503183,-525.6993811281213,0.1581537785229539,167.5745373613412,-522.599740768493,0.8290395333342603,-0.08211874242109829,0.23924166615189202,26.072559911768558,120.58460881700768,TRACK
10.296,164.6650788476276,-525.7499576927946,0.9040572513843788,1.3200994630817953,0.188631775604942,0.7366001627686276,0.7603694802914185,164.5416360758145,-525.6702298977318,0.14695114568617365,167.5745373613412,-522.599740768493,0.8251085155654657,-0.07894873581891304,0.2396305197085815,26.199715733962513,120.95064093015503,TRACK
10.348,164.67555150697467,-525.7119201488185,0.8976145769467707,1.3138186804003111,0.19309970744081942,0.7348120364078963,0.759760637216518,164.56205449259645,-525.6386160049657,0.13511132365116807,167.5745373613412,-522.599740768493,0.8208495602848391,-0.07676501666193158,0.240239362783482,26.199715733962513,120.95064093015503,TRACK
10.396,164.6854805696421,-525.6769395062015,0.8897241003818697,1.3069743675773438,0.19791422511983736,0.7326950094143017,0.758954555507383,164.58091970645103,-525.6094069407087,0.1244733767249055,167.5745373613412,-522.599740768493,0.8169220595087582,-0.07280204087311148,0.241045444492617,32.022515238754934,116.10292229655853,TRACK
10.448,164.6965476409096,-525.6392091388782,0.8828354520072682,1.2994692391171774,0.20313414909004002,0.7302061515647212,0.757934368075162,164.60137309555645,-525.5777389001946,0.11329953365744998,167.5745373613412,-522.599740768493,0.8126799088660972,-0.070155543141171,0.242065631924838,32.022515238754934,116.10292229655853,TRACK
10.496,164.70704560425966,-525.6045334651113,0.8766376440935342,1.2915639142439281,0.2085848463359572,0.7274774530670578,0.756789985955105,164.62026677854962,-525.5484857570893,0.10330493776258849,167.9999999999988,-522.3397459621563,0.7811029776451657,-0.0955346664483685,0.24321001404489495,38.84908563065596,110.82788375322698,TRACK
10.548,164.71871340415447,-525.5671237765089,0.8701469015783718,1.2835016570479265,0.21411341864112665,0.7246563254716302,0.7556264593621874,164.64075084573486,-525.5167702176171,0.09280970535669182,167.9999999999988,-522.3397459621563,0.777115734714815,-0.09303116686355684,0.24437354063781258,38.84908563065596,110.82788375322698,TRACK
10.596,164.7297358345129,-525.5327189177547,0.8651673729544864,1.2755604783546186,0.21954561014690147,0.7218953733060418,0.7545417184857606,164.65967548423947,-525.4874691460055,0.08340260501796534,167.9999999999988,-522.3397459621563,0.7734401423102149,-0.09172723064427157,0.24545828151423943,-15.593612748060082,166.91258377288761,TRACK
10.648,164.74168754530575,-525.495356627174,0.8591489482497344,1.2705336435558299,0.2231488538551029,0.7207089484801024,0.7544645779598542,164.6802215206412,-525.4556576594191,0.07317158074601474,167.9999999999988,-522.3397459621563,0.7693872116412517,-0.08976173660848275,0.24553542204014578,-15.593612748060082,166.91258377288761,TRACK
10.696,164.75282079091917,-525.4608555250683,0.8522071104139884,1.2663725303584006,0.22622667093701967,0.7200313526999318,0.754734162148594,164.6992226415198,-525.4262381699303,0.06380535162336845,167.9999999999988,-522.3397459621563,0.7656042775291347,-0.08660283288485371,0.245265837851406,21.069265945650493,130.3314464110357,TRACK
10.744,164.76523638813234,-525.4236815950468,0.8457549720252345,1.260108050911459,0.23061385581304372,0.7182295236303038,0.7543450133109998,164.71981938000468,-525.3943481811646,0.05406619828741187,167.9999999999988,-522.3397459621563,0.7615325960415725,-0.084222375983662,0.2456549866890002,21.069265945650493,130.3314464110357,TRACK
10.796,164.7769355635355,-525.3894812172317,0.8378644634509663,1.2534966534177774,0.23520549359312606,0.7162269452612373,0.7538585154620391,164.74026158784505,-525.3631144243309,0.04516844319674765,167.9999999999988,-522.3397459621563,0.7577733233478616,-0.0800911401031047,0.24614148453796092,27.443163063697504,123.49511176736686,TRACK
10.848,164.78985058793887,-525.3525452220163,0.8307783229166681,1.2468295416123467,0.2398116197044618,0.7141551745238517,0.753344029142377,164.76216878857798,-525.3326433636241,0.03409348886982839,167.9999999999988,-522.3397459621563,0.7536955024874156,-0.07708282042925252,0.24665597085762303,27.443163063697504,123.49511176736686,TRACK
10.896,164.8019741264457,-525.3185428648835,0.8258391213633159,1.240350860748029,0.24427835442028725,0.7121347175334666,0.752866369520351,164.7824158473274,-525.3044814198042,0.02408838973006379,167.9999999999988,-522.3397459621563,0.7499208647353769,-0.07591825662793905,0.24713363047964898,34.79680996530807,117.13909799101613,TRACK
10.948,164.8153294797338,-525.281807950749,0.81783864704039,1.2339670841635055,0.24867273135072304,0.7101417961482851,0.7524224198906764,164.80437778793922,-525.2739342205623,0.013488334968284143,167.9999999999988,-522.3397459621563,0.7458204856237607,-0.07201816141662931,0.24757758010932363,34.79680996530807,117.13909799101613,TRACK
11.0,164.82787064858599,-525.2480000328693,0.8116779165544117,1.2275375697768367,0.253083298258455,0.7081082353691891,0.7519763486008353,164.8246749998739,-525.2457025179098,0.003935828461748597,167.9999999999988,-522.3397459621563,0.7420275745483611,-0.06965034200605058,0.2480236513991647,35.58898097290945,116.81394376626514,TRACK
11.048,164.84170651532853,-525.2115045797929,0.8053038798283534,1.2208564879127,0.25763017001970356,0.7059128256198645,0.7514560678303174,164.84668718281003,-525.21508543585,0.0061342952866229004,167.9999999999988,-522.3397459621563,0.7379160696859244,-0.067387810142429,0.24854393216968262,35.58898097290945,116.81394376626514,TRACK
11.096,164.85472317021356,-525.177953774866,0.7993255323804705,1.2138139826044658,0.2623727190495241,0.7034846225782516,0.7508195907843013,164.8670245575847,-525.1867978700889,0.015150648552677368,167.9999999999988,-522.3397459621563,0.7341237160885069,-0.06520181629196364,0.24918040921569873,38.309086538606664,114.64838363141902,TRACK
11.148,164.86912737051142,-525.141795091944,0.7939638868177055,1.2060911144652389,0.26749361554087003,0.7006407551120704,0.7499668673209097,164.88907078715397,-525.1561334320462,0.02456273324091968,168.43789342646718,-522.101281911886,0.7056417641060683,-0.0883221227116372,0.25003313267909033,38.309086538606664,114.64838363141902,TRACK
11.196,164.88270575433094,-525.1085978038411,0.7878733357787429,1.1978671399399894,0.2728798987855722,0.6974800499063692,0.7489605191053901,164.90943202068013,-525.1278126807824,0.0329166342270462,168.43789342646718,-522.101281911886,0.7021061356392931,-0.08576720013944972,0.2510394808946099,-9.854239542044084,163.89632858801366,TRACK
11.248,164.8975167312487,-525.0726238053162,0.7820048517982543,1.1916996683825283,0.27706120192620254,0.6954947148184261,0.748649322415479,164.93152932840263,-525.0970771973549,0.04189063316966474,168.43789342646718,-522.101281911886,0.6982333169700407,-0.08377153482821365,0.251350677584521,-9.854239542044084,163.89632858801366,TRACK
11.296,164.9113685503257,-525.0394901198217,0.7756294817608163,1.1857941990290317,0.2810926286886247,0.6936713546958686,0.7484604293004958,164.951953591492,-525.0686687773072,0.04998539405789617,168.43789342646718,-522.101281911886,0.6946441307248115,-0.0809853510360048,0.25153957069950417,27.12349632101433,127.55676053816754,TRACK
11.348,164.92674742022706,-525.0038553281917,0.7675659901908846,1.1779617703117364,0.28622183298364756,0.6907359396007919,0.7476891572924593,164.97408364079348,-525.0378877531165,0.05830028922549372,168.43789342646718,-522.101281911886,0.6907953358027886,-0.07677065438809594,0.2523108427075407,27.12349632101433,127.55676053816754,TRACK
11.396,164.9411844988811,-524.9710985532816,0.7613464893886648,1.170173928057673,0.2913145566251875,0.6878298444593565,0.7469766166559112,164.99452869306526,-525.0094504170769,0.06569983645128025,168.43789342646718,-522.101281911886,0.6872476221402418,-0.07409886724842296,0.2530233833440888,35.18205129360231,119.84555062218479,TRACK
11.448,164.95704100784263,-524.9357136012238,0.7562028287217816,1.1629503567036543,0.2960809644319845,0.6852573454416371,0.7464861465430509,165.0167030861833,-524.9786077143932,0.07348107604353232,168.43789342646718,-522.101281911886,0.6833952689385361,-0.07280755978324549,0.2535138534569491,35.18205129360231,119.84555062218479,TRACK
11.496,164.97183173823592,-524.9030947758192,0.7493098455554404,1.1566990238851584,0.3003017026651729,0.6832628764455864,0.7463439360993687,165.03527040768208,-524.9536854265286,0.0811411037656023,168.43789342646718,-522.101281911886,0.6798155289848546,-0.0694943165705858,0.25365606390063133,34.08855633675228,121.72424364426834,TRACK
11.548,164.98801831529894,-524.8677958017518,0.7432724207058332,1.1511495870049686,0.3041442215796421,0.6817101182207009,0.7464800016107387,165.05876974763567,-524.9242181862655,0.09049447857144899,168.43789342646718,-522.101281911886,0.6759088209497008,-0.06736359975613238,0.2535199983892613,34.08855633675228,121.72424364426834,TRACK
11.596,165.00312922821868,-524.8352629359173,0.7361114704088432,1.145831204991914,0.3078774840665234,0.6803303902197904,0.7467516220616762,165.08050255635027,-524.8969661061114,0.098964201195018,168.43789342646718,-522.101281911886,0.6722808867117237,-0.06383058369711947,0.2532483779383238,39.33262286361315,115.87698934982063,TRACK
11.648,165.01974486755336,-524.8001454542748,0.7312011620885678,1.1398905480141481,0.31195639862662317,0.6785824185442223,0.7468539973792861,165.10408021875548,-524.8674006526005,0.107868962932889,168.43789342646718,-522.101281911886,0.6683480269310502,-0.06285313515751756,0.25314600262071385,39.33262286361315,115.87698934982063,TRACK
11.696,165.03535953507415,-524.767907052466,0.7252276925228316,1.132843992437475,0.31662860977975793,0.6761502519099727,0.746614250928136,165.1258653161996,-524.8400830044535,0.11576123903292222,168.43789342646718,-522.101281911886,0.6647333944968141,-0.06049429802601747,0.25338574907186395,40.84563434960393,113.96547983253902,TRACK
11.748,165.0526060699384,-524.7332157582985,0.719509310477288,1.1246629315657057,0.32189104255856327,0.6729967590995636,0.7460150675676429,165.14948048160576,-524.8104705236668,0.12390702323927388,168.43789342646718,-522.101281911886,0.6608466735106412,-0.058662636966646864,0.2539849324323571,40.84563434960393,113.96547983253902,TRACK
11.796,165.06884283658297,-524.7014290007968,0.7130637025413282,1.1155405790859954,0.3276222677797042,0.6692263335310124,0.745117598662438,165.17128725325202,-524.7831256969299,0.13103132703948478,168.43789342646718,-522.101281911886,0.6572917229937089,-0.055771979547619366,0.254882401337562,43.69856383702106,112.18899727936275,TRACK
11.848,165.0867629881955,-524.6672344990521,0.7075106061693714,1.105953111464284,0.3335708791410422,0.6651524169995385,0.744108371980356,165.19492211171854,-524.7534885218266,0.13834071145565152,168.88712896869268,-521.8849414768838,0.6319540641809291,-0.0755565419884423,0.25589162801964405,43.69856383702106,112.18899727936275,TRACK
11.896,165.10356565378186,-524.6358430697873,0.7012296026424543,1.0966569927820509,0.3393405080089473,0.6612449094394938,0.7432340214464181,165.21675616238892,-524.7261094882755,0.14477609452329146,168.88712896869268,-521.8849414768838,0.628661295341705,-0.07256830730074926,0.25676597855358185,4.574483047557507,152.9036450873799,TRACK
11.948,165.12189632015057,-524.6018333813815,0.6957420290524889,1.089586290385722,0.3439508153798394,0.6587205554049251,0.7431116561550016,165.24046051432873,-524.6963851711129,0.15164929634691363,168.88712896869268,-521.8849414768838,0.625058533941909,-0.07068349511057992,0.25688834384499837,4.574483047557507,152.9036450873799,TRACK
12.0,165.13892655012305,-524.5704192767472,0.6899732670954254,1.0841327463039898,0.3477467902128716,0.657229540638572,0.7435579998838983,165.2623940816976,-524.6688813475689,0.15792090027483704,168.88712896869268,-521.8849414768838,0.6216949100791987,-0.06827835701622664,0.25644200011610174,36.61846126574068,120.94707216761614,TRACK
12.048,165.15759028791607,-524.536478772296,0.682380548900539,1.0784914542143658,0.3516567257067691,0.6556449044516753,0.7439977778651307,165.28619418698318,-524.6390369595085,0.16449056088291236,168.88712896869268,-521.8849414768838,0.6180410929103929,-0.06433945599014612,0.25600222213486934,36.61846126574068,120.94707216761614,TRACK
12.096,165.1750031121045,-524.5052169428851,0.6766663679206492,1.0729204549220206,0.35554538141667386,0.6541200273483379,0.7445035449377783,165.30820225516607,-524.6114397148987,0.17036809855891719,168.88712896869268,-521.8849414768838,0.6146542013997854,-0.06201216652086372,0.25549645506222174,42.06632851603239,114.05727365255805,TRACK
12.148,165.19407713843557,-524.4714431551597,0.6727765640062977,1.067233897715455,0.35948736745697396,0.6525015890051324,0.7449761680855087,165.33208058743168,-524.581497233308,0.17651303649276717,168.88712896869268,-521.8849414768838,0.6109740558788508,-0.06180250812744692,0.2550238319144913,42.06632851603239,114.05727365255805,TRACK
12.196,165.21189752309772,-524.4403827541837,0.6663345050141193,1.0611666223809981,0.3636070936751685,0.6506081233033556,0.7453194272788125,165.34902264967585,-524.5613963963985,0.18288685557242912,168.88712896869268,-521.8849414768838,0.607574326310229,-0.058760178703890276,0.2546805727211875,38.309386997731615,117.22895810834021,TRACK
12.248,165.23144597476747,-524.4068766131821,0.6608382286921723,1.0546822504678406,0.36792072789678243,0.648417383042337,0.7455271723066644,165.37420456544214,-524.53286181696,0.19040033293660838,168.88712896869268,-521.8849414768838,0.6038928845012624,-0.05694534419090991,0.25447282769333557,38.309386997731615,117.22895810834021,TRACK
12.296,165.249725865444,-524.3760965136647,0.6544779045951452,1.0477512443834582,0.37243934264923106,0.645909524625335,0.7455938424871262,165.3974786268789,-524.5064890992887,0.1970611704455073,168.88712896869268,-521.8849414768838,0.6005005316420863,-0.05397737295305893,0.25440615751287377,44.54648783586462,110.90518904829227,TRACK
12.348,165.26981383316595,-524.3429537732851,0.6491068112355836,1.0401055149906695,0.37729304777367656,0.6429173281769682,0.74544800943363,165.42271646778659,-524.4778911489611,0.20392967177010946,168.88712896869268,-521.8849414768838,0.5968434997480764,-0.05226331148750718,0.25455199056637,44.54648783586462,110.90518904829227,TRACK
12.396,165.28860764323179,-524.312535006055,0.6429418021131239,1.0321502037063457,0.38227867944956695,0.6396997743679644,0.7452199608760687,165.44603627356656,-524.4514665966476,0.20996609372391375,168.88712896869268,-521.8849414768838,0.5934807482533836,-0.04946105385974031,0.2547800391239313,47.596511780304795,108.21810327849748,TRACK
12.448,165.30922758350067,-524.2797556189308,0.6386076241127985,1.0241522125069156,0.38726920114434155,0.6364353435978877,0.7450015978073724,165.47132676035613,-524.4228089912837,0.21619530632910255,168.88712896869268,-521.8849414768838,0.589847543954133,-0.04876008015866551,0.2549984021926276,47.596511780304795,108.21810327849748,TRACK
12.496,165.32848435613093,-524.2496372128485,0.6335413460290413,1.0163765656591475,0.39213894783944614,0.6332963510224406,0.7448739642590324,165.49470024912466,-524.3963236087492,0.22168586293681777,168.88712896869268,-521.8849414768838,0.5864965010005762,-0.047044845028465176,0.2551260357409676,48.54162569522806,107.70481068803575,TRACK
12.548,165.349560693892,-524.2171233041175,0.6285223077532932,1.0091275657612344,0.39675028179507665,0.6304862446228923,0.7449320041206112,165.5200588505477,-524.3675888201226,0.22739721398835994,169.34658975633485,-521.6912625135584,0.5635704288720434,-0.06495187888124976,0.2550679958793888,48.54162569522806,107.70481068803575,TRACK
12.596,165.36920706559118,-524.1872052554622,0.622680294671222,1.0023392015185355,0.4011424768067683,0.6279684971164723,0.7451575135965479,165.54350351550772,-524.3410227851584,0.23246308286553713,169.34658975633485,-521.6912625135584,0.5604194196703508,-0.062260875000871185,0.2548424864034521,10.907381664645385,145.18638755045794,TRACK
12.648,165.39060123194446,-524.1547625727059,0.617721945282143,0.9972443309564492,0.4047418065329827,0.6265437339858806,0.7459041363020802,165.5689659346323,-524.3121703567748,0.23788900279419414,169.34658975633485,-521.6912625135584,0.5569629815295207,-0.06075896375262224,0.2540958636979198,10.907381664645385,145.18638755045794,TRACK
12.696,165.41047166006646,-524.1248115359537,0.6118063981392697,0.9929611718270592,0.4079707126360553,0.625646403409012,0.7469093147547452,165.59252506384243,-524.2854746180475,0.24280870613366648,169.34658975633485,-521.6912625135584,0.5537387399844377,-0.05806765815483206,0.2530906852452548,40.10261228667618,114.9281606017944,TRACK
12.748,165.43223466562296,-524.0925136103134,0.605633930088845,0.9876654603420766,0.41166273138214104,0.6240600463329224,0.7476076148876857,165.61807715430916,-524.2565205796808,0.24786229362724596,169.34658975633485,-521.6912625135584,0.5502486893872983,-0.05538524070154671,0.2523923851123143,40.10261228667618,114.9281606017944,TRACK
12.796,165.45253546744914,-524.0628332175282,0.6004611852800495,0.9817908119301975,0.4156074553809629,0.6220585608415754,0.7481219219382166,165.64169044146342,-524.2297634725423,0.25228022957302976,169.34658975633485,-521.6912625135584,0.547028046601752,-0.053433138678297576,0.2518780780617834,44.584755997701144,109.13779518977461,TRACK
12.848,165.47475889813006,-524.0308344794005,0.5943758108229908,0.9754757776950785,0.41972562942692415,0.619714186560756,0.7484753015447385,165.6672956862195,-524.2007492030436,0.25679063082309755,169.34658975633485,-521.6912625135584,0.543542079398459,-0.05083373142453185,0.2515246984552615,44.584755997701144,109.13779518977461,TRACK
12.892,165.49547789742888,-524.0014352669848,0.5912779106501741,0.9689667615482213,0.42389769568141045,0.6171834784621798,0.7487354021887075,165.68303668928922,-524.1843749493685,0.26200234310927567,169.34658975633485,-521.6912625135584,0.5403251062333946,-0.05095280441677952,0.2512645978112925,46.48294402904989,107.1856198472752,TRACK
12.948,165.51812888436976,-523.9697114621189,0.5863084255964777,0.962579783077266,0.4279920681411111,0.6146948706748746,0.7490173525531343,165.70993680264135,-524.1567956254324,0.26793798102250393,169.34658975633485,-521.6912625135584,0.5368342079252133,-0.049474217671264364,0.2509826474468657,46.48294402904989,107.1856198472752,TRACK
12.996,165.53922084225684,-523.9405345404252,0.5804324179315625,0.9563747872720472,0.431990370551681,0.6123000532881797,0.7493510762693855,165.7348037895254,-524.1313007631018,0.2732113485500244,169.34658975633485,-521.6912625135584,0.5336036693856349,-0.04682874854592767,0.25064892373061454,42.984268511607425,110.55098796421417,TRACK
13.048,165.56225399233367,-523.9090201294512,0.5749791047915774,0.9505134140934887,0.43582455868339276,0.6101112623473955,0.7497858350187115,165.76178555624557,-524.1036377241024,0.27872720201835155,169.34658975633485,-521.6912625135584,0.5300886962768002,-0.044890408514777214,0.25021416498128846,42.984268511607425,110.55098796421417,TRACK
13.096,165.58367958481753,-523.8800096008126,0.5702026903706816,0.9449595484654992,0.43951424167238984,0.6081074251818053,0.7503115414240279,165.78673203088877,-524.0780613669979,0.2836455498410095,169.34658975633485,-521.6912625135584,0.5268275748669209,-0.04337511550376072,0.2496884585759721,50.03969081340456,102.95784599507648,TRACK
13.148,165.60709358027,-523.848711059776,0.5650629088865218,0.9391994418594299,0.4432784572479248,0.6059330833458046,0.7507667361791238,165.8137915715069,-524.0503185903597,0.28873804039203155,169.34658975633485,-521.6912625135584,0.523287733148167,-0.041775175738354764,0.24923326382087618,50.03969081340456,102.95784599507648,TRACK
13.196,165.62889452640707,-523.8199443499085,0.560633912197662,0.933274354748858,0.4470962294605668,0.6036137636249631,0.7511621755888329,165.8387991725697,-524.0246795634326,0.29321744173469816,169.34658975633485,-521.6912625135584,0.5200144740656936,-0.040619438131968444,0.24883782441116709,49.81264311567081,102.53736269521686,TRACK
13.248,165.65271851140994,-523.7889250209024,0.5543131344797765,0.9271710632954682,0.4509662943610406,0.601132891589486,0.7514860956800634,165.86591903467826,-523.9968749422251,0.29782147823819743,169.81513349748198,-521.5207265383291,0.4989374903055139,-0.055375644174262606,0.24851390431993658,49.81264311567081,102.53736269521686,TRACK
13.292,165.67490526311158,-523.760438059885,0.5518392344393526,0.9208394551196056,0.4549064891591287,0.5984538036183215,0.7517226010599395,165.89097489837397,-523.9711864340646,0.3018293632199688,169.81513349748198,-521.5207265383291,0.4958787809350945,-0.055960453504258045,0.2482773989400605,17.902650774212105,134.1839761965897,TRACK
13.344,165.69907539985192,-523.7296125464736,0.5473521292698256,0.9155786667412706,0.4583728306287866,0.59647438954403,0.7522548432815634,165.91816664377347,-523.9433081145593,0.30605027198573825,169.81513349748198,-521.5207265383291,0.49253659627969465,-0.05481553299013092,0.24774515671843655,17.902650774212105,134.1839761965897,TRACK
13.396,165.72151915514718,-523.7012043532213,0.5416771746311133,0.910872283557633,0.4615947222699568,0.5948514290015635,0.7529395129840648,165.94330843398598,-523.9175315102926,0.3098191780609899,169.81513349748198,-521.5207265383291,0.48942785827157276,-0.052249316359540554,0.2470604870159352,36.65129682248862,114.98718987118927,TRACK
13.448,165.7460177638064,-523.6705484643091,0.5364261448964218,0.905860760506973,0.4649310508356693,0.5929911426829909,0.753524636180954,165.97057553494042,-523.889575932553,0.31368650659855796,169.81513349748198,-521.5207265383291,0.4860512201751463,-0.05037492472127553,0.246475363819046,36.65129682248862,114.98718987118927,TRACK
13.496,165.76878380086936,-523.64233295512,0.5311459039865193,0.9009617245811495,0.46820753662720094,0.5911823305817214,0.7541318487814631,165.99577813659636,-523.8637369813931,0.3170901627330985,169.81513349748198,-521.5207265383291,0.4829184993111298,-0.048227404675389496,0.2458681512185369,44.25148823039296,106.4341889951599,TRACK
13.548,165.79361529032846,-523.6118684187475,0.526423932209308,0.8960395532566496,0.4714699240131848,0.5893182789238325,0.7547051895427421,166.01763181913816,-523.8413315074039,0.320681640004053,169.81513349748198,-521.5207265383291,0.47950997742589546,-0.04691395478341259,0.24529481045725787,44.25148823039296,106.4341889951599,TRACK
13.592,165.81667598839744,-523.5838189815742,0.5212872962187247,0.8913626690706186,0.47460637402817396,0.587584027355865,0.7553186079211268,166.0380414140384,-523.8223941708067,0.32545471664507625,169.81513349748198,-521.5207265383291,0.47634347580221537,-0.04494382041650935,0.24468139207887318,44.91839334669878,105.16274640251554,TRACK
13.648,165.84180534546533,-523.553506933574,0.5174558964607097,0.886891302232948,0.4776340464599272,0.5859530177823591,0.7559598014351937,166.0666586968581,-523.7958412127541,0.3305827165752986,169.81513349748198,-521.5207265383291,0.4728896148605187,-0.04456628160019094,0.2440401985648063,44.91839334669878,105.16274640251554,TRACK
13.696,165.8651449815879,-523.5256126715029,0.5132364838342562,0.8823948850438765,0.48064697692593283,0.5842651224934351,0.7565627864165055,166.09310873354366,-523.7712991652429,0.3351556733996868,169.81513349748198,-521.5207265383291,0.4696833334204942,-0.043553150413762065,0.24343721358349446,44.578313547704354,104.77476847602823,TRACK
13.748,165.89058762152868,-523.4954986731314,0.5087471190234072,0.8777997816663008,0.48366907306487406,0.5824627032755638,0.7570987867818254,166.1217956157082,-523.7446816284358,0.339925406209657,169.81513349748198,-521.5207265383291,0.4661922635259915,-0.04255485549741567,0.2429012132181746,44.578313547704354,104.77476847602823,TRACK
13.792,165.91423282616879,-523.4678280964611,0.503205253031112,0.872853258860331,0.48679784799292714,0.5803653786833065,0.757493311907612,166.14829832426895,-523.7200907085667,0.34412655065719194,169.81513349748198,-521.5207265383291,0.46296060308191195,-0.04024464994920002,0.24250668809238796,45.11905290201222,103.66574313416288,TRACK
13.848,165.94002924835925,-523.4380107383399,0.49880092777732465,0.8675020930873081,0.4900483659389331,0.5779312527287189,0.7577281397968567,166.1770274112566,-523.6934340114065,0.34843819773488716,169.81513349748198,-521.5207265383291,0.4594546281720437,-0.039346299605280965,0.24227186020314329,45.11905290201222,103.66574313416288,TRACK
13.896,165.96400402278817,-523.4106329494492,0.4933327197522072,0.861923548238013,0.493347501404528,0.5752850249350462,0.757855274479638,166.20356123455957,-523.6688142212756,0.3522005491670689,170.29159531856877,-521.3737575305003,0.4399110390616965,-0.05342168069051073,0.24214472552036204,48.77407501072352,99.92261278806401,TRACK
13.944,165.99015848266066,-523.3811465117268,0.4890197711580866,0.8560733955298231,0.49671550967006706,0.5724016739548781,0.7578720036346118,166.23231772094385,-523.6421321011906,0.3560260869566181,170.29159531856877,-521.3737575305003,0.4366370469798497,-0.05238272417823692,0.24212799636538818,48.77407501072352,99.92261278806401,TRACK
13.996,166.0144539980427,-523.354063794731,0.4844864626933214,0.8503049998636741,0.500019880946327,0.5695392328315544,0.757888394868225,166.2588767758171,-523.6174888995838,0.35935397613168213,170.29159531856877,-521.3737575305003,0.4336100259044274,-0.05087643678889403,0.242111605131775,18.104612086837207,130.75893981006897,TRACK
14.048,166.04086819906485,-523.3247358556563,0.4809335901520271,0.8458617636853211,0.5028008141102525,0.5676000912665992,0.7582733822809451,166.28769381028977,-523.590750599083,0.3628866573421044,170.29159531856877,-521.3737575305003,0.43029258709003154,-0.05064100306199554,0.2417266177190549,18.104612086837207,130.75893981006897,TRACK
14.096,166.0653414111773,-523.2976802927903,0.47695027174738946,0.8422194979100095,0.5052710341582058,0.5662202052207645,0.7588834816752487,166.31433481407413,-523.5660313599986,0.3660737766598196,170.29159531856877,-521.3737575305003,0.4271956939834858,-0.049754577763903685,0.24111651832475134,38.55527095103111,109.95685829711039,TRACK
14.148,166.091989676798,-523.2684620465058,0.47246975218311893,0.8384162458429437,0.5077894984960583,0.5647044064628259,0.7594348171248214,166.34322293364735,-523.5392271021633,0.3693668430061969,170.29159531856877,-521.3737575305003,0.42382022869009156,-0.04864952349302737,0.24056518287517858,38.55527095103111,109.95685829711039,TRACK
14.192,166.11671328551031,-523.2415789317052,0.4668206094025851,0.8344923724452117,0.5103394875497803,0.5630805762879032,0.7599382395598273,166.3699125088795,-523.5144627953615,0.37225723600587257,170.29159531856877,-521.3737575305003,0.4206855062625009,-0.04613510314008418,0.2400617604401727,39.61127132960039,107.87642121442187,TRACK
14.248,166.14363055061446,-523.2125558641164,0.4620562426235273,0.8304740799627175,0.5128945666467954,0.5613499448964279,0.7603779304602591,166.38520672846465,-523.5004551419545,0.3758258158833405,170.29159531856877,-521.3737575305003,0.41726937233262046,-0.04478687029090683,0.23962206953974086,39.61127132960039,107.87642121442187,TRACK
14.296,166.16859586155633,-523.1858568600527,0.456711335322747,0.8264341051512211,0.5154201939381893,0.5595577021474766,0.7607646142873923,166.4130036674104,-523.4771307407372,0.38023104703770527,170.29159531856877,-521.3737575305003,0.4140962447637463,-0.0426150905590007,0.23923538571260772,44.43755792665554,102.64170014928952,TRACK
14.348,166.19578596789762,-523.1570700878647,0.45228454062230083,0.822049392317902,0.5180334572031497,0.5574696268922001,0.76100660160683,166.44313419500688,-523.4518482261439,0.3848055304454892,170.29159531856877,-521.3737575305003,0.41064587854189766,-0.04163866208040318,0.23899339839317002,44.43755792665554,102.64170014928952,TRACK
14.396,166.22101631713235,-523.1306273573151,0.4476631857417974,0.8174302151318835,0.5206930436853037,0.5551668344037128,0.7611382658650825,166.4709604747355,-523.4284992050865,0.3888440813676907,170.29159531856877,-521.3737575305003,0.40744924099548047,-0.040213944746316954,0.2388617341349175,45.46294500859613,101.42965803980655,TRACK
14.448,166.24849505647782,-523.1021346886413,0.4440711693007027,0.8125582245011238,0.5234035316822576,0.5526360199747623,0.7611555869538146,166.5011155614212,-523.4031960829703,0.39300773869377553,170.29159531856877,-521.3737575305003,0.40397618251823186,-0.04009498678247081,0.23884441304618542,45.46294500859613,101.42965803980655,TRACK
14.496,166.27399784909048,-523.0759892114745,0.4403123125419542,0.8074083163450231,0.526170158394083,0.5498575173246893,0.7610508031287566,166.52895534876885,-523.3798357276748,0.3966434570862446,170.29159531856877,-521.3737575305003,0.4007638787053137,-0.03954843383664047,0.23894919687124339,44.37069553431242,102.68301164484204,TRACK
14.548,166.301766492533,-523.0478202556054,0.4361025720611007,0.8022111897647164,0.5289149338193226,0.5470061276876264,0.7608986206748638,166.5591211607222,-523.3545236059906,0.40037278925556263,170.29159531856877,-521.3737575305003,0.39727312155282046,-0.03882945050828024,0.2391013793251362,44.37069553431242,102.68301164484204,TRACK
14.596,166.32752901363978,-523.0219663952146,0.4300091952883245,0.796948344285917,0.5316464233860941,0.5440717150134924,0.7606983308624707,166.58696976977583,-523.3311558484049,0.4036181659794331,170.7747906604357,-521.250720878182,0.37902082769402323,-0.050988367594301254,0.23930166913752926,44.93802340997484,102.46285096057042,TRACK
14.648,166.35557563568617,-522.9941144050634,0.42655599601550737,0.7916897446324537,0.5343455158978138,0.5411119330837151,0.7604783063872997,166.61714263112188,-523.3058378115779,0.406926007119555,170.7747906604357,-521.250720878182,0.3757586087974835,-0.05079738721802385,0.23952169361270026,44.93802340997484,102.46285096057042,TRACK
14.692,166.38158368021092,-522.9685354674084,0.42120476151543534,0.7865786539720591,0.5369665766599402,0.5382358435724223,0.7602834522439722,166.64499994621073,-523.2824627487613,0.4098029613984099,170.7747906604357,-521.250720878182,0.3727377111030279,-0.04846705041240745,0.2397165477560278,19.079100449205995,128.63589494591764,TRACK
14.748,166.40984595222383,-522.94087456665,0.4169044426878068,0.7824011436579729,0.5392551056850795,0.5360324380421077,0.7603465286570277,166.67520526299415,-523.2571174785887,0.41282580244455086,170.7747906604357,-521.250720878182,0.3694328114446448,-0.047471631243162005,0.23965347134297232,19.079100449205995,128.63589494591764,TRACK
14.796,166.4360177383502,-522.9153932670251,0.41259116756467185,0.7787696775433304,0.5413517591999722,0.5342222278252888,0.7605623681799669,166.70311058825456,-523.2337021304547,0.41552271058015444,170.7747906604357,-521.250720878182,0.36635310665493603,-0.04623806090973581,0.23943763182003308,41.46439625565098,106.17689828124041,TRACK
14.848,166.46450543912331,-522.887948836179,0.40895810881772965,0.7745615479997708,0.5436227832991061,0.5319665787814576,0.760601190810477,166.73334160144086,-523.20833529844,0.4182348232389916,170.7747906604357,-521.250720878182,0.363009060529183,-0.04594904828854662,0.23939880918952305,41.46439625565098,106.17689828124041,TRACK
14.896,166.49092676759918,-522.8627701028731,0.4051962803136562,0.769928523961873,0.5460103292809164,0.5293732065634158,0.7605019865251422,166.76124437933478,-523.1849220878004,0.42053954939696964,170.7747906604357,-521.250720878182,0.35991629719251955,-0.045279983121136624,0.23949801347485777,39.827853393514445,107.477430640879,TRACK
14.948,166.5196727446408,-522.8356402562655,0.400888419077172,0.7652239854490099,0.548389251812659,0.5266973210483867,0.7603557322090728,166.77570689314285,-523.1736522668436,0.4240349095231015,170.7747906604357,-521.250720878182,0.3565539663930813,-0.0443344526840907,0.23964426779092718,39.827853393514445,107.477430640879,TRACK
14.996,166.5463203482175,-522.8107389561169,0.3952776504747739,0.7604348709156937,0.5507584564251433,0.5239252389316533,0.7601529670489989,166.8046246172968,-523.1517479420012,0.4277946047794699,170.7747906604357,-521.250720878182,0.35344021047143437,-0.041837440003339554,0.23984703295100107,41.132225390525825,106.56161691153193,TRACK
15.048,166.57531169443746,-522.7839206096658,0.39088856308111236,0.7555541573580078,0.5531270577721861,0.521059506418996,0.7599029880644785,166.83595430057642,-523.1280166291178,0.43166727781669445,170.7747906604357,-521.250720878182,0.3500567845075913,-0.04083177857352105,0.24009701193552146,41.132225390525825,106.56161691153193,TRACK
15.096,166.6021829621146,-522.7593065659489,0.3866312788398185,0.7506677068156293,0.5554689143643723,0.5181660812742832,0.7596326761062095,166.8648758854223,-523.1061093799149,0.4350629422631227,170.7747906604357,-521.250720878182,0.34692269773138623,-0.039708581108432284,0.24036732389379045,46.123659188245874,101.92442066414833,TRACK
15.148,166.6314250403068,-522.7328296184064,0.38113805229411124,0.745472973166737,0.557876474476635,0.5150181766720725,0.7592561379910641,166.89620056943673,-523.0823818538278,0.4385120820617195,170.7747906604357,-521.250720878182,0.3435237176763168,-0.037614334617794454,0.24074386200893594,46.123659188245874,101.92442066414833,TRACK
15.192,166.65853660307334,-522.7085626233622,0.37758430668650034,0.7400945096455704,0.5603081869159098,0.5117086537006098,0.7588089420908828,166.92510780391098,-523.0604854746089,0.44148601149478406,170.7747906604357,-521.250720878182,0.3403823199701697,-0.037201986716330626,0.2411910579091172,48.098534235755594,100.4039375848448,TRACK
15.248,166.68803978446996,-522.6824751279861,0.3734440587293302,0.7344795973821793,0.562779427049519,0.5081995360909948,0.7582792704494085,166.95641095013548,-523.0367742627637,0.4444670510452449,170.7747906604357,-521.250720878182,0.33697810712836707,-0.03646595160096311,0.24172072955059154,48.098534235755594,100.4039375848448,TRACK
15.296,166.71539867169895,-522.6585943799788,0.3700316034697826,0.7285882495819269,0.5652985136268616,0.5044601526789371,0.7576558949480928,166.98528943419603,-523.014899661137,0.4469837548082042,171.26351822332956,-521.1519224698782,0.3198956449912412,-0.05013595847854141,0.24234410505190718,46.398893316618555,102.808488329967,TRACK
15.348,166.74516683206548,-522.6329265118251,0.366001588553474,0.7226403247355627,0.5678066517091033,0.5006635964298936,0.7570128337850146,167.01655898175014,-522.9912138992956,0.4494703003880735,171.26351822332956,-521.1519224698782,0.31674002345384444,-0.049261565099629534,0.2429871662149854,46.398893316618555,102.808488329967,TRACK
15.396,166.77276685123286,-522.6094289320357,0.3606388260052644,0.7165752206257812,0.5703244633730716,0.4967678569768825,0.7563387450390113,167.04540626241482,-522.9693629333227,0.45153597178089244,171.26351822332956,-521.1519224698782,0.31383150482469113,-0.04680732118057329,0.24366125496098867,19.292152234516422,130.75901582330204,TRACK
15.448,166.80275922463477,-522.5840787900944,0.35660758729875064,0.7113783006922816,0.5725826452438036,0.4935250624092117,0.7559218695476456,167.07666535399036,-522.9456850915774,0.45363386664883537,171.26351822332956,-521.1519224698782,0.31066114584743676,-0.04594644145131388,0.24407813045235438,19.292152234516422,130.75901582330204,TRACK
15.496,166.83053198429852,-522.5607791125714,0.35238864507905276,0.7067119235572555,0.5746884252899725,0.49068477250473697,0.7556707829010553,167.1055271447016,-522.9238231346712,0.4554374822383057,171.26351822332956,-521.1519224698782,0.30771701133406376,-0.044671633744989,0.24432921709894473,43.049263869010474,107.51343006494844,TRACK
15.548,166.8607559117521,-522.5357599252379,0.346702276482576,0.7013791086689803,0.5769777573761135,0.48734347841086,0.755252936741305,167.1367740779418,-522.9001545025071,0.4571317490723137,171.26351822332956,-521.1519224698782,0.3045340673262889,-0.042168209156287106,0.244747063258695,43.049263869010474,107.51343006494844,TRACK
15.596,166.8887731768521,-522.5128510761393,0.34314938698351316,0.6958003887084893,0.5793281003153311,0.4838169523110014,0.7547846654235075,167.16256327765092,-522.8806199428423,0.45849204858032033,171.26351822332956,-521.1519224698782,0.3015975408771729,-0.04155184610634027,0.24521533457649247,46.24162895456294,104.47535352091847,TRACK
15.648,166.91925024399845,-522.4882317721157,0.33891774761792526,0.6900940992719686,0.5816973709976123,0.48018787300745425,0.7542892182770192,167.17909256805055,-522.8693504634653,0.4612694334820013,171.26351822332956,-521.1519224698782,0.2984172277796118,-0.04050051983831343,0.24571078172298078,46.24162895456294,104.47535352091847,TRACK
15.696,166.9474963777983,-522.4656903839959,0.33258951205089593,0.684307728977861,0.5840646834390582,0.4764864058280156,0.7537710855290667,167.20886696390824,-522.849050624091,0.46398238864118524,171.26351822332956,-521.1519224698782,0.29548240918138496,-0.037107102869510966,0.2462289144709333,44.82381959795511,106.57298016121923,TRACK
15.744,166.97821345132903,-522.4414536455837,0.33132148001014516,0.6786125004821818,0.5863915776152614,0.4728480569475307,0.7532863779846084,167.24111727599856,-522.8270627336118,0.46670417803544084,171.26351822332956,-521.1519224698782,0.2923000318013889,-0.03902144820875625,0.2467136220153916,44.82381959795511,106.57298016121923,TRACK
15.796,167.00668098388397,-522.4192671505461,0.3250587553762738,0.672815217400813,0.5887302836630272,0.46912776333131945,0.7527843019286433,167.27087763393087,-522.806772465133,0.4689991884098148,171.26351822332956,-521.1519224698782,0.28936354627611605,-0.035695209100157776,0.24721569807135668,45.77014207893233,106.19843713896913,TRACK
15.848,167.03764916351696,-522.3954527471382,0.3216359416806971,0.6667796796610918,0.5911143549876502,0.4652222998729324,0.7522286680069608,167.30310279846836,-522.7848017199651,0.47123057514375355,171.26351822332956,-521.1519224698782,0.28618812844808533,-0.03544781323261176,0.24777133199303925,45.77014207893233,106.19843713896913,TRACK
15.896,167.06635413575034,-522.3736808242711,0.31766775763951954,0.6605312506207911,0.593531419943744,0.4611480991563932,0.7516229878176902,167.33283229229235,-522.7645324942791,0.473049295382727,171.26351822332956,-521.1519224698782,0.28326385801471915,-0.034403899624800394,0.2483770121823098,51.228850525024725,101.34968883088918,TRACK
15.944,167.0975922703616,-522.3503636132693,0.31203106729935626,0.6537823118228955,0.5960520982314035,0.45668903080969747,0.7508947826879339,167.36501033545363,-522.7425938759214,0.4747178114182289,171.26351822332956,-521.1519224698782,0.28011331560412434,-0.03191775169523192,0.24910521731206614,51.228850525024725,101.34968883088918,TRACK
15.996,167.12655397963087,-522.3290822146656,0.308190606975119,0.6467699604974743,0.598612993938936,0.45202473484509353,0.7501092436600909,167.3946867880015,-522.7223608131652,0.4759866163691245,171.75656295352405,-521.0776079339984,0.26398797845470173,-0.044202628520417286,0.2498907563399091,53.96886355817251,99.48379727808276,TRACK
16.048,167.15806565311703,-522.3062900922741,0.3049224612755663,0.6395799940221616,0.6011962483710338,0.44722459374580587,0.7492975152144219,167.4268071724851,-522.7004615058285,0.47706719390004637,171.75656295352405,-521.0776079339984,0.26109287890863364,-0.043829582366932685,0.2507024847855781,53.96886355817251,99.48379727808276,TRACK
16.096,167.18727844001359,-522.2854917471931,0.3019039471596221,0.632288912957381,0.6037874658951803,0.4423505854841755,0.7484873709357536,167.45643019740368,-522.680264869413,0.4777954442368061,171.75656295352405,-521.0776079339984,0.25843694443884896,-0.04346700272077314,0.25151262906424643,25.595343806713167,128.86991766240743,TRACK
16.148,167.21902123488945,-522.2630877454444,0.2958718485233729,0.6261072712417424,0.6061152798809786,0.4383240461807541,0.7479998007790275,167.48852771598592,-522.6583811517838,0.478425146128863,171.75656295352405,-521.0776079339984,0.2555482561508311,-0.040323592372541794,0.2520001992209725,25.595343806713167,128.86991766240743,TRACK
16.196,167.24841494172955,-522.2425329349356,0.29251365555956066,0.6205613565324964,0.6083040442983472,0.434789456643944,0.7477136363063479,167.5181608996449,-522.6381775892564,0.4788502629259861,171.75656295352405,-521.0776079339984,0.2528728529541682,-0.03964080260539243,0.2522863636936521,48.61060549334928,106.41709107489262,TRACK
16.248,167.28038872352974,-522.2204992414154,0.2886148494372289,0.6145547422049092,0.6106057755259735,0.4309168532049082,0.74734780890941,167.55024375108468,-522.6163038715156,0.4790438822335949,171.75656295352405,-521.0776079339984,0.249986656845798,-0.03862819259143094,0.25265219109059,48.61060549334928,106.41709107489262,TRACK
16.296,167.31001974744757,-522.2003652791308,0.28458109312381064,0.6083556621118622,0.6129533034927159,0.426906096241752,0.7469675811379002,167.5745373613412,-522.599740768493,0.4790306353077083,171.75656295352405,-521.0776079339984,0.24733131301123568,-0.03724978011257496,0.2530324188620998,47.290940162619535,106.41709107489262,TRACK
16.348,167.34224443444305,-522.1787744434423,0.27902224184664703,0.6020464487608559,0.6153165789705913,0.4228118950756954,0.7465818046092288,167.59270667601362,-522.5886377314216,0.48033243622075317,171.75656295352405,-521.0776079339984,0.24446409580933162,-0.03455814603731541,0.25341819539077115,47.290940162619535,107.76835449176355,TRACK
16.396,167.37210042677503,-522.1590368882968,0.27569239719668565,0.5957820672053161,0.6176557204183086,0.41874740473532857,0.7462224721475713,167.6232269300729,-522.5699871924024,0.4816063466184149,171.75656295352405,-521.0776079339984,0.24182351869716256,-0.03386887849952308,0.2537775278524287,53.4037498537103,102.13492671147421,TRACK
16.448,167.4045705675829,-522.1378869131551,0.2717265975608012,0.5893315534468255,0.6200252429402687,0.4145414149934117,0.7458390487416701,167.65627899593582,-522.5497894953962,0.48272235307766326,171.75656295352405,-521.0776079339984,0.23897510858951806,-0.03275148897128313,0.25416095125832994,53.4037498537103,102.13492671147421,TRACK
16.496,167.43466202532585,-522.1185906343286,0.2687352330019451,0.5826429754600684,0.6224332872867939,0.41015395285532286,0.7454189843071418,167.68677435393744,-522.5311541700412,0.48349694646154007,171.75656295352405,-521.0776079339984,0.2363600925524763,-0.032375140449468764,0.2545810156928582,51.76278119652013,104.17291798296228,TRACK
16.548,167.46738533113754,-522.0979181760986,0.26488500973602136,0.5759240314573685,0.624834656622766,0.40574161513496826,0.7450131585208564,167.7197982861697,-522.5109736651387,0.4840734829489049,171.75656295352405,-521.0776079339984,0.2335396276894083,-0.03134538204661305,0.25498684147914363,51.76278119652013,104.17291798296228,TRACK
16.596,167.49770785964793,-522.0790603394987,0.25949141982579405,0.5690878136145434,0.6272442971930959,0.40123710837839716,0.7445982980783118,167.75026680933976,-522.492354738208,0.4843534691461119,171.75656295352405,-521.0776079339984,0.2309502406153942,-0.028541179210399836,0.2554017019216882,52.36371370537368,104.06867899009072,TRACK
16.648,167.53068315428726,-522.0588760898393,0.2560402271160902,0.5621585196045645,0.6296578917094557,0.3966596469999555,0.7441827303492913,167.7832569944583,-522.4721948557375,0.4843820258663374,171.75656295352405,-521.0776079339984,0.22816108457742404,-0.027879142538666163,0.2558172696507087,52.36371370537368,104.06867899009072,TRACK
16.696,167.56123379058192,-522.0404585348631,0.2523064305622096,0.5552893618722035,0.6320426859264056,0.39212344225119794,0.7438002089244083,167.81369570701918,-522.4535941456908,0.48416738033982865,172.25269906413467,-521.0279620281883,0.2125566353577839,-0.039749795204425675,0.25619979107559165,57.65000626291776,99.24174504448331,TRACK
16.748,167.59445632663164,-522.0207594254813,0.24664995477505447,0.5482698788704201,0.6344409692637454,0.3874703967638848,0.7434034246952882,167.8466500535979,-522.4334561636961,0.48365305090968436,172.25269906413467,-521.0279620281883,0.20998524671065869,-0.036664708064395785,0.2565965753047118,57.65000626291776,99.24174504448331,TRACK
16.796,167.6252344695714,-522.0027920332951,0.24400015167727387,0.5413215322280511,0.636810588957223,0.3828679925873062,0.7430448344184076,167.8770541213713,-522.4148766246382,0.48293565560535756,172.25269906413467,-521.0279620281883,0.2076259538352358,-0.036374197842038075,0.25695516558159237,35.39556966666787,99.24174504448331,TRACK
16.848,167.65867641270725,-521.9834771026154,0.2403751784450816,0.5351772589200487,0.6390168846980513,0.378868536295008,0.7428889195051467,167.90999728452027,-522.3947454766952,0.48197910341329603,172.25269906413467,-521.0279620281883,0.205067212907314,-0.035307965537767605,0.2571110804948533,35.39556966666787,121.89919432051785,TRACK
16.896,167.68963605062763,-521.9657794228564,0.23766800706874533,0.5296212000396272,0.6411083348898119,0.37531013016828924,0.7428846416989151,167.94041349501347,-522.3761585173758,0.4809369270821765,172.25269906413467,-521.0279620281883,0.20270108229273648,-0.03496692477600885,0.2571153583010849,49.73674483468497,107.70699681326374,TRACK
16.948,167.72328596417748,-521.9468027859518,0.2339062676507282,0.5239734023007827,0.6432102204177481,0.37167894838993865,0.7428759171800489,167.97335756348232,-522.3560268162032,0.47958326880122276,172.25269906413467,-521.0279620281883,0.200144892928987,-0.033761374721741205,0.25712408281995114,49.73674483468497,107.70699681326374,TRACK
16.996,167.7544508832051,-521.9294748828643,0.22788159719445633,0.5181878519958708,0.6453308445145858,0.36794060980027044,0.7428540847448464,167.9999999999988,-522.3397459621563,0.47813881589093377,172.25269906413467,-521.0279620281883,0.19779380676230252,-0.030087790432153816,0.2571459152551536,50.83804476831551,106.35869229048015,TRACK
17.048,167.78832237506074,-521.9109045026877,0.22476236570345165,0.5123493651230908,0.6474462441167359,0.364154339866415,0.7428290666528959,168.01685770669042,-522.3305657443842,0.47785348757266416,172.25269906413467,-521.0279620281883,0.19525530502029267,-0.029507060683158975,0.25717093334710406,50.83804476831551,106.35869229048015,TRACK
17.096,167.8196845096485,-521.8939333768144,0.21937135282127684,0.5066306103241994,0.6495222900449995,0.3604481137391884,0.7428337956524591,168.04817457129732,-522.3135114888861,0.47775883079428494,172.25269906413467,-521.0279620281883,0.19291651317849462,-0.026454839642782224,0.2571662043475409,57.31757631842615,99.92210098955508,TRACK
17.148,167.85376992477757,-521.8757600011203,0.21567334983739017,0.5007509255132239,0.6516105518978957,0.35661207187165544,0.7428112015507541,168.08209678952426,-522.2950384334265,0.47741759599140293,172.25269906413467,-521.0279620281883,0.19039382818898104,-0.02527952164840913,0.2571887984492459,57.31757631842615,99.92210098955508,TRACK
17.196,167.88533131958957,-521.859167572599,0.21311088133321301,0.4948916209777295,0.6536820292378197,0.3527843046846483,0.7428034470708281,168.11340828039206,-522.2779871043107,0.47689506203371335,172.25269906413467,-521.0279620281883,0.1880725720846018,-0.025038309248611224,0.2571965529291719,60.14658783280481,97.08823246468927,TRACK
17.248,167.91962919706575,-521.8413963590668,0.20727685754622738,0.4889991593551342,0.6557444174019332,0.34892373528040777,0.7427977611677575,168.14732545179817,-522.2595167972032,0.4760990287813384,172.25269906413467,-521.0279620281883,0.185567259172324,-0.021709598373903377,0.25720223883224247,60.14658783280481,97.08823246468927,TRACK
17.296,167.95138742302518,-521.8251880881957,0.20378920661203392,0.48301608558972015,0.6578042689321354,0.34498573636791197,0.742779654085013,168.17862740204916,-522.2424706636305,0.47514498400837046,172.25269906413467,-521.0279620281883,0.18326520600734889,-0.02052400060468504,0.257220345914987,61.69818124384895,95.54179405542374,TRACK
17.348,167.9858965281403,-521.8078354729818,0.2037461648357768,0.47703175400894343,0.6598455976961211,0.3410371771942045,0.7427668335538027,168.21253167093855,-522.2240073828591,0.4738803082236367,172.25269906413467,-521.0279620281883,0.1807814965430381,-0.022964668292738688,0.2572331664461973,61.69818124384895,95.54179405542374,TRACK
17.396,168.0178479428186,-521.7920159227284,0.1981643443116492,0.47097619260851076,0.661878703865117,0.3370250524402801,0.742744440977205,168.2438193547599,-522.2069690183699,0.47249248734474203,172.75069308261823,-521.0031081799918,0.16516928034277703,-0.03299506396887217,0.25725555902279496,54.37709471798085,102.88876531274072,TRACK
17.444,168.05255961996,-521.7750627487374,0.1954159128221804,0.4651473624158486,0.6638574459639619,0.3331741859490476,0.7427730115887391,168.27771209151945,-522.1885120176617,0.47078013278319825,172.75069308261823,-521.0031081799918,0.16285571464434725,-0.03256019817783315,0.2572269884112609,54.37709471798085,102.88876531274072,TRACK
17.496,168.08468740411675,-521.7595696585427,0.19042597304056197,0.4596110413618346,0.6657724326862661,0.3295336702032061,0.7428629563537168,168.30899868692472,-522.1714742458922,0.4690212582331178,172.75069308261823,-521.0031081799918,0.1607234623428879,-0.029702510697674073,0.2571370436462832,36.53783798542939,120.70581663150516,TRACK
17.548,168.11957304855292,-521.742892212517,0.18710251793578903,0.4548239709343524,0.6675593034126233,0.32644892618974963,0.7431045182093751,168.3429097906653,-522.1530072430594,0.4669835528733256,172.75069308261823,-521.0031081799918,0.15840361958104351,-0.02869889835474551,0.25689548179062494,36.53783798542939,120.70581663150516,TRACK
17.596,168.151846915058,-521.7275829620176,0.1848382203995771,0.4506541788745716,0.6692438238177323,0.3238217535814525,0.7434701230115079,168.374231840406,-522.1359501638879,0.46499336187242113,172.75069308261823,-521.0031081799918,0.15624992707215934,-0.028588293327417746,0.25652987698849206,56.78475284864071,100.11156801066822,TRACK
17.648,168.18690041336208,-521.7111647762235,0.18136742679902376,0.44623191548611146,0.6709454932974523,0.32099115959531543,0.7437762966877252,168.40816351266722,-522.1174719600356,0.4626476918037935,172.75069308261823,-521.0031081799918,0.15391938914541684,-0.027448037653606927,0.25622370331227484,56.78475284864071,100.11156801066822,TRACK
17.696,168.2193391818255,-521.6961626365902,0.1791246542636642,0.44166059118493617,0.6726472573556992,0.31803485523005315,0.7440433468349442,168.43789342646718,-522.101281911886,0.46031248632539157,172.75069308261823,-521.0031081799918,0.1517703005084937,-0.027354353755170507,0.2559566531650558,53.84379998348167,102.5103318978444,TRACK
17.748,168.25456052450582,-521.6800368754332,0.17573966204151437,0.4373502554799979,0.6742874468603524,0.31526143291789605,0.7443475882132604,168.45374519379365,-522.0936481030783,0.4590738286086392,172.75069308261823,-521.0031081799918,0.14943561758128962,-0.026304044460224746,0.2556524117867396,53.84379998348167,102.5103318978444,TRACK
17.796,168.28714437869212,-521.6652664998107,0.1706027576584013,0.43323340469463983,0.6758774439009856,0.31262058697697337,0.7446757351867705,168.48596894361674,-522.0781299630406,0.4582438727224157,172.75069308261823,-521.0031081799918,0.14727386488350686,-0.023328892774894444,0.25532426481322945,54.286457249438406,101.80416852860998,TRACK
17.848,168.32252053763975,-521.6493889809243,0.16724901839161288,0.42925341063512007,0.6774291006831372,0.3100712971168484,0.7450197284287772,168.5208921323214,-522.0613118417526,0.45719988281880836,172.75069308261823,-521.0031081799918,0.1449243051734027,-0.022324713218210168,0.2549802715712228,54.286457249438406,101.80416852860998,TRACK
17.896,168.35524510267976,-521.6348420907108,0.1621298921919978,0.4254132486074552,0.6789455355274757,0.30761741759956424,0.7453827981804487,168.5531427394982,-522.0457807678952,0.45610752138545674,172.75069308261823,-521.0031081799918,0.14274703866020866,-0.019382853531789146,0.2546172018195513,60.53353707754259,95.13603994289228,TRACK
17.948,168.39077733237713,-521.6192424575944,0.15952863474153367,0.4213076718928458,0.6804738364405059,0.30494885203073346,0.7456798538480991,168.58808398791638,-522.0289539495076,0.45474544849378395,172.75069308261823,-521.0031081799918,0.14038830400772268,-0.019140330733810995,0.2543201461519009,60.53353707754259,95.13603994289228,TRACK
17.996,168.4236490989916,-521.6049880025438,0.15630682240062166,0.4170547505696535,0.6819979585835647,0.3021554885639718,0.7459350875119645,168.6203397677122,-522.013420384648,0.4533257437131855,172.75069308261823,-521.0031081799918,0.13821041390620625,-0.018096408494415406,0.25406491248803553,61.461438616355224,93.85090151407636,TRACK
18.048,168.45933786532154,-521.5897070456002,0.1536687063250617,0.41267733938088197,0.6835115233769943,0.29925366237907514,0.7461506262387165,168.65528350841134,-521.9965923660411,0.4516086348113409,172.75069308261823,-521.0031081799918,0.13585119860775968,-0.017817507717302006,0.25384937376128347,61.461438616355224,93.85090151407636,TRACK
18.092,168.49235224824264,-521.5757558199988,0.1518454093500312,0.40817493483173956,0.6850123656613576,0.2962425672234987,0.7463253980296655,168.687536519102,-521.9810601347124,0.44985385084086077,173.2493069173797,-521.0031081799918,0.11980464145863072,-0.03204076789140049,0.25367460197033453,59.7814125173314,95.36778336602336,TRACK
18.144,168.52818952283374,-521.5607834764902,0.1487977166248502,0.40382236332318117,0.686470462812306,0.2933330576953925,0.7465158933677635,168.72248016877518,-521.9642321599413,0.44779425552227187,173.2493069173797,-521.0031081799918,0.11757873603595766,-0.03121898058889254,0.2534841066322365,59.7814125173314,95.36778336602336,TRACK
18.196,168.56133513126565,-521.5470911900812,0.14397598983849602,0.399592680620274,0.6878925289773412,0.2905060759007363,0.7467194329586492,168.75473847769874,-521.948697377118,0.44574923878539335,173.2493069173797,-521.0031081799918,0.1155213868190679,-0.02845460301942812,0.2532805670413508,30.779230799451014,124.22239587687933,TRACK
18.248,168.5972949061493,-521.532274437447,0.14172332243091712,0.3965259081705758,0.6891670901675376,0.28855709206607827,0.747138858279786,168.7897207434378,-521.9318508058296,0.4434963100478583,173.2493069173797,-521.0031081799918,0.11326314472543607,-0.028460177705481052,0.252861141720214,30.779230799451014,124.22239587687933,TRACK
18.292,168.6305349685689,-521.5186009686736,0.1358740528928788,0.3943285343659796,0.6903340637517639,0.2872644863155869,0.7477178643540506,168.82204836879427,-521.9162826419716,0.4413933571577891,173.2493069173797,-521.0031081799918,0.11114821374747814,-0.02472583914540065,0.25228213564594937,53.775731442365434,100.75242114304726,TRACK
18.348,168.6666087914124,-521.5038987823102,0.1325727500281635,0.3917622034038509,0.6915217182698388,0.28567893970470704,0.7482076873633924,168.8570784266245,-521.8994130552253,0.4389877242217354,173.2493069173797,-521.0031081799918,0.10884664532035888,-0.023726104707804604,0.2517923126366076,53.775731442365434,100.75242114304726,TRACK
18.396,168.69996386124154,-521.490417481832,0.13007812791584406,0.389077656405382,0.6927031677130001,0.283992460128616,0.7486583973812946,168.88712896869268,-521.8849414768838,0.4366691655233393,173.2493069173797,-521.0031081799918,0.10670952685198772,-0.02336860106385634,0.2513416026187054,59.208729236968395,94.50518793077129,TRACK
18.448,168.73615761608968,-521.4759187264516,0.12496388760621291,0.38625205089405396,0.6938688704913151,0.2821828756822592,0.7490535259680731,168.90533932777313,-521.8772651668191,0.4355472612287248,173.2493069173797,-521.0031081799918,0.10438212369120461,-0.020581763915008294,0.25094647403192694,59.208729236968395,94.50518793077129,TRACK
18.492,168.76962000507513,-521.4626357071712,0.12555737747413742,0.38331843521867637,0.6950113521715396,0.2802742181129054,0.7493960348081062,168.9385072948517,-521.8632836962515,0.43478929126896715,173.2493069173797,-521.0031081799918,0.10222272477057502,-0.0233346527035624,0.25060396519189376,59.054220831129015,94.30716706760572,TRACK
18.548,168.8059251660348,-521.4483399880534,0.12243530570092331,0.3804467005703303,0.6961190392169803,0.2783994281435596,0.7497252552442346,168.9744515910672,-521.8481319048132,0.433860268566593,173.2493069173797,-521.0031081799918,0.09986777277751632,-0.02256753292340699,0.2502747447557654,59.054220831129015,94.30716706760572,TRACK
18.592,168.83948835498074,-521.4352426057618,0.11746286494734794,0.37750783458933246,0.6972089615552305,0.27646137416928374,0.7500208180314007,169.0076387035647,-521.8341423637747,0.43289208432550874,173.2493069173797,-521.0031081799918,0.0976818222105086,-0.019781042736839338,0.24997918196859925,50.667683226589496,94.30716706760572,TRACK
18.648,168.87589956083994,-521.4211373418526,0.11529633497751003,0.3747333532126273,0.6982612490631802,0.2746391695218691,0.7503302242205991,169.0436048741715,-521.8189813515071,0.4317463701498726,173.2493069173797,-521.0031081799918,0.095294806297368,-0.02000152868014203,0.24966977577940086,50.667683226589496,102.41223041899485,TRACK
18.696,168.90955593584457,-521.4081928031817,0.10942113267448429,0.3720834231462899,0.6992808796331352,0.27290272133135907,0.7506461509463382,169.07681640482633,-521.8049815173522,0.43060114744050243,173.2493069173797,-521.0031081799918,0.0930731399619826,-0.01634799271250169,0.24935384905366176,58.27129900992991,94.50948020440393,TRACK
18.748,168.9460706926668,-521.3942988067705,0.10635198497467635,0.3691079369811936,0.7003049734497111,0.2709040524022006,0.7508768617065882,169.11279488276307,-521.78981531711,0.4292205324939149,173.2493069173797,-521.0031081799918,0.09065696787283321,-0.015695017101843137,0.24912313829341182,58.27129900992991,94.50948020440393,TRACK
18.796,168.97982403695184,-521.3815847479535,0.10475463597611467,0.36600227582350536,0.701316368153991,0.2687943129352561,0.7510626011905004,169.14600625537557,-521.7758155495756,0.42782526183919956,173.74730093586325,-521.0279620281881,0.07403839424501922,-0.030716241731095453,0.2489373988094996,63.39178585439887,89.11769224871281,TRACK
18.848,169.01644074855452,-521.3679403648082,0.1017890996499846,0.3627414288205068,0.7023142750873375,0.26655349765535385,0.751196451072391,169.1819819600622,-521.7606505183563,0.42617503142163243,173.74730093586325,-521.0279620281881,0.07174062759383726,-0.030048472056147343,0.24880354892760903,63.39178585439887,89.11769224871281,TRACK
18.896,169.05028577446848,-521.3554624829758,0.10035403071609617,0.3594065653926995,0.7032909260960845,0.2642443285039749,0.7512943443655121,169.21518664559667,-521.7466535696616,0.42452651695890725,173.74730093586325,-521.0279620281881,0.06961256459414271,-0.030741466121953456,0.24870565563448788,28.561929393371052,123.88671780085255,TRACK
18.948,169.0869839404249,-521.3419134774286,0.09744980971239281,0.35739951291349176,0.7041459882075002,0.2629540431717471,0.7516424692159738,169.25119737584419,-521.7314737739304,0.42275675864817475,173.74730093586325,-521.0279620281881,0.06726533889854737,-0.03018447081384544,0.24835753078402623,28.561929393371052,123.88671780085255,TRACK
18.996,169.12089096434963,-521.3293865608007,0.09239604608038034,0.35617149570989237,0.7049336084527839,0.26226222847386355,0.752138862717743,169.28447225622324,-521.7174472356273,0.42112934639841093,173.74730093586325,-521.0279620281881,0.0650610538922604,-0.02733499218811994,0.247861137282257,47.04608259875529,105.09300705643692,TRACK
19.048,169.15766559045912,-521.3158830323028,0.09012646593091067,0.3546791181384899,0.7057283673851147,0.26135958262806036,0.7525698372666642,169.3205316324383,-521.7022469339012,0.4192879822845374,173.74730093586325,-521.0279620281881,0.06265077196190488,-0.027475693969005788,0.24743016273333585,47.04608259875529,105.09300705643692,TRACK
19.092,169.19164875419304,-521.3034748159838,0.08396855119218571,0.35307069736570873,0.7065173410268271,0.2603603060346063,0.7529636393147093,169.34658975633485,-521.6912625135584,0.4175955130684646,173.74730093586325,-521.0279620281881,0.06040356407925336,-0.023564987112932353,0.24703636068529067,52.2381625691861,99.14656618840178,TRACK
19.148,169.22850364424252,-521.2901210364988,0.0816696055856232,0.35116160491523896,0.7072980316158823,0.25911540699452384,0.7532670838883373,169.37124148089242,-521.6822900195962,0.4173375148666873,173.74730093586325,-521.0279620281881,0.057950260222136486,-0.02371934536348671,0.2467329161116627,52.2381625691861,99.14656618840178,TRACK
19.196,169.2625571167359,-521.2778648269932,0.0784579505199272,0.3491705776727437,0.7080502908145849,0.2577932088581705,0.7535201077980671,169.40525052363128,-521.6699117403433,0.41720761095496584,173.74730093586325,-521.0279620281881,0.0556653037713194,-0.0227926467486078,0.2464798922019329,56.03526378783199,95.08233309439345,TRACK
19.248,169.29948432777906,-521.2646752538126,0.07324378183133473,0.34702901715808016,0.7087812248968349,0.2563415590889433,0.7537120270251815,169.4420971186714,-521.6565006765146,0.416971905530487,173.74730093586325,-521.0279620281881,0.05316993445072101,-0.02007384738061372,0.24628797297481853,56.03526378783199,95.08233309439345,TRACK
19.296,169.33360353088275,-521.2525923633889,0.07417041261980972,0.34469275478718525,0.7094936521474099,0.2547264227472795,0.7538347251772736,169.47610849932065,-521.644121546332,0.4166566537637568,173.74730093586325,-521.0279620281881,0.050850040305611084,-0.023320372314198638,0.24616527482272643,58.30745736950705,92.69311461121559,TRACK
19.348,169.3706001046822,-521.239604784409,0.06852425033470945,0.3422127582206836,0.7101862744690812,0.2529885717654661,0.7539016924561209,169.51295142353115,-521.6307118185761,0.41620741241952364,173.74730093586325,-521.0279620281881,0.04831904878536706,-0.02020520154934239,0.24609830754387907,58.30745736950705,92.69311461121559,TRACK
19.396,169.4047822264888,-521.227726327558,0.06598577931649152,0.33949591966535264,0.7108657165779968,0.2510563195196964,0.7538961086096179,169.54695265910945,-521.6183363808973,0.4156785364693038,173.74730093586325,-521.0279620281881,0.04596953497568689,-0.02001624434080463,0.24610389139038213,53.16505603314749,97.86050049642077,TRACK
19.448,169.44184510435366,-521.2149650707108,0.06297119706020693,0.33673259413253037,0.711524393712208,0.24907968262067548,0.7538618249665794,169.58378139275175,-521.6049318180858,0.4149939445611552,174.2434370464739,-521.0776079339981,0.02859878320178539,-0.03437241385842154,0.24613817503342061,53.16505603314749,97.86050049642077,TRACK
19.496,169.47608565055708,-521.2032803689307,0.057904120707038986,0.3339780382074934,0.7121615053128872,0.2471027441837367,0.7538128254630925,169.6177719466913,-521.5925602682055,0.41426301607993243,174.2434370464739,-521.0776079339981,0.026354956132925572,-0.031549164574113414,0.24618717453690753,24.67434055040556,126.48948557263583,TRACK
19.548,169.5132049524492,-521.1906269602139,0.05483048001291335,0.3320711610102685,0.7127464334964873,0.24578395777482148,0.7539345013735728,169.65461584228254,-521.5791501868958,0.4134577819255852,174.2434370464739,-521.0776079339981,0.023888368454875554,-0.030942111558037798,0.24606549862642724,24.67434055040556,126.48948557263583,TRACK
19.596,169.54749347272002,-521.1789533237614,0.05313507808533058,0.3306960981954215,0.713305642080772,0.24487983835258914,0.7541691284160685,169.68864520206188,-521.5667645128451,0.41270004734029514,174.2434370464739,-521.0776079339981,0.021578125536518406,-0.031556952548812175,0.24583087158393147,50.22231986589847,100.84446885523457,TRACK
19.648,169.58467175189875,-521.1664267176468,0.04978176610923968,0.32869747189166376,0.7138870849016647,0.24348558993161948,0.754267858584565,169.725500422337,-521.5533503096876,0.41175548629639996,174.2434370464739,-521.0776079339981,0.01906256688335983,-0.03071919922587985,0.24573214141543498,50.22231986589847,100.84446885523457,TRACK
19.696,169.6190189457228,-521.1549725667703,0.04801303754249098,0.3263126185605703,0.7144748934863298,0.2417854835966192,0.7542775308202898,169.75951105086327,-521.5409714532553,0.41077143519782927,174.2434370464739,-521.0776079339981,0.01672803252487624,-0.031285005017614734,0.2457224691797102,45.87812216017729,104.87307766086133,TRACK
19.748,169.65625566353586,-521.1426349948712,0.044682380885355144,0.32408369548032506,0.7150404352771846,0.24020191365892635,0.7543074859808804,169.79635711932534,-521.5275605810855,0.4096292529065271,174.2434370464739,-521.0776079339981,0.014174871267642695,-0.03050750961771245,0.24569251401911962,45.87812216017729,104.87307766086133,TRACK
19.792,169.69065206376257,-521.1313102754347,0.039184419834510376,0.32197633976462525,0.7155833679165979,0.23870732310289342,0.7543478922498627,169.81513349748198,-521.5207265383291,0.4088283908286002,174.2434370464739,-521.0776079339981,0.011794945565735628,-0.02738947426877475,0.24565210775013735,45.98038939019679,104.89786178279257,TRACK
19.848,169.72794106723447,-521.1191126713777,0.03685075466339294,0.3199330612546287,0.7161128663604872,0.23725901809251104,0.7543934510805721,169.84863497243467,-521.5103927018773,0.40947170967022184,174.2434370464739,-521.0776079339981,0.009191364309503,-0.027659390353889937,0.2456065489194279,45.98038939019679,104.89786178279257,TRACK
19.896,169.76238574684396,-521.1079216700442,0.03347139705535329,0.31790508524907163,0.7166324852868776,0.23581941315014,0.7544354939866783,169.88323913493105,-521.4997187313644,0.41001277866824254,174.2434370464739,-521.0776079339981,0.006764768267781,-0.02670662878757229,0.2455645060133217,51.33485537777429,99.47259764231066,TRACK
19.948,169.79972741722347,-521.0959241181639,0.02686183414740495,0.31544450823227455,0.7171492814523504,0.23403537158815463,0.7543710274407601,169.92071576891433,-521.4881587207412,0.41047066241556307,174.2434370464739,-521.0776079339981,0.0041217995701433455,-0.022740034577261606,0.24562897255923988,51.33485537777429,99.47259764231066,TRACK
19.996,169.83422028367204,-521.084977225063,0.025120691254298718,0.31259943914015154,0.7176575174648854,0.2319440870599617,0.7542084406156837,169.9552951762158,-521.4774923861946,0.4107642649046922,174.2434370464739,-521.0776079339981,0.0016713363392100973,-0.02344935491508862,0.2457915593843163,57.46777518507327,93.40695082366648,TRACK
20.048,169.8716128982209,-521.0732956520997,0.021798432284004576,0.3091709918155928,0.7181584458155887,0.2293896284574201,0.7539039427805742,169.99272932967688,-521.4659454790772,0.4109051917341721,174.2434370464739,-521.0776079339981,-0.0009863801364615088,-0.022784812420466084,0.24609605721942585,57.46777518507327,93.40695082366648,TRACK
20.096,169.9061513863845,-521.0626933551423,0.02019360587480068,0.3052091077559248,0.7186461326397433,0.22641167381139404,0.7534683204993669,170.027253336091,-521.4552962334411,0.41085606028295923,174.2434370464739,-521.0776079339981,-0.0034386759920506803,-0.02363228186685136,0.24653167950063315,51.034288081830205,100.3228698936862,TRACK
20.148,169.9435917472007,-521.0513660252884,0.014245809699819034,0.301216140910232,0.7191224147865447,0.22340923122470485,0.7530263820377378,170.06463131146998,-521.4437666549671,0.41064440857114903,174.7364817766684,-521.1519224698777,-0.020977258760086825,-0.03522306845990586,0.24697361796226225,51.034288081830205,100.3228698936862,TRACK
20.196,169.97817434632177,-521.0410580002593,0.01157199347835225,0.297184529660897,0.7195943548689323,0.22037868279973938,0.7525840812771574,170.09911271181468,-521.433130551563,0.4103010769347591,174.7364817766684,-521.1519224698777,-0.02329492510728959,-0.03486691858564184,0.24741591872284263,26.196438760794905,125.85174795054579,TRACK
20.248,170.01566387636493,-521.0299452772377,0.00830864944238252,0.29403151922302884,0.7200697059553103,0.21804331800365745,0.752358471714522,170.1364751384014,-521.4216057692562,0.40986985988601127,174.7364817766684,-521.1519224698777,-0.02583240059018874,-0.03414105003257126,0.24764152828547803,26.196438760794905,125.85174795054579,TRACK
20.296,170.05029491939112,-521.019732142985,0.00263509744473911,0.29149489880316976,0.7205633309369484,0.2161989272949389,0.7522988037039754,170.17097404687624,-521.4109642653091,0.4094215741124689,174.7364817766684,-521.1519224698777,-0.028201026868027567,-0.030836124312766677,0.2477011962960246,44.8790839654052,107.43046291443333,TRACK
20.348,170.0878410118817,-521.0088123961195,0.00018826063086940795,0.28853243079325763,0.7210802491801787,0.21402759895188178,0.752173210684119,170.20833376806058,-521.3994403175084,0.40878928222270233,174.7364817766684,-521.1519224698777,-0.03077563881317147,-0.030963899444040877,0.24782678931588098,44.8790839654052,107.43046291443333,TRACK
20.396,170.12252624839252,-520.9988557801076,-0.002764793837785495,0.2853861112826669,0.7216153448585558,0.21171826440543193,0.7520327981000435,170.24280991072175,-521.3888058358848,0.4080799007840663,174.7364817766684,-521.1519224698777,-0.03316255927225317,-0.030397765434467677,0.24796720189995647,49.6998707528325,102.4670358503758,TRACK
20.448,170.1601304346534,-520.9882182872509,-0.009191216380219025,0.28198968743348946,0.722155073990979,0.20921538147623148,0.7518504018334774,170.2801431787817,-521.3772900477924,0.40716077119983446,174.7364817766684,-521.1519224698777,-0.035756522523561075,-0.02656530614334205,0.2481495981665226,49.6998707528325,102.4670358503758,TRACK
20.496,170.19486706618795,-520.9785473277375,-0.00812766831586753,0.27833153218522394,0.7226887363668515,0.20650741107819928,0.751614475979366,170.29526219931233,-521.3728238279331,0.40685764262398116,174.7364817766684,-521.1519224698777,-0.0381562519254597,-0.030028583609592166,0.24838552402063396,54.423060584965086,97.99122559474658,TRACK
20.548,170.23252528141117,-520.9682430841297,-0.011617395767778762,0.2743989521110377,0.7232164349485728,0.20358530302278965,0.7513248214897498,170.33309145818683,-521.3631913150168,0.40755080786593406,174.7364817766684,-521.1519224698777,-0.04075919880678248,-0.029141803039003718,0.24867517851025023,54.423060584965086,97.99122559474658,TRACK
20.596,170.26731093584277,-520.9589132630093,-0.017369188717534456,0.27007770193747654,0.723736079613658,0.20036039263389727,0.7509581878313577,170.36799005352074,-521.354305040733,0.40800850803376076,174.7364817766684,-521.1519224698777,-0.04315998515416368,-0.025790796436629224,0.2490418121686423,43.49849614424405,109.30782813680418,TRACK
20.648,170.30502221662374,-520.9489735252404,-0.020803360016359962,0.2657538793872364,0.7242543800823187,0.19713633634916777,0.7506045178238644,170.4057819836491,-521.3446820328835,0.40833534462761034,174.7364817766684,-521.1519224698777,-0.04576533582570595,-0.02496197580934599,0.2493954821761356,43.49849614424405,109.30782813680418,TRACK
20.696,170.33985717553855,-520.9399566068498,-0.026599429143212783,0.2613943229419225,0.7247702558073702,0.19388698189144168,0.7502560132715053,170.4406520578673,-521.3358030209681,0.40847765162121313,174.7364817766684,-521.1519224698777,-0.04817374382960359,-0.02157431468639081,0.24974398672849474,55.52731152926883,97.77414568582326,TRACK
20.748,170.3776203528199,-520.9304286782086,-0.03007596338139873,0.2564140858689991,0.7252758979760825,0.19015682716062582,0.7497898019450577,170.47839424988206,-521.3261926779986,0.4083926074978347,174.7364817766684,-521.1519224698777,-0.05077092927005502,-0.02069496588865629,0.25021019805494227,55.52731152926883,97.77414568582326,TRACK
20.796,170.41250199177105,-520.9218490678815,-0.031725609242134516,0.25108741807165824,0.7257746177033377,0.1861615962899496,0.7492696014357236,170.51320358966535,-521.3173291309706,0.40809961053580623,174.7364817766684,-521.1519224698777,-0.05315858447408542,-0.021432975231950903,0.25073039856427637,58.79937817567699,94.99833792009358,TRACK
20.848,170.4503158632744,-520.9127901038773,-0.03508678317707203,0.24551165935832706,0.7262699443181528,0.18197883376998847,0.7487217961033176,170.55088124706904,-521.3077352205321,0.4075475942601073,175.22520933956227,-521.2507208781816,-0.07065461533887257,-0.035567832161800546,0.25127820389668243,58.79937817567699,94.99833792009358,TRACK
20.896,170.48524439107865,-520.9046441780807,-0.03657940146716099,0.23978274340494152,0.72676264571283,0.17768361755078804,0.7481680367066259,170.58563091500392,-521.2988868678237,0.40682275329878115,175.22520933956227,-521.2507208781816,-0.07288317639018277,-0.03630377492302178,0.2518319632933741,23.343770945169403,131.17013113311762,TRACK
20.948,170.5231174518493,-520.8958933748988,-0.04284498704494566,0.2353362554105726,0.7273105518233733,0.17439398820923865,0.7479264014040043,170.62329046811735,-521.2892975673041,0.40595749998029407,175.22520933956227,-521.2507208781816,-0.07531887656403735,-0.03247388951909169,0.25207359859599565,23.343770945169403,131.17013113311762,TRACK
21.0,170.55811041860568,-520.8879018031862,-0.04579040339478846,0.23155310228180945,0.7279089079505552,0.17162796940731773,0.7478686637081734,170.6580637411399,-521.2804432040018,0.4050671771940011,175.22520933956227,-521.2507208781816,-0.07758370347293858,-0.03179330007815012,0.2521313362918266,49.34009022311439,105.47342965730179,TRACK
21.048,170.59605097860126,-520.8794635711688,-0.04820105564861499,0.2271067776906362,0.7285099439842397,0.1683539725395461,0.7477097020594065,170.69571193930204,-521.2708567948081,0.403882362326649,175.22520933956227,-521.2507208781816,-0.08002845450783468,-0.03182739885921969,0.25229029794059354,49.34009022311439,105.47342965730179,TRACK
21.096,170.6311025975546,-520.8718700144228,-0.055431881097791624,0.22229150922875568,0.729116185124461,0.1647997667567613,0.7475087789006428,170.7304451171147,-521.2620126410008,0.40259185941307146,175.22520933956227,-521.2507208781816,-0.08227836074704316,-0.026846479649251534,0.2524912210993572,46.36460877746718,108.27489813238451,TRACK
21.148,170.66910636812193,-520.8638481781838,-0.059042851379865535,0.2173011864784693,0.7297201299187875,0.16111297692350118,0.7472943592332574,170.76805310553777,-521.2524364704645,0.4009879271784522,175.22520933956227,-521.2507208781816,-0.08470986951500269,-0.02566701813513715,0.2527056407667426,46.36460877746718,108.27489813238451,TRACK
21.196,170.70421549157098,-520.8566192035894,-0.06143150141271558,0.21231982722725992,0.7303221095965209,0.1574347080848416,0.7470984346625764,170.78352780821552,-521.2489546256535,0.400271816366997,175.22520933956227,-521.2507208781816,-0.08695166875877534,-0.02552016734605976,0.2529015653374236,46.36460877746718,108.27489813238451,TRACK
21.248,170.74227938633516,-520.8490213049193,-0.06441620935749824,0.2069678783357957,0.7309086629197111,0.1534722628419687,0.7468475138827967,170.8215728864868,-521.2412636471566,0.4001768536660976,175.22520933956227,-521.2507208781816,-0.08936780241058043,-0.024951593053082186,0.2531524861172033,58.04265463236128,96.9261247577302,TRACK
21.296,170.77744103194385,-520.8422337434804,-0.06607461942422588,0.20127571036266956,0.7314776301278763,0.14924960633965784,0.7465487046201587,170.85667228181282,-521.2341681513142,0.3998626901822928,175.22520933956227,-521.2507208781816,-0.091584000751905,-0.025509381327679118,0.25345129537984135,51.38505546362349,103.84562826275486,TRACK
21.348,170.81556275392057,-520.8350899916447,-0.06953582552502602,0.19566824496712745,0.7320489728879829,0.1450951891684631,0.7462896975211321,170.8946847136742,-521.2264837724315,0.3993111270097611,175.22520933956227,-521.2507208781816,-0.09397727860732641,-0.02444145308230039,0.25371030247886794,51.38505546362349,103.84562826275486,TRACK
21.396,170.85077844984784,-520.8287015609153,-0.0754428904395017,0.18999760054723866,0.7326129485134936,0.1408941803615978,0.7460381373558601,170.929758519073,-521.2193934497044,0.3985950367232397,175.22520933956227,-521.2507208781816,-0.09617646520072645,-0.020733574761224755,0.2539618626441399,51.574994938240046,104.01894489699023,TRACK
21.448,170.8889567318991,-520.8220125295743,-0.07755528142857981,0.18420745551128231,0.7331676226480228,0.13660354356876564,0.7457850166200024,170.9677369757219,-521.2117159390591,0.39758656187157987,175.22520933956227,-521.2507208781816,-0.09854584557390861,-0.020990564145328794,0.2542149833799976,51.574994938240046,104.01894489699023,TRACK
21.496,170.92422394149597,-520.816047644325,-0.08478649102699243,0.17837996925266722,0.7337156913650469,0.13228625826281087,0.7455456859780384,171.00277801236493,-521.2046322406788,0.39644511672311533,175.22520933956227,-521.2507208781816,-0.10072164872624932,-0.015935157699256894,0.2544543140219616,57.93362510806375,97.91115672320669,TRACK
21.548,170.9624547330513,-520.8098463478901,-0.0881934109719662,0.17223315250589774,0.734237834855791,0.12772556310522065,0.7452643944294303,171.04071219029083,-521.1969636811706,0.3949481729794074,175.70840468142924,-521.3737575304997,-0.11826497674696418,-0.030071565774997977,0.25473560557056973,57.93362510806375,97.91115672320669,TRACK
21.596,170.99776819872318,-520.8043486931394,-0.089613569884464,0.16601006787184092,0.7347486131804577,0.12310868190879592,0.744990786608752,171.07570692261598,-521.1898893434102,0.39333959588785855,175.70840468142924,-521.3737575304997,-0.1202936442022571,-0.0306800743177931,0.25500921339124805,35.068607841477004,121.0707978984846,TRACK
21.648,171.03605925289554,-520.7985393803442,-0.09296614522712776,0.1606057653707454,0.7353148478043499,0.11912178705480686,0.7449012857772934,171.11362286709186,-521.1822244698733,0.3914464997597177,175.70840468142924,-521.3737575304997,-0.12249484330769976,-0.029528698080572,0.2550987142227066,35.068607841477004,121.0707978984846,TRACK
21.696,171.07143733707036,-520.7933152852285,-0.0995326734717894,0.1557050530983484,0.7359198481809228,0.11552152180463669,0.7449317048875632,171.1486265508346,-521.1751483225447,0.3895569831330155,175.70840468142924,-521.3737575304997,-0.12452939167433422,-0.024996718202544815,0.2550682951124368,48.159678053380645,108.09975117117366,TRACK
21.748,171.10979484717487,-520.7878491265317,-0.10112539211654913,0.15075097580603355,0.7365234500979168,0.11188044193978106,0.7449725000513637,171.18653969556067,-521.1674840149896,0.38731436881192566,175.70840468142924,-521.3737575304997,-0.1267271078919201,-0.025601715775370973,0.25502749994863627,48.159678053380645,108.09975117117366,TRACK
21.796,171.1452302871426,-520.7829869926243,-0.10407362510077345,0.14571321180255573,0.7371236589949838,0.1081753470023793,0.7450189221417388,171.22152818403515,-521.1604109394508,0.38505870293805666,175.70840468142924,-521.3737575304997,-0.128748679361973,-0.024675054261199564,0.2549810778582612,55.167763917353376,100.83235549874132,TRACK
21.848,171.18364630548703,-520.7779359876525,-0.10759692656138388,0.14046927216081856,0.7376997325881315,0.1043111243997508,0.7450380568361196,171.25941690978055,-521.152751568299,0.3823975731752681,175.70840468142924,-521.3737575304997,-0.1309270230795182,-0.02333009651813432,0.25496194316388043,55.167763917353376,100.83235549874132,TRACK
21.896,171.21913309934789,-520.7734586613684,-0.11363417926092922,0.13523144249178765,0.7382626980843623,0.1004494016816334,0.7450650264782265,171.27589613555244,-521.1500567997966,0.38085193992779093,175.70840468142924,-521.3737575304997,-0.13292999736678338,-0.01929581810585415,0.2549349735217735,54.4696634122966,101.49724145797052,TRACK
21.948,171.25760427141762,-520.7688113053387,-0.11708671851382359,0.12997628492212548,0.7388113349934136,0.09657239206253077,0.7450962458793019,171.31419764062412,-521.1442837767855,0.3797135581626799,175.70840468142924,-521.3737575304997,-0.13509070201272108,-0.018003983498897494,0.2549037541206981,54.4696634122966,101.49724145797052,TRACK
21.996,171.29314160684285,-520.7647004269178,-0.11850611428343405,0.1247917609368979,0.7393537718880462,0.0927472099928563,0.7451483375587307,171.34955141534093,-521.1389550526378,0.378481956462428,175.70840468142924,-521.3737575304997,-0.1370784652327121,-0.01857235094927806,0.25485166244126933,62.15470598411507,93.78390621987803,TRACK
22.048,171.33166316070046,-520.7604729559945,-0.12186745373583063,0.11937117952623522,0.739859641153428,0.0887398177098559,0.745162427833595,171.38784030138586,-521.133183931639,0.37692087034478416,175.70840468142924,-521.3737575304997,-0.13921711779981968,-0.01734966406398905,0.254837572166405,62.15470598411507,93.78390621987803,TRACK
22.096,171.3672396049727,-520.7567919385795,-0.12311951143915367,0.11367679698265785,0.7403203395681167,0.08452163349602268,0.7451295939010124,171.42316896432362,-521.127858992483,0.3752583799597821,175.70840468142924,-521.3737575304997,-0.1411744020777402,-0.018054890638586535,0.2548704060989876,56.350547124082155,99.5475884441767,TRACK
22.148,171.4058030495278,-520.7530103964126,-0.1263316233438481,0.10810152751951427,0.7407698667632812,0.08039174943389414,0.745119338684436,171.46143309061878,-521.122091603416,0.3732501022570451,175.70840468142924,-521.3737575304997,-0.14328383806663553,-0.016952214722787434,0.25488066131556397,56.350547124082155,99.5475884441767,TRACK
22.196,171.44141891745417,-520.7497141655689,-0.1321012563459827,0.10256611544464495,0.7411994503592361,0.07628965370079696,0.7451152504643971,171.49674359255306,-521.1167694015909,0.37120124725808984,175.70840468142924,-521.3737575304997,-0.14521970585898547,-0.013118449513002783,0.2548847495356029,56.274642555900456,99.70258725713923,TRACK
22.248,171.48002294681112,-520.7463475087173,-0.1337144706839415,0.09711406414111988,0.7416144557129531,0.07224846525242223,0.745125386531522,171.53498625731888,-521.1110052473289,0.36877666931524417,176.18486650251606,-521.5207265383284,-0.16312928600141224,-0.029414815317470755,0.25487461346847795,56.274642555900456,99.70258725713923,TRACK
22.292,171.51567746719329,-520.7434103918324,-0.14099992874946987,0.09189033953923893,0.7420302740000424,0.06837797970006958,0.7451741243766058,171.5702816277501,-521.1056853262108,0.3663669505141147,176.18486650251606,-521.5207265383284,-0.1649648738056478,-0.02396494505617794,0.2548258756233942,30.46024737480871,125.48875120893084,TRACK
22.348,171.5543382535769,-520.7403120027312,-0.14418470784951176,0.08771644880620214,0.7425365095282151,0.06530022883223782,0.7454022993443794,171.60854025211108,-521.099918766427,0.36366864195422666,176.18486650251606,-521.5207265383284,-0.16696773861087746,-0.022783030761365702,0.2545977006556206,30.46024737480871,125.48875120893084,TRACK
22.396,171.5900592631121,-520.7375161010049,-0.1454394942720849,0.08435153330925008,0.7431144257208093,0.0628319321623183,0.7457659830091597,171.6438798227827,-521.0945921831947,0.361109375557142,176.18486650251606,-521.5207265383284,-0.1688328871158711,-0.023393392843786193,0.25423401699084025,60.14910206037274,95.51021269786838,TRACK
22.448,171.62877543102115,-520.7346728302031,-0.14883229091487826,0.08048341971114494,0.7436139684140941,0.05997815553303579,0.746028895661356,171.68215499972683,-521.0888231285103,0.3581505439704032,176.18486650251606,-521.5207265383284,-0.17084621045461484,-0.02201391953973658,0.253971104338644,60.14910206037274,95.51021269786838,TRACK
22.496,171.66452880161648,-520.7322203641426,-0.15005695930379903,0.07628245538824985,0.7440507400601194,0.05686836612098126,0.7462208217741457,171.71747559788326,-521.0834994049245,0.3552468546343521,176.18486650251606,-521.5207265383284,-0.17269763201643357,-0.022640672712634535,0.2537791782258543,52.59280216284901,102.54442158700579,TRACK
22.548,171.70328466527417,-520.7296935064501,-0.1533272343853822,0.0723688657369643,0.7444897556581074,0.05397213398576389,0.7464435595052352,171.75574295659004,-521.0777315286498,0.35196922766695293,176.18486650251606,-521.5207265383284,-0.1747080446109812,-0.021380810225598984,0.2535564404947648,52.59280216284901,102.54442158700579,TRACK
22.596,171.73907940848002,-520.7274797725306,-0.1597986210930613,0.06865579323854913,0.7449216770537873,0.0512236969201523,0.7466807698546915,171.77394100849108,-521.0758689973203,0.3501290949134166,176.18486650251606,-521.5207265383284,-0.1765685192061908,-0.016769898113129483,0.25331923014530855,52.72751613760217,102.28888813917965,TRACK
22.648,171.77787803685987,-520.7252112908963,-0.1609176042457725,0.06506458622448053,0.7453437041801156,0.04856402938321373,0.7469241610169465,171.81257974217647,-521.0720026088593,0.3485232080743275,176.18486650251606,-521.5207265383284,-0.1785890335128086,-0.017671429267036104,0.2530758389830535,52.72751613760217,102.28888813917965,TRACK
22.696,171.81371145625073,-520.7232331734585,-0.1641536640577257,0.06159126166935634,0.745758757442067,0.04599039208243389,0.7471755084753727,171.84825389595866,-521.0684328713605,0.34692363939720383,176.18486650251606,-521.5207265383284,-0.18045974609722815,-0.016306082039502456,0.25282449152462727,59.18147576517434,95.53699346400712,TRACK
22.748,171.85254333632585,-520.7212558191468,-0.17167638526737947,0.05783944621875613,0.7461116159198986,0.04320287041342483,0.7473613794026029,171.8868967088121,-521.0645660747172,0.3450247611128406,176.18486650251606,-521.5207265383284,-0.1824833364535057,-0.010806951186126235,0.25263862059739706,59.18147576517434,95.53699346400712,TRACK
22.796,171.88839891402188,-520.719578091803,-0.1732049609521744,0.05395914908851683,0.7464194710481129,0.040315294317294914,0.7475074245220811,171.92256304065813,-521.0609971199212,0.3431240887930056,176.18486650251606,-521.5207265383284,-0.18434962721889436,-0.01114466626671995,0.2524925754779189,67.99823153221809,86.50158387892435,TRACK
22.848,171.92724732621437,-520.7179475545948,-0.17897829097059348,0.04975411464432961,0.7466523536307491,0.03717971097643723,0.7475774662806716,171.9611878614978,-521.0571321236504,0.3408784707497859,176.18486650251606,-521.5207265383284,-0.18636320504657508,-0.007384914075981602,0.25242253371932843,67.99823153221809,86.50158387892435,TRACK
22.896,171.96310960582088,-520.7166168706609,-0.1765567908666372,0.04532086929796016,0.746819818657428,0.03386971581958585,0.7475874525359646,171.9968264461566,-521.0535659453792,0.3386318122618389,176.18486650251606,-521.5207265383284,-0.18821361873163991,-0.011656827865002717,0.2524125474640354,65.79725463830539,88.69569799559733,TRACK
22.948,172.0019674100215,-520.7153311374825,-0.17943908163509192,0.04103489374397691,0.7469757950161786,0.030669288598925787,0.7476051388287913,172.0354264051,-521.0497034369164,0.33604216845563156,176.65341024366322,-521.6912625135577,-0.20681271537580367,-0.02737363374071175,0.2523948611712087,65.79725463830539,88.69569799559733,TRACK
22.996,172.03784231987774,-520.7142840048717,-0.18540795782120645,0.036885367300714164,0.7471221511288895,0.02757037954289924,0.7476306805740376,172.0710494024948,-521.0461388183862,0.3335121101079796,176.65341024366322,-521.6912625135577,-0.20859137788391374,-0.023183420062707294,0.2523693194259624,20.830052894561078,133.74315717588823,TRACK
23.048,172.07674749305178,-520.7131180772192,-0.1860649618624706,0.03445945361647657,0.7474911407513822,0.02576833667197538,0.7479351660917162,172.1096843913057,-521.0422728046565,0.3307985396898113,176.65341024366322,-521.6912625135577,-0.2105565869488436,-0.02449162508637301,0.2520648339082838,20.830052894561078,133.74315717588823,TRACK
23.092,172.11269778259256,-520.7120124075778,-0.19363612314231493,0.033158121726358826,0.7480067693898992,0.02481159330483978,0.748418159998432,172.14538782053268,-521.0387001377077,0.32831922209628406,176.65341024366322,-521.6912625135577,-0.21240692574985323,-0.0187708026075383,0.251581840001568,52.879746646913595,101.358587013261,TRACK
23.148,172.15165298161682,-520.710938568187,-0.1968710619921985,0.031196732332556452,0.748402855074404,0.023355300778998854,0.7487671891569481,172.1840632157828,-521.0348300807037,0.3255090400573894,176.65341024366322,-521.6912625135577,-0.2144172282471755,-0.017546166254976986,0.25123281084305193,52.879746646913595,101.358587013261,TRACK
23.192,172.18762181550917,-520.7100451923167,-0.19838732773139142,0.02896764197720899,0.7487346029301253,0.02169514456065777,0.7490488534951777,172.21976397292116,-521.0312576811377,0.32281663720712556,176.65341024366322,-521.6912625135577,-0.21628199545940982,-0.0178946677280184,0.2509511465048223,62.68815654668934,90.83782976630097,TRACK
23.248,172.22659301669918,-520.7091973882284,-0.2010285310584552,0.026440632314767478,0.7489836537604115,0.019808217635451826,0.7492455399174489,172.25269906413467,-521.0279620281883,0.319831864268516,176.65341024366322,-521.6912625135577,-0.2183089853278866,-0.017280454269431395,0.2507544600825511,62.68815654668934,90.83782976630097,TRACK
23.296,172.2625701977249,-520.7085174008201,-0.20185687314489087,0.023799864642300068,0.7491729865900913,0.01783358298161836,0.749385215038487,172.2784488786117,-521.026676908375,0.3185554971338969,176.65341024366322,-521.6912625135577,-0.2201882621560404,-0.01833138901114953,0.250614784961513,53.932850211393784,99.50909757324949,TRACK
23.348,172.30156085051203,-520.7078350924561,-0.2081931482819883,0.021592986205084933,0.7493995273508138,0.016184289080685213,0.7495742677057894,172.3173766227299,-521.0247341054354,0.317293433714149,176.65341024366322,-521.6912625135577,-0.22224625823820124,-0.01405310995621295,0.2504257322942106,53.932850211393784,99.50909757324949,TRACK
23.396,172.3375648415525,-520.7072615716568,-0.21122800194527902,0.01960921191849054,0.7496387941148258,0.014701710397495656,0.7497829432112617,172.35331970992627,-521.0229402605303,0.31607159076128494,176.65341024366322,-521.6912625135577,-0.22416544325854396,-0.012937441313264936,0.2502170567887383,60.00679591117744,93.330052321012,TRACK
23.448,172.37657453858583,-520.7067352462559,-0.21192113636994891,0.0174670871350064,0.749830484668133,0.01309868657191741,0.7499448855266342,172.3922586855292,-521.0209968970506,0.3146527890001358,176.65341024366322,-521.6912625135577,-0.22625826197414112,-0.014337125604192202,0.2500551144733658,60.00679591117744,93.330052321012,TRACK
23.496,172.41258600668988,-520.7063426810619,-0.2195106011927659,0.01516817497490768,0.749973436626327,0.01137660081157419,0.7500597194164803,172.42820022253156,-521.0192031295124,0.31324984268319706,176.65341024366322,-521.6912625135577,-0.2282016954725235,-0.008691094279757616,0.2499402805835197,55.00257200525877,98.10906233357315,TRACK
23.548,172.45159861845707,-520.706021060275,-0.2206014669202132,0.012744222008381264,0.7500676207016705,0.009559545823622635,0.7501285360132749,172.4671319146276,-521.0172601295376,0.3116264454845769,176.65341024366322,-521.6912625135577,-0.2303192671273398,-0.009717800207126592,0.2498714639867251,55.00257200525877,98.10906233357315,TRACK
23.596,172.4876098967277,-520.7058154372784,-0.22351532182259293,0.010281959787501726,0.7501261908460207,0.0077130391358956035,0.7501658437744767,172.50306395555216,-521.0154668359288,0.3100367988163956,177.11287103130542,-521.884941476883,-0.2496149222347526,-0.026099600412159668,0.2498341562255233,64.67999363497026,88.42531621571456,TRACK
23.648,172.52661289896932,-520.7057246252791,-0.22590969387819793,0.007498450734824131,0.7501022314454908,0.0056247100487179,0.750123319849901,172.5419745714316,-521.0135248878242,0.3081833587390615,177.11287103130542,-521.884941476883,-0.2516681559365558,-0.025758462058357856,0.249876680150099,64.67999363497026,88.42531621571456,TRACK
23.696,172.56260582113987,-520.7057622421302,-0.2320167082009981,0.00450890954318981,0.7500148412665052,0.00338177199279216,0.7500224653314274,172.57787619242998,-521.0117331124109,0.30635168956555253,177.11287103130542,-521.884941476883,-0.25356718605194384,-0.021550477850945743,0.24997753466857264,26.119438785438945,127.08445933204464,TRACK
23.748,172.60162810491946,-520.7057596817107,-0.2325227963968186,0.002953210020568169,0.7501596338012231,0.0022153853880284716,0.7501629050527643,172.61680164843037,-521.0097904236667,0.3044091465068039,177.11287103130542,-521.884941476883,-0.25566711446443546,-0.023144318067616854,0.24983709494723572,26.119438785438945,127.08445933204464,TRACK
23.796,172.63767654070782,-520.705719272871,-0.235588995217189,0.0023114520113588755,0.750456939594238,0.001734648291763406,0.7504589443732721,172.65276252954172,-521.0079956907041,0.30265263890659194,177.11287103130542,-521.884941476883,-0.25764540300550565,-0.022056407788316634,0.2495410556267279,52.54923660121551,100.61016897604125,TRACK
23.848,172.67673270737876,-520.705743471861,-0.23821065337960312,0.0012850340958884335,0.7506750556368542,0.0009646435724024003,0.75067567543688,172.69172045205923,-521.0060513816233,0.3006816807795349,177.11287103130542,-521.884941476883,-0.2598083402704939,-0.021597686890890755,0.24932432456312004,52.54923660121551,100.61016897604125,TRACK
23.896,172.71279061585446,-520.7058149741397,-0.2394874191137468,0.0001407018529067287,0.7508610354659278,0.00010564753966268948,0.7508610428983301,172.72768521094744,-521.0042564551289,0.29881292900081025,177.11287103130542,-521.884941476883,-0.2618266371781898,-0.02233921806444303,0.2491389571016699,51.88549252802825,100.75188014490566,TRACK
23.948,172.7518581472191,-520.7059430924766,-0.24552160483396435,-0.0010567892748008958,0.7510142110841428,-0.0007936640589524186,0.7510146304520144,172.7518581472191,-521.0031081799918,0.2971650875152818,177.11287103130542,-521.884941476883,-0.2640377147897146,-0.01851610995575026,0.24898536954798556,51.88549252802825,100.75188014490566,TRACK
23.996,172.78792596499895,-520.7060976544466,-0.24812491437221015,-0.002187159953859112,0.7511537418493521,-0.0016428960030552063,0.7511555384882415,172.78792596499895,-521.0031081799918,0.29701052554526086,177.11287103130542,-521.884941476883,-0.2661042695570483,-0.017979355184838147,0.24884446151175854,55.95829738971217,96.58060744638222,TRACK
24.048,172.82699934560563,-520.706325573881,-0.2546816820515099,-0.00346351607184531,0.7512438401316615,-0.0026019555184829844,0.7512483460935442,172.82699934560563,-521.0031081799918,0.29678260611080987,177.11287103130542,-521.884941476883,-0.26836646891823523,-0.013684786866725362,0.24875165390645582,55.95829738971217,96.58060744638222,TRACK
24.096,172.86306108397042,-520.706611019862,-0.25776439620127634,-0.005021727483385856,0.7512586716621887,-0.0037726480312323656,0.7512681442872471,172.86306108397042,-521.0031081799918,0.29649716012988847,177.11287103130542,-521.884941476883,-0.27047224969794437,-0.012707853496668031,0.24873185571275291,61.56075645694858,90.90284895240111,TRACK
24.148,172.90211453681454,-520.7070234894885,-0.25492208297880276,-0.00696023479075796,0.7511779153388918,-0.005228459091334247,0.751196111063784,172.90211453681454,-521.0031081799918,0.29608469050333497,177.11287103130542,-521.884941476883,-0.2727678015718834,-0.01784571859308065,0.24880388893621597,61.56075645694858,90.90284895240111,TRACK
24.196,172.9381455996817,-520.7075172715107,-0.2608271572200504,-0.009319391345172599,0.7509921450432779,-0.006998992321271259,0.7510247584535525,172.9381455996817,-521.0031081799918,0.295590908481131,177.11287103130542,-521.884941476883,-0.27489598363033585,-0.014068826410285451,0.24897524154644746,46.78703527820346,105.85023912136552,TRACK
24.248,172.97717085830908,-520.7081303011873,-0.2617978711707205,-0.011554272800785165,0.7508149042701825,-0.008675506293827111,0.7508650244109772,172.97717085830908,-521.0031081799918,0.2949778788045023,177.11287103130542,-521.884941476883,-0.2772223967917669,-0.015424525621046403,0.24913497558902276,46.78703527820346,105.85023912136552,TRACK
24.292,173.01319104293066,-520.7087508358139,-0.26970817661369617,-0.01353870111295885,0.7506768673079431,-0.010163810743217188,0.7507456707568091,173.01319104293066,-521.0031081799918,0.2943573441779108,177.562106573531,-522.1012819118849,-0.29706540096495243,-0.02735722435125626,0.2492543292431909,57.303762196619964,95.6570603570269,TRACK
24.348,173.05219639515178,-520.7095323531951,-0.2727104752152598,-0.015810900633483876,0.7504759883154273,-0.011866690125395114,0.7505698017989729,173.05219639515178,-521.0031081799918,0.2935758267967685,177.562106573531,-522.1012819118849,-0.2993261432116204,-0.02661566799636056,0.24943019820102708,57.303762196619964,95.6570603570269,TRACK
24.396,173.08819016682682,-520.7103410273376,-0.27319257400013264,-0.018138200307209012,0.7502639775355229,-0.013609930870499665,0.7503874107457583,173.08819016682682,-521.0031081799918,0.2927671526542781,177.562106573531,-522.1012819118849,-0.30142660966249074,-0.028234035662358103,0.24961258925424168,31.473710341838377,121.6314237361106,TRACK
24.448,173.12720206118192,-520.711204067632,-0.27618909044776685,-0.01953146871913296,0.7502516435573927,-0.014655380124702102,0.7503947686565843,173.12720206118192,-521.0031081799918,0.2919041123598163,177.562106573531,-522.1012819118849,-0.30374129123590443,-0.027552200788137582,0.24960523134341572,31.473710341838377,121.6314237361106,TRACK
24.496,173.16322900940983,-520.7119967819142,-0.2768408124616826,-0.02039565224110973,0.7503600658075184,-0.015306205388546025,0.7505161612397562,173.16322900940983,-521.0031081799918,0.2911113980776463,177.562106573531,-522.1012819118849,-0.3059131651090763,-0.029072352647393718,0.24948383876024383,44.333311460158775,108.8072471374281,TRACK
24.548,173.20226147775205,-520.7129027677846,-0.28365591247405475,-0.021379858848945856,0.7504525796936345,-0.016047015322673965,0.7506241276894828,173.20226147775205,-521.0031081799918,0.2902054122072286,177.562106573531,-522.1012819118849,-0.3082934724615155,-0.024637559987460755,0.24937587231051717,44.333311460158775,108.8072471374281,TRACK
24.596,173.23829079336085,-520.7137968752035,-0.2869510669419475,-0.022580989945697384,0.7505079364483562,-0.01695009322214356,0.7506993195229428,173.23829079336085,-521.0031081799918,0.2893113047883844,177.562106573531,-522.1012819118849,-0.31051337645505445,-0.02356230951310695,0.24930068047705722,51.22175981922895,101.58761664730524,TRACK
24.648,173.27731206548654,-520.714856678338,-0.28970818615332505,-0.02418115625372996,0.7504733364605305,-0.01815085092330234,0.7506928014357408,173.26289219290183,-521.0037861929056,0.289289123738912,177.562106573531,-522.1012819118849,-0.312936760229598,-0.023228574076272934,0.2493071985642592,51.22175981922895,101.58761664730524,TRACK
24.696,173.3133221130039,-520.715914492082,-0.29103611271716967,-0.025995973659214064,0.7503809318467056,-0.019511278316486753,0.7506345534683796,173.29886543152986,-521.0055815426063,0.2900275776519618,177.562106573531,-522.1012819118849,-0.3151921972368926,-0.024156084519722953,0.2493654465316204,50.15977796719919,102.69323627567432,TRACK
24.748,173.3523195183237,-520.7171564139311,-0.29936230608715286,-0.02803927030142419,0.7502301415067375,-0.021041420274661694,0.7505251538705378,173.33782777115815,-521.0075260721359,0.2907310598162361,177.562106573531,-522.1012819118849,-0.31765376952521973,-0.01829146343806687,0.24947484612946225,50.15977796719919,102.69323627567432,TRACK
24.796,173.38830515959185,-520.7183893782594,-0.3001216879475186,-0.03021204625368624,0.750044892893001,-0.022667288072557176,0.7503873315184884,173.3737853838603,-521.0093206419789,0.2912933643197233,177.562106573531,-522.1012819118849,-0.3199436463504504,-0.019821958402931827,0.24961266848151165,58.32031929680609,94.74473367347782,TRACK
24.848,173.42726504512854,-520.7198570143719,-0.3070066704484389,-0.03281483319847944,0.7497591791850576,-0.024612057234912128,0.7501630357019639,173.41272153386916,-521.0112638644389,0.29176954259436644,177.562106573531,-522.1012819118849,-0.32243481358940196,-0.01542814314096308,0.24983696429803615,58.32031929680609,94.74473367347782,TRACK
24.896,173.46319999692048,-520.72134939682,-0.304026261708777,-0.03585452232513876,0.749369156619889,-0.026879792553258224,0.7498510893110111,173.4486414978906,-521.0130565553144,0.292070224793454,177.562106573531,-522.1012819118849,-0.32474038304839603,-0.02071412133961903,0.2501489106889889,57.670136632999956,95.69277972652604,TRACK
24.948,173.5021022593155,-520.7231066576863,-0.30716783116673096,-0.03910187360379944,0.7489321025386693,-0.02929958252950983,0.7495050098227465,173.4875345865855,-521.0149976286737,0.2922542660641306,177.562106573531,-522.1012819118849,-0.32724691547868623,-0.020079084311955264,0.2504949901772535,57.670136632999956,95.69277972652604,TRACK
24.996,173.53798378644817,-520.724869349905,-0.3133666000832245,-0.04259301468337814,0.7484420019924507,-0.03189769273869742,0.7491214141569575,173.5234147157681,-521.016788331475,0.29228231150952433,177.9999999999994,-522.3397459621552,-0.3472510271059653,-0.033884427022740804,0.25087858584304246,44.674600012188094,109.20045235597742,TRACK
25.048,173.57684107651662,-520.7268872919963,-0.31646335822693517,-0.04584295973356827,0.7480267536788889,-0.03431580281736411,0.7488134604441732,173.5622759216093,-521.018727813627,0.2922037539170166,177.9999999999994,-522.3397459621552,-0.34965674203536024,-0.03319338380842507,0.2511865395558268,44.674600012188094,109.20045235597742,TRACK
25.096,173.6126997018299,-520.7288446550372,-0.31753571363537936,-0.048882212847363174,0.7476865328007145,-0.03657771067119164,0.748580710578024,173.59814289735198,-521.0205178599675,0.2920362289698962,177.9999999999994,-522.3397459621552,-0.3518916696589415,-0.03435595602356212,0.251419289421976,24.42959098637614,129.84307242552683,TRACK
25.148,173.65155904921798,-520.7310071674103,-0.32598616488943155,-0.05123050912967078,0.7475495460478536,-0.03833088367870453,0.7485316161926244,173.63701335267697,-521.0224578037422,0.29181338335677026,177.9999999999994,-522.3397459621552,-0.35434262762064767,-0.028356462731216114,0.2514683838073756,24.42959098637614,129.84307242552683,TRACK
25.196,173.6874419921915,-520.7330475638275,-0.32682679102265944,-0.05318072234170916,0.7475536641130999,-0.039792964933348655,0.7486120228710651,173.67290871938715,-521.024249267017,0.2915641403857052,177.9999999999994,-522.3397459621552,-0.35663217808710646,-0.02980538706444702,0.2513879771289349,51.45592741499835,102.76422209051393,TRACK
25.248,173.72629128473645,-520.7354202674277,-0.33035346240735985,-0.055916761691499936,0.7473955045721408,-0.04183554759226562,0.7485654636015407,173.71177960899536,-521.0261892324658,0.2911308636371697,177.9999999999994,-522.3397459621552,-0.3591162727513939,-0.02876281034403405,0.25143453639845925,51.45592741499835,102.76422209051393,TRACK
25.296,173.7621295005849,-520.7377620144252,-0.3312510510983129,-0.05918220706080316,0.7471274018668832,-0.04426834445883536,0.7484377335099328,173.74730093586325,-521.0279620281881,0.2905786198598547,177.9999999999994,-522.3397459621552,-0.36141243492589403,-0.030161383827581156,0.2515622664900672,44.05204924852023,109.98947892616096,TRACK
25.348,173.8009467745608,-520.7404132511369,-0.33474230155381046,-0.062335927863724334,0.7469029245127645,-0.04661928638083464,0.7483564234429866,173.7719266022243,-521.0304261977708,0.29146128322246934,177.9999999999994,-522.3397459621552,-0.363915189377368,-0.029172887823557536,0.2516435765570134,44.05204924852023,109.98947892616096,TRACK
25.396,173.83677003786408,-520.7429699786353,-0.34147384963012506,-0.0654553881611202,0.7466981958530969,-0.04894534082307514,0.7483006361607325,173.80764802527986,-521.0340006652738,0.2924841058625439,177.9999999999994,-522.3397459621552,-0.3662389462055186,-0.024765096575393553,0.2516993638392675,43.790805365760335,110.4888713461496,TRACK
25.448,173.87556890828154,-520.7458649551738,-0.3450299335820095,-0.06861267107289436,0.7465000704988842,-0.051299890544319195,0.7482606725097198,173.84634906737787,-521.0378732886319,0.29346663509057913,177.9999999999994,-522.3397459621552,-0.368769909840299,-0.023739976258289497,0.25173932749028016,43.790805365760335,110.4888713461496,TRACK
25.496,173.91137318191568,-520.7486582517457,-0.351847224819017,-0.07184833484289084,0.7462978744065677,-0.05371271635720666,0.7482282895228105,173.882075126648,-521.0414482200581,0.2942521734615232,177.9999999999994,-522.3397459621552,-0.37111777771136345,-0.01927055289234647,0.2517717104771895,55.236859845192186,99.03810234018806,TRACK
25.548,173.95012485262785,-520.751884182892,-0.3533787674539832,-0.07576911025482375,0.7459221712346684,-0.056626263732209574,0.7480684589552695,173.92076222565663,-521.0453194481996,0.2949006930965017,177.9999999999994,-522.3397459621552,-0.3736573606928617,-0.020278593238878484,0.2519315410447305,55.236859845192186,99.03810234018806,TRACK
25.596,173.98585927863954,-520.7550525348626,-0.3568954755310074,-0.08019868874790441,0.7454129343044023,-0.05990963787781782,0.7478165599523391,173.95645628764697,-521.0488911778151,0.2953060852259999,177.9999999999994,-522.3397459621552,-0.37599634322181846,-0.01910086769081104,0.2521834400476609,55.05215353180072,99.3774880559269,TRACK
25.648,174.02452979161265,-520.7586977116682,-0.3597890207302519,-0.08502018056901664,0.7448007061553523,-0.06347610850484678,0.7475007078527957,173.9951045694498,-521.0527585217094,0.2955293618262048,177.9999999999994,-522.3397459621552,-0.3785228614780869,-0.018733840747835018,0.25249929214720435,55.05215353180072,99.3774880559269,TRACK
25.696,174.06018300372625,-520.7622692231275,-0.36705103714468307,-0.09020272563833245,0.7440917973293311,-0.06730174158564281,0.7471292574068124,174.03075816492571,-521.0563262020393,0.29552551156394097,178.42546263865705,-522.599740768492,-0.39841718441599255,-0.031366147271309486,0.25287074259318765,53.78394286453958,101.14850474702367,TRACK
25.748,174.09876888579984,-520.7663467345202,-0.367747358686505,-0.09547633955364082,0.7433723360670801,-0.07119092025053303,0.7467734443296344,174.06936548755462,-521.06018944735,0.2953101754283992,178.42546263865705,-522.599740768492,-0.40080309350567556,-0.03305573481917057,0.25322655567036556,53.78394286453958,101.14850474702367,TRACK
25.796,174.13435134620934,-520.7703068034463,-0.37110787299048087,-0.10084820297645568,0.7426474589295335,-0.07514960074871688,0.7464400248829003,174.1049875283233,-521.0637539701553,0.29491265393400995,178.42546263865705,-522.599740768492,-0.4029975148161784,-0.031889641825697534,0.2535599751170997,22.936660816701604,132.4769055257599,TRACK
25.848,174.17291038979317,-520.7746900283948,-0.3739701224825178,-0.10516719153072025,0.7422528724261381,-0.0783497161021295,0.7463765836614498,174.1435985665137,-521.067617587264,0.2943904511511587,178.42546263865705,-522.599740768492,-0.4053939689477454,-0.031423846465227556,0.25362341633855023,22.936660816701604,132.4769055257599,TRACK
25.896,174.20851689260445,-520.778822790113,-0.38088165026971527,-0.10880264612536142,0.742095116742558,-0.08106203632833706,0.7465093542795345,174.179261520539,-521.071186204058,0.29382348886402615,178.42546263865705,-522.599740768492,-0.40762433681753196,-0.026742686547816696,0.25349064572046554,45.127892744441766,110.33665377463862,TRACK
25.948,174.24706432708408,-520.7835016553539,-0.38252367434723045,-0.1129985236177263,0.7418157118032003,-0.08418268581152849,0.746577038803452,174.21789035470687,-521.075051601923,0.29300595899857224,178.42546263865705,-522.599740768492,-0.4100355936123946,-0.027511919265164164,0.25342296119654795,45.127892744441766,110.33665377463862,TRACK
26.0,174.2826280904843,-520.7879953677964,-0.3862579803378949,-0.11744152926784124,0.741499320798792,-0.08748539900382218,0.7466424430635643,174.2434370464739,-521.0776079339981,0.292252247951305,178.42546263865705,-522.599740768492,-0.4122595514800604,-0.026001571142165503,0.2533575569364357,50.580748684990056,104.47075067513151,TRACK
26.048,174.3211304735401,-520.7930631325949,-0.3893620991171587,-0.12214211669723218,0.7411252137024846,-0.0909754647267918,0.7466880992541727,174.27746909677077,-521.0827374402436,0.29294627550656754,178.42546263865705,-522.599740768492,-0.41466434359305365,-0.025302244475894964,0.2533119007458273,50.580748684990056,104.47075067513151,TRACK
26.096,174.3566462351889,-520.7979277427147,-0.3970356479259665,-0.12703610033365356,0.7407004842623042,-0.09460516752967363,0.7467177144743049,174.3129128601015,-521.0880797279925,0.2934293486636811,178.42546263865705,-522.599740768492,-0.41687929376339516,-0.019843645837428647,0.2532822855256951,49.780040906525244,105.25563707001339,TRACK
26.148,174.3951007232745,-520.8033860938426,-0.39399431356652914,-0.131924732484617,0.7402835999621706,-0.09823226071678201,0.7467726464048351,174.3513175743012,-521.0938683072766,0.2937633068569203,178.42546263865705,-522.599740768492,-0.41927692477301987,-0.025282611206490724,0.2532273535951649,49.780040906525244,105.25563707001339,TRACK
26.196,174.4305724949846,-520.8086114599579,-0.4010147869702392,-0.13694243180779234,0.7398326753615116,-0.10195259738974632,0.7468244235743015,174.38677149221618,-521.0992121255828,0.2938830970048156,178.42546263865705,-522.599740768492,-0.4214851714625329,-0.020470384492293714,0.25317557642569855,46.79937653394172,108.20320449730988,TRACK
26.248,174.46897295648083,-520.8144747205016,-0.404663952974307,-0.14204440869701865,0.7393558836711054,-0.10573344196298698,0.7468779575462255,174.4251830545241,-521.105001737053,0.293808616040542,178.42546263865705,-522.599740768492,-0.42387195816414464,-0.019208005189837618,0.25312204245377445,46.79937653394172,108.20320449730988,TRACK
26.296,174.50439249473627,-520.8200761761829,-0.4117044027438448,-0.14722616039994293,0.7388487908321211,-0.10957068495167939,0.7469292273802569,174.46064132645014,-521.1103462116208,0.29354873223974426,178.42546263865705,-522.599740768492,-0.4260693507394356,-0.014364947995590793,0.2530707726197431,58.9551597795811,95.97893596504574,TRACK
26.348,174.5427070392116,-520.8264090013384,-0.41314112813901116,-0.15302784437836084,0.7381380710863494,-0.11384572991971789,0.7468658930544559,174.4990380835628,-521.116133591567,0.29299712604483025,178.8374367223474,-522.8806199428411,-0.44614530289576315,-0.03300417475675199,0.25313410694554406,58.9551597795811,95.97893596504574,TRACK
26.396,174.57802370515844,-520.8324916685141,-0.41608795450953623,-0.15916220151409674,0.7373071020685942,-0.11835250593680963,0.7467456584556156,174.53446668813325,-521.1214735945003,0.29224607316243484,178.8374367223474,-522.8806199428411,-0.44820858087195575,-0.032120626362419524,0.2532543415443844,22.964529396923737,132.03569231682002,TRACK
26.448,174.6162904147775,-520.839197830719,-0.42368450916553785,-0.16417718282744792,0.7368140080112644,-0.12206675908397026,0.7468568645161452,174.5728716944874,-521.1272622178196,0.29131817036931695,178.8374367223474,-522.8806199428411,-0.45045628657331654,-0.026771777407778696,0.2531431354838548,22.964529396923737,132.03569231682002,TRACK
26.496,174.65161672742565,-520.845504080668,-0.4205851305939925,-0.16854667098528595,0.7365168016001078,-0.12532646594962396,0.7471035551425751,174.6083426825609,-521.1326086090382,0.2903474697145953,178.8374367223474,-522.8806199428411,-0.45254102407313096,-0.031955893479138464,0.2528964448574249,53.7465085015478,101.25714380628983,TRACK
26.548,174.68984148860622,-520.8525690936847,-0.4244014051255609,-0.17352517081504085,0.7360179674477707,-0.12901517509504168,0.7472398301822193,174.6467595588691,-521.1383990214653,0.28905847208640656,178.8374367223474,-522.8806199428411,-0.45478497205223745,-0.030383566926676542,0.2527601698177807,53.7465085015478,101.25714380628983,TRACK
26.596,174.72508630893395,-520.8592999759105,-0.43161374294480304,-0.17883870259244383,0.7354051603974302,-0.1329392133751794,0.7473242832880392,174.68221344614017,-521.1437428351526,0.2876557361464128,178.8374367223474,-522.8806199428411,-0.4568440502967659,-0.025230307351962855,0.25267571671196076,37.8970491567411,116.69716084561361,TRACK
26.648,174.76325944175386,-520.8667410784932,-0.43537210328398723,-0.1836282558623,0.7349479020846263,-0.1364948330003322,0.7475153899515261,174.7206352681121,-521.1495339930184,0.28598715475402453,178.8374367223474,-522.8806199428411,-0.4590797913660267,-0.02370768808203949,0.2524846100484739,37.8970491567411,116.69716084561361,TRACK
26.696,174.79849544036466,-520.8737305709778,-0.4369882231304975,-0.1878986873358817,0.7346452928921091,-0.1396866908174531,0.7478075139767342,174.7420309596828,-521.1530442614255,0.28496381393112635,178.8374367223474,-522.8806199428411,-0.4611525118186655,-0.024164288688168,0.2521924860232658,56.04829314542739,98.44868486055421,TRACK
26.748,174.83663094820207,-520.8815098673399,-0.44649199324962474,-0.1925673385702435,0.7342007431316705,-0.1431569976221303,0.7480271767678497,174.78018006995018,-521.1607562704439,0.28489516545906146,178.8374367223474,-522.8806199428411,-0.4633890653494031,-0.016897072099778365,0.2519728232321503,56.04829314542739,98.44868486055421,TRACK
26.796,174.87179940487542,-520.8888805702294,-0.4473889264859517,-0.19747855535249054,0.7336671462787298,-0.14679675702357117,0.7482090412454346,174.81539926514083,-521.1678759843516,0.2846390993227729,178.8374367223474,-522.8806199428411,-0.4654455918024337,-0.018056665316482035,0.25179095875456536,60.71791346276392,93.37766302530021,TRACK
26.848,174.9098508267934,-520.8970901959988,-0.45514860856800476,-0.20273558265597527,0.7329989849136679,-0.15067498859000822,0.7483251058671402,174.85355116831906,-521.1755885579693,0.284131992504493,178.8374367223474,-522.8806199428411,-0.4676596614227397,-0.012511052854734916,0.2516748941328598,60.71791346276392,93.37766302530021,TRACK
26.896,174.9449227357747,-520.904888481042,-0.45173915396269226,-0.2083561647272531,0.7321820098492664,-0.1548012376904389,0.7483675024594554,174.88876065035632,-521.1827063083206,0.283437691551998,178.8374367223474,-522.8806199428411,-0.4696869157505215,-0.017947761787829253,0.2516324975405446,60.49606836304373,93.54391391786196,TRACK
26.944,174.98286276107282,-520.9135671898646,-0.45521513504395505,-0.2141395995635088,0.7312838612932472,-0.1590351908045544,0.7483770959230395,174.92689663464708,-521.1904156638656,0.2824487296196898,178.8374367223474,-522.8806199428411,-0.47186671859271107,-0.01665158354875601,0.25162290407696053,60.49606836304373,93.54391391786196,TRACK
26.996,175.01782950076122,-520.9217970016335,-0.46266057822612083,-0.22009465269246742,0.7303003200685376,-0.16338191817160072,0.7483529973733253,174.96208888653499,-521.197529931067,0.2813106191530974,178.8374367223474,-522.8806199428411,-0.4738617025176691,-0.011201124291548292,0.2516470026266747,46.31808824478158,107.81792081837723,TRACK
27.048,175.0556766508529,-520.9308949245379,-0.46308499553013593,-0.22563094663944191,0.7294356413538325,-0.167434266360403,0.7484053637093493,175.00021706074403,-521.20523770777,0.27989235224739034,179.23489801858688,-523.1816851753193,-0.49402303621731636,-0.030938040687180424,0.2515946362906507,46.31808824478158,107.81792081837723,TRACK
27.096,175.0905891994296,-520.9394435072128,-0.4723600182453036,-0.2307082934217301,0.7287038335850784,-0.171165688471694,0.7485365522080927,175.03541916002186,-521.2123539656644,0.2784310535492242,179.23489801858688,-523.1816851753193,-0.49593901672431107,-0.023578998479007462,0.2514634477919073,22.834957757232985,131.2975154307045,TRACK
27.148,175.12842774136692,-520.9487827437295,-0.47583536572211926,-0.23465726748001206,0.7283399856392754,-0.1741179432918566,0.7488632671303928,175.07358593135095,-521.2200695449435,0.2767745520071839,179.23489801858688,-523.1816851753193,-0.4980338187273824,-0.02219845300526313,0.25113673286960725,22.834957757232985,131.2975154307045,TRACK
27.192,175.1633744686587,-520.9574679417549,-0.4765477883437938,-0.2377879256133466,0.7282408771681157,-0.17650623207515312,0.7493258471052192,175.10884740050068,-521.2271978047164,0.2751861190815289,179.23489801858688,-523.1816851753193,-0.49998747418351697,-0.023439685839723168,0.2506741528947808,59.10998264747863,94.55272667332798,TRACK
27.248,175.2011854396657,-520.9670720224808,-0.4844457363746688,-0.24162487401405472,0.7278534903986378,-0.17937190188870594,0.7496298971310119,175.1470391207396,-521.2349184275264,0.273264561458472,179.23489801858688,-523.1816851753193,-0.502095124104394,-0.01764938772972524,0.2503701028689881,59.10998264747863,94.55272667332798,TRACK
27.296,175.23604541466955,-520.9761078242938,-0.4809395291291101,-0.24582580966853437,0.7272920864955441,-0.18247779111379664,0.7498345973138425,175.18228533701594,-521.2420436038644,0.27131528671488614,179.23489801858688,-523.1816851753193,-0.5040344064487977,-0.023094877319687623,0.2501654026861575,56.38608388569865,96.69821829514576,TRACK
27.348,175.27378288059697,-520.9860389229495,-0.4886399220850577,-0.2498537535070057,0.7267420307335931,-0.18545449748405224,0.7500315659169613,175.22046995069542,-521.2497627900525,0.26905863036599303,179.23489801858688,-523.1816851753193,-0.5061385844281205,-0.017498662343062854,0.2499684340830387,56.38608388569865,96.69821829514576,TRACK
27.396,175.30859143289305,-520.9953336902697,-0.4915469369930956,-0.2537348346651828,0.7261946804691266,-0.18831976840754738,0.7502153351636643,175.24244439347174,-521.2551094621596,0.26806507136359875,179.23489801858688,-523.1816851753193,-0.5080847132756521,-0.016537776282556482,0.24978466483633566,50.59497688057083,102.45321291398346,TRACK
27.448,175.34628064000293,-521.0055237860104,-0.4925624132045576,-0.2573499047528246,0.7257038978521726,-0.19099503233468962,0.7504167173873232,175.2802754613255,-521.2647424356985,0.26749017170427436,179.23489801858688,-523.1816851753193,-0.5102016044921739,-0.017639191287616263,0.24958328261267682,50.59497688057083,102.45321291398346,TRACK
27.496,175.3810496452532,-521.0150436781448,-0.5020222535327945,-0.2608181049696862,0.7252315302204624,-0.193562651164575,0.7506179270119868,175.31520387234298,-521.2736363019882,0.2668441697252085,179.23489801858688,-523.1816851753193,-0.5121631037324545,-0.010140850199660045,0.24938207298801318,49.95534994380647,102.88922755202533,TRACK
27.548,175.4186787495225,-521.0255021179486,-0.5029986022656141,-0.26441558804212345,0.7246733118406081,-0.19620906808994693,0.7507658804812328,175.35304266527876,-521.2832712425748,0.2659943931089513,179.23489801858688,-523.1816851753193,-0.5142903490937488,-0.011291746828134719,0.24923411951876717,49.95534994380647,102.88922755202533,TRACK
27.596,175.45337570429172,-521.0352918803982,-0.5064115000121494,-0.26812171499010634,0.7240362812218217,-0.19891957878679575,0.7508645252975008,175.3879679461883,-521.292164311841,0.26506908694805165,179.23489801858688,-523.1816851753193,-0.5162554465314944,-0.009843946519344948,0.2491354747024992,62.84617547501973,89.82446524523705,TRACK
27.648,175.4908969649899,-521.0460866745842,-0.5133762179535939,-0.27232543870254744,0.7231705298011988,-0.20195499477130402,0.7508404857797853,175.42578589347391,-521.3017939444728,0.26386674574080526,179.23489801858688,-523.1816851753193,-0.518374477003307,-0.004998259049713072,0.24915951422021465,62.84617547501973,89.82446524523705,TRACK
27.696,175.5254684556924,-521.0562233593962,-0.5166443693101646,-0.2768357641870473,0.7221446307431103,-0.20518407335538844,0.7507285605795296,175.4606763082251,-521.3106781357243,0.2625742858118484,179.23489801858688,-523.1816851753193,-0.5203215410945538,-0.0036771717843891993,0.24927143942047036,67.1920749190472,85.57664933803912,TRACK
27.748,175.56286078470018,-521.0673723993231,-0.5167203431997924,-0.2813617867842597,0.7210731475354353,-0.20841126257335169,0.7505875954637661,175.498457884087,-521.3202985070536,0.26099683825502723,179.61685837596818,-523.5021879703223,-0.5408577714650241,-0.024137428265231686,0.24941240453623392,67.1920749190472,85.57664933803912,TRACK
27.796,175.59732724769387,-521.0778050849385,-0.5192649505216416,-0.28575705416169866,0.7200155052270238,-0.21153898661870715,0.750447247064706,175.5333204479649,-521.3291756066013,0.25939161430658186,179.61685837596818,-523.5021879703223,-0.5427329481489204,-0.023467997627278803,0.249552752935294,20.261662907616184,132.81222378086937,TRACK
27.848,175.63471460306621,-521.0890816563847,-0.5223455372632326,-0.28827132943066386,0.719655739557586,-0.21340034142054642,0.7506291289289151,175.57112784926036,-521.3388025538941,0.2576893515698094,179.61685837596818,-523.5021879703223,-0.5448062155993614,-0.022460678336128748,0.2493708710710849,20.261662907616184,132.81222378086937,TRACK
27.896,175.6692727215867,-521.0994647888052,-0.5292933031265435,-0.28953330142752853,0.7197625115910384,-0.21442056248981733,0.7510221372970902,175.60606463832585,-521.347698553497,0.2561547651764024,179.61685837596818,-523.5021879703223,-0.546760182912148,-0.01746687978560446,0.24897786270290978,48.83854837024832,104.06326519485229,TRACK
27.948,175.70668319787782,-521.1108155729434,-0.5327340440995743,-0.29130227686349314,0.7196469152628149,-0.21577287424040964,0.751298619661485,175.64391149898313,-521.3573355483778,0.25438628986314504,179.61685837596818,-523.5021879703223,-0.5488883908251816,-0.016154346725607338,0.24870138033851497,48.83854837024832,104.06326519485229,TRACK
27.996,175.7411923536152,-521.1213812135359,-0.5336379539830252,-0.2933349388784701,0.7193997555058123,-0.21729349757670852,0.7515001479114568,175.6788459492005,-521.3662309524368,0.252662757016734,179.61685837596818,-523.5021879703223,-0.5508651187742887,-0.017227164791263516,0.2484998520885432,58.96853179678106,93.24655338977644,TRACK
28.048,175.77853244600445,-521.1329469202825,-0.5407143218646762,-0.29579704932812945,0.7189373860064746,-0.2190868765272273,0.7515783555054517,175.70840468142924,-521.3737575304997,0.2508139815829384,179.61685837596818,-523.5021879703223,-0.5530133443552113,-0.01229902249053516,0.2484216444945483,58.96853179678106,93.24655338977644,TRACK
28.096,175.81295564200835,-521.1437318833,-0.53666489713796,-0.29853430924766794,0.7183117717659673,-0.22104682507862972,0.7515540568281868,175.73908316001175,-521.3832205878937,0.2506231897177349,179.61685837596818,-523.5021879703223,-0.555002637889609,-0.018337740751649068,0.24844594317181323,58.39229367869464,93.8663551071358,TRACK
28.148,175.8502107341139,-521.1555115337487,-0.544150458417096,-0.3012316924167236,0.7176580792813179,-0.22296654509054442,0.7514966393719695,175.77641936357102,-521.3947372814677,0.25034800725844997,179.61685837596818,-523.5021879703223,-0.5571703307023669,-0.013019872285270906,0.24850336062803047,58.39229367869464,93.8663551071358,TRACK
28.196,175.8845638167286,-521.166474970896,-0.5468189125268812,-0.303922895428195,0.7169689789317218,-0.22486998350810036,0.7514060328699319,175.81087579134035,-521.4053656818525,0.24999739372016883,179.61685837596818,-523.5021879703223,-0.5591826805908018,-0.012363768063920588,0.2485939671300681,51.90452603213181,100.58228178137516,TRACK
28.248,175.92175252646246,-521.1784279009545,-0.5499882474489461,-0.3063938567525761,0.7163384595143518,-0.22661790313516245,0.7513297961619602,175.84820018580902,-521.4168787328045,0.24953706343063406,179.61685837596818,-523.5021879703223,-0.5613810538938662,-0.011392806444920023,0.24867020383803984,51.90452603213181,100.58228178137516,TRACK
28.296,175.9560570702553,-521.1895269192851,-0.5568626328959052,-0.3086756062058478,0.7157572971737952,-0.22823197903168704,0.7512644971714403,175.8826504796391,-521.4275052411197,0.24904258513174396,179.61685837596818,-523.5021879703223,-0.5634287331887802,-0.006566100292874966,0.24873550282855972,56.17935539795573,96.44242341392007,TRACK
28.348,175.99317541507062,-521.201650736948,-0.5573405837917522,-0.311134079756055,0.7150772563430481,-0.22995340525538108,0.7511418315655485,175.9199587547441,-521.4390133199065,0.2483982188706787,179.61685837596818,-523.5021879703223,-0.5656594075733907,-0.008318823781638507,0.24885816843445152,56.17935539795573,96.44242341392007,TRACK
28.396,176.02739787805945,-521.212930421422,-0.559928497998754,-0.3136711863109792,0.7143390092498184,-0.23171741270603222,0.7509814774594576,175.95438498543191,-521.4496324057252,0.24770690717641056,179.98236818086036,-523.8413315074024,-0.586557810591857,-0.02662931259310297,0.24901852254054235,60.26798627734745,92.46795052651386,TRACK
28.448,176.06441978908276,-521.2252566701096,-0.562997224779171,-0.31637512376031146,0.713506295592382,-0.23358145365622446,0.7507672937349619,175.99166222170015,-521.4611309102988,0.24684067897385994,179.98236818086036,-523.8413315074024,-0.5887283618129879,-0.02573113703381691,0.24923270626503813,60.26798627734745,92.46795052651386,TRACK
28.496,176.09854249461296,-521.2367351673383,-0.5627752501121925,-0.31921631076898355,0.7125904866260571,-0.23552532050265063,0.7505047489708757,176.02605335952475,-521.4717391714029,0.24592998319074505,179.98236818086036,-523.8413315074024,-0.5907390033023874,-0.02796375319019484,0.2494952510291243,21.08315524933952,131.9534782175835,TRACK
28.548,176.13554796052588,-521.2491308631273,-0.5658237597315479,-0.3206183811810639,0.7122590676439452,-0.2365240261372729,0.7505042267577229,176.06333513991646,-521.483239077653,0.24499254594533154,179.98236818086036,-523.8413315074024,-0.5929629321880502,-0.027139172456502325,0.24949577324227712,21.08315524933952,131.9534782175835,TRACK
28.596,176.16973634446217,-521.260549047084,-0.5728659516804195,-0.32121804026104994,0.712258693503946,-0.2369982083403141,0.7506534468238103,176.09776926212902,-521.4938605976847,0.24415884293473866,179.98236818086036,-523.8413315074024,-0.595055951276557,-0.022189999596137433,0.2493465531761897,41.25565465256635,111.8692747974322,TRACK
28.648,176.20675300896454,-521.2729742863768,-0.5762893166236682,-0.3221389156949921,0.712118777235856,-0.23768025373762075,0.7507363424722894,176.13506958939396,-521.5053662248876,0.24319647556271462,179.98236818086036,-523.8413315074024,-0.5973466847951083,-0.021057368171440105,0.24926365752771062,41.25565465256635,111.8692747974322,TRACK
28.692,176.2409116246487,-521.2844811534741,-0.5835772306245071,-0.32311467740457717,0.7119504445670032,-0.23839640418057306,0.7508037566803862,176.16950150813435,-521.5159870652382,0.24226925500838123,179.98236818086036,-523.8413315074024,-0.5994868055353112,-0.015909574910804136,0.24919624331961376,55.15567602786788,97.59054153993478,TRACK
28.748,176.277875895129,-521.2970281429484,-0.5870766833032355,-0.3245557702735682,0.7115657633551687,-0.23940855341007736,0.7507611411262106,176.1951005845785,-521.5244514395741,0.24201881721229476,179.98236818086036,-523.8413315074024,-0.6018225091602145,-0.014745825856979033,0.24923885887378938,55.15567602786788,97.59054153993478,TRACK
28.796,176.31196761589126,-521.3086687439376,-0.5872731723061526,-0.3261239344334524,0.711103210072347,-0.24049494192912413,0.7506700956270266,176.22894554862538,-521.536769999067,0.24274028558261543,179.98236818086036,-523.8413315074024,-0.6039989204136844,-0.0167257481075318,0.24932990437297342,59.85649691548013,92.98113972619956,TRACK
28.848,176.34886269446534,-521.3213510067133,-0.5906565916415532,-0.32786001049561725,0.7105493461802346,-0.2416830963210334,0.75052720963632,176.26560072355997,-521.550111391675,0.24344171689936783,179.98236818086036,-523.8413315074024,-0.6063770570609769,-0.015720465419423735,0.24947279036367997,59.85649691548013,92.98113972619956,TRACK
28.896,176.38287653290593,-521.3331347412021,-0.5906837418957056,-0.32983275692776376,0.7098746469797688,-0.2430170765899347,0.7503194745833067,176.29942291800617,-521.562421663711,0.24400204645337364,179.98236818086036,-523.8413315074024,-0.6085883584883958,-0.01790461659269016,0.24968052541669328,49.61095880547431,103.48655529089022,TRACK
28.948,176.41969711372988,-521.3459556718743,-0.593940208408624,-0.3316651050982799,0.7092493530057731,-0.2442558254617591,0.7501303573453837,176.33605687677482,-521.5757553342662,0.2445476928399093,179.98236818086036,-523.8413315074024,-0.6110096271022645,-0.017069418693640426,0.2498696426546163,49.61095880547431,103.48655529089022,TRACK
28.996,176.45364468448977,-521.3578633617158,-0.6010505525937759,-0.3336565108259465,0.7085464495779753,-0.2455931916440566,0.749902718351833,176.3698603938688,-521.5880588083019,0.2449688775820929,179.98236818086036,-523.8413315074024,-0.6132627568718578,-0.012212204278081895,0.250097281648167,48.27368162119001,105.1248237595315,TRACK
29.048,176.4903674227996,-521.3708568904473,-0.6043283387762046,-0.33590349135775044,0.707727469311106,-0.2470920179537288,0.7496216620095422,176.40646342747024,-521.6013812230167,0.24531887073522288,179.98236818086036,-523.8413315074024,-0.6157196833540867,-0.011391344577882045,0.25037833799045783,48.27368162119001,105.1248237595315,TRACK
29.096,176.52421419280802,-521.3829392256312,-0.6114883238886017,-0.33834057444668086,0.7068222196968623,-0.24871017238579074,0.7493026091675974,176.44023406519185,-521.6136727299395,0.2455414666503917,180.33051871829792,-524.1982726222905,-0.636844177993295,-0.02535585410469321,0.2506973908324026,61.66706159867957,92.06810614900519,TRACK
29.148,176.56079270676406,-521.396172575932,-0.6147680911525732,-0.34141348202022304,0.7056359790455689,-0.2507322390759149,0.7488583248089189,176.47678682265067,-521.6269768456349,0.24561677361030615,180.33051871829792,-524.1982726222905,-0.6392100142890587,-0.02444192313648541,0.2511416751910811,61.66706159867957,92.06810614900519,TRACK
29.196,176.594487087209,-521.4085047927914,-0.6151494654783657,-0.3447154978345632,0.704351577123893,-0.2528983699988709,0.7483773979383671,176.5105032074238,-521.6392486060994,0.2455524372586891,180.33051871829792,-524.1982726222905,-0.6413983078332149,-0.026248842354849256,0.2516226020616329,27.976015864080587,126.30833664608625,TRACK
29.248,176.63100417265443,-521.421866574574,-0.6178315304705801,-0.34683459224019086,0.7036166002440646,-0.2543190101896954,0.748167413807152,176.5470429992253,-521.6525480026814,0.2454860483149525,180.33051871829792,-524.1982726222905,-0.6438072647631651,-0.02597573429258493,0.251832586192848,27.976015864080587,126.30833664608625,TRACK
29.296,176.66472795038536,-521.4342041122641,-0.6178506461750454,-0.34819327538990774,0.7032533361133083,-0.2552685689468476,0.7481492478420795,176.58078705253726,-521.6648298336704,0.24542676648185577,180.33051871829792,-524.1982726222905,-0.6460670273860661,-0.02821638121102077,0.2518507521579205,42.249834854332526,112.3780821893179,TRACK
29.348,176.70124760886452,-521.4476219627591,-0.621326299049973,-0.34956202466242864,0.7029200620834148,-0.25623702507018303,0.7481671114772216,176.61734713652152,-521.678136616003,0.2453085702122285,180.33051871829792,-524.1982726222905,-0.6485425315057793,-0.02721623245580629,0.2518328885227784,42.249834854332526,112.3780821893179,TRACK
29.396,176.73493855490665,-521.4600677959291,-0.6287900945928655,-0.3510672891971088,0.7025611885780799,-0.2573049331608672,0.7481965332218286,176.65109700421905,-521.6904205632553,0.24513629481682983,180.33051871829792,-524.1982726222905,-0.6508505933158958,-0.022060498723030286,0.25180346677817145,41.51553509636834,112.76254886603242,TRACK
29.448,176.77141322365782,-521.4736189382292,-0.6296053360271242,-0.35269515378398114,0.7021673507086008,-0.25845781818919067,0.7482241857787356,176.67570683603256,-521.7006613153966,0.24638984082570453,180.33051871829792,-524.1982726222905,-0.6533755968542244,-0.02377026082710021,0.2517758142212644,41.51553509636834,112.76254886603242,TRACK
29.496,176.80505889363988,-521.4861919108296,-0.6399491980025284,-0.3544188318055313,0.7017417882464858,-0.2596755070344007,0.7482465545025575,176.70877628093956,-521.7146012553862,0.24787329462692465,180.33051871829792,-524.1982726222905,-0.6557292238075957,-0.01578002580506732,0.2517534454974425,50.01817645498849,104.19941602801785,TRACK
29.548,176.8414500689101,-521.4999274822741,-0.6435952167548171,-0.35669036399203513,0.701072765140483,-0.2612400412180297,0.748164006857668,176.74459311791458,-521.7296993182492,0.2493518910366277,180.33051871829792,-524.1982726222905,-0.6582916507895528,-0.01469643403473564,0.25183599314233196,50.01817645498849,104.19941602801785,TRACK
29.596,176.8749871359874,-521.5127137538666,-0.6438391116147848,-0.35933377594998306,0.7002384114466502,-0.2630392571538229,0.7480130237297765,176.77764669293458,-521.7436325685205,0.25059660974341935,180.33051871829792,-524.1982726222905,-0.6606685847259857,-0.016829473111200866,0.2519869762702235,63.79185680041229,90.51828128155594,TRACK
29.648,176.91122537434111,-521.5267272005552,-0.6519735135206792,-0.3627114963725226,0.6990661871288116,-0.26529679293888564,0.7477137970710936,176.81343312919614,-521.7587178164082,0.2517597447058055,180.33051871829792,-524.1982726222905,-0.6632433993647322,-0.011269885844052974,0.25228620292890636,63.79185680041229,90.51828128155594,TRACK
29.696,176.94458161955544,-521.539821419821,-0.6474445598218268,-0.366684100257447,0.697615642988162,-0.2679215975566007,0.7472948332345594,176.84644338980885,-521.7726328081258,0.2526504594537274,180.33051871829792,-524.1982726222905,-0.6656170830411405,-0.01817252321931373,0.25270516676544064,58.88862245920118,95.86697335574857,TRACK
29.748,176.98063529316406,-521.5541543110717,-0.6508003586232007,-0.37077577125570527,0.6961191249234056,-0.2706204218296977,0.7468716414454437,176.88218744863374,-521.7877001924259,0.25344754248200857,180.33051871829792,-524.1982726222905,-0.668192588838816,-0.017392230215615312,0.2531283585545563,58.88862245920118,95.86697335574857,TRACK
29.796,177.0138361842498,-521.5675271555502,-0.6580894493996343,-0.3750167858060316,0.6945672620338368,-0.2734135985121875,0.7464440215719891,176.91516552447254,-521.8016016171235,0.2540211657750433,180.6604444311895,-524.5721239031343,-0.6891706890543988,-0.031081239654764503,0.2535559784280109,42.25723966738737,113.16050718474933,TRACK
29.844,177.04975650067658,-521.582123656851,-0.6613777957932059,-0.3788494988443144,0.6932400808867824,-0.2759645208647583,0.7461489305252861,176.95089070210736,-521.8166610423345,0.2545235378431666,180.6604444311895,-524.5721239031343,-0.6916400784359105,-0.030262282642704585,0.2538510694747139,42.25723966738737,113.16050718474933,TRACK
29.896,177.08287388246185,-521.5956978771352,-0.6618281096607523,-0.3823993151872116,0.692086961427376,-0.2783556281345822,0.745966633229648,176.98386994779355,-521.8305629601642,0.2548791602034998,180.6604444311895,-524.5721239031343,-0.6939322637270634,-0.032104154066311064,0.25403336677035204,24.433024460108257,131.3219603490695,TRACK
29.944,177.11874165537276,-521.6104745603892,-0.6693451341899554,-0.385335524505007,0.6912742272127153,-0.28038960326640483,0.7459747896735041,177.01961500290537,-521.8456307644345,0.25519508915807354,180.6604444311895,-524.5721239031343,-0.6964405705365411,-0.027095436346585622,0.25402521032649594,24.433024460108257,131.3219603490695,TRACK
30.0,177.15184018828205,-521.6241878906567,-0.6730035282424667,-0.3879450279502986,0.6906717168185318,-0.28224627532352964,0.7461168677540161,177.05262803577668,-521.8595469247571,0.25541520341869833,180.6604444311895,-524.5721239031343,-0.6987781979482252,-0.02577466970575848,0.2538831322459839,47.700221603852306,107.87259394717216,TRACK
30.048,177.18762171354552,-521.6392062532972,-0.6761094187483621,-0.3912523263140422,0.689773805205428,-0.28454521211743666,0.7461594200213066,177.08838636155377,-521.8746203230818,0.25547492898028235,180.6604444311895,-524.5721239031343,-0.7013123304508231,-0.02520291170246103,0.25384057997869336,47.700221603852306,107.87259394717216,TRACK
30.096,177.22058289248864,-521.6532184789843,-0.6845397952970234,-0.395002242574656,0.6886949031770385,-0.287126866844847,0.7461517991174242,177.11287103130542,-521.884941476883,0.25553354534135164,180.6604444311895,-524.5721239031343,-0.7036535068284999,-0.019113711531476563,0.25384820088257576,47.111758555569224,108.17761369914265,TRACK
30.144,177.25623643839265,-521.6685370527788,-0.6800819381518224,-0.3987829250108269,0.6876274768036172,-0.2897382486044553,0.7461767884085422,177.1446512736232,-521.9002460349628,0.25717756788139956,180.6604444311895,-524.5721239031343,-0.7061986979285274,-0.026116759776705023,0.2538232115914578,47.111758555569224,108.17761369914265,TRACK
30.196,177.28909831864115,-521.6828049993716,-0.6878932923652212,-0.4025764461385049,0.6865757367343674,-0.2923669721652633,0.7462336689572665,177.17690430226807,-521.9157782749378,0.2585808276689877,180.6604444311895,-524.5721239031343,-0.7085567881754259,-0.020663495810204657,0.2537663310427335,42.716336145843194,112.64824485502993,TRACK
30.248,177.32465697631355,-521.6983891173461,-0.6916215177044172,-0.4062442294435834,0.6856113478261634,-0.2949316336590435,0.7463562077190761,177.21186093834703,-521.9326125036323,0.2599683458891104,180.6604444311895,-524.5721239031343,-0.7111247018536464,-0.019503184149229247,0.25364379228092393,42.716336145843194,112.64824485502993,TRACK
30.296,177.35744020304216,-521.7128957434505,-0.69949981491341,-0.4098705743405467,0.6846917376497873,-0.29748304388987856,0.7465245722733261,177.2441434239764,-521.9481589293434,0.2611224363840756,180.6604444311895,-524.5721239031343,-0.7135068025424949,-0.014006987629084922,0.25347542772667386,57.14022513572445,98.04347822076667,TRACK
30.348,177.39285561321185,-521.7288095529276,-0.7032550246368349,-0.41422515613387073,0.683422582537589,-0.30047615770100616,0.7465603442918112,177.27911266122356,-521.9649992264407,0.2621507600622692,180.6604444311895,-524.5721239031343,-0.7160803069398033,-0.012825282302968422,0.2534396557081888,57.14022513572445,98.04347822076667,TRACK
30.392,177.42544739927095,-521.7436900160606,-0.7034155884318043,-0.41915242225211047,0.681873118663716,-0.30381287951678076,0.7464939488813424,177.31138588464475,-521.9805411917075,0.262884972039428,180.6604444311895,-524.5721239031343,-0.7184467136297776,-0.015031125197973338,0.25350605111865765,61.77495337905645,93.28386871794707,TRACK
30.448,177.4606293119694,-521.7600372890247,-0.7117321408744943,-0.4246862920702547,0.6800188626017245,-0.30750809355991904,0.7463155372220245,177.3463350292106,-521.9973718126794,0.2634214478544681,180.97132507222898,-524.9619558967449,-0.739431029689207,-0.02769888881471272,0.2536844627779755,61.77495337905645,93.28386871794707,TRACK
30.492,177.49298016146037,-521.7753450264295,-0.7069543221071024,-0.4307288476643965,0.6779038715627671,-0.3114991793904907,0.7460465118481138,177.37857970183984,-522.0129000286094,0.2636661605554794,180.97132507222898,-524.9619558967449,-0.7416547463513462,-0.0347004242442438,0.25395348815188623,22.972633276512482,132.44845200528601,TRACK
30.548,177.5280029961314,-521.7920386612531,-0.7104532228339759,-0.4356518158101679,0.6763681344938552,-0.3148354702240847,0.7460530990954454,177.4135351139311,-522.0297336678625,0.2638215537489023,180.97132507222898,-524.9619558967449,-0.74407964721553,-0.033626424381554054,0.25394690090455463,22.972633276512482,132.44845200528601,TRACK
30.596,177.56030387830407,-521.8075606607675,-0.7183043384068424,-0.4399624586096031,0.675166553263436,-0.31782430210537305,0.7462319757651742,177.4458229842759,-522.0452826867158,0.2638515429525702,180.97132507222898,-524.9619558967449,-0.7463305145627571,-0.02802617615591474,0.2537680242348258,30.663335072868627,124.91112874147939,TRACK
30.648,177.59524088770704,-521.8245303551217,-0.7221411694765596,-0.44423436541181444,0.6740112075258182,-0.3208048929833155,0.7464629175199852,177.4808166441595,-522.062134745135,0.26372097691503765,180.97132507222898,-524.9619558967449,-0.7487739873851124,-0.026632817908552764,0.25353708248001483,30.663335072868627,124.91112874147939,TRACK
30.696,177.627451409966,-521.8403258037495,-0.7302937670748757,-0.448328813421441,0.6729756763634038,-0.3236983266830066,0.7467776561160352,177.5131380608679,-522.0776999190657,0.2634653912835467,180.97132507222898,-524.9619558967449,-0.751037948210385,-0.020744181135509354,0.2532223438839648,52.279579699131816,102.72862578489007,TRACK
30.748,177.6622491251471,-521.8576398337317,-0.731387808490807,-0.4530098522638503,0.6716495802782296,-0.3269406526089698,0.7469962175381487,177.5481532555944,-522.0945623481185,0.2629641520670941,180.97132507222898,-524.9619558967449,-0.7534820800306856,-0.02209427153987864,0.2530037824618513,52.279579699131816,102.72862578489007,TRACK
30.796,177.69429698548197,-521.8737897070403,-0.7353092427184498,-0.4578343968695985,0.6702545421226036,-0.3302709170707692,0.747208157007636,177.5685118118758,-522.1047700187765,0.2630091525193161,180.97132507222898,-524.9619558967449,-0.7557358317702425,-0.020426589051792732,0.252791842992364,51.94390254789671,102.70820001540336,TRACK
30.848,177.7289468734293,-521.8914553091909,-0.7385385508214788,-0.4626140280632599,0.6688858520251474,-0.33357918749427373,0.7474512407968477,177.60265612135134,-522.123364018684,0.2640662863736953,180.97132507222898,-524.9619558967449,-0.7581783852283791,-0.019639834406900314,0.25254875920315234,51.94390254789671,102.70820001540336,TRACK
30.896,177.7608609051627,-521.9079265559279,-0.7472462784139466,-0.46746143311273025,0.6674822852057836,-0.3369293126624113,0.7476991124741956,177.63418869368186,-522.1405357423474,0.2648638947991692,180.97132507222898,-524.9619558967449,-0.7604316882208378,-0.013185409806891202,0.2523008875258044,50.727978708374195,103.71335446833478,TRACK
30.948,177.7953561690491,-521.9259505720665,-0.7425588605613989,-0.4723749022657783,0.6660431461574868,-0.3403195464712105,0.7479511122083674,177.66836428429423,-522.159146777054,0.2655323121847259,180.97132507222898,-524.9619558967449,-0.7628707194543379,-0.020311858892939072,0.2520488877916326,50.727978708374195,103.71335446833478,TRACK
30.992,177.8271046739558,-521.9427767250434,-0.7505582822350467,-0.47761722707013377,0.6644275599471781,-0.3438984039955948,0.7481511175478376,177.6999182554515,-522.1763301538975,0.265939070430604,180.97132507222898,-524.9619558967449,-0.765113242046987,-0.014554959811940327,0.2518488824521624,45.90846684650667,108.23501347165852,TRACK
31.048,177.8613935034969,-521.9612118082354,-0.7542984431899553,-0.4831103745858015,0.6626681128000715,-0.3476162533125412,0.7483088181286234,177.73410728229038,-522.1949485055832,0.2661477518148503,180.97132507222898,-524.9619558967449,-0.7675317492343401,-0.013233306044384774,0.2516911818713766,45.90846684650667,108.23501347165852,TRACK
31.096,177.89294400740778,-521.9784211162728,-0.7623057191166067,-0.4887946036428261,0.6607900310034236,-0.35143510242601933,0.7484317579383521,177.76566947069122,-522.212136357299,0.26612332025648744,180.97132507222898,-524.9619558967449,-0.7697531844367868,-0.007447465320180036,0.25156824206164785,60.999040857879805,93.01961121333775,TRACK
31.148,177.92696806916865,-521.9973193353976,-0.7660212268174025,-0.4951693444751484,0.6585216281581114,-0.3556323683785966,0.7484150694571695,177.79984881234972,-522.2307494347164,0.2657986394287216,181.26238774315974,-525.3667994193635,-0.790478047993036,-0.024456821175633525,0.2515849305428305,60.999040857879805,93.01961121333775,TRACK
31.192,177.95824630608845,-522.0149808114047,-0.7659654330786463,-0.501768825397301,0.6561095358429958,-0.35994263533123155,0.7483571498644904,177.83139092494375,-522.2479263537305,0.26524689143288277,181.26238774315974,-525.3667994193635,-0.7925611203797821,-0.026595687301135817,0.2516428501355096,28.90533919813368,125.18227010308772,TRACK
31.248,177.99209994411157,-522.0342363182488,-0.7695615617292662,-0.5071559413126205,0.6543322234535481,-0.36356708595407927,0.748553060670254,177.86558888882536,-522.2665495722702,0.26452692699163843,181.26238774315974,-525.3667994193635,-0.7948294615665655,-0.02526789983729938,0.25144693932974604,28.90533919813368,125.18227010308772,TRACK
31.296,178.02332752714892,-522.0521166219645,-0.7696079807691021,-0.5116606179690888,0.6530170715588375,-0.36669582046411964,0.7489306513243624,177.89718384391477,-522.2837552677735,0.26375877436038186,181.26238774315974,-525.3667994193635,-0.7969364897020647,-0.02732850893296257,0.25106934867563757,42.00461363726329,111.99096104817592,TRACK
31.348,178.05710436648278,-522.0716308943241,-0.7783653096619796,-0.5159461544101337,0.6518052074141836,-0.3696983472607208,0.7493509834380384,177.93143125990136,-522.3024054164943,0.2627748271822711,181.26238774315974,-525.3667994193635,-0.799224805250434,-0.020859495588454458,0.2506490165619616,42.00461363726329,111.99096104817592,TRACK
31.396,178.0882303522593,-522.0897800894485,-0.7822073163838139,-0.5201316976631477,0.6506336977730496,-0.3726418068345268,0.7497907207206107,177.96306079363012,-522.3196299425209,0.26172193902087226,181.26238774315974,-525.3667994193635,-0.8013414909230211,-0.019134174539207183,0.2502092792793893,51.5358269241819,101.68612724123426,TRACK
31.448,178.12186498184644,-522.1096124169542,-0.7823364703212561,-0.524558284356884,0.6492988334659318,-0.37570399419232314,0.7501616268460317,177.99733211434378,-522.3382931090621,0.2603906565746645,181.26238774315974,-525.3667994193635,-0.8036314557255729,-0.021294985404316846,0.24983837315396829,51.5358269241819,101.68612724123426,TRACK
31.496,178.15283487472598,-522.1280716596642,-0.7935302473136852,-0.529092116363275,0.6478663773328254,-0.37880624098569116,0.7504831850801644,178.01709838947713,-522.350194570463,0.2603132361779782,181.26238774315974,-525.3667994193635,-0.805743367923316,-0.012213120609630868,0.24951681491983557,44.526470440787115,108.24286745975002,TRACK
31.548,178.18630850896824,-522.1482243606404,-0.7973032118476238,-0.5335865010865504,0.6464164526661377,-0.3818672362878964,0.7507841343739419,178.05043738117413,-522.3705676041966,0.2605714514737643,181.26238774315974,-525.3667994193635,-0.8080318910362557,-0.010728679188631962,0.24921586562605813,44.526470440787115,108.24286745975002,TRACK
31.596,178.21713541773897,-522.1669682414702,-0.7979860841005046,-0.5380421233856065,0.6449502373529198,-0.38488783463766785,0.751065545684037,178.0812224432858,-522.389379964048,0.2606517043196496,181.26238774315974,-525.3667994193635,-0.8101451976999354,-0.012159113599430782,0.24893445431596295,66.2981036925284,86.22395971485295,TRACK
31.644,178.2503873755948,-522.1874881850132,-0.8010759990785243,-0.5432445383157958,0.643028909078316,-0.3882920971310728,0.7511703738865741,178.11456343062824,-522.4097542172951,0.26048096501018636,181.26238774315974,-525.3667994193635,-0.812415081306429,-0.011339082227904695,0.24882962611342585,66.2981036925284,86.22395971485295,TRACK
31.696,178.28094016570776,-522.2066316781114,-0.8008951866546021,-0.5490136382544853,0.6407495521411533,-0.391977833643096,0.7511368787622021,178.14532670733055,-522.4285532643601,0.2600772972332255,181.26238774315974,-525.3667994193635,-0.814489816534083,-0.013594629879480902,0.24886312123779786,50.991619686476064,101.4376019135147,TRACK
31.748,178.3139437297062,-522.2275304900519,-0.8043711003716933,-0.5544324719119325,0.6386265819582331,-0.39545067223655744,0.7511492164383858,178.1786554099349,-522.44892001056,0.259453751673279,181.26238774315974,-525.3667994193635,-0.8167338152423566,-0.012362714870663205,0.24885078356161416,50.991619686476064,101.4376019135147,TRACK
31.796,178.34432433933134,-522.2469632052891,-0.8121916343268683,-0.5595526093133731,0.6366325567894229,-0.3987398188921174,0.7511953511133814,178.20942200642054,-522.4677210863022,0.25871351231455225,181.26238774315974,-525.3667994193635,-0.8188034473193843,-0.0066118129925160085,0.24880464888661857,49.80245020432194,102.84488442198618,TRACK
31.848,178.37715369557938,-522.2681590943039,-0.8124098266015478,-0.5643663801394204,0.6347779828134223,-0.4018455198790509,0.751280845830334,178.24275604769022,-522.4880910948925,0.25774563554221597,181.53290881632137,-525.7856479662047,-0.8395517466217628,-0.027141920020214982,0.24871915416966595,49.80245020432194,102.84488442198618,TRACK
31.896,178.4073912222241,-522.2878458384122,-0.815836318796499,-0.5688341843585911,0.6330876539465076,-0.40474876371105517,0.7514130284371708,178.27353149126085,-522.506897576976,0.256714027161351,181.53290881632137,-525.7856479662047,-0.8415472292821172,-0.025710910485618244,0.24858697156282916,21.13477330602833,131.3626817600281,TRACK
31.948,178.44015703964678,-522.3092266591821,-0.8237660085792475,-0.572099153061552,0.6320461307947497,-0.40699606697867063,0.7517500315854468,178.30690155235092,-522.5272895968204,0.25555521842828666,181.53290881632137,-525.7856479662047,-0.8437364309900939,-0.019970422410846345,0.24824996841455316,21.13477330602833,131.3626817600281,TRACK
31.996,178.4704080286444,-522.3290125938872,-0.8268532439267329,-0.5745954734571351,0.6314101131243439,-0.4088198840946543,0.7522050442444954,178.3377309313904,-522.5461290381827,0.25444599136016344,181.53290881632137,-525.7856479662047,-0.8457827625532065,-0.01892951862647363,0.2477949557555046,54.920688866361495,97.14745829878268,TRACK
32.048,178.50307439550573,-522.350599061337,-0.8356804167008738,-0.5778686981852508,0.6302863504820225,-0.4110264555734077,0.7524650362543003,178.37112008158832,-522.566532723138,0.2530598491666053,181.53290881632137,-525.7856479662047,-0.8479955926248172,-0.012315175923943378,0.24753496374569972,54.920688866361495,97.14745829878268,TRACK
32.096,178.5331305331602,-522.3706605950657,-0.830506749080747,-0.581611053335884,0.6288454648771445,-0.4134492128946391,0.7525867859189056,178.40193021222734,-522.5853604020477,0.25161385361502875,181.53290881632137,-525.7856479662047,-0.8500350824765421,-0.019528333395795183,0.2474132140810944,60.59652568293547,90.95350988722718,TRACK
32.148,178.5655915508906,-522.3925299033417,-0.8341233640261643,-0.5855495569443312,0.627237171509268,-0.4159392556237942,0.7526167242971836,178.42546263865705,-522.599740768492,0.2501448673870375,181.53290881632137,-525.7856479662047,-0.8522436514573396,-0.01812028743117533,0.24738327570281637,60.59652568293547,90.95350988722718,TRACK
32.196,178.59546617853601,-522.4128356663505,-0.8420814767643336,-0.58954680337769,0.6255399880622523,-0.4184233714276995,0.7525811547081452,178.4545265157636,-522.619556184384,0.2501946464624171,181.53290881632137,-525.7856479662047,-0.8542829899891656,-0.012201513224831984,0.24741884529185476,38.77429768214805,112.97773846622923,TRACK
32.248,178.62780228983533,-522.4348995717678,-0.8422916344845279,-0.5927749857459064,0.6242478952166275,-0.42048224712154736,0.7526558010317701,178.4868707805991,-522.6416081307602,0.25018017238847645,181.53290881632137,-525.7856479662047,-0.8565139977470302,-0.014222363262502258,0.2473441989682299,38.77429768214805,112.97773846622923,TRACK
32.296,178.65762770475027,-522.4553234772139,-0.8458437640178262,-0.595458495750718,0.6232381156455926,-0.4222377711737698,0.7528017562408192,178.51673775058745,-522.661971086108,0.2501064042475369,181.53290881632137,-525.7856479662047,-0.8585949541095181,-0.0127511900916919,0.24719824375918076,54.31199431934492,97.47560566108716,TRACK
32.348,178.68984513457255,-522.477568414549,-0.8571546917035366,-0.598552044201767,0.6219528605119191,-0.4241800910178757,0.7528307315159842,178.54908525400816,-522.6840252405143,0.24987549892733885,181.53290881632137,-525.7856479662047,-0.8608529214561129,-0.0036982297525762764,0.24716926848401577,54.31199431934492,97.47560566108716,TRACK
32.392,178.71949450826267,-522.4982121950286,-0.8567878909388167,-0.6019332297833584,0.6204627091565292,-0.4262446251590257,0.7527671976984771,178.57893438379173,-522.7043760326164,0.24952089395525498,181.53290881632137,-525.7856479662047,-0.8629399847711116,-0.006152093832294869,0.2472328023015229,70.32287385802694,81.29959576991835,TRACK
32.448,178.7514716706796,-522.5207301578102,-0.8652432307488729,-0.605990422647687,0.6185316618348748,-0.428622217383696,0.7525280206923383,178.61124493985025,-522.7264049967376,0.24892905697586515,181.53290881632137,-525.7856479662047,-0.8651907239133246,5.250683554824942e-05,0.24747197930766174,70.32287385802694,81.29959576991835,TRACK
32.496,178.78085282636718,-522.5416570791037,-0.8684954527122271,-0.6105063354533105,0.6162831737479899,-0.4311965757311249,0.7521538653541194,178.64104274928806,-522.7467207992205,0.2481894175040343,181.78221573370212,-526.2174602137866,-0.8860637039005624,-0.017568251188335382,0.24784613464588057,64.17070351989321,87.8604428352173,TRACK
32.548,178.8125734044059,-522.5644461042561,-0.8626972483025854,-0.614871159859901,0.6140879535813958,-0.433665443520272,0.7517777142463195,178.6733043051803,-522.7687163555939,0.2472290791567887,181.78221573370212,-526.2174602137866,-0.8882212153031712,-0.02552396700058579,0.24822228575368055,64.17070351989321,87.8604428352173,TRACK
32.596,178.8417586567568,-522.585585074594,-0.8702165010284578,-0.6190604985284411,0.6119663015533102,-0.43602086366797543,0.7514099731774954,178.7030670726313,-522.7890082668547,0.24620388026347365,181.78221573370212,-526.2174602137866,-0.8902139471778414,-0.01999744614938359,0.24859002682250464,7.762387216825829,144.9085605992772,TRACK
32.648,178.8734604974467,-522.6084404890806,-0.8699225161509636,-0.6210163438370173,0.6111558698839197,-0.43724808196764076,0.751463493775946,178.73534673713223,-522.8110161694685,0.24517813334965424,181.78221573370212,-526.2174602137866,-0.8924268004770541,-0.02250428432609053,0.248536506224054,7.762387216825829,144.9085605992772,TRACK
32.696,178.90278626528107,-522.6295106017659,-0.8812674995334095,-0.6217196397231299,0.6110850392167846,-0.4378474916090215,0.7517548477149258,178.76517338146974,-522.8313516312531,0.24428898250911685,181.78221573370212,-526.2174602137866,-0.8945159154839701,-0.013248415950560588,0.24824515228507416,47.63901179397762,104.98387186425191,TRACK
32.748,178.93445453234986,-522.6524450261129,-0.884875170898094,-0.6234942336906008,0.6103570730693417,-0.4389671872660544,0.751816432476735,178.797466900352,-522.8533689796243,0.24317904189101394,181.78221573370212,-526.2174602137866,-0.8967828849938025,-0.011907714095708566,0.24818356752326498,47.63901179397762,104.98387186425191,TRACK
32.796,178.96361709802596,-522.6736931655784,-0.8845218368107126,-0.6256557143531132,0.6093758055500116,-0.4402630219919025,0.7517781593815878,178.82726499161663,-522.8736849742534,0.24205086337248086,181.78221573370212,-526.2174602137866,-0.898886210796157,-0.014364373985444434,0.24822184061841224,64.75034499460632,87.3401696697995,TRACK
32.848,178.99510584438164,-522.6968143716031,-0.893205462418575,-0.6283499359114895,0.6080377586937982,-0.4417944663841433,0.7515931522606013,178.84915502297716,-522.8894962106356,0.24171870709895524,181.78221573370212,-526.2174602137866,-0.9011692665369954,-0.007963804118420348,0.2484068477393987,64.75034499460632,87.3401696697995,TRACK
32.896,179.02408603551564,-522.7182391984309,-0.8875070964789106,-0.6312400142824228,0.6065384368363513,-0.4433890987690404,0.7513206827095248,178.87788165170653,-522.9112557863189,0.24213864839162913,181.78221573370212,-526.2174602137866,-0.9032843339575811,-0.015777237478670547,0.2486793172904752,58.87106614600626,93.63436647894216,TRACK
32.948,179.0554292619045,-522.7415046852757,-0.8908271937750363,-0.6337944999847318,0.6052140077147746,-0.4447975371938634,0.7510851111744298,178.90899573283204,-522.9348237869168,0.24251815085874265,181.78221573370212,-526.2174602137866,-0.905596244168427,-0.014769050393390715,0.24891488882557022,58.87106614600626,93.63436647894216,TRACK
33.0,179.08430797046867,-522.7630354234725,-0.8986464930830791,-0.6361932475073108,0.603963021628398,-0.4461133651944549,0.7508584860675318,178.93770885390907,-522.956573130951,0.24279239113303924,181.78221573370212,-526.2174602137866,-0.9077482385472033,-0.009101745464124233,0.2491415139324682,40.06360659859587,112.86576280606945,TRACK
33.048,179.11557581559106,-522.7863876014359,-0.9018985966663604,-0.6380422207479557,0.6030326139206738,-0.4471518082837269,0.7507283617283999,178.968816761739,-522.9801364554593,0.24305727375030986,181.78221573370212,-526.2174602137866,-0.9101113901945124,-0.008212793528151963,0.24927163827160015,40.06360659859587,112.86576280606945,TRACK
33.096,179.1444067676053,-522.8079805238793,-0.9098078388735193,-0.6397169271289112,0.6021968908188718,-0.44809706820131484,0.750621128028335,178.99752946736967,-523.0018854848051,0.24325310932471494,181.78221573370212,-526.2174602137866,-0.9123183036070025,-0.002510464733483153,0.24937887197166497,62.35796921789314,90.69107688142468,TRACK
33.144,179.17550349372505,-522.8314910662856,-0.9096520342820393,-0.642389518552418,0.6007328663767806,-0.4495071297575838,0.7502910344980568,179.02860486544915,-523.0254241841343,0.2432884320880399,181.78221573370212,-526.2174602137866,-0.914707353148218,-0.005055318866178715,0.24970896550194321,62.35796921789314,90.69107688142468,TRACK
33.196,179.2040764083445,-522.8533040242821,-0.9123476892030298,-0.6457599104639773,0.5988205322450233,-0.45123245306712656,0.7497978104390474,179.05725951467733,-523.0471292374642,0.24315306605338108,182.00968867902407,-526.6611626088242,-0.9357999336499694,-0.023452244446939607,0.25020218956095264,60.18189176745559,93.14869126772356,TRACK
33.248,179.23490431057672,-522.877040512521,-0.9155182943157492,-0.6493943894110945,0.5967288417531388,-0.4530659191786058,0.7492356356322072,179.08827284708778,-523.070620923876,0.2428459629997714,182.00968867902407,-526.6611626088242,-0.9380884788440489,-0.02257018452829973,0.2507643643677928,60.18189176745559,93.14869126772356,TRACK
33.296,179.26325549185972,-522.899038954881,-0.914542080304496,-0.6530622247719288,0.5946011106614377,-0.45489815634091174,0.748654001152853,179.11687587834024,-523.0922868781088,0.2424288577829816,182.00968867902407,-526.6611626088242,-0.9402041913070315,-0.02566211100253546,0.25134599884714703,20.98570629612692,133.23899480323192,TRACK
33.348,179.2940108033767,-522.922850884708,-0.9228617416296618,-0.6550811283670346,0.593497626371078,-0.45595640622672196,0.7484221247980922,179.1478793960924,-523.1157711302058,0.24201778719296668,182.00968867902407,-526.6611626088242,-0.9425416292803016,-0.01967988765063977,0.2515778752019078,20.98570629612692,133.23899480323192,TRACK
33.392,179.322438436903,-522.9448170231533,-0.9256897161026605,-0.6560586074302234,0.5930582849372765,-0.4565414235438796,0.7484304915917148,179.1765154583814,-523.1374621044764,0.24167259467844207,182.00968867902407,-526.6611626088242,-0.9447415859986462,-0.01905186989598573,0.2515695084082852,50.12113239498188,104.42872786162462,TRACK
33.448,179.35317448665631,-522.9686766694098,-0.9256806736189187,-0.6574751813123858,0.5923651431641428,-0.45734569818369597,0.7483726013711404,179.20752970331517,-523.1609544820977,0.2412118574335738,182.00968867902407,-526.6611626088242,-0.9471435893724135,-0.021462915753494793,0.25162739862885963,50.12113239498188,104.42872786162462,TRACK
33.496,179.38150025003625,-522.9907524743303,-0.9291568862441677,-0.6590672345309738,0.5915793677020766,-0.45824411469817883,0.7483006193678491,179.23489801858688,-523.1816851753193,0.2407228916677979,182.00968867902407,-526.6611626088242,-0.9493811476610959,-0.020224261416928235,0.2516993806321509,42.44484911999721,111.74508058339168,TRACK
33.548,179.4121539777389,-523.0147094691553,-0.9373381848382434,-0.6605767519687642,0.5908497562357695,-0.45910767818342957,0.7482534962236046,179.25669660030903,-523.1999763572026,0.24184874612886867,182.00968867902407,-526.6611626088242,-0.9518327172886355,-0.014494532450392117,0.2517465037763954,42.44484911999721,111.74508058339168,TRACK
33.596,179.44042007331316,-523.0368611130157,-0.9408869679136783,-0.662023885545075,0.5901592884488361,-0.45994239396805503,0.7482212182981061,179.28419138139714,-523.2230472178729,0.2430486984530265,182.00968867902407,-526.6611626088242,-0.9541219150136553,-0.013234947099976968,0.25177878170189394,58.8929162864232,95.39783153225318,TRACK
33.648,179.47094532571657,-523.0609466735273,-0.9438300179923296,-0.6641218419107494,0.5890619671300643,-0.46107690567650395,0.7480547533886545,179.3139641581889,-523.248029543898,0.24421934269119536,182.00968867902407,-526.6611626088242,-0.9566128653221884,-0.012782847329858793,0.25194524661134554,58.8929162864232,95.39783153225318,TRACK
33.692,179.49901452053774,-523.0832739442681,-0.9431698636514381,-0.666860494743301,0.58756149087224,-0.4625030045079721,0.7477549964626854,179.3414298725287,-523.2710760146705,0.24515819165504926,182.00968867902407,-526.6611626088242,-0.9589172837180504,-0.01574742006661234,0.2522450035373146,53.15989684922697,101.28059716575338,TRACK
33.748,179.52932547474677,-523.1075498942015,-0.9518466207708745,-0.6698075447988998,0.5859310070123402,-0.4640227697898736,0.7474170695548511,179.37117064246718,-523.2960314837568,0.2460452409104403,182.00968867902407,-526.6611626088242,-0.9614249695504525,-0.009578348779578083,0.2525829304451489,53.15989684922697,101.28059716575338,TRACK
33.796,179.55720503785267,-523.1300468157561,-0.9546681902846642,-0.6730056963131996,0.5841436355385523,-0.4656548533660776,0.7470329506812804,179.3986086130668,-523.3190546747672,0.24673223689419865,182.00968867902407,-526.6611626088242,-0.963747546592044,-0.009079356307379771,0.2529670493187196,57.62597403067134,97.38794901318727,TRACK
33.848,179.58728525903953,-523.1545263887699,-0.9580210916142842,-0.6765366533983256,0.5821563903193392,-0.46744201151136267,0.7465976807594782,179.4283142481039,-523.3439806621708,0.24731498949265712,182.21476211870396,-527.1156520372529,-0.9851172077857608,-0.02709611617147667,0.2534023192405218,57.62597403067134,97.38794901318727,TRACK
33.896,179.61494759260674,-523.1772172469668,-0.9660495268662865,-0.6801896920233779,0.5801061693017808,-0.4692914818350544,0.7461619546619405,179.4557202383319,-523.3669770184631,0.24771378893326548,182.21476211870396,-527.1156520372529,-0.9873441652588725,-0.02129463839258594,0.25383804533805954,18.172210172514056,137.38478351464232,TRACK
33.948,179.64493306714604,-523.2018137203645,-0.9658301939758664,-0.6825672854405225,0.5788943194453072,-0.4705926495231279,0.7460402635724448,179.48542783595607,-523.3919046526727,0.24814608867108578,182.21476211870396,-527.1156520372529,-0.9897948687044688,-0.02396467472860231,0.2539597364275552,18.172210172514056,137.38478351464232,TRACK
33.996,179.67262775781853,-523.2245365272281,-0.9694538198561973,-0.6841547288386822,0.5782217604596831,-0.47157235557053306,0.746137313641019,179.5128685457602,-523.4149301421486,0.24854121275954977,182.21476211870396,-527.1156520372529,-0.9920923879914474,-0.022638568135250114,0.253862686358981,47.710019919850396,108.02100339216244,TRACK
34.048,179.7025334469562,-523.2492537929526,-0.972549020639792,-0.6864441862421693,0.5771324365716275,-0.47288824272780267,0.7461267583013578,179.54258880199873,-523.4398683981968,0.24882969513906467,182.21476211870396,-527.1156520372529,-0.9945902512056021,-0.022041230565810088,0.2538732416986422,47.710019919850396,108.02100339216244,TRACK
34.096,179.73005069559147,-523.2721635156988,-0.9816774976443847,-0.6891866168947571,0.5757826884036767,-0.47442741946446376,0.7460610434844295,179.57001742264626,-523.4628837436659,0.2489675758113204,182.21476211870396,-527.1156520372529,-0.9969045653050151,-0.015227067660630422,0.2539389565155705,47.19539727081053,108.16168663561473,TRACK
34.148,179.7597869837189,-523.2970695840694,-0.9757897654377974,-0.6920016085452683,0.5744068406277446,-0.4760148212999653,0.7460116142910813,179.59973123744612,-523.4878165947054,0.24900253810250575,182.21476211870396,-527.1156520372529,-0.9994269521382448,-0.023637186700447455,0.2539883857089187,47.19539727081053,108.16168663561473,TRACK
34.196,179.78716634922736,-523.3201418342427,-0.984920786218769,-0.6948825337906448,0.5730056532405909,-0.4776447913586157,0.7459758879197718,179.6176073789075,-523.5028829434879,0.24928810124850537,182.21476211870396,-527.1156520372529,-1.001769303451133,-0.016848517232364024,0.25402411208022824,41.43348399811449,114.08916416287832,TRACK
34.248,179.81676985679192,-523.3452169297691,-0.988028841310252,-0.6976426888028432,0.5717080524447642,-0.4792437958108198,0.7460058398252308,179.646017759372,-523.5292439242099,0.2510422543243108,182.21476211870396,-527.1156520372529,-1.0043268188646317,-0.016297977554379672,0.25399416017476917,41.43348399811449,114.08916416287832,TRACK
34.296,179.844040609113,-523.3684414499027,-0.9966253243458238,-0.7003716577702794,0.5704594697636068,-0.4808539265843126,0.7460861246227053,179.67225189830154,-523.5535856478784,0.2525662986353372,182.21476211870396,-527.1156520372529,-1.006705504532767,-0.010080180186943233,0.2539138753772947,58.30108897835301,97.16930905926883,TRACK
34.348,179.8734444862782,-523.3937391940309,-1.0003910737573296,-0.7039071742864362,0.5687093670352481,-0.48282833006602355,0.7460251607472617,179.70066601738273,-523.57995009753,0.2540214555815997,182.21476211870396,-527.1156520372529,-1.0092806424606604,-0.008889568703330797,0.25397483925273834,58.30108897835301,97.16930905926883,TRACK
34.396,179.9004510015616,-523.4172232901725,-0.9998452405080118,-0.7080496357940012,0.5665835958477217,-0.4850766155754175,0.7458661368247226,179.7268875896546,-523.6042801610441,0.25517549038472187,182.21476211870396,-527.1156520372529,-1.0116541117846782,-0.01180887127666641,0.2541338631752774,63.51397147140274,91.93307423091035,TRACK
34.444,179.92953971175726,-523.442822032264,-1.0034340885380293,-0.712813106534158,0.5640687328486742,-0.48759902573962377,0.7456046843198743,179.7552824271784,-523.6306267200249,0.25619563223010433,182.21476211870396,-527.1156520372529,-1.0142154671334922,-0.01078137859546291,0.25439531568012574,63.51397147140274,91.93307423091035,TRACK
34.496,179.95622642339004,-523.4666029844366,-1.0026542020750693,-0.7180840235786305,0.5612352820072991,-0.4903421429893991,0.7452653614392989,179.78148016112726,-523.6549346648077,0.2569145344394013,182.21476211870396,-527.1156520372529,-1.0165679701944892,-0.013913768119419911,0.2547346385607011,50.07504385267681,105.82631624207241,TRACK
34.548,179.98501451655633,-523.4924975510231,-1.0060655299647232,-0.7231381664461166,0.5585689450009843,-0.4930127449679261,0.7450240486187825,179.80986095622188,-523.6812681943184,0.2575133500771054,182.396926207859,-527.5797985667431,-1.0376888830590112,-0.03162335309428799,0.25497595138121754,50.07504385267681,105.82631624207241,TRACK
34.596,180.01147432426507,-523.5165252613176,-1.0149032265327138,-0.7280800993248989,0.5560059121268092,-0.4956603384598025,0.7448635750538826,179.83605979400105,-523.705577163306,0.25789703192003816,182.396926207859,-527.5797985667431,-1.0399336699654556,-0.025030443432741745,0.25513642494611743,10.567324879348277,145.73477938524775,TRACK
34.648,180.04016173532577,-523.5426047675536,-1.014192576537786,-0.7314897202343544,0.5544921865602267,-0.4977143581257122,0.7451048028571758,179.86447869731163,-523.7319460520737,0.2582917959781021,182.396926207859,-527.5797985667431,-1.042401337919432,-0.028208761381645964,0.25489519714282416,10.567324879348277,145.73477938524775,TRACK
34.696,180.06664866785636,-523.5667377208239,-1.0265506201836492,-0.7340965024089727,0.5535538042996782,-0.49948378371084645,0.7455909498141391,179.8907445853695,-523.7563172346281,0.25861677882494527,182.396926207859,-527.5797985667431,-1.044708816628757,-0.018158196445107855,0.2544090501858609,44.789273079597464,111.13319344684304,TRACK
34.748,180.09519715882521,-523.5930404387963,-1.026902233354468,-0.7377329085293619,0.5519632773928826,-0.5017019842261808,0.7459010259858739,179.919200131674,-523.7827201231255,0.2587534274426284,182.396926207859,-527.5797985667431,-1.0472025984193463,-0.020300365064878312,0.25409897401412607,44.789273079597464,111.13319344684304,TRACK
34.796,180.12144218189144,-523.6174504278721,-1.0301975705893875,-0.7417449538749464,0.5501460901632773,-0.5040957934248964,0.7461724260990998,179.94547415661984,-523.8070988556087,0.25871078845105655,182.396926207859,-527.5797985667431,-1.0495058316051031,-0.01930826101571559,0.25382757390090016,55.78556343528467,99.33607179259931,TRACK
34.848,180.14974219674178,-523.64404354425,-1.0341261022432366,-0.7461462706477737,0.5480758277911443,-0.5066543951932689,0.7463817985304875,179.97394097373964,-523.8335122018945,0.25846555329215104,182.396926207859,-527.5797985667431,-1.0519986622664426,-0.01787256002320592,0.2536182014695125,55.78556343528467,99.33607179259931,TRACK
34.896,180.17574887683887,-523.6687239299349,-1.0336759272798268,-0.7507305349903615,0.5458813304388023,-0.5092865024943894,0.7465649124788846,179.99037100762703,-523.8495364004046,0.25895579520622347,182.396926207859,-527.5797985667431,-1.0542991671409434,-0.020623239861116582,0.25343508752111543,50.11197519885679,104.90491786361872,TRACK
34.948,180.20382948855791,-523.6955867903176,-1.0374655873947742,-0.7551110155467683,0.5438269821249688,-0.5118439407358228,0.7468145728058121,180.01748853441035,-523.8773386273215,0.2603011360845316,182.396926207859,-527.5797985667431,-1.0567992339340042,-0.019333646539229976,0.2531854271941879,50.11197519885679,104.90491786361872,TRACK
34.996,180.22964785628193,-523.7205098185066,-1.0461854662448293,-0.7595393864788225,0.5417464697021582,-0.5144289753559419,0.7470785822927303,180.04253352422052,-523.9030159870377,0.2613814737404293,182.396926207859,-527.5797985667431,-1.059110155078778,-0.012924688833948705,0.2529214177072697,43.778252406940155,111.0247717762429,TRACK
35.048,180.25750428739548,-523.7476485357967,-1.0499462774476673,-0.7640257204349931,0.5396304147245178,-0.5170432772800186,0.7473518147942221,180.0696796407729,-523.930847525597,0.262373717705768,182.396926207859,-527.5797985667431,-1.0616165132252475,-0.011670235777580196,0.2526481852057779,43.778252406940155,111.0247717762429,TRACK
35.096,180.28309628747488,-523.7728373028943,-1.0587002348581502,-0.7687299115517405,0.5373681034832154,-0.5197462236526502,0.7475965594104472,180.09474709666787,-523.9565479186522,0.26310645757900825,182.396926207859,-527.5797985667431,-1.0639283961332204,-0.005228161275070198,0.2524034405895528,60.988430766946564,93.46595708452328,TRACK
35.148,180.31060250046107,-523.8003217925948,-1.058713869855263,-0.7744263719848119,0.5344272392865678,-0.5228268029733487,0.7476365025858456,180.12189530221573,-523.9843815989526,0.26360656096934487,182.396926207859,-527.5797985667431,-1.0664082517776103,-0.007694381922347393,0.2523634974141544,60.988430766946564,93.46595708452328,TRACK
35.196,180.3357926532615,-523.8258711446425,-1.0623452248493175,-0.7807432918042134,0.531055903039426,-0.5261347806140562,0.7475548003489919,180.14694708007343,-524.0100659181103,0.263799858009011,182.396926207859,-527.5797985667431,-1.0686746483962088,-0.006329423546891366,0.2524451996510081,58.83676430319309,95.58892853547178,TRACK
35.248,180.36288747825782,-523.8537305081701,-1.0653066296228126,-0.7872402579815194,0.5275553513738769,-0.5295025542193095,0.7474540813240553,180.1740820983747,-524.0378860781947,0.26374371166700805,182.55572805786136,-528.0524482558908,-1.0894962987259187,-0.02418966910310605,0.25254591867594467,58.83676430319309,95.58892853547178,TRACK
35.296,180.38773182339386,-523.8796061018644,-1.0743570757340906,-0.7937100468879283,0.5240676616767075,-0.5328528642635745,0.7473814882435792,180.19912835313474,-524.0635647347999,0.2634616625342059,182.55572805786136,-528.0524482558908,-1.0916320564010344,-0.017274980666943884,0.2526185117564208,20.333708832121985,134.42911691385234,TRACK
35.348,180.41463282531132,-523.9077219599496,-1.0678972558347604,-0.7985320378185728,0.5217084160727086,-0.5355957142681556,0.7476914072954899,180.2262970833856,-524.0914194580389,0.26308767073157807,182.55572805786136,-528.0524482558908,-1.0939704826938363,-0.026073226859075982,0.2523085927045101,20.333708832121985,134.42911691385234,TRACK
35.396,180.43944663020605,-523.933758489032,-1.0766255053137401,-0.8023548641562834,0.5200444644713554,-0.5379869054999495,0.7482487257033656,180.25140889140286,-524.1171653230791,0.26267138783925165,182.55572805786136,-528.0524482558908,-1.0961508207493305,-0.01952531543559033,0.25175127429663435,38.11845423237415,116.30102254352423,TRACK
35.448,180.46623025496018,-523.9620972562348,-1.080475873218714,-0.8062972915612167,0.5183032992899571,-0.5404331909011046,0.7488032744869674,180.27863181613566,-524.1450756091759,0.2620577262636311,182.55572805786136,-528.0524482558908,-1.0985176875650249,-0.018041814346310803,0.2511967255130326,38.11845423237415,116.30102254352423,TRACK
35.496,180.49087054657838,-523.9883741358117,-1.0894329028232526,-0.8102341424455224,0.5165659375878243,-0.5428838210007972,0.7493752137483689,180.3037791683123,-524.1708579158427,0.26134940940417195,182.55572805786136,-528.0524482558908,-1.1007090083784352,-0.011276105555182658,0.2506247862516311,56.258822120705084,97.1054786123334,TRACK
35.548,180.51740973075593,-524.0169989963366,-1.0933517975889488,-0.8147733232275121,0.5143969837040656,-0.5455418141067685,0.7498133953076224,180.33051871829792,-524.1982726222905,0.2603620133660718,182.55572805786136,-528.0524482558908,-1.1030744984564789,-0.00972270086753002,0.25018660469237763,56.258822120705084,97.1054786123334,TRACK
35.596,180.5417623417009,-524.0435652138373,-1.0927601165227898,-0.8197023141420209,0.5119291608812953,-0.5483141817783584,0.7501465908073554,180.34625374453148,-524.2161025745545,0.26075419921914345,182.55572805786136,-528.0524482558908,-1.1052499063272603,-0.012489789804470464,0.24985340919264465,62.152300683458506,90.70760526634159,TRACK
35.648,180.56797322876452,-524.0725046849153,-1.0964968594535236,-0.8250013786477735,0.5091733867318701,-0.5511891196427897,0.75037789370996,180.37208704757447,-524.2453752655078,0.26125779149265316,182.55572805786136,-528.0524482558908,-1.1075944427710316,-0.011097583317507986,0.24962210629004,62.152300683458506,90.70760526634159,TRACK
35.696,180.59200057360238,-524.0993669611117,-1.105783785820499,-0.8306199188943397,0.5061620908184499,-0.5541436917000732,0.750516684180099,180.3959337972687,-524.2723969178642,0.26149865528455224,182.55572805786136,-528.0524482558908,-1.1097451265163925,-0.003961340695893378,0.24948331581990102,48.28144546361981,104.49360740218657,TRACK
35.748,180.61790060686982,-524.1286007988508,-1.104862142576366,-0.8359327757594901,0.5033325060244288,-0.556959615156486,0.7506980914695951,180.421777040841,-524.3016808728065,0.26157439697412416,182.55572805786136,-528.0524482558908,-1.1120735612144306,-0.007211418638064515,0.2493019085304049,48.28144546361981,104.49360740218657,TRACK
35.796,180.64167634254684,-524.1557130040895,-1.1084074469065373,-0.8411631291382472,0.5005308682275041,-0.5597169130507573,0.7508756040807613,180.44563762365974,-524.3287181999984,0.2614612344390195,182.55572805786136,-528.0524482558908,-1.114218562822781,-0.005811115916243725,0.24912439591923874,57.90651917803362,94.81611147899315,TRACK
35.848,180.66724847576856,-524.1852403269477,-1.1113345958131866,-0.8467277568895564,0.49746519180172943,-0.5625575896435759,0.7509611565986096,180.4714829070832,-524.3580044663732,0.261096927891068,182.55572805786136,-528.0524482558908,-1.1165269885498013,-0.005192392736614648,0.24903884340139038,57.90651917803362,94.81611147899315,TRACK
35.896,180.69068850133684,-524.2126343993692,-1.119868599655958,-0.8524325984479229,0.49426922777313875,-0.5654108780087387,0.750993695375712,180.4953363464018,-524.3850336989955,0.26054554870382746,182.55572805786136,-528.0524482558908,-1.1186451802514248,0.0012234194045332991,0.24900630462428797,56.76653320156082,95.84026395660233,TRACK
35.948,180.71590797390797,-524.2424551994519,-1.1232605404660316,-0.8581626952049266,0.49102144805058334,-0.568233994339165,0.7509939645352244,180.52117282487012,-524.4143099881431,0.2597226341058939,182.69077286229074,-528.532426023097,-1.1393732087677126,-0.01611266830168101,0.24900603546477562,56.76653320156082,95.84026395660233,TRACK
36.0,180.7390465811917,-524.2701028218172,-1.1220578819273386,-0.8636887528147928,0.48788295267671355,-0.570949342734048,0.7510079410239213,180.54502008587704,-524.441332219887,0.25877748674768736,182.69077286229074,-528.532426023097,-1.1413905665558333,-0.01933268462849469,0.24899205897607868,32.02584409866624,120.67958993557009,TRACK
36.048,180.76406078847498,-524.3001358288324,-1.1254006438783906,-0.8681119159633707,0.48548877595423157,-0.5732623123022689,0.7512183639153679,180.57087197344373,-524.4706259696659,0.25766025377347623,182.69077286229074,-528.532426023097,-1.143592529058622,-0.018191885180231404,0.2487816360846321,32.02584409866624,120.67958993557009,TRACK
36.096,180.78709913365952,-524.3279343554254,-1.1243169163127584,-0.8718426266983782,0.4835556380075551,-0.5753180927376302,0.7515430545751575,180.59475020342708,-524.4976832935263,0.2565400805876671,182.69077286229074,-528.532426023097,-1.1456400643436624,-0.02132314803090396,0.24845694542484253,42.11849653838855,110.36633220905509,TRACK
36.148,180.81196711384652,-524.3581453208025,-1.1278575061937808,-0.8754361738373715,0.4816918005789295,-0.5772997964709625,0.7518657099179255,180.62062635728697,-524.527004540358,0.25519545675754085,182.69077286229074,-528.532426023097,-1.1478668126509501,-0.020009306457169362,0.24813429008207455,42.11849653838855,110.36633220905509,TRACK
36.192,180.8348311516181,-524.3861225399374,-1.1365846195318872,-0.8790076174494187,0.47981661246065666,-0.5792454238986956,0.7521630426315823,180.6445169234516,-524.554075842811,0.25382635282561156,182.69077286229074,-528.532426023097,-1.1499287278563364,-0.013344108324449211,0.2478369573684177,40.8523767092753,111.0618109818825,TRACK
36.248,180.85950834922474,-524.416521889557,-1.140206196828041,-0.8824798180387234,0.47797732045187846,-0.5811205325886755,0.752438297976986,180.6619780726139,-524.5740470286527,0.2526507067575248,182.69077286229074,-528.532426023097,-1.1521716184672604,-0.01196542163921932,0.24756170202301397,40.8523767092753,111.0618109818825,TRACK
36.296,180.88221061333442,-524.444659370424,-1.1490388083847392,-0.8857799189504449,0.476222600760173,-0.5828974775047606,0.7527000961579559,180.6845193479003,-524.6023128938222,0.25285661919118163,182.69077286229074,-528.532426023097,-1.1542530359699266,-0.005214227585187414,0.24729990384204414,59.33802177697801,92.2989067878424,TRACK
36.348,180.9066494236775,-524.4752538776876,-1.1526958138307855,-0.8896342061894121,0.47403668318785963,-0.5848079284982939,0.7528021587656433,180.70893339916606,-524.6329271457911,0.25288828723973683,182.69077286229074,-528.532426023097,-1.1565026421316682,-0.0038068283008827475,0.24719784123435673,59.33802177697801,92.2989067878424,TRACK
36.396,180.92907361505758,-524.5035912607374,-1.1516704680061682,-0.8937401263743069,0.4716335728852037,-0.5867519049286906,0.7528054363578347,180.73146402169826,-524.6611796528293,0.25275215668666723,182.69077286229074,-528.532426023097,-1.1585767272367664,-0.006906259230598177,0.2471945636421653,65.11377236872673,86.42867378921713,TRACK
36.448,180.95320761305285,-524.5343964039464,-1.1608686794341065,-0.8981122108478962,0.46900219349744965,-0.588731048264378,0.752706652485477,180.7558622577855,-524.6917740731917,0.25241418348159367,182.69077286229074,-528.532426023097,-1.1608180341741148,5.064525999176617e-05,0.24729334751452303,65.11377236872673,86.42867378921713,TRACK
36.496,180.9753316153197,-524.5629292946256,-1.1538365366182801,-0.9027066949765391,0.46617227563578134,-0.5907275092412243,0.7525128442397403,180.7783714878645,-524.719999754942,0.2519214586159278,182.69077286229074,-528.532426023097,-1.1628802535621803,-0.00904371694390016,0.2474871557602597,62.24803854331884,89.57977981887552,TRACK
36.548,180.9991514247785,-524.5939345426405,-1.1570588495388203,-0.9072577192174017,0.46333761975124055,-0.5926620503373269,0.7522832284364642,180.80274513032705,-524.7505633358745,0.25121307961589645,182.69077286229074,-528.532426023097,-1.1651118872107424,-0.008053037671922114,0.24771677156353578,62.24803854331884,89.57977981887552,TRACK
36.596,181.0209926606846,-524.6226435864938,-1.1653789064721032,-0.9118657481893438,0.46042846465378273,-0.5945671108168342,0.7520002794736963,180.82523030626618,-524.7787588546875,0.2503894493995574,182.8017248784854,-529.0185385680059,-1.1859099067613046,-0.020531000289201407,0.2479997205263037,40.93956217380524,111.2874925099188,TRACK
36.648,181.04456607981948,-524.6538089067751,-1.168500817817422,-0.915835244582105,0.4579457462019202,-0.5962352008472175,0.7518049755047883,180.84958619652957,-524.8093001750663,0.24938863126159694,182.8017248784854,-529.0185385680059,-1.1880666229064785,-0.019565805089056365,0.2481950244952117,40.93956217380524,111.2874925099188,TRACK
36.692,181.06625067072977,-524.6826314932579,-1.176896347595778,-0.9193199374105622,0.455781543752159,-0.5977175736541485,0.7516668899719501,180.87206582630546,-524.8374887392106,0.24837173838453047,182.8017248784854,-529.0185385680059,-1.1900690040642157,-0.013172656468437571,0.24833311002804992,28.491494867020933,124.0265723146408,TRACK
36.748,181.08969422245372,-524.7138992671576,-1.1801955316730681,-0.9221631301814525,0.4540511400423691,-0.5989725933538497,0.7516186568751545,180.8964211744183,-524.868029379754,0.2472055070298904,182.8017248784854,-529.0185385680059,-1.1922591143259405,-0.012063582652872329,0.2483813431248455,28.491494867020933,124.0265723146408,TRACK
36.796,181.1112976666986,-524.7427974741682,-1.1789745670311613,-0.9245043480564475,0.45265835531310034,-0.6000482784662631,0.7516365631906733,180.91890612155908,-524.896224611663,0.24607802250710176,182.8017248784854,-529.0185385680059,-1.194302363313109,-0.015327796281947581,0.2483634368093267,58.8366280835225,93.63603499550865,TRACK
36.848,181.13455890874022,-524.7741820379304,-1.188303630173178,-0.9274668700797183,0.45079398315677766,-0.6012736370942452,0.7514953106406554,180.94324752953952,-524.9267477718333,0.24469643841508334,182.8017248784854,-529.0185385680059,-1.1965157406392102,-0.008212110466032208,0.24850468935934455,58.8366280835225,93.63603499550865,TRACK
36.896,181.15591110608966,-524.803217002391,-1.1812112482150519,-0.9306992694012051,0.44870919472492665,-0.6025411466365087,0.7512627867934967,180.96570147140704,-524.9549041243594,0.24328725428420803,182.8017248784854,-529.0185385680059,-1.198561770300889,-0.017350522085837206,0.24873721320650333,56.67780516454367,95.83083204371711,TRACK
36.948,181.17895689037113,-524.8347216216686,-1.1845614769650457,-0.933686072678125,0.4467768323118294,-0.6037020673744885,0.7510430906697857,180.98177257581986,-524.9764874893493,0.24285636731272073,182.8017248784854,-529.0185385680059,-1.2007922714052386,-0.01623079444019293,0.2489569093302143,56.67780516454367,95.83083204371711,TRACK
37.0,181.20015527124264,-524.8638455745203,-1.1936697155477778,-0.9364584127985001,0.44497646819077974,-0.6047685000037608,0.750832202186573,181.00279976126666,-525.0057345233294,0.2430672152142793,182.8017248784854,-529.0185385680059,-1.202865627725168,-0.009195912177390131,0.24916779781342702,56.67780516454367,95.83083204371711,TRACK
37.048,181.22310280882297,-524.895417396256,-1.1922677704510432,-0.938497530776558,0.44368928419165465,-0.605602171300591,0.7507424130755457,181.0255831844649,-525.0374243352704,0.24326934195415323,182.8017248784854,-529.0185385680059,-1.2051432813333556,-0.012875510882312424,0.24925758692445432,35.532045297803876,117.39216168239773,TRACK
37.096,181.24426867834953,-524.9245799869689,-1.205116202775279,-0.9400633972403977,0.4427325000223704,-0.6062853019600667,0.7507289350683557,181.0466176043965,-525.0666814318062,0.24343123805221997,182.8017248784854,-529.0185385680059,-1.2072754335684324,-0.0021592307931532773,0.2492710649316443,52.93509487298397,100.07780038138623,TRACK
37.148,181.26707310131056,-524.9562335052948,-1.2044173300685084,-0.9423097794685216,0.44126743340609315,-0.6071379734677694,0.7505554387327766,181.06939098154888,-525.0983572705484,0.2434694747259454,182.8017248784854,-529.0185385680059,-1.2095918823987042,-0.005174552330195814,0.24944456126722336,52.93509487298397,100.07780038138623,TRACK
37.196,181.2879970605818,-524.9855099228357,-1.2072624762520423,-0.9450938355140539,0.43939436806677246,-0.6081135606566381,0.7502463017858155,181.09039691872778,-525.1275747499875,0.24336850900311094,182.8017248784854,-529.0185385680059,-1.2117339437937502,-0.0044714675417079075,0.24975369821418447,64.06033351872472,88.99784577028916,TRACK
37.248,181.31048876463336,-525.0173004591269,-1.216485348970957,-0.9485767107864799,0.43699280882121533,-0.6092485779250679,0.7497643260819847,181.11312867636252,-525.1591926995059,0.243072853938979,182.8017248784854,-529.0185385680059,-1.2140491763612367,0.0024361726097203995,0.25023567391801527,64.06033351872472,88.99784577028916,TRACK
37.296,181.3310900798715,-525.0467103658331,-1.2091187308589872,-0.9524789139562944,0.43426324934523525,-0.6104588120505319,0.7491625530831266,181.1340879394486,-525.188345259235,0.24263199780776565,182.88830826225126,-529.5095773382382,-1.2350770502251434,-0.025958319366156113,0.2508374469168734,69.6203338829395,84.17944177345832,TRACK
37.348,181.35324967273945,-525.0786355333473,-1.2180813156802226,-0.9565168109316451,0.4314222179163789,-0.611679163024979,0.7485162179878445,181.15677033828973,-525.2198945548521,0.24198809892696918,182.88830826225126,-529.5095773382382,-1.2372958864883614,-0.01921457080813882,0.2514837820121555,69.6203338829395,84.17944177345832,TRACK
37.392,181.37357067600468,-525.108159403718,-1.22108704789404,-0.9605198700339224,0.42859842378789664,-0.6128696774190106,0.7478675353116697,181.177688097837,-525.2489893866741,0.24125312128350632,182.88830826225126,-529.5095773382382,-1.2393446766589897,-0.01825762876494963,0.2521324646883303,16.192293849989873,138.52603178677026,TRACK
37.448,181.39565740606278,-525.1401256247818,-1.2236474008781202,-0.9624987284722331,0.42724965854554137,-0.613522547482819,0.7476310500488123,181.20036512608047,-525.2805312122447,0.24052609756838828,182.88830826225126,-529.5095773382382,-1.2416148557859523,-0.017967454907832137,0.25236894995118775,16.192293849989873,138.52603178677026,TRACK
37.496,181.4161066180695,-525.1696208437168,-1.2227250725074974,-0.9632262256201203,0.4268211156036279,-0.6138589605976598,0.7476624159546638,181.2213129938725,-525.309667922085,0.23991194256915452,182.88830826225126,-529.5095773382382,-1.2437568304206956,-0.021031757913198224,0.25233758404533624,47.47827445165295,107.54330060478976,TRACK
37.548,181.43817426749666,-525.2016159425227,-1.2357917497038637,-0.9645479466899616,0.42596598090207133,-0.6143599509670878,0.7475862266241576,181.24399720726433,-525.3412197415885,0.23915256936537996,182.88830826225126,-529.5095773382382,-1.2460931905465737,-0.010301440842710008,0.25241377337584237,47.47827445165295,107.54330060478976,TRACK
37.592,181.45845166365396,-525.2311938159025,-1.234494072434027,-0.9663951134103209,0.4247339012333001,-0.6150059615231309,0.7474163629235377,181.26238774315974,-525.3667994193635,0.23839031148427403,182.88830826225126,-529.5095773382382,-1.2482615967554747,-0.013767524321447677,0.25258363707646225,61.08547882906805,93.53488117117234,TRACK
37.648,181.48028027959293,-525.2632948760753,-1.2379660741809282,-0.9689225401213883,0.4230004123139578,-0.61581870307585,0.7471024185985481,181.27935331785065,-525.3930672669014,0.23919138231908682,182.88830826225126,-529.5095773382382,-1.2506149172015746,-0.012648843020646394,0.2528975814014519,61.08547882906805,93.53488117117234,TRACK
37.692,181.5003028615686,-525.2929781318988,-1.2365287648991656,-0.9718732972897055,0.4209482615766371,-0.6167225640460601,0.746688797242827,181.2987753246689,-525.4231384152873,0.23990633068060163,182.88830826225126,-529.5095773382382,-1.2527915692502765,-0.016262804351110827,0.253311202757173,46.396285512869326,108.71283401444967,TRACK
37.744,181.52193328984222,-525.3251663831694,-1.2458309004741044,-0.9744048967084801,0.4192057910972885,-0.6175213578740558,0.7463686238850888,181.31981227041805,-525.4557099782123,0.24061283569210495,182.88830826225126,-529.5095773382382,-1.255172738878151,-0.009341838404046676,0.25363137611491116,46.396285512869326,108.71283401444967,TRACK
37.796,181.54184231584296,-525.3549097285901,-1.2486503456079268,-0.976687598442134,0.417653745468594,-0.6182674429773137,0.7461161318116979,181.33922823731257,-525.4857717749671,0.24119979270452652,182.88830826225126,-529.5095773382382,-1.2573921287499255,-0.008741783141998694,0.2538838681883021,56.423770084621424,99.21591509920626,TRACK
37.848,181.56330447656998,-525.3871819895121,-1.2477307637777408,-0.9792188365454485,0.4159317856018776,-0.6190909787565012,0.7458370400105165,181.3602539400688,-525.5183259303342,0.24171936949232994,182.88830826225126,-529.5095773382382,-1.2598094487450655,-0.012078684967324671,0.25416295998948346,56.423770084621424,99.21591509920626,TRACK
37.892,181.58301554824226,-525.417020028349,-1.2607912716973484,-0.9819416952971824,0.4140822249182286,-0.6199781693777556,0.745544780344027,181.37965479463176,-525.5483643286232,0.24208866417808156,182.88830826225126,-529.5095773382382,-1.262052447246831,-0.0012611755494826848,0.25445521965597295,46.572166361957464,109.2576167397126,TRACK
37.948,181.6042790364377,-525.449391469342,-1.2598093752727775,-0.9846253157342202,0.4122730782815711,-0.6208705090866248,0.7452846973668835,181.4006672184547,-525.58089792418,0.2423875411121645,182.95030775365402,-530.0043215340418,-1.2834636024837538,-0.02365422721097632,0.2547153026331165,46.572166361957464,109.2576167397126,TRACK
37.996,181.62382381483093,-525.4793168150612,-1.2626080194057803,-0.9872862794816449,0.41049151000028306,-0.6217714767756161,0.7450523801143399,181.42005891388575,-525.610922141359,0.24256977710987096,182.95030775365402,-530.0043215340418,-1.2856400365003304,-0.02303201709455016,0.25494761988566006,26.889753031121877,129.25455406911888,TRACK
38.048,181.6449742422003,-525.5117644212963,-1.272098503328829,-0.9893324311815095,0.40917812725561165,-0.6225488095635434,0.7449790333381165,181.4410727700575,-525.6434579546255,0.2427323568516045,182.95030775365402,-530.0043215340418,-1.288027327021889,-0.015928823693059924,0.25502096666188345,26.889753031121877,129.25455406911888,TRACK
38.092,181.66445955844068,-525.5417497355652,-1.264763581237513,-0.9911556716450587,0.4080462136355608,-0.623299642760038,0.7449860113633737,181.46047429326237,-525.6734973881746,0.24283210738689595,182.95030775365402,-530.0043215340418,-1.2902548956102329,-0.025491314372719787,0.2550139886366263,57.801419931265116,98.38610501484095,TRACK
38.148,181.68541488768344,-525.5743061267335,-1.2684248866798762,-0.9938614036536613,0.4062755241508755,-0.6242743237346925,0.7448343660160132,181.4814803000941,-525.7060210482857,0.24277177878562994,182.95030775365402,-530.0043215340418,-1.2926690223248665,-0.024244135644990283,0.25516563398398684,57.801419931265116,98.38610501484095,TRACK
38.196,181.70462146282242,-525.6044238170563,-1.2775112339180392,-0.9970945073510458,0.4041270344197966,-0.6253864690309581,0.7445984794477819,181.50086010483224,-525.736026855071,0.2425655594364424,182.95030775365402,-530.0043215340418,-1.2948994814430483,-0.017388247525009115,0.2554015205522181,30.693041229672744,125.49251416434483,TRACK
38.248,181.72540615160096,-525.6370858327634,-1.281118497207741,-0.999536480261991,0.4025795160746335,-0.6263416952067797,0.7445630839071923,181.52186402123561,-525.768547278566,0.2423045822227803,182.95030775365402,-530.0043215340418,-1.2973469625962488,-0.016228465388507862,0.2554369160928077,30.693041229672744,125.49251416434483,TRACK
38.296,181.74458591118838,-525.6672650810432,-1.2903683573524587,-1.0013310565788986,0.4015290991067715,-0.6271791205909483,0.7447007900725839,181.53456679707654,-525.7885196731106,0.2425091841348752,182.95030775365402,-530.0043215340418,-1.2996388721705867,-0.009270514818128017,0.25529920992741606,57.95832445595122,98.44070990125368,TRACK
38.348,181.76523462308396,-525.7000304608572,-1.28986693721211,-1.0038288563926023,0.39997562910115686,-0.6282026386707176,0.744727506614143,181.5539168006922,-525.8220348624997,0.24400880328489785,182.95030775365402,-530.0043215340418,-1.3021292456114502,-0.01226230839934006,0.255272493385857,57.95832445595122,98.44070990125368,TRACK
38.396,181.7841731233864,-525.7303437903828,-1.2935534341631274,-1.0068183640056558,0.3980773902878074,-0.6293664095934399,0.7446930147267993,181.57177748248904,-525.8529704708295,0.24525336089356356,182.95030775365402,-530.0043215340418,-1.3044344486038655,-0.01088101444073808,0.2553069852732007,55.16524715627099,100.92247612814651,TRACK
38.448,181.8045596626827,-525.7632571298109,-1.296579510295484,-1.0101132725633155,0.3959673951043622,-0.6306202585402003,0.7446288259710627,181.59112601134717,-525.8864831058636,0.2464519521053858,182.95030775365402,-530.0043215340418,-1.3069392964279283,-0.01035978613244426,0.2553711740289373,55.16524715627099,100.92247612814651,TRACK
38.492,181.8232386876023,-525.7937127981324,-1.3063072449883393,-1.0137970921588537,0.3935800301899609,-0.631975749562534,0.7445123156801754,181.60898345880494,-525.9174131121539,0.24740062804288152,182.95030775365402,-530.0043215340418,-1.3092540286591676,-0.0029467836708283457,0.2554876843198246,53.81976203731469,102.45561441669031,TRACK
38.548,181.84332367573063,-525.826789212333,-1.2987626253198306,-1.0177441055454823,0.3910144397180167,-0.6334139481807978,0.7443826447587161,181.6283272133189,-525.9509174777812,0.2482565308964644,182.95030775365402,-530.0043215340418,-1.311764460978131,-0.013001835658300376,0.25561735524128393,53.81976203731469,102.45561441669031,TRACK
38.596,181.86170882982577,-525.8574042424242,-1.307823034298512,-1.0220284372528585,0.388217801093785,-0.6349536607325994,0.7442306177280148,181.64618019874098,-525.981839755599,0.24887102634973152,182.95030775365402,-530.0043215340418,-1.3140805212404383,-0.0062574869419262935,0.2557693822719852,46.0267444408137,110.45888059590834,TRACK
38.648,181.8814848609101,-525.890655986149,-1.3113274821976963,-1.026307179744187,0.38544947224003384,-0.6365296930085281,0.7441379883675149,181.66552263390497,-526.0153418360452,0.2493716997923948,182.98756921218921,-530.501541143393,-1.3353596416138027,-0.02403215941610637,0.2558620116324851,46.0267444408137,110.45888059590834,TRACK
38.696,181.8996210722129,-525.9214281991534,-1.3104612012249612,-1.0304801316446737,0.3827853643723922,-0.6381250202793667,0.7441291397897594,181.6833814458269,-526.0462742056568,0.24969201300682567,182.98756921218921,-530.501541143393,-1.337581119369714,-0.027119918144752786,0.25587086021024064,27.22905659666681,129.39045192425618,TRACK
38.748,181.91921136949472,-525.9548342969621,-1.3196743661747536,-1.0339593355787835,0.38066825700807766,-0.6396299984322228,0.7443351777176551,181.70274428481918,-526.0798116265702,0.24995465921622734,182.98756921218921,-530.501541143393,-1.3400090166346497,-0.02033465045989602,0.2556648222823449,27.22905659666681,129.39045192425618,TRACK
38.796,181.93725107977286,-525.9857360414022,-1.3234525191690274,-1.0369134200319061,0.3789739211667429,-0.641084718857015,0.7447219948923723,181.7206350602419,-526.1107993585891,0.25012663437393456,182.98756921218921,-530.501541143393,-1.3422721880063753,-0.01881966883734787,0.25527800510762766,49.07809331346742,107.20895751242729,TRACK
38.848,181.95666036140344,-526.0193071612707,-1.3329053593125,-1.0403049025847568,0.3769724443487767,-0.6426645279104106,0.7450677279500183,181.74002410196937,-526.1443821639712,0.2501500054009601,182.98756921218921,-530.501541143393,-1.3447289908759135,-0.011823631563413484,0.2549322720499817,49.07809331346742,107.20895751242729,TRACK
38.896,181.9744531790901,-526.0503837931483,-1.3367249813733806,-1.0439840296844,0.37477138445855507,-0.6443323839156896,0.745397753935077,181.75792888272605,-526.1753941539401,0.2500207215837421,182.98756921218921,-530.501541143393,-1.3470015817142016,-0.010276600340821007,0.254602246064923,61.00672246660015,94.60582042110316,TRACK
38.948,181.9935691064013,-526.0841509837805,-1.329226401010846,-1.0480766820911838,0.37226629526203675,-0.6460952172623426,0.7456683071965683,181.77732948700483,-526.2089969862485,0.24969200493600666,182.98756921218921,-530.501541143393,-1.3494630697263421,-0.02023666871549601,0.2543316928034317,61.00672246660015,94.60582042110316,TRACK
38.996,182.01105849356924,-526.115415457818,-1.3391198987929145,-1.0525197431604914,0.36949987335312273,-0.6479320144104053,0.7458860849391812,181.78841734930367,-526.2295569125462,0.25019462585623253,182.98756921218921,-530.501541143393,-1.3517328401424482,-0.012612941349533724,0.2541139150608188,32.54204717177591,122.8068260267926,TRACK
39.048,182.02993750166192,-526.149365003997,-1.3421677524597122,-1.0562928759745334,0.36724516445719924,-0.6496623701867814,0.7462775663611375,181.80612906600368,-526.2641048941045,0.25150637815706345,182.98756921218921,-530.501541143393,-1.3542124989792155,-0.012044746519503269,0.2537224336388625,32.54204717177591,122.8068260267926,TRACK
39.096,182.0472907996288,-526.1807805743597,-1.3515762754105412,-1.0597396218043276,0.3652438212389919,-0.6513524078493953,0.7467683765160825,181.8224945238212,-526.2960269005623,0.2526164708014189,182.98756921218921,-530.501541143393,-1.3565184940625832,-0.00494221865204203,0.2532316234839175,60.02915955565528,94.97998494419879,TRACK
39.148,182.0658664990125,-526.2149310937294,-1.3553651566704707,-1.0642512484662074,0.36243722965709835,-0.6532383300907822,0.7470482322723921,181.8402247023224,-526.3306108931961,0.25356663112124883,182.98756921218921,-530.501541143393,-1.359001982478366,-0.00363682580789515,0.25295176772760786,60.02915955565528,94.97998494419879,TRACK
39.196,182.08280189770335,-526.2465632024226,-1.3546109355235245,-1.069500068858112,0.35907148139797657,-0.6552557071135983,0.7471896482542294,181.856591091381,-526.3625347161068,0.25420605988684825,182.98756921218921,-530.501541143393,-1.3612795035845462,-0.0066685680610216735,0.2528103517457706,65.90748445359749,88.59569306340889,TRACK
39.248,182.10090700796528,-526.2809499382491,-1.3575858881233414,-1.0753327899010854,0.35525778197935387,-0.6573653930714471,0.7472197479087851,181.87431922359173,-526.3971147173035,0.25462969174872785,182.98756921218921,-530.501541143393,-1.3637274211541746,-0.006141533030833202,0.2527802520912149,65.90748445359749,88.59569306340889,TRACK
39.296,182.11740189189288,-526.3127985379065,-1.3559541902426036,-1.0814879949800358,0.351192753592057,-0.6595168779978835,0.7471939925746501,181.89068181774235,-526.4290311379723,0.2547783533600991,182.98756921218921,-530.501541143393,-1.365970130575186,-0.010015940332582352,0.25280600742534987,49.79826286390548,104.91416277754192,TRACK
39.348,182.13512310757994,-526.3474001700267,-1.3593283846735864,-1.0870858586972856,0.347552703113133,-0.6615815715080475,0.7473172399993884,181.9084172919142,-526.4636254601938,0.2547623302827612,183.0,-531.0,-1.3870030883664248,-0.02767470369283842,0.25268276000061163,49.79826286390548,104.91416277754192,TRACK
39.396,182.15134993881824,-526.3794321699241,-1.3683807669375279,-1.0922731675365398,0.3442299014694633,-0.663594687398857,0.7475641338438215,181.92479855156336,-526.4955782892645,0.2545887902185235,183.0,-531.0,-1.3891528695614643,-0.020772102623936473,0.2524358661561785,9.509117466886181,145.1871645968859,TRACK
39.448,182.16895564087332,-526.4142007450765,-1.3673734425918433,-1.095706687949628,0.3422493536335658,-0.6653558026426132,0.7482198635246123,181.94257775779135,-526.5302579140175,0.25439381362617347,183.0,-531.0,-1.3915206995150775,-0.02414725692323416,0.25178013647538766,9.509117466886181,145.1871645968859,TRACK
39.496,182.18520244812353,-526.4463654789076,-1.3813514115772194,-1.0982884535481556,0.340928382727944,-0.6670157892361965,0.7490942699286103,181.9590170608739,-526.5623239609936,0.2541774950166657,183.0,-531.0,-1.3937366549882246,-0.01238524341100522,0.2509057300713897,44.62428119303135,109.16716708343691,TRACK
39.548,182.20260524040705,-526.4813233935259,-1.3852840335587029,-1.1020061346941612,0.33873762760454496,-0.6688539190882627,0.7497391182503976,181.9768309018179,-526.5970711432595,0.25371557605666534,183.0,-531.0,-1.396128153889471,-0.010844120330768092,0.25026088174960237,44.62428119303135,109.16716708343691,TRACK
39.596,182.21851108153587,-526.5136896926283,-1.3841116917743115,-1.106218988305586,0.33615954950721044,-0.6707593116954318,0.7502808120637366,181.99328106949983,-526.6291583824207,0.2531038850830132,183.0,-531.0,-1.3983326913111316,-0.0142209995368201,0.24971918793626335,66.22758155688948,86.41517736092106,TRACK
39.648,182.2355131948069,-526.5488652192165,-1.3943613310880343,-1.1112417032288302,0.33294100804250665,-0.6727519046380261,0.7506296290651284,182.00968867902407,-526.6611626088242,0.2522051062949539,183.0,-531.0,-1.4007048557425474,-0.006343524654513155,0.24937037093487158,66.22758155688948,86.41517736092106,TRACK
39.696,182.2510066544843,-526.5814325388761,-1.3865535606640078,-1.1166720211470458,0.3293847987086757,-0.6747587771994364,0.7508620066483811,182.0206192695152,-526.6853872857616,0.2527546964013382,183.0,-531.0,-1.4028820103958461,-0.016328449731838335,0.2491379933516189,57.60100712793936,94.87027066929718,TRACK
39.748,182.26763548724122,-526.6168070703162,-1.396481457050319,-1.1218201673856152,0.3260249550244422,-0.6766910129494313,0.7511344741823643,182.03669373369695,-526.7210119578288,0.2533628862158067,183.0,-531.0,-1.4052409336124445,-0.008759476562125501,0.24886552581763566,57.60100712793936,94.87027066929718,TRACK
39.796,182.28283673318165,-526.6495462854328,-1.3994084913866218,-1.126823093092481,0.3227586390815483,-0.6785726019759537,0.7514212635094839,182.05153875613806,-526.7539119071093,0.25375369390883884,183.0,-531.0,-1.4074177562652481,-0.008009264878626299,0.2485787364905161,46.69126878729293,105.69760247636245,TRACK
39.844,182.29916663051682,-526.6851012935509,-1.402886318570638,-1.1315256639985758,0.31970588592818083,-0.6803847459253007,0.7517547844775975,182.06763031228672,-526.7895744588661,0.2540151746068061,183.0,-531.0,-1.4097806667308121,-0.006894348160174202,0.24824521552240253,46.69126878729293,105.69760247636245,TRACK
39.896,182.31409717638286,-526.7180031913512,-1.401761396448114,-1.1361739177284076,0.31667738945982943,-0.6821597563114437,0.7520814464710459,182.08249053210247,-526.8225080889887,0.2540923283081425,183.0,-531.0,-1.4119626993136,-0.01020130286548615,0.2479185535289541,53.43817083762596,98.55077068719228,TRACK
39.948,182.33005448372293,-526.7537424838828,-1.415627075189378,-1.1413179425589226,0.3132452563993854,-0.6839567721037033,0.7522761838335931,182.09858814850972,-526.8581840716582,0.2539383972425073,183.0,-531.0,-1.4143130601618115,0.0013140150275665619,0.24772381616640693,53.43817083762596,98.55077068719228,TRACK
39.992,182.34457992271214,-526.7868183612636,-1.413860487528909,-1.146807302256885,0.30952407595592096,-0.6857501744360113,0.7523685634949048,182.11344506493822,-526.8911103807227,0.25357473809712444,183.0,-531.0,-1.4164691463089167,-0.002608658780007822,0.24763143650509523,67.44086935405144,84.31122746264535,TRACK
40.048,182.3600513403573,-526.8227469485261,-1.4235543671935145,-1.1528867132018743,0.30532519121376667,-0.6875646430344937,0.7523088532915679,182.1295314544784,-526.9267614820989,0.2529000612494705,183.0,-531.0,-1.4187797956897177,0.004774571503796787,0.24769114670843206,67.44086935405144,84.31122746264535,TRACK
40.096,182.37409948594131,-526.8559960370985,-1.4152144169617937,-1.1592366548139699,0.3008957691723735,-0.6893582888132732,0.7521656162451182,182.14437256859543,-526.9596527696435,0.25203010684271465,183.0,-531.0,-1.4208917423916334,-0.005677325429839675,0.24783438375488176,63.693869750748156,88.28793375419235,TRACK
40.148,182.3891228271256,-526.892097204,-1.4183285907845655,-1.1652599927206149,0.2967008925485088,-0.6910715111042246,0.7520713085199822,182.16044786131403,-526.9952792779369,0.25087602589891367,183.0,-531.0,-1.4231703868654033,-0.00484179608083779,0.24792869148001784,63.693869750748156,88.28793375419235,TRACK
40.192,182.40282794056793,-526.9254927680379,-1.4271385680195534,-1.1708975120222245,0.29278869900693444,-0.6927058033270325,0.7520415894278205,182.1752858613905,-527.0281636640589,0.24963315221768295,183.0,-531.0,-1.4252694179215208,0.0018691500980325682,0.2479584105721795,39.79836709851104,112.45112269083928,TRACK
40.248,182.41760138504696,-526.9617333080696,-1.4301521683322949,-1.1753850828021362,0.2897492998864614,-0.6941854839144871,0.7522287835906608,182.19137113198846,-527.0638122856044,0.2481939665936,183.0,-531.0,-1.4275639780701186,0.002588190262176271,0.2477712164093392,39.79836709851104,112.45112269083928,TRACK
40.296,182.43117438946211,-526.9952423015837,-1.439055583524942,-1.179082145310114,0.28730686878668016,-0.6955569755850974,0.7525587971295629,182.2062293085321,-527.0967413873708,0.24678402268019267,183.0,-531.0,-1.4297026536210526,0.009352929903889251,0.24744120287043714,67.41069067752704,84.55193102972913,TRACK
40.348,182.44567252170577,-527.0316202016718,-1.437374674301191,-1.1834468874376283,0.2843330471205878,-0.696963284722901,0.7527304311216693,182.2170045867986,-527.1213657527741,0.24564870933380917,183.0,-531.0,-1.4320082691121199,0.005366405189071166,0.24726956887833074,67.41069067752704,84.55193102972913,TRACK
40.392,182.45885458635357,-527.0652684814777,-1.4403479741947507,-1.1883356788554897,0.28093570201853846,-0.6983781753212477,0.7527661950656953,182.23020737183862,-527.1550059004253,0.2456264502549023,183.0,-531.0,-1.434123275130799,0.006224699063951622,0.2472338049343047,62.97728297244055,88.53481119108048,TRACK
40.448,182.4729322288861,-527.1017882703804,-1.4490486295040066,-1.1934221399464864,0.2773615695117522,-0.6997520854196391,0.7527166939102363,182.24450625440056,-527.1914388590151,0.24538878104388226,183.0,-531.0,-1.436403740687602,0.012644888816404576,0.24728330608976368,62.97728297244055,88.53481119108048,TRACK
40.496,182.48573593418493,-527.1355570583144,-1.4518722322698907,-1.198657720844076,0.2736453713199821,-0.7010696008742765,0.7525824702415466,182.25769952145225,-527.2250547552276,0.24497029061655107,183.0,-531.0,-1.438497779535063,0.013374452734827624,0.24741752975845344,74.17951356554087,77.60133765756234,TRACK
40.548,182.49938079054704,-527.1722023446108,-1.4492208815990861,-1.204147608351167,0.26970987071831715,-0.7023462060251426,0.752352050227022,182.27198331823809,-527.2614492758867,0.24428390277432685,183.0,-531.0,-1.4407492683599026,0.00847161323918355,0.247647949772978,74.17951356554087,77.60133765756234,TRACK
40.596,182.51176457247112,-527.2060835041705,-1.4513739848450373,-1.2098229844787614,0.2656098258300311,-0.7035751557054868,0.7520416074283786,182.28515875246853,-527.2950197348116,0.24343346273612387,183.0,-531.0,-1.4428107225507794,0.008563262294257967,0.24795839257162144,56.32375146749287,95.83563463394547,TRACK
40.648,182.5250302856305,-527.2428347992002,-1.4489101710511032,-1.2149192160107627,0.26193484074682105,-0.7046883369855087,0.7517948610362167,182.29942799559538,-527.3313771733523,0.24235541110026249,183.0,-531.0,-1.4450463342088415,0.0038638368422616587,0.24820513896378327,56.32375146749287,95.83563463394547,TRACK
40.696,182.53716464068705,-527.2767959527895,-1.4514196908701207,-1.2193669210948477,0.2587373187728455,-0.705680830629237,0.7516185434403085,182.31259734268718,-527.3649321225009,0.24124356103814845,183.0,-531.0,-1.4471197523829018,0.0042999384872188795,0.24838145655969146,52.752892948650455,99.81074591080748,TRACK
40.748,182.5501958352296,-527.3136237419949,-1.4647674148263325,-1.2233334551860695,0.2558892204695068,-0.7065718903299936,0.7514806247382512,182.3268612982876,-527.4012760886441,0.2399192557178379,183.0,-531.0,-1.4493785498624552,0.015388864963877369,0.24851937526174883,52.752892948650455,99.81074591080748,TRACK
40.796,182.56212582117024,-527.3476490665901,-1.4623421536683847,-1.226914774130232,0.25331747412235317,-0.7073730538876899,0.7513630148351232,182.3400251910873,-527.4348171404831,0.23859371950967473,183.0,-531.0,-1.4514775072939792,0.01086464637440554,0.24863698516487676,82.21560467707378,70.3978583041024,TRACK
40.848,182.5748457213449,-527.3845493369807,-1.4644171794414058,-1.2310864357505948,0.2502710708935809,-0.7081596895796168,0.7510830545763358,182.35427224682644,-527.4711180464819,0.23695315808371864,183.0,-531.0,-1.4537401970995079,0.010676982341897956,0.24891694542366416,82.21560467707378,70.3978583041024,TRACK
40.896,182.5863683113341,-527.418646861194,-1.461294542795375,-1.2359208471654384,0.24669508141872792,-0.7089315789485744,0.7506280349325567,182.36740631693877,-527.5045831113528,0.23522201019659134,183.0,-531.0,-1.4558098769544154,0.005484665840959524,0.2493719650674433,57.596305691425584,95.27820913750247,TRACK
40.948,182.5987086538364,-527.4556117025741,-1.4635146088926332,-1.24035036550356,0.24341180053389422,-0.7096073432976172,0.7501945656301802,182.38162467128612,-527.540810887398,0.23320453806597752,183.0,-531.0,-1.4580576169259738,0.005456991966659386,0.24980543436981983,57.596305691425584,95.27820913750247,TRACK
40.996,182.6099885837283,-527.4897524802452,-1.471599954565984,-1.2443164161786708,0.2404671591420187,-0.7101879436622793,0.7497942184020158,182.3947410624805,-527.5742309071205,0.23123170200178927,183.0,-531.0,-1.4601436322993557,0.011456322266628183,0.25020578159798423,53.67322544485997,99.93910113146134,TRACK
41.048,182.62210245101372,-527.5267574357403,-1.4738641540896729,-1.2478542073344934,0.2378392986326499,-0.7106939792124537,0.7494354302159075,182.4037534433858,-527.6001188007292,0.23034361073218568,183.0,-531.0,-1.4624201156508316,0.01144403843884123,0.2505645697840925,53.67322544485997,99.93910113146134,TRACK
41.096,182.63319561962973,-527.560931643595,-1.4820417837970066,-1.2510248859949942,0.2354832319363235,-0.7111380187625924,0.7491125644739658,182.4151959337489,-527.6341756427189,0.2299750996342895,183.0,-531.0,-1.464539967640218,0.017501816156788585,0.2508874355260342,72.89496354956779,81.06962685688583,TRACK
41.148,182.64504240949503,-527.5979758316632,-1.4792130828786774,-1.2546081666982982,0.23280210946737637,-0.7115755934239143,0.7486899540724826,182.42758132009385,-527.6710388719938,0.22940691634276317,183.0,-531.0,-1.4668353113896124,0.012377771489064937,0.2513100459275174,72.89496354956779,81.06962685688583,TRACK
41.196,182.6558273163319,-527.6321881010873,-1.481395450393166,-1.258388412944943,0.22996131683933893,-0.7119886002760766,0.7482045002307655,182.43900403318153,-527.7050368499142,0.22873407337289042,183.0,-531.0,-1.4689551333653452,0.012440317027820669,0.25179549976923454,67.09360278216016,87.27436722271636,TRACK
41.248,182.66737971174894,-527.6692657667055,-1.4831642544765806,-1.2620128602195326,0.22723136356017656,-0.7123538010711744,0.7477178816144278,182.45136966494087,-527.7418412826528,0.22787616338054398,183.0,-531.0,-1.471262375724407,0.011901878752173634,0.25228211838557224,67.09360278216016,87.27436722271636,TRACK
41.296,182.67792638160702,-527.703502198279,-1.4797095836632388,-1.265492612371057,0.22460318736267387,-0.712670617586424,0.7472255355275859,182.46277550736542,-527.775789047596,0.22696979374161114,183.0,-531.0,-1.4734036790337568,0.006305904629481995,0.25277446447241414,65.25706205456196,87.27436722271636,TRACK
41.348,182.68924110875452,-527.7406008919669,-1.4817525220805061,-1.2687351686045394,0.22214888912463332,-0.7129386474072981,0.746747376229911,182.47512337996238,-527.8125406228737,0.2258798943377803,183.0,-531.0,-1.4757412671315921,0.006011254948913969,0.25325262377008895,65.25706205456196,89.76076492184085,TRACK
41.396,182.6995742326331,-527.7748542912533,-1.490007872713536,-1.2719078294983976,0.21974247287899756,-0.7131744906113947,0.7462604159713949,182.48651268420818,-527.8464391644292,0.2247656946351696,183.0,-531.0,-1.4779132923835745,0.012094580329961468,0.2537395840286051,54.26906929949428,101.28211927134942,TRACK
41.448,182.71068325313007,-527.8119672211892,-1.4917094659316295,-1.2747209364233503,0.2176048607163673,-0.7133619857737623,0.7458131120826953,182.4988439891636,-527.8831414286275,0.22347626621708058,183.0,-531.0,-1.480293366282146,0.011416099649483424,0.2541868879173047,54.26906929949428,101.28211927134942,TRACK
41.496,182.7208642919696,-527.8462282491046,-1.488579972430117,-1.2772471480081184,0.21567990100390166,-0.7135052859691262,0.745390912745076,182.510220169954,-527.9170009102028,0.2222154713305124,183.0,-531.0,-1.4825178326979807,0.006062139732136318,0.25460908725492404,73.27408193663867,82.772948622935,TRACK
41.548,182.73173479469253,-527.883352541724,-1.5018285057123606,-1.2802875848393784,0.21335878090298294,-0.7136534823567319,0.7448645932438307,182.52253071157725,-527.953641375483,0.2206963265288099,183.0,-531.0,-1.4849330322087622,0.016895473503598435,0.2551354067561693,73.27408193663867,82.772948622935,TRACK
41.596,182.7416271562334,-527.9176270348668,-1.4982597433915164,-1.2836158411142027,0.21081501048906737,-0.7137929426980342,0.7442736954192488,182.5338816759296,-527.9874258041442,0.21915759804145896,183.0,-531.0,-1.4871691166450376,0.01109062674647876,0.2557263045807512,77.50600314313841,79.0703062990868,TRACK
41.644,182.75219574156807,-527.9547630796274,-1.500196481142888,-1.2870823490665761,0.20816446580132614,-0.7139195601807495,0.7436488305853955,182.54616514093837,-528.0239856799767,0.21734851459110932,183.0,-531.0,-1.4896008537907541,0.01059562735213393,0.25635116941460445,77.50600314313841,79.0703062990868,TRACK
41.696,182.76181260341306,-527.9890467697547,-1.5082723764776094,-1.2906584556520395,0.20542985372390737,-0.7140329546296331,0.7429969617018294,182.55572805786136,-528.0524482558908,0.21561676270529884,183.0,-531.0,-1.4918537515878063,0.016418624889803057,0.2570030382981706,57.954933394057164,99.4259575969321,TRACK
41.748,182.77216248246327,-528.0261876695758,-1.4982056918623416,-1.2935830636172576,0.20319205237387766,-0.7141082462282792,0.7424537679068894,182.56475791258725,-528.0845422674142,0.21545745448773954,183.0,-531.0,-1.494331079907195,0.0038746119551467118,0.25754623209311056,57.954933394057164,99.4259575969321,TRACK
41.796,182.78166048407138,-528.0604724122908,-1.506003278207213,-1.296015640074841,0.2013310957688163,-0.7141632756781133,0.7419995919478428,182.57439327020353,-528.1187883641406,0.21531476536618938,183.0,-531.0,-1.4966553973796592,0.009347880827553778,0.2580004080521572,53.051303704153575,104.97684628506511,TRACK
41.848,182.79189855203217,-528.0976161409412,-1.5079176429095957,-1.298052603007902,0.19977528506270537,-0.7142119951072579,0.741625875005029,182.58482830301725,-528.1558766754741,0.21511015297089156,183.0,-531.0,-1.4992186364094295,0.008699006500166195,0.25837412499497103,53.051303704153575,104.97684628506511,TRACK
41.896,182.80130091082086,-528.131905678193,-1.5158911484377082,-1.2998421066597965,0.19841280145829365,-0.714265672613835,0.7413117366243586,182.59445789481683,-528.1901022792698,0.21487409719772446,183.0,-531.0,-1.5016277126187498,0.014263435818958392,0.25868826337564144,71.86148806879193,86.43624420604452,TRACK
41.948,182.81134999329092,-528.1690616379118,-1.5179210905871017,-1.3022256272911623,0.19660637603484327,-0.7143608776140113,0.7409220813034355,182.604882253538,-528.2271526526232,0.2144842501184693,183.0,-531.0,-1.5042560219996997,0.013665068587402018,0.2590779186965645,71.86148806879193,86.43624420604452,TRACK
42.0,182.82050258430291,-528.2033679007811,-1.5145513738770622,-1.3049710909228458,0.19453178721845668,-0.7144844038713397,0.740493470338389,182.6144978843953,-528.2613286362804,0.21400323185326917,183.0,-531.0,-1.5067008232679246,0.00785055060913753,0.25950652966161103,75.71242599238299,82.9097735134482,TRACK
42.048,182.83028638248763,-528.2405429518085,-1.5224368857011918,-1.3079355362246168,0.19229814947372303,-0.714631552123613,0.7400519127612755,182.62490776074483,-528.2983275362251,0.2133528449896295,183.0,-531.0,-1.5093711569983754,0.013065728702816415,0.25994808723872453,75.71242599238299,82.9097735134482,TRACK
42.096,182.8391917455358,-528.2748683428268,-1.5122664180766803,-1.311088246789528,0.18992873605083443,-0.7147998183890834,0.7396023966611615,182.63451024334896,-528.3324567882127,0.2126286584151308,183.0,-531.0,-1.5118553238171153,0.00041109425956498136,0.26039760333883855,68.2471671947502,90.93828230072288,TRACK
42.148,182.84874076803763,-528.3120650561079,-1.514036570256716,-1.314031638891533,0.18772594527228018,-0.7149823751911133,0.7392163603183421,182.6449085455626,-528.369414551233,0.2117464037716177,183.0,-531.0,-1.5145822167696437,-0.0005456465129276555,0.26078363968165785,68.2471671947502,90.93828230072288,TRACK
42.196,182.85746718224584,-528.3464120856969,-1.522094535695779,-1.316816368264345,0.18565196802852527,-0.7151856346270287,0.7388891291727943,182.6545035430097,-528.403517199391,0.21084409610419586,183.0,-531.0,-1.51713464881914,0.0049598868766389526,0.26111087082720574,41.75543699853777,117.87234823688704,TRACK
42.248,182.8669197147966,-528.3836315322396,-1.5236231865462924,-1.3186604169126328,0.1842965944640924,-0.7153861680836753,0.7387439368390827,182.66490069420698,-528.440470871456,0.20986280080697273,183.0,-531.0,-1.5199756200290144,0.0036475665172779337,0.2612560631609173,41.75543699853777,117.87234823688704,TRACK
42.296,182.87564476536815,-528.4179993925381,-1.5202418014250987,-1.3198909748476253,0.18341294681915873,-0.7155999905977657,0.7387311118427393,182.67450102255776,-528.4745924667718,0.2089535386706526,183.0,-531.0,-1.52267115754349,-0.002429356118391235,0.2612688881572607,68.30193605264925,91.40183277777912,TRACK
42.348,182.88497000828755,-528.4552506193334,-1.533742181787817,-1.321854906745785,0.18198447354381597,-0.7158694050101291,0.7386388519706881,182.68489712215143,-528.5115424012156,0.2078411039094935,183.0,-531.0,-1.5256242003886957,0.008117981399121232,0.2613611480293119,68.30193605264925,91.40183277777912,TRACK
42.396,182.89346188647752,-528.4896552070462,-1.5300721878732442,-1.3242880724893031,0.18020985293868802,-0.7161818986628196,0.7385066709708618,182.69153034325862,-528.5357447640595,0.20712458910628392,183.0,-531.0,-1.5283821452355058,0.0016900426377384203,0.26149332902913824,71.7436445370875,87.83179520210888,TRACK
42.448,182.9025380458115,-528.5269476979087,-1.5320819349226031,-1.3270072955103918,0.17822593838880607,-0.7165253841665924,0.738358389448954,182.7000700571138,-528.5731596951018,0.20767483028010045,183.0,-531.0,-1.5314071296758711,0.0006748052467320242,0.26164161055104596,71.7436445370875,87.83179520210888,TRACK
42.492,182.91080451897045,-528.5613914181988,-1.5282918630473983,-1.329891869567088,0.1761232267367654,-0.7168936268238925,0.7382112591778077,182.7079516612858,-528.6076912592267,0.2080695968901842,183.0,-531.0,-1.5342362419130202,-0.005944378865621935,0.2617887408221923,50.90707773007651,108.91160672398479,TRACK
42.548,182.91973327898677,-528.5987262941343,-1.5302472481662468,-1.3320479579215867,0.17457752056565026,-0.7172732916165885,0.7382128998827815,182.7164932716773,-528.6451144995377,0.20846670278896315,183.0,-531.0,-1.5373820410316172,-0.007134792865370443,0.2617871001172185,50.90707773007651,108.91160672398479,TRACK
42.596,182.9279474411758,-528.6332115074296,-1.5387515884506993,-1.3337676420417774,0.17337032099604602,-0.7176823198288836,0.7383259310069233,182.72438128721214,-528.6796741536784,0.20880123691205843,183.0,-531.0,-1.5403625502679372,-0.0016109618172379658,0.26167406899307666,44.96603815620375,114.86431809969594,TRACK
42.648,182.9368238237805,-528.6705970049363,-1.5351866170310786,-1.3351391789877698,0.17243559156356547,-0.7181266641842868,0.7385390572273942,182.73293128604476,-528.7171341461514,0.20913601425096945,183.0,-531.0,-1.543681785749578,-0.008495168718499313,0.2614609427726058,44.96603815620375,114.86431809969594,TRACK
42.696,182.94499030614386,-528.705133939757,-1.5374938233133424,-1.3363529352600205,0.17163040174928493,-0.7186141481208704,0.7388256145289667,182.74082816125045,-528.7517326170465,0.20941255485908258,183.0,-531.0,-1.546830151907922,-0.009336328594579557,0.26117438547103333,52.32302483355236,107.08878793258472,TRACK
42.748,182.95375670085085,-528.7425811873181,-1.5513888227039203,-1.3379236435116502,0.17056434089556413,-0.7191479779397509,0.7390981048277493,182.74938611014232,-528.7892274410046,0.20962636124670853,183.0,-531.0,-1.5503141583742401,0.001074664329680175,0.2609018951722507,52.32302483355236,107.08878793258472,TRACK
42.796,182.96177715069717,-528.7771790774893,-1.5480871489784196,-1.3397019663457597,0.1693492683782607,-0.71972246815919,0.7393778505428794,182.75728897823296,-528.8238521684443,0.20974696683633923,183.0,-531.0,-1.5536023719386982,-0.005515222960278621,0.2606221494571206,73.25286364695596,85.73322685215244,TRACK
42.848,182.97031905869224,-528.8146965905388,-1.557106802029157,-1.3422346322676695,0.16757063595112737,-0.7203413267518001,0.7395752463810622,182.76585105506462,-528.8613650780884,0.2097262793205304,183.0,-531.0,-1.557215093052018,-0.00010829102286114001,0.2604247536189378,73.25286364695596,85.73322685215244,TRACK
42.896,182.9780617775091,-528.8493628278574,-1.5594547703308876,-1.3453220615315027,0.16537823807458368,-0.720996509503167,0.73972016894526,182.77375499850405,-528.8959945169389,0.209560908506389,183.0,-531.0,-1.5605958792784815,-0.001141108947593894,0.26027983105473995,58.07933903685367,100.68564772055939,TRACK
42.948,182.9863714156224,-528.886955906174,-1.5494154730863494,-1.3480993974986728,0.16342611128013704,-0.7216780660003571,0.7399508935018347,182.78232196763136,-528.9335288611309,0.20929695974585855,183.0,-531.0,-1.5643466765282457,-0.014931203441896246,0.26004910649816526,58.07933903685367,100.68564772055939,TRACK
42.996,182.9939721192718,-528.9216943825827,-1.5579279185751003,-1.3506541341515863,0.16164876977574616,-0.7223921333805726,0.7402571979657795,182.79023455079266,-528.9681961530762,0.20897705967120153,183.0,-531.0,-1.567895952675156,-0.009968034100055645,0.2597428020342205,29.56915955278481,129.0405122787848,TRACK
43.048,183.00223135344993,-528.9593694180049,-1.5549845730720708,-1.352172686216075,0.16066269963008661,-0.7231368558855245,0.7407694752029332,182.7988168040683,-529.0057974614973,0.20864573353571542,183.0,-531.0,-1.5718897890708732,-0.016905215998802348,0.25923052479706676,29.56915955278481,129.0405122787848,TRACK
43.096,183.00986584665594,-528.9941879621244,-1.569216600491678,-1.3531452903838483,0.1600989343867279,-0.7239241738636225,0.7414161303181191,182.8038368977773,-529.0305164246188,0.20920727751022347,183.0,-531.0,-1.5757149168270608,-0.00649831633538267,0.25858386968188085,44.81895903502275,113.11569557469156,TRACK
43.148,183.01804929458964,-529.0319547752949,-1.5667105365938347,-1.3546407305377846,0.15914520690514572,-0.724750417043516,0.7420177652089146,182.810542164353,-529.068543881045,0.21070826219832833,183.0,-531.0,-1.5799672484502671,-0.013256711856432402,0.2579822347910854,44.81895903502275,113.11569557469156,TRACK
43.196,183.0255229846571,-529.0668605815619,-1.5691120703785337,-1.3564739207283205,0.1579400412302135,-0.7256092751079013,0.7425994052962981,182.81673676811465,-529.1036752247384,0.21200708047214986,183.0,-531.0,-1.5839984277657728,-0.01488635738723909,0.2574005947037019,54.312347815589746,102.71748577391104,TRACK
43.248,183.03350349909007,-529.1047225302352,-1.5720356666950563,-1.3587813540882265,0.1563760277908005,-0.7264860679677996,0.7431254732674312,182.8234521846257,-529.1417602443086,0.21329169456871014,183.0,-531.0,-1.5884718442078858,-0.016436177512829442,0.25687452673256883,54.312347815589746,102.71748577391104,TRACK
43.296,183.04076855037175,-529.1397156170698,-1.5691635743393162,-1.3613427924413943,0.15461875032626063,-0.727373869014438,0.7436260506985264,182.82965542301432,-529.1769405574047,0.2143698876371736,183.0,-531.0,-1.5927080441067905,-0.023544469767474263,0.2563739493014736,42.736458814757086,113.75495083370338,TRACK
43.348,183.04859928465973,-529.1776732196456,-1.5721143228127146,-1.3634478851306004,0.1532090531119231,-0.7282768783505481,0.7442178615805126,182.83638268088205,-529.215092732646,0.21549038695987438,183.0,-531.0,-1.597458815881029,-0.025344493068314433,0.2557821384194874,42.736458814757086,113.75495083370338,TRACK
43.392,183.05578907332082,-529.2127571974233,-1.5819701122423873,-1.3652765715267403,0.15201142684322583,-0.7292006422238017,0.7448765337359731,182.84259919309167,-529.2503483253217,0.21647867776941337,183.0,-531.0,-1.602001356010753,-0.020031243768365847,0.25512346626402693,28.570688580262754,127.32724624760434,TRACK
43.448,183.06358405327637,-529.2508163878645,-1.5846050096313473,-1.366504492159556,0.15127363868736488,-0.7301480454145339,0.7456539961566488,182.8493427453825,-529.2885929108285,0.21754632540065347,183.0,-531.0,-1.6071310311234646,-0.022526021492117243,0.25434600384335115,28.570688580262754,127.32724624760434,TRACK
43.492,183.07077141918853,-529.2859967774076,-1.594266089684549,-1.367474189534911,0.15073574158961336,-0.7311199032715222,0.7464968698878319,182.8555756719202,-529.3239415937848,0.2185154885409003,183.0,-531.0,-1.612063017860216,-0.017796928175666915,0.2535031301121681,45.51067052107925,109.42262108298411,TRACK
43.548,183.07844519050968,-529.3241591293324,-1.5976929442509216,-1.3691874509803,0.14962861592561452,-0.7320899212358911,0.7472244478595359,182.86233321097623,-529.3622655021785,0.21944585516557577,183.0,-531.0,-1.6175716338602448,-0.019878689609323263,0.2527755521404641,45.51067052107925,109.42262108298411,TRACK
43.596,183.08542210235407,-529.3594316571352,-1.5953395228342144,-1.3714063258061038,0.14813191588365857,-0.7330539640321965,0.7478710976409505,182.8685755481177,-529.3976675553208,0.22019176186735612,183.0,-531.0,-1.622817951483931,-0.027478428649716502,0.2521289023590495,46.60066219927718,107.40019785550696,TRACK
43.648,183.0928610402513,-529.3976914418355,-1.6057746553485777,-1.3739838498095778,0.14635551963268528,-0.7340028582571899,0.7484518248068327,182.87534266806546,-529.4360457996517,0.22087394369158203,183.0,-531.0,-1.628686103274881,-0.022911447926303286,0.2515481751931673,46.60066219927718,107.40019785550696,TRACK
43.696,183.09961521896994,-529.4330513238871,-1.609260719364639,-1.3768133265986273,0.14438030758463943,-0.7349343311599339,0.748982072105691,182.88159322743772,-529.471494483382,0.22138533217815168,183.0,-531.0,-1.6342836297884056,-0.025022910423766476,0.251017927894309,36.64542371763356,116.85377098303302,TRACK
43.748,183.10686636416312,-529.4714063625064,-1.6069712659118276,-1.3793141983988562,0.14265298488411393,-0.7358662290379057,0.7495658617725428,182.88830826225126,-529.5095773382382,0.2218663275479916,183.0,-531.0,-1.6405943180627387,-0.033623052150911104,0.2504341382274572,36.64542371763356,116.85377098303302,TRACK
43.796,183.11349412727506,-529.5068561592261,-1.6105735801961265,-1.3816466655573874,0.14105187953254786,-0.7368011499559413,0.7501810230178192,182.89145420575014,-529.534681371371,0.2237766055281516,183.0,-531.0,-1.6466606247991256,-0.03608704460299905,0.2498189769821808,18.63484825480274,134.30863295290686,TRACK
43.848,183.12067679322828,-529.5453119278518,-1.6084922913923523,-1.3832245583944034,0.1400285886890068,-0.7377576516826798,0.7509289968209893,182.89630988220796,-529.5734287496132,0.22612179555886322,183.0,-531.0,-1.6535639694538007,-0.045071678061448406,0.24907100317901065,18.63484825480274,134.30863295290686,TRACK
43.896,183.12729857816964,-529.5808575784656,-1.612410627636214,-1.3844146457045516,0.13930243117859537,-0.7387295093194486,0.7517489310079666,182.90079784011047,-529.6092418034472,0.22827231231394052,183.0,-531.0,-1.660257954105562,-0.04784732646934797,0.24825106899203342,9.10754158007012,142.9594421247111,TRACK
43.948,183.13448439693948,-529.6194174480095,-1.628123563830645,-1.3851653731390303,0.1389126681400174,-0.7397117645259338,0.7526421619520455,182.90566640915097,-529.6480920620565,0.23060768639907636,183.0,-531.0,-1.6679012985277366,-0.03977773469709156,0.24735783804795453,9.10754158007012,142.9594421247111,TRACK
43.996,183.14111028861035,-529.6550581972856,-1.6266460089688322,-1.3858043659736101,0.13860702772439867,-0.7406931104136019,0.7535503911144685,182.91016616369834,-529.6839992508815,0.2327504530921801,183.0,-531.0,-1.6753331168010879,-0.048687107832255716,0.24644960888553147,34.282708994234866,116.66397220117776,TRACK
44.048,183.1481548776485,-529.6937100498324,-1.6311013817769127,-1.3874568471895925,0.13751007116221992,-0.7416072216028291,0.7542481626126155,182.91504389787872,-529.7229226455712,0.23493425599308845,183.0,-531.0,-1.6837302752403895,-0.05262889346347688,0.2457518373873845,34.282708994234866,116.66397220117776,TRACK
44.096,183.15455636091372,-529.729425053904,-1.6297800967224776,-1.389554539359224,0.1360590283976845,-0.7424665987311336,0.7548302520698943,182.9195493442277,-529.7588752538946,0.23684512275144334,183.0,-531.0,-1.691844468084152,-0.06206437136167442,0.2451697479301057,0.7271858370881716,149.38988056864326,TRACK
44.148,183.1615887666016,-529.7681673947792,-1.6417195797480384,-1.3901435872543186,0.1357718682807667,-0.74336904506574,0.755666287046339,182.9244380543692,-529.7978862346745,0.23900558520053905,183.0,-531.0,-1.7012291229512169,-0.05950954320317847,0.24433371295366102,0.7271858370881716,149.38988056864326,TRACK
44.196,183.1681079283907,-529.803972581929,-1.6465913147915183,-1.390337377005369,0.1357872690946861,-0.7442693689265075,0.7565547408948373,182.92895644685868,-529.8339421507465,0.24102200350603945,183.0,-531.0,-1.7104367994345298,-0.06384548464301143,0.24344525910516268,3.314849767751639,146.1169115163052,TRACK
44.244,183.17514579099824,-529.8428029559719,-1.6508096080848278,-1.390743866889398,0.13563195400080286,-0.7451333766298418,0.7573769047930268,182.93385610278924,-529.8730404768495,0.24317693415458094,183.0,-531.0,-1.721009700362489,-0.07020009227766111,0.24262309520697323,3.314849767751639,146.1169115163052,TRACK
44.292,183.18162675276778,-529.8786840425854,-1.6626867633361189,-1.391219311706093,0.13541778300342489,-0.7459696180326577,0.7581613594620553,182.93838326903165,-529.9091664058078,0.24514601128249047,183.0,-531.0,-1.7313780863886565,-0.06869132305253767,0.24183864053794468,-9.937399493605412,158.27941987341154,TRACK
44.344,183.18873834667303,-529.9176026497879,-1.6681407973331412,-1.390812769516174,0.13588805639141194,-0.7468324155842376,0.7590943425143036,182.94329495104054,-529.9483606977376,0.2473631297774253,183.0,-531.0,-1.7434312945663368,-0.07529049723319559,0.24090565748569637,-9.937399493605412,158.27941987341154,TRACK
44.396,183.19529489931676,-529.9535620015558,-1.669075611609417,-1.3906838444528284,0.13613543301494482,-0.7476446767708909,0.7599377729959318,182.94783294227335,-529.9845730080687,0.24939747935513232,183.0,-531.0,-1.7553020069994296,-0.08622639539001264,0.2400622270040682,-6.773436098047142,154.16674076904047,TRACK
44.448,183.2023497717891,-529.9925487638084,-1.6817663435768833,-1.3910674287823295,0.13597275002352827,-0.7483799396777548,0.7606320548471783,182.9508379840262,-530.0113969666439,0.25221703775482185,183.0,-531.0,-1.7690121051552694,-0.08724576157838615,0.23936794515282167,-6.773436098047142,154.16674076904047,TRACK
44.496,183.20881905484887,-530.0285627817157,-1.6879290089868706,-1.391765651782303,0.13555414315946335,-0.749049174697864,0.7612158641563164,182.95355791772104,-530.0476919594429,0.2559769004584464,183.0,-531.0,-1.782533181715239,-0.09460417272836841,0.23878413584368363,-24.83713388188103,171.47518269719347,TRACK
44.548,183.2158960785076,-530.0676175095525,-1.6886252080632096,-1.3916843190667643,0.13574400614121454,-0.7497503239939893,0.76193961934812,182.95650784254542,-530.0870559705806,0.2601155718574194,183.0,-531.0,-1.7983393051684595,-0.10971409710524993,0.23806038065187995,-24.83713388188103,171.47518269719347,TRACK
44.596,183.22247362435394,-530.1037027350142,-1.6941786762306175,-1.3912682070255493,0.13619487578802136,-0.7504591462539294,0.7627174931697129,182.95923368731084,-530.1234298411348,0.2639780732756939,183.0,-531.0,-1.8140934435070362,-0.1199147672764187,0.23728250683028707,0.0,0.0,BRAKE
44.648,183.22956426223232,-530.1423205942428,-1.7008671707721705,-1.390552053662416,0.1362521165205243,-0.7477263437196308,0.7600390281746392,182.96215113222132,-530.1623604379422,0.2681629680581771,183.0,-531.0,-1.8323234731245157,-0.13145630235234518,0.2399609718253608,0.0,0.0,BRAKE
44.696,183.23589710648113,-530.1770092937818,-1.702412989037619,-1.3904393290254267,0.13474086505263028,-0.7389605575559044,0.7511443312296674,182.96477153973527,-530.1973273461537,0.27188581462712014,183.0,-531.0,-1.8499460679265092,-0.14753307888889022,0.2488556687703326,-389.63747443950285,-389.63747443950285,BRAKE
44.748,183.24324979989487,-530.2105079666741,-1.7198566895548153,-1.3789767281790677,0.1370708448766655,-0.7057961991862916,0.7189830952818141,182.96730896055138,-530.231186873841,0.27671458945854155,183.0,-531.0,-1.86967609804377,-0.1498194084889548,0.28101690471818586,-389.63747443950285,-389.63747443950285,BRAKE
44.796,183.2504611828977,-530.2353636160964,-1.71957825267881,-1.3529384826242714,0.1416790502322131,-0.6400066398420956,0.6555009170982691,182.96920150430492,-530.256441115162,0.28204834296443204,183.0,-531.0,-1.8873382387308089,-0.16775998605199893,0.3444990829017309,-367.5648767169713,-367.5648767169713,BRAKE
44.848,183.25870004004085,-530.2556802076006,-1.7323411875186336,-1.3099489283157146,0.14754522880669485,-0.5527506048678299,0.5721038592120943,182.97076153033788,-530.2772582158653,0.2887459018075259,183.0,-531.0,-1.9053008732939434,-0.17295968577530973,0.4278961407879057,-367.5648767169713,-367.5648767169713,BRAKE
44.896,183.26676808586973,-530.2681551369245,-1.7371876899970176,-1.2397794133626903,0.1547338995599197,-0.450250919484609,0.476097122622848,182.97173623290922,-530.2902647177796,0.2958591351080699,183.0,-531.0,-1.9203427178069765,-0.18315502780995896,0.523902877377152,-285.6404880947561,-285.6404880947561,BRAKE
44.948,183.27609355026146,-530.2751642391171,-1.7358119524032107,-1.1227467461969258,0.16334458350448045,-0.3398397470380576,0.37705769668201067,182.97231063801271,-530.297929621205,0.3046347327471673,183.0,-531.0,-1.9347338880561649,-0.19892193565295413,0.6229423033179893,-285.6404880947561,-285.6404880947561,BRAKE
45.0,183.28534258613905,-530.2758635572975,-1.7394008841788298,-0.9157333484609217,0.17361486588531955,-0.22599503064022053,0.2849839917090988,182.9724144040404,-530.2993142826158,0.31380564633149266,183.0,-531.0,-1.946158854043489,-0.20675796986465933,0.7150160082909012,-172.49256460703234,-172.49256460703234,BRAKE
45.048,183.29607833403162,-530.2711832894836,-1.7381386729670274,-0.5574389871433425,0.1851095044100493,-0.11539496732251692,0.21813190299976482,182.97212557989664,-530.2954601922617,0.3248611317472957,183.0,-531.0,-1.9566749276243232,-0.21853625465729576,0.7818680970002352,-172.49256460703234,-172.49256460703234,BRAKE
45.096,183.30663273169156,-530.2626163391544,-1.7539891847572326,-0.06347585228270204,0.19728032747029423,-0.012539382609452698,0.19767843514914005,182.9715461030018,-530.2877276104837,0.3360262261705835,183.0,-531.0,-1.9648818322867851,-0.2108926475295525,0.8023215648508599,-52.37130250548628,-52.37130250548628,BRAKE
45.148,183.31853735430624,-530.2500274566917,-1.7521533288845552,0.35222210793952713,0.20835948045449473,0.07658226403391064,0.22198764889026276,182.9706744476157,-530.2760961776951,0.3488383294105636,183.0,-531.0,-1.972439972046665,-0.22028664316210977,0.7780123511097372,-52.37130250548628,-52.37130250548628,BRAKE
45.192,183.32980253097801,-530.2365425537322,-1.7549809999851107,0.5976620608353914,0.21757557552707768,0.14810588903488497,0.2632004662472176,182.9697324487255,-530.2635260760778,0.361079734423733,183.0,-531.0,-1.9785688285627072,-0.22358782857759651,0.7367995337527824,0.0,0.0,BRAKE
45.248,183.3417859882453,-530.2209631013525,-1.7582062857442466,0.7359327290007149,0.22208200954552426,0.20113052658227104,0.2996229425245002,182.9686383729396,-530.2489266493175,0.37419393744837565,183.0,-531.0,-1.984237758552391,-0.22603147280814428,0.7003770574754997,0.0,0.0,BRAKE
45.296,183.3527108703314,-530.2066999045614,-1.7683608087066587,0.8087691346840307,0.2240139047490875,0.23473731887978244,0.3244747114888954,182.96763647430652,-530.2355572411801,0.38615416137943864,183.0,-531.0,-1.9891607002325011,-0.22079989152584245,0.6755252885111046,0.0,0.0,BRAKE
45.348,183.36425752724256,-530.1920693125784,-1.7650675508817388,0.8437814981807543,0.2233269211427276,0.2510543956194043,0.33601074873717124,182.96661066932296,-530.2218688249656,0.39876187700411014,183.0,-531.0,-1.9943589221823046,-0.22929137130056576,0.6639892512628287,0.0,0.0,BRAKE
45.396,183.3745015678371,-530.1798075243582,-1.7677472371489353,0.8545762082811413,0.2198586280778757,0.2525942295911586,0.33487559057512184,182.9657541157059,-530.2104389112797,0.4098935977646792,183.0,-531.0,-1.999126939573676,-0.2313797024247406,0.6651244094248782,0.0,0.0,BRAKE
45.448,183.3850289988697,-530.1682043928578,-1.7698719664645497,0.8478503991933887,0.21376581712398174,0.2422842497181512,0.3231059922566758,182.96494822855243,-530.1996850945643,0.42125869506787195,183.0,-531.0,-2.004316863262689,-0.2344448967981394,0.6768940077433242,0.0,0.0,BRAKE
45.496,183.39417165922126,-530.1591398738224,-1.7788882994115698,0.8272364658240017,0.20561301286069017,0.22358021361662594,0.303751251813892,182.9643237883041,-530.1913525185319,0.43105318304262746,183.0,-531.0,-2.0091509000786223,-0.2302626006670525,0.6962487481861079,0.0,0.0,BRAKE
45.548,183.40345447911864,-530.1509842826397,-1.7753311648474528,0.7957209179987984,0.19612897689950082,0.2002205410419589,0.2802763647451916,182.96376786512246,-530.1839342392137,0.44091951438516647,183.0,-531.0,-2.014409956330304,-0.23907879148285116,0.7197236352548084,0.0,0.0,BRAKE
45.596,183.4115267851257,-530.1447183283773,-1.7771191992231403,0.7563823840995666,0.18634439961942098,0.1758326015072955,0.2562056576704461,182.96334599960522,-530.1783048351076,0.449437503935849,183.0,-531.0,-2.0192581415893027,-0.2421389423661624,0.7437943423295539,0.0,0.0,BRAKE
45.648,183.41986182848643,-530.1388618228149,-1.7791635559171903,0.7144607546579276,0.1772251131422537,0.15370997841901218,0.2345964581869424,182.96295611394862,-530.173102172585,0.4581868980336392,183.0,-531.0,-2.024447471951173,-0.2452839160339828,0.7654035418130576,0.0,0.0,BRAKE
45.696,183.42730549956346,-530.1338697259107,-1.7880004559360814,0.6773752590452609,0.16947309181245246,0.13631219256529936,0.2174905577040787,182.96262566705875,-530.1686926652827,0.46598281496544136,183.0,-531.0,-2.0291099170809925,-0.24110946114491116,0.7825094422959213,0.0,0.0,BRAKE
45.748,183.43525035774462,-530.1284285030154,-1.7766543436273043,0.6532159255703183,0.16363251666668396,0.12522654080917278,0.20605166107970113,182.962264549714,-530.1638738892033,0.4743120808079674,183.0,-531.0,-2.033952389396005,-0.25729804576870063,0.7939483389202988,0.0,0.0,BRAKE
45.796,183.44256815028533,-530.1230026794772,-1.7849670733407061,0.6481749136810564,0.15972003977598195,0.12096054815859794,0.20035454902963834,182.9619010780443,-530.1590236968399,0.48201488361731265,183.0,-531.0,-2.0381492443042393,-0.2531821709635331,0.7996454509703617,0.0,0.0,BRAKE
45.848,183.45054582749975,-530.1163904186162,-1.780551113904265,0.6634875716337298,0.15751393018226342,0.12312995825177458,0.19992904946642123,182.96145287690422,-530.1530428682697,0.4904643885011919,183.0,-531.0,-2.042326516505383,-0.2617754026011181,0.8000709505335788,0.0,0.0,BRAKE
45.896,183.45797979255255,-530.109470541647,-1.7947506765333563,0.6947390334877577,0.15659004979511743,0.13049190909713798,0.20383469291230352,182.96097871545538,-530.1467156234538,0.49839468973348444,183.0,-531.0,-2.045801056722698,-0.2510503801893418,0.7961653070876965,0.0,0.0,BRAKE
45.948,183.46607770629612,-530.1010818207211,-1.796230268487774,0.7350110853561582,0.1562887210254646,0.1412822856070351,0.21068186572679515,182.96039880196975,-530.1389772157765,0.507096849967666,183.0,-531.0,-2.0491241951495267,-0.2528939266617527,0.7893181342732049,0.0,0.0,BRAKE
45.996,183.47355460533922,-530.0926372810721,-1.791273853014829,0.7766800008061873,0.15610672418914118,0.15340825391825716,0.2188684575431395,182.95981126069904,-530.1311370223817,0.5151839033228609,183.0,-531.0,-2.0518117817390698,-0.26053792872424064,0.7811315424568606,0.0,0.0,BRAKE
46.048,183.4815919044829,-530.0829772474185,-1.7925959635656608,0.814014158146223,0.15556657649780936,0.16473482233092393,0.22658005519385382,182.95913626904093,-530.1221298846644,0.5239206237669988,183.0,-531.0,-2.0543757882932767,-0.26177982472761596,0.7734199448061462,0.0,0.0,BRAKE
46.096,183.48888884540509,-530.0738719274543,-1.800647475628555,0.8437385541670036,0.15432513561442718,0.173470592587331,0.23218159697747606,182.95849848068065,-530.1136191904563,0.531877602375468,183.0,-531.0,-2.0565020489483854,-0.2558545733198303,0.7678184030225239,0.0,0.0,BRAKE
46.148,183.49661633325445,-530.0641435992827,-1.7954307862586474,0.8636260101643188,0.1523232755970297,0.1782350171060268,0.23445703574726506,182.95781666946957,-530.1045210521291,0.5403104814762263,183.0,-531.0,-2.058665672449775,-0.26323488619112756,0.7655429642527349,0.0,0.0,BRAKE
46.196,183.50354249709065,-530.0555669046233,-1.7963662263055735,0.8732390884684659,0.14951340711034397,0.17839115967690994,0.23276096055098294,182.95721620422913,-530.0965084003433,0.5478582155481474,183.0,-531.0,-2.0606257427674444,-0.26425951646187085,0.7672390394490171,0.0,0.0,BRAKE
46.248,183.5107948872746,-530.0469567613601,-1.797437142331572,0.8724201660392211,0.14599787932148506,0.1739071411387253,0.22706623374120477,182.95661506820025,-530.0884867975074,0.5557337633900673,183.0,-531.0,-2.062797899156776,-0.2653607568252039,0.7729337662587952,0.0,0.0,BRAKE
46.296,183.5172500332819,-530.0397745295517,-1.7921826402005065,0.8615175762845731,0.1419673945287458,0.1654100820099698,0.21797989893525846,182.95611588947153,-530.0818257202912,0.5627075883550948,183.0,-531.0,-2.064903629170556,-0.27272098897004926,0.7820201010647415,0.0,0.0,BRAKE
46.348,183.52396810252145,-530.0328639600888,-1.8060303713112644,0.8420507316682438,0.13749658017145155,0.1540300016143862,0.206471671074199,182.95563842364623,-530.0754543816358,0.5699233000132232,183.0,-531.0,-2.0673012156945596,-0.2612708443832952,0.793528328925801,0.0,0.0,BRAKE
46.396,183.52992456485273,-530.027231997786,-1.800647342422722,0.8159756622205342,0.1328053149437194,0.14118589284060148,0.19383164863999455,182.95525198781536,-530.070297753838,0.5762839839377005,183.0,-531.0,-2.0696071838028436,-0.2689598413801215,0.8061683513600054,0.0,0.0,BRAKE
46.444,183.53612635681375,-530.0217822278788,-1.801370100527434,0.7869017150066089,0.12806628522027283,0.12845197395226882,0.18138600558575244,182.95488049923287,-530.0653405832085,0.5828756962457424,183.0,-531.0,-2.0721522740418683,-0.27078217351443423,0.8186139944142475,0.0,0.0,BRAKE
46.496,183.54163857731908,-530.0171501106869,-1.7957199797260437,0.759784453152412,0.12343635991116142,0.1172696375934753,0.17026069085206608,182.95456609208549,-530.0611451113954,0.5887186620158098,183.0,-531.0,-2.0744758734802713,-0.2787558937542276,0.8297393091479339,0.0,0.0,BRAKE
46.548,183.54743238326316,-530.0123119520946,-1.796501341441392,0.7396420236959544,0.11923040471971727,0.10878979342234354,0.16140355808501794,182.95423790303784,-530.056765732904,0.5948578233477609,183.0,-531.0,-2.0769015029249873,-0.28040016148359537,0.8385964419149821,0.0,0.0,BRAKE
46.596,183.55265976822352,-530.0077898776781,-1.8038714699279874,0.7310553368613717,0.11561611173713326,0.1036868250115999,0.15529984859683355,182.9539301057139,-530.0526584630553,0.6004085265239226,183.0,-531.0,-2.0789969510747963,-0.2751254811468089,0.8447001514031665,0.0,0.0,BRAKE
46.648,183.5582529732449,-530.0026269273786,-1.7981842852930499,0.7358909711143888,0.11279704488835698,0.10214706327306994,0.15217488580859384,182.95357659254694,-530.0479411576762,0.606371919568704,183.0,-531.0,-2.081074000980756,-0.28288971568770616,0.8478251141914062,0.0,0.0,BRAKE
46.696,183.56340841687847,-529.9974961520522,-1.811901249385498,0.7523324959084299,0.1109098556723099,0.10380749454910765,0.15191113194830597,182.95322303237893,-530.0432232251115,0.6118963708565599,183.0,-531.0,-2.0828068348705493,-0.2709055854850513,0.848088868051694,0.0,0.0,BRAKE
46.748,183.56901673263957,-529.9914837661538,-1.8125556556376685,0.7766886317208985,0.10983968534821281,0.1079428534655823,0.15400135094110887,182.95280630269588,-530.0376623539498,0.6179383107901827,183.0,-531.0,-2.084485174078749,-0.2719295184410806,0.8459986490588911,0.0,0.0,BRAKE
46.796,183.5742357546471,-529.9855389379619,-1.8066357106447708,0.8036028467012631,0.10945116428130297,0.11351056031857326,0.15768387573359943,182.95239243344486,-530.032139652601,0.623586996920814,183.0,-531.0,-2.085878484599389,-0.2792427739546184,0.8423161242664006,0.0,0.0,BRAKE
46.848,183.57992220663206,-529.9787674232215,-1.8139705503546824,0.8288276642035326,0.10941745283544158,0.11935936726760216,0.16192231946065502,182.95191956897887,-530.0258297148182,0.6297635843629785,183.0,-531.0,-2.087251910128154,-0.27328135977347157,0.838077680539345,0.0,0.0,BRAKE
46.892,183.5851599825989,-529.9723426334833,-1.8012212383307136,0.849983764212684,0.10931346076786078,0.12443101389803726,0.16562762428031194,182.9514700371827,-530.0198311298765,0.6354668395843024,183.0,-531.0,-2.088420602447427,-0.28719936411671365,0.834372375719688,0.0,0.0,BRAKE
46.948,183.59077529688514,-529.9653702192333,-1.801748393913399,0.8653457758820317,0.1088491341180707,0.12780987033228464,0.16787941193788222,182.95098180418296,-530.0133161132629,0.6415875014823487,183.0,-531.0,-2.089620537792561,-0.28787214387916227,0.8321205880621177,0.0,0.0,BRAKE
47.0,183.5958437628036,-529.9590776739755,-1.8089177186338186,0.8749461021947681,0.10770950116558581,0.12895955822072303,0.16802352304907603,182.95054118186866,-530.0074364170941,0.6471120374381316,183.0,-531.0,-2.090688786446861,-0.2817710678130425,0.8319764769509239,0.0,0.0,BRAKE
47.048,183.60115912131354,-529.9525657457689,-1.809404066399978,0.8787951928112908,0.1057876272667912,0.1276539988492836,0.16579072804276615,182.95030775365402,-530.0043215340418,0.6529059384046255,183.0,-531.0,-2.091829821287997,-0.2824257548880189,0.8342092719572338,0.0,0.0,BRAKE
47.096,183.6058809221534,-529.9469339229339,-1.8033415355973859,0.876892708405914,0.10319175551406012,0.12404047409036292,0.16135233998500162,182.95030775365402,-530.0043215340418,0.6580801753319975,183.0,-531.0,-2.0928931407418925,-0.2895516051445066,0.8386476600149984,0.0,0.0,BRAKE
47.148,183.61077828488868,-529.9412952530164,-1.8169965238951475,0.8700073542571339,0.10003765949466412,0.11857889414201953,0.15514021868334024,182.95030775365402,-530.0043215340418,0.6634708996853518,183.0,-531.0,-2.0940654961338745,-0.27706897223872695,0.8448597813166597,0.0,0.0,BRAKE
47.196,183.61511627974258,-529.936517260334,-1.8108787538655131,0.8584329610038435,0.09665569114787304,0.1119158111682943,0.14787654114405818,182.95030775365402,-530.0043215340418,0.668257282708606,183.0,-531.0,-2.095180537013798,-0.2843017831482848,0.8521234588559419,0.0,0.0,BRAKE
47.248,183.61964746331535,-529.9317512197842,-1.8179763682852788,0.8433695077711005,0.09332455021665768,0.10482439634408175,0.14034823027755855,182.95030775365402,-530.0043215340418,0.673262279829301,183.0,-531.0,-2.0964243686160313,-0.27844800033075257,0.8596517697224415,0.0,0.0,BRAKE
47.296,183.62370238095627,-529.9276462753261,-1.804965491748096,0.8270090395882762,0.09022806543926831,0.0980677442977625,0.1332605953182118,182.95030775365402,-530.0043215340418,0.677745836858231,183.0,-531.0,-2.097591485283643,-0.2926259935355471,0.8667394046817882,0.0,0.0,BRAKE
47.348,183.6280033899335,-529.9234048628796,-1.8053289907637506,0.8114897333165368,0.08759734142067546,0.0922920021834766,0.12724428431566281,182.95030775365402,-530.0043215340418,0.6825092549586558,183.0,-531.0,-2.098863539908265,-0.29353454914451427,0.8727557156843372,0.0,0.0,BRAKE
47.396,183.63191034033852,-529.91956834406,-1.8123900213130784,0.8000343701703724,0.085426451960076,0.08796441781163389,0.12261899320833974,182.95030775365402,-530.0043215340418,0.6868516502033641,183.0,-531.0,-2.100015349162849,-0.28762532784977046,0.8773810067916603,0.0,0.0,BRAKE
47.448,183.63609596698518,-529.9153861738777,-1.8127295751683745,0.7950201453081799,0.08369968081887355,0.08532609395902802,0.11952480445282555,182.9499382409498,-530.001372892665,0.6915245048484343,183.0,-531.0,-2.1012096038415686,-0.2884800286731941,0.8804751955471745,0.0,0.0,BRAKE
47.496,183.63993273597734,-529.9114258181215,-1.8064340405629162,0.79714374109427,0.08238123310008963,0.08433955512851786,0.1178975323167012,182.94950893906432,-529.9979471449487,0.695823942775568,183.0,-531.0,-2.102243932197007,-0.29580989163409055,0.8821024676832988,0.0,0.0,BRAKE
47.548,183.64405385485728,-529.9069738802514,-1.8200989336043583,0.8064677138959967,0.08128610166847791,0.08478567726729236,0.11745655109073987,182.94902338285235,-529.994072498364,0.7004666489509096,183.0,-531.0,-2.1032659117827053,-0.283166978178347,0.8825434489092602,0.0,0.0,BRAKE
47.596,183.64782877295946,-529.9027063557368,-1.8137655553030412,0.8205998035199183,0.0803614105795786,0.08622805647605154,0.11786956364548373,182.94855522658642,-529.9903367000526,0.7047429105014322,183.0,-531.0,-2.104118047112764,-0.2903524918097229,0.8821304363545163,0.0,0.0,BRAKE
47.648,183.65187982116265,-529.8979381731713,-1.8140022727004157,0.8368916888414805,0.07950158747515282,0.08814177320798502,0.11869909264740502,182.94802956912767,-529.9861420531157,0.7093554128410963,183.0,-531.0,-2.1049492741109876,-0.29094700141057195,0.881300907352595,0.0,0.0,BRAKE
47.696,183.65557012497575,-529.893453094579,-1.8075721279072756,0.8529859471733886,0.07858449716271368,0.08999585065422183,0.11947709541704449,182.947533263071,-529.982181624807,0.7135747682565398,183.0,-531.0,-2.105643460125763,-0.29807133221848736,0.8805229045829555,0.0,0.0,BRAKE
47.748,183.65951468296188,-529.8885844135764,-1.8078288539943588,0.8659674373341556,0.07762983267779835,0.09126727121172537,0.1198169675631027,182.94699355976257,-529.9778748946508,0.7180941031756912,183.0,-531.0,-2.1063492009224785,-0.2985203469281197,0.8801830324368973,0.0,0.0,BRAKE
47.796,183.66309146481186,-529.8841580772693,-1.8148394479150156,0.8747225541857765,0.07654009222995185,0.09159909519370493,0.11936825356381384,182.94650274604905,-529.9739582941997,0.722193513415126,183.0,-531.0,-2.1069787497073147,-0.2921393017922991,0.8806317464361861,0.0,0.0,BRAKE
47.848,183.66688592468202,-529.8795196919178,-1.8150827293113807,0.8782864762485927,0.07529069369095902,0.09075931327974492,0.11792345612081041,182.9459891355979,-529.9698597801012,0.7265352792843361,183.0,-531.0,-2.1076631535852157,-0.292580424273835,0.8820765438791895,0.0,0.0,BRAKE
47.896,183.670309785435,-529.8754459093169,-1.8086141373290625,0.8761284486755762,0.07390460222289412,0.08869821843025386,0.11545243255308756,182.94553945513422,-529.9662714151916,0.7304391173819245,183.0,-531.0,-2.1083190295005743,-0.29970489217151175,0.8845475674469124,0.0,0.0,BRAKE
47.948,183.673912477173,-529.8713011875716,-1.8156153579283016,0.8692375833704619,0.07228687814292906,0.08555100757316292,0.1120016412756262,182.94508378726093,-529.9626352718874,0.7345292194302016,183.0,-531.0,-2.109058811221773,-0.2934434532934713,0.8879983587243738,0.0,0.0,BRAKE
47.996,183.67713638085493,-529.8677415098289,-1.8158296255112865,0.8580712485557801,0.07049410180706284,0.08156413846318136,0.10780596956025006,182.94469444477812,-529.9595283926342,0.7381707265796049,183.0,-531.0,-2.1097737382994137,-0.29394411278812727,0.89219403043975,0.0,0.0,BRAKE
48.048,183.68051200256468,-529.8641646985907,-1.8160010235430006,0.8440378783137461,0.06854169691329615,0.07709138102734828,0.10315544214658742,182.9443053341535,-529.9564233635654,0.7419649047468391,183.0,-531.0,-2.110575226768741,-0.29457420322574035,0.8968445578534125,0.0,0.0,BRAKE
48.096,183.68351399810527,-529.8610899058731,-1.82303964875376,0.8291785134329966,0.0664416538104162,0.0725297612335945,0.09836188095835409,182.94397238515322,-529.953766493619,0.7453259335377727,183.0,-531.0,-2.1113242451568226,-0.2882845964030627,0.9016381190416459,0.0,0.0,BRAKE
48.144,183.68666029314204,-529.8579564813922,-1.8096161415318515,0.814580504055904,0.06436406080119161,0.06823470188477128,0.09380142250586128,182.94363443330826,-529.9510697019201,0.7488374324369798,183.0,-531.0,-2.112138700255449,-0.30252255872359757,0.9061985774941387,0.0,0.0,BRAKE
48.196,183.68947577023533,-529.8551912310181,-1.8166124235789687,0.8023389001307337,0.06236615999270105,0.06451584020268172,0.08973199846929271,182.94333679141127,-529.9486945759694,0.7519749006700246,183.0,-531.0,-2.112878012531899,-0.2962655889529302,0.9102680015307073,0.0,0.0,BRAKE
48.248,183.692452574882,-529.8522730212387,-1.8167912481457853,0.7936083193413086,0.06057418911703463,0.06157709272392026,0.08637691089357474,182.94302277192475,-529.9461887599568,0.7552914639657438,183.0,-531.0,-2.1136572188560914,-0.29686597071030607,0.9136230891064252,0.0,0.0,BRAKE
48.296,183.69516055089528,-529.8496049247045,-1.823794537960506,0.7884428668088066,0.059118881356267174,0.05947998083238057,0.08386244840592692,182.94273545462954,-529.9438960223724,0.7583101849440803,183.0,-531.0,-2.114356826440722,-0.2905622884802159,0.9161375515940731,0.0,0.0,BRAKE
48.348,183.69806225744364,-529.8467013011584,-1.8171848776864528,0.7875297877530913,0.05795799003397802,0.058205607562898116,0.08214025420306902,182.942422073655,-529.9413953015646,0.7615504192560493,183.0,-531.0,-2.1150850900144955,-0.29790021232804276,0.917859745796931,0.0,0.0,BRAKE
48.396,183.70072820354827,-529.8439917458282,-1.817316715911254,0.7895735885091333,0.05711188386833002,0.0575908191983769,0.08110776618135745,182.94212899138807,-529.9390565605979,0.7645325916514323,183.0,-531.0,-2.115734349291093,-0.2984176333798392,0.9188922338186425,0.0,0.0,BRAKE
48.448,183.70360388709955,-529.8410229171091,-1.824350446943111,0.7936358108068563,0.05647828687880514,0.057416533473494846,0.08053853242316728,182.9418071631333,-529.9364884320939,0.7677551127781884,183.0,-531.0,-2.1164130685587765,-0.29206262161566543,0.9194614675768327,0.0,0.0,BRAKE
48.496,183.70623312495886,-529.8382645111861,-1.8107872343339724,0.7990909025971321,0.055882412528689876,0.05743412327905109,0.08013440301680617,182.94150748618452,-529.9340970668155,0.7707069360770519,183.0,-531.0,-2.1170132862373188,-0.3062260519033464,0.9198655969831938,0.0,0.0,BRAKE
48.548,183.7090478925498,-529.8352896511396,-1.810924359425517,0.8039191845654049,0.0552691192364722,0.057355276598161295,0.07965113492491473,182.941183971949,-529.9315154845048,0.7738697639572476,183.0,-531.0,-2.117643907820255,-0.30671954839473803,0.9203488650750853,0.0,0.0,BRAKE
48.596,183.7115935064176,-529.8325903743278,-1.817929331696907,0.8076149160514822,0.054486695289920735,0.05696315654210776,0.07882639892102991,182.94089029733263,-529.9291720167018,0.7767312599204232,183.0,-531.0,-2.1182076666114127,-0.30027833491450573,0.9211736010789701,0.0,0.0,BRAKE
48.648,183.71427993238365,-529.8297598187847,-1.8180639765004492,0.8089373308304623,0.053498065171362075,0.056077867907365755,0.07750335635387197,182.94058260286334,-529.9267166731285,0.7797487988519616,183.0,-531.0,-2.118806225362837,-0.3007422488623879,0.922496643646128,0.0,0.0,BRAKE
48.692,183.7166920490675,-529.8272706489929,-1.8250802164903563,0.8063249564172287,0.05236209318107081,0.054600810538541836,0.07565075884463343,182.94031278693012,-529.924563593097,0.7824517081899717,183.0,-531.0,-2.119360699273229,-0.29428048278287267,0.9243492411553665,0.0,0.0,BRAKE
48.748,183.7192206949921,-529.8247366442304,-1.8183618824161158,0.7997911359652065,0.05105509275249715,0.05254632813636399,0.0732648558080921,182.9400392410167,-529.9223807485305,0.7852758173557643,183.0,-531.0,-2.1199676066814597,-0.3016057242653438,0.926735144191908,0.0,0.0,BRAKE
48.792,183.72148589168765,-529.8225653453818,-1.8184618814688316,0.7882533080253825,0.04970286952758833,0.04998750072609903,0.07049202414541818,182.9398063720045,-529.9205224979293,0.7877934216704693,183.0,-531.0,-2.1205460255182067,-0.3020841440493751,0.9295079758545818,0.0,0.0,BRAKE
48.848,183.72387141982907,-529.8203976042796,-1.8185798286644383,0.7719791562084218,0.04836330460631704,0.04708244058291462,0.06749641059854289,182.93957580242983,-529.918682596404,0.7904299811802057,183.0,-531.0,-2.121197359604991,-0.30261753094055277,0.9325035894014571,0.0,0.0,BRAKE
48.896,183.726010919912,-529.8185545785719,-1.8117991653948862,0.7525335480385243,0.047036669432158285,0.044042315497332646,0.06443736358384568,182.93938149189043,-529.917132035111,0.7927820456892594,183.0,-531.0,-2.121817233250787,-0.310018067855901,0.9355626364161543,0.0,0.0,BRAKE
48.948,183.72827674859465,-529.8167072319918,-1.8188411449746138,0.7306337091458877,0.045824605110296054,0.04106156859330987,0.061530048341096426,182.93918860145897,-529.9155928060103,0.7952599956611643,183.0,-531.0,-2.1225105099685053,-0.3036693649938915,0.9384699516589036,0.0,0.0,BRAKE
48.996,183.73031937985067,-529.8151094486798,-1.8189311909866908,0.7091837158568337,0.04468017956348656,0.038340522902579936,0.05887541203481007,182.93902305088372,-529.9142717437828,0.7974854487742552,183.0,-531.0,-2.1231586157096243,-0.3042274247229335,0.9411245879651899,0.0,0.0,BRAKE
49.048,183.73248448925204,-529.8134599727885,-1.8190349545880748,0.6903622974977683,0.04361496845628921,0.03602358146291513,0.05656822336664274,182.93885301622362,-529.9129148994077,0.7998388571519361,183.0,-531.0,-2.123859731633093,-0.3048247770450183,0.9434317766333573,0.0,0.0,BRAKE
49.096,183.73444928880863,-529.811984315958,-1.8122246235542951,0.6752295592151935,0.042676392930049004,0.034175325673344456,0.054673827361902266,182.93870133007107,-529.911704472647,0.801971896942211,183.0,-531.0,-2.12450176123179,-0.3122771376774949,0.9453261726380977,0.0,0.0,BRAKE
49.148,183.73653709329827,-529.8104073265149,-1.8261820661854584,0.6658448982475471,0.04179218562321916,0.032828313708120345,0.05314400210827529,182.93853904345582,-529.9104094562018,0.8042395871220644,183.0,-531.0,-2.125178315763064,-0.29899624957760573,0.9468559978917247,0.0,0.0,BRAKE
49.196,183.7384369152504,-529.8089569002104,-1.8193597477366785,0.6612209362229888,0.04101778905598325,0.031914429047058546,0.05197104771351905,182.93838946557082,-529.9092158530166,0.8063050163285385,183.0,-531.0,-2.125786106669203,-0.30642635893252446,0.948028952286481,0.0,0.0,BRAKE
49.248,183.74046914442636,-529.8073830658986,-1.8194350750000317,0.6604546796983277,0.040340028493858766,0.03133749444067675,0.05108186034890256,182.9382267089618,-529.9079170861103,0.8085171701825671,183.0,-531.0,-2.1264257286497124,-0.3069906536496807,0.9489181396510974,0.0,0.0,BRAKE
49.296,183.7423176765541,-529.8059277608504,-1.8125693249206087,0.662661943408343,0.03969989861920411,0.030980970696517812,0.05035774514087758,182.93807573613347,-529.9067123515415,0.8105323142554679,183.0,-531.0,-2.126996718484619,-0.3144273935640103,0.9496422548591225,0.0,0.0,BRAKE
49.348,183.7443007246385,-529.804360378901,-1.8196399783910782,0.662661943408343,0.03915237313198814,0.030687317150428356,0.04974555011010936,182.93791301520213,-529.9054138693361,0.812694866391529,183.0,-531.0,-2.1276049472968745,-0.3079649689057964,0.9502544498898906,0.0,0.0,BRAKE
49.396,183.7461066937421,-529.8029344647314,-1.819711155314094,0.662661943408343,0.038617567249542455,0.030344046968204065,0.04911290753642578,182.93776501050004,-529.9042328198526,0.8146641231924079,183.0,-531.0,-2.1281576436042604,-0.3084464882901663,0.9508870924635742,0.0,0.0,RECOVER
49.448,183.74803469409153,-529.8014306117094,-1.8197930932974276,0.662661943408343,0.038078344141107584,0.029845718177225526,0.04838106226658311,182.9376092765724,-529.9029900926133,0.8167641553854604,183.0,-531.0,-2.1287527160340947,-0.3089596227366671,0.9516189377334169,0.0,0.0,RECOVER
49.496,183.74979093395956,-529.8000976831323,-1.8128986167867887,0.662661943408343,0.03755683939610305,0.029118987689775173,0.0475229589725004,182.9374719754303,-529.9018944555105,0.8186725067160113,183.0,-531.0,-2.129306932422107,-0.3164083156353181,0.9524770410274996,-216.15395665962814,216.15395665962814,RECOVER
49.548,183.75216644917938,-529.798856074428,-1.8275036757329544,0.662661943408343,0.040400990356288004,0.027284323661754026,0.04875114705776908,182.9373555160525,-529.9009651317384,0.8211839722790079,183.0,-531.0,-2.13026415200049,-0.30276047626753555,0.9512488529422309,-216.15395665962814,216.15395665962814,RECOVER
49.596,183.7551376402938,-529.797995852437,-1.8232717883677678,0.46438969986856254,0.0479255789409435,0.024007262398192255,0.0536023298437695,182.9372953216287,-529.9004847916402,0.8242390677822242,183.0,-531.0,-2.1317165035008765,-0.30844471513310867,0.9463976701562304,-204.5585451856403,204.5585451856403,RECOVER
49.648,183.75911974574714,-529.7973639288122,-1.826223079959956,0.33011238632025364,0.05795425917057884,0.019858052649076238,0.06126204706850812,182.93727892446768,-529.9003539454017,0.8282688446624155,183.0,-531.0,-2.1338510798453743,-0.30762799988541834,0.9387379529314919,-204.5585451856403,204.5585451856403,RECOVER
49.696,183.76343184890544,-529.7970453526351,-1.839167198941362,0.21690764795203976,0.06911268732346786,0.01523068551289634,0.0707710204127663,182.93730628991932,-529.9005723165214,0.8325870954210458,183.0,-531.0,-2.136291073226435,-0.29712387428507303,0.9292289795872337,-223.54961677984713,223.54961677984713,RECOVER
49.748,183.768803101491,-529.7969917890813,-1.8300656987241075,0.1258846594410975,0.08107590839374637,0.010260469503324347,0.0817225804554641,182.9373827281709,-529.901182279288,0.8379233231156992,183.0,-531.0,-2.1394474970114867,-0.3093817982873792,0.9182774195445359,-223.54961677984713,223.54961677984713,RECOVER
49.796,183.774394068851,-529.7972073616627,-1.8446838715010776,0.05448326476934887,0.09346681078932378,0.005097421771145435,0.09360570723967744,182.9374957691772,-529.902084325103,0.8434440950397214,183.0,-531.0,-2.1428219271530478,-0.29813805565197016,0.9063942927603226,-221.59980130220998,221.59980130220998,RECOVER
49.848,183.781088981578,-529.7977125037371,-1.8479100829536146,-0.000819073693406751,0.10581533959863296,-8.667058040604534e-05,0.10581537509343114,182.93766160538405,-529.9034076666167,0.8500242386953069,183.0,-531.0,-2.1469388619642378,-0.2990287790106232,0.8941846249065688,-221.59980130220998,221.59980130220998,RECOVER
49.896,183.78782283942073,-529.7984173111621,-1.8696673921671165,-0.044046076864242466,0.11788101750903407,-0.005195556684519848,0.11799545795591988,182.9378526781864,-529.9049323913814,0.8566181980922596,183.0,-531.0,-2.151136176430089,-0.2814687842629724,0.8820045420440801,-199.2767226004214,199.2767226004214,RECOVER
49.948,183.7956154583232,-529.7994076698267,-1.8796287739410522,-0.0776521419249295,0.12907298091673403,-0.010042987471922263,0.1294631067142017,182.93809535181174,-529.906868880938,0.8642271952241073,183.0,-531.0,-2.1560378621528153,-0.27640908821176313,0.8705368932857983,-199.2767226004214,199.2767226004214,RECOVER
49.996,183.80320254775296,-529.8005117500607,-1.8859587112274048,-0.10433552658136168,0.13921996468789158,-0.014578526896129256,0.13998118450048544,182.93834887849184,-529.9088919758153,0.8716181173937712,183.0,-531.0,-2.160841465297595,-0.27488275407019036,0.8600188154995145,-168.12812594140095,168.12812594140095,RECOVER
50.048,183.81174014969346,-529.8018822612796,-1.895329911186071,-0.12572520750359653,0.14795760549282483,-0.01870063722552094,0.14913472719595167,182.93864997329334,-529.9112946552899,0.8799190463272553,183.0,-531.0,-2.166270277622326,-0.27094036643625485,0.8508652728040483,-168.12812594140095,168.12812594140095,RECOVER
50.096,183.8198310467195,-529.8032857658583,-1.9008153844093114,-0.14330115585248088,0.15516856771841464,-0.022389301749327167,0.15677552500504233,182.93894823210852,-529.9136747041309,0.8877726346142395,183.0,-531.0,-2.1714305983831896,-0.2706152139738782,0.8432244749949577,-187.86342889229593,187.86342889229593,RECOVER
50.148,183.82885219944902,-529.8049767137029,-1.9128033300338692,-0.15914888469704674,0.16157886623496687,-0.02593442586048217,0.16364695065441998,182.93929633831527,-529.9164525257133,0.8965135173218433,183.0,-531.0,-2.1772050493242245,-0.2644017192903554,0.83635304934558,-187.86342889229593,187.86342889229593,RECOVER
50.192,183.8374171057621,-529.80671065449,-1.9333714424718222,-0.17435734470602873,0.16747870491906025,-0.029500695048308417,0.170057071625084,182.93964269474665,-529.9192163844197,0.9047963485454461,183.0,-531.0,-2.1827105941387717,-0.24933915166694942,0.829942928374916,-182.70556811837193,182.70556811837193,RECOVER
50.248,183.8469150108716,-529.8087822232905,-1.9462172280055878,-0.1893741896576225,0.17278936566516534,-0.03311870332314957,0.175934685030488,182.94004513271037,-529.9224277631298,0.9139629558365975,183.0,-531.0,-2.188843987943021,-0.2426267599374332,0.824065314969512,-182.70556811837193,182.70556811837193,RECOVER
50.296,183.8558617963615,-529.8108824487896,-1.967608529371706,-0.20459476727704004,0.17755006521276018,-0.03684130142457106,0.1813320356354924,182.94044258524318,-529.9255993590456,0.9225791573535398,183.0,-531.0,-2.1946516325134207,-0.2270431031417146,0.8186679643645076,-148.10909235224187,148.10909235224187,RECOVER
50.348,183.86564321371884,-529.8133367358267,-1.9810311905633144,-0.21966580993259519,0.18124400537042706,-0.04046608559911877,0.18570647152544414,182.94089662596903,-529.9292225180213,0.9319794880091342,183.0,-531.0,-2.201032626309897,-0.22000143574658249,0.8142935284745558,-148.10909235224187,148.10909235224187,RECOVER
50.396,183.87469496284876,-529.8157535428494,-1.9885134123496055,-0.234571911880554,0.1838109408964694,-0.04392550684628678,0.18898653958668207,182.94133476079858,-529.932718750958,0.9406604736455334,183.0,-531.0,-2.2069671767626367,-0.2184537644130311,0.8110134604133179,-131.9003290805324,131.9003290805324,RECOVER
50.448,183.88448153181037,-529.8185230562034,-2.001995981626021,-0.24931791161412345,0.1853482488242539,-0.04719253471737031,0.1912618850562436,182.941827773388,-529.9366528980222,0.9500267195168379,183.0,-531.0,-2.2134159622370015,-0.21141998061098066,0.8087381149437564,-131.9003290805324,131.9003290805324,RECOVER
50.496,183.8934611046946,-529.821203383806,-2.009403883923176,-0.26377223805738487,0.18595241401670276,-0.050219203002361476,0.19261430016702194,182.94229730510116,-529.9403996721419,0.9586033219273135,183.0,-531.0,-2.2193618526784635,-0.20995796875528772,0.807385699832978,-145.17001267170093,145.17001267170093,RECOVER
50.548,183.9031626393607,-529.824253356507,-2.022798410069709,-0.2782019590833485,0.1861678601325379,-0.0531711443619659,0.19361209347323635,182.94282360565433,-529.9445994508504,0.9678503200824907,183.0,-531.0,-2.2258194782460152,-0.20302106817630605,0.8063879065267636,-145.17001267170093,145.17001267170093,RECOVER
50.596,183.91210259242965,-529.8272034096941,-2.0467421263477537,-0.29250679155402187,0.18619626688065044,-0.056072048324388044,0.19445597034697318,182.94332580318303,-529.9486068919897,0.9763540714804659,183.0,-531.0,-2.2318009593639436,-0.18505883301618997,0.8055440296530268,-140.18607362622814,140.18607362622814,RECOVER
50.648,183.9217553114335,-529.8305294366626,-2.054167925876929,-0.3063549996190682,0.18599779753672213,-0.05883355139091247,0.1950809254073258,182.94388540819614,-529.9530724339792,0.9855183072113662,183.0,-531.0,-2.2382893379401034,-0.18412141206317445,0.8049190745926742,-140.18607362622814,140.18607362622814,RECOVER
50.696,183.9306333194868,-529.833709898654,-2.067620459088984,-0.31958989577618496,0.18563404378752224,-0.061432677091424255,0.19553509155015353,182.9444150755093,-529.9572990787947,0.9939319444518651,183.0,-531.0,-2.244281897236387,-0.17666143814740298,0.8044649084498465,-113.6831525081092,113.6831525081092,RECOVER
50.748,183.94015620825542,-529.8372313174672,-2.0931028800235842,-0.33168826259528467,0.18475849517381554,-0.06363309750591811,0.19540949986397924,182.9449967803624,-529.9619409733203,1.0029430617873416,183.0,-531.0,-2.2507287703439736,-0.15762589032038932,0.8045905001360207,-113.6831525081092,113.6831525081092,RECOVER
50.792,183.94883433438008,-529.8405274693669,-2.100246911599554,-0.3425706975488484,0.1833710248553304,-0.0653959543140883,0.19468323912742086,182.9455376309001,-529.9662568581489,1.011143983029759,183.0,-531.0,-2.256616235417808,-0.1563693238182542,0.8053167608725791,-85.65447174215365,85.65447174215365,RECOVER
50.848,183.95806881478072,-529.8441098356362,-2.1236103749163444,-0.35205614249690714,0.1813463226987069,-0.06661945096337968,0.19319585917665444,182.94612239618633,-529.9709231743511,1.0198613518425108,183.0,-531.0,-2.2628876053547566,-0.13927723043841223,0.8068041408233455,-85.65447174215365,85.65447174215365,RECOVER
50.896,183.96640711694837,-529.8473983799587,-2.1362017181120185,-0.36013601042678695,0.17867522972666477,-0.06728161214412332,0.19092316006862203,182.94665705397156,-529.9751896421883,1.0277260323857946,183.0,-531.0,-2.2685509090768745,-0.13234919096485598,0.8090768399313779,0.0,0.0,RECOVER
50.948,183.97508747440662,-529.8508354365035,-2.14195380908807,-0.3658104370223438,0.17456438221437384,-0.06686708233010229,0.18693295653048095,182.94721532364048,-529.9796445283839,1.0359116470392955,183.0,-531.0,-2.274429716778219,-0.13247590769014916,0.8130670434695191,0.0,0.0,RECOVER
51.0,183.98267206673606,-529.8538130385408,-2.153069583682916,-0.36853216694645535,0.16877116750814977,-0.06517528503637335,0.18091855836711848,182.94769996439436,-529.9835118697863,1.0430671308463515,183.0,-531.0,-2.2795363039015286,-0.1264667202186125,0.8190814416328815,-13.31914165031769,172.04612618409953,RECOVER
51.048,183.99022382579474,-529.8574456448187,-2.1574584548614575,-0.3944009321506761,0.16053040639068125,-0.06681416983607538,0.173879684456929,182.94826491107224,-529.9880200372487,1.0501085905410763,183.0,-531.0,-2.2848920491794376,-0.12743359431798007,0.826120315543071,-13.31914165031769,172.04612618409953,RECOVER
51.096,183.99654062358337,-529.8617277950385,-2.1680650249520377,-0.4607224182532459,0.15040474802935383,-0.07465322241329596,0.16791275069649253,182.9488909034596,-529.9930153379079,1.0558439065449314,183.0,-531.0,-2.289901140759698,-0.1218361158076604,0.8320872493035074,-6.034026516756896,159.737009021971,RECOVER
51.148,184.0026210154946,-529.8673874535538,-2.1912681063591646,-0.5582775180653362,0.13868880100627404,-0.0866184499596944,0.16351556316747945,182.94968319587247,-529.9993376812654,1.0611733668839347,183.0,-531.0,-2.2953902325063713,-0.10412212614720673,0.8364844368325206,-6.034026516756896,159.737009021971,RECOVER
51.196,184.00750687511604,-529.8736079412928,-2.1952710472832746,-0.6797659286725688,0.12577378039363052,-0.10165971557088327,0.16172118477323275,182.95030775365402,-530.0043215340418,1.0652492786899277,183.0,-531.0,-2.3005393662845055,-0.1052683190012309,0.8382788152267673,23.192230290031304,108.74560273080569,RECOVER
51.248,184.01181533189086,-529.8812719082579,-2.205399356894782,-0.815645314248277,0.11075218554793383,-0.11766320815528764,0.16158798580661407,182.95030775365402,-530.0043215340418,1.0686157162702603,183.0,-531.0,-2.306055566056095,-0.10065620916131301,0.838412014193386,23.192230290031304,108.74560273080569,RECOVER
51.292,184.0149445158183,-529.8892288261537,-2.2086998843044845,-0.9568060228114013,0.09480588674385855,-0.13450027829154268,0.16455540410995853,182.95030775365402,-530.0043215340418,1.0708397484034113,183.0,-531.0,-2.3111452744555123,-0.10244539015102783,0.8354445958900415,-15.832393812207236,118.0702336765064,RECOVER
51.348,184.01765155136525,-529.898869129052,-2.218128231035254,-1.087964345428407,0.07984425794940617,-0.1523118350121344,0.17197092955570997,182.95030775365402,-530.0043215340418,1.0725404385060597,183.0,-531.0,-2.316815192453875,-0.09868696141862099,0.8280290704442901,-15.832393812207236,118.0702336765064,RECOVER
51.396,184.01942249224925,-529.9085171026828,-2.2354204459889435,-1.2052886361025283,0.06481187827961744,-0.1693525004830262,0.18133077230846764,182.95030775365402,-530.0043215340418,1.0733987205831585,183.0,-531.0,-2.3220705388542178,-0.08665009286527425,0.8186692276915324,-30.143920897290833,105.58627411612775,RECOVER
51.448,184.02060476130058,-529.9196163025846,-2.2445279895533994,-1.3061098696391844,0.05008530103491398,-0.1847852784989191,0.1914527005024506,182.95030775365402,-530.0043215340418,1.0736436377184901,183.0,-531.0,-2.327749397049009,-0.08322140749560969,0.8085472994975493,-30.143920897290833,105.58627411612775,RECOVER
51.496,184.0210623136127,-529.9302899149864,-2.2615219493812257,-1.391417814123232,0.03589176461529045,-0.19793885478723233,0.20116661999864804,182.95077055539286,-530.0104971940627,1.0732929028602343,183.0,-531.0,-2.3329308412647687,-0.07140889188354294,0.798833380001352,-11.551636882453355,67.40258128936344,RECOVER
51.544,184.02090923273923,-529.9420900408963,-2.270297323542897,-1.4640389820717716,0.0222992949669393,-0.20808418000583534,0.20927561856251542,182.95164905925282,-530.0222200133842,1.072258425518352,183.0,-531.0,-2.338397454279645,-0.06810013073674792,0.7907243814374846,-11.551636882453355,67.40258128936344,RECOVER
51.596,184.02032237302473,-529.9530969341246,-2.272175612500867,-1.5234316609151441,0.010215356310263659,-0.2155133134596151,0.2157552821668289,182.9524660280389,-530.0331217042099,1.0708506606215749,183.0,-531.0,-2.3433370496751373,-0.07116143717427015,0.7842447178331711,-8.32490677572914,50.894842302676786,RECOVER
51.648,184.01938264700675,-529.9650554244773,-2.2896168773134726,-1.5693686737401897,0.00031490263452977046,-0.22057349266151688,0.2205737174474091,182.9533519403084,-530.0449433818866,1.0690199031649457,183.0,-531.0,-2.3486194404684486,-0.059002563154975984,0.7794262825525908,-8.32490677572914,50.894842302676786,RECOVER
51.696,184.01835655627744,-529.9760471972841,-2.2973824708179764,-1.6033420454215184,-0.0072772248554523805,-0.22352111361241123,0.22363954532266708,182.95416532937978,-530.0557973047393,1.0671752653829023,183.0,-531.0,-2.353454340955144,-0.05607187013716741,0.776360454677333,-13.155281387572245,49.706781546017154,RECOVER
51.748,184.01720620296868,-529.9878784797884,-2.2890087513550386,-1.6261940957948147,-0.012472958811153583,-0.2249223560886674,0.22526793151707597,182.9550405857099,-530.0674767887864,1.0651439758464951,183.0,-531.0,-2.3587000845615647,-0.0696913332065261,0.774732068482924,-13.155281387572245,49.706781546017154,RECOVER
51.796,184.01613891680674,-529.99867688435,-2.3041794088722387,-1.6413196438962459,-0.015889718158071813,-0.22493789805241965,0.22549842820601587,182.95583933470107,-530.0781353533453,1.0632727082496471,183.0,-531.0,-2.3635381400765265,-0.05935873120428781,0.7745015717939842,-47.918503516319284,82.66416834030153,RECOVER
51.848,184.0150548335516,-530.0102905838304,-2.311268884132555,-1.6491857185085304,-0.01762503102001263,-0.22437876485248154,0.22506992654546634,182.95669874658856,-530.0896034079994,1.0613237634621202,183.0,-531.0,-2.368836409137277,-0.057567525004722064,0.7749300734545337,-47.918503516319284,82.66416834030153,RECOVER
51.896,184.01408537962112,-530.0209259978266,-2.326278934533073,-1.6535324022587468,-0.018525205072760224,-0.22339609087617945,0.22416287971416243,182.9574858956907,-530.1001071827966,1.0595622348381908,183.0,-531.0,-2.373758452934578,-0.04747951840150488,0.7758371202858376,-6.41037246926377,47.220923484050644,RECOVER
51.948,184.0128578716854,-530.0322647219417,-2.333269147653313,-1.6621937623299339,-0.02030345594149332,-0.22152579445994036,0.22245428279598464,182.95832401513482,-530.1112911095395,1.0574908153493416,183.0,-531.0,-2.378972913571016,-0.04570376591770264,0.7775457172040153,-6.41037246926377,47.220923484050644,RECOVER
52.0,184.01149697571998,-530.0426100822546,-2.333206316767455,-1.6757764848565773,-0.023120446109922366,-0.21942668534675047,0.2206413951881733,182.95908736306578,-530.1214772797795,1.0553606149806811,183.0,-531.0,-2.383668614600892,-0.05046229783343703,0.7793586048118267,3.1184561430902846,41.192422573822654,RECOVER
52.044,184.00966843463257,-530.0537072190847,-2.339666296386325,-1.695925214127056,-0.027335778059757298,-0.21731961260126803,0.21903209532691212,182.9599041226298,-530.1323761787311,1.0527078967911676,183.0,-531.0,-2.3885844420010356,-0.04891814561471053,0.7809679046730879,3.1184561430902846,41.192422573822654,RECOVER
52.096,184.0076871614906,-530.0639854664091,-2.35473682194399,-1.7187115167310496,-0.032215039065772236,-0.21620330159816759,0.21859020189376616,182.96065900467457,-530.1424493795707,1.0499640693062777,183.0,-531.0,-2.3930520850635966,-0.038315263119606424,0.7814097981062338,-20.570952840990227,62.2143193137927,RECOVER
52.148,184.00534649335765,-530.0753507920457,-2.3449762912435377,-1.7382873491555677,-0.03669427244141871,-0.21702953013114196,0.2201097148672664,182.96149288995434,-530.1535768053174,1.0467806143077187,183.0,-531.0,-2.3979823076968034,-0.05300601645326575,0.7798902851327336,-20.570952840990227,62.2143193137927,RECOVER
52.192,184.0029555921397,-530.0860486981703,-2.3587328767692646,-1.7570631472302294,-0.04128493180114141,-0.21907476007725502,0.22293092225335576,182.96227675784485,-530.1640367953878,1.0435969430086,183.0,-531.0,-2.4025923684812946,-0.043859491712030074,0.7770690777466442,-27.45064030394624,63.66882637704765,RECOVER
52.244,184.0001222461854,-530.0978623050966,-2.3645539635483797,-1.774782829840742,-0.04590580343997754,-0.2219132560537489,0.22661164136435397,182.96314129815218,-530.1755732840488,1.0398886877130749,183.0,-531.0,-2.4076585557633203,-0.043104592214940674,0.773388358635646,-27.45064030394624,63.66882637704765,RECOVER
52.296,183.99727948686674,-530.1089367586628,-2.3782005905154713,-1.7918712595306225,-0.05056722560127323,-0.22499484035563622,0.23060729062991112,182.96395070334384,-530.1863740457213,1.0362262823746105,183.0,-531.0,-2.4123836753250827,-0.03418308480961141,0.7693927093700889,-4.682919942387027,35.85944326763982,RECOVER
52.348,183.99390405103554,-530.1209881609271,-2.383870807948,-1.8105835702899484,-0.05558797627392063,-0.2273618537794666,0.23405861586420082,182.96482993708122,-530.1981066045798,1.0319596825275146,183.0,-531.0,-2.4174617475762434,-0.033590939628243444,0.7659413841357992,-4.682919942387027,35.85944326763982,RECOVER
52.396,183.99053930519844,-530.1320951710294,-2.3823745421727542,-1.8300124766250356,-0.060666789640260906,-0.22877382028556062,0.23668105165666653,182.96563885334376,-530.2089008419467,1.027774317297812,183.0,-531.0,-2.4220866731314254,-0.03971213095867121,0.7633189483433335,-1.1501494719561816,27.372514778017184,RECOVER
52.444,183.98667371474835,-530.1440354121439,-2.387613273744018,-1.8491090695145633,-0.06545181052639053,-0.22906999068726047,0.23823727696278793,182.96650706591524,-530.2204863335669,1.0230272404866856,183.0,-531.0,-2.4270117243795113,-0.03939845063549319,0.761762723037212,-1.1501494719561816,27.372514778017184,RECOVER
52.496,183.98296338746502,-530.154925876021,-2.3856250724376458,-1.866694011914334,-0.06959814661642828,-0.22830512638393066,0.23867788491107508,182.9672979149781,-530.231039480909,1.0185134426462463,183.0,-531.0,-2.4314821332551886,-0.045857060817542816,0.7613221150889249,-27.654411385409983,49.777060212042215,RECOVER
52.548,183.97894552293343,-530.1666345978513,-2.3904859930818896,-1.8788050089296104,-0.07228211426330679,-0.2272070367762103,0.23842764437665342,182.96814802408232,-530.2423833985473,1.013631819000635,183.0,-531.0,-2.4363508249620174,-0.0458648318801278,0.7615723556233466,-27.654411385409983,49.777060212042215,RECOVER
52.596,183.9752826176187,-530.1773298014571,-2.4031571461017607,-1.886427021005785,-0.07369205885779995,-0.2256704335300997,0.23739769187665788,182.96892458696064,-530.2527459100048,1.009179902345679,183.0,-531.0,-2.4408727303382998,-0.03771558423653909,0.7626023081233422,-32.944459053059745,55.52234377525335,RECOVER
52.648,183.97140320887803,-530.1887994780014,-2.4079817116712805,-1.8900634775025806,-0.0740112432427724,-0.223885527766351,0.23580159810645548,182.9697576553577,-530.2638624352089,1.004454211217096,183.0,-531.0,-2.4458237572783994,-0.0378420456071189,0.7641984018935445,-32.944459053059745,55.52234377525335,RECOVER
52.696,183.96792327054382,-530.1992954399232,-2.420670789215553,-1.8903660473306634,-0.07348185846140846,-0.22205864872733178,0.23390089139965028,182.97052039231497,-530.2740404525716,1.0001996392795898,183.0,-531.0,-2.4504614117030714,-0.029790622487518625,0.7660991086003497,-5.827680955059252,33.32289798927222,RECOVER
52.748,183.96417410334413,-530.2105214792679,-2.425461805875401,-1.8913130206582784,-0.07299798722857213,-0.21989800187751746,0.2316977284505557,182.97133603193706,-530.2849244069363,0.995622032540943,183.0,-531.0,-2.455485032257028,-0.030023226381627133,0.7683022715494443,-5.827680955059252,33.32289798927222,RECOVER
52.796,183.96070408855158,-530.2207851587794,-2.4230163674940046,-1.8932074478541159,-0.07275088289428691,-0.21777303099234196,0.22960353653524107,182.9720815143648,-530.2948721786038,0.9913947148831134,183.0,-531.0,-2.460127658916677,-0.037111291422672554,0.7703964634647589,1.3883854884499627,30.37158040855673,RECOVER
52.848,183.95684169283965,-530.231786354877,-2.43605195911507,-1.8984571426549062,-0.07328496809622803,-0.2155989823403759,0.22771387251344805,182.97287976607888,-530.305524107461,0.9867209987990017,183.0,-531.0,-2.465107873969278,-0.029055914854207998,0.772286127486552,1.3883854884499627,30.37158040855673,RECOVER
52.896,183.9531785478602,-530.2419188240755,-2.424665147863209,-1.9051298488573607,-0.07434566140430678,-0.21402192642642082,0.22656712550791677,182.9736143920131,-530.3153270092903,0.9823108963444187,183.0,-531.0,-2.4697123973021813,-0.045047249438972425,0.7734328744920832,-6.443372599640497,39.51634244593499,RECOVER
52.948,183.94911874675472,-530.2529741968592,-2.4373316057705137,-1.9112892838458142,-0.07565026427663413,-0.2135254151446827,0.2265304955140338,182.97441557860762,-530.3260181014056,0.9774362782234827,183.0,-531.0,-2.474783840738878,-0.03745223496836436,0.7734695044859662,-6.443372599640497,39.51634244593499,RECOVER
52.996,183.94520664158156,-530.263222800684,-2.4407158442001218,-1.9197926091952562,-0.07769843866741413,-0.21352092273345835,0.22721846715507393,182.97515746868598,-530.3359179365017,0.9727692329668709,183.0,-531.0,-2.479484790821743,-0.038768946621621225,0.7727815328449261,-25.92661660916417,56.7586366681053,RECOVER
53.048,183.94080130727914,-530.274415767725,-2.4382603668209843,-1.9289857532439516,-0.08015527370779245,-0.21412587793721505,0.22863674137275977,182.9759669793003,-530.3467201049418,0.9675397653981758,183.0,-531.0,-2.484635526444313,-0.04637515962332861,0.7713632586272402,-25.92661660916417,56.7586366681053,RECOVER
53.096,183.9365705153086,-530.2848251806276,-2.456671587715417,-1.938884854000498,-0.08295045269526756,-0.2150837897407764,0.23052508369286917,182.97671907331923,-530.3567561021621,0.9625429071796585,183.0,-531.0,-2.4894377543845994,-0.03276616666918253,0.7694749163071308,-34.855535196384295,61.94007511078949,RECOVER
53.148,183.93183288868988,-530.2961811119193,-2.4543484676250897,-1.9485497640678406,-0.0858056657240781,-0.21623861625595314,0.23264082064556427,182.97753887249885,-530.367695561965,0.9569698981176684,183.0,-531.0,-2.494704401800445,-0.04035593417535521,0.7673591793544358,-34.855535196384295,61.94007511078949,RECOVER
53.196,183.92735440840946,-530.3067331004501,-2.4578748884617165,-1.9569601108689552,-0.08842926809875473,-0.21749668360329352,0.23478616406192382,182.97830020817827,-530.377854880574,0.9517153894859826,183.0,-531.0,-2.499645402203914,-0.04177051374219731,0.7652138359380762,-12.102154531728912,36.9841654754111,RECOVER
53.248,183.92239588767617,-530.3181801016249,-2.462117316357064,-1.964984046321851,-0.09085368304590005,-0.2184199676341677,0.23656219897590514,182.9791255603864,-530.3888684403927,0.9459152983132916,183.0,-531.0,-2.5050500669358167,-0.042932750578752454,0.7634378010240949,-12.102154531728912,36.9841654754111,RECOVER
53.296,183.917755082426,-530.3287343795338,-2.4590867154731137,-1.9720799851157904,-0.09289409892903928,-0.21893125538134683,0.2378239016555961,182.97988616015493,-530.3990179389539,0.9404987475199773,183.0,-531.0,-2.510088323428749,-0.051001607955635464,0.7621760983444039,-26.749527826630334,48.95612633892457,RECOVER
53.348,183.91275085455266,-530.3401878541227,-2.463185241636465,-1.975829062106523,-0.09406346729752973,-0.21939601034665468,0.23871016994686853,182.98071173951374,-530.4100345298874,0.9346525932547903,183.0,-531.0,-2.515673435556028,-0.052488193919563386,0.7612898300531314,-26.749527826630334,48.95612633892457,RECOVER
53.392,183.90819568869202,-530.3507641995316,-2.475191387903354,-1.9764086767108204,-0.09435600481053852,-0.21972659199798236,0.23912931830884765,182.98147446203802,-530.4202123546551,0.929319793279549,183.0,-531.0,-2.5209607923301265,-0.045769404426772464,0.7608706816911524,-43.25959037762301,64.56250172689286,RECOVER
53.448,183.9033740085837,-530.3622310761928,-2.4793668889146008,-1.9737585748911446,-0.09378501924045637,-0.22000318540284255,0.23915900865602008,182.98230205958828,-530.4312558764822,0.9236546748007279,183.0,-531.0,-2.52686088109222,-0.047493992177619404,0.76084099134398,-43.25959037762301,64.56250172689286,RECOVER
53.492,183.89903945920628,-530.3728127897986,-2.4915851196138337,-1.9688064401574588,-0.09256635171674071,-0.22016039888748562,0.23882866391713564,182.98306641420857,-530.4414554800578,0.9185414732544256,183.0,-531.0,-2.5324663129925855,-0.040881193378751846,0.7611713360828644,-19.002617802674212,43.62154301176079,RECOVER
53.548,183.89439155339548,-530.3841892886529,-2.49594574420608,-1.9652774563521687,-0.09145211003472181,-0.21967684771967905,0.2379525285721039,182.98388824715994,-530.4524220786584,0.9130563971068721,183.0,-531.0,-2.5386097959397933,-0.042664051733713126,0.7620474714278961,-19.002617802674212,43.62154301176079,RECOVER
53.596,183.89011023568003,-530.3945934438802,-2.493040650986583,-1.9638565763193758,-0.09066181319774477,-0.21865358288366488,0.2367043592335521,182.98463966720553,-530.4624490823296,0.9080095473302602,183.0,-531.0,-2.544314906849093,-0.05127425586251011,0.763295640766448,-14.282809104887932,42.31034716419436,RECOVER
53.648,183.88544424111788,-530.4057639092287,-2.5059406647196436,-1.964762995456941,-0.09033591120836096,-0.2173106533348611,0.23533911044845277,182.98544604528837,-530.473209450042,0.9025218299143652,183.0,-531.0,-2.550515836100253,-0.04457517138060929,0.7646608895515472,-14.282809104887932,42.31034716419436,RECOVER
53.696,183.8810912162035,-530.4160113078408,-2.510132618988002,-1.9674426192561834,-0.0904591489528908,-0.2159725395478207,0.2341516505771767,182.9861853831983,-530.4830752288171,0.8974151878832047,183.0,-531.0,-2.556270621689517,-0.04613800270151458,0.7658483494228233,-23.821682951727666,53.56086912971129,RECOVER
53.748,183.8763332694998,-530.4271160364592,-2.4984131926606086,-1.970281500015948,-0.09082308809412767,-0.21512551640698968,0.23351192933194584,182.9869863489908,-530.4937633745342,0.8918406879546055,183.0,-531.0,-2.5626008634620647,-0.06418767080145615,0.7664880706680541,-23.821682951727666,53.56086912971129,RECOVER
53.792,183.8718916121557,-530.437409083166,-2.5112438739763334,-1.9730450994583948,-0.09142209206193486,-0.21488505123501422,0.23352426889138436,182.98756921218921,-530.501541143393,0.8866448151494766,183.0,-531.0,-2.568561564280763,-0.05731769030442946,0.7664757311086157,-61.99121055714426,89.98787174533234,RECOVER
53.848,183.8670936786255,-530.4487305264236,-2.508340003509408,-1.9725503933871593,-0.09171814321659638,-0.2158773052285317,0.23455325345821304,182.98756921218921,-530.501541143393,0.8811085337940701,183.0,-531.0,-2.5752882756610087,-0.06694827215160082,0.7654467465417869,-61.99121055714426,89.98787174533234,RECOVER
53.896,183.86268069008167,-530.4593633931576,-2.5274039384812563,-1.9695833255931994,-0.09179483455624095,-0.21785156833395522,0.2364013482972794,182.98756921218921,-530.501541143393,0.8761273088735708,183.0,-531.0,-2.581776279357092,-0.05437234087583587,0.7635986517027206,-41.789774774378856,69.8169597546455,RECOVER
53.948,183.85784733205458,-530.4709973444243,-2.5257481944551037,-1.9677944535275895,-0.09219885995164741,-0.21990896063545284,0.2384545674633821,182.98756921218921,-530.501541143393,0.8708139465878035,183.0,-531.0,-2.589011005168959,-0.06326281071385553,0.7615454325366179,-41.789774774378856,69.8169597546455,RECOVER
53.996,183.85333022462942,-530.4818276081826,-2.5298033078646243,-1.967135286774051,-0.09286650061034979,-0.2219114976506001,0.24055955546422259,182.9876159974502,-530.503417173139,0.8659833904039429,183.0,-531.0,-2.5958699230732942,-0.06606661520866997,0.7594404445357774,-31.192507073881643,58.59775376499387,RECOVER
54.048,183.84836515938923,-530.4936153582933,-2.5347211700509846,-1.9679567090397678,-0.0937819337441276,-0.223583099217788,0.24245505429381992,182.9879066968887,-530.5150738526615,0.8607259916310955,183.0,-531.0,-2.6034596127957257,-0.06873844274474106,0.75754494570618,-31.192507073881643,58.59775376499387,RECOVER
54.096,183.8437168161706,-530.504511524564,-2.548533485260384,-1.9701049678328435,-0.09485242623621759,-0.2247802268824759,0.2439736321003449,182.9881753722893,-530.5258473961435,0.8558074442387984,183.0,-531.0,-2.6105870041031727,-0.06205351884278887,0.756026367899655,-48.37529890046533,73.72782542426776,RECOVER
54.148,183.83866941385128,-530.5163584116801,-2.5373835310747506,-1.9713254765023085,-0.09562697727973621,-0.2258458107551953,0.24525670025369475,182.98846749442026,-530.5375611238331,0.8504662596522132,183.0,-531.0,-2.61849877420109,-0.08111524312633955,0.7547432997463053,-48.37529890046533,73.72782542426776,RECOVER
54.196,183.83402546290327,-530.5273204541488,-2.5505617063652166,-1.9713918725051447,-0.09601967756105276,-0.2267313366584119,0.2462252576439685,182.9887378143796,-530.5484006120366,0.8455504608261221,183.0,-531.0,-2.625984549824751,-0.07542284345953432,0.7537747423560315,-67.1001347092717,91.02080647302783,RECOVER
54.248,183.829069795208,-530.539261355762,-2.555814111708909,-1.9688519073439912,-0.09576824605592796,-0.22774682199393598,0.2470630929154865,182.98903233664515,-530.5602105820865,0.8402986385043826,183.0,-531.0,-2.634361145679845,-0.07854703397093576,0.7529369070845136,-67.1001347092717,91.02080647302783,RECOVER
54.296,183.82458327152767,-530.5503374197874,-2.554999328394355,-1.9642121939340424,-0.09496359510541172,-0.22879840114765215,0.2477232180540745,182.98930559620445,-530.5711679445286,0.8355373753784846,183.0,-531.0,-2.64234885564623,-0.08734952725187517,0.7522767819459255,-44.446723230935106,70.99988393855206,RECOVER
54.348,183.81977138682353,-530.562322082732,-2.5688017301238415,-1.9601405547389306,-0.09411402232714847,-0.22938496133423747,0.24794134323445258,182.98960129849797,-530.5830252322057,0.8304282003572616,183.0,-531.0,-2.65119238097765,-0.08239065085380837,0.7520586567655474,-44.446723230935106,70.99988393855206,RECOVER
54.392,183.81536642902404,-530.5733716162857,-2.573547571169065,-1.9566426186254016,-0.09329359846728913,-0.2296697403635162,0.24789490747819068,182.98987394753624,-530.5939581135277,0.8257491391830691,183.0,-531.0,-2.6595301670410203,-0.08598259587195534,0.7521050925218093,-54.96864894545165,83.32021353561318,RECOVER
54.448,183.81065236310482,-530.5853807124212,-2.579313226209583,-1.9525152016055454,-0.09237012884461938,-0.23011578599407922,0.24796273039802666,182.99017031957501,-530.6058422571415,0.8207371434065784,183.0,-531.0,-2.668816169630153,-0.08950294342057008,0.7520372696019734,-54.96864894545165,83.32021353561318,RECOVER
54.496,183.80633755402945,-530.5965081427237,-2.5779832057911376,-1.9483759050626284,-0.09150273325688958,-0.23071277351860553,0.24819575753450915,182.9904449660605,-530.6168552335678,0.8161462609168199,183.0,-531.0,-2.6776245550104076,-0.09964134921927004,0.7518042424654908,-63.72791739673199,93.67628871175802,RECOVER
54.548,183.80169165175212,-530.6086482939154,-2.5932362062809555,-1.9441265139888164,-0.09074727271440519,-0.23167585888518022,0.24881473247235295,182.9907446467433,-530.6288720496204,0.8111991403025411,183.0,-531.0,-2.6874639360630446,-0.09422772978208904,0.751185267527647,-63.72791739673199,93.67628871175802,RECOVER
54.596,183.79740410591876,-530.6199298677843,-2.599453347298772,-1.9405530641609523,-0.09024908229930798,-0.23285078440296264,0.24972862201386178,182.99102315188526,-530.6400397532872,0.806631669675147,183.0,-531.0,-2.6968117358535664,-0.0973583885547944,0.7502713779861382,-63.40651808319527,94.83646031196915,RECOVER
54.648,183.7927262894808,-530.6322288412946,-2.6047497459556945,-1.9383252549693097,-0.09014720644227407,-0.23413456233489216,0.25088944200403784,182.99132677105175,-530.6522144975493,0.8016486852694684,183.0,-531.0,-2.707213397931676,-0.1024636519759814,0.7491105579959622,-63.40651808319527,94.83646031196915,RECOVER
54.696,183.78835714138182,-530.6436573011381,-2.6195115589068547,-1.937487182032434,-0.09045405574259636,-0.23551998520986867,0.2522926864448145,182.99160888630544,-530.6635269621265,0.7969959757709272,183.0,-531.0,-2.7170712194587456,-0.09755966055189091,0.7477073135551855,-74.22673358861381,105.41876381531965,RECOVER
54.748,183.7835676902413,-530.6561413195565,-2.6261719299577106,-1.937359179239934,-0.09103182660150813,-0.23711503743318194,0.2539888470609415,182.9919170479502,-530.6758838540187,0.7918967780632197,183.0,-531.0,-2.728060360872448,-0.10188843091473743,0.7460111529390585,-74.22673358861381,105.41876381531965,RECOVER
54.792,183.77909557649897,-530.6677719999071,-2.6258575147241245,-1.9375435022003618,-0.09177984999553197,-0.2389318185551632,0.2559530323775825,182.99220413913682,-530.6873958472083,0.7871360934278034,183.0,-531.0,-2.738513282219251,-0.11265576749512629,0.7440469676224175,-62.115386195092526,94.02051090333478,RECOVER
54.848,183.77417288128564,-530.6804532548301,-2.6328653254318732,-1.93879803000251,-0.09279042797148711,-0.2406602825040945,0.25792912805280893,182.9925171336793,-530.6999465321804,0.7818987758193862,183.0,-531.0,-2.750135844051357,-0.11727051861948379,0.7420708719471911,-62.115386195092526,94.02051090333478,RECOVER
54.896,183.7695547540096,-530.6922215557526,-2.6327987617781825,-1.940910296372495,-0.09398762290263687,-0.24223971118701831,0.25983408347416304,182.9928075640224,-530.7115924213182,0.7769886920578438,183.0,-531.0,-2.761134959131347,-0.12833619735316448,0.740165916525837,-95.74442789909607,124.80232793530384,RECOVER
54.948,183.76453830798317,-530.7051146044673,-2.640060386069169,-1.9412459931517996,-0.09485649544913663,-0.24423594785176345,0.2620094520278637,182.99312577881963,-530.7243524318978,0.7716523726100618,183.0,-531.0,-2.7734709361357353,-0.1334105500665661,0.7379905479721363,-95.74442789909607,124.80232793530384,RECOVER
54.996,183.75992499614807,-530.7171653909679,-2.6560225938834257,-1.939524090175043,-0.09529545417288109,-0.24662368433714643,0.2643945257792682,182.9934232525276,-530.7362807510528,0.766740060231883,183.0,-531.0,-2.7852899854704165,-0.12926739158699085,0.7356054742207319,-109.07207336245301,136.78723732315518,RECOVER
55.048,183.7549652992386,-530.7303837524207,-2.663893067088888,-1.9360451630559086,-0.09532462056464708,-0.24927513536684026,0.26687989133306855,182.9937496103474,-530.7493672865307,0.7614523619908118,183.0,-531.0,-2.798585413692635,-0.13469234660374685,0.7331201086669314,-109.07207336245301,136.78723732315518,RECOVER
55.096,183.75043573636862,-530.7427351632159,-2.6805710500205473,-1.931147960918042,-0.09498906596059573,-0.2520912083700404,0.269393578226233,182.9940546285508,-530.7615981304011,0.7566162777754238,183.0,-531.0,-2.811327989376571,-0.1307569393560235,0.730606421773767,-89.38942835044273,119.73417744027873,RECOVER
55.148,183.74554276590393,-530.7562105113111,-2.6890525457523857,-1.9268669602584625,-0.09467634792512468,-0.2545587437735942,0.2715948543106619,182.9943874327071,-530.7749431558135,0.751388878384622,183.0,-531.0,-2.825556517800118,-0.13650397204773235,0.7284051456893381,-89.38942835044273,119.73417744027873,RECOVER
55.196,183.7410165789048,-530.7687011162967,-2.690619591510693,-1.9238833187018434,-0.0945430730199811,-0.2565405114728389,0.2734070713840578,182.99469592213757,-530.7873131914963,0.7465526987833598,183.0,-531.0,-2.839038288138125,-0.14841869662743168,0.7265929286159423,-90.61741667755875,123.27295560226337,RECOVER
55.244,183.73609114929937,-530.7822886123425,-2.699420470222582,-1.9220005178693471,-0.09460492749957466,-0.25820563276581404,0.27499134731695507,182.99503150117621,-530.8007694861776,0.7412900544146821,183.0,-531.0,-2.8540239595351755,-0.15460348931259338,0.7250086526830449,-90.61741667755875,123.27295560226337,RECOVER
55.296,183.7315095704922,-530.7948816919985,-2.7013111129775567,-1.9211969602062249,-0.09490054834372147,-0.2596582004559144,0.2764570403153858,182.99534251014884,-530.8132405523119,0.7363959454577218,183.0,-531.0,-2.8682092360262748,-0.1668981230487181,0.7235429596846141,-125.7216550345234,157.47038173359635,RECOVER
55.352,183.7265323859705,-530.8086537408678,-2.7104804042970985,-1.9199188093991313,-0.09518563685788714,-0.26147431307066543,0.2782608881244684,182.99568265661924,-530.8268799952251,0.731076961229603,183.0,-531.0,-2.8840713216598766,-0.1735909173627781,0.7217391118755316,-125.7216550345234,157.47038173359635,RECOVER
55.396,183.72193764775292,-530.8215454422705,-2.7302621611250477,-1.9175194024933482,-0.09537396346078977,-0.26396029289005396,0.28066212628144743,182.9960010999455,-530.8396491695296,0.7261622521057195,183.0,-531.0,-2.899262018713801,-0.16899985758875324,0.7193378737185525,-140.62598744045002,172.43667894262276,RECOVER
55.448,183.71695007617964,-530.8357366868015,-2.738556020960796,-1.9143952730559095,-0.09556326953121266,-0.2670921824144368,0.2836733550942033,182.99635168754943,-530.8537072886819,0.7208224332166665,183.0,-531.0,-2.916365895895098,-0.17780987493430178,0.7163266449057967,-140.62598744045002,172.43667894262276,RECOVER
55.496,183.71232586869755,-530.8490668856916,-2.7436604904420965,-1.9109245590117647,-0.09583430475223144,-0.27080928547648087,0.2872662233323397,182.99668104120718,-530.8669139534696,0.7158673319421606,183.0,-531.0,-2.932793146228373,-0.1891326557862767,0.7127337766676602,-140.62598744045002,172.43667894262276,BRAKE
55.548,183.7072460104014,-530.8633942482256,-2.7626158695673437,-1.9111369418397608,-0.09648365200529103,-0.2724602064616657,0.28903920012588535,182.99703496391248,-530.8811058059656,0.7104318614986707,183.0,-531.0,-2.950790609453226,-0.1881747398858824,0.7109607998741146,0.0,0.0,BRAKE
55.596,183.70247899045154,-530.8761830960264,-2.7721797115188846,-1.916834750570713,-0.09747389427121686,-0.270351149413668,0.28738633240585365,182.99735073674444,-530.893767896828,0.7053474884021771,183.0,-531.0,-2.9671275106091786,-0.19494779909029392,0.7126136675941463,-102.52669411258967,-102.52669411258967,BRAKE
55.648,183.69813245546695,-530.889567153195,-2.7796780239854733,-1.9060592027244474,-0.092613555211043,-0.26581324729249434,0.28148526257161255,182.99768160529337,-530.9070353068349,0.7006686305954342,183.0,-531.0,-2.984709313323792,-0.2050312893383186,0.7185147374283875,-102.52669411258967,-102.52669411258967,BRAKE
55.696,183.69533895950096,-530.900920450386,-2.7980655677886492,-1.87619095566396,-0.08056805230584528,-0.2555630694246517,0.2679621120720367,182.99796282660242,-530.9183119253643,0.6975929573457873,183.0,-531.0,-3.0000544289977085,-0.20198886120905923,0.7320378879279633,-98.04820886869675,-98.04820886869675,BRAKE
55.748,183.69367517325102,-530.9120747427254,-2.798639019693734,-1.828492104741866,-0.0635677952964398,-0.24119296279486024,0.24942916810311683,182.998239790284,-530.9294178184219,0.6956516040067049,183.0,-531.0,-3.015512217906031,-0.21687319821229734,0.7505708318968831,-98.04820886869675,-98.04820886869675,BRAKE
55.796,183.69348773569362,-530.9213104046177,-2.8047539009096814,-1.7590027839611568,-0.04268579913206446,-0.22411879378107855,0.22814756446964005,182.99846985365753,-530.938643068491,0.6952339732686332,183.0,-531.0,-3.0286065698124944,-0.22385266890281308,0.77185243553036,-77.15619660516192,-77.15619660516192,BRAKE
55.848,183.6947399828779,-530.9302776935008,-2.811677879439436,-1.6642803157942618,-0.01931718261855342,-0.20603396805567417,0.20693754984797977,182.99869412320666,-530.9476359935359,0.6962622705170728,183.0,-531.0,-3.0415701406466193,-0.22989226120718342,0.7930624501520203,-77.15619660516192,-77.15619660516192,BRAKE
55.892,183.69725084853042,-530.9377349190949,-2.8266053780947975,-1.5402572450130527,0.005752226680829187,-0.188297682526255,0.18838552321382332,182.99888153981573,-530.9551511623316,0.6985864419548341,183.0,-531.0,-3.0525280727988533,-0.2259226947040558,0.8116144767861767,-47.503502468015434,-47.503502468015434,BRAKE
55.948,183.70128226558575,-530.9450575450436,-2.826247211657468,-1.392866935194922,0.030873485214953762,-0.17168039906631505,0.17443431862132852,182.99906654688812,-530.9625697117567,0.7024340478429396,183.0,-531.0,-3.0634066553633454,-0.2371594437058775,0.8255656813786715,-47.503502468015434,-47.503502468015434,BRAKE
55.996,183.70608939654488,-530.9513432853223,-2.830961062586866,-1.2340041554042012,0.05511976196675508,-0.15742578225871934,0.16679647801749728,182.99922619385498,-530.9689713530503,0.7070829768060096,183.0,-531.0,-3.072791285928728,-0.24183022334186166,0.8332035219825027,0.0,0.0,BRAKE
56.048,183.71196788638363,-530.9575910929736,-2.845521490961411,-1.0895483360158469,0.07539460380843957,-0.14437930996753384,0.16287949972336233,182.99938556132088,-530.9753617867093,0.7128038773377204,183.0,-531.0,-3.0820971937281287,-0.2365757027667179,0.8371205002766376,0.0,0.0,BRAKE
56.096,183.71771098070423,-530.9632424597297,-2.83382815071784,-0.9784647866328289,0.09088322189647435,-0.13505443407523457,0.16278654792600547,182.99952997957078,-530.9811527757297,0.7184042941187478,183.0,-531.0,-3.0904224001894534,-0.25659424947161336,0.8372134520739946,0.0,0.0,BRAKE
56.148,183.72408120868894,-530.9692860837981,-2.8476036609094497,-0.8999609546789735,0.10195062874523203,-0.12846362107090117,0.16400253851753702,182.99968456381555,-530.9873514082756,0.7246218703933148,183.0,-531.0,-3.09920028814825,-0.25159662723880016,0.835997461482463,0.0,0.0,BRAKE
56.196,183.72988310549127,-530.9747531819294,-2.851978847540867,-0.8490881727667237,0.10857340620135082,-0.12336561090310347,0.16433885264191012,182.99982442609712,-530.9929597087323,0.7302856653234768,183.0,-531.0,-3.1070162180343113,-0.2550373704934441,0.8356611473580899,0.0,0.0,BRAKE
56.248,183.7358533948138,-530.9804838032723,-2.8554322147948654,-0.8202477009943169,0.110757353701777,-0.1187591368948461,0.16239126822286146,182.99997096081523,-530.9988355654477,0.7361112306184463,183.0,-531.0,-3.1150770149572766,-0.2596448001624112,0.8376087317771386,0.0,0.0,BRAKE
56.296,183.74091093186448,-530.9855442236403,-2.867625925600332,-0.8088156835759135,0.10887015423399699,-0.11409233749881473,0.157701528080351,183.0,-531.0,0.7410519404376783,183.0,-531.0,-3.1220843134449545,-0.2544583878446227,0.842298471919649,0.0,0.0,BRAKE
56.348,183.74578933103277,-530.9907474880465,-2.8713156800243547,-0.8116208107094406,0.10360097926944173,-0.10918199133897702,0.15051202655712184,183.0,-531.0,0.7458467237038403,183.0,-531.0,-3.1291869554849465,-0.25787127546059185,0.8494879734428782,0.0,0.0,BRAKE
56.396,183.74972144464766,-530.9953284257957,-2.8676706028270442,-0.827087394363639,0.09601229830040628,-0.10437096545832728,0.14181558396604213,183.0,-531.0,0.7497359989823906,183.0,-531.0,-3.1353616543580505,-0.26769105153100625,0.8581844160339579,0.0,0.0,BRAKE
56.448,183.75342286162518,-531.0001291306882,-2.879138127656278,-0.8537390473039372,0.08732137739780588,-0.10015356432389688,0.13287497656606,183.0,-531.0,0.7534228726911689,183.0,-531.0,3.141421261542294,-0.26262591798101376,0.86712502343394,0.0,0.0,BRAKE
56.492,183.75643187546524,-531.0044918301777,-2.865730255180036,-0.8887328089230271,0.07869962122565306,-0.09691116725514964,0.12484151841361452,183.0,-531.0,0.7564452120003168,183.0,-531.0,3.135654541345287,-0.28180051065426337,0.8751584815863855,0.0,0.0,BRAKE
56.548,183.75940703014314,-531.0092287114181,-2.877301822609487,-0.9271367231476567,0.0711798333594511,-0.09487511321876141,0.11860799208043286,183.0,-531.0,0.7594631041369021,183.0,-531.0,3.1294407287568013,-0.2764427558132976,0.8813920079195672,0.0,0.0,BRAKE
56.596,183.76203215810906,-531.0136319723727,-2.879998004419242,-0.9617520849836922,0.0654084497685322,-0.09377593471889017,0.11433368372235783,183.0,-531.0,0.7621540793455925,183.0,-531.0,3.123705588903621,-0.2794817138567236,0.8856663162776421,0.0,0.0,BRAKE
56.648,183.76488386253635,-531.0184051047315,-2.8821316203625993,-0.9853602554333486,0.06170965676397104,-0.09308120998280234,0.11167897469886469,183.0,-531.0,0.7651052679525256,183.0,-531.0,3.117534682669361,-0.2835190041476263,0.8883210253011353,0.0,0.0,BRAKE
56.696,183.76761725645272,-531.0227452498993,-2.892762462672024,-0.9933158586983126,0.06004227420346328,-0.09214967833748189,0.10998471670748282,183.0,-531.0,0.767954164515689,183.0,-531.0,3.1119703431540224,-0.2784525013535397,0.8900152832925172,0.0,0.0,BRAKE
56.748,183.77074535200194,-531.0272604403926,-2.8875956187474388,-0.9836378822183007,0.06008196750581382,-0.09028799616268597,0.1084516715889749,183.0,-531.0,0.7712272876675155,183.0,-531.0,3.1062384583378573,-0.2893512300942902,0.891548328411025,0.0,0.0,BRAKE
56.796,183.77380408321295,-531.031173924421,-2.889379206687799,-0.9577625510406905,0.06135652729241684,-0.08722301854555914,0.10664182296633927,183.0,-531.0,0.7744317741162481,183.0,-531.0,3.1013278419729073,-0.2924782585188801,0.8933581770336607,0.0,0.0,BRAKE
56.848,183.77728529659495,-531.0350825823348,-2.899932450941589,-0.9191677569275097,0.06331298665739618,-0.08300323647459407,0.10439382905486803,183.0,-531.0,0.7780766156915283,183.0,-531.0,3.096488508713915,-0.2867643475240822,0.895606170945132,0.0,0.0,BRAKE
56.896,183.78061198241463,-531.0383848997665,-2.8854659354751777,-0.8731587583989844,0.0654105254290856,-0.07803150164788795,0.1018206859451133,183.0,-531.0,0.7815551596780455,183.0,-531.0,3.0924593996450813,-0.30525997205932676,0.8981793140548867,0.0,0.0,BRAKE
56.948,183.78427815444604,-531.0417048848819,-2.895748619198113,-0.8272498696168351,0.06719299943266552,-0.07306652973292928,0.09926538641425432,183.0,-531.0,0.785386224073421,183.0,-531.0,3.0884665508865923,-0.29897013709488096,0.9007346135857457,0.0,0.0,BRAKE
57.0,183.78765326993334,-531.044621455256,-2.8971681335188,-0.7888585794089089,0.06828566672613935,-0.06875990330388448,0.09690643210124351,183.0,-531.0,0.7889161856026605,183.0,-531.0,3.0850020021522493,-0.30101517150853674,0.9030935678987565,0.0,0.0,BRAKE
57.044,183.7912243900018,-531.0477352516089,-2.898787411567341,-0.7647417536663661,0.06842206844805063,-0.06565218183026067,0.09482504115360739,183.0,-531.0,0.792663036592385,183.0,-531.0,3.0813348271566547,-0.3030630684555904,0.9051749588463927,0.0,0.0,BRAKE
57.096,183.7943783210876,-531.0506538692658,-2.892633516471036,-0.7586501761968715,0.0674717586586644,-0.063955505271769,0.09296636419189645,183.0,-531.0,0.795991665462374,183.0,-531.0,3.077913444883918,-0.3126383458246327,0.9070336358081036,0.0,0.0,BRAKE
57.148,183.79757573588967,-531.0538989654017,-2.9099538509405263,-0.7701448949466739,0.06537770429584008,-0.06341307164875994,0.09107942618904155,183.0,-531.0,0.7993948667281483,183.0,-531.0,3.0741167543976786,-0.2991147018413809,0.9089205738109585,0.0,0.0,BRAKE
57.196,183.80028405597605,-531.0569666426268,-2.903370992225956,-0.7960732271225497,0.06224367508884691,-0.06358697633797392,0.08898077684742922,183.0,-531.0,0.802309023146097,183.0,-531.0,3.070529489751796,-0.30928482520183387,0.9110192231525708,0.0,0.0,BRAKE
57.244,183.80293102902198,-531.0603123687731,-2.9046635561956107,-0.8310268474883936,0.058274553539950716,-0.06385084522001788,0.0864456709476609,183.0,-531.0,0.8051930322558153,183.0,-531.0,3.0666181968192925,-0.3119035541646831,0.9135543290523391,0.0,0.0,BRAKE
57.292,183.80511244511354,-531.0633468184377,-2.897906272030476,-0.8690480247102044,0.05378461880192543,-0.06362924486403129,0.08331546087993082,183.0,-531.0,0.8076006864056502,183.0,-531.0,3.063073705317313,-0.3222053298317977,0.9166845391200692,0.0,0.0,BRAKE
57.348,183.80722850076992,-531.0665129705,-2.8990571136821344,-0.9051996704043561,0.04920268452385686,-0.06266964804214423,0.0796767779850592,183.0,-531.0,0.809964090376843,183.0,-531.0,3.0593816600855877,-0.3247465334118642,0.9203232220149408,0.0,0.0,BRAKE
57.396,183.80900741623918,-531.0692808207656,-2.9085085335569536,-0.9350633528963137,0.04495300357052252,-0.060917512747591336,0.07570809659055208,183.0,-531.0,0.8119684917876749,183.0,-531.0,3.056164263255251,-0.31851251036738226,0.9242919034094479,0.0,0.0,BRAKE
57.448,183.81082507591717,-531.0721100053132,-2.9093700211691043,-0.955433891134536,0.04145370015341371,-0.05863897158733089,0.07181182524646572,183.0,-531.0,0.8140252800757171,183.0,-531.0,3.0528919067346685,-0.32092337927581305,0.9281881747535343,0.0,0.0,BRAKE
57.496,183.81247937998813,-531.0746009118747,-2.9185422590152066,-0.9647027687499623,0.0390075389505252,-0.05627819187555254,0.06847498065540616,183.0,-531.0,0.8158970762041198,183.0,-531.0,3.050030551339859,-0.3146124968245205,0.9315250193445939,0.0,0.0,BRAKE
57.548,183.81432012815498,-531.0772139554435,-2.919478684638683,-0.9622230028454383,0.03774455144081565,-0.05416861797122381,0.06602189285669391,183.0,-531.0,0.8179726560427139,183.0,-531.0,3.047055153518061,-0.31665146902284214,0.9339781071433061,0.0,0.0,BRAKE
57.596,183.8161142793376,-531.0795987243296,-2.912317904148511,-0.9499689425259018,0.037616310809817075,-0.05259854147527415,0.06466524108256998,183.0,-531.0,0.8199868741959354,183.0,-531.0,3.04436637791363,-0.3265010251174454,0.93533475891743,0.0,0.0,BRAKE
57.648,183.81818519498123,-531.0821832848768,-2.91315288773731,-0.9310200382758098,0.038389457320033016,-0.051585132565311734,0.06430222651749644,183.0,-531.0,0.8223023200743192,183.0,-531.0,3.041482612183125,-0.32854980725915084,0.9356977734825036,0.0,0.0,BRAKE
57.696,183.82020591076068,-531.0845657564904,-2.9058765464064242,-0.9085708221586734,0.03968753314985563,-0.05090252501662229,0.06454585455773862,183.0,-531.0,0.8245538813307148,183.0,-531.0,3.0388525969349556,-0.338456163838206,0.9354541454422614,0.0,0.0,BRAKE
57.748,183.82247875141502,-531.0871251759817,-2.914942143919954,-0.8859094883455798,0.04109486249009409,-0.05031350322122742,0.064963346045845,183.0,-531.0,0.8270804633281129,183.0,-531.0,3.036056224275898,-0.3321869389837335,0.935036653954155,0.0,0.0,BRAKE
57.796,183.82460290346648,-531.0894260562638,-2.915532317159921,-0.8646456446849131,0.04220026932716175,-0.04948102915134603,0.06503256858806473,183.0,-531.0,0.8294377420543755,183.0,-531.0,3.033567404254965,-0.3340855857647007,0.9349674314119353,0.0,0.0,BRAKE
57.848,183.82687003804483,-531.0918148486662,-2.9162073124715184,-0.8463726878999106,0.04268973472460275,-0.04824107934894981,0.06441750684098715,183.0,-531.0,0.831951937465056,183.0,-531.0,3.0310066330145933,-0.3359713616934741,0.9355824931590129,0.0,0.0,BRAKE
57.896,183.82888107548408,-531.093912587427,-2.9250607494157355,-0.8329744056862064,0.04241214223215933,-0.04665271337407794,0.06304970637429475,183.0,-531.0,0.8341842790252468,183.0,-531.0,3.028773329299017,-0.32935122846483367,0.9369502936257053,0.0,0.0,BRAKE
57.948,183.83092665311287,-531.0960693316198,-2.9256750045702486,-0.8260433126010025,0.041336203413925146,-0.04484081114470782,0.06098672033150127,183.0,-531.0,0.8364618457115818,183.0,-531.0,3.026486622189152,-0.33102368042018604,0.9390132796684987,0.0,0.0,BRAKE
57.996,183.8326727210739,-531.097988485729,-2.9182284105940552,-0.8281573671358677,0.03960027776817246,-0.04314035929074399,0.058559991453644315,183.0,-531.0,0.8384185134859973,183.0,-531.0,3.0244519389835665,-0.340504957601965,0.9414400085463557,0.0,0.0,BRAKE
58.048,183.83440803971786,-531.1000366870837,-2.9269963640921577,-0.8409515192285143,0.03742020988370119,-0.04182720419550075,0.056122964270896844,183.0,-531.0,0.8403833146299879,183.0,-531.0,3.022272749695245,-0.3339161933921835,0.9438770357291032,0.0,0.0,BRAKE
58.096,183.8358783279787,-531.1019342815666,-2.9275182316494335,-0.8638545711134846,0.035043988326314744,-0.0410243091648733,0.0539543794355008,183.0,-531.0,0.8420707671822814,183.0,-531.0,3.020243128406361,-0.3354239471237914,0.9460456205644991,0.0,0.0,BRAKE
58.148,183.83735792994136,-531.1040341070824,-2.919862236955089,-0.8945915940138187,0.032737451776239726,-0.04079924192860568,0.05230983550681953,183.0,-531.0,0.8437958273611644,183.0,-531.0,3.0179851452869997,-0.34533792493749793,0.9476901644931804,0.0,0.0,BRAKE
58.196,183.83864818256598,-531.1060108166841,-2.920252974575623,-0.9274879566586421,0.030687435709030257,-0.040933014766449116,0.051158874188807234,183.0,-531.0,0.8453218720554048,183.0,-531.0,3.015852762043851,-0.34707957056011196,0.9488411258111927,0.0,0.0,BRAKE
58.248,183.83999858232562,-531.1081718212256,-2.912602717889856,-0.9563310154018125,0.029036062362322833,-0.04115168247333004,0.050364212372422536,183.0,-531.0,0.8469349214764462,183.0,-531.0,3.0135213037041524,-0.35706128558557815,0.9496357876275775,0.0,0.0,BRAKE
58.296,183.84123074829867,-531.1101537832396,-2.9293716043211355,-0.9563310154018125,0.027857984089002707,-0.04120039996005889,0.04973469849483305,183.0,-531.0,0.8484120625292562,183.0,-531.0,3.0113898428134016,-0.34242386004504866,0.950265301505167,0.0,0.0,BRAKE
58.348,183.84257424524083,-531.1122344385029,-2.9216643011954555,-0.9563310154018125,0.027150457537743256,-0.04078467039999394,0.04899527205909711,183.0,-531.0,0.8500164280349021,183.0,-531.0,3.009167989244249,-0.3523530167398814,0.9510047279409028,0.0,0.0,BRAKE
58.396,183.84384115626534,-531.1140671199056,-2.9219824620568864,-0.9563310154018125,0.026885690286625637,-0.039873337654500816,0.04809078287882397,183.0,-531.0,0.8515158277159541,183.0,-531.0,3.007231024270235,-0.3539718208524647,0.951909217121176,0.0,0.0,HOLD
58.448,183.84525549429148,-531.1159412969448,-2.9306699544590917,-0.9563310154018125,0.026995281554538765,-0.038532322623971674,0.04704768977332107,183.0,-531.0,0.8531701090446013,183.0,-531.0,3.0052761682378493,-0.34723918448264524,0.9529523102266789,0.0,0.0,HOLD
58.496,183.84660402577396,-531.1175704473687,-2.914492234675404,-0.9563310154018125,0.02737997507018313,-0.036925231546689405,0.04596885640975285,183.0,-531.0,0.8547287210285812,183.0,-531.0,3.003602210627302,-0.36509086187687956,0.9540311435902471,0.0,0.0,HOLD
58.548,183.84811229020914,-531.1192614531057,-2.914819044241217,-0.9563310154018125,0.027948763647844765,-0.03538316988843626,0.045089933475189685,183.0,-531.0,0.856456508528408,183.0,-531.0,3.001888794664376,-0.3664774682739935,0.9549100665248104,0.0,0.0,HOLD
58.596,183.84953974256027,-531.1207828106602,-2.9234052928484062,-0.9563310154018125,0.028575203098039383,-0.03409229259619239,0.04448400438987698,183.0,-531.0,0.858082898990737,183.0,-531.0,3.0003647422092476,-0.35941527212193236,0.955515995610123,0.0,0.0,HOLD
58.648,183.85110954386926,-531.1224241026827,-2.9237077298616083,-0.9563310154018125,0.02913985236268924,-0.03320714803087883,0.04417969755514433,183.0,-531.0,0.8598692438871085,183.0,-531.0,2.9987319494583944,-0.36074562785958353,0.9558203024448557,0.0,0.0,HOLD
58.696,183.85256320035015,-531.1239587991541,-2.9322809182288814,-0.9563310154018125,0.02954048254224219,-0.03277514132461873,0.0441231231632264,183.0,-531.0,0.8615275935679721,183.0,-531.0,2.9972089594284945,-0.3536954295222099,0.9558768768367736,0.0,0.0,HOLD
58.744,183.8541180570237,-531.1256395921595,-2.924362207239012,-0.9563310154018125,0.029666695109046567,-0.032616871704600765,0.0440905105265012,183.0,-531.0,0.8633093086790706,183.0,-531.0,2.9955414367290105,-0.36328166321156363,0.9559094894734987,0.0,0.0,HOLD
58.792,183.85551556789972,-531.1272012375061,-2.924622312247132,-0.9563310154018125,0.02947353529184455,-0.03258796392745422,0.043939329484377246,183.0,-531.0,0.8649202516659361,183.0,-531.0,2.993990268893776,-0.36457272603867885,0.9560606705156227,0.0,0.0,HOLD
58.848,183.85697025185397,-531.1288789911647,-2.9248293720533263,-0.9563310154018125,0.02894893993946143,-0.03247474925465815,0.043504602776849546,183.0,-531.0,0.8666070660491291,183.0,-531.0,2.9923221826763955,-0.366033752449864,0.9564953972231505,0.0,0.0,HOLD
58.896,183.85824793355175,-531.1303858124837,-2.933415078482527,-0.9563310154018125,0.028133240007007232,-0.03209582580009292,0.04268045486029621,183.0,-531.0,0.8680956027667074,183.0,-531.0,2.9908245906814814,-0.35894563801557844,0.9573195451397037,0.0,0.0,HOLD
58.948,183.85956327266192,-531.1319621940575,-2.917025585810557,-0.9563310154018125,0.027139850015273356,-0.03147254736245579,0.0415583047817588,183.0,-531.0,0.8696338541994092,183.0,-531.0,2.9892596343700153,-0.37690008699901334,0.9584416952182412,0.0,0.0,HOLD
58.996,183.86072234169725,-531.133356643751,-2.9255548020736493,-0.9563310154018125,0.02609244755927197,-0.03062501813418638,0.04023316486870754,183.0,-531.0,0.8709919310357179,183.0,-531.0,2.98787911688659,-0.3697513882193473,0.9597668351312925,0.0,0.0,HOLD
59.044,183.8619379802988,-531.1348125145652,-2.9257636165526777,-0.9563310154018125,0.025142273808482603,-0.02970539226739754,0.03891714611865407,183.0,-531.0,0.8724170424544345,183.0,-531.0,2.9864433581314653,-0.37097833249544365,0.961082853881346,0.0,0.0,HOLD
59.096,183.86304661138718,-531.1361295332799,-2.9342905581071443,-0.9563310154018125,0.02442624632832386,-0.02891176643558496,0.03784880114505309,183.0,-531.0,0.8737166035150633,183.0,-531.0,2.985150163619186,-0.36374458545325616,0.9621511988549469,0.0,0.0,HOLD
59.148,183.86425649249944,-531.1375418085453,-2.934487620148984,-0.9563310154018125,0.024020490676697932,-0.028298347084538236,0.03711846467819387,183.0,-531.0,0.875132580770099,183.0,-531.0,2.983771489105207,-0.3649261979253957,0.9628815353218061,0.0,0.0,HOLD
59.196,183.8654014497934,-531.1388511354758,-2.9263989927400402,-0.9563310154018125,0.023961965875079712,-0.027941101139712633,0.03680870741411786,183.0,-531.0,0.8764697981832825,183.0,-531.0,2.9825015015893612,-0.3742848128501848,0.9631912925858821,0.0,0.0,HOLD
59.244,183.86668560006476,-531.1402783811689,-2.9265435066216505,-0.9563310154018125,0.024218596952859155,-0.02776817713663786,0.03684578808841977,183.0,-531.0,0.8779646653385089,183.0,-531.0,2.981128113628538,-0.37551368692939757,0.9631542119115802,0.0,0.0,HOLD
59.296,183.86791410225294,-531.1415896843326,-2.918390091032719,-0.9563310154018125,0.024699916474865663,-0.027610900708107386,0.03704656140289278,183.0,-531.0,0.8793875866754904,183.0,-531.0,2.97987932273142,-0.38491589341544685,0.9629534385971072,0.0,0.0,HOLD
59.348,183.86928897707637,-531.1429922757916,-2.9269254127308675,-0.9563310154018125,0.02530891086634013,-0.02738760489545009,0.03729104277369608,183.0,-531.0,0.8809711213215395,183.0,-531.0,2.9785592746860114,-0.37770061976270775,0.9627089572263039,0.0,0.0,HOLD
59.392,183.87058775717608,-531.144246920794,-2.9270542448865835,-0.9563310154018125,0.025921063623554435,-0.02695039632457638,0.03739285227724808,183.0,-531.0,0.8824569208201772,183.0,-531.0,2.977395251579444,-0.3787358107135592,0.9626071477227519,0.0,0.0,HOLD
59.448,183.87201273931993,-531.1455491453893,-2.9272021089901847,-0.9563310154018125,0.026439917323501018,-0.02628273084852039,0.037280707731068286,183.0,-531.0,0.8840762248017954,183.0,-531.0,2.9762055562680745,-0.37977764192132746,0.9627192922689317,0.0,0.0,HOLD
59.496,183.8733327728522,-531.1467015525536,-2.935715626414208,-0.9563310154018125,0.026811190766385246,-0.02548674395818909,0.03699208115126519,183.0,-531.0,0.8855684488843003,183.0,-531.0,2.9751673984847216,-0.372302282280657,0.9630079188487348,0.0,0.0,HOLD
59.544,183.87475367120473,-531.1478985657508,-2.9358576250523023,-0.9563310154018125,0.026991012909443786,-0.02462320316906927,0.03653514625922584,183.0,-531.0,0.8871685133261263,183.0,-531.0,2.9741021090098863,-0.3732255731173977,0.9634648537407742,0.0,0.0,HOLD
59.592,183.87604965363454,-531.1489781022723,-2.9276325512313535,-0.9563310154018125,0.026994030275164456,-0.023876702529178125,0.03603851542673971,183.0,-531.0,0.8886267329930184,183.0,-531.0,2.973147401611516,-0.38240535433671674,0.9639614845732603,0.0,0.0,HOLD
59.644,183.87743110381282,-531.15014103005,-2.927758118944933,-0.9563310154018125,0.026844342032705443,-0.023347255147900387,0.035576860768061554,183.0,-531.0,0.8901840657092607,183.0,-531.0,2.9721196717896143,-0.383307516445039,0.9644231392319385,0.0,0.0,HOLD
59.696,183.8786823686092,-531.1512185982326,-2.9195046511541842,-0.9563310154018125,0.026572628128094036,-0.023032983844325262,0.035165649580335114,183.0,-531.0,0.8915995566150172,183.0,-531.0,2.9711651077311,-0.3925155482943019,0.9648343504196649,0.0,0.0,HOLD
59.748,183.88001392423868,-531.1524057302634,-2.919614802159106,-0.9563310154018125,0.02623460194329863,-0.02296175124415259,0.034863969356940284,183.0,-531.0,0.8931136621231761,183.0,-531.0,2.970108023171239,-0.39346248184924093,0.9651360306430598,0.0,0.0,HOLD
59.792,183.88122173062996,-531.1535119893537,-2.928126639761287,-0.9563310154018125,0.025859412866214956,-0.02299161084218565,0.034602361233070096,183.0,-531.0,0.8944929677810667,183.0,-531.0,2.969119835868458,-0.38593883154984177,0.9653976387669299,0.0,0.0,HOLD
59.848,183.8825108577006,-531.1547103788092,-2.9198555278106784,-0.9563310154018125,0.025485435184620014,-0.02301062992142898,0.034336518401410915,183.0,-531.0,0.8959691486154723,183.0,-531.0,2.968049072537065,-0.39528070683184247,0.9656634815985891,0.0,0.0,HOLD
59.896,183.8836885351563,-531.1558073330248,-2.936754312723806,-0.9563310154018125,0.025152764317819792,-0.0229555339372468,0.03405316565566083,183.0,-531.0,0.8973189801798301,183.0,-531.0,2.967071579489399,-0.37935941496638126,0.9659468343443391,0.0,0.0,HOLD
59.948,183.8849552152168,-531.1569635058213,-2.9284695051915977,-0.9563310154018125,0.024875027982999176,-0.02270302934352847,0.03367780513228418,183.0,-531.0,0.8987676424410871,183.0,-531.0,2.9660494370256787,-0.3886663649623099,0.9663221948677159,0.0,0.0,HOLD
59.996,183.886122731839,-531.1579980994818,-2.9285479872114264,-0.9563310154018125,0.024681910225952404,-0.022300881181151574,0.0332644854741181,183.0,-531.0,0.900098269813741,183.0,-531.0,2.9651442077522328,-0.3894931122159271,0.9667355145258819,0.0,0.0,HOLD
60.048,183.88739167566297,-531.1590823094924,-2.9286402932552753,-0.9563310154018125,0.024584209692747244,-0.02179314014690433,0.032853071754092966,183.0,-531.0,0.9015382228332709,183.0,-531.0,2.964207328102151,-0.39033768582216055,0.9671469282459071,0.0,0.0,HOLD
60.096,183.8885702587822,-531.160050382245,-2.9203040498285358,-0.9563310154018125,0.024573571544752752,-0.021224404916417677,0.032470537145559156,183.0,-531.0,0.9028694421947475,183.0,-531.0,2.9633822768460076,-0.39949898050504284,0.9675294628544409,0.0,0.0,HOLD
60.148,183.8898594863064,-531.1610830707219,-2.9203841256095884,-0.9563310154018125,0.024650314455317582,-0.020746651021132406,0.03221896229456643,183.0,-531.0,0.9043216579529,183.0,-531.0,2.9625111334328027,-0.4002900481371956,0.9677810377054336,0.0,0.0,HOLD
60.196,183.89105997541054,-531.1620282023268,-2.928925828731695,-0.9563310154018125,0.024776270780382727,-0.020376907782857046,0.032079307420421456,183.0,-531.0,0.9056715840346886,183.0,-531.0,2.9617203625561244,-0.3925391158917666,0.9679206925795786,0.0,0.0,HOLD
60.248,183.89236877396866,-531.1630538989901,-2.9289932192792856,-0.9563310154018125,0.024913797071475813,-0.02014871760033375,0.03204166202706526,183.0,-531.0,0.9071430993675745,183.0,-531.0,2.9608660325943945,-0.3933260553059057,0.9679583379729347,0.0,0.0,HOLD
60.296,183.89358008753223,-531.164011527442,-2.937533528864996,-0.9563310154018125,0.025026462830846398,-0.020079373901470073,0.03208590185889706,183.0,-531.0,0.9085071017707863,183.0,-531.0,2.960068784971985,-0.3855829933426058,0.967914098141103,0.0,0.0,HOLD
60.348,183.89488560909106,-531.1650512129951,-2.937613768976792,-0.9563310154018125,0.025054365178354576,-0.020049476566502654,0.03208898136558849,183.0,-531.0,0.9099792065038791,183.0,-531.0,2.9592040186812483,-0.3863675195215457,0.9679110186344115,0.0,0.0,HOLD
60.396,183.89607681455033,-531.1660115018623,-2.929228277771682,-0.9563310154018125,0.024971210506398347,-0.020034266091491865,0.03201457749181707,183.0,-531.0,0.9113251210875445,183.0,-531.0,2.958404851536619,-0.39555217787128605,0.967985422508183,0.0,0.0,HOLD
60.448,183.89734289426266,-531.1670424772526,-2.929297805205021,-0.9563310154018125,0.024752977200660633,-0.019961530394421577,0.031798939856288316,183.0,-531.0,0.9127581602431076,183.0,-531.0,2.9575469136217527,-0.39634058835281216,0.9682010601437117,0.0,0.0,HOLD
60.496,183.89848142965045,-531.1679731463033,-2.9208900121197003,-0.9563310154018125,0.024391255716334433,-0.019761123251187923,0.031391644550234334,183.0,-531.0,0.9140480607198651,183.0,-531.0,2.9567738801549925,-0.4055214149048929,0.9686083554497656,0.0,0.0,HOLD
60.548,183.8996795070793,-531.1689624523802,-2.9209493344229913,-0.9563310154018125,0.023918298909821264,-0.019503521015600003,0.03086215084444874,183.0,-531.0,0.9154078466851784,183.0,-531.0,2.9559520725977273,-0.4062839001588676,0.9691378491555512,0.0,0.0,HOLD
60.596,183.9007509972604,-531.1698553545863,-2.9295142043253066,-0.9563310154018125,0.023359843528497997,-0.019188033912462883,0.030230165978732824,183.0,-531.0,0.9166259872746427,183.0,-531.0,2.955210451590794,-0.39846065126348584,0.9697698340212672,0.0,0.0,HOLD
60.644,183.90187699968803,-531.1708086911118,-2.929565842382328,-0.9563310154018125,0.022762760787251868,-0.01888891019568339,0.029579286790560776,183.0,-531.0,0.9179094353614665,183.0,-531.0,2.9544171576710947,-0.39920230712616345,0.9704207132094392,0.0,0.0,HOLD
60.696,183.90288957744224,-531.1716898806487,-2.938134291971324,-0.9563310154018125,0.02217917396949499,-0.018703132000614794,0.029012461195175174,183.0,-531.0,0.9190685524872438,183.0,-531.0,2.953680135906411,-0.3913708793018511,0.9709875388048248,0.0,0.0,HOLD
60.748,183.90396128197688,-531.1726471933242,-2.938197190827696,-0.9563310154018125,0.02162985898639065,-0.01860048650085226,0.028527686513973256,183.0,-531.0,0.9203005230227839,183.0,-531.0,2.9528757715329865,-0.3921123448189032,0.9714723134860267,0.0,0.0,HOLD
60.796,183.90493252825115,-531.1735421428131,-2.9297460719983284,-0.9563310154018125,0.021141412424413357,-0.018615989581667963,0.028169387416198982,183.0,-531.0,0.9214226804345391,183.0,-531.0,2.9521194890289615,-0.4013197461522964,0.971830612583801,0.0,0.0,HOLD
60.844,183.90596814782685,-531.1745215887753,-2.9297997438922585,-0.9563310154018125,0.020712434450790348,-0.018692817973862227,0.02790029363075295,183.0,-531.0,0.9226245551823739,183.0,-531.0,2.9512883087541804,-0.4020972545331478,0.972099706369247,0.0,0.0,HOLD
60.896,183.9069085975847,-531.1754232616678,-2.9213279021429206,-0.9563310154018125,0.020320528543993445,-0.018725029857461717,0.027632419790349253,183.0,-531.0,0.9237188560959543,183.0,-531.0,2.9505223815112953,-0.4113350235253703,0.9723675802096508,0.0,0.0,HOLD
60.948,183.9079111521347,-531.1763948895352,-2.9299189420588836,-0.9563310154018125,0.019956306870797975,-0.018711072361294802,0.02735614031311926,183.0,-531.0,0.9248880025304048,183.0,-531.0,2.949696821128778,-0.40356954399192446,0.9726438596868807,0.0,0.0,HOLD
60.996,183.90881827980073,-531.1772740817871,-2.9299605495468395,-0.9563310154018125,0.019586072030888232,-0.018572973871515283,0.026992028008860906,183.0,-531.0,0.9259464162538876,183.0,-531.0,2.9489515872884295,-0.4042731703443172,0.9730079719911391,0.0,0.0,HOLD
61.048,183.90977822228623,-531.1782031219583,-2.930008104251487,-0.9563310154018125,0.019192098164844375,-0.018325588014760388,0.02653608501749556,183.0,-531.0,0.9270667540269057,183.0,-531.0,2.9481662369469186,-0.40501096598118025,0.9734639149825044,0.0,0.0,HOLD
61.096,183.91064165979222,-531.1790449499803,-2.9386099920342073,-0.9563310154018125,0.01877076228828315,-0.018049961536500483,0.026041171792996944,183.0,-531.0,0.9280761427073555,183.0,-531.0,2.9474549192487682,-0.39712039589661075,0.9739588282070031,0.0,0.0,HOLD
61.148,183.91154811038575,-531.1799384232149,-2.9386605566252713,-0.9563310154018125,0.01830210525154705,-0.017746237155150096,0.02549305767862176,183.0,-531.0,0.9291381994606142,183.0,-531.0,2.9466995785271166,-0.3978251720271988,0.9745069423213782,0.0,0.0,HOLD
61.196,183.91235685530341,-531.1807584810928,-2.930157522958714,-0.9563310154018125,0.017793466771463325,-0.017514642843368393,0.024967382195134617,183.0,-531.0,0.9300906729486648,183.0,-531.0,2.946002968977569,-0.4070248152433038,0.9750326178048654,0.0,0.0,HOLD
61.248,183.91320019656965,-531.1816489307695,-2.9387738794449505,-0.9563310154018125,0.0172420888472486,-0.0173779291337864,0.024480237923584742,183.0,-531.0,0.9310912592568676,183.0,-531.0,2.9452408819325373,-0.39917054580209843,0.9755197620764152,0.0,0.0,HOLD
61.296,183.9139452460494,-531.1824715622241,-2.9216612139488327,-0.9563310154018125,0.016640010207198835,-0.017294008293705417,0.023999430463209605,183.0,-531.0,0.9319827164689266,183.0,-531.0,2.9445311359955295,-0.416992957235224,0.9760005695367904,0.0,0.0,HOLD
61.348,183.9147155362543,-531.1833704694426,-2.9216956865895587,-0.9563310154018125,0.016000652244662662,-0.017291442438305576,0.0235587532321187,183.0,-531.0,0.9329143804919076,183.0,-531.0,2.943747895903981,-0.41774172468604664,0.9764412467678814,0.0,0.0,HOLD
61.396,183.91538983640285,-531.1841986243509,-2.9303198369817363,-0.9563310154018125,0.015317195875512384,-0.017278067124416013,0.02308999984938586,183.0,-531.0,0.9337385532376786,183.0,-531.0,2.9430202172822892,-0.4098452529155612,0.9769100001506141,0.0,0.0,HOLD
61.448,183.91607960639266,-531.1850880240715,-2.9303577922371096,-0.9563310154018125,0.014598859942768869,-0.017217087904657417,0.022573321145664016,183.0,-531.0,0.9345905102788251,183.0,-531.0,2.94223286557582,-0.41059464936665613,0.977426678854336,0.0,0.0,HOLD
61.492,183.9166798976121,-531.185900995403,-2.9389965860339458,-0.9563310154018125,0.013866382437999886,-0.017119023096663827,0.0220303770667,183.0,-531.0,0.9353401599300579,183.0,-531.0,2.941508009977215,-0.40268071116842563,0.9779696229333,0.0,0.0,HOLD
61.548,183.91729043588103,-531.1867612068681,-2.9390382187308686,-0.9563310154018125,0.0131225407793246,-0.01691724987424266,0.021410147589696817,183.0,-531.0,0.9361097650113751,183.0,-531.0,2.9407370488570748,-0.4034100395916429,0.9785898524103032,0.0,0.0,HOLD
61.596,183.91782032421528,-531.1875395006996,-2.9304710040564212,-0.9563310154018125,0.012393420610511987,-0.016671271605876566,0.020773256157520646,183.0,-531.0,0.9367845066317548,183.0,-531.0,2.940035787909812,-0.4126785152133525,0.9792267438424793,0.0,0.0,HOLD
61.644,183.9183606438956,-531.1883658925237,-2.930505281350237,-0.9563310154018125,0.011692490475852803,-0.016398579206355984,0.020140201923392907,183.0,-531.0,0.9374795900298828,183.0,-531.0,2.9392875121730633,-0.4133925136562855,0.9798597980766071,0.0,0.0,HOLD
61.692,183.91882991446616,-531.1891105219709,-2.921919459738774,-0.9563310154018125,0.011021883386320454,-0.016088666202761906,0.019501976657906758,183.0,-531.0,0.9380891222255908,183.0,-531.0,2.9386104401084134,-0.4226554073323987,0.9804980233420932,0.0,0.0,HOLD
61.748,183.91931045718655,-531.1899076992247,-2.9305821585407252,-0.9563310154018125,0.010398646357621309,-0.015823249163437476,0.018934282668194635,183.0,-531.0,0.9387207523632217,183.0,-531.0,2.9378818550926296,-0.414721293546231,0.9810657173318054,0.0,0.0,HOLD
61.796,183.91972883737387,-531.1906321084632,-2.9306138148618843,-0.9563310154018125,0.009809808998274865,-0.015567262653636692,0.018400326603349903,183.0,-531.0,0.9392772407943316,183.0,-531.0,2.937216673342737,-0.41535481897496496,0.9815996733966501,0.0,0.0,HOLD
61.848,183.92015563034525,-531.1914058630105,-2.9306405499354273,-0.9563310154018125,0.009249020848564743,-0.015326684023686886,0.017901162806340937,183.0,-531.0,0.939852429081737,183.0,-531.0,2.9365026986782023,-0.41604205856595655,0.9820988371936591,0.0,0.0,HOLD
61.896,183.9205260340922,-531.1921139808236,-2.9393185958379022,-0.9563310154018125,0.008712724206455004,-0.015125703669490766,0.017455614414708907,183.0,-531.0,0.9403594850212398,183.0,-531.0,2.935845670225387,-0.40802104111629767,0.9825443855852911,0.0,0.0,HOLD
61.948,183.920899123191,-531.192864552128,-2.9393536992221607,-0.9563310154018125,0.008174447360645048,-0.014883629626091488,0.01698069552458394,183.0,-531.0,0.9408782761661869,183.0,-531.0,2.9351457717475906,-0.4086858362098349,0.9830193044754161,0.0,0.0,HOLD
61.996,183.92121702455265,-531.1935432790626,-2.930733245049884,-0.9563310154018125,0.007631421546483613,-0.014623409822232009,0.016494929816434075,183.0,-531.0,0.9413287455485166,183.0,-531.0,2.9345092779040356,-0.41794278422566666,0.9835050701835659,0.0,0.0,HOLD
62.048,183.92153092912997,-531.1942584781591,-2.9307614524568364,-0.9563310154018125,0.007073243275672944,-0.01431905645688392,0.015970790470489604,183.0,-531.0,0.9417832073677246,183.0,-531.0,2.933834623776749,-0.41858923094600087,0.9840292095295105,0.0,0.0,HOLD
62.096,183.92179039106634,-531.1948920254005,-2.9394660527893812,-0.9563310154018125,0.006489518081858124,-0.013927001998586038,0.015364739815674818,183.0,-531.0,0.9421679397150634,183.0,-531.0,2.9332334517473377,-0.41048580264286727,0.9846352601843252,0.0,0.0,HOLD
62.148,183.92203973725466,-531.1955549345743,-2.922144428595243,-0.9563310154018125,0.005896478405403179,-0.013514439968873462,0.014744780271596812,183.0,-531.0,0.9425492080061358,183.0,-531.0,2.9326000703848987,-0.4284408081994444,0.9852552197284032,0.0,0.0,HOLD
62.192,183.922240089021,-531.1961409680092,-2.930847806941253,-0.9563310154018125,0.005293609259624856,-0.01305754644299086,0.014089777077883428,183.0,-531.0,0.9428669371279456,183.0,-531.0,2.932036137427946,-0.4203013628103873,0.9859102229221166,0.0,0.0,HOLD
62.248,183.9224265979766,-531.1967507793992,-2.930873613293651,-0.9563310154018125,0.004696194758423231,-0.012591904927990517,0.01343913371183551,183.0,-531.0,0.9431763874529814,183.0,-531.0,2.9314448673207147,-0.42086682656522,0.9865608662881645,0.0,0.0,HOLD
62.296,183.9225738628289,-531.1972984170683,-2.939592311503201,-0.9563310154018125,0.004126332807677207,-0.012177929540490566,0.012858016578495536,183.0,-531.0,0.9434347872283935,183.0,-531.0,2.930909727401591,-0.41268326827479385,0.9871419834215045,0.0,0.0,HOLD
62.348,183.92270770171305,-531.1978706037128,-2.939622505118346,-0.9563310154018125,0.0035829549683289866,-0.011766910462309974,0.012300314960727358,183.0,-531.0,0.9436854765303099,183.0,-531.0,2.930346462148331,-0.41321633991290874,0.9876996850392726,0.0,0.0,HOLD
62.392,183.92281094340584,-531.19838445595,-2.9309508804924964,-0.9563310154018125,0.003081724739298568,-0.011395331030017618,0.011804685368635931,183.0,-531.0,0.9438942894371862,183.0,-531.0,2.9298371021999436,-0.4223973244871466,0.9881953146313641,0.0,0.0,HOLD
62.448,183.92290301023834,-531.1989228308478,-2.9309744986639177,-0.9563310154018125,0.0026228016839629897,-0.011030642366341324,0.011338172678501734,183.0,-531.0,0.9440975897329096,183.0,-531.0,2.9293000823014648,-0.42291072621420334,0.9886618273214982,0.0,0.0,HOLD
62.496,183.92297039872713,-531.1993939743412,-2.9397194438614496,-0.9563310154018125,0.002196195491984057,-0.010605338844366957,0.010830350254855554,183.0,-531.0,0.9442628415489513,183.0,-531.0,2.9288273667980413,-0.4146384965200953,0.9891696497451444,0.0,0.0,HOLD
62.548,183.92302737327128,-531.1998781936046,-2.9223023849635816,-0.9563310154018125,0.0018110095784982228,-0.010152638367868257,0.010312895884382956,183.0,-531.0,0.9444208935039089,183.0,-531.0,2.9283389515802685,-0.43254397063573613,0.989687104115617,0.0,0.0,HOLD
62.596,183.9230654008588,-531.2002924973651,-2.931049801640544,-0.9563310154018125,0.00145444071836871,-0.00962017985958543,0.009729504526645847,183.0,-531.0,0.9445458267142903,183.0,-531.0,2.9279187808097733,-0.42421672472926897,0.9902704954733541,0.0,0.0,HOLD
62.648,183.9230925011605,-531.200704638058,-2.931068756944736,-0.9563310154018125,0.0011277923438177766,-0.009027140803260754,0.00909731755259039,183.0,-531.0,0.9446597892557784,183.0,-531.0,2.9274985011156085,-0.4246180491192417,0.9909026824474096,0.0,0.0,HOLD
62.696,183.92310719347572,-531.2010569917726,-2.9398288900108613,-0.9563310154018125,0.0008401964885140457,-0.00843688735746078,0.00847862007768911,183.0,-531.0,0.9447490696408516,183.0,-531.0,2.927137360077387,-0.4162190570913378,0.9915213799223109,0.0,0.0,HOLD
62.748,183.92311229129385,-531.2014043877994,-2.9398551730225666,-0.9563310154018125,0.0005804399549615347,-0.00782221927021352,0.00784372518976892,183.0,-531.0,0.9448280424302672,183.0,-531.0,2.926779249249357,-0.4165508849076627,0.992156274810231,0.0,0.0,HOLD
62.792,183.92310951893504,-531.2017013859297,-2.931133789078751,-0.9563310154018125,0.0003570708543885648,-0.007250053892790644,0.007258841577236863,183.0,-531.0,0.9448886881714895,183.0,-531.0,2.9264715273353628,-0.42557999076547226,0.9927411584227631,0.0,0.0,HOLD
62.848,183.92309966658087,-531.2019996076931,-2.931153779540865,-0.9563310154018125,0.00016578213306754316,-0.006719796899265694,0.006721841569319026,183.0,-531.0,0.9449427686108157,183.0,-531.0,2.9261609783062914,-0.42587054933242996,0.993278158430681,0.0,0.0,HOLD
62.896,183.92308406385627,-531.2022488657107,-2.9399398854650904,-0.9563310154018125,-6.011480396434215e-06,-0.006185374362573488,0.006185377283810418,183.0,-531.0,0.944980842465415,183.0,-531.0,2.9258997755458975,-0.4173456461685987,0.9938146227161896,0.0,0.0,HOLD
62.948,183.92306218318245,-531.2024962106502,-2.9224289315068552,-0.9563310154018125,-0.00015118122830845224,-0.00568531504429395,0.005687324759205155,183.0,-531.0,0.9450124387272661,183.0,-531.0,2.9256391477124737,-0.43511722796025687,0.9943126752407948,0.0,0.0,HOLD
62.996,183.9230368230204,-531.2026965575513,-2.931215531309841,-0.9563310154018125,-0.00028318564672312794,-0.005156317599488659,0.0051640880412040305,183.0,-531.0,0.9450306191308057,183.0,-531.0,2.925426321278523,-0.4265434545912221,0.994835911958796,0.0,0.0,HOLD
63.048,183.923004670777,-531.2028812366854,-2.9312340165452277,-0.9563310154018125,-0.0004004800008940735,-0.004594639072417306,0.0046120594572164695,183.0,-531.0,0.9450388449556696,183.0,-531.0,2.9252281523777683,-0.42672313825659014,0.9953879405427836,0.0,0.0,HOLD
63.096,183.92297292904834,-531.2030253280398,-2.922472399944111,-0.9563310154018125,-0.000491762105411078,-0.0040371815229062295,0.004067021590453363,183.0,-531.0,0.9450387884006279,183.0,-531.0,2.92507202534818,-0.435640881887295,0.9959329784095466,0.0,0.0,HOLD
63.148,183.92293669934142,-531.2031460308966,-2.9400593411223968,-0.9563310154018125,-0.0005634991651050706,-0.0034365910649182627,0.0034824832313379702,183.0,-531.0,0.9450293439149312,183.0,-531.0,2.924939047597394,-0.4181869184597957,0.9965175167686621,0.0,0.0,HOLD
63.196,183.9229045993022,-531.2032306957839,-2.931289527990986,-0.9563310154018125,-0.0006003372433010638,-0.0028511323284231543,0.0029136506928377597,183.0,-531.0,0.9450161983383941,183.0,-531.0,2.9248442493024323,-0.42705152988616746,0.9970863493071622,0.0,0.0,HOLD
63.248,183.92287369046767,-531.2032949799429,-2.931306705545793,-0.9563310154018125,-0.0005982594405714915,-0.0022859178533432226,0.002362908121460968,183.0,-531.0,0.9449998399086705,183.0,-531.0,2.924770781419023,-0.42710782021477023,0.997637091878539,0.0,0.0,HOLD
63.296,183.92284996999172,-531.2033260102268,-2.940134493713518,-0.9563310154018125,-0.0005618304401841175,-0.0017121090908719962,0.0018019353436136416,183.0,-531.0,0.9449833509371711,183.0,-531.0,2.9247333133958393,-0.41831750007022883,0.9981980646563864,0.0,0.0,HOLD
63.348,183.92283320691035,-531.203337415014,-2.9225312743078917,-0.9563310154018125,-0.000478018218364663,-0.0011896338997520858,0.0012820804313801388,183.0,-531.0,0.9449694344903455,183.0,-531.0,2.924717710278194,-0.43593632259350024,0.9987179195686199,0.0,0.0,HOLD
63.392,183.92283320691035,-531.203337415014,-2.9225312743078917,-0.9563310154018125,-0.000478018218364663,-0.0011896338997520858,0.0012820804313801388,183.0,-531.0,0.9449694344903455,183.0,-531.0,2.924717710278194,-0.43593632259350024,0.9987179195686199,0.0,0.0,SUCCESS
